image_id,case_id,record_type,status,label,evidence_strength,source_url,original_image_url,notes,license_verified_date,image_license,copyright_holder,license_source_url,redistribution_status,license_basis
PC_000001,CASE_0001,direct_image_reference,reference_verified,FALSIFIED,E3,https://www.fda.gov/drugs/drug-alerts-and-statements/counterfeit-version-botox-found-multiple-states,https://www.fda.gov/files/Botulinum.png,,2026-09-07,public_domain,"U.S. Food and Drug Administration, unless otherwise noted",https://www.fda.gov/about-fda/about-website/website-policies,permitted_pending_per_image_exception_check,FDA website policy states FDA website text and graphics are public domain unless otherwise noted.
PC_000002,CASE_0001,direct_image_reference,reference_verified,FALSIFIED,E3,https://www.fda.gov/drugs/drug-alerts-and-statements/counterfeit-version-botox-found-multiple-states,https://www.fda.gov/files/B2.png,,2026-09-07,public_domain,"U.S. Food and Drug Administration, unless otherwise noted",https://www.fda.gov/about-fda/about-website/website-policies,permitted_pending_per_image_exception_check,FDA website policy states FDA website text and graphics are public domain unless otherwise noted.
PC_000003,CASE_0001,direct_image_reference,reference_verified,FALSIFIED,E3,https://www.fda.gov/drugs/drug-alerts-and-statements/counterfeit-version-botox-found-multiple-states,https://www.fda.gov/files/B4.png,,2026-09-07,public_domain,"U.S. Food and Drug Administration, unless otherwise noted",https://www.fda.gov/about-fda/about-website/website-policies,permitted_pending_per_image_exception_check,FDA website policy states FDA website text and graphics are public domain unless otherwise noted.
PC_000004,CASE_0001,direct_image_reference,reference_verified,FALSIFIED,E3,https://www.fda.gov/drugs/drug-alerts-and-statements/counterfeit-version-botox-found-multiple-states,https://www.fda.gov/files/Allergan.png,,2026-09-07,public_domain,"U.S. Food and Drug Administration, unless otherwise noted",https://www.fda.gov/about-fda/about-website/website-policies,permitted_pending_per_image_exception_check,FDA website policy states FDA website text and graphics are public domain unless otherwise noted.
PC_000005,CASE_0001,direct_image_reference,reference_verified,FALSIFIED,E3,https://www.fda.gov/drugs/drug-alerts-and-statements/counterfeit-version-botox-found-multiple-states,https://www.fda.gov/files/150Units.png,,2026-09-07,public_domain,"U.S. Food and Drug Administration, unless otherwise noted",https://www.fda.gov/about-fda/about-website/website-policies,permitted_pending_per_image_exception_check,FDA website policy states FDA website text and graphics are public domain unless otherwise noted.
PC_000006,CASE_0001,direct_image_reference,reference_verified,FALSIFIED,E3,https://www.fda.gov/drugs/drug-alerts-and-statements/counterfeit-version-botox-found-multiple-states,https://www.fda.gov/files/Botox2.png,,2026-09-07,public_domain,"U.S. Food and Drug Administration, unless otherwise noted",https://www.fda.gov/about-fda/about-website/website-policies,permitted_pending_per_image_exception_check,FDA website policy states FDA website text and graphics are public domain unless otherwise noted.
PC_000007,CASE_0001,direct_image_reference,reference_verified,AUTHENTIC,E3,https://www.fda.gov/drugs/drug-alerts-and-statements/counterfeit-version-botox-found-multiple-states,https://www.fda.gov/files/100-allergan-toxina_0.png,FDA explicitly presents these as authentic FDA-approved Botox outer cartons.,2026-09-07,public_domain,"U.S. Food and Drug Administration, unless otherwise noted",https://www.fda.gov/about-fda/about-website/website-policies,permitted_pending_per_image_exception_check,FDA website policy states FDA website text and graphics are public domain unless otherwise noted.
PC_000008,CASE_0001,direct_image_reference,reference_verified,AUTHENTIC,E3,https://www.fda.gov/drugs/drug-alerts-and-statements/counterfeit-version-botox-found-multiple-states,https://www.fda.gov/files/100-abbvie.png,FDA explicitly presents these as authentic FDA-approved Botox outer cartons.,2026-09-07,public_domain,"U.S. Food and Drug Administration, unless otherwise noted",https://www.fda.gov/about-fda/about-website/website-policies,permitted_pending_per_image_exception_check,FDA website policy states FDA website text and graphics are public domain unless otherwise noted.
PC_000009,CASE_0001,direct_image_reference,reference_verified,AUTHENTIC,E3,https://www.fda.gov/drugs/drug-alerts-and-statements/counterfeit-version-botox-found-multiple-states,https://www.fda.gov/files/200-allergan.png,FDA explicitly presents these as authentic FDA-approved Botox outer cartons.,2026-09-07,public_domain,"U.S. Food and Drug Administration, unless otherwise noted",https://www.fda.gov/about-fda/about-website/website-policies,permitted_pending_per_image_exception_check,FDA website policy states FDA website text and graphics are public domain unless otherwise noted.
PC_000010,CASE_0001,direct_image_reference,reference_verified,AUTHENTIC,E3,https://www.fda.gov/drugs/drug-alerts-and-statements/counterfeit-version-botox-found-multiple-states,https://www.fda.gov/files/200-abbvie.png,FDA explicitly presents these as authentic FDA-approved Botox outer cartons.,2026-09-07,public_domain,"U.S. Food and Drug Administration, unless otherwise noted",https://www.fda.gov/about-fda/about-website/website-policies,permitted_pending_per_image_exception_check,FDA website policy states FDA website text and graphics are public domain unless otherwise noted.
PC_000011,CASE_0001,direct_image_reference,reference_verified,AUTHENTIC,E3,https://www.fda.gov/drugs/drug-alerts-and-statements/counterfeit-version-botox-found-multiple-states,https://www.fda.gov/files/50-allergan.png,FDA explicitly presents these as authentic FDA-approved Botox outer cartons.,2026-09-07,public_domain,"U.S. Food and Drug Administration, unless otherwise noted",https://www.fda.gov/about-fda/about-website/website-policies,permitted_pending_per_image_exception_check,FDA website policy states FDA website text and graphics are public domain unless otherwise noted.
PC_000012,CASE_0001,direct_image_reference,reference_verified,AUTHENTIC,E3,https://www.fda.gov/drugs/drug-alerts-and-statements/counterfeit-version-botox-found-multiple-states,https://www.fda.gov/files/50-allergan-aesthetics.png,FDA explicitly presents these as authentic FDA-approved Botox outer cartons.,2026-09-07,public_domain,"U.S. Food and Drug Administration, unless otherwise noted",https://www.fda.gov/about-fda/about-website/website-policies,permitted_pending_per_image_exception_check,FDA website policy states FDA website text and graphics are public domain unless otherwise noted.
PC_000013,CASE_0001,direct_image_reference,reference_verified,AUTHENTIC,E3,https://www.fda.gov/drugs/drug-alerts-and-statements/counterfeit-version-botox-found-multiple-states,https://www.fda.gov/files/100-allergan.png,FDA explicitly presents these as authentic FDA-approved Botox outer cartons.,2026-09-07,public_domain,"U.S. Food and Drug Administration, unless otherwise noted",https://www.fda.gov/about-fda/about-website/website-policies,permitted_pending_per_image_exception_check,FDA website policy states FDA website text and graphics are public domain unless otherwise noted.
PC_000014,CASE_0001,direct_image_reference,reference_verified,AUTHENTIC,E3,https://www.fda.gov/drugs/drug-alerts-and-statements/counterfeit-version-botox-found-multiple-states,https://www.fda.gov/files/100-allergan-aesthetics.png,FDA explicitly presents these as authentic FDA-approved Botox outer cartons.,2026-09-07,public_domain,"U.S. Food and Drug Administration, unless otherwise noted",https://www.fda.gov/about-fda/about-website/website-policies,permitted_pending_per_image_exception_check,FDA website policy states FDA website text and graphics are public domain unless otherwise noted.
PC_000015,CASE_0002,direct_image_reference,reference_verified,AUTHENTIC,E3,https://www.fda.gov/drugs/drug-safety-and-availability/counterfeit-version-botox-found-united-states,https://www.fda.gov/media/91361/download,,2026-09-07,public_domain,"U.S. Food and Drug Administration, unless otherwise noted",https://www.fda.gov/about-fda/about-website/website-policies,permitted_pending_per_image_exception_check,FDA website policy states FDA website text and graphics are public domain unless otherwise noted.
PC_000016,CASE_0002,direct_image_reference,reference_verified,FALSIFIED,E3,https://www.fda.gov/drugs/drug-safety-and-availability/counterfeit-version-botox-found-united-states,https://www.fda.gov/media/91395/download,,2026-09-07,public_domain,"U.S. Food and Drug Administration, unless otherwise noted",https://www.fda.gov/about-fda/about-website/website-policies,permitted_pending_per_image_exception_check,FDA website policy states FDA website text and graphics are public domain unless otherwise noted.
PC_000017,CASE_0002,direct_image_reference,reference_verified,FALSIFIED,E3,https://www.fda.gov/drugs/drug-safety-and-availability/counterfeit-version-botox-found-united-states,https://www.fda.gov/media/91378/download,,2026-09-07,public_domain,"U.S. Food and Drug Administration, unless otherwise noted",https://www.fda.gov/about-fda/about-website/website-policies,permitted_pending_per_image_exception_check,FDA website policy states FDA website text and graphics are public domain unless otherwise noted.
PC_000018,CASE_0002,direct_image_reference,reference_verified,FALSIFIED,E3,https://www.fda.gov/drugs/drug-safety-and-availability/counterfeit-version-botox-found-united-states,https://www.fda.gov/media/91422/download,,2026-09-07,public_domain,"U.S. Food and Drug Administration, unless otherwise noted",https://www.fda.gov/about-fda/about-website/website-policies,permitted_pending_per_image_exception_check,FDA website policy states FDA website text and graphics are public domain unless otherwise noted.
PC_000019,CASE_0002,direct_image_reference,reference_verified,FALSIFIED,E3,https://www.fda.gov/drugs/drug-safety-and-availability/counterfeit-version-botox-found-united-states,https://www.fda.gov/media/91431/download,,2026-09-07,public_domain,"U.S. Food and Drug Administration, unless otherwise noted",https://www.fda.gov/about-fda/about-website/website-policies,permitted_pending_per_image_exception_check,FDA website policy states FDA website text and graphics are public domain unless otherwise noted.
PC_000020,CASE_0003,direct_image_reference,reference_verified,FALSIFIED,E3,https://www.who.int/news/item/01-02-2019-medical-product-alert-n-1-2019,https://www.who.int/images/default-source/departments/essential-medicines/2019-drugs-alert/drug-alert-1/photo1verorab-h1833-10-2020-en.jpg?sfvrsn=796eaebc_2,,2026-09-07,unknown_permission_required,WHO or credited third party; image-level ownership not established,https://www.who.int/about/policies/publishing/copyright,metadata_only_permission_required,WHO states copyrighted photos/figures require permission unless covered by an applicable CC license; third-party material is not automatically covered.
PC_000021,CASE_0003,direct_image_reference,reference_verified,FALSIFIED,E3,https://www.who.int/news/item/01-02-2019-medical-product-alert-n-1-2019,https://www.who.int/images/default-source/departments/essential-medicines/2019-drugs-alert/drug-alert-1/photo2verorab-h1833-10-2020-en.jpg?sfvrsn=a1a4b7ea_2,,2026-09-07,unknown_permission_required,WHO or credited third party; image-level ownership not established,https://www.who.int/about/policies/publishing/copyright,metadata_only_permission_required,WHO states copyrighted photos/figures require permission unless covered by an applicable CC license; third-party material is not automatically covered.
PC_000022,CASE_0003,direct_image_reference,reference_verified,FALSIFIED,E3,https://www.who.int/news/item/01-02-2019-medical-product-alert-n-1-2019,https://www.who.int/images/default-source/departments/essential-medicines/2019-drugs-alert/drug-alert-1/photo3verorab-h7720-10-2020or10-2021-en.jpg?sfvrsn=3c5b909e_2,,2026-09-07,unknown_permission_required,WHO or credited third party; image-level ownership not established,https://www.who.int/about/policies/publishing/copyright,metadata_only_permission_required,WHO states copyrighted photos/figures require permission unless covered by an applicable CC license; third-party material is not automatically covered.
PC_000023,CASE_0003,direct_image_reference,reference_verified,FALSIFIED,E3,https://www.who.int/news/item/01-02-2019-medical-product-alert-n-1-2019,https://www.who.int/images/default-source/departments/essential-medicines/2019-drugs-alert/drug-alert-1/verorab-nie35-04-2019-en.jpg?sfvrsn=bc02610e_2,,2026-09-07,unknown_permission_required,WHO or credited third party; image-level ownership not established,https://www.who.int/about/policies/publishing/copyright,metadata_only_permission_required,WHO states copyrighted photos/figures require permission unless covered by an applicable CC license; third-party material is not automatically covered.
PC_000024,CASE_0004,direct_image_reference,reference_verified,FALSIFIED,E3,https://www.who.int/news/item/16-10-2019-medical-product-alert-n-10-2019-(english-version),https://www.who.int/images/default-source/departments/essential-medicines/2019-drugs-alert/drug-alert-10/en-quinine-sulphate-bp300mg-batch7711006.jpg?sfvrsn=e05c200d_2,,2026-09-07,unknown_permission_required,WHO or credited third party; image-level ownership not established,https://www.who.int/about/policies/publishing/copyright,metadata_only_permission_required,WHO states copyrighted photos/figures require permission unless covered by an applicable CC license; third-party material is not automatically covered.
PC_000025,CASE_0004,direct_image_reference,reference_verified,FALSIFIED,E3,https://www.who.int/news/item/16-10-2019-medical-product-alert-n-10-2019-(english-version),https://www.who.int/images/default-source/departments/essential-medicines/2019-drugs-alert/drug-alert-10/en-quinine-sulphate-bp800mgbatch-number00952005.jpg?sfvrsn=c7c13c56_2,,2026-09-07,unknown_permission_required,WHO or credited third party; image-level ownership not established,https://www.who.int/about/policies/publishing/copyright,metadata_only_permission_required,WHO states copyrighted photos/figures require permission unless covered by an applicable CC license; third-party material is not automatically covered.
PC_000026,CASE_0004,direct_image_reference,reference_verified,FALSIFIED,E3,https://www.who.int/news/item/16-10-2019-medical-product-alert-n-10-2019-(english-version),https://www.who.int/images/default-source/departments/essential-medicines/2019-drugs-alert/drug-alert-10/en-quinine-bisulphate-bp300mgbatch-number7422.jpg?sfvrsn=85f520d9_2,,2026-09-07,unknown_permission_required,WHO or credited third party; image-level ownership not established,https://www.who.int/about/policies/publishing/copyright,metadata_only_permission_required,WHO states copyrighted photos/figures require permission unless covered by an applicable CC license; third-party material is not automatically covered.
PC_000027,CASE_0004,direct_image_reference,reference_verified,FALSIFIED,E3,https://www.who.int/news/item/16-10-2019-medical-product-alert-n-10-2019-(english-version),https://www.who.int/images/default-source/departments/essential-medicines/2019-drugs-alert/drug-alert-10/en-quinine-sulphate-bp800mgbatch-number7711004.jpg?sfvrsn=e0f53637_2,,2026-09-07,unknown_permission_required,WHO or credited third party; image-level ownership not established,https://www.who.int/about/policies/publishing/copyright,metadata_only_permission_required,WHO states copyrighted photos/figures require permission unless covered by an applicable CC license; third-party material is not automatically covered.
PC_000028,CASE_0005,direct_image_reference,reference_verified,FALSIFIED,E3,https://www.who.int/news/item/09-03-2020-medical-product-alert-n-1-2020-english-version,https://www.who.int/images/default-source/departments/essential-medicines/2019-drugs-alert/2020/3-bottlesb86fd88060c04ec894a8dcc53941af66.jpg?sfvrsn=496b352f_1,,2026-09-07,unknown_permission_required,WHO or credited third party; image-level ownership not established,https://www.who.int/about/policies/publishing/copyright,metadata_only_permission_required,WHO states copyrighted photos/figures require permission unless covered by an applicable CC license; third-party material is not automatically covered.
PC_000029,CASE_0005,direct_image_reference,reference_verified,FALSIFIED,E3,https://www.who.int/news/item/09-03-2020-medical-product-alert-n-1-2020-english-version,https://www.who.int/images/default-source/departments/essential-medicines/2019-drugs-alert/2020/falsified-quninine-modfied-picture-part.jpg?sfvrsn=ae4892d2_1,,2026-09-07,unknown_permission_required,WHO or credited third party; image-level ownership not established,https://www.who.int/about/policies/publishing/copyright,metadata_only_permission_required,WHO states copyrighted photos/figures require permission unless covered by an applicable CC license; third-party material is not automatically covered.
PC_000030,CASE_0005,direct_image_reference,reference_verified,FALSIFIED,E3,https://www.who.int/news/item/09-03-2020-medical-product-alert-n-1-2020-english-version,https://cdn.who.int/media/images/default-source/health-topics/essential-medicines/chad-tablets-labels.jpg?sfvrsn=4fad69d0_1,,2026-09-07,unknown_permission_required,WHO or credited third party; image-level ownership not established,https://www.who.int/about/policies/publishing/copyright,metadata_only_permission_required,WHO states copyrighted photos/figures require permission unless covered by an applicable CC license; third-party material is not automatically covered.
PC_000031,CASE_0005,direct_image_reference,reference_verified,FALSIFIED,E3,https://www.who.int/news/item/09-03-2020-medical-product-alert-n-1-2020-english-version,https://www.who.int/images/default-source/departments/essential-medicines/2019-drugs-alert/2020/quininesulphate-remedica-44680-two-exp-dates.tmb-340v.jpg?Culture=en&sfvrsn=636f5f0f_2,,2026-09-07,unknown_permission_required,WHO or credited third party; image-level ownership not established,https://www.who.int/about/policies/publishing/copyright,metadata_only_permission_required,WHO states copyrighted photos/figures require permission unless covered by an applicable CC license; third-party material is not automatically covered.
PC_000032,CASE_0005,direct_image_reference,reference_verified,FALSIFIED,E3,https://www.who.int/news/item/09-03-2020-medical-product-alert-n-1-2020-english-version,https://www.who.int/images/default-source/departments/essential-medicines/2019-drugs-alert/2020/quininesulphate-44680-10-2020.tmb-300v.jpg?Culture=en&sfvrsn=3772d81b_2,,2026-09-07,unknown_permission_required,WHO or credited third party; image-level ownership not established,https://www.who.int/about/policies/publishing/copyright,metadata_only_permission_required,WHO states copyrighted photos/figures require permission unless covered by an applicable CC license; third-party material is not automatically covered.
PC_000033,CASE_0006,direct_image_reference,reference_verified,UNVERIFIED,E3,https://www.fda.gov/drugs/drug-alerts-and-statements/fda-warns-consumers-not-use-counterfeit-ozempic-semaglutide-found-us-drug-supply-chain,https://www.fda.gov/files/Ozempic%20Real%20vs%20Counterfeit.png,"Official comparison/alert image; some files contain both authentic and counterfeit content, so not assigned a binary image label without segmentation.",2026-09-07,public_domain,"U.S. Food and Drug Administration, unless otherwise noted",https://www.fda.gov/about-fda/about-website/website-policies,permitted_pending_per_image_exception_check,FDA website policy states FDA website text and graphics are public domain unless otherwise noted.
PC_000034,CASE_0006,direct_image_reference,reference_verified,UNVERIFIED,E3,https://www.fda.gov/drugs/drug-alerts-and-statements/fda-warns-consumers-not-use-counterfeit-ozempic-semaglutide-found-us-drug-supply-chain,https://www.fda.gov/files/Counterfeit%20Ozempic%20Label.png,"Official comparison/alert image; some files contain both authentic and counterfeit content, so not assigned a binary image label without segmentation.",2026-09-07,public_domain,"U.S. Food and Drug Administration, unless otherwise noted",https://www.fda.gov/about-fda/about-website/website-policies,permitted_pending_per_image_exception_check,FDA website policy states FDA website text and graphics are public domain unless otherwise noted.
PC_000035,CASE_0006,direct_image_reference,reference_verified,UNVERIFIED,E3,https://www.fda.gov/drugs/drug-alerts-and-statements/fda-warns-consumers-not-use-counterfeit-ozempic-semaglutide-found-us-drug-supply-chain,https://www.fda.gov/files/counterfeit_Ozempic_label_0.png,"Official comparison/alert image; some files contain both authentic and counterfeit content, so not assigned a binary image label without segmentation.",2026-09-07,public_domain,"U.S. Food and Drug Administration, unless otherwise noted",https://www.fda.gov/about-fda/about-website/website-policies,permitted_pending_per_image_exception_check,FDA website policy states FDA website text and graphics are public domain unless otherwise noted.
PC_000036,CASE_0006,direct_image_reference,reference_verified,UNVERIFIED,E3,https://www.fda.gov/drugs/drug-alerts-and-statements/fda-warns-consumers-not-use-counterfeit-ozempic-semaglutide-found-us-drug-supply-chain,https://www.fda.gov/files/Ozempic_needle_0.jpg,"Official comparison/alert image; some files contain both authentic and counterfeit content, so not assigned a binary image label without segmentation.",2026-09-07,public_domain,"U.S. Food and Drug Administration, unless otherwise noted",https://www.fda.gov/about-fda/about-website/website-policies,permitted_pending_per_image_exception_check,FDA website policy states FDA website text and graphics are public domain unless otherwise noted.
PC_000037,CASE_0006,direct_image_reference,reference_verified,UNVERIFIED,E3,https://www.fda.gov/drugs/drug-alerts-and-statements/fda-warns-consumers-not-use-counterfeit-ozempic-semaglutide-found-us-drug-supply-chain,https://www.fda.gov/files/Ozempic_needle_2_0.jpg,"Official comparison/alert image; some files contain both authentic and counterfeit content, so not assigned a binary image label without segmentation.",2026-09-07,public_domain,"U.S. Food and Drug Administration, unless otherwise noted",https://www.fda.gov/about-fda/about-website/website-policies,permitted_pending_per_image_exception_check,FDA website policy states FDA website text and graphics are public domain unless otherwise noted.
PC_000038,CASE_0007,direct_image_reference,reference_verified,UNVERIFIED,E2,https://www.fda.gov/safety/recalls-market-withdrawals-safety-alerts/green-lumber-holding-llc-issues-consumer-alert-counterfeit-products-following-fda-findings,https://www.fda.gov/files/styles/recall_image_small/public/image_3_50.png?itok=WWc5DXuh,Official alert image; retained as candidate pending per-file authenticity interpretation and licensing review.,2026-09-07,public_domain,"U.S. Food and Drug Administration, unless otherwise noted",https://www.fda.gov/about-fda/about-website/website-policies,permitted_pending_per_image_exception_check,FDA website policy states FDA website text and graphics are public domain unless otherwise noted.
PC_000039,CASE_0007,direct_image_reference,reference_verified,UNVERIFIED,E2,https://www.fda.gov/safety/recalls-market-withdrawals-safety-alerts/green-lumber-holding-llc-issues-consumer-alert-counterfeit-products-following-fda-findings,https://www.fda.gov/files/styles/recall_image_small/public/image_1_117.png?itok=beMBIcpV,Official alert image; retained as candidate pending per-file authenticity interpretation and licensing review.,2026-09-07,public_domain,"U.S. Food and Drug Administration, unless otherwise noted",https://www.fda.gov/about-fda/about-website/website-policies,permitted_pending_per_image_exception_check,FDA website policy states FDA website text and graphics are public domain unless otherwise noted.
PC_000040,CASE_0007,direct_image_reference,reference_verified,UNVERIFIED,E2,https://www.fda.gov/safety/recalls-market-withdrawals-safety-alerts/green-lumber-holding-llc-issues-consumer-alert-counterfeit-products-following-fda-findings,https://www.fda.gov/files/styles/recall_image_small/public/image_2_85.png?itok=CVT_srHG,Official alert image; retained as candidate pending per-file authenticity interpretation and licensing review.,2026-09-07,public_domain,"U.S. Food and Drug Administration, unless otherwise noted",https://www.fda.gov/about-fda/about-website/website-policies,permitted_pending_per_image_exception_check,FDA website policy states FDA website text and graphics are public domain unless otherwise noted.
PC_000041,CASE_0008,direct_image_reference,reference_verified,FALSIFIED,E3,https://www.who.int/news/item/18-10-2019-medical-product-alert-n-11-2019-(english-version),https://www.who.int/images/default-source/departments/essential-medicines/2019-drugs-alert/drug-alert-11---2019/en-augmentin-amoxicillin-clavulanate-potassium-number35405327a.jpg?sfvrsn=18dafe7f_2,,2026-09-07,unknown_permission_required,WHO or credited third party; image-level ownership not established,https://www.who.int/about/policies/publishing/copyright,metadata_only_permission_required,WHO states copyrighted photos/figures require permission unless covered by an applicable CC license; third-party material is not automatically covered.
PC_000042,CASE_0008,direct_image_reference,reference_verified,FALSIFIED,E3,https://www.who.int/news/item/18-10-2019-medical-product-alert-n-11-2019-(english-version),https://www.who.int/images/default-source/departments/essential-medicines/2019-drugs-alert/drug-alert-11---2019/en-bactoclav-batch-numberbstu0039.jpg?sfvrsn=7958699a_2,,2026-09-07,unknown_permission_required,WHO or credited third party; image-level ownership not established,https://www.who.int/about/policies/publishing/copyright,metadata_only_permission_required,WHO states copyrighted photos/figures require permission unless covered by an applicable CC license; third-party material is not automatically covered.
PC_000043,CASE_0009,direct_image_reference,reference_verified,FALSIFIED,E3,https://www.who.int/news/item/01-02-2019-medical-product-alert-n-2-2019-(english-version),https://www.who.int/images/default-source/departments/essential-medicines/2019-drugs-alert/drug-alert-2/iclusing-batch1.jpg?sfvrsn=e77b2cd9_8,,2026-09-07,unknown_permission_required,WHO or credited third party; image-level ownership not established,https://www.who.int/about/policies/publishing/copyright,metadata_only_permission_required,WHO states copyrighted photos/figures require permission unless covered by an applicable CC license; third-party material is not automatically covered.
PC_000044,CASE_0009,direct_image_reference,reference_verified,FALSIFIED,E3,https://www.who.int/news/item/01-02-2019-medical-product-alert-n-2-2019-(english-version),https://www.who.int/images/default-source/departments/essential-medicines/2019-drugs-alert/drug-alert-2/iclusing-batch2.jpg?sfvrsn=69aabb96_8,,2026-09-07,unknown_permission_required,WHO or credited third party; image-level ownership not established,https://www.who.int/about/policies/publishing/copyright,metadata_only_permission_required,WHO states copyrighted photos/figures require permission unless covered by an applicable CC license; third-party material is not automatically covered.
PC_000045,CASE_0010,direct_image_reference,reference_verified,FALSIFIED,E3,https://www.who.int/news/item/27-03-2020-medical-product-alert-n-2-2020,https://www.who.int/images/default-source/departments/essential-medicines/2019-drugs-alert/2020/falsified-unigold-hiv-images-1-and-2-alert.jpg?sfvrsn=6bd1917e_2,,2026-09-07,unknown_permission_required,WHO or credited third party; image-level ownership not established,https://www.who.int/about/policies/publishing/copyright,metadata_only_permission_required,WHO states copyrighted photos/figures require permission unless covered by an applicable CC license; third-party material is not automatically covered.
PC_000046,CASE_0010,direct_image_reference,reference_verified,FALSIFIED,E3,https://www.who.int/news/item/27-03-2020-medical-product-alert-n-2-2020,https://www.who.int/images/default-source/departments/essential-medicines/2019-drugs-alert/2020/falsified-unigold-hiv-image-3-alert.jpg?sfvrsn=8f06d8b0_2,,2026-09-07,unknown_permission_required,WHO or credited third party; image-level ownership not established,https://www.who.int/about/policies/publishing/copyright,metadata_only_permission_required,WHO states copyrighted photos/figures require permission unless covered by an applicable CC license; third-party material is not automatically covered.
PC_000047,CASE_0010,direct_image_reference,reference_verified,FALSIFIED,E3,https://www.who.int/news/item/27-03-2020-medical-product-alert-n-2-2020,https://cdn.who.int/media/images/default-source/health-topics/essential-medicines/image-2-alert.jpg?sfvrsn=eec8c448_1,,2026-09-07,unknown_permission_required,WHO or credited third party; image-level ownership not established,https://www.who.int/about/policies/publishing/copyright,metadata_only_permission_required,WHO states copyrighted photos/figures require permission unless covered by an applicable CC license; third-party material is not automatically covered.
PC_000048,CASE_0011,direct_image_reference,reference_verified,UNVERIFIED,E3,https://www.who.int/news/item/21-12-2021-medical-product-alert-n-8-2021-falsified-combiart,https://cdn.who.int/media/images/default-source/substandard-and-falsified-medical-products/n8_2021_table1_combiart_en.tmb-0.png?sfvrsn=11512326_7,"Alert table image, not a product photograph; exclude from primary visual dataset.",2026-09-07,unknown_permission_required,WHO or credited third party; image-level ownership not established,https://www.who.int/about/policies/publishing/copyright,metadata_only_permission_required,WHO states copyrighted photos/figures require permission unless covered by an applicable CC license; third-party material is not automatically covered.
PC_000049,CASE_0012,direct_image_reference,reference_verified,FALSIFIED,E3,https://www.who.int/news/item/21-02-2019-medical-product-alert-n-3-2019-(english-version),https://www.who.int/images/default-source/departments/essential-medicines/2019-drugs-alert/drug-alert-3/iclusig-alert3.jpg?sfvrsn=de9b7e76_12,,2026-09-07,unknown_permission_required,WHO or credited third party; image-level ownership not established,https://www.who.int/about/policies/publishing/copyright,metadata_only_permission_required,WHO states copyrighted photos/figures require permission unless covered by an applicable CC license; third-party material is not automatically covered.
PC_000050,CASE_0011,direct_image_reference,reference_verified,UNVERIFIED,E3,https://www.who.int/news/item/21-12-2021-medical-product-alert-n-8-2021-falsified-combiart,https://cdn.who.int/media/images/default-source/substandard-and-falsified-medical-products/n8_2021_table1_combiart_en.png?Status=Master&sfvrsn=11512326_16,"Same table content at different resolution; near-duplicate candidate, exclude from primary dataset.",2026-09-07,unknown_permission_required,WHO or credited third party; image-level ownership not established,https://www.who.int/about/policies/publishing/copyright,metadata_only_permission_required,WHO states copyrighted photos/figures require permission unless covered by an applicable CC license; third-party material is not automatically covered.
PC_000051,CASE_0013,direct_image_reference,reference_verified,FALSIFIED,E3,https://www.who.int/teams/regulation-prequalification/incidents,https://www.who.int/images/default-source/departments/essential-medicines/2019-drugs-alert/drug-alert-6/illustration.jpg?sfvrsn=c72e7b83_12,photo: confirmed falsified hydrochlorothiazide 50mg Exact alert URL still needs to be recorded before final publication; generic incidents index is not sufficient provenance. Exact alert URL still needs to be recorded before final publication; generic incidents index is not sufficient provenance.,2026-09-07,unknown_permission_required,WHO or credited third party; image-level ownership not established,https://www.who.int/about/policies/publishing/copyright,metadata_only_permission_required,WHO states copyrighted photos/figures require permission unless covered by an applicable CC license; third-party material is not automatically covered.
PC_000052,CASE_0014,direct_image_reference,reference_verified,FALSIFIED,E3,https://www.who.int/teams/regulation-prequalification/incidents,https://www.who.int/images/default-source/departments/essential-medicines/2019-drugs-alert/drug-alert-5/mencevax-vaccine-en.jpg?sfvrsn=77b1bf5b_12,photo: falsified Mencevax ACWY batch AMEUA108BA Exact alert URL still needs to be recorded before final publication; generic incidents index is not sufficient provenance. Exact alert URL still needs to be recorded before final publication; generic incidents index is not sufficient provenance.,2026-09-07,unknown_permission_required,WHO or credited third party; image-level ownership not established,https://www.who.int/about/policies/publishing/copyright,metadata_only_permission_required,WHO states copyrighted photos/figures require permission unless covered by an applicable CC license; third-party material is not automatically covered.
PC_000053,CASE_0014,direct_image_reference,reference_verified,FALSIFIED,E3,https://www.who.int/teams/regulation-prequalification/incidents,https://www.who.int/images/default-source/departments/essential-medicines/2019-drugs-alert/drug-alert-5/mencevax-vaccine2-en.jpg?sfvrsn=5d80f3f0_12,photo: falsified Mencevax ACWY batch AMEUA105BA Exact alert URL still needs to be recorded before final publication; generic incidents index is not sufficient provenance. Exact alert URL still needs to be recorded before final publication; generic incidents index is not sufficient provenance.,2026-09-07,unknown_permission_required,WHO or credited third party; image-level ownership not established,https://www.who.int/about/policies/publishing/copyright,metadata_only_permission_required,WHO states copyrighted photos/figures require permission unless covered by an applicable CC license; third-party material is not automatically covered.
PC_000054,CASE_0015,direct_image_reference,reference_verified,FALSIFIED,E3,https://www.who.int/teams/regulation-prequalification/incidents,https://www.who.int/images/default-source/departments/essential-medicines/2019-drugs-alert/drug-alert-4/dukoral-pic1.jpg?sfvrsn=bef5d5b9_12,photo: falsified Dukoral batch KV8262B1 Exact alert URL still needs to be recorded before final publication; generic incidents index is not sufficient provenance. Exact alert URL still needs to be recorded before final publication; generic incidents index is not sufficient provenance.,2026-09-07,unknown_permission_required,WHO or credited third party; image-level ownership not established,https://www.who.int/about/policies/publishing/copyright,metadata_only_permission_required,WHO states copyrighted photos/figures require permission unless covered by an applicable CC license; third-party material is not automatically covered.
PC_000055,CASE_0017,direct_image_reference,reference_verified,FALSIFIED,E3,https://www.who.int/teams/regulation-prequalification/incidents,https://www.who.int/images/default-source/substandard-and-falsified-medical-products/defibrotide.jpg,photo: falsified defibrotide vial Exact alert URL still needs to be recorded before final publication; generic incidents index is not sufficient provenance. Exact alert URL still needs to be recorded before final publication; generic incidents index is not sufficient provenance.,2026-09-07,unknown_permission_required,WHO or credited third party; image-level ownership not established,https://www.who.int/about/policies/publishing/copyright,metadata_only_permission_required,WHO states copyrighted photos/figures require permission unless covered by an applicable CC license; third-party material is not automatically covered.
PC_000056,CASE_0020,direct_image_reference,reference_verified,FALSIFIED,E3,https://www.who.int/teams/regulation-prequalification/incidents,https://cdn.who.int/media/images/default-source/substandard-and-falsified-medical-products/n6_2021_biotech.png?Status=Master&sfvrsn=3e8bcbd1_15,photo: falsified Pfizer-BioNTech vaccine vial Exact alert URL still needs to be recorded before final publication; generic incidents index is not sufficient provenance. Exact alert URL still needs to be recorded before final publication; generic incidents index is not sufficient provenance.,2026-09-07,unknown_permission_required,WHO or credited third party; image-level ownership not established,https://www.who.int/about/policies/publishing/copyright,metadata_only_permission_required,WHO states copyrighted photos/figures require permission unless covered by an applicable CC license; third-party material is not automatically covered.
PC_000057,CASE_0021,direct_image_reference,reference_verified,FALSIFIED,E3,https://www.who.int/teams/regulation-prequalification/incidents,https://www.who.int/images/default-source/substandard-and-falsified-medical-products/tabla2_n5.2021_sp.png?Status=Master&sfvrsn=de61395b_5,photo/table: falsified COVISHIELD lot 4121Z040 Exact alert URL still needs to be recorded before final publication; generic incidents index is not sufficient provenance. Exact alert URL still needs to be recorded before final publication; generic incidents index is not sufficient provenance.,2026-09-07,unknown_permission_required,WHO or credited third party; image-level ownership not established,https://www.who.int/about/policies/publishing/copyright,metadata_only_permission_required,WHO states copyrighted photos/figures require permission unless covered by an applicable CC license; third-party material is not automatically covered.
PC_000058,CASE_0013,source_photo_queue,awaiting_specific_image_url,,E3,https://www.who.int/teams/regulation-prequalification/incidents,,QUEUE ONLY: candidate slot 1 on the current WHO alert/source page. Do not treat as an image until a specific source image URL is extracted and reviewed. WHO alert contains photographs of confirmed falsified hydrochlorothiazide. Exact alert URL still needs to be recorded before final publication; generic incidents index is not sufficient provenance. Exact alert URL still needs to be recorded before final publication; generic incidents index is not sufficient provenance.,2026-09-07,not_verified,unknown,,metadata_only_license_not_verified,No individual image license evidence was available because this record is a source-photo queue entry.
PC_000059,CASE_0013,source_photo_queue,awaiting_specific_image_url,,E3,https://www.who.int/teams/regulation-prequalification/incidents,,QUEUE ONLY: candidate slot 2 on the current WHO alert/source page. Do not treat as an image until a specific source image URL is extracted and reviewed. WHO alert contains photographs of confirmed falsified hydrochlorothiazide. Exact alert URL still needs to be recorded before final publication; generic incidents index is not sufficient provenance. Exact alert URL still needs to be recorded before final publication; generic incidents index is not sufficient provenance.,2026-09-07,not_verified,unknown,,metadata_only_license_not_verified,No individual image license evidence was available because this record is a source-photo queue entry.
PC_000060,CASE_0013,source_photo_queue,awaiting_specific_image_url,,E3,https://www.who.int/teams/regulation-prequalification/incidents,,QUEUE ONLY: candidate slot 3 on the current WHO alert/source page. Do not treat as an image until a specific source image URL is extracted and reviewed. WHO alert contains photographs of confirmed falsified hydrochlorothiazide. Exact alert URL still needs to be recorded before final publication; generic incidents index is not sufficient provenance. Exact alert URL still needs to be recorded before final publication; generic incidents index is not sufficient provenance.,2026-09-07,not_verified,unknown,,metadata_only_license_not_verified,No individual image license evidence was available because this record is a source-photo queue entry.
PC_000061,CASE_0013,source_photo_queue,awaiting_specific_image_url,,E3,https://www.who.int/teams/regulation-prequalification/incidents,,QUEUE ONLY: candidate slot 4 on the current WHO alert/source page. Do not treat as an image until a specific source image URL is extracted and reviewed. WHO alert contains photographs of confirmed falsified hydrochlorothiazide. Exact alert URL still needs to be recorded before final publication; generic incidents index is not sufficient provenance. Exact alert URL still needs to be recorded before final publication; generic incidents index is not sufficient provenance.,2026-09-07,not_verified,unknown,,metadata_only_license_not_verified,No individual image license evidence was available because this record is a source-photo queue entry.
PC_000062,CASE_0013,source_photo_queue,awaiting_specific_image_url,,E3,https://www.who.int/teams/regulation-prequalification/incidents,,QUEUE ONLY: candidate slot 5 on the current WHO alert/source page. Do not treat as an image until a specific source image URL is extracted and reviewed. WHO alert contains photographs of confirmed falsified hydrochlorothiazide. Exact alert URL still needs to be recorded before final publication; generic incidents index is not sufficient provenance. Exact alert URL still needs to be recorded before final publication; generic incidents index is not sufficient provenance.,2026-09-07,not_verified,unknown,,metadata_only_license_not_verified,No individual image license evidence was available because this record is a source-photo queue entry.
PC_000063,CASE_0013,source_photo_queue,awaiting_specific_image_url,,E3,https://www.who.int/teams/regulation-prequalification/incidents,,QUEUE ONLY: candidate slot 6 on the current WHO alert/source page. Do not treat as an image until a specific source image URL is extracted and reviewed. WHO alert contains photographs of confirmed falsified hydrochlorothiazide. Exact alert URL still needs to be recorded before final publication; generic incidents index is not sufficient provenance. Exact alert URL still needs to be recorded before final publication; generic incidents index is not sufficient provenance.,2026-09-07,not_verified,unknown,,metadata_only_license_not_verified,No individual image license evidence was available because this record is a source-photo queue entry.
PC_000064,CASE_0013,source_photo_queue,awaiting_specific_image_url,,E3,https://www.who.int/teams/regulation-prequalification/incidents,,QUEUE ONLY: candidate slot 7 on the current WHO alert/source page. Do not treat as an image until a specific source image URL is extracted and reviewed. WHO alert contains photographs of confirmed falsified hydrochlorothiazide. Exact alert URL still needs to be recorded before final publication; generic incidents index is not sufficient provenance. Exact alert URL still needs to be recorded before final publication; generic incidents index is not sufficient provenance.,2026-09-07,not_verified,unknown,,metadata_only_license_not_verified,No individual image license evidence was available because this record is a source-photo queue entry.
PC_000065,CASE_0014,source_photo_queue,awaiting_specific_image_url,,E3,https://www.who.int/teams/regulation-prequalification/incidents,,QUEUE ONLY: candidate slot 1 on the current WHO alert/source page. Do not treat as an image until a specific source image URL is extracted and reviewed. WHO alert contains photographs of falsified Mencevax batches. Exact alert URL still needs to be recorded before final publication; generic incidents index is not sufficient provenance. Exact alert URL still needs to be recorded before final publication; generic incidents index is not sufficient provenance.,2026-09-07,not_verified,unknown,,metadata_only_license_not_verified,No individual image license evidence was available because this record is a source-photo queue entry.
PC_000066,CASE_0014,source_photo_queue,awaiting_specific_image_url,,E3,https://www.who.int/teams/regulation-prequalification/incidents,,QUEUE ONLY: candidate slot 2 on the current WHO alert/source page. Do not treat as an image until a specific source image URL is extracted and reviewed. WHO alert contains photographs of falsified Mencevax batches. Exact alert URL still needs to be recorded before final publication; generic incidents index is not sufficient provenance. Exact alert URL still needs to be recorded before final publication; generic incidents index is not sufficient provenance.,2026-09-07,not_verified,unknown,,metadata_only_license_not_verified,No individual image license evidence was available because this record is a source-photo queue entry.
PC_000067,CASE_0014,source_photo_queue,awaiting_specific_image_url,,E3,https://www.who.int/teams/regulation-prequalification/incidents,,QUEUE ONLY: candidate slot 3 on the current WHO alert/source page. Do not treat as an image until a specific source image URL is extracted and reviewed. WHO alert contains photographs of falsified Mencevax batches. Exact alert URL still needs to be recorded before final publication; generic incidents index is not sufficient provenance. Exact alert URL still needs to be recorded before final publication; generic incidents index is not sufficient provenance.,2026-09-07,not_verified,unknown,,metadata_only_license_not_verified,No individual image license evidence was available because this record is a source-photo queue entry.
PC_000068,CASE_0014,source_photo_queue,awaiting_specific_image_url,,E3,https://www.who.int/teams/regulation-prequalification/incidents,,QUEUE ONLY: candidate slot 4 on the current WHO alert/source page. Do not treat as an image until a specific source image URL is extracted and reviewed. WHO alert contains photographs of falsified Mencevax batches. Exact alert URL still needs to be recorded before final publication; generic incidents index is not sufficient provenance. Exact alert URL still needs to be recorded before final publication; generic incidents index is not sufficient provenance.,2026-09-07,not_verified,unknown,,metadata_only_license_not_verified,No individual image license evidence was available because this record is a source-photo queue entry.
PC_000069,CASE_0014,source_photo_queue,awaiting_specific_image_url,,E3,https://www.who.int/teams/regulation-prequalification/incidents,,QUEUE ONLY: candidate slot 5 on the current WHO alert/source page. Do not treat as an image until a specific source image URL is extracted and reviewed. WHO alert contains photographs of falsified Mencevax batches. Exact alert URL still needs to be recorded before final publication; generic incidents index is not sufficient provenance. Exact alert URL still needs to be recorded before final publication; generic incidents index is not sufficient provenance.,2026-09-07,not_verified,unknown,,metadata_only_license_not_verified,No individual image license evidence was available because this record is a source-photo queue entry.
PC_000070,CASE_0014,source_photo_queue,awaiting_specific_image_url,,E3,https://www.who.int/teams/regulation-prequalification/incidents,,QUEUE ONLY: candidate slot 6 on the current WHO alert/source page. Do not treat as an image until a specific source image URL is extracted and reviewed. WHO alert contains photographs of falsified Mencevax batches. Exact alert URL still needs to be recorded before final publication; generic incidents index is not sufficient provenance. Exact alert URL still needs to be recorded before final publication; generic incidents index is not sufficient provenance.,2026-09-07,not_verified,unknown,,metadata_only_license_not_verified,No individual image license evidence was available because this record is a source-photo queue entry.
PC_000071,CASE_0014,source_photo_queue,awaiting_specific_image_url,,E3,https://www.who.int/teams/regulation-prequalification/incidents,,QUEUE ONLY: candidate slot 7 on the current WHO alert/source page. Do not treat as an image until a specific source image URL is extracted and reviewed. WHO alert contains photographs of falsified Mencevax batches. Exact alert URL still needs to be recorded before final publication; generic incidents index is not sufficient provenance. Exact alert URL still needs to be recorded before final publication; generic incidents index is not sufficient provenance.,2026-09-07,not_verified,unknown,,metadata_only_license_not_verified,No individual image license evidence was available because this record is a source-photo queue entry.
PC_000072,CASE_0015,source_photo_queue,awaiting_specific_image_url,,E3,https://www.who.int/teams/regulation-prequalification/incidents,,QUEUE ONLY: candidate slot 1 on the current WHO alert/source page. Do not treat as an image until a specific source image URL is extracted and reviewed. WHO alert contains photographs of falsified Dukoral. Exact alert URL still needs to be recorded before final publication; generic incidents index is not sufficient provenance. Exact alert URL still needs to be recorded before final publication; generic incidents index is not sufficient provenance.,2026-09-07,not_verified,unknown,,metadata_only_license_not_verified,No individual image license evidence was available because this record is a source-photo queue entry.
PC_000073,CASE_0015,source_photo_queue,awaiting_specific_image_url,,E3,https://www.who.int/teams/regulation-prequalification/incidents,,QUEUE ONLY: candidate slot 2 on the current WHO alert/source page. Do not treat as an image until a specific source image URL is extracted and reviewed. WHO alert contains photographs of falsified Dukoral. Exact alert URL still needs to be recorded before final publication; generic incidents index is not sufficient provenance. Exact alert URL still needs to be recorded before final publication; generic incidents index is not sufficient provenance.,2026-09-07,not_verified,unknown,,metadata_only_license_not_verified,No individual image license evidence was available because this record is a source-photo queue entry.
PC_000074,CASE_0015,source_photo_queue,awaiting_specific_image_url,,E3,https://www.who.int/teams/regulation-prequalification/incidents,,QUEUE ONLY: candidate slot 3 on the current WHO alert/source page. Do not treat as an image until a specific source image URL is extracted and reviewed. WHO alert contains photographs of falsified Dukoral. Exact alert URL still needs to be recorded before final publication; generic incidents index is not sufficient provenance. Exact alert URL still needs to be recorded before final publication; generic incidents index is not sufficient provenance.,2026-09-07,not_verified,unknown,,metadata_only_license_not_verified,No individual image license evidence was available because this record is a source-photo queue entry.
PC_000075,CASE_0015,source_photo_queue,awaiting_specific_image_url,,E3,https://www.who.int/teams/regulation-prequalification/incidents,,QUEUE ONLY: candidate slot 4 on the current WHO alert/source page. Do not treat as an image until a specific source image URL is extracted and reviewed. WHO alert contains photographs of falsified Dukoral. Exact alert URL still needs to be recorded before final publication; generic incidents index is not sufficient provenance. Exact alert URL still needs to be recorded before final publication; generic incidents index is not sufficient provenance.,2026-09-07,not_verified,unknown,,metadata_only_license_not_verified,No individual image license evidence was available because this record is a source-photo queue entry.
PC_000076,CASE_0015,source_photo_queue,awaiting_specific_image_url,,E3,https://www.who.int/teams/regulation-prequalification/incidents,,QUEUE ONLY: candidate slot 5 on the current WHO alert/source page. Do not treat as an image until a specific source image URL is extracted and reviewed. WHO alert contains photographs of falsified Dukoral. Exact alert URL still needs to be recorded before final publication; generic incidents index is not sufficient provenance. Exact alert URL still needs to be recorded before final publication; generic incidents index is not sufficient provenance.,2026-09-07,not_verified,unknown,,metadata_only_license_not_verified,No individual image license evidence was available because this record is a source-photo queue entry.
PC_000077,CASE_0015,source_photo_queue,awaiting_specific_image_url,,E3,https://www.who.int/teams/regulation-prequalification/incidents,,QUEUE ONLY: candidate slot 6 on the current WHO alert/source page. Do not treat as an image until a specific source image URL is extracted and reviewed. WHO alert contains photographs of falsified Dukoral. Exact alert URL still needs to be recorded before final publication; generic incidents index is not sufficient provenance. Exact alert URL still needs to be recorded before final publication; generic incidents index is not sufficient provenance.,2026-09-07,not_verified,unknown,,metadata_only_license_not_verified,No individual image license evidence was available because this record is a source-photo queue entry.
PC_000078,CASE_0015,source_photo_queue,awaiting_specific_image_url,,E3,https://www.who.int/teams/regulation-prequalification/incidents,,QUEUE ONLY: candidate slot 7 on the current WHO alert/source page. Do not treat as an image until a specific source image URL is extracted and reviewed. WHO alert contains photographs of falsified Dukoral. Exact alert URL still needs to be recorded before final publication; generic incidents index is not sufficient provenance. Exact alert URL still needs to be recorded before final publication; generic incidents index is not sufficient provenance.,2026-09-07,not_verified,unknown,,metadata_only_license_not_verified,No individual image license evidence was available because this record is a source-photo queue entry.
PC_000079,CASE_0016,source_photo_queue,awaiting_specific_image_url,,E3,https://www.who.int/teams/regulation-prequalification/incidents,,QUEUE ONLY: candidate slot 1 on the current WHO alert/source page. Do not treat as an image until a specific source image URL is extracted and reviewed. WHO alert documents confirmed falsified product and laboratory findings. Exact alert URL still needs to be recorded before final publication; generic incidents index is not sufficient provenance. Exact alert URL still needs to be recorded before final publication; generic incidents index is not sufficient provenance.,2026-09-07,not_verified,unknown,,metadata_only_license_not_verified,No individual image license evidence was available because this record is a source-photo queue entry.
PC_000080,CASE_0016,source_photo_queue,awaiting_specific_image_url,,E3,https://www.who.int/teams/regulation-prequalification/incidents,,QUEUE ONLY: candidate slot 2 on the current WHO alert/source page. Do not treat as an image until a specific source image URL is extracted and reviewed. WHO alert documents confirmed falsified product and laboratory findings. Exact alert URL still needs to be recorded before final publication; generic incidents index is not sufficient provenance. Exact alert URL still needs to be recorded before final publication; generic incidents index is not sufficient provenance.,2026-09-07,not_verified,unknown,,metadata_only_license_not_verified,No individual image license evidence was available because this record is a source-photo queue entry.
PC_000081,CASE_0016,source_photo_queue,awaiting_specific_image_url,,E3,https://www.who.int/teams/regulation-prequalification/incidents,,QUEUE ONLY: candidate slot 3 on the current WHO alert/source page. Do not treat as an image until a specific source image URL is extracted and reviewed. WHO alert documents confirmed falsified product and laboratory findings. Exact alert URL still needs to be recorded before final publication; generic incidents index is not sufficient provenance. Exact alert URL still needs to be recorded before final publication; generic incidents index is not sufficient provenance.,2026-09-07,not_verified,unknown,,metadata_only_license_not_verified,No individual image license evidence was available because this record is a source-photo queue entry.
PC_000082,CASE_0016,source_photo_queue,awaiting_specific_image_url,,E3,https://www.who.int/teams/regulation-prequalification/incidents,,QUEUE ONLY: candidate slot 4 on the current WHO alert/source page. Do not treat as an image until a specific source image URL is extracted and reviewed. WHO alert documents confirmed falsified product and laboratory findings. Exact alert URL still needs to be recorded before final publication; generic incidents index is not sufficient provenance. Exact alert URL still needs to be recorded before final publication; generic incidents index is not sufficient provenance.,2026-09-07,not_verified,unknown,,metadata_only_license_not_verified,No individual image license evidence was available because this record is a source-photo queue entry.
PC_000083,CASE_0016,source_photo_queue,awaiting_specific_image_url,,E3,https://www.who.int/teams/regulation-prequalification/incidents,,QUEUE ONLY: candidate slot 5 on the current WHO alert/source page. Do not treat as an image until a specific source image URL is extracted and reviewed. WHO alert documents confirmed falsified product and laboratory findings. Exact alert URL still needs to be recorded before final publication; generic incidents index is not sufficient provenance. Exact alert URL still needs to be recorded before final publication; generic incidents index is not sufficient provenance.,2026-09-07,not_verified,unknown,,metadata_only_license_not_verified,No individual image license evidence was available because this record is a source-photo queue entry.
PC_000084,CASE_0016,source_photo_queue,awaiting_specific_image_url,,E3,https://www.who.int/teams/regulation-prequalification/incidents,,QUEUE ONLY: candidate slot 6 on the current WHO alert/source page. Do not treat as an image until a specific source image URL is extracted and reviewed. WHO alert documents confirmed falsified product and laboratory findings. Exact alert URL still needs to be recorded before final publication; generic incidents index is not sufficient provenance. Exact alert URL still needs to be recorded before final publication; generic incidents index is not sufficient provenance.,2026-09-07,not_verified,unknown,,metadata_only_license_not_verified,No individual image license evidence was available because this record is a source-photo queue entry.
PC_000085,CASE_0016,source_photo_queue,awaiting_specific_image_url,,E3,https://www.who.int/teams/regulation-prequalification/incidents,,QUEUE ONLY: candidate slot 7 on the current WHO alert/source page. Do not treat as an image until a specific source image URL is extracted and reviewed. WHO alert documents confirmed falsified product and laboratory findings. Exact alert URL still needs to be recorded before final publication; generic incidents index is not sufficient provenance. Exact alert URL still needs to be recorded before final publication; generic incidents index is not sufficient provenance.,2026-09-07,not_verified,unknown,,metadata_only_license_not_verified,No individual image license evidence was available because this record is a source-photo queue entry.
PC_000086,CASE_0017,source_photo_queue,awaiting_specific_image_url,,E3,https://www.who.int/teams/regulation-prequalification/incidents,,QUEUE ONLY: candidate slot 1 on the current WHO alert/source page. Do not treat as an image until a specific source image URL is extracted and reviewed. WHO alert contains a falsified defibrotide image. Exact alert URL still needs to be recorded before final publication; generic incidents index is not sufficient provenance. Exact alert URL still needs to be recorded before final publication; generic incidents index is not sufficient provenance.,2026-09-07,not_verified,unknown,,metadata_only_license_not_verified,No individual image license evidence was available because this record is a source-photo queue entry.
PC_000087,CASE_0017,source_photo_queue,awaiting_specific_image_url,,E3,https://www.who.int/teams/regulation-prequalification/incidents,,QUEUE ONLY: candidate slot 2 on the current WHO alert/source page. Do not treat as an image until a specific source image URL is extracted and reviewed. WHO alert contains a falsified defibrotide image. Exact alert URL still needs to be recorded before final publication; generic incidents index is not sufficient provenance. Exact alert URL still needs to be recorded before final publication; generic incidents index is not sufficient provenance.,2026-09-07,not_verified,unknown,,metadata_only_license_not_verified,No individual image license evidence was available because this record is a source-photo queue entry.
PC_000088,CASE_0017,source_photo_queue,awaiting_specific_image_url,,E3,https://www.who.int/teams/regulation-prequalification/incidents,,QUEUE ONLY: candidate slot 3 on the current WHO alert/source page. Do not treat as an image until a specific source image URL is extracted and reviewed. WHO alert contains a falsified defibrotide image. Exact alert URL still needs to be recorded before final publication; generic incidents index is not sufficient provenance. Exact alert URL still needs to be recorded before final publication; generic incidents index is not sufficient provenance.,2026-09-07,not_verified,unknown,,metadata_only_license_not_verified,No individual image license evidence was available because this record is a source-photo queue entry.
PC_000089,CASE_0017,source_photo_queue,awaiting_specific_image_url,,E3,https://www.who.int/teams/regulation-prequalification/incidents,,QUEUE ONLY: candidate slot 4 on the current WHO alert/source page. Do not treat as an image until a specific source image URL is extracted and reviewed. WHO alert contains a falsified defibrotide image. Exact alert URL still needs to be recorded before final publication; generic incidents index is not sufficient provenance. Exact alert URL still needs to be recorded before final publication; generic incidents index is not sufficient provenance.,2026-09-07,not_verified,unknown,,metadata_only_license_not_verified,No individual image license evidence was available because this record is a source-photo queue entry.
PC_000090,CASE_0017,source_photo_queue,awaiting_specific_image_url,,E3,https://www.who.int/teams/regulation-prequalification/incidents,,QUEUE ONLY: candidate slot 5 on the current WHO alert/source page. Do not treat as an image until a specific source image URL is extracted and reviewed. WHO alert contains a falsified defibrotide image. Exact alert URL still needs to be recorded before final publication; generic incidents index is not sufficient provenance. Exact alert URL still needs to be recorded before final publication; generic incidents index is not sufficient provenance.,2026-09-07,not_verified,unknown,,metadata_only_license_not_verified,No individual image license evidence was available because this record is a source-photo queue entry.
PC_000091,CASE_0017,source_photo_queue,awaiting_specific_image_url,,E3,https://www.who.int/teams/regulation-prequalification/incidents,,QUEUE ONLY: candidate slot 6 on the current WHO alert/source page. Do not treat as an image until a specific source image URL is extracted and reviewed. WHO alert contains a falsified defibrotide image. Exact alert URL still needs to be recorded before final publication; generic incidents index is not sufficient provenance. Exact alert URL still needs to be recorded before final publication; generic incidents index is not sufficient provenance.,2026-09-07,not_verified,unknown,,metadata_only_license_not_verified,No individual image license evidence was available because this record is a source-photo queue entry.
PC_000092,CASE_0017,source_photo_queue,awaiting_specific_image_url,,E3,https://www.who.int/teams/regulation-prequalification/incidents,,QUEUE ONLY: candidate slot 7 on the current WHO alert/source page. Do not treat as an image until a specific source image URL is extracted and reviewed. WHO alert contains a falsified defibrotide image. Exact alert URL still needs to be recorded before final publication; generic incidents index is not sufficient provenance. Exact alert URL still needs to be recorded before final publication; generic incidents index is not sufficient provenance.,2026-09-07,not_verified,unknown,,metadata_only_license_not_verified,No individual image license evidence was available because this record is a source-photo queue entry.
PC_000093,CASE_0018,source_photo_queue,awaiting_specific_image_url,,E3,https://www.who.int/teams/regulation-prequalification/incidents,,QUEUE ONLY: candidate slot 1 on the current WHO alert/source page. Do not treat as an image until a specific source image URL is extracted and reviewed. WHO alert identifies confirmed falsified Harvoni. Exact alert URL still needs to be recorded before final publication; generic incidents index is not sufficient provenance. Exact alert URL still needs to be recorded before final publication; generic incidents index is not sufficient provenance.,2026-09-07,not_verified,unknown,,metadata_only_license_not_verified,No individual image license evidence was available because this record is a source-photo queue entry.
PC_000094,CASE_0018,source_photo_queue,awaiting_specific_image_url,,E3,https://www.who.int/teams/regulation-prequalification/incidents,,QUEUE ONLY: candidate slot 2 on the current WHO alert/source page. Do not treat as an image until a specific source image URL is extracted and reviewed. WHO alert identifies confirmed falsified Harvoni. Exact alert URL still needs to be recorded before final publication; generic incidents index is not sufficient provenance. Exact alert URL still needs to be recorded before final publication; generic incidents index is not sufficient provenance.,2026-09-07,not_verified,unknown,,metadata_only_license_not_verified,No individual image license evidence was available because this record is a source-photo queue entry.
PC_000095,CASE_0018,source_photo_queue,awaiting_specific_image_url,,E3,https://www.who.int/teams/regulation-prequalification/incidents,,QUEUE ONLY: candidate slot 3 on the current WHO alert/source page. Do not treat as an image until a specific source image URL is extracted and reviewed. WHO alert identifies confirmed falsified Harvoni. Exact alert URL still needs to be recorded before final publication; generic incidents index is not sufficient provenance. Exact alert URL still needs to be recorded before final publication; generic incidents index is not sufficient provenance.,2026-09-07,not_verified,unknown,,metadata_only_license_not_verified,No individual image license evidence was available because this record is a source-photo queue entry.
PC_000096,CASE_0018,source_photo_queue,awaiting_specific_image_url,,E3,https://www.who.int/teams/regulation-prequalification/incidents,,QUEUE ONLY: candidate slot 4 on the current WHO alert/source page. Do not treat as an image until a specific source image URL is extracted and reviewed. WHO alert identifies confirmed falsified Harvoni. Exact alert URL still needs to be recorded before final publication; generic incidents index is not sufficient provenance. Exact alert URL still needs to be recorded before final publication; generic incidents index is not sufficient provenance.,2026-09-07,not_verified,unknown,,metadata_only_license_not_verified,No individual image license evidence was available because this record is a source-photo queue entry.
PC_000097,CASE_0018,source_photo_queue,awaiting_specific_image_url,,E3,https://www.who.int/teams/regulation-prequalification/incidents,,QUEUE ONLY: candidate slot 5 on the current WHO alert/source page. Do not treat as an image until a specific source image URL is extracted and reviewed. WHO alert identifies confirmed falsified Harvoni. Exact alert URL still needs to be recorded before final publication; generic incidents index is not sufficient provenance. Exact alert URL still needs to be recorded before final publication; generic incidents index is not sufficient provenance.,2026-09-07,not_verified,unknown,,metadata_only_license_not_verified,No individual image license evidence was available because this record is a source-photo queue entry.
PC_000098,CASE_0018,source_photo_queue,awaiting_specific_image_url,,E3,https://www.who.int/teams/regulation-prequalification/incidents,,QUEUE ONLY: candidate slot 6 on the current WHO alert/source page. Do not treat as an image until a specific source image URL is extracted and reviewed. WHO alert identifies confirmed falsified Harvoni. Exact alert URL still needs to be recorded before final publication; generic incidents index is not sufficient provenance. Exact alert URL still needs to be recorded before final publication; generic incidents index is not sufficient provenance.,2026-09-07,not_verified,unknown,,metadata_only_license_not_verified,No individual image license evidence was available because this record is a source-photo queue entry.
PC_000099,CASE_0018,source_photo_queue,awaiting_specific_image_url,,E3,https://www.who.int/teams/regulation-prequalification/incidents,,QUEUE ONLY: candidate slot 7 on the current WHO alert/source page. Do not treat as an image until a specific source image URL is extracted and reviewed. WHO alert identifies confirmed falsified Harvoni. Exact alert URL still needs to be recorded before final publication; generic incidents index is not sufficient provenance. Exact alert URL still needs to be recorded before final publication; generic incidents index is not sufficient provenance.,2026-09-07,not_verified,unknown,,metadata_only_license_not_verified,No individual image license evidence was available because this record is a source-photo queue entry.
PC_000100,CASE_0019,source_photo_queue,awaiting_specific_image_url,,E3,https://www.who.int/teams/regulation-prequalification/incidents,,QUEUE ONLY: candidate slot 1 on the current WHO alert/source page. Do not treat as an image until a specific source image URL is extracted and reviewed. WHO alert documents falsified Vitamin A products. Exact alert URL still needs to be recorded before final publication; generic incidents index is not sufficient provenance. Exact alert URL still needs to be recorded before final publication; generic incidents index is not sufficient provenance.,2026-09-07,not_verified,unknown,,metadata_only_license_not_verified,No individual image license evidence was available because this record is a source-photo queue entry.
PC_000101,CASE_0019,source_photo_queue,awaiting_specific_image_url,,E3,https://www.who.int/teams/regulation-prequalification/incidents,,QUEUE ONLY: candidate slot 2 on the current WHO alert/source page. Do not treat as an image until a specific source image URL is extracted and reviewed. WHO alert documents falsified Vitamin A products. Exact alert URL still needs to be recorded before final publication; generic incidents index is not sufficient provenance. Exact alert URL still needs to be recorded before final publication; generic incidents index is not sufficient provenance.,2026-09-07,not_verified,unknown,,metadata_only_license_not_verified,No individual image license evidence was available because this record is a source-photo queue entry.
PC_000102,CASE_0019,source_photo_queue,awaiting_specific_image_url,,E3,https://www.who.int/teams/regulation-prequalification/incidents,,QUEUE ONLY: candidate slot 3 on the current WHO alert/source page. Do not treat as an image until a specific source image URL is extracted and reviewed. WHO alert documents falsified Vitamin A products. Exact alert URL still needs to be recorded before final publication; generic incidents index is not sufficient provenance. Exact alert URL still needs to be recorded before final publication; generic incidents index is not sufficient provenance.,2026-09-07,not_verified,unknown,,metadata_only_license_not_verified,No individual image license evidence was available because this record is a source-photo queue entry.
PC_000103,CASE_0019,source_photo_queue,awaiting_specific_image_url,,E3,https://www.who.int/teams/regulation-prequalification/incidents,,QUEUE ONLY: candidate slot 4 on the current WHO alert/source page. Do not treat as an image until a specific source image URL is extracted and reviewed. WHO alert documents falsified Vitamin A products. Exact alert URL still needs to be recorded before final publication; generic incidents index is not sufficient provenance. Exact alert URL still needs to be recorded before final publication; generic incidents index is not sufficient provenance.,2026-09-07,not_verified,unknown,,metadata_only_license_not_verified,No individual image license evidence was available because this record is a source-photo queue entry.
PC_000104,CASE_0019,source_photo_queue,awaiting_specific_image_url,,E3,https://www.who.int/teams/regulation-prequalification/incidents,,QUEUE ONLY: candidate slot 5 on the current WHO alert/source page. Do not treat as an image until a specific source image URL is extracted and reviewed. WHO alert documents falsified Vitamin A products. Exact alert URL still needs to be recorded before final publication; generic incidents index is not sufficient provenance. Exact alert URL still needs to be recorded before final publication; generic incidents index is not sufficient provenance.,2026-09-07,not_verified,unknown,,metadata_only_license_not_verified,No individual image license evidence was available because this record is a source-photo queue entry.
PC_000105,CASE_0019,source_photo_queue,awaiting_specific_image_url,,E3,https://www.who.int/teams/regulation-prequalification/incidents,,QUEUE ONLY: candidate slot 6 on the current WHO alert/source page. Do not treat as an image until a specific source image URL is extracted and reviewed. WHO alert documents falsified Vitamin A products. Exact alert URL still needs to be recorded before final publication; generic incidents index is not sufficient provenance. Exact alert URL still needs to be recorded before final publication; generic incidents index is not sufficient provenance.,2026-09-07,not_verified,unknown,,metadata_only_license_not_verified,No individual image license evidence was available because this record is a source-photo queue entry.
PC_000106,CASE_0019,source_photo_queue,awaiting_specific_image_url,,E3,https://www.who.int/teams/regulation-prequalification/incidents,,QUEUE ONLY: candidate slot 7 on the current WHO alert/source page. Do not treat as an image until a specific source image URL is extracted and reviewed. WHO alert documents falsified Vitamin A products. Exact alert URL still needs to be recorded before final publication; generic incidents index is not sufficient provenance. Exact alert URL still needs to be recorded before final publication; generic incidents index is not sufficient provenance.,2026-09-07,not_verified,unknown,,metadata_only_license_not_verified,No individual image license evidence was available because this record is a source-photo queue entry.
PC_000107,CASE_0020,source_photo_queue,awaiting_specific_image_url,,E3,https://www.who.int/teams/regulation-prequalification/incidents,,QUEUE ONLY: candidate slot 1 on the current WHO alert/source page. Do not treat as an image until a specific source image URL is extracted and reviewed. WHO alert contains photograph of falsified Pfizer-BioNTech vial. Exact alert URL still needs to be recorded before final publication; generic incidents index is not sufficient provenance. Exact alert URL still needs to be recorded before final publication; generic incidents index is not sufficient provenance.,2026-09-07,not_verified,unknown,,metadata_only_license_not_verified,No individual image license evidence was available because this record is a source-photo queue entry.
PC_000108,CASE_0020,source_photo_queue,awaiting_specific_image_url,,E3,https://www.who.int/teams/regulation-prequalification/incidents,,QUEUE ONLY: candidate slot 2 on the current WHO alert/source page. Do not treat as an image until a specific source image URL is extracted and reviewed. WHO alert contains photograph of falsified Pfizer-BioNTech vial. Exact alert URL still needs to be recorded before final publication; generic incidents index is not sufficient provenance. Exact alert URL still needs to be recorded before final publication; generic incidents index is not sufficient provenance.,2026-09-07,not_verified,unknown,,metadata_only_license_not_verified,No individual image license evidence was available because this record is a source-photo queue entry.
PC_000109,CASE_0020,source_photo_queue,awaiting_specific_image_url,,E3,https://www.who.int/teams/regulation-prequalification/incidents,,QUEUE ONLY: candidate slot 3 on the current WHO alert/source page. Do not treat as an image until a specific source image URL is extracted and reviewed. WHO alert contains photograph of falsified Pfizer-BioNTech vial. Exact alert URL still needs to be recorded before final publication; generic incidents index is not sufficient provenance. Exact alert URL still needs to be recorded before final publication; generic incidents index is not sufficient provenance.,2026-09-07,not_verified,unknown,,metadata_only_license_not_verified,No individual image license evidence was available because this record is a source-photo queue entry.
PC_000110,CASE_0020,source_photo_queue,awaiting_specific_image_url,,E3,https://www.who.int/teams/regulation-prequalification/incidents,,QUEUE ONLY: candidate slot 4 on the current WHO alert/source page. Do not treat as an image until a specific source image URL is extracted and reviewed. WHO alert contains photograph of falsified Pfizer-BioNTech vial. Exact alert URL still needs to be recorded before final publication; generic incidents index is not sufficient provenance. Exact alert URL still needs to be recorded before final publication; generic incidents index is not sufficient provenance.,2026-09-07,not_verified,unknown,,metadata_only_license_not_verified,No individual image license evidence was available because this record is a source-photo queue entry.
PC_000111,CASE_0020,source_photo_queue,awaiting_specific_image_url,,E3,https://www.who.int/teams/regulation-prequalification/incidents,,QUEUE ONLY: candidate slot 5 on the current WHO alert/source page. Do not treat as an image until a specific source image URL is extracted and reviewed. WHO alert contains photograph of falsified Pfizer-BioNTech vial. Exact alert URL still needs to be recorded before final publication; generic incidents index is not sufficient provenance. Exact alert URL still needs to be recorded before final publication; generic incidents index is not sufficient provenance.,2026-09-07,not_verified,unknown,,metadata_only_license_not_verified,No individual image license evidence was available because this record is a source-photo queue entry.
PC_000112,CASE_0020,source_photo_queue,awaiting_specific_image_url,,E3,https://www.who.int/teams/regulation-prequalification/incidents,,QUEUE ONLY: candidate slot 6 on the current WHO alert/source page. Do not treat as an image until a specific source image URL is extracted and reviewed. WHO alert contains photograph of falsified Pfizer-BioNTech vial. Exact alert URL still needs to be recorded before final publication; generic incidents index is not sufficient provenance. Exact alert URL still needs to be recorded before final publication; generic incidents index is not sufficient provenance.,2026-09-07,not_verified,unknown,,metadata_only_license_not_verified,No individual image license evidence was available because this record is a source-photo queue entry.
PC_000113,CASE_0020,source_photo_queue,awaiting_specific_image_url,,E3,https://www.who.int/teams/regulation-prequalification/incidents,,QUEUE ONLY: candidate slot 7 on the current WHO alert/source page. Do not treat as an image until a specific source image URL is extracted and reviewed. WHO alert contains photograph of falsified Pfizer-BioNTech vial. Exact alert URL still needs to be recorded before final publication; generic incidents index is not sufficient provenance. Exact alert URL still needs to be recorded before final publication; generic incidents index is not sufficient provenance.,2026-09-07,not_verified,unknown,,metadata_only_license_not_verified,No individual image license evidence was available because this record is a source-photo queue entry.
PC_000114,CASE_0021,source_photo_queue,awaiting_specific_image_url,,E3,https://www.who.int/teams/regulation-prequalification/incidents,,QUEUE ONLY: candidate slot 1 on the current WHO alert/source page. Do not treat as an image until a specific source image URL is extracted and reviewed. WHO alert contains photographs/table images of falsified COVISHIELD lots. Exact alert URL still needs to be recorded before final publication; generic incidents index is not sufficient provenance. Exact alert URL still needs to be recorded before final publication; generic incidents index is not sufficient provenance.,2026-09-07,not_verified,unknown,,metadata_only_license_not_verified,No individual image license evidence was available because this record is a source-photo queue entry.
PC_000115,CASE_0021,source_photo_queue,awaiting_specific_image_url,,E3,https://www.who.int/teams/regulation-prequalification/incidents,,QUEUE ONLY: candidate slot 2 on the current WHO alert/source page. Do not treat as an image until a specific source image URL is extracted and reviewed. WHO alert contains photographs/table images of falsified COVISHIELD lots. Exact alert URL still needs to be recorded before final publication; generic incidents index is not sufficient provenance. Exact alert URL still needs to be recorded before final publication; generic incidents index is not sufficient provenance.,2026-09-07,not_verified,unknown,,metadata_only_license_not_verified,No individual image license evidence was available because this record is a source-photo queue entry.
PC_000116,CASE_0021,source_photo_queue,awaiting_specific_image_url,,E3,https://www.who.int/teams/regulation-prequalification/incidents,,QUEUE ONLY: candidate slot 3 on the current WHO alert/source page. Do not treat as an image until a specific source image URL is extracted and reviewed. WHO alert contains photographs/table images of falsified COVISHIELD lots. Exact alert URL still needs to be recorded before final publication; generic incidents index is not sufficient provenance. Exact alert URL still needs to be recorded before final publication; generic incidents index is not sufficient provenance.,2026-09-07,not_verified,unknown,,metadata_only_license_not_verified,No individual image license evidence was available because this record is a source-photo queue entry.
PC_000117,CASE_0021,source_photo_queue,awaiting_specific_image_url,,E3,https://www.who.int/teams/regulation-prequalification/incidents,,QUEUE ONLY: candidate slot 4 on the current WHO alert/source page. Do not treat as an image until a specific source image URL is extracted and reviewed. WHO alert contains photographs/table images of falsified COVISHIELD lots. Exact alert URL still needs to be recorded before final publication; generic incidents index is not sufficient provenance. Exact alert URL still needs to be recorded before final publication; generic incidents index is not sufficient provenance.,2026-09-07,not_verified,unknown,,metadata_only_license_not_verified,No individual image license evidence was available because this record is a source-photo queue entry.
PC_000118,CASE_0021,source_photo_queue,awaiting_specific_image_url,,E3,https://www.who.int/teams/regulation-prequalification/incidents,,QUEUE ONLY: candidate slot 5 on the current WHO alert/source page. Do not treat as an image until a specific source image URL is extracted and reviewed. WHO alert contains photographs/table images of falsified COVISHIELD lots. Exact alert URL still needs to be recorded before final publication; generic incidents index is not sufficient provenance. Exact alert URL still needs to be recorded before final publication; generic incidents index is not sufficient provenance.,2026-09-07,not_verified,unknown,,metadata_only_license_not_verified,No individual image license evidence was available because this record is a source-photo queue entry.
PC_000119,CASE_0021,source_photo_queue,awaiting_specific_image_url,,E3,https://www.who.int/teams/regulation-prequalification/incidents,,QUEUE ONLY: candidate slot 6 on the current WHO alert/source page. Do not treat as an image until a specific source image URL is extracted and reviewed. WHO alert contains photographs/table images of falsified COVISHIELD lots. Exact alert URL still needs to be recorded before final publication; generic incidents index is not sufficient provenance. Exact alert URL still needs to be recorded before final publication; generic incidents index is not sufficient provenance.,2026-09-07,not_verified,unknown,,metadata_only_license_not_verified,No individual image license evidence was available because this record is a source-photo queue entry.
PC_000120,CASE_0021,source_photo_queue,awaiting_specific_image_url,,E3,https://www.who.int/teams/regulation-prequalification/incidents,,QUEUE ONLY: candidate slot 7 on the current WHO alert/source page. Do not treat as an image until a specific source image URL is extracted and reviewed. WHO alert contains photographs/table images of falsified COVISHIELD lots. Exact alert URL still needs to be recorded before final publication; generic incidents index is not sufficient provenance. Exact alert URL still needs to be recorded before final publication; generic incidents index is not sufficient provenance.,2026-09-07,not_verified,unknown,,metadata_only_license_not_verified,No individual image license evidence was available because this record is a source-photo queue entry.
PC_000121,CASE_0022,source_photo_queue,awaiting_specific_image_url,,E3,https://www.who.int/teams/regulation-prequalification/incidents,,QUEUE ONLY: candidate slot 1 on the current WHO alert/source page. Do not treat as an image until a specific source image URL is extracted and reviewed. WHO alert documents falsified Desrem and provides product imagery/table. Exact alert URL still needs to be recorded before final publication; generic incidents index is not sufficient provenance. Exact alert URL still needs to be recorded before final publication; generic incidents index is not sufficient provenance.,2026-09-07,not_verified,unknown,,metadata_only_license_not_verified,No individual image license evidence was available because this record is a source-photo queue entry.
PC_000122,CASE_0022,source_photo_queue,awaiting_specific_image_url,,E3,https://www.who.int/teams/regulation-prequalification/incidents,,QUEUE ONLY: candidate slot 2 on the current WHO alert/source page. Do not treat as an image until a specific source image URL is extracted and reviewed. WHO alert documents falsified Desrem and provides product imagery/table. Exact alert URL still needs to be recorded before final publication; generic incidents index is not sufficient provenance. Exact alert URL still needs to be recorded before final publication; generic incidents index is not sufficient provenance.,2026-09-07,not_verified,unknown,,metadata_only_license_not_verified,No individual image license evidence was available because this record is a source-photo queue entry.
PC_000123,CASE_0022,source_photo_queue,awaiting_specific_image_url,,E3,https://www.who.int/teams/regulation-prequalification/incidents,,QUEUE ONLY: candidate slot 3 on the current WHO alert/source page. Do not treat as an image until a specific source image URL is extracted and reviewed. WHO alert documents falsified Desrem and provides product imagery/table. Exact alert URL still needs to be recorded before final publication; generic incidents index is not sufficient provenance. Exact alert URL still needs to be recorded before final publication; generic incidents index is not sufficient provenance.,2026-09-07,not_verified,unknown,,metadata_only_license_not_verified,No individual image license evidence was available because this record is a source-photo queue entry.
PC_000124,CASE_0022,source_photo_queue,awaiting_specific_image_url,,E3,https://www.who.int/teams/regulation-prequalification/incidents,,QUEUE ONLY: candidate slot 4 on the current WHO alert/source page. Do not treat as an image until a specific source image URL is extracted and reviewed. WHO alert documents falsified Desrem and provides product imagery/table. Exact alert URL still needs to be recorded before final publication; generic incidents index is not sufficient provenance. Exact alert URL still needs to be recorded before final publication; generic incidents index is not sufficient provenance.,2026-09-07,not_verified,unknown,,metadata_only_license_not_verified,No individual image license evidence was available because this record is a source-photo queue entry.
PC_000125,CASE_0022,source_photo_queue,awaiting_specific_image_url,,E3,https://www.who.int/teams/regulation-prequalification/incidents,,QUEUE ONLY: candidate slot 5 on the current WHO alert/source page. Do not treat as an image until a specific source image URL is extracted and reviewed. WHO alert documents falsified Desrem and provides product imagery/table. Exact alert URL still needs to be recorded before final publication; generic incidents index is not sufficient provenance. Exact alert URL still needs to be recorded before final publication; generic incidents index is not sufficient provenance.,2026-09-07,not_verified,unknown,,metadata_only_license_not_verified,No individual image license evidence was available because this record is a source-photo queue entry.
PC_000126,CASE_0022,source_photo_queue,awaiting_specific_image_url,,E3,https://www.who.int/teams/regulation-prequalification/incidents,,QUEUE ONLY: candidate slot 6 on the current WHO alert/source page. Do not treat as an image until a specific source image URL is extracted and reviewed. WHO alert documents falsified Desrem and provides product imagery/table. Exact alert URL still needs to be recorded before final publication; generic incidents index is not sufficient provenance. Exact alert URL still needs to be recorded before final publication; generic incidents index is not sufficient provenance.,2026-09-07,not_verified,unknown,,metadata_only_license_not_verified,No individual image license evidence was available because this record is a source-photo queue entry.
PC_000127,CASE_0022,source_photo_queue,awaiting_specific_image_url,,E3,https://www.who.int/teams/regulation-prequalification/incidents,,QUEUE ONLY: candidate slot 7 on the current WHO alert/source page. Do not treat as an image until a specific source image URL is extracted and reviewed. WHO alert documents falsified Desrem and provides product imagery/table. Exact alert URL still needs to be recorded before final publication; generic incidents index is not sufficient provenance. Exact alert URL still needs to be recorded before final publication; generic incidents index is not sufficient provenance.,2026-09-07,not_verified,unknown,,metadata_only_license_not_verified,No individual image license evidence was available because this record is a source-photo queue entry.
PC_000128,CASE_0023,source_photo_queue,awaiting_specific_image_url,,E3,https://www.who.int/teams/regulation-prequalification/incidents,,QUEUE ONLY: candidate slot 1 on the current WHO alert/source page. Do not treat as an image until a specific source image URL is extracted and reviewed. WHO alert documents falsified Defitelio. Exact alert URL still needs to be recorded before final publication; generic incidents index is not sufficient provenance. Exact alert URL still needs to be recorded before final publication; generic incidents index is not sufficient provenance.,2026-09-07,not_verified,unknown,,metadata_only_license_not_verified,No individual image license evidence was available because this record is a source-photo queue entry.
PC_000129,CASE_0023,source_photo_queue,awaiting_specific_image_url,,E3,https://www.who.int/teams/regulation-prequalification/incidents,,QUEUE ONLY: candidate slot 2 on the current WHO alert/source page. Do not treat as an image until a specific source image URL is extracted and reviewed. WHO alert documents falsified Defitelio. Exact alert URL still needs to be recorded before final publication; generic incidents index is not sufficient provenance. Exact alert URL still needs to be recorded before final publication; generic incidents index is not sufficient provenance.,2026-09-07,not_verified,unknown,,metadata_only_license_not_verified,No individual image license evidence was available because this record is a source-photo queue entry.
PC_000130,CASE_0023,source_photo_queue,awaiting_specific_image_url,,E3,https://www.who.int/teams/regulation-prequalification/incidents,,QUEUE ONLY: candidate slot 3 on the current WHO alert/source page. Do not treat as an image until a specific source image URL is extracted and reviewed. WHO alert documents falsified Defitelio. Exact alert URL still needs to be recorded before final publication; generic incidents index is not sufficient provenance. Exact alert URL still needs to be recorded before final publication; generic incidents index is not sufficient provenance.,2026-09-07,not_verified,unknown,,metadata_only_license_not_verified,No individual image license evidence was available because this record is a source-photo queue entry.
PC_000131,CASE_0023,source_photo_queue,awaiting_specific_image_url,,E3,https://www.who.int/teams/regulation-prequalification/incidents,,QUEUE ONLY: candidate slot 4 on the current WHO alert/source page. Do not treat as an image until a specific source image URL is extracted and reviewed. WHO alert documents falsified Defitelio. Exact alert URL still needs to be recorded before final publication; generic incidents index is not sufficient provenance. Exact alert URL still needs to be recorded before final publication; generic incidents index is not sufficient provenance.,2026-09-07,not_verified,unknown,,metadata_only_license_not_verified,No individual image license evidence was available because this record is a source-photo queue entry.
PC_000132,CASE_0023,source_photo_queue,awaiting_specific_image_url,,E3,https://www.who.int/teams/regulation-prequalification/incidents,,QUEUE ONLY: candidate slot 5 on the current WHO alert/source page. Do not treat as an image until a specific source image URL is extracted and reviewed. WHO alert documents falsified Defitelio. Exact alert URL still needs to be recorded before final publication; generic incidents index is not sufficient provenance. Exact alert URL still needs to be recorded before final publication; generic incidents index is not sufficient provenance.,2026-09-07,not_verified,unknown,,metadata_only_license_not_verified,No individual image license evidence was available because this record is a source-photo queue entry.
PC_000133,CASE_0023,source_photo_queue,awaiting_specific_image_url,,E3,https://www.who.int/teams/regulation-prequalification/incidents,,QUEUE ONLY: candidate slot 6 on the current WHO alert/source page. Do not treat as an image until a specific source image URL is extracted and reviewed. WHO alert documents falsified Defitelio. Exact alert URL still needs to be recorded before final publication; generic incidents index is not sufficient provenance. Exact alert URL still needs to be recorded before final publication; generic incidents index is not sufficient provenance.,2026-09-07,not_verified,unknown,,metadata_only_license_not_verified,No individual image license evidence was available because this record is a source-photo queue entry.
PC_000134,CASE_0023,source_photo_queue,awaiting_specific_image_url,,E3,https://www.who.int/teams/regulation-prequalification/incidents,,QUEUE ONLY: candidate slot 7 on the current WHO alert/source page. Do not treat as an image until a specific source image URL is extracted and reviewed. WHO alert documents falsified Defitelio. Exact alert URL still needs to be recorded before final publication; generic incidents index is not sufficient provenance. Exact alert URL still needs to be recorded before final publication; generic incidents index is not sufficient provenance.,2026-09-07,not_verified,unknown,,metadata_only_license_not_verified,No individual image license evidence was available because this record is a source-photo queue entry.
PC_000135,CASE_0024,source_photo_queue,awaiting_specific_image_url,,E3,https://www.who.int/teams/regulation-prequalification/incidents,,QUEUE ONLY: candidate slot 1 on the current WHO alert/source page. Do not treat as an image until a specific source image URL is extracted and reviewed. WHO alert documents multiple falsified Ozempic batches. Exact alert URL still needs to be recorded before final publication; generic incidents index is not sufficient provenance. Exact alert URL still needs to be recorded before final publication; generic incidents index is not sufficient provenance.,2026-09-07,not_verified,unknown,,metadata_only_license_not_verified,No individual image license evidence was available because this record is a source-photo queue entry.
PC_000136,CASE_0024,source_photo_queue,awaiting_specific_image_url,,E3,https://www.who.int/teams/regulation-prequalification/incidents,,QUEUE ONLY: candidate slot 2 on the current WHO alert/source page. Do not treat as an image until a specific source image URL is extracted and reviewed. WHO alert documents multiple falsified Ozempic batches. Exact alert URL still needs to be recorded before final publication; generic incidents index is not sufficient provenance. Exact alert URL still needs to be recorded before final publication; generic incidents index is not sufficient provenance.,2026-09-07,not_verified,unknown,,metadata_only_license_not_verified,No individual image license evidence was available because this record is a source-photo queue entry.
PC_000137,CASE_0024,source_photo_queue,awaiting_specific_image_url,,E3,https://www.who.int/teams/regulation-prequalification/incidents,,QUEUE ONLY: candidate slot 3 on the current WHO alert/source page. Do not treat as an image until a specific source image URL is extracted and reviewed. WHO alert documents multiple falsified Ozempic batches. Exact alert URL still needs to be recorded before final publication; generic incidents index is not sufficient provenance. Exact alert URL still needs to be recorded before final publication; generic incidents index is not sufficient provenance.,2026-09-07,not_verified,unknown,,metadata_only_license_not_verified,No individual image license evidence was available because this record is a source-photo queue entry.
PC_000138,CASE_0024,source_photo_queue,awaiting_specific_image_url,,E3,https://www.who.int/teams/regulation-prequalification/incidents,,QUEUE ONLY: candidate slot 4 on the current WHO alert/source page. Do not treat as an image until a specific source image URL is extracted and reviewed. WHO alert documents multiple falsified Ozempic batches. Exact alert URL still needs to be recorded before final publication; generic incidents index is not sufficient provenance. Exact alert URL still needs to be recorded before final publication; generic incidents index is not sufficient provenance.,2026-09-07,not_verified,unknown,,metadata_only_license_not_verified,No individual image license evidence was available because this record is a source-photo queue entry.
PC_000139,CASE_0024,source_photo_queue,awaiting_specific_image_url,,E3,https://www.who.int/teams/regulation-prequalification/incidents,,QUEUE ONLY: candidate slot 5 on the current WHO alert/source page. Do not treat as an image until a specific source image URL is extracted and reviewed. WHO alert documents multiple falsified Ozempic batches. Exact alert URL still needs to be recorded before final publication; generic incidents index is not sufficient provenance. Exact alert URL still needs to be recorded before final publication; generic incidents index is not sufficient provenance.,2026-09-07,not_verified,unknown,,metadata_only_license_not_verified,No individual image license evidence was available because this record is a source-photo queue entry.
PC_000140,CASE_0024,source_photo_queue,awaiting_specific_image_url,,E3,https://www.who.int/teams/regulation-prequalification/incidents,,QUEUE ONLY: candidate slot 6 on the current WHO alert/source page. Do not treat as an image until a specific source image URL is extracted and reviewed. WHO alert documents multiple falsified Ozempic batches. Exact alert URL still needs to be recorded before final publication; generic incidents index is not sufficient provenance. Exact alert URL still needs to be recorded before final publication; generic incidents index is not sufficient provenance.,2026-09-07,not_verified,unknown,,metadata_only_license_not_verified,No individual image license evidence was available because this record is a source-photo queue entry.
PC_000141,CASE_0025,source_photo_queue,awaiting_specific_image_url,,E3,https://www.who.int/teams/regulation-prequalification/incidents,,QUEUE ONLY: candidate slot 1 on the current WHO alert/source page. Do not treat as an image until a specific source image URL is extracted and reviewed. WHO alert documents falsified IMFINZI batches. Exact alert URL still needs to be recorded before final publication; generic incidents index is not sufficient provenance. Exact alert URL still needs to be recorded before final publication; generic incidents index is not sufficient provenance.,2026-09-07,not_verified,unknown,,metadata_only_license_not_verified,No individual image license evidence was available because this record is a source-photo queue entry.
PC_000142,CASE_0025,source_photo_queue,awaiting_specific_image_url,,E3,https://www.who.int/teams/regulation-prequalification/incidents,,QUEUE ONLY: candidate slot 2 on the current WHO alert/source page. Do not treat as an image until a specific source image URL is extracted and reviewed. WHO alert documents falsified IMFINZI batches. Exact alert URL still needs to be recorded before final publication; generic incidents index is not sufficient provenance. Exact alert URL still needs to be recorded before final publication; generic incidents index is not sufficient provenance.,2026-09-07,not_verified,unknown,,metadata_only_license_not_verified,No individual image license evidence was available because this record is a source-photo queue entry.
PC_000143,CASE_0025,source_photo_queue,awaiting_specific_image_url,,E3,https://www.who.int/teams/regulation-prequalification/incidents,,QUEUE ONLY: candidate slot 3 on the current WHO alert/source page. Do not treat as an image until a specific source image URL is extracted and reviewed. WHO alert documents falsified IMFINZI batches. Exact alert URL still needs to be recorded before final publication; generic incidents index is not sufficient provenance. Exact alert URL still needs to be recorded before final publication; generic incidents index is not sufficient provenance.,2026-09-07,not_verified,unknown,,metadata_only_license_not_verified,No individual image license evidence was available because this record is a source-photo queue entry.
PC_000144,CASE_0025,source_photo_queue,awaiting_specific_image_url,,E3,https://www.who.int/teams/regulation-prequalification/incidents,,QUEUE ONLY: candidate slot 4 on the current WHO alert/source page. Do not treat as an image until a specific source image URL is extracted and reviewed. WHO alert documents falsified IMFINZI batches. Exact alert URL still needs to be recorded before final publication; generic incidents index is not sufficient provenance. Exact alert URL still needs to be recorded before final publication; generic incidents index is not sufficient provenance.,2026-09-07,not_verified,unknown,,metadata_only_license_not_verified,No individual image license evidence was available because this record is a source-photo queue entry.
PC_000145,CASE_0025,source_photo_queue,awaiting_specific_image_url,,E3,https://www.who.int/teams/regulation-prequalification/incidents,,QUEUE ONLY: candidate slot 5 on the current WHO alert/source page. Do not treat as an image until a specific source image URL is extracted and reviewed. WHO alert documents falsified IMFINZI batches. Exact alert URL still needs to be recorded before final publication; generic incidents index is not sufficient provenance. Exact alert URL still needs to be recorded before final publication; generic incidents index is not sufficient provenance.,2026-09-07,not_verified,unknown,,metadata_only_license_not_verified,No individual image license evidence was available because this record is a source-photo queue entry.
PC_000146,CASE_0025,source_photo_queue,awaiting_specific_image_url,,E3,https://www.who.int/teams/regulation-prequalification/incidents,,QUEUE ONLY: candidate slot 6 on the current WHO alert/source page. Do not treat as an image until a specific source image URL is extracted and reviewed. WHO alert documents falsified IMFINZI batches. Exact alert URL still needs to be recorded before final publication; generic incidents index is not sufficient provenance. Exact alert URL still needs to be recorded before final publication; generic incidents index is not sufficient provenance.,2026-09-07,not_verified,unknown,,metadata_only_license_not_verified,No individual image license evidence was available because this record is a source-photo queue entry.
PC_000147,CASE_0026,source_photo_queue,awaiting_specific_image_url,,E3,https://www.who.int/teams/regulation-prequalification/incidents,,QUEUE ONLY: candidate slot 1 on the current WHO alert/source page. Do not treat as an image until a specific source image URL is extracted and reviewed. WHO alert documents falsified HEALMOXY batches. Exact alert URL still needs to be recorded before final publication; generic incidents index is not sufficient provenance. Exact alert URL still needs to be recorded before final publication; generic incidents index is not sufficient provenance.,2026-09-07,not_verified,unknown,,metadata_only_license_not_verified,No individual image license evidence was available because this record is a source-photo queue entry.
PC_000148,CASE_0026,source_photo_queue,awaiting_specific_image_url,,E3,https://www.who.int/teams/regulation-prequalification/incidents,,QUEUE ONLY: candidate slot 2 on the current WHO alert/source page. Do not treat as an image until a specific source image URL is extracted and reviewed. WHO alert documents falsified HEALMOXY batches. Exact alert URL still needs to be recorded before final publication; generic incidents index is not sufficient provenance. Exact alert URL still needs to be recorded before final publication; generic incidents index is not sufficient provenance.,2026-09-07,not_verified,unknown,,metadata_only_license_not_verified,No individual image license evidence was available because this record is a source-photo queue entry.
PC_000149,CASE_0026,source_photo_queue,awaiting_specific_image_url,,E3,https://www.who.int/teams/regulation-prequalification/incidents,,QUEUE ONLY: candidate slot 3 on the current WHO alert/source page. Do not treat as an image until a specific source image URL is extracted and reviewed. WHO alert documents falsified HEALMOXY batches. Exact alert URL still needs to be recorded before final publication; generic incidents index is not sufficient provenance. Exact alert URL still needs to be recorded before final publication; generic incidents index is not sufficient provenance.,2026-09-07,not_verified,unknown,,metadata_only_license_not_verified,No individual image license evidence was available because this record is a source-photo queue entry.
PC_000150,CASE_0026,source_photo_queue,awaiting_specific_image_url,,E3,https://www.who.int/teams/regulation-prequalification/incidents,,QUEUE ONLY: candidate slot 4 on the current WHO alert/source page. Do not treat as an image until a specific source image URL is extracted and reviewed. WHO alert documents falsified HEALMOXY batches. Exact alert URL still needs to be recorded before final publication; generic incidents index is not sufficient provenance. Exact alert URL still needs to be recorded before final publication; generic incidents index is not sufficient provenance.,2026-09-07,not_verified,unknown,,metadata_only_license_not_verified,No individual image license evidence was available because this record is a source-photo queue entry.
PC_000151,CASE_0026,source_photo_queue,awaiting_specific_image_url,,E3,https://www.who.int/teams/regulation-prequalification/incidents,,QUEUE ONLY: candidate slot 5 on the current WHO alert/source page. Do not treat as an image until a specific source image URL is extracted and reviewed. WHO alert documents falsified HEALMOXY batches. Exact alert URL still needs to be recorded before final publication; generic incidents index is not sufficient provenance. Exact alert URL still needs to be recorded before final publication; generic incidents index is not sufficient provenance.,2026-09-07,not_verified,unknown,,metadata_only_license_not_verified,No individual image license evidence was available because this record is a source-photo queue entry.
PC_000152,CASE_0026,source_photo_queue,awaiting_specific_image_url,,E3,https://www.who.int/teams/regulation-prequalification/incidents,,QUEUE ONLY: candidate slot 6 on the current WHO alert/source page. Do not treat as an image until a specific source image URL is extracted and reviewed. WHO alert documents falsified HEALMOXY batches. Exact alert URL still needs to be recorded before final publication; generic incidents index is not sufficient provenance. Exact alert URL still needs to be recorded before final publication; generic incidents index is not sufficient provenance.,2026-09-07,not_verified,unknown,,metadata_only_license_not_verified,No individual image license evidence was available because this record is a source-photo queue entry.
PC_000153,CASE_0027,source_photo_queue,awaiting_specific_image_url,,E3,https://www.who.int/teams/regulation-prequalification/incidents,,QUEUE ONLY: candidate slot 1 on the current WHO alert/source page. Do not treat as an image until a specific source image URL is extracted and reviewed. WHO alert documents multiple falsified IBRANCE lots. Exact alert URL still needs to be recorded before final publication; generic incidents index is not sufficient provenance. Exact alert URL still needs to be recorded before final publication; generic incidents index is not sufficient provenance.,2026-09-07,not_verified,unknown,,metadata_only_license_not_verified,No individual image license evidence was available because this record is a source-photo queue entry.
PC_000154,CASE_0027,source_photo_queue,awaiting_specific_image_url,,E3,https://www.who.int/teams/regulation-prequalification/incidents,,QUEUE ONLY: candidate slot 2 on the current WHO alert/source page. Do not treat as an image until a specific source image URL is extracted and reviewed. WHO alert documents multiple falsified IBRANCE lots. Exact alert URL still needs to be recorded before final publication; generic incidents index is not sufficient provenance. Exact alert URL still needs to be recorded before final publication; generic incidents index is not sufficient provenance.,2026-09-07,not_verified,unknown,,metadata_only_license_not_verified,No individual image license evidence was available because this record is a source-photo queue entry.
PC_000155,CASE_0027,source_photo_queue,awaiting_specific_image_url,,E3,https://www.who.int/teams/regulation-prequalification/incidents,,QUEUE ONLY: candidate slot 3 on the current WHO alert/source page. Do not treat as an image until a specific source image URL is extracted and reviewed. WHO alert documents multiple falsified IBRANCE lots. Exact alert URL still needs to be recorded before final publication; generic incidents index is not sufficient provenance. Exact alert URL still needs to be recorded before final publication; generic incidents index is not sufficient provenance.,2026-09-07,not_verified,unknown,,metadata_only_license_not_verified,No individual image license evidence was available because this record is a source-photo queue entry.
PC_000156,CASE_0027,source_photo_queue,awaiting_specific_image_url,,E3,https://www.who.int/teams/regulation-prequalification/incidents,,QUEUE ONLY: candidate slot 4 on the current WHO alert/source page. Do not treat as an image until a specific source image URL is extracted and reviewed. WHO alert documents multiple falsified IBRANCE lots. Exact alert URL still needs to be recorded before final publication; generic incidents index is not sufficient provenance. Exact alert URL still needs to be recorded before final publication; generic incidents index is not sufficient provenance.,2026-09-07,not_verified,unknown,,metadata_only_license_not_verified,No individual image license evidence was available because this record is a source-photo queue entry.
PC_000157,CASE_0027,source_photo_queue,awaiting_specific_image_url,,E3,https://www.who.int/teams/regulation-prequalification/incidents,,QUEUE ONLY: candidate slot 5 on the current WHO alert/source page. Do not treat as an image until a specific source image URL is extracted and reviewed. WHO alert documents multiple falsified IBRANCE lots. Exact alert URL still needs to be recorded before final publication; generic incidents index is not sufficient provenance. Exact alert URL still needs to be recorded before final publication; generic incidents index is not sufficient provenance.,2026-09-07,not_verified,unknown,,metadata_only_license_not_verified,No individual image license evidence was available because this record is a source-photo queue entry.
PC_000158,CASE_0027,source_photo_queue,awaiting_specific_image_url,,E3,https://www.who.int/teams/regulation-prequalification/incidents,,QUEUE ONLY: candidate slot 6 on the current WHO alert/source page. Do not treat as an image until a specific source image URL is extracted and reviewed. WHO alert documents multiple falsified IBRANCE lots. Exact alert URL still needs to be recorded before final publication; generic incidents index is not sufficient provenance. Exact alert URL still needs to be recorded before final publication; generic incidents index is not sufficient provenance.,2026-09-07,not_verified,unknown,,metadata_only_license_not_verified,No individual image license evidence was available because this record is a source-photo queue entry.
PC_000159,CASE_0028,source_photo_queue,awaiting_specific_image_url,,E3,https://www.who.int/teams/regulation-prequalification/incidents,,QUEUE ONLY: candidate slot 1 on the current WHO alert/source page. Do not treat as an image until a specific source image URL is extracted and reviewed. WHO alert documents falsified SIMULECT batches. Exact alert URL still needs to be recorded before final publication; generic incidents index is not sufficient provenance. Exact alert URL still needs to be recorded before final publication; generic incidents index is not sufficient provenance.,2026-09-07,not_verified,unknown,,metadata_only_license_not_verified,No individual image license evidence was available because this record is a source-photo queue entry.
PC_000160,CASE_0028,source_photo_queue,awaiting_specific_image_url,,E3,https://www.who.int/teams/regulation-prequalification/incidents,,QUEUE ONLY: candidate slot 2 on the current WHO alert/source page. Do not treat as an image until a specific source image URL is extracted and reviewed. WHO alert documents falsified SIMULECT batches. Exact alert URL still needs to be recorded before final publication; generic incidents index is not sufficient provenance. Exact alert URL still needs to be recorded before final publication; generic incidents index is not sufficient provenance.,2026-09-07,not_verified,unknown,,metadata_only_license_not_verified,No individual image license evidence was available because this record is a source-photo queue entry.
PC_000161,CASE_0028,source_photo_queue,awaiting_specific_image_url,,E3,https://www.who.int/teams/regulation-prequalification/incidents,,QUEUE ONLY: candidate slot 3 on the current WHO alert/source page. Do not treat as an image until a specific source image URL is extracted and reviewed. WHO alert documents falsified SIMULECT batches. Exact alert URL still needs to be recorded before final publication; generic incidents index is not sufficient provenance. Exact alert URL still needs to be recorded before final publication; generic incidents index is not sufficient provenance.,2026-09-07,not_verified,unknown,,metadata_only_license_not_verified,No individual image license evidence was available because this record is a source-photo queue entry.
PC_000162,CASE_0028,source_photo_queue,awaiting_specific_image_url,,E3,https://www.who.int/teams/regulation-prequalification/incidents,,QUEUE ONLY: candidate slot 4 on the current WHO alert/source page. Do not treat as an image until a specific source image URL is extracted and reviewed. WHO alert documents falsified SIMULECT batches. Exact alert URL still needs to be recorded before final publication; generic incidents index is not sufficient provenance. Exact alert URL still needs to be recorded before final publication; generic incidents index is not sufficient provenance.,2026-09-07,not_verified,unknown,,metadata_only_license_not_verified,No individual image license evidence was available because this record is a source-photo queue entry.
PC_000163,CASE_0028,source_photo_queue,awaiting_specific_image_url,,E3,https://www.who.int/teams/regulation-prequalification/incidents,,QUEUE ONLY: candidate slot 5 on the current WHO alert/source page. Do not treat as an image until a specific source image URL is extracted and reviewed. WHO alert documents falsified SIMULECT batches. Exact alert URL still needs to be recorded before final publication; generic incidents index is not sufficient provenance. Exact alert URL still needs to be recorded before final publication; generic incidents index is not sufficient provenance.,2026-09-07,not_verified,unknown,,metadata_only_license_not_verified,No individual image license evidence was available because this record is a source-photo queue entry.
PC_000164,CASE_0028,source_photo_queue,awaiting_specific_image_url,,E3,https://www.who.int/teams/regulation-prequalification/incidents,,QUEUE ONLY: candidate slot 6 on the current WHO alert/source page. Do not treat as an image until a specific source image URL is extracted and reviewed. WHO alert documents falsified SIMULECT batches. Exact alert URL still needs to be recorded before final publication; generic incidents index is not sufficient provenance. Exact alert URL still needs to be recorded before final publication; generic incidents index is not sufficient provenance.,2026-09-07,not_verified,unknown,,metadata_only_license_not_verified,No individual image license evidence was available because this record is a source-photo queue entry.
PC_000165,CASE_0029,source_photo_queue,awaiting_specific_image_url,,E3,https://www.who.int/teams/regulation-prequalification/incidents,,QUEUE ONLY: candidate slot 1 on the current WHO alert/source page. Do not treat as an image until a specific source image URL is extracted and reviewed. WHO alert documents falsified FENTANILO. Exact alert URL still needs to be recorded before final publication; generic incidents index is not sufficient provenance. Exact alert URL still needs to be recorded before final publication; generic incidents index is not sufficient provenance.,2026-09-07,not_verified,unknown,,metadata_only_license_not_verified,No individual image license evidence was available because this record is a source-photo queue entry.
PC_000166,CASE_0029,source_photo_queue,awaiting_specific_image_url,,E3,https://www.who.int/teams/regulation-prequalification/incidents,,QUEUE ONLY: candidate slot 2 on the current WHO alert/source page. Do not treat as an image until a specific source image URL is extracted and reviewed. WHO alert documents falsified FENTANILO. Exact alert URL still needs to be recorded before final publication; generic incidents index is not sufficient provenance. Exact alert URL still needs to be recorded before final publication; generic incidents index is not sufficient provenance.,2026-09-07,not_verified,unknown,,metadata_only_license_not_verified,No individual image license evidence was available because this record is a source-photo queue entry.
PC_000167,CASE_0029,source_photo_queue,awaiting_specific_image_url,,E3,https://www.who.int/teams/regulation-prequalification/incidents,,QUEUE ONLY: candidate slot 3 on the current WHO alert/source page. Do not treat as an image until a specific source image URL is extracted and reviewed. WHO alert documents falsified FENTANILO. Exact alert URL still needs to be recorded before final publication; generic incidents index is not sufficient provenance. Exact alert URL still needs to be recorded before final publication; generic incidents index is not sufficient provenance.,2026-09-07,not_verified,unknown,,metadata_only_license_not_verified,No individual image license evidence was available because this record is a source-photo queue entry.
PC_000168,CASE_0029,source_photo_queue,awaiting_specific_image_url,,E3,https://www.who.int/teams/regulation-prequalification/incidents,,QUEUE ONLY: candidate slot 4 on the current WHO alert/source page. Do not treat as an image until a specific source image URL is extracted and reviewed. WHO alert documents falsified FENTANILO. Exact alert URL still needs to be recorded before final publication; generic incidents index is not sufficient provenance. Exact alert URL still needs to be recorded before final publication; generic incidents index is not sufficient provenance.,2026-09-07,not_verified,unknown,,metadata_only_license_not_verified,No individual image license evidence was available because this record is a source-photo queue entry.
PC_000169,CASE_0029,source_photo_queue,awaiting_specific_image_url,,E3,https://www.who.int/teams/regulation-prequalification/incidents,,QUEUE ONLY: candidate slot 5 on the current WHO alert/source page. Do not treat as an image until a specific source image URL is extracted and reviewed. WHO alert documents falsified FENTANILO. Exact alert URL still needs to be recorded before final publication; generic incidents index is not sufficient provenance. Exact alert URL still needs to be recorded before final publication; generic incidents index is not sufficient provenance.,2026-09-07,not_verified,unknown,,metadata_only_license_not_verified,No individual image license evidence was available because this record is a source-photo queue entry.
PC_000170,CASE_0029,source_photo_queue,awaiting_specific_image_url,,E3,https://www.who.int/teams/regulation-prequalification/incidents,,QUEUE ONLY: candidate slot 6 on the current WHO alert/source page. Do not treat as an image until a specific source image URL is extracted and reviewed. WHO alert documents falsified FENTANILO. Exact alert URL still needs to be recorded before final publication; generic incidents index is not sufficient provenance. Exact alert URL still needs to be recorded before final publication; generic incidents index is not sufficient provenance.,2026-09-07,not_verified,unknown,,metadata_only_license_not_verified,No individual image license evidence was available because this record is a source-photo queue entry.
PC_000171,CASE_0030,source_photo_queue,awaiting_specific_image_url,,E3,https://www.who.int/teams/regulation-prequalification/incidents,,QUEUE ONLY: candidate slot 1 on the current WHO alert/source page. Do not treat as an image until a specific source image URL is extracted and reviewed. WHO alert/update documents falsified IMFINZI. Exact alert URL still needs to be recorded before final publication; generic incidents index is not sufficient provenance. Exact alert URL still needs to be recorded before final publication; generic incidents index is not sufficient provenance.,2026-09-07,not_verified,unknown,,metadata_only_license_not_verified,No individual image license evidence was available because this record is a source-photo queue entry.
PC_000172,CASE_0030,source_photo_queue,awaiting_specific_image_url,,E3,https://www.who.int/teams/regulation-prequalification/incidents,,QUEUE ONLY: candidate slot 2 on the current WHO alert/source page. Do not treat as an image until a specific source image URL is extracted and reviewed. WHO alert/update documents falsified IMFINZI. Exact alert URL still needs to be recorded before final publication; generic incidents index is not sufficient provenance. Exact alert URL still needs to be recorded before final publication; generic incidents index is not sufficient provenance.,2026-09-07,not_verified,unknown,,metadata_only_license_not_verified,No individual image license evidence was available because this record is a source-photo queue entry.
PC_000173,CASE_0030,source_photo_queue,awaiting_specific_image_url,,E3,https://www.who.int/teams/regulation-prequalification/incidents,,QUEUE ONLY: candidate slot 3 on the current WHO alert/source page. Do not treat as an image until a specific source image URL is extracted and reviewed. WHO alert/update documents falsified IMFINZI. Exact alert URL still needs to be recorded before final publication; generic incidents index is not sufficient provenance. Exact alert URL still needs to be recorded before final publication; generic incidents index is not sufficient provenance.,2026-09-07,not_verified,unknown,,metadata_only_license_not_verified,No individual image license evidence was available because this record is a source-photo queue entry.
PC_000174,CASE_0030,source_photo_queue,awaiting_specific_image_url,,E3,https://www.who.int/teams/regulation-prequalification/incidents,,QUEUE ONLY: candidate slot 4 on the current WHO alert/source page. Do not treat as an image until a specific source image URL is extracted and reviewed. WHO alert/update documents falsified IMFINZI. Exact alert URL still needs to be recorded before final publication; generic incidents index is not sufficient provenance. Exact alert URL still needs to be recorded before final publication; generic incidents index is not sufficient provenance.,2026-09-07,not_verified,unknown,,metadata_only_license_not_verified,No individual image license evidence was available because this record is a source-photo queue entry.
PC_000175,CASE_0030,source_photo_queue,awaiting_specific_image_url,,E3,https://www.who.int/teams/regulation-prequalification/incidents,,QUEUE ONLY: candidate slot 5 on the current WHO alert/source page. Do not treat as an image until a specific source image URL is extracted and reviewed. WHO alert/update documents falsified IMFINZI. Exact alert URL still needs to be recorded before final publication; generic incidents index is not sufficient provenance. Exact alert URL still needs to be recorded before final publication; generic incidents index is not sufficient provenance.,2026-09-07,not_verified,unknown,,metadata_only_license_not_verified,No individual image license evidence was available because this record is a source-photo queue entry.
PC_000176,CASE_0030,source_photo_queue,awaiting_specific_image_url,,E3,https://www.who.int/teams/regulation-prequalification/incidents,,QUEUE ONLY: candidate slot 6 on the current WHO alert/source page. Do not treat as an image until a specific source image URL is extracted and reviewed. WHO alert/update documents falsified IMFINZI. Exact alert URL still needs to be recorded before final publication; generic incidents index is not sufficient provenance. Exact alert URL still needs to be recorded before final publication; generic incidents index is not sufficient provenance.,2026-09-07,not_verified,unknown,,metadata_only_license_not_verified,No individual image license evidence was available because this record is a source-photo queue entry.
PC_000177,CASE_0031,source_photo_queue,awaiting_specific_image_url,,E3,https://www.who.int/teams/regulation-prequalification/incidents,,QUEUE ONLY: candidate slot 1 on the current WHO alert/source page. Do not treat as an image until a specific source image URL is extracted and reviewed. WHO alert documents two falsified DARZALEX batches. Exact alert URL still needs to be recorded before final publication; generic incidents index is not sufficient provenance. Exact alert URL still needs to be recorded before final publication; generic incidents index is not sufficient provenance.,2026-09-07,not_verified,unknown,,metadata_only_license_not_verified,No individual image license evidence was available because this record is a source-photo queue entry.
PC_000178,CASE_0031,source_photo_queue,awaiting_specific_image_url,,E3,https://www.who.int/teams/regulation-prequalification/incidents,,QUEUE ONLY: candidate slot 2 on the current WHO alert/source page. Do not treat as an image until a specific source image URL is extracted and reviewed. WHO alert documents two falsified DARZALEX batches. Exact alert URL still needs to be recorded before final publication; generic incidents index is not sufficient provenance. Exact alert URL still needs to be recorded before final publication; generic incidents index is not sufficient provenance.,2026-09-07,not_verified,unknown,,metadata_only_license_not_verified,No individual image license evidence was available because this record is a source-photo queue entry.
PC_000179,CASE_0031,source_photo_queue,awaiting_specific_image_url,,E3,https://www.who.int/teams/regulation-prequalification/incidents,,QUEUE ONLY: candidate slot 3 on the current WHO alert/source page. Do not treat as an image until a specific source image URL is extracted and reviewed. WHO alert documents two falsified DARZALEX batches. Exact alert URL still needs to be recorded before final publication; generic incidents index is not sufficient provenance. Exact alert URL still needs to be recorded before final publication; generic incidents index is not sufficient provenance.,2026-09-07,not_verified,unknown,,metadata_only_license_not_verified,No individual image license evidence was available because this record is a source-photo queue entry.
PC_000180,CASE_0031,source_photo_queue,awaiting_specific_image_url,,E3,https://www.who.int/teams/regulation-prequalification/incidents,,QUEUE ONLY: candidate slot 4 on the current WHO alert/source page. Do not treat as an image until a specific source image URL is extracted and reviewed. WHO alert documents two falsified DARZALEX batches. Exact alert URL still needs to be recorded before final publication; generic incidents index is not sufficient provenance. Exact alert URL still needs to be recorded before final publication; generic incidents index is not sufficient provenance.,2026-09-07,not_verified,unknown,,metadata_only_license_not_verified,No individual image license evidence was available because this record is a source-photo queue entry.
PC_000181,CASE_0031,source_photo_queue,awaiting_specific_image_url,,E3,https://www.who.int/teams/regulation-prequalification/incidents,,QUEUE ONLY: candidate slot 5 on the current WHO alert/source page. Do not treat as an image until a specific source image URL is extracted and reviewed. WHO alert documents two falsified DARZALEX batches. Exact alert URL still needs to be recorded before final publication; generic incidents index is not sufficient provenance. Exact alert URL still needs to be recorded before final publication; generic incidents index is not sufficient provenance.,2026-09-07,not_verified,unknown,,metadata_only_license_not_verified,No individual image license evidence was available because this record is a source-photo queue entry.
PC_000182,CASE_0031,source_photo_queue,awaiting_specific_image_url,,E3,https://www.who.int/teams/regulation-prequalification/incidents,,QUEUE ONLY: candidate slot 6 on the current WHO alert/source page. Do not treat as an image until a specific source image URL is extracted and reviewed. WHO alert documents two falsified DARZALEX batches. Exact alert URL still needs to be recorded before final publication; generic incidents index is not sufficient provenance. Exact alert URL still needs to be recorded before final publication; generic incidents index is not sufficient provenance.,2026-09-07,not_verified,unknown,,metadata_only_license_not_verified,No individual image license evidence was available because this record is a source-photo queue entry.
PC_000183,CASE_0032,source_photo_queue,awaiting_specific_image_url,,E3,https://www.who.int/teams/regulation-prequalification/incidents,,QUEUE ONLY: candidate slot 1 on the current WHO alert/source page. Do not treat as an image until a specific source image URL is extracted and reviewed. WHO alert documents three falsified JAKAVI batches. Exact alert URL still needs to be recorded before final publication; generic incidents index is not sufficient provenance. Exact alert URL still needs to be recorded before final publication; generic incidents index is not sufficient provenance.,2026-09-07,not_verified,unknown,,metadata_only_license_not_verified,No individual image license evidence was available because this record is a source-photo queue entry.
PC_000184,CASE_0032,source_photo_queue,awaiting_specific_image_url,,E3,https://www.who.int/teams/regulation-prequalification/incidents,,QUEUE ONLY: candidate slot 2 on the current WHO alert/source page. Do not treat as an image until a specific source image URL is extracted and reviewed. WHO alert documents three falsified JAKAVI batches. Exact alert URL still needs to be recorded before final publication; generic incidents index is not sufficient provenance. Exact alert URL still needs to be recorded before final publication; generic incidents index is not sufficient provenance.,2026-09-07,not_verified,unknown,,metadata_only_license_not_verified,No individual image license evidence was available because this record is a source-photo queue entry.
PC_000185,CASE_0032,source_photo_queue,awaiting_specific_image_url,,E3,https://www.who.int/teams/regulation-prequalification/incidents,,QUEUE ONLY: candidate slot 3 on the current WHO alert/source page. Do not treat as an image until a specific source image URL is extracted and reviewed. WHO alert documents three falsified JAKAVI batches. Exact alert URL still needs to be recorded before final publication; generic incidents index is not sufficient provenance. Exact alert URL still needs to be recorded before final publication; generic incidents index is not sufficient provenance.,2026-09-07,not_verified,unknown,,metadata_only_license_not_verified,No individual image license evidence was available because this record is a source-photo queue entry.
PC_000186,CASE_0032,source_photo_queue,awaiting_specific_image_url,,E3,https://www.who.int/teams/regulation-prequalification/incidents,,QUEUE ONLY: candidate slot 4 on the current WHO alert/source page. Do not treat as an image until a specific source image URL is extracted and reviewed. WHO alert documents three falsified JAKAVI batches. Exact alert URL still needs to be recorded before final publication; generic incidents index is not sufficient provenance. Exact alert URL still needs to be recorded before final publication; generic incidents index is not sufficient provenance.,2026-09-07,not_verified,unknown,,metadata_only_license_not_verified,No individual image license evidence was available because this record is a source-photo queue entry.
PC_000187,CASE_0032,source_photo_queue,awaiting_specific_image_url,,E3,https://www.who.int/teams/regulation-prequalification/incidents,,QUEUE ONLY: candidate slot 5 on the current WHO alert/source page. Do not treat as an image until a specific source image URL is extracted and reviewed. WHO alert documents three falsified JAKAVI batches. Exact alert URL still needs to be recorded before final publication; generic incidents index is not sufficient provenance. Exact alert URL still needs to be recorded before final publication; generic incidents index is not sufficient provenance.,2026-09-07,not_verified,unknown,,metadata_only_license_not_verified,No individual image license evidence was available because this record is a source-photo queue entry.
PC_000188,CASE_0032,source_photo_queue,awaiting_specific_image_url,,E3,https://www.who.int/teams/regulation-prequalification/incidents,,QUEUE ONLY: candidate slot 6 on the current WHO alert/source page. Do not treat as an image until a specific source image URL is extracted and reviewed. WHO alert documents three falsified JAKAVI batches. Exact alert URL still needs to be recorded before final publication; generic incidents index is not sufficient provenance. Exact alert URL still needs to be recorded before final publication; generic incidents index is not sufficient provenance.,2026-09-07,not_verified,unknown,,metadata_only_license_not_verified,No individual image license evidence was available because this record is a source-photo queue entry.
