candidate_id,commons_title,status,relpath,sha256,bytes,fetched_url,note
BA_000007,File:'Coartem e fixe' poster showing medicine and mothers taking care of sick child (14467049780).jpg,prefiltered,,,,,title/credit names 'poster'
BA_000008,File:'Counsel's Opinion'; advert for Lamplough's Pyretic Saline Wellcome L0044885.jpg,prefiltered,,,,,title/credit names 'advert'
BA_000016,File:10mg Valium pill.jpg,prefiltered,,,,,native short side 95 px
BA_000032,File:2 10mg Valium pills.jpg,prefiltered,,,,,native short side 97 px
BA_000070,File:23.4% Sodium Chloride.jpg,prefiltered,,,,,per-term cap 24 reached for 'Category:Pharmaceutical products'
BA_000083,File:610happu.JPG,prefiltered,,,,,per-term cap 24 reached for 'Category:Pharmaceutical products'
BA_000084,File:64a01mdpqdyb1.jpg,prefiltered,,,,,per-term cap 24 reached for 'Category:Pharmaceutical products'
BA_000086,File:999 cold relief drugs on shelf-20221206.jpg,prefiltered,,,,,per-term cap 24 reached for 'Category:Pharmaceutical products'
BA_000087,File:999 gastric drugs on shelf-20221207.jpg,prefiltered,,,,,per-term cap 24 reached for 'Category:Pharmaceutical products'
BA_000088,File:A Chinese Herbal soup from Yuen Sun Tong.jpg,prefiltered,,,,,per-term cap 24 reached for 'Category:Pharmaceutical products'
BA_000089,File:A History Of Psychotropics - Flickr - schoschie.jpg,prefiltered,,,,,per-term cap 24 reached for 'Category:Pharmaceutical products'
BA_000101,File:A boon-Hill's genuine magnetic anti-headache cap-A sure cure LCCN00650621.jpg,prefiltered,,,,,per-term cap 24 reached for 'Category:Pharmaceutical products'
BA_000105,File:A clinical specialist with the Army Health Services Command prepares prescription cream for the out-patient pharmacy - DPLA - 03e3c2e919afbb65b7dc77c9b90ad17d.jpeg,prefiltered,,,,,per-term cap 24 reached for 'Category:Pharmaceutical products'
BA_000106,File:A container of tablets kept at the central Aflao Hospital.jpg,prefiltered,,,,,per-term cap 24 reached for 'Category:Pharmaceutical products'
BA_000112,File:A display of drugs in Nigeria.jpg,prefiltered,,,,,per-term cap 24 reached for 'Category:Pharmaceutical products'
BA_000123,File:A grimacing invalid seated before a bowl having received an Wellcome V0011213.jpg,prefiltered,,,,,per-term cap 24 reached for 'Category:Medicine bottles'
BA_000124,File:A haggard old woman carelessly mixing a recipe for corns on Wellcome V0011141.jpg,prefiltered,,,,,per-term cap 24 reached for 'Category:Medicine bottles'
BA_000125,File:A haggard old woman carelessly mixing a recipe for corns on Wellcome V0011142.jpg,prefiltered,,,,,per-term cap 24 reached for 'Category:Medicine bottles'
BA_000126,File:A history of the German Baptist Brethren in Europe and America (1899) (14577574000).jpg,prefiltered,,,,,per-term cap 24 reached for 'Category:Medicine bottles'
BA_000127,File:A hypochondriac at home with his anxious nurse. Wood engravi Wellcome V0011262.jpg,prefiltered,,,,,per-term cap 24 reached for 'Category:Medicine bottles'
BA_000128,File:A l'hôpital Laquintinie de Douala 14.jpg,prefiltered,,,,,per-term cap 24 reached for 'Category:Pharmaceutical products'
BA_000129,File:A man grimacing at some unpleasant tasting medicine he has b Wellcome V0016566.jpg,prefiltered,,,,,per-term cap 24 reached for 'Category:Medicine bottles'
BA_000130,File:A man grimacing at some unpleasant tasting medicine he has b Wellcome V0016567.jpg,prefiltered,,,,,per-term cap 24 reached for 'Category:Medicine bottles'
BA_000131,File:A man pulling a peculiar face as he is about to take some me Wellcome V0011211.jpg,prefiltered,,,,,per-term cap 24 reached for 'Category:Medicine bottles'
BA_000132,File:A man selling medicinal drugs to a woman in a bazaar in Cons Wellcome L0002916.jpg,prefiltered,,,,,per-term cap 24 reached for 'Category:Pharmaceutical products'
BA_000133,File:A man selling medicinal drugs to a woman in a bazaar in Cons Wellcome V0010737.jpg,prefiltered,,,,,per-term cap 24 reached for 'Category:Pharmaceutical products'
BA_000134,"File:A man standing by a fire place, pulling a Wellcome V0011212.jpg",prefiltered,,,,,per-term cap 24 reached for 'Category:Medicine bottles'
BA_000135,"File:A man standing by a fire place, pulling a peculiar face afte Wellcome V0011136.jpg",prefiltered,,,,,per-term cap 24 reached for 'Category:Medicine bottles'
BA_000136,"File:A man standing by a fire place, pulling a peculiar face afte Wellcome V0011203.jpg",prefiltered,,,,,per-term cap 24 reached for 'Category:Medicine bottles'
BA_000137,"File:A man standing by a fire place, pulling a peculiar face afte Wellcome V0011204.jpg",prefiltered,,,,,per-term cap 24 reached for 'Category:Medicine bottles'
BA_000138,"File:A man standing by a fire place, pulling a peculiar face afte Wellcome V0011206ER.jpg",prefiltered,,,,,per-term cap 24 reached for 'Category:Medicine bottles'
BA_000139,"File:A man standing by a fire place, pulling a peculiar face afte Wellcome V0011208.jpg",prefiltered,,,,,per-term cap 24 reached for 'Category:Medicine bottles'
BA_000140,"File:A man standing by a fireplace, pulling a Wellcome V0011207.jpg",prefiltered,,,,,per-term cap 24 reached for 'Category:Medicine bottles'
BA_000141,"File:A man standing by a fireplace, pulling a peculiar face after Wellcome V0011205.jpg",prefiltered,,,,,per-term cap 24 reached for 'Category:Medicine bottles'
BA_000142,"File:A man standing by a fireplace, pulling a peculiar face after Wellcome V0011206EL.jpg",prefiltered,,,,,per-term cap 24 reached for 'Category:Medicine bottles'
BA_000143,"File:A man standing by a fireplace, pulling a peculiar face after Wellcome V0011207EL.jpg",prefiltered,,,,,per-term cap 24 reached for 'Category:Medicine bottles'
BA_000144,"File:A man standing by a fireplace, pulling a peculiar face after Wellcome V0011207ER.jpg",prefiltered,,,,,per-term cap 24 reached for 'Category:Medicine bottles'
BA_000145,"File:A man standing by a fireplace, pulling a peculiar face after Wellcome V0011209.jpg",prefiltered,,,,,per-term cap 24 reached for 'Category:Medicine bottles'
BA_000146,"File:A man standing by a fireplace, pulling a peculiar face after Wellcome V0011210.jpg",prefiltered,,,,,per-term cap 24 reached for 'Category:Medicine bottles'
BA_000147,File:A monkey holding a clyster in an apothecary's shop; satirizi Wellcome V0011663.jpg,prefiltered,,,,,per-term cap 24 reached for 'Category:Medicine bottles'
BA_000148,File:A new medicine for the cure of influenza Wellcome L0061087.jpg,prefiltered,,,,,per-term cap 24 reached for 'Category:Pharmaceutical products'
BA_000149,File:A seated hypochondriac shivering in front of a fire and surr Wellcome V0011160.jpg,prefiltered,,,,,per-term cap 24 reached for 'Category:Medicine bottles'
BA_000150,File:A sick man being visited by a reassuring friend. Wood engrav Wellcome V0011156.jpg,prefiltered,,,,,per-term cap 24 reached for 'Category:Medicine bottles'
BA_000153,File:A surgery where all fantasy and follies are purged and good Wellcome V0011656.jpg,prefiltered,,,,,per-term cap 24 reached for 'Category:Medicine bottles'
BA_000155,File:A witch's kitchen (34322619695).jpg,prefiltered,,,,,per-term cap 24 reached for 'Category:Medicine bottles'
BA_000158,File:ABDIFLY Aripiprazole 15mg.jpg,prefiltered,,,,,per-term cap 24 reached for 'Category:Pharmaceutical products'
BA_000160,File:ADDERALL 20 XR.png,prefiltered,,,,,native short side 83 px
BA_000161,File:ADVIL.jpg,prefiltered,,,,,per-term cap 24 reached for 'Category:Medicine bottles'
BA_000162,File:ALBENDAZOLE.jpg,prefiltered,,,,,per-term cap 24 reached for 'Category:Medicine bottles'
BA_000166,File:ATP-2Na.jpg,prefiltered,,,,,per-term cap 24 reached for 'Category:Pharmaceutical products'
BA_000173,File:AZM (Acetazolamide).JPG,prefiltered,,,,,per-term cap 24 reached for 'Category:Pharmaceutical products'
BA_000175,"File:Abandoned house, Łęg, Kraków 06.jpg",prefiltered,,,,,per-term cap 24 reached for 'Category:Medicine bottles'
BA_000176,File:Abili.JPG,prefiltered,,,,,per-term cap 24 reached for 'Category:Pharmaceutical products'
BA_000177,File:Abilify 2 and 5.jpg,prefiltered,,,,,per-term cap 24 reached for 'Category:Pharmaceutical products'
BA_000178,File:Abilify® (aripiprazole) 10mg.jpg,prefiltered,,,,,per-term cap 24 reached for 'Category:Pharmaceutical products'
BA_000179,File:Accofil.JPG,prefiltered,,,,,per-term cap 24 reached for 'Category:Pharmaceutical products'
BA_000183,File:Acenocumarole.jpg,prefiltered,,,,,per-term cap 24 reached for 'Category:Pharmaceutical products'
BA_000184,File:Acetaminophen (cropped).jpg,prefiltered,,,,,per-term cap 24 reached for 'Category:Pharmaceutical products'
BA_000186,File:Acheter des médicaments.jpg,prefiltered,,,,,per-term cap 24 reached for 'Category:Pharmaceutical products'
BA_000187,File:Aciphex-20b.jpg,prefiltered,,,,,per-term cap 24 reached for 'Category:Pharmaceutical products'
BA_000188,File:Aciphex-sample-bottle.jpg,prefiltered,,,,,per-term cap 24 reached for 'Category:Pharmaceutical products'
BA_000189,File:Actavis (logo) Oxymorphone ER 20mg.jpg,prefiltered,,,,,title/credit names 'logo'
BA_000190,File:ActivatedCharcoal.JPG,prefiltered,,,,,per-term cap 24 reached for 'Category:Pharmaceutical products'
BA_000193,File:Adderall XR 20mg.jpg,prefiltered,,,,,per-term cap 24 reached for 'Category:Medicine bottles'
BA_000194,File:Adderall bottle and capsules.jpg,prefiltered,,,,,per-term cap 24 reached for 'Category:Medicine bottles'
BA_000195,File:Adderallrx.jpg,prefiltered,,,,,per-term cap 24 reached for 'Category:Medicine bottles'
BA_000197,File:Adenosine (1).JPG,prefiltered,,,,,per-term cap 24 reached for 'Category:Pharmaceutical products'
BA_000198,File:Adeps Humanus IMG 1893 edit.jpg,prefiltered,,,,,per-term cap 24 reached for 'Category:Pharmaceutical products'
BA_000199,File:Adeps solidus for suppositories.jpg,prefiltered,,,,,per-term cap 24 reached for 'Category:Medicine bottles'
BA_000200,File:AdepsLanaeCrudus-Lanolin.JPG,prefiltered,,,,,per-term cap 24 reached for 'Category:Pharmaceutical products'
BA_000201,File:Adminstering oral medication.jpg,prefiltered,,,,,per-term cap 24 reached for 'Category:Pharmaceutical products'
BA_000202,File:Adrenalin.jpg,prefiltered,,,,,per-term cap 24 reached for 'Category:Pharmaceutical products'
BA_000203,File:Advert for Calpol Infant Suspensions Wellcome L0071116.jpg,prefiltered,,,,,title/credit names 'Advert'
BA_000204,File:Advert for Calpol Infant Suspensions Wellcome L0071117.jpg,prefiltered,,,,,title/credit names 'Advert'
BA_000205,File:Advert for Calpol Infant Suspensions Wellcome L0071118.jpg,prefiltered,,,,,title/credit names 'Advert'
BA_000206,"File:Advert for Formamint ""Wulfing"" Brand Tablets Wellcome L0040470.jpg",prefiltered,,,,,title/credit names 'Advert'
BA_000207,File:Advert1.jpg,prefiltered,,,,,per-term cap 24 reached for 'Category:Pharmaceutical products'
BA_000208,File:Advertisement for Tuberculomucin Weleminsky Wellcome L0072646.jpg,prefiltered,,,,,per-term cap 24 reached for 'Category:Pharmaceutical products'
BA_000209,File:Advertisement for Tuberculomucin Weleminsky Wellcome L0072647.jpg,prefiltered,,,,,per-term cap 24 reached for 'Category:Pharmaceutical products'
BA_000210,File:Advertisment for Calpol Wellcome L0034495.jpg,prefiltered,,,,,per-term cap 24 reached for 'Category:Pharmaceutical products'
BA_000211,File:Advilbottle.jpg,prefiltered,,,,,per-term cap 24 reached for 'Category:Medicine bottles'
BA_000212,File:Advilliquidgels.jpg,prefiltered,,,,,per-term cap 24 reached for 'Category:Medicine bottles'
BA_000216,File:Afobazole.jpg,prefiltered,,,,,per-term cap 24 reached for 'Category:Pharmaceutical products'
BA_000219,File:Agen-5.jpg,prefiltered,,,,,per-term cap 24 reached for 'Category:Pharmaceutical products'
BA_000220,File:Aguja indolora Acofar.jpg,prefiltered,,,,,per-term cap 24 reached for 'Category:Pharmaceutical products'
BA_000222,File:Albarello drug jar for Mesue's French Musked Lozenges of Alo Wellcome L0058349.jpg,prefiltered,,,,,per-term cap 24 reached for 'Category:Medicine bottles'
BA_000223,"File:Albert Heijn Paracetamol, Winschoten (2020) 01.jpg",prefiltered,,,,,per-term cap 24 reached for 'Category:Pharmaceutical products'
BA_000224,"File:Albert Heijn Paracetamol, Winschoten (2020) 02.jpg",prefiltered,,,,,per-term cap 24 reached for 'Category:Pharmaceutical products'
BA_000225,"File:Albert Heijn paracetamol, Hillegersberg, Rotterdam (2021) 01.jpg",prefiltered,,,,,per-term cap 24 reached for 'Category:Pharmaceutical products'
BA_000226,"File:Albert Heijn paracetamol, Hillegersberg, Rotterdam (2021) 02.jpg",prefiltered,,,,,per-term cap 24 reached for 'Category:Pharmaceutical products'
BA_000227,"File:Alcover 17,5 - Gamma-Hydroxybutyric acid.JPG",prefiltered,,,,,per-term cap 24 reached for 'Category:Pharmaceutical products'
BA_000228,File:Aldactone.JPG,prefiltered,,,,,per-term cap 24 reached for 'Category:Pharmaceutical products'
BA_000229,File:Algifen-neo.jpg,prefiltered,,,,,per-term cap 24 reached for 'Category:Pharmaceutical products'
BA_000230,File:Alglucerase.png,prefiltered,,,,,native short side 270 px
BA_000231,File:Alglucosidase.png,prefiltered,,,,,per-term cap 24 reached for 'Category:Pharmaceutical products'
BA_000232,File:Alimemazin APL 20mg.jpeg,prefiltered,,,,,per-term cap 24 reached for 'Category:Medicine bottles'
BA_000236,File:Alka Seltzer tablet.JPG,prefiltered,,,,,native short side 126 px
BA_000255,File:Alka-Seltzer in water 2.jpg,prefiltered,,,,,per-term cap 24 reached for 'Category:Tablets (pharmacy)'
BA_000256,File:Alka-Seltzer in water.jpg,prefiltered,,,,,native short side 287 px
BA_000257,File:Alka-Seltzer tablet - pair.jpg,prefiltered,,,,,per-term cap 24 reached for 'Category:Tablets (pharmacy)'
BA_000258,File:Alka-Seltzer tablet - pair.png,prefiltered,,,,,per-term cap 24 reached for 'Category:Tablets (pharmacy)'
BA_000259,File:Alka-Seltzer tablet breaking water surface.jpg,prefiltered,,,,,per-term cap 24 reached for 'Category:Tablets (pharmacy)'
BA_000260,File:Alka-Seltzer tablet breaking water surface.png,prefiltered,,,,,per-term cap 24 reached for 'Category:Tablets (pharmacy)'
BA_000261,File:Alka-Seltzer tablet dissolving - wide.jpg,prefiltered,,,,,per-term cap 24 reached for 'Category:Tablets (pharmacy)'
BA_000262,File:Alka-Seltzer tablet dissolving - wide.png,prefiltered,,,,,per-term cap 24 reached for 'Category:Tablets (pharmacy)'
BA_000263,File:Alka-Seltzer tablet dissolving 1.jpg,prefiltered,,,,,per-term cap 24 reached for 'Category:Tablets (pharmacy)'
BA_000264,File:Alka-Seltzer tablet dissolving 1.png,prefiltered,,,,,per-term cap 24 reached for 'Category:Tablets (pharmacy)'
BA_000265,File:Alka-Seltzer tablet dissolving 2.jpg,prefiltered,,,,,per-term cap 24 reached for 'Category:Tablets (pharmacy)'
BA_000266,File:Alka-Seltzer tablet dissolving 2.png,prefiltered,,,,,per-term cap 24 reached for 'Category:Tablets (pharmacy)'
BA_000267,File:Alka-Seltzer tablet sinking in glass.jpg,prefiltered,,,,,per-term cap 24 reached for 'Category:Tablets (pharmacy)'
BA_000268,File:Alka-Seltzer tablet sinking in glass.png,prefiltered,,,,,per-term cap 24 reached for 'Category:Tablets (pharmacy)'
BA_000269,File:Alka-Seltzer tablet.jpg,prefiltered,,,,,per-term cap 24 reached for 'Category:Tablets (pharmacy)'
BA_000270,File:Alka-Seltzer tablet.png,prefiltered,,,,,per-term cap 24 reached for 'Category:Tablets (pharmacy)'
BA_000271,File:Alka-Seltzer tablets and packet.jpg,prefiltered,,,,,per-term cap 24 reached for 'Category:Tablets (pharmacy)'
BA_000272,File:Alka-Seltzer tablets and packet.png,prefiltered,,,,,per-term cap 24 reached for 'Category:Tablets (pharmacy)'
BA_000273,File:Alka-seltzer.jpg,prefiltered,,,,,per-term cap 24 reached for 'Category:Tablets (pharmacy)'
BA_000276,File:Allelock (Olopatadine).jpg,prefiltered,,,,,per-term cap 24 reached for 'Category:Blister packs'
BA_000277,File:Allen R Hu Rheumatic Aches And Pains Cure (31255255027).jpg,prefiltered,,,,,per-term cap 24 reached for 'Category:Pharmaceutical products'
BA_000278,File:Allen R Hu Rheumatic Aches And Pains Cure (44147899240).jpg,prefiltered,,,,,per-term cap 24 reached for 'Category:Pharmaceutical products'
BA_000280,File:Allies share lifesaving trauma care tactics at Atlantic Trident 25 (9130589).jpg,prefiltered,,,,,per-term cap 24 reached for 'Category:Medicine bottles'
BA_000281,File:Almacin.jpg,prefiltered,,,,,per-term cap 24 reached for 'Category:Pharmaceutical products'
BA_000285,File:Alocril.jpg,prefiltered,,,,,per-term cap 24 reached for 'Category:Pharmaceutical products'
BA_000286,File:Alodorm5mg.jpg,prefiltered,,,,,per-term cap 24 reached for 'Category:Medicine bottles'
BA_000287,File:Alphagan Korean.jpg,prefiltered,,,,,per-term cap 24 reached for 'Category:Pharmaceutical products'
BA_000288,File:Alphagan-japan.jpg,prefiltered,,,,,per-term cap 24 reached for 'Category:Pharmaceutical products'
BA_000289,File:Alprazolam 04 jp.jpg,prefiltered,,,,,per-term cap 24 reached for 'Category:Pharmaceutical products'
BA_000291,"File:Alte Arzneiflaschen, Antiquitätengeschäft, Belfast, Nordirland.jpg",prefiltered,,,,,per-term cap 24 reached for 'Category:Medicine bottles'
BA_000292,File:Alte Sepso Präparate.jpg,prefiltered,,,,,per-term cap 24 reached for 'Category:Pharmaceutical products'
BA_000293,File:Alteplase.png,prefiltered,,,,,per-term cap 24 reached for 'Category:Pharmaceutical products'
BA_000294,File:Always fun visiting our @surescripts friends (13289173824).jpg,prefiltered,,,,,per-term cap 24 reached for 'Category:Pharmaceutical products'
BA_000295,File:American X-ray journal (1903) (14571499668).jpg,prefiltered,,,,,per-term cap 24 reached for 'Category:Pharmaceutical products'
BA_000296,File:American X-ray journal (1903) (14735129896).jpg,prefiltered,,,,,per-term cap 24 reached for 'Category:Pharmaceutical products'
BA_000297,File:American homes and gardens (1908) (18154335305).jpg,prefiltered,,,,,native short side 260 px
BA_000299,File:American woman's daily necessities.jpg,prefiltered,,,,,per-term cap 24 reached for 'Category:Blister packs'
BA_000300,File:Aminoleban EN powder mix.jpg,prefiltered,,,,,per-term cap 24 reached for 'Category:Pharmaceutical products'
BA_000301,File:Amiodarone UA.JPG,prefiltered,,,,,per-term cap 24 reached for 'Category:Pharmaceutical products'
BA_000302,File:Amitriptyline 25.JPG,prefiltered,,,,,per-term cap 24 reached for 'Category:Blister packs'
BA_000303,File:Amitriptyline 50.JPG,prefiltered,,,,,per-term cap 24 reached for 'Category:Blister packs'
BA_000304,File:Amitriptyline Nycomed.JPG,prefiltered,,,,,per-term cap 24 reached for 'Category:Medicine bottles'
BA_000305,File:Amitriptyline gouttes.JPG,prefiltered,,,,,per-term cap 24 reached for 'Category:Pharmaceutical products'
BA_000306,File:Amitriptyline.JPG,prefiltered,,,,,native short side 254 px
BA_000307,File:Amitriptyline25.JPG,prefiltered,,,,,per-term cap 24 reached for 'Category:Blister packs'
BA_000308,File:Amitriptyline50.JPG,prefiltered,,,,,per-term cap 24 reached for 'Category:Blister packs'
BA_000309,File:Amlator 10-5 mg tbl.jpg,prefiltered,,,,,per-term cap 24 reached for 'Category:Blister packs'
BA_000310,File:Amlodipin Sandoz bottle.jpg,prefiltered,,,,,per-term cap 24 reached for 'Category:Medicine bottles'
BA_000311,"File:Ammonia inhalants, to revive patient from fainting of shock, to be used as smelling salts, front side.JPG",prefiltered,,,,,per-term cap 24 reached for 'Category:Pharmaceutical products'
BA_000312,"File:Ammonia inhalants, to revive patient from fainting of shock, to be used as smelling salts.JPG",prefiltered,,,,,per-term cap 24 reached for 'Category:Pharmaceutical products'
BA_000317,File:Amoxicilina.png,prefiltered,,,,,native short side 279 px
BA_000326,File:Amoxicillin-2D-skeletal.png,prefiltered,,,,,title/credit names 'skeletal'
BA_000334,File:Amoxicilline.png,prefiltered,,,,,native short side 222 px
BA_000337,File:Amphetaminsulfat-d-l-10mg.jpg,prefiltered,,,,,per-term cap 24 reached for 'Category:Medicine bottles'
BA_000340,File:An analgesic pill in a medicine bottle. Colour lithograph by Wellcome L0028175.jpg,prefiltered,,,,,per-term cap 24 reached for 'Category:Medicine bottles'
BA_000341,File:An apothecary in his shop. Wood engraving. Wellcome V0010718.jpg,prefiltered,,,,,per-term cap 24 reached for 'Category:Medicine bottles'
BA_000342,"File:An apothecary's apparatus. Wood engraving, 1861. Wellcome L0006844.jpg",prefiltered,,,,,per-term cap 24 reached for 'Category:Medicine bottles'
BA_000343,File:An ill man taking a gargling mixture for a sore throat. Colo Wellcome V0011148.jpg,prefiltered,,,,,per-term cap 24 reached for 'Category:Medicine bottles'
BA_000344,File:An interior of a stylish pharmacy with the pharmacist servin Wellcome M0018898.jpg,prefiltered,,,,,per-term cap 24 reached for 'Category:Medicine bottles'
BA_000345,"File:An invalid strapped into a special chair, next to him is a t Wellcome V0011154.jpg",prefiltered,,,,,per-term cap 24 reached for 'Category:Medicine bottles'
BA_000346,"File:Anaesthesia; Ether can, c.1930 Wellcome L0018321.jpg",prefiltered,,,,,per-term cap 24 reached for 'Category:Pharmaceutical products'
BA_000347,File:Anafranil Japan.jpg,prefiltered,,,,,per-term cap 24 reached for 'Category:Blister packs'
BA_000348,File:Anastrozole Tablets Used for Breast Cancer Treatment (29055530058).jpg,prefiltered,,,,,per-term cap 24 reached for 'Category:Medicine bottles'
BA_000350,File:Ancient Apothecary Organized Shelves (10157050846).jpg,prefiltered,,,,,per-term cap 24 reached for 'Category:Medicine bottles'
BA_000351,File:Andmekaeve retseptiravimite väljastamise monitooringus (PDMP).jpg,prefiltered,,,,,per-term cap 24 reached for 'Category:Pharmaceutical products'
BA_000354,File:Anipryl packaging.jpg,prefiltered,,,,,per-term cap 24 reached for 'Category:Pharmaceutical products'
BA_000356,File:Annual-research-and-development-funding-for-technologies-infectious-diseases.png,prefiltered,,,,,per-term cap 24 reached for 'Category:Pharmaceutical products'
BA_000357,File:Anopyrin-400mg.jpg,prefiltered,,,,,per-term cap 24 reached for 'Category:Pharmaceutical products'
BA_000358,File:AntaFlu.jpg,prefiltered,,,,,per-term cap 24 reached for 'Category:Pharmaceutical products'
BA_000359,File:Antbron 15mg by Towa Pharmaceutical.jpg,prefiltered,,,,,per-term cap 24 reached for 'Category:Blister packs'
BA_000362,File:Anti-heartburnMedicine.jpg,prefiltered,,,,,per-term cap 24 reached for 'Category:Pharmaceutical products'
BA_000363,File:Antibabypille.jpg,prefiltered,,,,,per-term cap 24 reached for 'Category:Blister packs'
BA_000365,File:Antibiotics.jpg,prefiltered,,,,,per-term cap 24 reached for 'Augmentin'
BA_000366,File:Antibiyotik.JPG,prefiltered,,,,,per-term cap 24 reached for 'Category:Blister packs'
BA_000374,File:Antibody IgG1 structure.png,prefiltered,,,,,title/credit names 'structure'
BA_000378,"File:Antique medicine and chemical bottles in Cedar Key Historical Museum in Cedar Key, Florida, US, on 23 January 2021.jpg",prefiltered,,,,,title/credit names 'chemical'
BA_000380,File:Antiretroviral HIV Medication (32596142246).jpg,prefiltered,,,,,per-term cap 24 reached for 'Category:Medicine bottles'
BA_000381,File:Apaurin.jpg,prefiltered,,,,,per-term cap 24 reached for 'Category:Pharmaceutical products'
BA_000382,File:Apernyl1.JPG,prefiltered,,,,,per-term cap 24 reached for 'Category:Pharmaceutical products'
BA_000383,File:Apernyl2.JPG,prefiltered,,,,,per-term cap 24 reached for 'Category:Pharmaceutical products'
BA_000384,File:Apo-amlo 5 mg tbl.jpg,prefiltered,,,,,per-term cap 24 reached for 'Category:Pharmaceutical products'
BA_000385,File:Apothecary Bottles.JPG,prefiltered,,,,,per-term cap 24 reached for 'Category:Medicine bottles'
BA_000386,File:Apothecary bottle (fiasca da farmacia) MET DT3460.jpg,prefiltered,,,,,per-term cap 24 reached for 'Category:Medicine bottles'
BA_000387,File:Apothecary bottle (fiasca da farmacia) MET DT3461.jpg,prefiltered,,,,,per-term cap 24 reached for 'Category:Medicine bottles'
BA_000388,File:Apothecary bottle reading Acid Sulph Dil Wellcome L0037297.jpg,prefiltered,,,,,per-term cap 24 reached for 'Category:Medicine bottles'
BA_000389,File:Apothecary bottle used for aqua cochlear Wellcome L0036653.jpg,prefiltered,,,,,per-term cap 24 reached for 'Category:Pharmaceutical products'
BA_000391,File:Apothecary bottle used for scury-grass water Wellcome L0036651.jpg,prefiltered,,,,,per-term cap 24 reached for 'Category:Medicine bottles'
BA_000392,File:Apothecary glass vials 01.jpg,prefiltered,,,,,per-term cap 24 reached for 'Category:Medicine bottles'
BA_000393,"File:Apothecary's dispensing bottle from Japan, Honolulu Museum of Art 2615.1.jpg",prefiltered,,,,,per-term cap 24 reached for 'Category:Medicine bottles'
BA_000394,File:Apothecarybottles.jpg,prefiltered,,,,,per-term cap 24 reached for 'Category:Medicine bottles'
BA_000395,File:Apotheke Weisser Storch 4.JPG,prefiltered,,,,,per-term cap 24 reached for 'Category:Medicine bottles'
BA_000396,File:Apotheke Weisser Storch 5.JPG,prefiltered,,,,,per-term cap 24 reached for 'Category:Medicine bottles'
BA_000397,File:Apotheke am Kurplatz Oberstdorf Braunglasflasche Pinojod 2.jpg,prefiltered,,,,,per-term cap 24 reached for 'Category:Pharmaceutical products'
BA_000398,File:Apotheke am Kurplatz Oberstdorf Braunglasflasche Pinojod 3.jpg,prefiltered,,,,,per-term cap 24 reached for 'Category:Pharmaceutical products'
BA_000399,File:Apotheke am Kurplatz Oberstdorf Braunglasflasche Pinojod.jpg,prefiltered,,,,,per-term cap 24 reached for 'Category:Pharmaceutical products'
BA_000400,"File:Apotheken Gefäße, Kärnten, Austria 01.jpg",prefiltered,,,,,per-term cap 24 reached for 'Category:Medicine bottles'
BA_000401,"File:Apotheken Gefäße, Kärnten, Austria 02.jpg",prefiltered,,,,,per-term cap 24 reached for 'Category:Medicine bottles'
BA_000402,"File:Apotheken Gefäße, Kärnten, Austria 03.jpg",prefiltered,,,,,per-term cap 24 reached for 'Category:Medicine bottles'
BA_000403,"File:Apotheken Gefäße, Kärnten, Austria 04.jpg",prefiltered,,,,,per-term cap 24 reached for 'Category:Medicine bottles'
BA_000404,"File:Apotheken Gefäße, Kärnten, Austria 05.jpg",prefiltered,,,,,per-term cap 24 reached for 'Category:Medicine bottles'
BA_000405,"File:Apotheken Gefäße, Kärnten, Austria 06.jpg",prefiltered,,,,,per-term cap 24 reached for 'Category:Medicine bottles'
BA_000406,"File:Apotheken Gefäße, Kärnten, Austria 07.jpg",prefiltered,,,,,per-term cap 24 reached for 'Category:Medicine bottles'
BA_000407,"File:Apotheken Gefäße, Kärnten, Austria 08.jpg",prefiltered,,,,,per-term cap 24 reached for 'Category:Medicine bottles'
BA_000408,"File:Apotheken Gefäße, Kärnten, Austria 09.jpg",prefiltered,,,,,per-term cap 24 reached for 'Category:Medicine bottles'
BA_000409,File:Apothekenmuseum Sirupkanne Fayence IMG 0011.jpg,prefiltered,,,,,per-term cap 24 reached for 'Category:Pharmaceutical products'
BA_000410,File:Application de La goutte ophtalmique Pour Les Yeux A l'hôpital Laquintinie de Douala 13.jpg,prefiltered,,,,,per-term cap 24 reached for 'Category:Pharmaceutical products'
BA_000411,File:Apply-eye-drops.jpg,prefiltered,,,,,per-term cap 24 reached for 'Category:Pharmaceutical products'
BA_000412,File:Applying saline solution to a dog's eye.jpg,prefiltered,,,,,per-term cap 24 reached for 'Category:Pharmaceutical products'
BA_000414,File:Aprovel Sales In China.jpg,prefiltered,,,,,per-term cap 24 reached for 'Category:Pharmaceutical products'
BA_000415,"File:Aqua glass medicine bottle manufactured by Glass company at St. Marys Glass Co. Pennsylvania, c. 1905.jpg",prefiltered,,,,,per-term cap 24 reached for 'Category:Medicine bottles'
BA_000416,File:Ardinex.JPG,prefiltered,,,,,per-term cap 24 reached for 'Category:Pharmaceutical products'
BA_000417,File:Aribit (Aripiprazole) tablets.jpg,prefiltered,,,,,per-term cap 24 reached for 'Category:Pharmaceutical products'
BA_000418,File:Aricept 10mg 000195lg.jpg,prefiltered,,,,,per-term cap 24 reached for 'Category:Pharmaceutical products'
BA_000419,File:Arimidex.jpg,prefiltered,,,,,per-term cap 24 reached for 'Category:Blister packs'
BA_000420,File:Aripiprazole 10mg.jpg,prefiltered,,,,,per-term cap 24 reached for 'Category:Pharmaceutical products'
BA_000421,File:Aristocort.jpg,prefiltered,,,,,per-term cap 24 reached for 'Category:Pharmaceutical products'
BA_000422,File:Armoire à pharmacie.jpg,prefiltered,,,,,per-term cap 24 reached for 'Category:Pharmaceutical products'
BA_000423,File:Armolipid Milan.jpg,prefiltered,,,,,per-term cap 24 reached for 'Category:Pharmaceutical products'
BA_000424,File:Artaneアーテン6185851.jpg,prefiltered,,,,,per-term cap 24 reached for 'Category:Blister packs'
BA_000426,File:Arthrotec50.JPG,prefiltered,,,,,native short side 272 px
BA_000427,File:Artificial tears brands.jpg,prefiltered,,,,,per-term cap 24 reached for 'Category:Pharmaceutical products'
BA_000428,File:Arzneimittelkapsel01.jpg,prefiltered,,,,,per-term cap 24 reached for 'Category:Pharmaceutical products'
BA_000429,File:Asarum1 xiqin.jpg,prefiltered,,,,,per-term cap 24 reached for 'Category:Pharmaceutical products'
BA_000430,File:Asentra PL photo.jpg,prefiltered,,,,,per-term cap 24 reached for 'Category:Blister packs'
BA_000431,File:Aspirin-Fläschchen.jpg,prefiltered,,,,,per-term cap 24 reached for 'Category:Medicine bottles'
BA_000432,File:Aspirin1.jpg,prefiltered,,,,,per-term cap 24 reached for 'Category:Medicine bottles'
BA_000433,File:Aspirinum glass.jpg,prefiltered,,,,,per-term cap 24 reached for 'Category:Medicine bottles'
BA_000434,File:Assistant Pharmacist.jpg,prefiltered,,,,,per-term cap 24 reached for 'Category:Pharmaceutical products'
BA_000435,File:Assorted drugs and grinder.jpg,prefiltered,,,,,per-term cap 24 reached for 'Category:Tablets (pharmacy)'
BA_000439,File:Astra saccharin product Soletter.jpg,prefiltered,,,,,per-term cap 24 reached for 'Category:Tablets (pharmacy)'
BA_000445,File:Atarax25.JPG,prefiltered,,,,,per-term cap 24 reached for 'Category:Blister packs'
BA_000446,File:Atenolol tablets (UK).jpg,prefiltered,,,,,per-term cap 24 reached for 'Category:Tablets (pharmacy)'
BA_000448,File:Atorvastatin40mg.jpg,prefiltered,,,,,per-term cap 24 reached for 'Category:Pharmaceutical products'
BA_000449,File:Attack on a warehouse for medicine and milk powder in Hamedan 8.jpg,prefiltered,,,,,per-term cap 24 reached for 'Category:Pharmaceutical products'
BA_000450,File:Augmentin 1 g tbl.jpg,prefiltered,,,,,per-term cap 24 reached for 'Augmentin'
BA_000451,File:Augmentin Amoxicilline-acide clavulanique 875mg-125mg.JPG,prefiltered,,,,,per-term cap 24 reached for 'Augmentin'
BA_000452,File:Augmentin Amoxicilline-clavulaanzuur 875mg-125mg.JPG,prefiltered,,,,,per-term cap 24 reached for 'Augmentin'
BA_000453,File:Augmentin XR antibiotic prescription 2014-03-15 1394865235.jpg,prefiltered,,,,,per-term cap 24 reached for 'Augmentin'
BA_000454,File:Augmentin.jpg,prefiltered,,,,,per-term cap 24 reached for 'Augmentin'
BA_000455,File:Aulin-100.jpg,prefiltered,,,,,per-term cap 24 reached for 'Category:Pharmaceutical products'
BA_000456,File:Ausschnitt Apothekeneinrichtung mit Majolika Gefäß Deutsches Apothekenmuseum.JPG,prefiltered,,,,,per-term cap 24 reached for 'Category:Pharmaceutical products'
BA_000458,File:Avenoc.jpg,prefiltered,,,,,per-term cap 24 reached for 'Category:Pharmaceutical products'
BA_000459,File:Aviso-apagar-arquivo.png,prefiltered,,,,,title/credit names 'Screenshot'
BA_000460,File:Avodart.jpg,prefiltered,,,,,per-term cap 24 reached for 'Category:Blister packs'
BA_000462,File:Ax Wolfram.jpg,prefiltered,,,,,native short side 113 px
BA_000465,File:Ax the Tax rally.jpg,prefiltered,,,,,native short side 214 px
BA_000469,File:Ax-les-Thermes banner.jpg,prefiltered,,,,,title/credit names 'banner'
BA_000471,File:Axeoil.jpg,prefiltered,,,,,native short side 297 px
BA_000472,File:Ayer's Ague Cure (back).jpg,prefiltered,,,,,per-term cap 24 reached for 'Category:Pharmaceutical products'
BA_000473,File:Ayer's Ague Cure (front).jpg,prefiltered,,,,,per-term cap 24 reached for 'Category:Pharmaceutical products'
BA_000474,File:Ayer's Ague Cure - DPLA - 20201a12d87cafd12cc8f26426028f57 (page 1).jpg,prefiltered,,,,,per-term cap 24 reached for 'Category:Pharmaceutical products'
BA_000475,File:Ayer's Ague Cure - DPLA - 20201a12d87cafd12cc8f26426028f57 (page 2).jpg,prefiltered,,,,,per-term cap 24 reached for 'Category:Pharmaceutical products'
BA_000476,File:Ayer's Ague Cure Is Warranted To Cure Fever and Ague And All Malarial Disorders (6875524335).jpg,prefiltered,,,,,per-term cap 24 reached for 'Category:Pharmaceutical products'
BA_000477,File:Ayer's Ague Cure is warranted to cure all malarial disorders. (back).jpg,prefiltered,,,,,per-term cap 24 reached for 'Category:Pharmaceutical products'
BA_000478,File:Ayer's Ague Cure is warranted to cure all malarial disorders. (front).jpg,prefiltered,,,,,per-term cap 24 reached for 'Category:Pharmaceutical products'
BA_000479,File:Ayer's Ague Cure is warranted to cure all malarial disorders. - DPLA - 288663907b40191b6aa4bf6626819e70 (page 1).jpg,prefiltered,,,,,per-term cap 24 reached for 'Category:Pharmaceutical products'
BA_000480,File:Ayer's Ague Cure is warranted to cure all malarial disorders. - DPLA - 288663907b40191b6aa4bf6626819e70 (page 2).jpg,prefiltered,,,,,per-term cap 24 reached for 'Category:Pharmaceutical products'
BA_000481,File:Ayer's Ague Cure is warranted to cure fever & ague and all malarial disorders (front).jpg,prefiltered,,,,,per-term cap 24 reached for 'Category:Pharmaceutical products'
BA_000482,File:Ayer's Ague Cure is warranted to cure fever & ague and all malarial disorders - DPLA - a8ff074e357d9dc7a7c45a78d488abc6 (page 1).jpg,prefiltered,,,,,per-term cap 24 reached for 'Category:Pharmaceutical products'
BA_000483,File:Ayer's Ague Cure is warranted to cure fever & ague and all malarial disorders - DPLA - a8ff074e357d9dc7a7c45a78d488abc6 (page 2).jpg,prefiltered,,,,,per-term cap 24 reached for 'Category:Pharmaceutical products'
BA_000484,File:Ayer's Ague Cure- is warranted to cure all malarial disorders (36928276900).jpg,prefiltered,,,,,per-term cap 24 reached for 'Category:Pharmaceutical products'
BA_000485,File:Ayer's Sarsaparilla purifies the blood Wellcome L0041345.jpg,prefiltered,,,,,per-term cap 24 reached for 'Category:Pharmaceutical products'
BA_000486,File:Ayers Ague Cure Wellcome L0041352.jpg,prefiltered,,,,,per-term cap 24 reached for 'Category:Pharmaceutical products'
BA_000487,File:Ayers Cherry Pectoral for colds and coughs Wellcome L0041350.jpg,prefiltered,,,,,per-term cap 24 reached for 'Category:Pharmaceutical products'
BA_000488,"File:Ayers Cherry Pectoral, Penns Treaty Wellcome L0041348.jpg",prefiltered,,,,,per-term cap 24 reached for 'Category:Pharmaceutical products'
BA_000489,File:Ayers Sarsaparilla gives health and sunny hours Wellcome L0041342.jpg,prefiltered,,,,,per-term cap 24 reached for 'Category:Pharmaceutical products'
BA_000490,File:Ayers cathartic pills Wellcome L0041351.jpg,prefiltered,,,,,per-term cap 24 reached for 'Category:Pharmaceutical products'
BA_000491,"File:Ayers pills, The fight for the standard Wellcome L0041349.jpg",prefiltered,,,,,per-term cap 24 reached for 'Category:Pharmaceutical products'
BA_000492,File:Ayursun Blister machine division Opperating female.jpg,prefiltered,,,,,per-term cap 24 reached for 'Category:Pharmaceutical products'
BA_000493,File:Ayursun Churna & granules Division.jpg,prefiltered,,,,,per-term cap 24 reached for 'Category:Pharmaceutical products'
BA_000494,File:Ayursun Finished Good Pakcing Division.jpg,prefiltered,,,,,per-term cap 24 reached for 'Category:Pharmaceutical products'
BA_000495,File:Ayursun Granules division.jpg,prefiltered,,,,,per-term cap 24 reached for 'Category:Pharmaceutical products'
BA_000496,File:Ayursun Manual Capsules Filing Machine in 1996.jpg,prefiltered,,,,,per-term cap 24 reached for 'Category:Pharmaceutical products'
BA_000497,File:Ayursun Packing Division.jpg,prefiltered,,,,,per-term cap 24 reached for 'Category:Pharmaceutical products'
BA_000498,File:Ayursun Pharma Blister machine division.jpg,prefiltered,,,,,per-term cap 24 reached for 'Category:Pharmaceutical products'
BA_000499,File:Ayursun Pharma Packing Division.jpg,prefiltered,,,,,per-term cap 24 reached for 'Category:Pharmaceutical products'
BA_000501,File:Azelaic acid cream.jpg,prefiltered,,,,,per-term cap 24 reached for 'Category:Pharmaceutical products'
BA_000502,File:Azithromycin 250mg.jpg,prefiltered,,,,,per-term cap 24 reached for 'Category:Blister packs'
BA_000503,File:Azithromycin.jpg,prefiltered,,,,,per-term cap 24 reached for 'Category:Pharmaceutical products'
BA_000504,File:Azstarys-52 3-10 4-capsules.jpg,prefiltered,,,,,per-term cap 24 reached for 'Category:Pharmaceutical products'
BA_000505,File:B vitamin supplement tablets.jpg,prefiltered,,,,,per-term cap 24 reached for 'Category:Medicine bottles'
BA_000506,File:BATHCLIN.jpg,prefiltered,,,,,per-term cap 24 reached for 'Category:Pharmaceutical products'
BA_000507,File:BIOSÍNTESIS DEL ÁCIDO CLAVULÁNICO.png,prefiltered,,,,,per-term cap 24 reached for 'Augmentin'
BA_000508,File:BLW Carboys- large bottles of medicines.jpg,prefiltered,,,,,per-term cap 24 reached for 'Category:Medicine bottles'
BA_000509,"File:BRIDGESTONE BICYCLE 26 INCH 5 SPEED, OTSUKA PHARMACEUTICAL POCARI SWEAT DRINK CHINESE VERSION (900ml), SAMSUNG Galaxy S22 Ultra, Canon EOS R5+RF 100-500mm f4.5-7.1L IS USM (2).jpg",prefiltered,,,,,per-term cap 24 reached for 'Category:Pharmaceutical products'
BA_000510,"File:BRIDGESTONE BICYCLE 26 INCH 5 SPEED, OTSUKA PHARMACEUTICAL POCARI SWEAT DRINK CHINESE VERSION (900ml), SAMSUNG Galaxy S22 Ultra, Canon EOS R5+RF 100-500mm f4.5-7.1L IS USM (3).jpg",prefiltered,,,,,per-term cap 24 reached for 'Category:Pharmaceutical products'
BA_000511,"File:BRIDGESTONE BICYCLE 26 INCH 5 SPEED, OTSUKA PHARMACEUTICAL POCARI SWEAT DRINK CHINESE VERSION (900ml), SAMSUNG Galaxy S22 Ultra, Canon EOS R5+RF 100-500mm f4.5-7.1L IS USM.jpg",prefiltered,,,,,per-term cap 24 reached for 'Category:Pharmaceutical products'
BA_000512,File:Baby eyedrops NOLA 1936.jpg,prefiltered,,,,,per-term cap 24 reached for 'Category:Pharmaceutical products'
BA_000513,File:Baclosan.JPG,prefiltered,,,,,per-term cap 24 reached for 'Category:Pharmaceutical products'
BA_000514,File:Bactroban.JPG,prefiltered,,,,,per-term cap 24 reached for 'Category:Pharmaceutical products'
BA_000515,File:Bactériophagique anti pseudomonas aeruginosa.jpg,prefiltered,,,,,per-term cap 24 reached for 'Category:Pharmaceutical products'
BA_000516,File:Bactériophagiques pyo & pseudomonas aeruginosa.jpg,prefiltered,,,,,per-term cap 24 reached for 'Category:Pharmaceutical products'
BA_000517,File:Bactériophagiques russes staphylo & pyo.jpg,prefiltered,,,,,per-term cap 24 reached for 'Category:Pharmaceutical products'
BA_000519,File:Banka-1.png,prefiltered,,,,,per-term cap 24 reached for 'Category:Pharmaceutical products'
BA_000520,File:Bao Ji Wan manufactured by Guangzhou Wanglaoji-20221003.jpg,prefiltered,,,,,per-term cap 24 reached for 'Category:Pharmaceutical products'
BA_000521,File:Barrier cream.jpg,prefiltered,,,,,per-term cap 24 reached for 'Category:Pharmaceutical products'
BA_000532,"File:Bedrocan, medicinale cannabis flos 5 gram 2.jpg",prefiltered,,,,,native short side 128 px
BA_000536,File:Benazepril (60565172).jpeg,prefiltered,,,,,per-term cap 24 reached for 'Category:Pharmaceutical products'
BA_000537,File:Benepali 50 mg inj.jpg,prefiltered,,,,,per-term cap 24 reached for 'Category:Pharmaceutical products'
BA_000539,File:Benzedrex.jpg,prefiltered,,,,,per-term cap 24 reached for 'Category:Pharmaceutical products'
BA_000540,File:Bepanthen® — BAYER — Augen- und Nasensalbe (Dexpanthenol) mit Verpackung und Beipackzettel — Deutschland.jpg,prefiltered,,,,,per-term cap 24 reached for 'Category:Pharmaceutical products'
BA_000541,File:Berocca tablet and drink.jpg,prefiltered,,,,,per-term cap 24 reached for 'Category:Tablets (pharmacy)'
BA_000542,File:Beta I Uruguay Cannabis Inside Package.jpg,prefiltered,,,,,per-term cap 24 reached for 'Category:Pharmaceutical products'
BA_000543,File:Beta I Uruguay Cannabis Outside Package.jpg,prefiltered,,,,,per-term cap 24 reached for 'Category:Pharmaceutical products'
BA_000544,File:Beta Pharmacy Utako.jpg,prefiltered,,,,,native short side 200 px
BA_000545,File:Betadine.jpg,prefiltered,,,,,per-term cap 24 reached for 'Category:Pharmaceutical products'
BA_000546,File:Betahistine Mesilate 6mg.JPG,prefiltered,,,,,per-term cap 24 reached for 'Category:Blister packs'
BA_000547,File:Betaloc ZOK.jpg,prefiltered,,,,,per-term cap 24 reached for 'Category:Pharmaceutical products'
BA_000548,File:Betamethasone-Sanbetason.jpg,prefiltered,,,,,per-term cap 24 reached for 'Category:Pharmaceutical products'
BA_000549,File:Betaserc 24 mg tbl.jpg,prefiltered,,,,,per-term cap 24 reached for 'Category:Blister packs'
BA_000550,File:Betaserc.png,prefiltered,,,,,per-term cap 24 reached for 'Category:Pharmaceutical products'
BA_000552,File:Bigger Than Life trailer screenshot (2).jpg,prefiltered,,,,,title/credit names 'screenshot'
BA_000561,File:Biofenac 100 mg tbl.jpg,prefiltered,,,,,per-term cap 24 reached for 'Category:Blister packs'
BA_000562,File:Biogesic branded paracetamol 500mg (500 side).jpg,prefiltered,,,,,per-term cap 24 reached for 'Category:Pharmaceutical products'
BA_000563,File:Biogesic branded paracetamol 500mg (Biogesic side).jpg,prefiltered,,,,,per-term cap 24 reached for 'Category:Pharmaceutical products'
BA_000564,File:Biological Immunomodulator.png,prefiltered,,,,,per-term cap 24 reached for 'Category:Pharmaceutical products'
BA_000565,File:Birth control pills.jpg,prefiltered,,,,,per-term cap 24 reached for 'Category:Blister packs'
BA_000566,"File:Bisoprolol 2,5 mg.jpg",prefiltered,,,,,per-term cap 24 reached for 'Category:Pharmaceutical products'
BA_000568,File:Blisibimod.png,prefiltered,,,,,per-term cap 24 reached for 'Category:Pharmaceutical products'
BA_000572,File:Blister Kapsel E(1)(1) (30239315035).jpg,prefiltered,,,,,per-term cap 24 reached for 'Category:Blister packs'
BA_000573,File:Blister Pack.jpg,prefiltered,,,,,per-term cap 24 reached for 'Category:Blister packs'
BA_000574,File:Blister Packs.jpeg,prefiltered,,,,,per-term cap 24 reached for 'Category:Blister packs'
BA_000576,"File:Blister pack of Vitamin B group, CPVC, 2022.jpg",prefiltered,,,,,per-term cap 24 reached for 'Category:Blister packs'
BA_000577,File:Blister pack.jpg,prefiltered,,,,,per-term cap 24 reached for 'Category:Blister packs'
BA_000578,File:Blister remedio.jpg,prefiltered,,,,,native short side 179 px
BA_000579,File:Blisterbeutel.jpg,prefiltered,,,,,native short side 250 px
BA_000580,File:Blistermaschine B 1260.jpg,prefiltered,,,,,per-term cap 24 reached for 'Category:Blister packs'
BA_000581,File:Blisters.JPG,prefiltered,,,,,per-term cap 24 reached for 'Category:Blister packs'
BA_000582,File:Blisterverpakung-w.jpg,prefiltered,,,,,per-term cap 24 reached for 'Category:Blister packs'
BA_000583,"File:Blokker LED light bulbs, Hillegersberg, Rotterdam (2020) 01.jpg",prefiltered,,,,,per-term cap 24 reached for 'Category:Blister packs'
BA_000584,"File:Blokker LED light bulbs, Hillegersberg, Rotterdam (2020) 02.jpg",prefiltered,,,,,per-term cap 24 reached for 'Category:Blister packs'
BA_000585,File:Bloxazoc 50 mg tbl.jpg,prefiltered,,,,,per-term cap 24 reached for 'Category:Blister packs'
BA_000586,File:Blue Cold and Allergy Caplets.JPG,prefiltered,,,,,per-term cap 24 reached for 'Category:Blister packs'
BA_000587,"File:Blue ridged glass bottle for arsenic, Europe, 1701-1935 Wellcome L0057809.jpg",prefiltered,,,,,per-term cap 24 reached for 'Category:Medicine bottles'
BA_000588,File:Boccette sanità.jpg,prefiltered,,,,,per-term cap 24 reached for 'Category:Medicine bottles'
BA_000589,"File:Bodleian Libraries, Britannia between death and the doctor's.jpg",prefiltered,,,,,per-term cap 24 reached for 'Category:Medicine bottles'
BA_000590,File:Boite de Lexomil avec une boite de bromazépam.jpg,prefiltered,,,,,per-term cap 24 reached for 'Category:Medicine bottles'
BA_000591,File:Boite de Protelos.jpg,prefiltered,,,,,per-term cap 24 reached for 'Category:Pharmaceutical products'
BA_000592,File:Boite de loflazepate dethyle.jpg,prefiltered,,,,,per-term cap 24 reached for 'Category:Medicine bottles'
BA_000594,File:Boites de benzodiazépines peu connues.png,prefiltered,,,,,per-term cap 24 reached for 'Category:Medicine bottles'
BA_000595,File:Boites de benzodiazépines.png,prefiltered,,,,,per-term cap 24 reached for 'Category:Medicine bottles'
BA_000596,"File:Boites,de nordaz44.jpg",prefiltered,,,,,per-term cap 24 reached for 'Category:Medicine bottles'
BA_000599,File:Botica de medicamentos.jpg,prefiltered,,,,,per-term cap 24 reached for 'Category:Medicine bottles'
BA_000601,File:Bottle Theralen (alimemazine) 11.png,prefiltered,,,,,per-term cap 24 reached for 'Category:Medicine bottles'
BA_000602,"File:Bottle of ""Meloden"" pills, by Allied Laboratories Ltd., Lond Wellcome L0058541.jpg",prefiltered,,,,,per-term cap 24 reached for 'Category:Medicine bottles'
BA_000603,"File:Bottle of ""Meloden"" pills, by Allied Laboratories Ltd., Lond Wellcome L0058542.jpg",prefiltered,,,,,per-term cap 24 reached for 'Category:Medicine bottles'
BA_000605,"File:Bottle of 'Nutrinon', London, England, 1749-1900 Wellcome L0058546.jpg",prefiltered,,,,,per-term cap 24 reached for 'Category:Medicine bottles'
BA_000606,"File:Bottle of 100 anti-malarial pills, London, England, 1891-194 Wellcome L0060511.jpg",prefiltered,,,,,per-term cap 24 reached for 'Category:Medicine bottles'
BA_000607,File:Bottle of Assorted Pills.JPG,prefiltered,,,,,per-term cap 24 reached for 'Category:Medicine bottles'
BA_000609,File:Bottle of Mercromina.jpg,prefiltered,,,,,native short side 287 px
BA_000610,File:Bottle of Sloan's Family Liniment - DPLA - 1d12572f9695750c9b2c956ec98d64d3 (page 1).jpg,prefiltered,,,,,per-term cap 24 reached for 'Category:Medicine bottles'
BA_000612,"File:Bottle of chloroform, United Kingdom, 1896-1945 Wellcome L0058271.jpg",prefiltered,,,,,per-term cap 24 reached for 'Category:Medicine bottles'
BA_000613,"File:Bottle of digoxin tablets, 'Tabloid' brand, London, England, Wellcome L0058212.jpg",prefiltered,,,,,per-term cap 24 reached for 'Category:Medicine bottles'
BA_000614,"File:Bottle of ergot extract, London, England, 1891-1950 Wellcome L0065516.jpg",prefiltered,,,,,per-term cap 24 reached for 'Category:Medicine bottles'
BA_000615,"File:Bottle of extract of nux vomica, London, England, 1794-1930 Wellcome L0058630.jpg",prefiltered,,,,,per-term cap 24 reached for 'Category:Medicine bottles'
BA_000619,"File:Bottle, apothecary (AM 629318-1).jpg",prefiltered,,,,,per-term cap 24 reached for 'Category:Medicine bottles'
BA_000620,"File:Bottle, apothecary (AM 629318-2).jpg",prefiltered,,,,,per-term cap 24 reached for 'Category:Medicine bottles'
BA_000621,"File:Bottle, apothecary (AM 629318-3).jpg",prefiltered,,,,,per-term cap 24 reached for 'Category:Medicine bottles'
BA_000622,"File:Bottle, apothecary (AM 629318-4).jpg",prefiltered,,,,,per-term cap 24 reached for 'Category:Medicine bottles'
BA_000623,"File:Bottle, apothecary (AM 629318-5).jpg",prefiltered,,,,,per-term cap 24 reached for 'Category:Medicine bottles'
BA_000624,"File:Bottle, apothecary (AM 629318-6).jpg",prefiltered,,,,,per-term cap 24 reached for 'Category:Medicine bottles'
BA_000625,"File:Bottle, chemist (AM 1999.77.5-1).jpg",prefiltered,,,,,per-term cap 24 reached for 'Category:Pharmaceutical products'
BA_000626,"File:Bottle, chemist (AM 1999.77.5-2).jpg",prefiltered,,,,,per-term cap 24 reached for 'Category:Pharmaceutical products'
BA_000627,"File:Bottle, chemist (AM 1999.77.5-3).jpg",prefiltered,,,,,per-term cap 24 reached for 'Category:Pharmaceutical products'
BA_000628,"File:Bottle, chemist (AM 1999.77.7-1).jpg",prefiltered,,,,,per-term cap 24 reached for 'Category:Pharmaceutical products'
BA_000629,"File:Bottle, chemist (AM 1999.77.7-2).jpg",prefiltered,,,,,per-term cap 24 reached for 'Category:Pharmaceutical products'
BA_000630,"File:Bottle, chemist (AM 1999.77.7-3).jpg",prefiltered,,,,,per-term cap 24 reached for 'Category:Pharmaceutical products'
BA_000631,"File:Bottle, chemists (AM 1999.77.1-1).jpg",prefiltered,,,,,per-term cap 24 reached for 'Category:Pharmaceutical products'
BA_000632,"File:Bottle, chemists (AM 1999.77.1-2).jpg",prefiltered,,,,,per-term cap 24 reached for 'Category:Pharmaceutical products'
BA_000633,"File:Bottle, chemists (AM 1999.77.1-5).jpg",prefiltered,,,,,per-term cap 24 reached for 'Category:Pharmaceutical products'
BA_000634,"File:Bottle, liniment (AM 1999.77.9-1).jpg",prefiltered,,,,,per-term cap 24 reached for 'Category:Medicine bottles'
BA_000635,"File:Bottle, liniment (AM 1999.77.9-2).jpg",prefiltered,,,,,per-term cap 24 reached for 'Category:Medicine bottles'
BA_000636,"File:Bottle, liniment (AM 1999.77.9-3).jpg",prefiltered,,,,,per-term cap 24 reached for 'Category:Medicine bottles'
BA_000637,"File:Bottle, liniment (AM 1999.77.9-4).jpg",prefiltered,,,,,per-term cap 24 reached for 'Category:Medicine bottles'
BA_000648,"File:Bottle, medical (AM 1999.77.8-1).jpg",prefiltered,,,,,per-term cap 24 reached for 'Category:Medicine bottles'
BA_000649,"File:Bottle, medical (AM 1999.77.8-2).jpg",prefiltered,,,,,per-term cap 24 reached for 'Category:Medicine bottles'
BA_000650,"File:Bottle, medical (AM 1999.77.8-3).jpg",prefiltered,,,,,per-term cap 24 reached for 'Category:Medicine bottles'
BA_000654,"File:Bottle, pharmaceutical (AM 629522).jpg",prefiltered,,,,,per-term cap 24 reached for 'Category:Medicine bottles'
BA_000655,"File:Bottle, tablets (AM 609755-1).jpg",prefiltered,,,,,per-term cap 24 reached for 'Category:Medicine bottles'
BA_000656,"File:Bottle, tablets (AM 609755-2).jpg",prefiltered,,,,,per-term cap 24 reached for 'Category:Medicine bottles'
BA_000657,"File:Bottle, tablets (AM 609755-3).jpg",prefiltered,,,,,per-term cap 24 reached for 'Category:Medicine bottles'
BA_000658,"File:Bottle, tablets (AM 609755-4).jpg",prefiltered,,,,,per-term cap 24 reached for 'Category:Medicine bottles'
BA_000659,"File:Bottle, tablets (AM 609755-5).jpg",prefiltered,,,,,per-term cap 24 reached for 'Category:Medicine bottles'
BA_000660,"File:Bottle, tablets (AM 609755-6).jpg",prefiltered,,,,,per-term cap 24 reached for 'Category:Medicine bottles'
BA_000661,"File:Bottle, tablets (AM 609755-7).jpg",prefiltered,,,,,per-term cap 24 reached for 'Category:Medicine bottles'
BA_000662,"File:Bottle, tablets (AM 609755-8).jpg",prefiltered,,,,,per-term cap 24 reached for 'Category:Medicine bottles'
BA_000663,File:Bottles at the apothecary at the Hospices de Beaune.jpg,prefiltered,,,,,per-term cap 24 reached for 'Category:Medicine bottles'
BA_000664,File:Bottles excavated at the Niagara Apothecary.jpg,prefiltered,,,,,per-term cap 24 reached for 'Category:Medicine bottles'
BA_000665,File:Bottles on shelves at the apothecary at the Hospices de Beaune.jpg,prefiltered,,,,,per-term cap 24 reached for 'Category:Medicine bottles'
BA_000670,File:Box of Colchicine.JPG,prefiltered,,,,,per-term cap 24 reached for 'Category:Pharmaceutical products'
BA_000671,"File:Box of aspirin tablets, London, England, 1949-1966 Wellcome L0058543.jpg",prefiltered,,,,,per-term cap 24 reached for 'Category:Tablets (pharmacy)'
BA_000675,"File:Box, medicine (AM 1967.15-20).jpg",prefiltered,,,,,per-term cap 24 reached for 'medicine bottle label'
BA_000676,"File:Box, medicine (AM 1967.15-35).jpg",prefiltered,,,,,per-term cap 24 reached for 'medicine bottle label'
BA_000677,"File:Box, medicine (AM 1967.15-4).jpg",prefiltered,,,,,per-term cap 24 reached for 'medicine bottle label'
BA_000678,"File:Box, medicine (AM 1967.15-41).jpg",prefiltered,,,,,per-term cap 24 reached for 'medicine bottle label'
BA_000679,"File:Box, medicine (AM 1967.15-49).jpg",prefiltered,,,,,per-term cap 24 reached for 'medicine bottle label'
BA_000680,"File:Box, medicine (AM 1967.15-50).jpg",prefiltered,,,,,per-term cap 24 reached for 'medicine bottle label'
BA_000681,"File:Box, medicine (AM 1967.15-58).jpg",prefiltered,,,,,per-term cap 24 reached for 'medicine bottle label'
BA_000682,"File:Box, medicine (AM 1967.15-61).jpg",prefiltered,,,,,per-term cap 24 reached for 'medicine bottle label'
BA_000683,"File:Box, medicine (AM 1967.15-72).jpg",prefiltered,,,,,per-term cap 24 reached for 'medicine bottle label'
BA_000684,"File:Box, medicine (AM 1967.15-73).jpg",prefiltered,,,,,per-term cap 24 reached for 'medicine bottle label'
BA_000685,"File:Box, medicine (AM 1967.15-80).jpg",prefiltered,,,,,per-term cap 24 reached for 'medicine bottle label'
BA_000686,"File:Box, medicine (AM 1967.15-86).jpg",prefiltered,,,,,per-term cap 24 reached for 'medicine bottle label'
BA_000687,"File:Box, medicine (AM 1967.15-87).jpg",prefiltered,,,,,per-term cap 24 reached for 'medicine bottle label'
BA_000688,"File:Box, medicine (AM 1967.15-9).jpg",prefiltered,,,,,per-term cap 24 reached for 'medicine bottle label'
BA_000689,"File:Box, medicine (AM 1967.15-92).jpg",prefiltered,,,,,native short side 270 px
BA_000691,"File:Boxes, pharmaceutical (AM 629232-11).jpg",prefiltered,,,,,per-term cap 24 reached for 'Category:Pharmaceutical products'
BA_000692,"File:Boxes, pharmaceutical (AM 629232-14).jpg",prefiltered,,,,,per-term cap 24 reached for 'Category:Pharmaceutical products'
BA_000693,"File:Boxes, pharmaceutical (AM 629232-15).jpg",prefiltered,,,,,per-term cap 24 reached for 'Category:Pharmaceutical products'
BA_000694,"File:Boxes, pharmaceutical (AM 629232-2).jpg",prefiltered,,,,,per-term cap 24 reached for 'Category:Pharmaceutical products'
BA_000695,"File:Boxes, pharmaceutical (AM 629232-20).jpg",prefiltered,,,,,per-term cap 24 reached for 'Category:Pharmaceutical products'
BA_000696,"File:Boxes, pharmaceutical (AM 629232-21).jpg",prefiltered,,,,,per-term cap 24 reached for 'Category:Pharmaceutical products'
BA_000697,"File:Boxes, pharmaceutical (AM 629232-28).jpg",prefiltered,,,,,per-term cap 24 reached for 'Category:Pharmaceutical products'
BA_000698,"File:Boxes, pharmaceutical (AM 629232-3).jpg",prefiltered,,,,,per-term cap 24 reached for 'Category:Pharmaceutical products'
BA_000699,"File:Boxes, pharmaceutical (AM 629232-32).jpg",prefiltered,,,,,per-term cap 24 reached for 'Category:Pharmaceutical products'
BA_000700,"File:Boxes, pharmaceutical (AM 629232-33).jpg",prefiltered,,,,,per-term cap 24 reached for 'Category:Pharmaceutical products'
BA_000701,"File:Boxes, pharmaceutical (AM 629232-38).jpg",prefiltered,,,,,per-term cap 24 reached for 'Category:Pharmaceutical products'
BA_000702,"File:Boxes, pharmaceutical (AM 629232-4).jpg",prefiltered,,,,,per-term cap 24 reached for 'Category:Pharmaceutical products'
BA_000703,"File:Boxes, pharmaceutical (AM 629232-41).jpg",prefiltered,,,,,per-term cap 24 reached for 'Category:Pharmaceutical products'
BA_000704,"File:Boxes, pharmaceutical (AM 629232-42).jpg",prefiltered,,,,,per-term cap 24 reached for 'Category:Pharmaceutical products'
BA_000705,"File:Boxes, pharmaceutical (AM 629232-5).jpg",prefiltered,,,,,per-term cap 24 reached for 'Category:Pharmaceutical products'
BA_000706,"File:Boxes, pharmaceutical (AM 629232-6).jpg",prefiltered,,,,,per-term cap 24 reached for 'Category:Pharmaceutical products'
BA_000707,File:Boîte de 30 comprimés sécables de Solian 100mg (amisulpride).jpg,prefiltered,,,,,per-term cap 24 reached for 'Category:Pharmaceutical products'
BA_000708,File:Boîte de Dogmatil 50 mg.jpg,prefiltered,,,,,per-term cap 24 reached for 'Category:Pharmaceutical products'
BA_000709,File:Brausetablette.JPG,prefiltered,,,,,per-term cap 24 reached for 'Category:Tablets (pharmacy)'
BA_000710,File:Breakfast of pills.jpg,prefiltered,,,,,per-term cap 24 reached for 'Category:Blister packs'
BA_000712,File:Brexpiprazole001.png,prefiltered,,,,,per-term cap 24 reached for 'Category:Blister packs'
BA_000713,File:Brilliant green 1a.jpg,prefiltered,,,,,per-term cap 24 reached for 'Category:Pharmaceutical products'
BA_000716,File:Brintellix vortioxétine 5mg.jpg,prefiltered,,,,,per-term cap 24 reached for 'Category:Blister packs'
BA_000717,File:Britannia between death and the doctor's - Js Gillray inv. & fect. LCCN95501625.jpg,prefiltered,,,,,per-term cap 24 reached for 'Category:Medicine bottles'
BA_000719,File:Britannia between death and the doctor's LCCN95501625.jpg,prefiltered,,,,,per-term cap 24 reached for 'Category:Medicine bottles'
BA_000721,"File:Britannia between death and the doctor's, death may decide, when doctor's disagree (5054465212).jpg",prefiltered,,,,,per-term cap 24 reached for 'Category:Medicine bottles'
BA_000722,File:Britannia-between-Death-and-the-Doctors-Gillray.jpeg,prefiltered,,,,,per-term cap 24 reached for 'Category:Medicine bottles'
BA_000723,File:Bromfenac.jpg,prefiltered,,,,,per-term cap 24 reached for 'Category:Pharmaceutical products'
BA_000724,File:Bromfenaceye.jpg,prefiltered,,,,,native short side 250 px
BA_000725,File:Bromuro Pinaverio.png,prefiltered,,,,,per-term cap 24 reached for 'Category:Tablets (pharmacy)'
BA_000726,File:Brontex Medication.jpg,prefiltered,,,,,per-term cap 24 reached for 'Category:Blister packs'
BA_000727,File:Brotizolam0.25mg 20140622.jpg,prefiltered,,,,,per-term cap 24 reached for 'Category:Pharmaceutical products'
BA_000728,"File:Brown glass bottle of cough mixture, London, England, 1925-1 Wellcome L0057964.jpg",prefiltered,,,,,per-term cap 24 reached for 'Category:Medicine bottles'
BA_000729,"File:Brown glass bottle of phosphorus, zinc and strychnine pills, Wellcome L0058219.jpg",prefiltered,,,,,per-term cap 24 reached for 'Category:Medicine bottles'
BA_000730,File:Brown's Worm Lozenges (1876) (ADVERT 168).jpeg,prefiltered,,,,,title/credit names 'ADVERT'
BA_000753,File:Btx-Museum 20-1+2 Nordmende Btx-Decoder BTX DC 1000-1 mit Infrarot-Fernbedienung BTX KP 1000 13.jpg,prefiltered,,,,,per-term cap 24 reached for 'botulinum toxin Dysport'
BA_000754,File:Btx-Museum 20-1+2 Nordmende Btx-Decoder BTX DC 1000-1 mit Infrarot-Fernbedienung BTX KP 1000 14.jpg,prefiltered,,,,,per-term cap 24 reached for 'botulinum toxin Dysport'
BA_000755,File:Btx-Museum 20-1+2 Nordmende Btx-Decoder BTX DC 1000-1 mit Infrarot-Fernbedienung BTX KP 1000 15.jpg,prefiltered,,,,,per-term cap 24 reached for 'botulinum toxin Dysport'
BA_000756,File:Btx-Museum 4 mupid Btx-Decoder C2A2 01.jpg,prefiltered,,,,,per-term cap 24 reached for 'botulinum toxin Dysport'
BA_000757,File:Btx-Museum 4 mupid Btx-Decoder C2A2 02.jpg,prefiltered,,,,,per-term cap 24 reached for 'botulinum toxin Dysport'
BA_000758,File:Btx-Museum 4 mupid Btx-Decoder C2A2 03.jpg,prefiltered,,,,,per-term cap 24 reached for 'botulinum toxin Dysport'
BA_000759,File:Btx-Museum 4 mupid Btx-Decoder C2A2 04.jpg,prefiltered,,,,,per-term cap 24 reached for 'botulinum toxin Dysport'
BA_000760,File:Btx-Museum 4 mupid Btx-Decoder C2A2 05.jpg,prefiltered,,,,,per-term cap 24 reached for 'botulinum toxin Dysport'
BA_000761,File:Btx-Museum 4 mupid Btx-Decoder C2A2 06.jpg,prefiltered,,,,,per-term cap 24 reached for 'botulinum toxin Dysport'
BA_000762,File:Btx-Museum 4 mupid Btx-Decoder C2A2 07.jpg,prefiltered,,,,,per-term cap 24 reached for 'botulinum toxin Dysport'
BA_000763,File:Btx-Museum 4 mupid Btx-Decoder C2A2 08.jpg,prefiltered,,,,,per-term cap 24 reached for 'botulinum toxin Dysport'
BA_000764,File:Btx-Museum 4 mupid Btx-Decoder C2A2 09.jpg,prefiltered,,,,,per-term cap 24 reached for 'botulinum toxin Dysport'
BA_000765,File:Btx-Museum 4 mupid Btx-Decoder C2A2 10.jpg,prefiltered,,,,,per-term cap 24 reached for 'botulinum toxin Dysport'
BA_000766,File:Btx-Museum 4 mupid Btx-Decoder C2A2 11.jpg,prefiltered,,,,,per-term cap 24 reached for 'botulinum toxin Dysport'
BA_000767,File:Btx-Museum 4 mupid Btx-Decoder C2A2 12.jpg,prefiltered,,,,,per-term cap 24 reached for 'botulinum toxin Dysport'
BA_000768,File:Btx-Museum 4 mupid Btx-Decoder C2A2 13.jpg,prefiltered,,,,,per-term cap 24 reached for 'botulinum toxin Dysport'
BA_000769,File:Btx-Museum 42 RAFI PC-Btx-Adapter (ISA-Bus) 01.jpg,prefiltered,,,,,per-term cap 24 reached for 'botulinum toxin Dysport'
BA_000770,File:Btx-Museum 42 RAFI PC-Btx-Adapter (ISA-Bus) 05.jpg,prefiltered,,,,,per-term cap 24 reached for 'botulinum toxin Dysport'
BA_000771,File:Btx-Museum 42 RAFI PC-Btx-Adapter (ISA-Bus) 06.jpg,prefiltered,,,,,per-term cap 24 reached for 'botulinum toxin Dysport'
BA_000772,File:Btx-Museum 42 RAFI PC-Btx-Adapter (ISA-Bus) 08.jpg,prefiltered,,,,,per-term cap 24 reached for 'botulinum toxin Dysport'
BA_000773,File:Btx-Museum 42 RAFI PC-Btx-Adapter (ISA-Bus) 10.jpg,prefiltered,,,,,per-term cap 24 reached for 'botulinum toxin Dysport'
BA_000774,File:Btx-Museum 42 RAFI PC-Btx-Adapter (ISA-Bus) 13.jpg,prefiltered,,,,,per-term cap 24 reached for 'botulinum toxin Dysport'
BA_000775,File:Btx-Museum 42 RAFI PC-Btx-Adapter (ISA-Bus) 14.jpg,prefiltered,,,,,per-term cap 24 reached for 'botulinum toxin Dysport'
BA_000776,File:Btx-Museum 42 RAFI PC-Btx-Adapter (ISA-Bus) 15.jpg,prefiltered,,,,,per-term cap 24 reached for 'botulinum toxin Dysport'
BA_000777,File:Btx-Museum 42 RAFI PC-Btx-Adapter (ISA-Bus) 16.jpg,prefiltered,,,,,per-term cap 24 reached for 'botulinum toxin Dysport'
BA_000778,File:Btx-Museum 42 RAFI PC-Btx-Adapter (ISA-Bus) 17.jpg,prefiltered,,,,,per-term cap 24 reached for 'botulinum toxin Dysport'
BA_000779,File:Btx-Museum 42 RAFI PC-Btx-Adapter (ISA-Bus) 18.jpg,prefiltered,,,,,per-term cap 24 reached for 'botulinum toxin Dysport'
BA_000780,File:Btx-Museum 56 Siemens (mupid) Btx-Decoder T3110 mit Tastatur 05.jpg,prefiltered,,,,,per-term cap 24 reached for 'botulinum toxin Dysport'
BA_000781,File:Btx-Museum 56 Siemens (mupid) Btx-Decoder T3110 mit Tastatur 06.jpg,prefiltered,,,,,per-term cap 24 reached for 'botulinum toxin Dysport'
BA_000782,File:Btx-Museum 56 Siemens (mupid) Btx-Decoder T3110 mit Tastatur 08.jpg,prefiltered,,,,,per-term cap 24 reached for 'botulinum toxin Dysport'
BA_000783,File:Btx-Museum 56 Siemens (mupid) Btx-Decoder T3110 mit Tastatur 13.jpg,prefiltered,,,,,per-term cap 24 reached for 'botulinum toxin Dysport'
BA_000784,File:Btx-Museum 87 Telekom DisplayTel ISDN-Komforttelefon mit Btx 05.jpg,prefiltered,,,,,per-term cap 24 reached for 'botulinum toxin Dysport'
BA_000785,File:Btx-Museum 87 Telekom DisplayTel ISDN-Komforttelefon mit Btx 07.jpg,prefiltered,,,,,per-term cap 24 reached for 'botulinum toxin Dysport'
BA_000786,File:Btx-Museum 87 Telekom DisplayTel ISDN-Komforttelefon mit Btx 09.jpg,prefiltered,,,,,per-term cap 24 reached for 'botulinum toxin Dysport'
BA_000788,"File:Bucharest Municipal Museum - medicine box, circa 1900.jpg",prefiltered,,,,,per-term cap 24 reached for 'Category:Pharmaceutical products'
BA_000789,File:Budeprion-XL-300mg.jpg,prefiltered,,,,,per-term cap 24 reached for 'Category:Medicine bottles'
BA_000790,"File:Bundesarchiv Bild 183-09835-0009, Magdeburg, Apotheke der Poliklinik, Innenansicht.jpg",prefiltered,,,,,per-term cap 24 reached for 'Category:Medicine bottles'
BA_000791,"File:Bundesarchiv Bild 183-17925-0002, Schönebeck, Apotheke der Poliklinik, Innenansicht.jpg",prefiltered,,,,,per-term cap 24 reached for 'Category:Medicine bottles'
BA_000792,"File:Bundesarchiv Bild 183-21745-0004, Berlin, Apotheke einer Poliklinik, Rezepturraum (cropped).jpg",prefiltered,,,,,per-term cap 24 reached for 'Category:Medicine bottles'
BA_000793,"File:Bundesarchiv Bild 183-21745-0004, Berlin, Apotheke einer Poliklinik, Rezepturraum.jpg",prefiltered,,,,,per-term cap 24 reached for 'Category:Medicine bottles'
BA_000794,"File:Bundesarchiv Bild 183-23912-0010, Königs Wusterhausen, Apotheke, Rezepturraum.jpg",prefiltered,,,,,per-term cap 24 reached for 'Category:Medicine bottles'
BA_000795,"File:Bundesarchiv Bild 183-23912-0020, Königs Wusterhausen, Apotheke, Lager.jpg",prefiltered,,,,,per-term cap 24 reached for 'Category:Medicine bottles'
BA_000796,"File:Bundesarchiv Bild 183-25109-0001, Magdeburg, Apotheke der Poliklinik, Leiter.jpg",prefiltered,,,,,per-term cap 24 reached for 'Category:Medicine bottles'
BA_000797,"File:Bundesarchiv Bild 183-38155-0017, Bad Berka, Apotheke, Rezepturraum.jpg",prefiltered,,,,,per-term cap 24 reached for 'Category:Medicine bottles'
BA_000798,"File:Bundesarchiv Bild 183-C0125-0009-001, Berlin, Blick in eine Apotheke.jpg",prefiltered,,,,,per-term cap 24 reached for 'Category:Medicine bottles'
BA_000799,"File:Bundesarchiv Bild 183-C0125-0009-002, Apotheker Medizin herstellend.jpg",prefiltered,,,,,per-term cap 24 reached for 'Category:Medicine bottles'
BA_000800,File:Buprenorphine naloxone Tablets Bottle.jpg,prefiltered,,,,,per-term cap 24 reached for 'Category:Pharmaceutical products'
BA_000801,File:Buspar.jpg,prefiltered,,,,,per-term cap 24 reached for 'Category:Blister packs'
BA_000807,File:CD3 Demonstration (8006274676).jpg,prefiltered,,,,,per-term cap 24 reached for 'Category:Tablets (pharmacy)'
BA_000808,File:CD3 Demonstration (8006274766).jpg,prefiltered,,,,,per-term cap 24 reached for 'Category:Tablets (pharmacy)'
BA_000809,File:CLORAXENE Clorazepate 10mg.jpg,prefiltered,,,,,per-term cap 24 reached for 'Category:Pharmaceutical products'
BA_000810,File:COCP (blister pack back).jpg,prefiltered,,,,,per-term cap 24 reached for 'Category:Blister packs'
BA_000811,File:COCP Regulon (box) 01.jpg,prefiltered,,,,,per-term cap 24 reached for 'Category:Pharmaceutical products'
BA_000812,File:COCP Regulon (box) 02.jpg,prefiltered,,,,,per-term cap 24 reached for 'Category:Pharmaceutical products'
BA_000813,File:CODITAM.jpg,prefiltered,,,,,per-term cap 24 reached for 'Category:Pharmaceutical products'
BA_000824,File:CRW 7951 - Pharmacie.jpg,prefiltered,,,,,per-term cap 24 reached for 'Category:Pharmaceutical products'
BA_000826,File:CVS Health Olopatadine HCI Eye Drops.jpg,prefiltered,,,,,per-term cap 24 reached for 'Category:Pharmaceutical products'
BA_000828,"File:Cachets Mijnhardt, Mijnhardtjes, tegen griep en pijn, pic2.JPG",prefiltered,,,,,per-term cap 24 reached for 'Category:Pharmaceutical products'
BA_000829,File:Caffetin Alkaloid.jpg,prefiltered,,,,,per-term cap 24 reached for 'Category:Pharmaceutical products'
BA_000830,File:Caffetin.png,prefiltered,,,,,per-term cap 24 reached for 'Category:Pharmaceutical products'
BA_000831,File:Cagrilintide.png,prefiltered,,,,,per-term cap 24 reached for 'Category:Pharmaceutical products'
BA_000832,"File:Calcium gluconicum, Farmapol Poznan, 1984.JPG",prefiltered,,,,,per-term cap 24 reached for 'Category:Pharmaceutical products'
BA_000833,File:Calcium-pantotenat.jpg,prefiltered,,,,,per-term cap 24 reached for 'Category:Pharmaceutical products'
BA_000834,"File:Calcocylin, German medication for headache, flu, toothache and musscle ache, 1940s.JPG",prefiltered,,,,,per-term cap 24 reached for 'Category:Pharmaceutical products'
BA_000836,File:Calpol Six Plus Wellcome L0068137.jpg,prefiltered,,,,,per-term cap 24 reached for 'Category:Pharmaceutical products'
BA_000837,File:Calpol production line at Crewe Wellcome L0071113.jpg,prefiltered,,,,,per-term cap 24 reached for 'Category:Pharmaceutical products'
BA_000838,"File:Camostat,INN; 開発コード FOY-305 カモスタット 3441.jpg",prefiltered,,,,,per-term cap 24 reached for 'Category:Blister packs'
BA_000839,File:Camp Lejeune hosts annual Drug Take-Back event 120428-M-GL246-003.jpg,prefiltered,,,,,per-term cap 24 reached for 'Category:Pharmaceutical products'
BA_000840,File:Camp Lejeune hosts annual Drug Take-Back event 120428-M-GL246-022.jpg,prefiltered,,,,,per-term cap 24 reached for 'Category:Pharmaceutical products'
BA_000841,File:Campana Italian Balm Bottle.jpeg,prefiltered,,,,,per-term cap 24 reached for 'Category:Medicine bottles'
BA_000843,File:Cancer Pharmacogenomics.png,prefiltered,,,,,per-term cap 24 reached for 'Category:Pharmaceutical products'
BA_000844,File:Cancerpharmacogenomics.png,prefiltered,,,,,per-term cap 24 reached for 'Category:Pharmaceutical products'
BA_000845,File:Canesten.jpg,prefiltered,,,,,per-term cap 24 reached for 'Category:Pharmaceutical products'
BA_000846,"File:Canister of Dr Jenner's indigestion powder, by Savory and Mo Wellcome L0057859.jpg",prefiltered,,,,,per-term cap 24 reached for 'Category:Pharmaceutical products'
BA_000847,File:Capsules Spilling from Bottle (34356373370).jpg,prefiltered,,,,,per-term cap 24 reached for 'Category:Medicine bottles'
BA_000848,File:Capsules.JPG,prefiltered,,,,,per-term cap 24 reached for 'Category:Blister packs'
BA_000849,File:Capsules.jpg,prefiltered,,,,,per-term cap 24 reached for 'Category:Blister packs'
BA_000850,"File:Caption- July, 1963. VSer, Alma Brubacher getting ready to give Elsie Noffsinger eye drops. (6942859024).jpg",prefiltered,,,,,per-term cap 24 reached for 'Category:Pharmaceutical products'
BA_000851,File:Carbo sal.jpg,prefiltered,,,,,per-term cap 24 reached for 'Category:Pharmaceutical products'
BA_000852,File:Cardiac Epinephrine (cropped).jpg,prefiltered,,,,,per-term cap 24 reached for 'Category:Pharmaceutical products'
BA_000853,File:Cardiovascular system - Immunoglobulins - IgG 1 -- Smart-Servier.png,prefiltered,,,,,native short side 33 px
BA_000855,File:Caregiver administering medicine to young girl during a home health check on a sunny afternoon.jpg,prefiltered,,,,,per-term cap 24 reached for 'Category:Pharmaceutical products'
BA_000857,File:Carisoprodol packaging.jpg,prefiltered,,,,,per-term cap 24 reached for 'Category:Pharmaceutical products'
BA_000860,File:Casio PV-1000 logo.jpg,prefiltered,,,,,title/credit names 'logo'
BA_000866,File:Castor oil 1825.jpg,prefiltered,,,,,native short side 220 px
BA_000868,"File:Catalogue of Sharp and Smith - importers, manufacturers, wholesale and retail dealers in surgical instruments, deformity apparatus, artificial limbs, artificial eyes, elastic stockings, trusses, (14761024036).jpg",prefiltered,,,,,per-term cap 24 reached for 'Category:Pharmaceutical products'
BA_000869,File:Catridecacog.png,prefiltered,,,,,per-term cap 24 reached for 'Category:Pharmaceutical products'
BA_000870,File:Catálogo de medicamentos. Laboratorio Farmacéutico Nacional (España). Circa 1925 (Archivo Bibliothecas Archivumque ex Legationis Cannabis).jpg,prefiltered,,,,,per-term cap 24 reached for 'Category:Pharmaceutical products'
BA_000872,File:Cenderitide.png,prefiltered,,,,,per-term cap 24 reached for 'Category:Pharmaceutical products'
BA_000873,File:Cer-O-Cillin Marketing Photo UpJohn.jpg,prefiltered,,,,,per-term cap 24 reached for 'Category:Pharmaceutical products'
BA_000874,File:Cercine.jpg,prefiltered,,,,,native short side 270 px
BA_000875,File:Cerebrino Mandri 1903.jpg,prefiltered,,,,,per-term cap 24 reached for 'Category:Pharmaceutical products'
BA_000876,File:Cerebrolysin.jpg,prefiltered,,,,,per-term cap 24 reached for 'Category:Pharmaceutical products'
BA_000878,File:Ceruletide.png,prefiltered,,,,,per-term cap 24 reached for 'Category:Pharmaceutical products'
BA_000880,File:Cetirizine - by Danny S.jpg,prefiltered,,,,,per-term cap 24 reached for 'Category:Blister packs'
BA_000881,File:Cetirizine10.JPG,prefiltered,,,,,per-term cap 24 reached for 'Category:Blister packs'
BA_000882,File:Cetoprofeno50mg.jpg,prefiltered,,,,,per-term cap 24 reached for 'Category:Blister packs'
BA_000883,File:Cetraria islandica tablets.jpg,prefiltered,,,,,per-term cap 24 reached for 'Category:Blister packs'
BA_000885,File:ChemDrugs Rillke.jpg,prefiltered,,,,,per-term cap 24 reached for 'Category:Pharmaceutical products'
BA_000886,File:Chenxiuzongyaojugaodanwansan.jpg,prefiltered,,,,,per-term cap 24 reached for 'Category:Medicine bottles'
BA_000887,File:Chinese Medicinal Remedies.jpg,prefiltered,,,,,per-term cap 24 reached for 'Category:Pharmaceutical products'
BA_000888,File:Chinese herbal decoction (一貫煎) on snow.jpg,prefiltered,,,,,per-term cap 24 reached for 'Category:Pharmaceutical products'
BA_000889,File:Chinese medicine for cough.jpg,prefiltered,,,,,per-term cap 24 reached for 'Category:Pharmaceutical products'
BA_000891,File:Chloramphenicol.jpg,prefiltered,,,,,per-term cap 24 reached for 'Category:Pharmaceutical products'
BA_000892,File:Chlorella pill.jpg,prefiltered,,,,,per-term cap 24 reached for 'Category:Tablets (pharmacy)'
BA_000893,File:ChlorellaPill.jpg,prefiltered,,,,,native short side 220 px
BA_000894,File:Chlorure de sodium injectable-01.jpg,prefiltered,,,,,per-term cap 24 reached for 'Category:Pharmaceutical products'
BA_000895,File:Choleraprevention.jpg,prefiltered,,,,,per-term cap 24 reached for 'Category:Pharmaceutical products'
BA_000896,File:Christmas At Greenlife Pharma.jpg,prefiltered,,,,,per-term cap 24 reached for 'Category:Pharmaceutical products'
BA_000897,File:Cialis 20 mg.jpg,prefiltered,,,,,per-term cap 24 reached for 'Category:Blister packs'
BA_000898,File:Cialis viagra.jpg,prefiltered,,,,,native short side 208 px
BA_000899,File:Ciclosporin eye drops (in water).jpg,prefiltered,,,,,per-term cap 24 reached for 'Category:Pharmaceutical products'
BA_000900,File:Ciklopirox.jpg,prefiltered,,,,,per-term cap 24 reached for 'Category:Pharmaceutical products'
BA_000901,"File:Cinchonine sulphate crystals, England, 1860-1910 Wellcome L0058849.jpg",prefiltered,,,,,per-term cap 24 reached for 'Category:Medicine bottles'
BA_000902,File:Cinese herbal extracts.jpg,prefiltered,,,,,per-term cap 24 reached for 'Category:Pharmaceutical products'
BA_000903,File:Cipralex.jpg,prefiltered,,,,,per-term cap 24 reached for 'Category:Blister packs'
BA_000904,File:Ciprofloxacino.png,prefiltered,,,,,native short side 213 px
BA_000905,File:Cipromed.jpg,prefiltered,,,,,per-term cap 24 reached for 'Category:Pharmaceutical products'
BA_000906,File:Ciproxine 500.JPG,prefiltered,,,,,per-term cap 24 reached for 'Category:Pharmaceutical products'
BA_000907,File:Cisordinol.jpg,prefiltered,,,,,per-term cap 24 reached for 'Category:Medicine bottles'
BA_000908,File:Citalec 20 mg tbl.jpg,prefiltered,,,,,per-term cap 24 reached for 'Category:Blister packs'
BA_000909,File:Citalopram film-coated tablets.jpg,prefiltered,,,,,per-term cap 24 reached for 'Category:Blister packs'
BA_000910,File:Citalopram-ratiopharm 40 mg.jpg,prefiltered,,,,,per-term cap 24 reached for 'Category:Pharmaceutical products'
BA_000921,"File:Clap Mixture, Pharmacy Museum, New Orleans, LA.jpg",prefiltered,,,,,per-term cap 24 reached for 'Category:Pharmaceutical products'
BA_000922,File:Clarith-200.jpg,prefiltered,,,,,per-term cap 24 reached for 'Category:Blister packs'
BA_000923,File:Clarithromycin200mg.jpg,prefiltered,,,,,native short side 258 px
BA_000924,File:Claustrogex.jpg,prefiltered,,,,,per-term cap 24 reached for 'Category:Pharmaceutical products'
BA_000925,File:Clavamox Chewable Dog Antibiotics (48859713322).jpg,prefiltered,,,,,per-term cap 24 reached for 'Augmentin'
BA_000926,File:Clavualnic Acid Biosynthesis.png,prefiltered,,,,,per-term cap 24 reached for 'Augmentin'
BA_000927,File:Clavulanic-acid-3D-balls.png,prefiltered,,,,,per-term cap 24 reached for 'Augmentin'
BA_000928,File:Clavulanic-acid-Spartan-HF-3-21G-3D-balls.png,prefiltered,,,,,per-term cap 24 reached for 'Augmentin'
BA_000929,File:Clavulanic-acid-based-on-xtal-3D-bs-17.png,prefiltered,,,,,per-term cap 24 reached for 'Augmentin'
BA_000931,File:ClearRx prescription bottles - Flickr - bartsz.jpg,prefiltered,,,,,per-term cap 24 reached for 'Augmentin'
BA_000934,File:Clevelandart 1943.52.1.jpg,prefiltered,,,,,per-term cap 24 reached for 'Category:Medicine bottles'
BA_000935,File:Clevelandart 1966.514.jpg,prefiltered,,,,,per-term cap 24 reached for 'Category:Medicine bottles'
BA_000936,File:Cleviprex 50ml 100ml vial.jpg,prefiltered,,,,,per-term cap 24 reached for 'Category:Pharmaceutical products'
BA_000938,File:Clotrimazol óvulos 500.jpg,prefiltered,,,,,per-term cap 24 reached for 'Category:Pharmaceutical products'
BA_000940,File:Co codamol 8mg and 500mg Tablet.jpg,prefiltered,,,,,per-term cap 24 reached for 'Category:Tablets (pharmacy)'
BA_000941,File:Co-amoxiclav powder for oral suspension.jpg,prefiltered,,,,,per-term cap 24 reached for 'Augmentin'
BA_000942,File:Co-trimoxazole.JPG,prefiltered,,,,,per-term cap 24 reached for 'Category:Blister packs'
BA_000944,File:Coast watch (1979) (20036596474).jpg,prefiltered,,,,,per-term cap 24 reached for 'Category:Tablets (pharmacy)'
BA_000945,"File:Coaxil 12,5 mg tbl.jpg",prefiltered,,,,,per-term cap 24 reached for 'Category:Blister packs'
BA_000946,File:Cocillana.JPG,prefiltered,,,,,per-term cap 24 reached for 'Category:Pharmaceutical products'
BA_000947,File:Codeinum phosphoricum forte Compren Desma.jpg,prefiltered,,,,,per-term cap 24 reached for 'Category:Pharmaceutical products'
BA_000948,"File:Colchium-Dispert 0,5 mg tbl.jpg",prefiltered,,,,,per-term cap 24 reached for 'Category:Blister packs'
BA_000949,File:Cold Form Foil blister pack.jpg,prefiltered,,,,,per-term cap 24 reached for 'Category:Blister packs'
BA_000950,File:Cold Form Foil blister pack2.jpg,prefiltered,,,,,per-term cap 24 reached for 'Category:Blister packs'
BA_000951,File:Cold and Allergy Caplet.JPG,prefiltered,,,,,per-term cap 24 reached for 'Category:Blister packs'
BA_000952,"File:Cold drugs at Watsons at Jincheng, Kinmen-20191216.jpg",prefiltered,,,,,per-term cap 24 reached for 'Category:Pharmaceutical products'
BA_000953,File:Collage etichette farmaci anni 50.jpg,prefiltered,,,,,per-term cap 24 reached for 'Category:Pharmaceutical products'
BA_000954,"File:Colonial Studies, expeditions and drugs. Wellcome L0001009.jpg",prefiltered,,,,,per-term cap 24 reached for 'Category:Pharmaceutical products'
BA_000956,File:Combined oral contraceptive pill (2).JPG,prefiltered,,,,,per-term cap 24 reached for 'Category:Blister packs'
BA_000957,File:Combined oral contraceptive pill (3).JPG,prefiltered,,,,,per-term cap 24 reached for 'Category:Blister packs'
BA_000958,File:Combined oral contraceptive pill.JPG,prefiltered,,,,,per-term cap 24 reached for 'Category:Blister packs'
BA_000959,File:Combretin bottle.jpg,prefiltered,,,,,per-term cap 24 reached for 'Category:Medicine bottles'
BA_000967,File:Comirnaty information leaflet.jpg,prefiltered,,,,,title/credit names 'leaflet'
BA_000970,File:Common Diabetes oral medication.jpg,prefiltered,,,,,per-term cap 24 reached for 'Category:Tablets (pharmacy)'
BA_000972,File:Concentrated Chinese Medicinal Preparations.JPG,prefiltered,,,,,per-term cap 24 reached for 'Category:Pharmaceutical products'
BA_000973,File:Concerta sara.jpg,prefiltered,,,,,per-term cap 24 reached for 'Category:Pharmaceutical products'
BA_000975,File:Concerta18mg.jpg,prefiltered,,,,,per-term cap 24 reached for 'Category:Medicine bottles'
BA_000976,File:Concor Sales In China.jpg,prefiltered,,,,,per-term cap 24 reached for 'Category:Pharmaceutical products'
BA_000981,File:Consumo medio europeo di farmaci dal 1980 al 2024.png,prefiltered,,,,,per-term cap 24 reached for 'Category:Pharmaceutical products'
BA_000982,File:Contactlensverpakking iWear Performance High CIBA Vision Corporation Duluth.JPG,prefiltered,,,,,per-term cap 24 reached for 'Category:Blister packs'
BA_000983,File:Contraceptive Pills.jpg,prefiltered,,,,,per-term cap 24 reached for 'Category:Blister packs'
BA_000984,File:Contraceptive pills 1000pxw.jpg,prefiltered,,,,,per-term cap 24 reached for 'Category:Blister packs'
BA_000987,File:Convulex - 300mg.JPG,prefiltered,,,,,per-term cap 24 reached for 'Category:Pharmaceutical products'
BA_000988,File:Cooling oil.jpg,prefiltered,,,,,per-term cap 24 reached for 'Category:Pharmaceutical products'
BA_000989,File:Copaxone Injection Site Reaction.JPG,prefiltered,,,,,title/credit names 'Reaction'
BA_000990,File:Copaxone.jpg,prefiltered,,,,,per-term cap 24 reached for 'Category:Pharmaceutical products'
BA_000991,File:Corinfar TEVA.JPG,prefiltered,,,,,per-term cap 24 reached for 'Category:Pharmaceutical products'
BA_000992,File:Cork in an antique glass medicine bottle (40569716030).jpg,prefiltered,,,,,per-term cap 24 reached for 'Category:Medicine bottles'
BA_000998,File:Coronavac (Brazilian version) 2021 P.jpeg,prefiltered,,,,,per-term cap 24 reached for 'Category:Pharmaceutical products'
BA_000999,File:Cortizone 10 with Aloe1.jpg,prefiltered,,,,,per-term cap 24 reached for 'Category:Pharmaceutical products'
BA_001000,File:Cosopt Korean.jpg,prefiltered,,,,,per-term cap 24 reached for 'Category:Pharmaceutical products'
BA_001002,File:Cough medicine002.jpg,prefiltered,,,,,per-term cap 24 reached for 'Category:Pharmaceutical products'
BA_001003,File:Counterfeit Teva’s Adderall 30 mg Tablets (7296764626).jpg,prefiltered,,,,,native short side 236 px
BA_001004,File:Cover of the Alka-Seltzer Song Book Wellcome L0051639.jpg,prefiltered,,,,,per-term cap 24 reached for 'Category:Pharmaceutical products'
BA_001024,File:Cristiane Loureiro com cartelas arrecadadas em campanha.jpg,prefiltered,,,,,per-term cap 24 reached for 'Category:Blister packs'
BA_001025,File:CrossedimmunoelectrophoresisTCBH.jpg,prefiltered,,,,,per-term cap 24 reached for 'human normal immunoglobulin'
BA_001027,File:Curam 625mg.jpg,prefiltered,,,,,per-term cap 24 reached for 'Augmentin'
BA_001029,File:Cyamémazine Mylan 25mg.jpg,prefiltered,,,,,per-term cap 24 reached for 'Category:Blister packs'
BA_001030,File:Cyclobenzaprine 10mg Tablets.jpg,prefiltered,,,,,per-term cap 24 reached for 'Category:Medicine bottles'
BA_001031,File:Cylmin 100mg by Tsuruhara.jpg,prefiltered,,,,,per-term cap 24 reached for 'Category:Blister packs'
BA_001032,"File:Cynt 0,4 mg tbl.jpg",prefiltered,,,,,per-term cap 24 reached for 'Category:Blister packs'
BA_001033,File:D1000289.jpg,prefiltered,,,,,per-term cap 24 reached for 'Category:Blister packs'
BA_001034,"File:DEA Take-Back Day, A huge success 110430-Z-AA000-001.jpg",prefiltered,,,,,per-term cap 24 reached for 'Category:Pharmaceutical products'
BA_001035,"File:DEA Take-Back Day, A huge success 110430-Z-AA000-002.jpg",prefiltered,,,,,per-term cap 24 reached for 'Category:Pharmaceutical products'
BA_001036,File:DEA to host national prescription drug take-back 160324-F-HC995-002.jpg,prefiltered,,,,,per-term cap 24 reached for 'Category:Pharmaceutical products'
BA_001037,File:DEC System Building Block 0107942 package.jpg,prefiltered,,,,,title/credit names 'Building'
BA_001038,File:DEC System Building Block 0131983 package.jpg,prefiltered,,,,,title/credit names 'Building'
BA_001039,File:DEC System Building Block 0181782 package.jpg,prefiltered,,,,,title/credit names 'Building'
BA_001040,File:DRUG LABEL-page-002.jpg,prefiltered,,,,,per-term cap 24 reached for 'Category:Pharmaceutical products'
BA_001041,File:DXM tablets in Australia.jpg,prefiltered,,,,,per-term cap 24 reached for 'Category:Pharmaceutical products'
BA_001042,File:Daivobet.jpeg,prefiltered,,,,,per-term cap 24 reached for 'Category:Pharmaceutical products'
BA_001043,File:Dandy Shandy label (6954615763).jpg,prefiltered,,,,,per-term cap 24 reached for 'medicine bottle label'
BA_001044,File:Daratumumab CD38 7DHA.png,prefiltered,,,,,title/credit names 'structure'
BA_001045,File:Day 59 Cy365 Keep Going (62539433).jpeg,prefiltered,,,,,per-term cap 24 reached for 'Category:Blister packs'
BA_001048,File:Debacterol and Oralmedic swabs and packaging.jpg,prefiltered,,,,,per-term cap 24 reached for 'Category:Pharmaceutical products'
BA_001049,File:Debacterol single use swab 1.JPG,prefiltered,,,,,per-term cap 24 reached for 'Category:Pharmaceutical products'
BA_001050,File:Debacterol single use swab 2.JPG,prefiltered,,,,,per-term cap 24 reached for 'Category:Pharmaceutical products'
BA_001051,"File:Dedust sifter of tablets Léčiva in exposition History of making of drugs in Kuks Hospital in Kuks, Trutnov District.jpg",prefiltered,,,,,per-term cap 24 reached for 'Category:Tablets (pharmacy)'
BA_001052,File:Deep-drawn MDI can by H&T Presspart.jpg,prefiltered,,,,,per-term cap 24 reached for 'Category:Pharmaceutical products'
BA_001053,File:Defense.gov News Photo 050310-N-1159B-101.jpg,prefiltered,,,,,per-term cap 24 reached for 'Category:Pharmaceutical products'
BA_001054,File:Defense.gov News Photo 090507-A-6851O-027.jpg,prefiltered,,,,,per-term cap 24 reached for 'Category:Pharmaceutical products'
BA_001055,File:Defense.gov News Photo 100122-M-6151C-069.jpg,prefiltered,,,,,per-term cap 24 reached for 'Category:Tablets (pharmacy)'
BA_001056,File:Defense.gov photo essay 080329-F-1644L-370.jpg,prefiltered,,,,,per-term cap 24 reached for 'Category:Pharmaceutical products'
BA_001057,File:Dekkledensmeer.jpg,prefiltered,,,,,per-term cap 24 reached for 'Category:Pharmaceutical products'
BA_001058,File:Dekstroamfetamiinisulfaatti.JPG,prefiltered,,,,,per-term cap 24 reached for 'Category:Blister packs'
BA_001063,File:Della tua follia (4018998350).jpg,prefiltered,,,,,per-term cap 24 reached for 'Category:Blister packs'
BA_001064,File:Della tua follia-2 (4019001104).jpg,prefiltered,,,,,per-term cap 24 reached for 'Category:Blister packs'
BA_001065,File:DepakenR 200mg.jpg,prefiltered,,,,,per-term cap 24 reached for 'Category:Blister packs'
BA_001066,"File:Depo-Medrol (Methylprednisolone Acetate injectable suspension, USP).jpg",prefiltered,,,,,per-term cap 24 reached for 'Category:Pharmaceutical products'
BA_001067,"File:DepoMedrol2 (Methylprednisolone Acetate injectable suspension, USP).jpg",prefiltered,,,,,per-term cap 24 reached for 'Category:Pharmaceutical products'
BA_001068,File:Depromel75.JPG,prefiltered,,,,,per-term cap 24 reached for 'Category:Blister packs'
BA_001069,File:Depromel75mg.JPG,prefiltered,,,,,native short side 297 px
BA_001070,File:Dequadin Oral Paint bottle4.jpg,prefiltered,,,,,per-term cap 24 reached for 'Category:Medicine bottles'
BA_001071,File:Dequadin Oral Paint2.jpg,prefiltered,,,,,per-term cap 24 reached for 'Category:Medicine bottles'
BA_001072,File:Des médicaments.jpg,prefiltered,,,,,per-term cap 24 reached for 'Category:Pharmaceutical products'
BA_001074,File:Desoxyn (methamphetamine) 5 mg tablets.jpg,prefiltered,,,,,per-term cap 24 reached for 'Category:Tablets (pharmacy)'
BA_001075,File:Desoxyn Package of 100 Pills.jpg,prefiltered,,,,,per-term cap 24 reached for 'Category:Tablets (pharmacy)'
BA_001076,File:Desoxyn5mg.jpg,prefiltered,,,,,per-term cap 24 reached for 'Category:Tablets (pharmacy)'
BA_001077,File:Desyrel 50 mg film tablet trazodon hidroklorül 01.jpg,prefiltered,,,,,per-term cap 24 reached for 'Category:Blister packs'
BA_001078,File:Desyrel 50 mg film tablet trazodon hidroklorül 02.jpg,prefiltered,,,,,per-term cap 24 reached for 'Category:Blister packs'
BA_001079,File:Desyrel.jpg,prefiltered,,,,,per-term cap 24 reached for 'Category:Blister packs'
BA_001080,File:Detecció VHE.jpg,prefiltered,,,,,native short side 284 px
BA_001081,File:Deutsche Pharmazentralnummer.jpg,prefiltered,,,,,per-term cap 24 reached for 'Category:Pharmaceutical products'
BA_001082,File:Deutsches Apotheken-Museum IMG 0050.jpg,prefiltered,,,,,per-term cap 24 reached for 'Category:Pharmaceutical products'
BA_001083,File:Deutsches Apothekenmuseum - Pilae marinae.jpg,prefiltered,,,,,per-term cap 24 reached for 'Category:Pharmaceutical products'
BA_001084,File:Deutsches Apothekenmuseum - Scincus marinus.jpg,prefiltered,,,,,per-term cap 24 reached for 'Category:Pharmaceutical products'
BA_001085,File:Deutsches Apothekenmuseum - Tubenfüllapparat.jpg,prefiltered,,,,,per-term cap 24 reached for 'Category:Pharmaceutical products'
BA_001086,File:Deutsches Apothekenmuseum Fischbein und Kröte.jpg,prefiltered,,,,,per-term cap 24 reached for 'Category:Pharmaceutical products'
BA_001087,File:Deutsches Apothekenmuseum Heidelberg Majolika Gefäß für pharmazeutische Stoffe.JPG,prefiltered,,,,,per-term cap 24 reached for 'Category:Pharmaceutical products'
BA_001088,File:Deutsches Museum Verkehrszentrum - Reiseapotheke in Buchform.jpg,prefiltered,,,,,per-term cap 24 reached for 'Category:Medicine bottles'
BA_001089,File:Deux pilules de Desoxyn Gradumet 10mg.jpg,prefiltered,,,,,per-term cap 24 reached for 'Category:Tablets (pharmacy)'
BA_001090,File:Deworming tablet packaging.jpg,prefiltered,,,,,per-term cap 24 reached for 'Category:Pharmaceutical products'
BA_001091,File:Dexamethasone tablets.jpg,prefiltered,,,,,per-term cap 24 reached for 'Category:Tablets (pharmacy)'
BA_001092,File:Dexamfetamine Sulphate.JPG,prefiltered,,,,,per-term cap 24 reached for 'Category:Pharmaceutical products'
BA_001093,File:Dexedrine 5mg tablets.jpg,prefiltered,,,,,per-term cap 24 reached for 'Category:Blister packs'
BA_001094,File:Dextroamphetamine.jpg,prefiltered,,,,,per-term cap 24 reached for 'Category:Medicine bottles'
BA_001096,File:Dextromethorphan.jpg,prefiltered,,,,,per-term cap 24 reached for 'Category:Blister packs'
BA_001097,File:Dextrose 50% (1).JPG,prefiltered,,,,,per-term cap 24 reached for 'Category:Pharmaceutical products'
BA_001099,File:Dhc-Continus 90 mg tbl.jpg,prefiltered,,,,,per-term cap 24 reached for 'Category:Blister packs'
BA_001100,File:Dianabol pills.jpg,prefiltered,,,,,per-term cap 24 reached for 'Category:Medicine bottles'
BA_001110,File:Diazepam diagram 2.png,prefiltered,,,,,title/credit names 'diagram'
BA_001112,File:Diazepam synthesis.png,prefiltered,,,,,title/credit names 'synthesis'
BA_001115,File:Diazepam(Valium) DOJ.jpg,prefiltered,,,,,native short side 168 px
BA_001119,File:Diazepam-pyridazine structure.png,prefiltered,,,,,title/credit names 'structure'
BA_001124,File:Diazepam44444.JPG,prefiltered,,,,,per-term cap 24 reached for 'diazepam'
BA_001125,File:Diazepam5mg.JPG,prefiltered,,,,,per-term cap 24 reached for 'diazepam'
BA_001126,File:Diazepam5mgBlisterPack14.JPG,prefiltered,,,,,per-term cap 24 reached for 'diazepam'
BA_001127,File:Diazepamsynthesis.png,prefiltered,,,,,per-term cap 24 reached for 'diazepam'
BA_001128,File:Diazepamum (blister pack back).jpg,prefiltered,,,,,per-term cap 24 reached for 'diazepam'
BA_001129,File:Diazepamum (blister pack front).jpg,prefiltered,,,,,per-term cap 24 reached for 'diazepam'
BA_001130,File:Diazepamum (box).jpg,prefiltered,,,,,per-term cap 24 reached for 'diazepam'
BA_001131,File:Diclofenac Duo 75 mg cps.jpg,prefiltered,,,,,per-term cap 24 reached for 'Category:Blister packs'
BA_001132,File:Diclofenac Topical Gel.jpg,prefiltered,,,,,per-term cap 24 reached for 'Category:Pharmaceutical products'
BA_001133,File:Dicloflexec50.JPG,prefiltered,,,,,native short side 247 px
BA_001134,File:Die Pille - Anovlar - Verhütungsmittel der 60er Jahre - Bild 001.jpg,prefiltered,,,,,per-term cap 24 reached for 'Category:Blister packs'
BA_001135,File:Die Pille - Anovlar - Verhütungsmittel der 60er Jahre - Bild 002.jpg,prefiltered,,,,,per-term cap 24 reached for 'Category:Blister packs'
BA_001136,File:Die Pille - Anovlar - Verhütungsmittel der 60er Jahre - Bild 003.jpg,prefiltered,,,,,per-term cap 24 reached for 'Category:Blister packs'
BA_001137,File:Die Pille - Anovlar - Verhütungsmittel der 60er Jahre - Bild 004.jpg,prefiltered,,,,,per-term cap 24 reached for 'Category:Blister packs'
BA_001138,File:Die Pille - Anovlar - Verhütungsmittel der 60er Jahre - Bild 005.jpg,prefiltered,,,,,per-term cap 24 reached for 'Category:Blister packs'
BA_001139,File:Die Pille - Logynon - Bild 002.jpg,prefiltered,,,,,per-term cap 24 reached for 'Category:Blister packs'
BA_001140,File:Die Pille - Logynon - Bild 003.jpg,prefiltered,,,,,per-term cap 24 reached for 'Category:Blister packs'
BA_001141,File:Die Pille - Microgynon 30 - Bild 002.jpg,prefiltered,,,,,per-term cap 24 reached for 'Category:Blister packs'
BA_001142,File:Die Pille - Microgynon 30 - Bild 003.jpg,prefiltered,,,,,per-term cap 24 reached for 'Category:Blister packs'
BA_001143,File:Different medicines.jpg,prefiltered,,,,,per-term cap 24 reached for 'Category:Pharmaceutical products'
BA_001144,File:Different medicins.jpg,prefiltered,,,,,per-term cap 24 reached for 'Category:Pharmaceutical products'
BA_001145,File:Diflorasone diacetate (Diflal).jpg,prefiltered,,,,,per-term cap 24 reached for 'Category:Pharmaceutical products'
BA_001146,File:Digibind.jpg,prefiltered,,,,,per-term cap 24 reached for 'Category:Pharmaceutical products'
BA_001147,"File:Digoxin 0,125 mg tbl.jpg",prefiltered,,,,,per-term cap 24 reached for 'Category:Blister packs'
BA_001148,File:Dihydrcodeine Tablets Package Almus 30 mg 2017.jpg,prefiltered,,,,,per-term cap 24 reached for 'Category:Pharmaceutical products'
BA_001150,File:Diklak.jpg,prefiltered,,,,,per-term cap 24 reached for 'Category:Pharmaceutical products'
BA_001151,File:Dimedrol solution.jpg,prefiltered,,,,,per-term cap 24 reached for 'Category:Pharmaceutical products'
BA_001152,File:Dimenhydrinate.jpg,prefiltered,,,,,per-term cap 24 reached for 'Category:Pharmaceutical products'
BA_001153,File:Diprosalic ointment tube.jpeg,prefiltered,,,,,per-term cap 24 reached for 'Category:Pharmaceutical products'
BA_001156,File:Discount on COVID-19 antibody testing at clinic in Japan.jpg,prefiltered,,,,,per-term cap 24 reached for 'human normal immunoglobulin'
BA_001157,File:Diseases of domestic animals and poultry; (1915) (20344431354).jpg,prefiltered,,,,,per-term cap 24 reached for 'Category:Pharmaceutical products'
BA_001162,"File:Distributing buckets and jerrycans in Santo Nino, Leyte (11252683455).jpg",prefiltered,,,,,per-term cap 24 reached for 'Category:Tablets (pharmacy)'
BA_001163,File:Dit Da Jow Bottle.jpg,prefiltered,,,,,per-term cap 24 reached for 'Category:Pharmaceutical products'
BA_001164,File:Dithiaden.jpg,prefiltered,,,,,per-term cap 24 reached for 'Category:Pharmaceutical products'
BA_001165,File:Doctor performing Botox injection.jpg,prefiltered,,,,,per-term cap 24 reached for 'botulinum toxin Dysport'
BA_001166,File:Dogmatil50.jpg,prefiltered,,,,,per-term cap 24 reached for 'Category:Blister packs'
BA_001168,File:Dolan.jpg,prefiltered,,,,,per-term cap 24 reached for 'Category:Pharmaceutical products'
BA_001169,File:Doliprane.jpg,prefiltered,,,,,per-term cap 24 reached for 'Category:Pharmaceutical products'
BA_001170,File:Dollar General Allergy Relief Diphenhydramine Bottle.jpg,prefiltered,,,,,per-term cap 24 reached for 'Category:Medicine bottles'
BA_001171,File:Dolmina.jpg,prefiltered,,,,,per-term cap 24 reached for 'Category:Pharmaceutical products'
BA_001172,File:Domperidone nauzelin 5mg.JPG,prefiltered,,,,,per-term cap 24 reached for 'Category:Blister packs'
BA_001173,File:Donepezil 10 mg tbl.jpg,prefiltered,,,,,per-term cap 24 reached for 'Category:Blister packs'
BA_001176,File:Doreta 75-650 mg tbl.jpg,prefiltered,,,,,per-term cap 24 reached for 'Category:Blister packs'
BA_001177,File:Dorsiflex 200 mg tbl.jpg,prefiltered,,,,,per-term cap 24 reached for 'Category:Blister packs'
BA_001178,File:Dosage and administration.jpg,prefiltered,,,,,per-term cap 24 reached for 'Category:Pharmaceutical products'
BA_001179,File:Dose effect of digitalis glyosides in humans.jpg,prefiltered,,,,,per-term cap 24 reached for 'Category:Pharmaceutical products'
BA_001180,File:Doxapram.JPG,prefiltered,,,,,per-term cap 24 reached for 'Category:Pharmaceutical products'
BA_001181,File:Doxepin film-coated tablets.jpg,prefiltered,,,,,per-term cap 24 reached for 'Category:Blister packs'
BA_001182,File:Doxorubicin -adverse effect.png,prefiltered,,,,,per-term cap 24 reached for 'Category:Pharmaceutical products'
BA_001183,File:Doxycycline pills.jpg,prefiltered,,,,,per-term cap 24 reached for 'Category:Medicine bottles'
BA_001185,File:Dr Seth Arnolds Cough Killer Wellcome L0041347.jpg,prefiltered,,,,,per-term cap 24 reached for 'Category:Pharmaceutical products'
BA_001186,File:Dr. Bengués Balsam Wellcome L0068141.jpg,prefiltered,,,,,per-term cap 24 reached for 'Category:Pharmaceutical products'
BA_001187,File:Dr. J. C. Ayer and Co. (3092960551).jpg,prefiltered,,,,,per-term cap 24 reached for 'Category:Pharmaceutical products'
BA_001188,File:Dr. J.C. Ayer Company (3092806673).jpg,prefiltered,,,,,per-term cap 24 reached for 'Category:Pharmaceutical products'
BA_001189,File:Dr. J.C. Ayer and Co. (3093575738).jpg,prefiltered,,,,,per-term cap 24 reached for 'Category:Pharmaceutical products'
BA_001190,File:Dr. J.C. Ayer and Co. (3093691820).jpg,prefiltered,,,,,per-term cap 24 reached for 'Category:Pharmaceutical products'
BA_001191,File:Dr. J.H. McLean's Liver and Kidney Balm Bottle - DPLA - b82cb73dc5ad981f35485a4659e477f3 (page 1).jpg,prefiltered,,,,,per-term cap 24 reached for 'Category:Pharmaceutical products'
BA_001192,File:Dr. J.H. McLean's Liver and Kidney Balm Bottle - DPLA - b82cb73dc5ad981f35485a4659e477f3 (page 2).jpg,prefiltered,,,,,per-term cap 24 reached for 'Category:Pharmaceutical products'
BA_001194,File:Dristan Inhaler.jpg,prefiltered,,,,,per-term cap 24 reached for 'Category:Pharmaceutical products'
BA_001196,File:Drug Disposal (5664574879).jpg,prefiltered,,,,,per-term cap 24 reached for 'Category:Medicine bottles'
BA_001197,File:Drug Disposal (5664575175).jpg,prefiltered,,,,,per-term cap 24 reached for 'Category:Medicine bottles'
BA_001198,File:Drug Prescription Form.jpg,prefiltered,,,,,per-term cap 24 reached for 'Category:Pharmaceutical products'
BA_001199,File:Drug Prescription form.jpg,prefiltered,,,,,per-term cap 24 reached for 'Category:Pharmaceutical products'
BA_001200,File:Drug Take Back at Freedom Crossing 161013-A-ZZ999-001.jpg,prefiltered,,,,,per-term cap 24 reached for 'Category:Pharmaceutical products'
BA_001201,File:Drug bottle containing cannabis.jpg,prefiltered,,,,,native short side 284 px
BA_001202,File:Drug capsules.jpg,prefiltered,,,,,per-term cap 24 reached for 'Category:Blister packs'
BA_001203,File:Drug eruption1.jpg,prefiltered,,,,,native short side 192 px
BA_001204,File:Drug eruption2.jpg,prefiltered,,,,,native short side 191 px
BA_001205,File:Drug eruption3.jpg,prefiltered,,,,,native short side 160 px
BA_001206,File:Drug eruption4.jpg,prefiltered,,,,,native short side 191 px
BA_001207,File:Drug label HA-page0001.jpg,prefiltered,,,,,per-term cap 24 reached for 'Category:Pharmaceutical products'
BA_001208,File:Drug prescription paper.jpg,prefiltered,,,,,per-term cap 24 reached for 'Category:Pharmaceutical products'
BA_001209,"File:Drug sign in exposition History of making of drugs in Kuks Hospital in Kuks, Trutnov District.jpg",prefiltered,,,,,per-term cap 24 reached for 'Category:Tablets (pharmacy)'
BA_001210,File:Drug vial (8398232965).jpg,prefiltered,,,,,per-term cap 24 reached for 'Category:Pharmaceutical products'
BA_001211,File:Drug vials (8398232701).jpg,prefiltered,,,,,per-term cap 24 reached for 'Category:Pharmaceutical products'
BA_001212,File:Drug vials (8398232857).jpg,prefiltered,,,,,per-term cap 24 reached for 'Category:Pharmaceutical products'
BA_001214,File:Drug-label-HA.jpg,prefiltered,,,,,per-term cap 24 reached for 'Category:Pharmaceutical products'
BA_001215,File:Drug1-page0001 (2).jpg,prefiltered,,,,,per-term cap 24 reached for 'Category:Pharmaceutical products'
BA_001216,File:Drugs 1601.jpg,prefiltered,,,,,per-term cap 24 reached for 'Category:Pharmaceutical products'
BA_001217,File:Drugscreentw.jpg,prefiltered,,,,,per-term cap 24 reached for 'Category:Pharmaceutical products'
BA_001219,File:Dukoral package bicarb buffer.jpg,prefiltered,,,,,per-term cap 24 reached for 'Category:Pharmaceutical products'
BA_001221,File:Dukoral package vaccine vial.jpg,prefiltered,,,,,per-term cap 24 reached for 'Category:Pharmaceutical products'
BA_001223,File:Dukoral vial bicarb.jpg,prefiltered,,,,,per-term cap 24 reached for 'Category:Pharmaceutical products'
BA_001224,File:Duloxetine(Cymbalta)20mgCap.jpg,prefiltered,,,,,per-term cap 24 reached for 'Category:Blister packs'
BA_001226,"File:Duodart 0,5-0,4 mg cps.jpg",prefiltered,,,,,per-term cap 24 reached for 'Category:Pharmaceutical products'
BA_001228,File:Dupixent Pen and Packaging.jpg,prefiltered,,,,,per-term cap 24 reached for 'Category:Pharmaceutical products'
BA_001229,File:Duratears oogdruppels voor droge ogen.jpg,prefiltered,,,,,per-term cap 24 reached for 'Category:Pharmaceutical products'
BA_001231,File:Dynatussin Syrup cough medicine4.jpg,prefiltered,,,,,per-term cap 24 reached for 'Category:Medicine bottles'
BA_001234,File:ENERGON Energy gum.JPG,prefiltered,,,,,per-term cap 24 reached for 'Category:Blister packs'
BA_001235,File:EVOLTA Series.png,prefiltered,,,,,per-term cap 24 reached for 'Category:Blister packs'
BA_001239,"File:Early ""Clap"" Medicinal Formulation, Possibly Containing Hysoscyamine, Possibly From the New Orleans Pharmacy Museum.jpg",prefiltered,,,,,per-term cap 24 reached for 'Category:Pharmaceutical products'
BA_001240,File:Early-1960s-obocell-bottle 1 86ad73c9be54e88998bc7520ca7e42e6.jpg,prefiltered,,,,,native short side 251 px
BA_001241,File:Ebglyss.jpg,prefiltered,,,,,per-term cap 24 reached for 'Category:Pharmaceutical products'
BA_001243,File:Ebixa 20 mg tbl.jpg,prefiltered,,,,,per-term cap 24 reached for 'Category:Blister packs'
BA_001244,File:Ebrantil 60 mg cps.jpg,prefiltered,,,,,per-term cap 24 reached for 'Category:Pharmaceutical products'
BA_001245,File:Eco wash tablet packet.JPG,prefiltered,,,,,per-term cap 24 reached for 'Category:Tablets (pharmacy)'
BA_001246,File:Ecstacy-01.jpg,prefiltered,,,,,per-term cap 24 reached for 'Category:Tablets (pharmacy)'
BA_001247,File:Ecstacy-03.jpg,prefiltered,,,,,per-term cap 24 reached for 'Category:Tablets (pharmacy)'
BA_001248,File:Ecstacy-04.jpg,prefiltered,,,,,per-term cap 24 reached for 'Category:Tablets (pharmacy)'
BA_001250,File:Ecstasy Pills.jpg,prefiltered,,,,,native short side 240 px
BA_001251,File:Ecstasy monogram.jpg,prefiltered,,,,,per-term cap 24 reached for 'Category:Tablets (pharmacy)'
BA_001252,File:Ecstasy pills.jpg,prefiltered,,,,,per-term cap 24 reached for 'Category:Tablets (pharmacy)'
BA_001253,File:Ecstasy-02.jpg,prefiltered,,,,,per-term cap 24 reached for 'Category:Tablets (pharmacy)'
BA_001254,File:EcstasyTablets.jpg,prefiltered,,,,,native short side 150 px
BA_001255,"File:Education Campaign, PNG (10694214734).jpg",prefiltered,,,,,per-term cap 24 reached for 'Category:Tablets (pharmacy)'
BA_001257,File:Effervescent tablet with cleaning agent for dentures-1930.jpg,prefiltered,,,,,per-term cap 24 reached for 'Category:Tablets (pharmacy)'
BA_001258,File:Effervescent tablet with cleaning agent for dentures-1931.jpg,prefiltered,,,,,per-term cap 24 reached for 'Category:Tablets (pharmacy)'
BA_001259,File:Effervescent tablets for oral rehydration therapy (1).JPG,prefiltered,,,,,per-term cap 24 reached for 'Category:Tablets (pharmacy)'
BA_001260,File:Effervescent tablets for oral rehydration therapy (2).JPG,prefiltered,,,,,per-term cap 24 reached for 'Category:Tablets (pharmacy)'
BA_001261,File:Effexor.jpg,prefiltered,,,,,per-term cap 24 reached for 'Category:Medicine bottles'
BA_001262,File:Egilok-25.jpg,prefiltered,,,,,per-term cap 24 reached for 'Category:Pharmaceutical products'
BA_001263,File:Eisai Fycompa 12mg.jpg,prefiltered,,,,,per-term cap 24 reached for 'Category:Blister packs'
BA_001264,File:Eisai Fycompa 6mg.JPG,prefiltered,,,,,per-term cap 24 reached for 'Category:Blister packs'
BA_001265,File:Eisai Zonegran 100mg.jpg,prefiltered,,,,,per-term cap 24 reached for 'Category:Blister packs'
BA_001266,File:Elapegademase.png,prefiltered,,,,,per-term cap 24 reached for 'Category:Pharmaceutical products'
BA_001268,File:Elestat-03.jpg,prefiltered,,,,,per-term cap 24 reached for 'Category:Pharmaceutical products'
BA_001269,File:Eliava Institut Prep.jpg,prefiltered,,,,,per-term cap 24 reached for 'Category:Pharmaceutical products'
BA_001270,File:Elizabeth Berger Plaza 37 - BMT Rector Street.jpg,prefiltered,,,,,per-term cap 24 reached for 'Category:Medicine bottles'
BA_001271,File:Elliot Rodger medication.jpg,prefiltered,,,,,per-term cap 24 reached for 'Category:Pharmaceutical products'
BA_001272,File:Eloralintide.png,prefiltered,,,,,per-term cap 24 reached for 'Category:Pharmaceutical products'
BA_001273,File:Embalagens de medicamentos.jpg,prefiltered,,,,,per-term cap 24 reached for 'Category:Pharmaceutical products'
BA_001274,File:Embalaje monodosis de medicamentos.jpg,prefiltered,,,,,per-term cap 24 reached for 'Category:Pharmaceutical products'
BA_001275,File:Emergency contraception 1 pill.jpg,prefiltered,,,,,native short side 179 px
BA_001276,File:Emergency contraceptive (cropped).jpg,prefiltered,,,,,per-term cap 24 reached for 'Category:Blister packs'
BA_001277,File:Emergency contraceptive.jpg,prefiltered,,,,,per-term cap 24 reached for 'Category:Blister packs'
BA_001279,File:Emetrol For Nausea (4225474315).jpg,prefiltered,,,,,per-term cap 24 reached for 'Category:Pharmaceutical products'
BA_001280,File:Emgality.jpg,prefiltered,,,,,per-term cap 24 reached for 'Category:Pharmaceutical products'
BA_001281,File:Emmox Amoxicillin.jpg,prefiltered,,,,,per-term cap 24 reached for 'amoxicillin'
BA_001282,File:Emprazil tablets; Burroughs Wellcome and Company Wellcome L0041226.jpg,prefiltered,,,,,per-term cap 24 reached for 'Category:Tablets (pharmacy)'
BA_001283,"File:Empty bottle for Ritalin tablets, England, 1954-1970 Wellcome L0058213.jpg",prefiltered,,,,,per-term cap 24 reached for 'Category:Medicine bottles'
BA_001284,File:Enbrel Etanercept (74057).jpg,prefiltered,,,,,per-term cap 24 reached for 'Category:Pharmaceutical products'
BA_001285,File:Enbrel Etanercept Turkish Drug Container.jpg,prefiltered,,,,,per-term cap 24 reached for 'Category:Pharmaceutical products'
BA_001288,"File:Enema prepared, disposable.jpg",prefiltered,,,,,per-term cap 24 reached for 'Category:Medicine bottles'
BA_001289,File:Energy saving light bulbs.JPG,prefiltered,,,,,per-term cap 24 reached for 'Category:Blister packs'
BA_001291,File:Engystol (pills).jpg,prefiltered,,,,,per-term cap 24 reached for 'Category:Medicine bottles'
BA_001292,File:Enrique001.jpg,prefiltered,,,,,per-term cap 24 reached for 'Category:Pharmaceutical products'
BA_001293,File:Enterodez.jpg,prefiltered,,,,,per-term cap 24 reached for 'Category:Pharmaceutical products'
BA_001294,File:Eperisone.jpg,prefiltered,,,,,per-term cap 24 reached for 'Category:Blister packs'
BA_001295,File:Ephemera Collection; QV; Advertising; 1850-1 Wellcome L0031706.jpg,prefiltered,,,,,per-term cap 24 reached for 'Category:Pharmaceutical products'
BA_001296,File:Epidemics; how to meet them (1919) (14777835875).jpg,prefiltered,,,,,per-term cap 24 reached for 'Category:Pharmaceutical products'
BA_001298,File:Epinastine-eye-drop (japan).jpg,prefiltered,,,,,per-term cap 24 reached for 'Category:Pharmaceutical products'
BA_001299,File:Epivir RU.jpg,prefiltered,,,,,per-term cap 24 reached for 'Category:Pharmaceutical products'
BA_001300,File:Equasym 10mg tablets.jpg,prefiltered,,,,,per-term cap 24 reached for 'Category:Blister packs'
BA_001301,File:Equate Aceteminophen Pills and Container.JPG,prefiltered,,,,,per-term cap 24 reached for 'Category:Pharmaceutical products'
BA_001302,File:Equate Ibuprofen Bottle and Pills.JPG,prefiltered,,,,,per-term cap 24 reached for 'Category:Medicine bottles'
BA_001303,File:Equate Ibuprofen Pills and Bottle.JPG,prefiltered,,,,,per-term cap 24 reached for 'Category:Medicine bottles'
BA_001304,File:Equate Ibuprofen Pills and Meijer Aceteminophen Caplets.JPG,prefiltered,,,,,per-term cap 24 reached for 'Category:Pharmaceutical products'
BA_001305,File:Equipment for the application of a local ether anaesthetic. Wellcome L0018284.jpg,prefiltered,,,,,per-term cap 24 reached for 'Category:Pharmaceutical products'
BA_001306,File:Equoral 50 mg cps.jpg,prefiltered,,,,,per-term cap 24 reached for 'Category:Blister packs'
BA_001307,File:Erdomed 300 mg cps.jpg,prefiltered,,,,,per-term cap 24 reached for 'Category:Blister packs'
BA_001308,File:Escitalopram 20mg Filmtabletten.jpg,prefiltered,,,,,per-term cap 24 reached for 'Category:Blister packs'
BA_001309,File:Escitalopram Actavis 10mg.JPG,prefiltered,,,,,per-term cap 24 reached for 'Category:Blister packs'
BA_001310,File:Escitalopram Teva.JPG,prefiltered,,,,,per-term cap 24 reached for 'Category:Blister packs'
BA_001311,File:Escitalopram.JPG,prefiltered,,,,,per-term cap 24 reached for 'Category:Blister packs'
BA_001312,File:Esprital pigulki.jpg,prefiltered,,,,,per-term cap 24 reached for 'Category:Blister packs'
BA_001313,File:Essential amino complex pills.jpg,prefiltered,,,,,per-term cap 24 reached for 'Category:Medicine bottles'
BA_001316,File:Eszopiclone-qilu.jpg,prefiltered,,,,,per-term cap 24 reached for 'Category:Pharmaceutical products'
BA_001317,File:Et assortert utvalg urtemedisiner fra apoteket Ørnen ved Glomdalsmuseet.jpg,prefiltered,,,,,per-term cap 24 reached for 'Category:Pharmaceutical products'
BA_001320,File:Etodolac600mg.jpg,prefiltered,,,,,per-term cap 24 reached for 'Category:Blister packs'
BA_001321,File:Etopen 200mg by Towa Pharmaceutical.jpg,prefiltered,,,,,per-term cap 24 reached for 'Category:Blister packs'
BA_001323,File:Eurodin2mg.jpg,prefiltered,,,,,per-term cap 24 reached for 'Category:Tablets (pharmacy)'
BA_001324,File:Eusedon.jpg,prefiltered,,,,,per-term cap 24 reached for 'Category:Pharmaceutical products'
BA_001326,File:Evolución de la marca Finalín.jpg,prefiltered,,,,,per-term cap 24 reached for 'Category:Pharmaceutical products'
BA_001327,File:Excedrin Migraine.jpg,prefiltered,,,,,per-term cap 24 reached for 'Category:Pharmaceutical products'
BA_001328,File:Expiration date of pills - Thai calendar.JPG,prefiltered,,,,,per-term cap 24 reached for 'Category:Blister packs'
BA_001329,File:Exstasy from 2015 NDTA Report Page 87 Image 0001.png,prefiltered,,,,,per-term cap 24 reached for 'Category:Tablets (pharmacy)'
BA_001330,File:Exstasy from 2015 NDTA Report Page 87 Image 0002.png,prefiltered,,,,,per-term cap 24 reached for 'Category:Tablets (pharmacy)'
BA_001331,File:Exstasy from 2015 NDTA Report Page 87 Image 0003.png,prefiltered,,,,,per-term cap 24 reached for 'Category:Tablets (pharmacy)'
BA_001332,File:Extra Strength Tylenol and Tylenol PM.jpg,prefiltered,,,,,per-term cap 24 reached for 'Category:Pharmaceutical products'
BA_001333,File:Extruder spheronizer.jpg,prefiltered,,,,,per-term cap 24 reached for 'Category:Pharmaceutical products'
BA_001334,File:Eye Drops (20578589466).jpg,prefiltered,,,,,per-term cap 24 reached for 'Category:Pharmaceutical products'
BA_001335,File:Eye Drops - eye lubricant.jpg,prefiltered,,,,,per-term cap 24 reached for 'Category:Pharmaceutical products'
BA_001336,File:Eye drop.jpg,prefiltered,,,,,per-term cap 24 reached for 'Category:Pharmaceutical products'
BA_001337,File:Eye drops Ophthalmologist Hospital Cameroon 02.jpg,prefiltered,,,,,per-term cap 24 reached for 'Category:Pharmaceutical products'
BA_001338,File:Eye treated with dilating eye drops.jpg,prefiltered,,,,,per-term cap 24 reached for 'Category:Pharmaceutical products'
BA_001339,File:Ezicas F.JPG,prefiltered,,,,,per-term cap 24 reached for 'Category:Pharmaceutical products'
BA_001340,File:Ezicas.JPG,prefiltered,,,,,per-term cap 24 reached for 'Category:Pharmaceutical products'
BA_001341,File:Eziwin.JPG,prefiltered,,,,,per-term cap 24 reached for 'Category:Pharmaceutical products'
BA_001342,File:FDA History - Thalidomide (4901386994).jpg,prefiltered,,,,,per-term cap 24 reached for 'Category:Medicine bottles'
BA_001344,File:FLAXYNE LP 75 mg (Arabic side).jpg,prefiltered,,,,,per-term cap 24 reached for 'Category:Blister packs'
BA_001345,File:FLAXYNE LP 75 mg.jpg,prefiltered,,,,,per-term cap 24 reached for 'Category:Blister packs'
BA_001346,File:FLUIMUCIL Zambon.jpg,prefiltered,,,,,per-term cap 24 reached for 'Category:Pharmaceutical products'
BA_001349,File:Famotidine 20mg generic.jpg,prefiltered,,,,,per-term cap 24 reached for 'Category:Pharmaceutical products'
BA_001354,File:Febichol 100 mg cps.jpg,prefiltered,,,,,per-term cap 24 reached for 'Category:Blister packs'
BA_001355,File:Female doctor gives a dose of a medicine to a child at home.jpg,prefiltered,,,,,per-term cap 24 reached for 'Category:Pharmaceutical products'
BA_001358,File:Fentalis patches.jpg,prefiltered,,,,,per-term cap 24 reached for 'Category:Blister packs'
BA_001359,File:Fentanyl Patch from Israel.jpg,prefiltered,,,,,per-term cap 24 reached for 'Category:Pharmaceutical products'
BA_001360,File:Fentanyl patch packages.jpg,prefiltered,,,,,per-term cap 24 reached for 'Category:Pharmaceutical products'
BA_001361,File:Fentanyl.jpg,prefiltered,,,,,per-term cap 24 reached for 'Category:Pharmaceutical products'
BA_001362,File:Ferezol.jpg,prefiltered,,,,,per-term cap 24 reached for 'Category:Pharmaceutical products'
BA_001363,File:Fertigarzneimittel DE.jpg,prefiltered,,,,,per-term cap 24 reached for 'Category:Pharmaceutical products'
BA_001365,File:Fetzima 1.jpg,prefiltered,,,,,per-term cap 24 reached for 'Category:Medicine bottles'
BA_001366,File:Field's Chamomile Powders label (8734611320).jpg,prefiltered,,,,,per-term cap 24 reached for 'Category:Pharmaceutical products'
BA_001370,File:Filmtablette.jpg,prefiltered,,,,,per-term cap 24 reached for 'Category:Blister packs'
BA_001373,File:Finasterid Orion.JPG,prefiltered,,,,,per-term cap 24 reached for 'Category:Pharmaceutical products'
BA_001374,File:Finasteride bottle 5mg.jpg,prefiltered,,,,,per-term cap 24 reached for 'Category:Medicine bottles'
BA_001375,File:Finpecia from India is Cheap Propecia.jpg,prefiltered,,,,,per-term cap 24 reached for 'Category:Blister packs'
BA_001376,File:Fioles de pharmacie en verre émaillé-Musée alsacien de Strasbourg (1).jpg,prefiltered,,,,,per-term cap 24 reached for 'Category:Medicine bottles'
BA_001377,File:Fioles de pharmacie en verre émaillé-Musée alsacien de Strasbourg (2).jpg,prefiltered,,,,,per-term cap 24 reached for 'Category:Medicine bottles'
BA_001378,File:Flacon de Benzodiazépines.jpg,prefiltered,,,,,per-term cap 24 reached for 'Category:Medicine bottles'
BA_001379,"File:Flacon à onguents (Louvre, Cp 8712).jpg",prefiltered,,,,,per-term cap 24 reached for 'Category:Medicine bottles'
BA_001380,File:Flessen Medicijnen.JPG,prefiltered,,,,,per-term cap 24 reached for 'Category:Pharmaceutical products'
BA_001381,File:Flessen Potjes Medicijnen.JPG,prefiltered,,,,,per-term cap 24 reached for 'Category:Pharmaceutical products'
BA_001382,File:Flessen.jpg,prefiltered,,,,,per-term cap 24 reached for 'Category:Pharmaceutical products'
BA_001385,File:Flickr - Israel Defense Forces - Expired Medicine Unloaded Off Gaza Flotillas (3).jpg,prefiltered,,,,,per-term cap 24 reached for 'Category:Pharmaceutical products'
BA_001387,File:Flickr - Israel Defense Forces - Expired Medicine Unloaded Off Gaza Flotillas.jpg,prefiltered,,,,,per-term cap 24 reached for 'Category:Pharmaceutical products'
BA_001388,File:Flickr - cyclonebill - Pinex.jpg,prefiltered,,,,,per-term cap 24 reached for 'Category:Pharmaceutical products'
BA_001389,"File:Flint implement left, lead weight centre, apothecary glass bottle fragment right. (FindID 227171).jpg",prefiltered,,,,,per-term cap 24 reached for 'Category:Medicine bottles'
BA_001390,File:Flucloxacillin package.jpg,prefiltered,,,,,per-term cap 24 reached for 'Category:Pharmaceutical products'
BA_001391,File:Flucloxacillin preparations.jpg,prefiltered,,,,,per-term cap 24 reached for 'Category:Pharmaceutical products'
BA_001392,File:Fluimucil NAC pills in China.jpg,prefiltered,,,,,per-term cap 24 reached for 'Category:Blister packs'
BA_001393,File:Fluoridové přípravky.jpg,prefiltered,,,,,per-term cap 24 reached for 'Category:Tablets (pharmacy)'
BA_001394,File:Fluorometholone.jpg,prefiltered,,,,,per-term cap 24 reached for 'Category:Pharmaceutical products'
BA_001396,File:Fluoxetine 20mg with Packet.jpg,prefiltered,,,,,per-term cap 24 reached for 'Category:Blister packs'
BA_001397,File:Fluoxetine Lannacher 20 mg.JPG,prefiltered,,,,,per-term cap 24 reached for 'Category:Pharmaceutical products'
BA_001398,File:Fluoxetine.jpg,prefiltered,,,,,per-term cap 24 reached for 'Category:Blister packs'
BA_001399,File:Fluticasone cream.jpg,prefiltered,,,,,per-term cap 24 reached for 'Category:Pharmaceutical products'
BA_001400,File:Fluvoxamine depromel 25 jp.jpg,prefiltered,,,,,per-term cap 24 reached for 'Category:Blister packs'
BA_001401,File:Forlax 4g Macrogol 4000-ar.jpg,prefiltered,,,,,per-term cap 24 reached for 'Category:Pharmaceutical products'
BA_001402,"File:Former pharmacy, shelves with medicines.jpg",prefiltered,,,,,per-term cap 24 reached for 'Category:Medicine bottles'
BA_001403,File:Fortecortin 4 mg tbl.jpg,prefiltered,,,,,per-term cap 24 reached for 'Category:Blister packs'
BA_001405,File:Fotothek df n-09 0000448.jpg,prefiltered,,,,,per-term cap 24 reached for 'Category:Blister packs'
BA_001406,File:Fotothek df n-09 0000449.jpg,prefiltered,,,,,per-term cap 24 reached for 'Category:Blister packs'
BA_001407,File:Fotothek df n-09 0000450.jpg,prefiltered,,,,,per-term cap 24 reached for 'Category:Blister packs'
BA_001408,File:Francisco Hernández (1615) Quatro libros de la naturaleza y virtudes de las plantas y animales.png,prefiltered,,,,,per-term cap 24 reached for 'Category:Pharmaceutical products'
BA_001409,"File:Fraxiparine 0,4 ml inj.jpg",prefiltered,,,,,per-term cap 24 reached for 'Category:Pharmaceutical products'
BA_001410,"File:Fraxiparine 0,6 ml injection.jpg",prefiltered,,,,,per-term cap 24 reached for 'Category:Pharmaceutical products'
BA_001411,"File:Fraxiparine Forte 0,6 ml inj.jpg",prefiltered,,,,,per-term cap 24 reached for 'Category:Pharmaceutical products'
BA_001412,File:French Havlane (Loprazolam 1 mg) medicine.jpg,prefiltered,,,,,per-term cap 24 reached for 'Category:Pharmaceutical products'
BA_001413,File:French Havlane (Loprazolam 1 mg) pills.jpg,prefiltered,,,,,per-term cap 24 reached for 'Category:Tablets (pharmacy)'
BA_001414,File:French-triple-therapy against helicobacter pylori.jpg,prefiltered,,,,,per-term cap 24 reached for 'Category:Blister packs'
BA_001415,File:Fromilid 500 mg tbl.jpg,prefiltered,,,,,per-term cap 24 reached for 'Category:Blister packs'
BA_001416,File:Front appearance of Concerta's container 專思（注）達的藥罐外觀.jpg,prefiltered,,,,,per-term cap 24 reached for 'Category:Medicine bottles'
BA_001417,File:FröndenbergerHeimatstube20190413 08.jpg,prefiltered,,,,,per-term cap 24 reached for 'Category:Medicine bottles'
BA_001418,"File:Fucicort (betamethasone, fusidic acid), Russian market 05.jpg",prefiltered,,,,,per-term cap 24 reached for 'Category:Pharmaceutical products'
BA_001419,"File:Fucicort (betamethasone, fusidic acid), Russian market 07.jpg",prefiltered,,,,,per-term cap 24 reached for 'Category:Pharmaceutical products'
BA_001420,File:Fucicort 20 g crm.jpg,prefiltered,,,,,per-term cap 24 reached for 'Category:Pharmaceutical products'
BA_001421,File:Fucidin irlandes distr andromaco.jpg,prefiltered,,,,,per-term cap 24 reached for 'Category:Pharmaceutical products'
BA_001422,File:Fujica AX-1 35mm film SLR.jpg,prefiltered,,,,,per-term cap 24 reached for 'amoxicillin'
BA_001423,File:Fujii daranisuke.JPG,prefiltered,,,,,per-term cap 24 reached for 'Category:Medicine bottles'
BA_001424,File:Furon-40.jpg,prefiltered,,,,,per-term cap 24 reached for 'Category:Pharmaceutical products'
BA_001425,File:Furorese 40 mg tbl.jpg,prefiltered,,,,,per-term cap 24 reached for 'Category:Blister packs'
BA_001426,File:Fármacos.jpg,prefiltered,,,,,per-term cap 24 reached for 'Category:Blister packs'
BA_001428,File:GER — BY — Oberbayern — Lkr. Miesbach — Tegernsee — Seestraße 17 (Museum Tegernseer Tal · Quirinusöl-Fläschchen) Mattes 2022-08-12.jpg,prefiltered,,,,,per-term cap 24 reached for 'Category:Medicine bottles'
BA_001429,File:GFLX-Gatifloxacin.jpg,prefiltered,,,,,per-term cap 24 reached for 'Category:Pharmaceutical products'
BA_001430,File:GS-5734 structure.png,prefiltered,,,,,title/credit names 'structure'
BA_001432,File:GTN spray.jpg,prefiltered,,,,,per-term cap 24 reached for 'Category:Pharmaceutical products'
BA_001433,File:GYNOTARDYFERON-80-MG-035-MG-UZATILMIS-SALIMLI-KAPLI-TABLET.png,prefiltered,,,,,native short side 250 px
BA_001434,File:Gabapentin (cropped).jpg,prefiltered,,,,,per-term cap 24 reached for 'Category:Blister packs'
BA_001435,File:Gabapentin Orion bottle.jpg,prefiltered,,,,,per-term cap 24 reached for 'Category:Medicine bottles'
BA_001436,File:Gabapentin.jpg,prefiltered,,,,,per-term cap 24 reached for 'Category:Blister packs'
BA_001437,File:Ganaton2a.jpg,prefiltered,,,,,native short side 178 px
BA_001439,File:Gaster Sales In China.jpg,prefiltered,,,,,per-term cap 24 reached for 'Category:Blister packs'
BA_001440,File:Gedenktafel Salzufer 16 (Charl) Lanolin Fabrik.jpg,prefiltered,,,,,per-term cap 24 reached for 'Category:Pharmaceutical products'
BA_001443,File:General Store - The Medicinal Section - Loxton Historical Village (2020-10-22 09.09.25 by Michael Coghlan).jpg,prefiltered,,,,,per-term cap 24 reached for 'Category:Pharmaceutical products'
BA_001444,File:Generic Allergy Pill Packet.JPG,prefiltered,,,,,per-term cap 24 reached for 'Category:Blister packs'
BA_001445,"File:Generic Propecia from India, Finpecia.jpg",prefiltered,,,,,per-term cap 24 reached for 'Category:Blister packs'
BA_001446,File:Generic Propecia.jpg,prefiltered,,,,,per-term cap 24 reached for 'Category:Blister packs'
BA_001447,File:Generic Sore Throat Spray.JPG,prefiltered,,,,,per-term cap 24 reached for 'Category:Pharmaceutical products'
BA_001448,File:Generic amoxicillin-clavulanic acid tablets with 875mg amoxicillin.jpg,prefiltered,,,,,per-term cap 24 reached for 'Augmentin'
BA_001449,"File:Generic escitalopram 5mg, oxalate, china, jewim.jpg",prefiltered,,,,,per-term cap 24 reached for 'Category:Blister packs'
BA_001450,File:Generic paracetamol dprk.jpg,prefiltered,,,,,per-term cap 24 reached for 'Category:Blister packs'
BA_001451,File:Geritol tablets.jpg,prefiltered,,,,,per-term cap 24 reached for 'Category:Tablets (pharmacy)'
BA_001452,File:German Pharmacy Museum Heidelberg IMG 0047.jpg,prefiltered,,,,,per-term cap 24 reached for 'Category:Pharmaceutical products'
BA_001453,File:German Pharmacy Museum Heidelberg IMG 0056.jpg,prefiltered,,,,,per-term cap 24 reached for 'Category:Pharmaceutical products'
BA_001454,File:German packet of Cialis.jpg,prefiltered,,,,,per-term cap 24 reached for 'Category:Pharmaceutical products'
BA_001456,File:Gfp-medicine-container-and-medicine-tablet.jpg,prefiltered,,,,,per-term cap 24 reached for 'Category:Medicine bottles'
BA_001458,File:Gilead Sciences Descovy for HIV PrEP (49765063118).jpg,prefiltered,,,,,per-term cap 24 reached for 'Category:Medicine bottles'
BA_001459,File:Giona Easyhaler 200 ug inh.jpg,prefiltered,,,,,per-term cap 24 reached for 'Category:Pharmaceutical products'
BA_001460,"File:Glass bottle for 'Progynon' pills, United Kingdom, 1928-1948 Wellcome L0058274.jpg",prefiltered,,,,,per-term cap 24 reached for 'Category:Medicine bottles'
BA_001461,"File:Glass bottle of Livingstone Rousers, by Burroughs Wellcome, Wellcome L0058292.jpg",prefiltered,,,,,per-term cap 24 reached for 'Category:Tablets (pharmacy)'
BA_001463,File:Glaxo study Cover RANITIDINE-plus-nitrites-becomes-NDMA.jpg,prefiltered,,,,,per-term cap 24 reached for 'Category:Pharmaceutical products'
BA_001464,File:Gleevec tablet cut in half.jpg,prefiltered,,,,,per-term cap 24 reached for 'Category:Tablets (pharmacy)'
BA_001465,File:Glicilon.jpg,prefiltered,,,,,per-term cap 24 reached for 'Category:Blister packs'
BA_001466,File:Glivec 400mg.jpg,prefiltered,,,,,per-term cap 24 reached for 'Category:Blister packs'
BA_001467,File:Globoid.jpg,prefiltered,,,,,per-term cap 24 reached for 'Category:Tablets (pharmacy)'
BA_001468,File:Globuloarnica.jpg,prefiltered,,,,,native short side 202 px
BA_001469,File:Glucophage.jpg,prefiltered,,,,,per-term cap 24 reached for 'Category:Tablets (pharmacy)'
BA_001470,File:Goldbarren-Fake-up.jpg,prefiltered,,,,,per-term cap 24 reached for 'Category:Blister packs'
BA_001471,File:Gordius 300 mg cps.jpg,prefiltered,,,,,per-term cap 24 reached for 'Category:Blister packs'
BA_001472,File:Gr1Sofosbuvir.jpg,prefiltered,,,,,native short side 206 px
BA_001473,File:Green Bomb.jpg,prefiltered,,,,,per-term cap 24 reached for 'Category:Tablets (pharmacy)'
BA_001476,File:Grüneflasche 0036 hg.jpg,prefiltered,,,,,per-term cap 24 reached for 'Category:Medicine bottles'
BA_001477,File:Grüneflasche 0038 hg.jpg,prefiltered,,,,,per-term cap 24 reached for 'Category:Medicine bottles'
BA_001478,File:Grüneflasche 0039 hg.jpg,prefiltered,,,,,per-term cap 24 reached for 'Category:Medicine bottles'
BA_001479,File:Grüneflasche 0040 hg.jpg,prefiltered,,,,,per-term cap 24 reached for 'Category:Medicine bottles'
BA_001480,File:Grüneflasche 0041 hg.jpg,prefiltered,,,,,per-term cap 24 reached for 'Category:Medicine bottles'
BA_001481,File:Grüneflasche 0042 hg.jpg,prefiltered,,,,,per-term cap 24 reached for 'Category:Medicine bottles'
BA_001482,File:GummiShot Color.png,prefiltered,,,,,native short side 197 px
BA_001483,File:Gynatren March 2020.jpg,prefiltered,,,,,per-term cap 24 reached for 'Category:Pharmaceutical products'
BA_001484,File:Gynprodyl 200 mg cps.jpg,prefiltered,,,,,per-term cap 24 reached for 'Category:Blister packs'
BA_001488,File:HK Chai Wan IVE 藥劑實驗室 Pharmaceutical Science Laboratory 當歸膠囊 Room 516 Angelica sinensis Tablets.JPG,prefiltered,,,,,per-term cap 24 reached for 'Category:Medicine bottles'
BA_001489,File:HK Chai Wan IVE 藥劑實驗室 Pharmaceutical Science Laboratory 黨參 Room 516.JPG,prefiltered,,,,,per-term cap 24 reached for 'medicine bottle label'
BA_001494,File:HSS Saw blade set.jpg,prefiltered,,,,,per-term cap 24 reached for 'Category:Blister packs'
BA_001495,File:HUMANOL Sterile.jpg,prefiltered,,,,,per-term cap 24 reached for 'Category:Pharmaceutical products'
BA_001496,File:HYDREA (ハイドレア).jpg,prefiltered,,,,,per-term cap 24 reached for 'Category:Blister packs'
BA_001497,File:Hadu-clinic- Natural Herbal Medicine.jpg,prefiltered,,,,,per-term cap 24 reached for 'Category:Pharmaceutical products'
BA_001498,File:Hainbat sendagai.jpg,prefiltered,,,,,per-term cap 24 reached for 'Category:Blister packs'
BA_001499,File:Halometasone cream.jpg,prefiltered,,,,,per-term cap 24 reached for 'Category:Pharmaceutical products'
BA_001500,File:Haloperidols.jpg,prefiltered,,,,,per-term cap 24 reached for 'Category:Blister packs'
BA_001501,"File:Hand tablet measurer in exposition History of making of drugs in Kuks Hospital in Kuks, Trutnov District.jpg",prefiltered,,,,,per-term cap 24 reached for 'Category:Tablets (pharmacy)'
BA_001502,"File:Hand tablet packer in exposition History of making of drugs in Kuks Hospital in Kuks, Trutnov District.jpg",prefiltered,,,,,per-term cap 24 reached for 'Category:Tablets (pharmacy)'
BA_001503,File:Hands hold a pack of pills while preparing for medication.jpg,prefiltered,,,,,per-term cap 24 reached for 'Category:Blister packs'
BA_001504,File:Hangebyakujyututenmatou1.JPG,prefiltered,,,,,per-term cap 24 reached for 'Category:Pharmaceutical products'
BA_001505,File:Hangebyakujyututenmatou2.JPG,prefiltered,,,,,per-term cap 24 reached for 'Category:Pharmaceutical products'
BA_001506,File:Hangekoubokutou.JPG,prefiltered,,,,,per-term cap 24 reached for 'Category:Pharmaceutical products'
BA_001507,File:Hangekoubokutou2.JPG,prefiltered,,,,,per-term cap 24 reached for 'Category:Pharmaceutical products'
BA_001508,File:Happy and sad pills in a glass bottle on blue background (51021862811).jpg,prefiltered,,,,,per-term cap 24 reached for 'Category:Medicine bottles'
BA_001510,File:Hartman True Preserver 1682 tp.jpg,prefiltered,,,,,per-term cap 24 reached for 'Category:Pharmaceutical products'
BA_001515,"File:Healthy Growth Chart, With the Compliments of Calpol Six Plus Wellcome L0071115.jpg",prefiltered,,,,,title/credit names 'Chart'
BA_001516,File:Heantos4.vn.jpg,prefiltered,,,,,per-term cap 24 reached for 'Category:Pharmaceutical products'
BA_001517,File:Heath drinks in Japan 2006.jpg,prefiltered,,,,,per-term cap 24 reached for 'Category:Pharmaceutical products'
BA_001520,File:Henriette Valium (2019).jpg,prefiltered,,,,,per-term cap 24 reached for 'diazepam'
BA_001521,File:Henriette Valium - Bédéis Causa.jpg,prefiltered,,,,,per-term cap 24 reached for 'diazepam'
BA_001522,File:Hepatitis B vaccine.jpg,prefiltered,,,,,native short side 198 px
BA_001525,"File:Here's to first aid for colds - Alka-Seltzer, 1953.jpg",prefiltered,,,,,per-term cap 24 reached for 'Category:Tablets (pharmacy)'
BA_001527,File:Hexamethylenetetramine Bayer.jpg,prefiltered,,,,,per-term cap 24 reached for 'Category:Pharmaceutical products'
BA_001528,File:Hexarelin structure.png,prefiltered,,,,,title/credit names 'structure'
BA_001529,File:Hexavis 200.JPG,prefiltered,,,,,per-term cap 24 reached for 'Category:Medicine bottles'
BA_001534,File:Hidrasec 30 mg gra.jpg,prefiltered,,,,,per-term cap 24 reached for 'Category:Pharmaceutical products'
BA_001535,File:Hidrasec Racecadotril1.jpg,prefiltered,,,,,per-term cap 24 reached for 'Category:Blister packs'
BA_001536,File:Histological structure of seminiferous tubules in the adult mouse testes..jpg,prefiltered,,,,,title/credit names 'structure'
BA_001537,File:Histology of secretory endometrium.jpg,prefiltered,,,,,per-term cap 24 reached for 'phenobarbital'
BA_001538,File:Histopathology of helicobacter pylori (annotated).jpg,prefiltered,,,,,native short side 223 px
BA_001539,File:Histopathology of helicobacter pylori.jpg,prefiltered,,,,,native short side 259 px
BA_001541,File:Hochbunker Steinerstraße München 2010 abgerissen 23.jpg,prefiltered,,,,,per-term cap 24 reached for 'Category:Pharmaceutical products'
BA_001542,File:Hochbunker Steinerstraße München 2010 abgerissen 24.jpg,prefiltered,,,,,per-term cap 24 reached for 'Category:Pharmaceutical products'
BA_001544,File:Hoe Hin White Flower Oil2.jpg,prefiltered,,,,,per-term cap 24 reached for 'Category:Pharmaceutical products'
BA_001545,"File:Homeopathic medicine chest, Northamptonshire, England, 1801- Wellcome L0057796.jpg",prefiltered,,,,,per-term cap 24 reached for 'medicine bottle label'
BA_001546,File:Homme qui tient un médicament dans la main.jpg,prefiltered,,,,,per-term cap 24 reached for 'Category:Pharmaceutical products'
BA_001547,File:Hopital Laquintini-4993 27.jpg,prefiltered,,,,,per-term cap 24 reached for 'Category:Pharmaceutical products'
BA_001548,File:Hotyuekkitou補中益気湯C062513.jpg,prefiltered,,,,,per-term cap 24 reached for 'Category:Pharmaceutical products'
BA_001549,File:Human SMIM15 Domain Schematic.jpg,prefiltered,,,,,per-term cap 24 reached for 'phenobarbital'
BA_001550,File:Human telencephalic organoids are larger with extended apical lumens.jpg,prefiltered,,,,,per-term cap 24 reached for 'phenobarbital'
BA_001551,File:Hydrocodone liquid.jpg,prefiltered,,,,,per-term cap 24 reached for 'Category:Pharmaceutical products'
BA_001552,File:HydrocodoneAcetaminophenTablets.jpg,prefiltered,,,,,per-term cap 24 reached for 'Category:Pharmaceutical products'
BA_001553,File:Hydrocodonebtibu75200.jpeg,prefiltered,,,,,per-term cap 24 reached for 'Category:Medicine bottles'
BA_001554,File:Hydroxamsäurereaktion.JPG,prefiltered,,,,,native short side 167 px
BA_001555,File:Hydroxychloroquine.jpg,prefiltered,,,,,per-term cap 24 reached for 'Category:Blister packs'
BA_001556,File:Hypnodorm.jpg,prefiltered,,,,,per-term cap 24 reached for 'Category:Medicine bottles'
BA_001557,File:Hypnotiques4444.jpg,prefiltered,,,,,per-term cap 24 reached for 'diazepam'
BA_001560,File:Hypokalemic Periodic Paralysis Medicines in Pakistan.JPG,prefiltered,,,,,per-term cap 24 reached for 'Category:Pharmaceutical products'
BA_001561,File:I.V.F 001.jpg,prefiltered,,,,,per-term cap 24 reached for 'Category:Pharmaceutical products'
BA_001562,File:I.V.F 002.jpg,prefiltered,,,,,per-term cap 24 reached for 'Category:Pharmaceutical products'
BA_001563,File:I.V.F 003.jpg,prefiltered,,,,,per-term cap 24 reached for 'Category:Pharmaceutical products'
BA_001564,"File:IBPA 133959 - . A Prefeitura de Porto Alegre, através da Secretaria Municipal - 2024-05-04 - Cristine Rochol-PMPA.jpg",prefiltered,,,,,per-term cap 24 reached for 'Category:Pharmaceutical products'
BA_001565,"File:IBPA 133960 - . A Prefeitura de Porto Alegre, através da Secretaria Municipal - 2024-05-04 - Cristine Rochol-PMPA.jpg",prefiltered,,,,,per-term cap 24 reached for 'Category:Pharmaceutical products'
BA_001566,"File:IBPA 133961 - . A Prefeitura de Porto Alegre, através da Secretaria Municipal - 2024-05-04 - Cristine Rochol-PMPA.jpg",prefiltered,,,,,per-term cap 24 reached for 'Category:Pharmaceutical products'
BA_001567,"File:IBPA 133962 - . A Prefeitura de Porto Alegre, através da Secretaria Municipal - 2024-05-04 - Cristine Rochol-PMPA.jpg",prefiltered,,,,,per-term cap 24 reached for 'Category:Pharmaceutical products'
BA_001568,"File:IBPA 133963 - . A Prefeitura de Porto Alegre, através da Secretaria Municipal - 2024-05-04 - Cristine Rochol-PMPA.jpg",prefiltered,,,,,per-term cap 24 reached for 'Category:Pharmaceutical products'
BA_001569,File:IBPA 134356 - A Faculdade de Farmácia da UFRGS tomou a iniciativa de estimular - 2024-05-07 - Cristine Rochol-PMPA.jpg,prefiltered,,,,,per-term cap 24 reached for 'Category:Pharmaceutical products'
BA_001570,File:IBPA 134357 - A Faculdade de Farmácia da UFRGS tomou a iniciativa de estimular - 2024-05-07 - Cristine Rochol-PMPA.jpg,prefiltered,,,,,per-term cap 24 reached for 'Category:Pharmaceutical products'
BA_001571,File:IBPA 134358 - A Faculdade de Farmácia da UFRGS tomou a iniciativa de estimular - 2024-05-07 - Cristine Rochol-PMPA.jpg,prefiltered,,,,,per-term cap 24 reached for 'Category:Pharmaceutical products'
BA_001572,File:IBPA 134359 - A Faculdade de Farmácia da UFRGS tomou a iniciativa de estimular - 2024-05-07 - Cristine Rochol-PMPA.jpg,prefiltered,,,,,per-term cap 24 reached for 'Category:Pharmaceutical products'
BA_001573,File:IBPA 134360 - A Faculdade de Farmácia da UFRGS tomou a iniciativa de estimular - 2024-05-07 - Cristine Rochol-PMPA.jpg,prefiltered,,,,,per-term cap 24 reached for 'Category:Pharmaceutical products'
BA_001574,File:IBPA 134361 - A Faculdade de Farmácia da UFRGS tomou a iniciativa de estimular - 2024-05-07 - Cristine Rochol-PMPA.jpg,prefiltered,,,,,per-term cap 24 reached for 'Category:Pharmaceutical products'
BA_001575,File:IBPA 137208 - Posto avançado de Saúde (tenda) e Farmácia Móvel - 2024-06-12 - Cristine Rochol-PMPA.JPG,prefiltered,,,,,per-term cap 24 reached for 'Category:Pharmaceutical products'
BA_001576,File:IBPA 137209 - Posto avançado de Saúde (tenda) e Farmácia Móvel - 2024-06-12 - Cristine Rochol-PMPA.JPG,prefiltered,,,,,per-term cap 24 reached for 'Category:Pharmaceutical products'
BA_001577,File:IBPA 137210 - Posto avançado de Saúde (tenda) e Farmácia Móvel - 2024-06-12 - Cristine Rochol-PMPA.JPG,prefiltered,,,,,per-term cap 24 reached for 'Category:Pharmaceutical products'
BA_001578,File:IBPA 137211 - Posto avançado de Saúde (tenda) e Farmácia Móvel - 2024-06-12 - Cristine Rochol-PMPA.JPG,prefiltered,,,,,per-term cap 24 reached for 'Category:Pharmaceutical products'
BA_001579,File:IBPA 137212 - Posto avançado de Saúde (tenda) e Farmácia Móvel - 2024-06-12 - Cristine Rochol-PMPA.JPG,prefiltered,,,,,per-term cap 24 reached for 'Category:Pharmaceutical products'
BA_001580,File:IBPA 137213 - Posto avançado de Saúde (tenda) e Farmácia Móvel - 2024-06-12 - Cristine Rochol-PMPA.JPG,prefiltered,,,,,per-term cap 24 reached for 'Category:Pharmaceutical products'
BA_001581,File:IBPA 137214 - Posto avançado de Saúde (tenda) e Farmácia Móvel - 2024-06-12 - Cristine Rochol-PMPA.JPG,prefiltered,,,,,per-term cap 24 reached for 'Category:Pharmaceutical products'
BA_001582,File:IBPA 137215 - Posto avançado de Saúde (tenda) e Farmácia Móvel - 2024-06-12 - Cristine Rochol-PMPA.JPG,prefiltered,,,,,per-term cap 24 reached for 'Category:Pharmaceutical products'
BA_001583,File:IBPA 137216 - Posto avançado de Saúde (tenda) e Farmácia Móvel - 2024-06-12 - Cristine Rochol-PMPA.JPG,prefiltered,,,,,per-term cap 24 reached for 'Category:Pharmaceutical products'
BA_001584,File:IBPA 137217 - Posto avançado de Saúde (tenda) e Farmácia Móvel - 2024-06-12 - Cristine Rochol-PMPA.JPG,prefiltered,,,,,per-term cap 24 reached for 'Category:Pharmaceutical products'
BA_001585,File:IBPA 137218 - Posto avançado de Saúde (tenda) e Farmácia Móvel - 2024-06-12 - Cristine Rochol-PMPA.JPG,prefiltered,,,,,per-term cap 24 reached for 'Category:Pharmaceutical products'
BA_001586,File:IBPA 137219 - Posto avançado de Saúde (tenda) e Farmácia Móvel - 2024-06-12 - Cristine Rochol-PMPA.JPG,prefiltered,,,,,per-term cap 24 reached for 'Category:Pharmaceutical products'
BA_001587,File:IBPA 137220 - Posto avançado de Saúde (tenda) e Farmácia Móvel - 2024-06-12 - Cristine Rochol-PMPA.JPG,prefiltered,,,,,per-term cap 24 reached for 'Category:Pharmaceutical products'
BA_001588,File:IBPA 137221 - Posto avançado de Saúde (tenda) e Farmácia Móvel - 2024-06-12 - Cristine Rochol-PMPA.JPG,prefiltered,,,,,per-term cap 24 reached for 'Category:Pharmaceutical products'
BA_001589,File:IBPA 141353 - O público que precisa solicitar a abertura de processos no Centro - 2024-12-13 - Carolina Zeni-Divulgação SMS-PMPA.jpg,prefiltered,,,,,per-term cap 24 reached for 'Category:Pharmaceutical products'
BA_001590,"File:IBPA 142643 - Dona Jurema Felix Ferreira, 88 anos, atendida na - 2025-01-21 - Cristine Rochol-PMPA.jpg",prefiltered,,,,,per-term cap 24 reached for 'Category:Pharmaceutical products'
BA_001591,"File:IBPA 142644 - Dona Jurema Felix Ferreira, 88 anos, atendida na - 2025-01-21 - Cristine Rochol-PMPA.jpg",prefiltered,,,,,per-term cap 24 reached for 'Category:Pharmaceutical products'
BA_001592,"File:IBPA 142645 - Dona Jurema Felix Ferreira, 88 anos, atendida na - 2025-01-21 - Cristine Rochol-PMPA.jpg",prefiltered,,,,,per-term cap 24 reached for 'Category:Pharmaceutical products'
BA_001593,"File:IBPA 142646 - Dona Jurema Felix Ferreira, 88 anos, atendida na - 2025-01-21 - Cristine Rochol-PMPA.jpg",prefiltered,,,,,per-term cap 24 reached for 'Category:Pharmaceutical products'
BA_001594,"File:IBPA 142647 - Dona Jurema Felix Ferreira, 88 anos, atendida na - 2025-01-21 - Cristine Rochol-PMPA.jpg",prefiltered,,,,,per-term cap 24 reached for 'Category:Pharmaceutical products'
BA_001595,"File:IBPA 142648 - Dona Jurema Felix Ferreira, 88 anos, atendida na - 2025-01-21 - Cristine Rochol-PMPA.jpg",prefiltered,,,,,per-term cap 24 reached for 'Category:Pharmaceutical products'
BA_001596,"File:IBPA 16455 - SMS, através da Assessoria de Ensino, promove o Ciclo de - 2018-09-13 - Cristine Rochol-PMPA.jpg",prefiltered,,,,,per-term cap 24 reached for 'Category:Pharmaceutical products'
BA_001597,"File:IBPA 16456 - SMS, através da Assessoria de Ensino, promove o Ciclo de - 2018-09-13 - Cristine Rochol-PMPA.jpg",prefiltered,,,,,per-term cap 24 reached for 'Category:Pharmaceutical products'
BA_001598,"File:IBPA 16457 - SMS, através da Assessoria de Ensino, promove o Ciclo de - 2018-09-13 - Cristine Rochol-PMPA.jpg",prefiltered,,,,,per-term cap 24 reached for 'Category:Pharmaceutical products'
BA_001599,"File:IBPA 16458 - SMS, através da Assessoria de Ensino, promove o Ciclo de - 2018-09-13 - Cristine Rochol-PMPA.jpg",prefiltered,,,,,per-term cap 24 reached for 'Category:Pharmaceutical products'
BA_001600,"File:IBPA 16459 - SMS, através da Assessoria de Ensino, promove o Ciclo de - 2018-09-13 - Cristine Rochol-PMPA.jpg",prefiltered,,,,,per-term cap 24 reached for 'Category:Pharmaceutical products'
BA_001601,"File:IBPA 16460 - SMS, através da Assessoria de Ensino, promove o Ciclo de - 2018-09-13 - Cristine Rochol-PMPA.jpg",prefiltered,,,,,per-term cap 24 reached for 'Category:Pharmaceutical products'
BA_001602,File:IBPA 1970 - Farmácia Distrital Navegantes já operando com novo sistema - 2017-03-10 - Cristine Rochol-PMPA.jpg,prefiltered,,,,,per-term cap 24 reached for 'Category:Pharmaceutical products'
BA_001603,File:IBPA 1971 - Farmácia Distrital Navegantes já operando com novo sistema - 2017-03-10 - Cristine Rochol-PMPA.jpg,prefiltered,,,,,per-term cap 24 reached for 'Category:Pharmaceutical products'
BA_001604,File:IBPA 1972 - Farmácia Distrital Navegantes já operando com novo sistema - 2017-03-10 - Cristine Rochol-PMPA.jpg,prefiltered,,,,,per-term cap 24 reached for 'Category:Pharmaceutical products'
BA_001605,File:IBPA 1973 - Farmácia Distrital Navegantes já operando com novo sistema - 2017-03-10 - Cristine Rochol-PMPA.jpg,prefiltered,,,,,per-term cap 24 reached for 'Category:Pharmaceutical products'
BA_001606,File:IBPA 1974 - Farmácia Distrital Navegantes já operando com novo sistema - 2017-03-10 - Cristine Rochol-PMPA.jpg,prefiltered,,,,,per-term cap 24 reached for 'Category:Pharmaceutical products'
BA_001607,File:IBPA 1975 - Farmácia Distrital Navegantes já operando com novo sistema - 2017-03-10 - Cristine Rochol-PMPA.jpg,prefiltered,,,,,per-term cap 24 reached for 'Category:Pharmaceutical products'
BA_001608,File:IBPA 1976 - Farmácia Distrital Navegantes já operando com novo sistema - 2017-03-10 - Cristine Rochol-PMPA.jpg,prefiltered,,,,,per-term cap 24 reached for 'Category:Pharmaceutical products'
BA_001609,File:IBPA 1977 - Farmácia Distrital Navegantes já operando com novo sistema - 2017-03-10 - Cristine Rochol-PMPA.jpg,prefiltered,,,,,per-term cap 24 reached for 'Category:Pharmaceutical products'
BA_001610,File:IBPA 1978 - Farmácia Distrital Navegantes já operando com novo sistema - 2017-03-10 - Cristine Rochol-PMPA.jpg,prefiltered,,,,,per-term cap 24 reached for 'Category:Pharmaceutical products'
BA_001611,File:IBPA 1979 - Farmácia Distrital Navegantes - - 2017-03-10 - Cristine Rochol-PMPA.jpg,prefiltered,,,,,per-term cap 24 reached for 'Category:Pharmaceutical products'
BA_001612,File:IBPA 2178 - Reunião com diretoria da Dimed - 2017-04-01 - Helena Rocha-PMPA.jpg,prefiltered,,,,,per-term cap 24 reached for 'Category:Pharmaceutical products'
BA_001613,File:IBPA 2179 - Reunião com diretoria da Dimed - 2017-04-01 - Helena Rocha-PMPA.jpg,prefiltered,,,,,per-term cap 24 reached for 'Category:Pharmaceutical products'
BA_001614,File:IBPA 2180 - Reunião com diretoria da Dimed - 2017-04-01 - Helena Rocha-PMPA.jpg,prefiltered,,,,,per-term cap 24 reached for 'Category:Pharmaceutical products'
BA_001617,File:IMG 0356 post.jpg,prefiltered,,,,,per-term cap 24 reached for 'Category:Pharmaceutical products'
BA_001621,File:IPR 2 02.jpg,prefiltered,,,,,per-term cap 24 reached for 'Category:Blister packs'
BA_001622,File:IPR 2 03.jpg,prefiltered,,,,,per-term cap 24 reached for 'Category:Blister packs'
BA_001623,File:Ibalgin-400.jpg,prefiltered,,,,,per-term cap 24 reached for 'Category:Pharmaceutical products'
BA_001624,File:Ibalgin.JPG,prefiltered,,,,,per-term cap 24 reached for 'Category:Blister packs'
BA_001627,File:Ibuprofen-400.jpg,prefiltered,,,,,per-term cap 24 reached for 'Category:Pharmaceutical products'
BA_001628,File:Ibuprofen.jpg,prefiltered,,,,,per-term cap 24 reached for 'Category:Pharmaceutical products'
BA_001629,File:IbuprofenBottle.JPG,prefiltered,,,,,per-term cap 24 reached for 'Category:Medicine bottles'
BA_001630,File:IbuprofenProducts.jpg,prefiltered,,,,,per-term cap 24 reached for 'Category:Pharmaceutical products'
BA_001631,File:Iceland Flunitrazepam Mylan 1mg.png,prefiltered,,,,,per-term cap 24 reached for 'Category:Pharmaceutical products'
BA_001633,File:IgG (NIH BioArt 250).png,prefiltered,,,,,per-term cap 24 reached for 'human normal immunoglobulin'
BA_001634,File:IgG molecular surface.jpg,prefiltered,,,,,title/credit names 'Structure'
BA_001635,File:IgGantibody-es.png,prefiltered,,,,,per-term cap 24 reached for 'human normal immunoglobulin'
BA_001636,File:IgGantibody.png,prefiltered,,,,,per-term cap 24 reached for 'human normal immunoglobulin'
BA_001637,File:IgM IgE scheme.png,prefiltered,,,,,per-term cap 24 reached for 'human normal immunoglobulin'
BA_001638,File:Iktorivil (klonazepam).png,prefiltered,,,,,native short side 260 px
BA_001640,File:Ilomedine.jpg,prefiltered,,,,,per-term cap 24 reached for 'Category:Pharmaceutical products'
BA_001641,File:Image pharmex phages.jpg,prefiltered,,,,,native short side 248 px
BA_001642,File:ImageTavaborole.jpg,prefiltered,,,,,per-term cap 24 reached for 'Category:Pharmaceutical products'
BA_001644,File:Immunoglobulin 017.jpg,prefiltered,,,,,per-term cap 24 reached for 'Category:Pharmaceutical products'
BA_001645,File:Immunoglobulin 018.jpg,prefiltered,,,,,per-term cap 24 reached for 'Category:Pharmaceutical products'
BA_001646,File:Immunoglobulin 019.jpg,prefiltered,,,,,per-term cap 24 reached for 'Category:Pharmaceutical products'
BA_001648,File:Imovane (Zopiklon) 5mg.jpg,prefiltered,,,,,per-term cap 24 reached for 'Category:Blister packs'
BA_001649,File:Implant.png,prefiltered,,,,,per-term cap 24 reached for 'Category:Pharmaceutical products'
BA_001650,File:Implantsite.jpg,prefiltered,,,,,per-term cap 24 reached for 'Category:Pharmaceutical products'
BA_001652,File:Imunotop H Pack copy 1 (1).png,prefiltered,,,,,per-term cap 24 reached for 'Category:Pharmaceutical products'
BA_001655,File:Inavir.jpg,prefiltered,,,,,per-term cap 24 reached for 'Category:Pharmaceutical products'
BA_001656,"File:Indap 2,5 mg tbl.jpg",prefiltered,,,,,per-term cap 24 reached for 'Category:Blister packs'
BA_001657,"File:Indapamid 1,5 mg tbl.jpg",prefiltered,,,,,per-term cap 24 reached for 'Category:Blister packs'
BA_001658,File:Inderal.JPG,prefiltered,,,,,per-term cap 24 reached for 'Category:Pharmaceutical products'
BA_001659,File:Indian aid for the 2016 Sri Lankan floods (1).jpg,prefiltered,,,,,per-term cap 24 reached for 'Category:Tablets (pharmacy)'
BA_001660,File:Indometacin Berlin-Chemie 100 mg supp.jpg,prefiltered,,,,,per-term cap 24 reached for 'Category:Blister packs'
BA_001661,File:Indometacin léčivé přípravky 2.JPG,prefiltered,,,,,per-term cap 24 reached for 'Category:Pharmaceutical products'
BA_001662,File:Indometacin léčivé přípravky.JPG,prefiltered,,,,,per-term cap 24 reached for 'Category:Pharmaceutical products'
BA_001667,File:Inhalateur pour l'asthme isolé sur fond blanc (1) 01.jpg,prefiltered,,,,,per-term cap 24 reached for 'Category:Pharmaceutical products'
BA_001668,File:Inhalateur pour l'asthme isolé sur fond blanc (1) 02.jpg,prefiltered,,,,,per-term cap 24 reached for 'Category:Pharmaceutical products'
BA_001669,File:Inhalateur pour l'asthme isolé sur fond blanc (1) 03.jpg,prefiltered,,,,,per-term cap 24 reached for 'Category:Pharmaceutical products'
BA_001670,File:Inhalateur pour l'asthme isolé sur fond blanc (1) 04.jpg,prefiltered,,,,,per-term cap 24 reached for 'Category:Pharmaceutical products'
BA_001671,File:Inhalateur pour l'asthme isolé sur fond blanc (1) 05.jpg,prefiltered,,,,,per-term cap 24 reached for 'Category:Pharmaceutical products'
BA_001672,File:Inhalateur pour l'asthme isolé sur fond blanc (1) 06.jpg,prefiltered,,,,,per-term cap 24 reached for 'Category:Pharmaceutical products'
BA_001673,File:Inhalateur pour l'asthme isolé sur fond blanc (1) 07.jpg,prefiltered,,,,,per-term cap 24 reached for 'Category:Pharmaceutical products'
BA_001674,File:Inhalateur pour l'asthme isolé sur fond blanc (1) 08.jpg,prefiltered,,,,,per-term cap 24 reached for 'Category:Pharmaceutical products'
BA_001675,"File:Inhibace Plus 5-12,5 mg tbl.jpg",prefiltered,,,,,per-term cap 24 reached for 'Category:Blister packs'
BA_001680,File:Inicio de la vacunación contra la COVID-19 en Costa Rica usando la dosis de AstraZeneca 06.jpg,prefiltered,,,,,per-term cap 24 reached for 'Covishield'
BA_001681,File:Initial invasion of luminal epithelium.jpg,prefiltered,,,,,per-term cap 24 reached for 'phenobarbital'
BA_001682,File:Injexate 50 mg-ml inj.jpg,prefiltered,,,,,per-term cap 24 reached for 'Category:Pharmaceutical products'
BA_001684,File:Interdentalbuerste 3.JPG,prefiltered,,,,,per-term cap 24 reached for 'Category:Blister packs'
BA_001685,File:Interior de farmacia en los años 40.jpg,prefiltered,,,,,per-term cap 24 reached for 'Category:Pharmaceutical products'
BA_001695,File:Intravenöser Zugang an Handvene mit zwei Anschlüssen.JPG,prefiltered,,,,,per-term cap 24 reached for 'Category:Pharmaceutical products'
BA_001698,File:Invega retard tablets.jpg,prefiltered,,,,,per-term cap 24 reached for 'Category:Blister packs'
BA_001699,File:Iodine pills.jpg,prefiltered,,,,,per-term cap 24 reached for 'Category:Tablets (pharmacy)'
BA_001700,File:IodineDistJapan.jpg,prefiltered,,,,,per-term cap 24 reached for 'Category:Pharmaceutical products'
BA_001701,File:Ione Belarra en la III Marcha Republicana en Madrid.jpg,prefiltered,,,,,per-term cap 24 reached for 'diazepam'
BA_001702,File:Iosat Potassium Iodide nukepills.jpg,prefiltered,,,,,per-term cap 24 reached for 'Category:Blister packs'
BA_001705,File:Iridium ingot (one troy ounce) in sealed blister pack.jpg,prefiltered,,,,,per-term cap 24 reached for 'Category:Blister packs'
BA_001706,File:Irripod.jpg,prefiltered,,,,,per-term cap 24 reached for 'Category:Pharmaceutical products'
BA_001707,File:Isoglaucon Alcon.jpg,prefiltered,,,,,per-term cap 24 reached for 'Category:Pharmaceutical products'
BA_001709,"File:Itinerant apothecary, caricature, c.1830 Wellcome L0002644.jpg",prefiltered,,,,,per-term cap 24 reached for 'Category:Tablets (pharmacy)'
BA_001710,"File:Itinerant apothecary, caricature, c.1830 Wellcome L0007319.jpg",prefiltered,,,,,per-term cap 24 reached for 'Category:Tablets (pharmacy)'
BA_001711,"File:Itinerant apothecary, caricature, c.1830 Wellcome V0010715.jpg",prefiltered,,,,,per-term cap 24 reached for 'Category:Tablets (pharmacy)'
BA_001712,File:Iv1-07 014.jpg,prefiltered,,,,,per-term cap 24 reached for 'Category:Pharmaceutical products'
BA_001713,File:J Ax 2.jpg,prefiltered,,,,,per-term cap 24 reached for 'amoxicillin'
BA_001714,File:J Ax 3.jpg,prefiltered,,,,,per-term cap 24 reached for 'amoxicillin'
BA_001715,File:J Ax 4.jpg,prefiltered,,,,,native short side 200 px
BA_001716,File:J-Ax - Lucca Comics & Games 2016.jpg,prefiltered,,,,,per-term cap 24 reached for 'amoxicillin'
BA_001717,File:J-Ax 2002.jpg,prefiltered,,,,,per-term cap 24 reached for 'amoxicillin'
BA_001718,File:J-ZOLOFT25mg.jpg,prefiltered,,,,,per-term cap 24 reached for 'Category:Blister packs'
BA_001720,File:JBM-HH community gets rid of unwanted meds 131025-D-NT551-001.jpg,prefiltered,,,,,per-term cap 24 reached for 'Category:Pharmaceutical products'
BA_001722,File:JMSDF PV-2.jpg,prefiltered,,,,,native short side 292 px
BA_001725,File:JZOLOFT25mg.jpg,prefiltered,,,,,per-term cap 24 reached for 'Category:Blister packs'
BA_001726,File:JZOLOFT50mg.jpg,prefiltered,,,,,per-term cap 24 reached for 'Category:Blister packs'
BA_001727,File:JZoloft JPN.jpg,prefiltered,,,,,per-term cap 24 reached for 'Category:Blister packs'
BA_001729,File:James Gillray - Taking Physic - B1974.12.310 - Yale Center for British Art.jpg,prefiltered,,,,,per-term cap 24 reached for 'Category:Medicine bottles'
BA_001730,File:James Gillray - Taking Physick - B1974.12.239 - Yale Center for British Art.jpg,prefiltered,,,,,per-term cap 24 reached for 'Category:Medicine bottles'
BA_001735,File:Japanese-eye-drops.jpg,prefiltered,,,,,per-term cap 24 reached for 'Category:Pharmaceutical products'
BA_001736,"File:Jardiance 10mg bottle, angle view.jpg",prefiltered,,,,,per-term cap 24 reached for 'Category:Medicine bottles'
BA_001737,"File:Jardiance 10mg bottle, front view.jpg",prefiltered,,,,,per-term cap 24 reached for 'Category:Medicine bottles'
BA_001740,File:Jcm-11-03571-g002.jpg,prefiltered,,,,,per-term cap 24 reached for 'human normal immunoglobulin'
BA_001742,File:Jext300-Autoinjektor-01.jpg,prefiltered,,,,,per-term cap 24 reached for 'Category:Pharmaceutical products'
BA_001743,File:Jext300-Autoinjektor-02.jpg,prefiltered,,,,,per-term cap 24 reached for 'Category:Pharmaceutical products'
BA_001744,File:Jext300-Autoinjektor-03.jpg,prefiltered,,,,,per-term cap 24 reached for 'Category:Pharmaceutical products'
BA_001745,File:Jiangzhong Jianwei Xiaoshi Pian-20221223.jpg,prefiltered,,,,,per-term cap 24 reached for 'Category:Tablets (pharmacy)'
BA_001746,File:Jiffy Toothache Drops bottle.jpg,prefiltered,,,,,per-term cap 24 reached for 'Category:Medicine bottles'
BA_001747,File:Jodix iodine pills.jpg,prefiltered,,,,,per-term cap 24 reached for 'Category:Medicine bottles'
BA_001750,File:JyuuzenndaihoKracie.jpg,prefiltered,,,,,per-term cap 24 reached for 'Category:Pharmaceutical products'
BA_001751,File:Jyuzendaihotou2.jpg,prefiltered,,,,,per-term cap 24 reached for 'Category:Pharmaceutical products'
BA_001752,File:KIETYL 6mg.jpg,prefiltered,,,,,per-term cap 24 reached for 'Category:Blister packs'
BA_001753,File:Kabi Natrium Chloratum 9mg-per-ml 10ml - five.jpg,prefiltered,,,,,per-term cap 24 reached for 'Category:Pharmaceutical products'
BA_001754,File:Kabi Natrium Chloratum 9mg-per-ml 10ml - single.jpg,prefiltered,,,,,per-term cap 24 reached for 'Category:Pharmaceutical products'
BA_001755,File:Kabi Natrium Chloratum 9mg-per-ml 10ml - stack.jpg,prefiltered,,,,,per-term cap 24 reached for 'Category:Pharmaceutical products'
BA_001756,File:Kadena Pharmacy hosts drug take back day 160923-F-QQ371-002.jpg,prefiltered,,,,,per-term cap 24 reached for 'Category:Pharmaceutical products'
BA_001757,File:Kadena Pharmacy hosts drug take back day 160923-F-QQ371-007.jpg,prefiltered,,,,,per-term cap 24 reached for 'Category:Pharmaceutical products'
BA_001758,File:Kadena Pharmacy hosts drug take back day 160923-F-QQ371-016.jpg,prefiltered,,,,,per-term cap 24 reached for 'Category:Pharmaceutical products'
BA_001759,File:Kadena Pharmacy hosts drug take back day 160923-F-QQ371-021.jpg,prefiltered,,,,,per-term cap 24 reached for 'Category:Pharmaceutical products'
BA_001760,File:Kaex basic.jpg,prefiltered,,,,,per-term cap 24 reached for 'Category:Pharmaceutical products'
BA_001761,File:Kaldyum.jpg,prefiltered,,,,,per-term cap 24 reached for 'Category:Medicine bottles'
BA_001762,File:Kalenderpackung.jpg,prefiltered,,,,,per-term cap 24 reached for 'Category:Blister packs'
BA_001763,File:Kalium-chloratum-400.jpg,prefiltered,,,,,per-term cap 24 reached for 'Category:Pharmaceutical products'
BA_001764,File:Kaliumjodaattablet.jpg,prefiltered,,,,,per-term cap 24 reached for 'Category:Blister packs'
BA_001765,File:Kallmann treatment methods.jpg,prefiltered,,,,,per-term cap 24 reached for 'Category:Pharmaceutical products'
BA_001766,File:Kalnormin.jpg,prefiltered,,,,,per-term cap 24 reached for 'Category:Blister packs'
BA_001767,File:Kamagra front100mg.JPG,prefiltered,,,,,per-term cap 24 reached for 'Category:Blister packs'
BA_001768,File:Kamagra-thumb.jpg,prefiltered,,,,,native short side 129 px
BA_001769,File:Kanavit-20.jpg,prefiltered,,,,,per-term cap 24 reached for 'Category:Pharmaceutical products'
BA_001770,File:Kapidin 20 mg tbl.jpg,prefiltered,,,,,per-term cap 24 reached for 'Category:Blister packs'
BA_001771,File:Karyotype- burkitt's lymphoma.jpg,prefiltered,,,,,per-term cap 24 reached for 'human normal immunoglobulin'
BA_001772,File:Kauwgum.jpg,prefiltered,,,,,per-term cap 24 reached for 'Category:Blister packs'
BA_001773,File:Kefalex.jpg,prefiltered,,,,,per-term cap 24 reached for 'Category:Pharmaceutical products'
BA_001774,File:Keihiotou-啓脾湯C062511.jpg,prefiltered,,,,,per-term cap 24 reached for 'Category:Pharmaceutical products'
BA_001775,File:Keishikasyakuyakutou 2.JPG,prefiltered,,,,,per-term cap 24 reached for 'Category:Pharmaceutical products'
BA_001776,File:Keishikasyakuyakutou.JPG,prefiltered,,,,,per-term cap 24 reached for 'Category:Pharmaceutical products'
BA_001777,File:Keishikasyakuyakutou3.jpg,prefiltered,,,,,per-term cap 24 reached for 'Category:Pharmaceutical products'
BA_001778,File:Kenalog.jpg,prefiltered,,,,,per-term cap 24 reached for 'Category:Pharmaceutical products'
BA_001781,File:Kerendia Botttle.jpg,prefiltered,,,,,per-term cap 24 reached for 'Category:Medicine bottles'
BA_001782,File:Keseian0.75mg6185845.jpg,prefiltered,,,,,per-term cap 24 reached for 'Category:Blister packs'
BA_001783,File:Ketilept 25 mg tbl.jpg,prefiltered,,,,,per-term cap 24 reached for 'Category:Blister packs'
BA_001784,File:Ketotifen-generic-sopharma.jpg,prefiltered,,,,,per-term cap 24 reached for 'Category:Blister packs'
BA_001785,"File:Kevadon (thalidomide), 1960.jpg",prefiltered,,,,,per-term cap 24 reached for 'Category:Medicine bottles'
BA_001786,File:KeyringPillbox.JPG,prefiltered,,,,,per-term cap 24 reached for 'Category:Medicine bottles'
BA_001787,File:Khoá ZORO đầu báo 6 phân chống cắt.jpg,prefiltered,,,,,per-term cap 24 reached for 'Category:Blister packs'
BA_001788,File:Khoá zoro bông bấm 6 phân chống cắt.jpg,prefiltered,,,,,per-term cap 24 reached for 'Category:Blister packs'
BA_001789,File:Kinebar back.jpg,prefiltered,,,,,per-term cap 24 reached for 'Category:Blister packs'
BA_001790,File:Kinebar front.jpg,prefiltered,,,,,per-term cap 24 reached for 'Category:Blister packs'
BA_001791,File:Kinito 50 mg tbl.jpg,prefiltered,,,,,per-term cap 24 reached for 'Category:Blister packs'
BA_001792,File:Klacid 125 mg- ml gra.jpg,prefiltered,,,,,per-term cap 24 reached for 'Category:Pharmaceutical products'
BA_001793,File:Klopidogrel.jpg,prefiltered,,,,,per-term cap 24 reached for 'Category:Pharmaceutical products'
BA_001794,"File:Kommissionierer, halbautomatisch mit Objekterkennungseinheit und Sorter.jpg",prefiltered,,,,,per-term cap 24 reached for 'Category:Pharmaceutical products'
BA_001795,File:Korvalol.png,prefiltered,,,,,per-term cap 24 reached for 'phenobarbital'
BA_001796,File:Kotohime.jpg,prefiltered,,,,,per-term cap 24 reached for 'Category:Pharmaceutical products'
BA_001799,File:Kravchenko 1908.jpg,prefiltered,,,,,native short side 240 px
BA_001801,File:Kruken.jpg,prefiltered,,,,,per-term cap 24 reached for 'Category:Pharmaceutical products'
BA_001802,File:Kryptoprin Ampulle.JPG,prefiltered,,,,,per-term cap 24 reached for 'Category:Pharmaceutical products'
BA_001804,File:LED-Taschenlampe Varta-F30 Pro Indestructable galaxy-note-8 2022.jpg,prefiltered,,,,,per-term cap 24 reached for 'Category:Blister packs'
BA_001805,File:LEDwedges.jpg,prefiltered,,,,,native short side 230 px
BA_001807,File:LOPRA.jpg,prefiltered,,,,,per-term cap 24 reached for 'Category:Pharmaceutical products'
BA_001810,File:LSD-clinical-trial-bottle.jpg,prefiltered,,,,,per-term cap 24 reached for 'Category:Pharmaceutical products'
BA_001811,File:LYRICA75mg.png,prefiltered,,,,,per-term cap 24 reached for 'Category:Blister packs'
BA_001812,File:Labelled bottles for proprietary medicines Wellcome L0007476.jpg,prefiltered,,,,,per-term cap 24 reached for 'medicine bottle label'
BA_001814,File:LadastenPills.jpg,prefiltered,,,,,per-term cap 24 reached for 'Category:Blister packs'
BA_001815,File:Lamictal 25mg.JPG,prefiltered,,,,,per-term cap 24 reached for 'Category:Blister packs'
BA_001816,File:Lamictal-Tabletten.jpg,prefiltered,,,,,per-term cap 24 reached for 'Category:Blister packs'
BA_001817,File:Lamictal25mg.jpg,prefiltered,,,,,native short side 240 px
BA_001818,File:Lamogine 25mg.png,prefiltered,,,,,per-term cap 24 reached for 'Category:Blister packs'
BA_001819,File:Lamotrigin.jpg,prefiltered,,,,,per-term cap 24 reached for 'Category:Blister packs'
BA_001820,File:Lamotrigina.genérico.100mG.jpg,prefiltered,,,,,per-term cap 24 reached for 'Category:Pharmaceutical products'
BA_001821,File:Lanolinezalf - detail.jpg,prefiltered,,,,,per-term cap 24 reached for 'Category:Pharmaceutical products'
BA_001822,File:Lanolinezalf Lansinoh.jpg,prefiltered,,,,,per-term cap 24 reached for 'Category:Pharmaceutical products'
BA_001823,File:Lansoprazole TakepronOD30mg.jpg,prefiltered,,,,,per-term cap 24 reached for 'Category:Blister packs'
BA_001824,File:Lanxib 30 mg cps.jpg,prefiltered,,,,,per-term cap 24 reached for 'Category:Blister packs'
BA_001825,File:Larazotide acetate.png,prefiltered,,,,,per-term cap 24 reached for 'Category:Pharmaceutical products'
BA_001827,File:Largactil Chlorpromazine 30ml 4%.jpg,prefiltered,,,,,per-term cap 24 reached for 'Category:Pharmaceutical products'
BA_001828,File:Lariam.JPG,prefiltered,,,,,per-term cap 24 reached for 'Category:Blister packs'
BA_001829,File:Latanoprost.jpg,prefiltered,,,,,per-term cap 24 reached for 'Category:Pharmaceutical products'
BA_001830,File:Laudanum.jpeg,prefiltered,,,,,per-term cap 24 reached for 'Category:Pharmaceutical products'
BA_001832,File:Lebens-Elixier TATAR.jpg,prefiltered,,,,,per-term cap 24 reached for 'Category:Pharmaceutical products'
BA_001833,File:Lebewohl Ballen Scheiben.jpg,prefiltered,,,,,per-term cap 24 reached for 'Category:Pharmaceutical products'
BA_001834,File:Lebrikizumab.jpg,prefiltered,,,,,per-term cap 24 reached for 'Category:Pharmaceutical products'
BA_001835,File:Lemborexant.jpg,prefiltered,,,,,per-term cap 24 reached for 'Category:Blister packs'
BA_001837,File:Leominster Museum - 2014-07-11 - Andy Mabbett - 38.JPG,prefiltered,,,,,per-term cap 24 reached for 'Category:Medicine bottles'
BA_001838,File:Leponex 100 mg.jpg,prefiltered,,,,,per-term cap 24 reached for 'Category:Pharmaceutical products'
BA_001839,File:Leqvio.jpg,prefiltered,,,,,per-term cap 24 reached for 'Category:Pharmaceutical products'
BA_001840,File:Les boites en plastique.jpg,prefiltered,,,,,per-term cap 24 reached for 'Category:Medicine bottles'
BA_001841,File:Letrox 150 ug tbl.jpg,prefiltered,,,,,per-term cap 24 reached for 'Category:Blister packs'
BA_001842,File:Letrox.jpg,prefiltered,,,,,per-term cap 24 reached for 'Category:Pharmaceutical products'
BA_001843,File:Levocetirizine.png,prefiltered,,,,,per-term cap 24 reached for 'Category:Pharmaceutical products'
BA_001844,File:Levofloxacin drops.jpg,prefiltered,,,,,per-term cap 24 reached for 'Category:Pharmaceutical products'
BA_001845,File:Levofloxacin ophthalmic solution.jpg,prefiltered,,,,,per-term cap 24 reached for 'Category:Pharmaceutical products'
BA_001846,File:Levomepromazine Hirunamin 5 jp.jpg,prefiltered,,,,,per-term cap 24 reached for 'Category:Blister packs'
BA_001847,File:Levomepromazine Maleate 5mg.JPG,prefiltered,,,,,per-term cap 24 reached for 'Category:Blister packs'
BA_001848,File:Levopront levodropropizine5.jpg,prefiltered,,,,,per-term cap 24 reached for 'Category:Pharmaceutical products'
BA_001849,File:Levothyrox lévothyroxine 25 µg.jpg,prefiltered,,,,,per-term cap 24 reached for 'Category:Blister packs'
BA_001850,File:Levothyroxine 25mcg Tablets.jpg,prefiltered,,,,,per-term cap 24 reached for 'Category:Blister packs'
BA_001851,File:Levotomin 5mg.jpg,prefiltered,,,,,per-term cap 24 reached for 'Category:Blister packs'
BA_001852,File:Levozin.JPG,prefiltered,,,,,per-term cap 24 reached for 'Category:Pharmaceutical products'
BA_001853,File:Lexapro Sales In China.jpg,prefiltered,,,,,per-term cap 24 reached for 'Category:Blister packs'
BA_001854,File:Lexapro pills.jpg,prefiltered,,,,,per-term cap 24 reached for 'Category:Medicine bottles'
BA_001856,File:Lihasrelaksantteja.JPG,prefiltered,,,,,per-term cap 24 reached for 'Category:Pharmaceutical products'
BA_001857,File:Lindau Cavazzen Museum Apothekerflaschen 376.jpg,prefiltered,,,,,per-term cap 24 reached for 'Category:Medicine bottles'
BA_001858,File:Liquigen edit.jpg,prefiltered,,,,,per-term cap 24 reached for 'Category:Pharmaceutical products'
BA_001860,File:Lisinopril 20 mg.jpg,prefiltered,,,,,per-term cap 24 reached for 'Category:Blister packs'
BA_001861,File:Little girl under a cherry tree Wellcome L0041336.jpg,prefiltered,,,,,per-term cap 24 reached for 'Category:Pharmaceutical products'
BA_001862,"File:Little medicine bottles, straw packing.JPG",prefiltered,,,,,per-term cap 24 reached for 'Category:Medicine bottles'
BA_001863,File:Livre de recettes utilisé par Oberlin dans sa pharmacie de charité.jpg,prefiltered,,,,,per-term cap 24 reached for 'Category:Pharmaceutical products'
BA_001864,File:Load 'em Up DVIDS76022.jpg,prefiltered,,,,,per-term cap 24 reached for 'Category:Pharmaceutical products'
BA_001872,File:Lodopin (zotepine) 50 mg tablets.jpg,prefiltered,,,,,per-term cap 24 reached for 'Category:Blister packs'
BA_001875,"File:Lomflox (Lomefloxacin) made in India for Russian market, Nov 2025 04.jpg",prefiltered,,,,,per-term cap 24 reached for 'Category:Blister packs'
BA_001876,File:Longhu Ren Dan-20221003.jpg,prefiltered,,,,,per-term cap 24 reached for 'Category:Medicine bottles'
BA_001877,File:Loperamide2mg.JPG,prefiltered,,,,,per-term cap 24 reached for 'Category:Blister packs'
BA_001878,"File:Lopridam 8 mg-2,5 mg-10 mg tbl.jpg",prefiltered,,,,,per-term cap 24 reached for 'Category:Blister packs'
BA_001879,File:Lora sales in China.jpg,prefiltered,,,,,per-term cap 24 reached for 'Category:Blister packs'
BA_001880,"File:Loradur 2,5 mg-25 mg tbl.jpg",prefiltered,,,,,per-term cap 24 reached for 'Category:Blister packs'
BA_001881,"File:Lorafen (lorazepamum) tablets, 1 mg.jpg",prefiltered,,,,,per-term cap 24 reached for 'blister pack tablets'
BA_001882,File:Lorazepam 0.5mg.JPG,prefiltered,,,,,per-term cap 24 reached for 'Category:Pharmaceutical products'
BA_001883,File:Lorazepam Orion.jpg,prefiltered,,,,,per-term cap 24 reached for 'Category:Pharmaceutical products'
BA_001884,File:Lorazepam.wipax.jpg,prefiltered,,,,,per-term cap 24 reached for 'Category:Blister packs'
BA_001885,File:LorenzoOil.png,prefiltered,,,,,per-term cap 24 reached for 'Category:Pharmaceutical products'
BA_001886,File:Losartan potassium1.jpg,prefiltered,,,,,per-term cap 24 reached for 'Category:Blister packs'
BA_001887,File:Losec dosage 20mg.jpg,prefiltered,,,,,per-term cap 24 reached for 'Category:Blister packs'
BA_001888,"File:Low-grade colorectal adenocarcinoma, high mag.jpg",prefiltered,,,,,per-term cap 24 reached for 'phenobarbital'
BA_001889,"File:Low-grade colorectal adenocarcinoma, intermed. mag.jpg",prefiltered,,,,,per-term cap 24 reached for 'phenobarbital'
BA_001890,"File:Low-grade colorectal adenocarcinoma, low mag.jpg",prefiltered,,,,,per-term cap 24 reached for 'phenobarbital'
BA_001891,"File:Low-grade colorectal adenocarcinoma, very high mag.jpg",prefiltered,,,,,per-term cap 24 reached for 'phenobarbital'
BA_001893,File:Loxonin 60mg by Daiichi Sankyo.jpg,prefiltered,,,,,per-term cap 24 reached for 'Category:Blister packs'
BA_001894,"File:Lozap 50 mg-12,5 mg tbl.jpg",prefiltered,,,,,per-term cap 24 reached for 'Category:Blister packs'
BA_001895,File:Lozenges --) (1477531597).jpg,prefiltered,,,,,per-term cap 24 reached for 'Category:Blister packs'
BA_001896,File:Lto-hmhm-medizinfläschchen-01.jpg,prefiltered,,,,,per-term cap 24 reached for 'Category:Medicine bottles'
BA_001897,File:Lto-hmhm-medizinfläschchen-02.jpg,prefiltered,,,,,per-term cap 24 reached for 'Category:Medicine bottles'
BA_001898,File:Lto-hmhm-medizinfläschchen-03.jpg,prefiltered,,,,,per-term cap 24 reached for 'Category:Medicine bottles'
BA_001899,File:Lto-hmhm-pillenröhrchen-01.jpg,prefiltered,,,,,per-term cap 24 reached for 'Category:Medicine bottles'
BA_001900,File:Lto-hmhm-pillenröhrchen-02.jpg,prefiltered,,,,,per-term cap 24 reached for 'Category:Medicine bottles'
BA_001901,File:Ludens Honey-Licorice Cough Drops.jpg,prefiltered,,,,,per-term cap 24 reached for 'Category:Pharmaceutical products'
BA_001902,File:Ludiomil25mg.jpg,prefiltered,,,,,per-term cap 24 reached for 'Category:Blister packs'
BA_001903,File:Lullan 8 mg tablets.jpg,prefiltered,,,,,per-term cap 24 reached for 'blister pack tablets'
BA_001904,File:Lumigan.jpg,prefiltered,,,,,per-term cap 24 reached for 'Category:Pharmaceutical products'
BA_001905,File:Lustral Special 100 mg 01.jpg,prefiltered,,,,,per-term cap 24 reached for 'Category:Blister packs'
BA_001906,File:Lustral Special 100 mg 02.jpg,prefiltered,,,,,per-term cap 24 reached for 'Category:Blister packs'
BA_001907,File:Lustral Special 100 mg 03.jpg,prefiltered,,,,,per-term cap 24 reached for 'Category:Blister packs'
BA_001908,File:Lutefix Pro.jpg,prefiltered,,,,,per-term cap 24 reached for 'Category:Pharmaceutical products'
BA_001909,File:Lutera (Birth Control Pills).jpg,prefiltered,,,,,per-term cap 24 reached for 'Category:Blister packs'
BA_001910,File:Lutera Birth Control Pills.jpg,prefiltered,,,,,per-term cap 24 reached for 'Category:Blister packs'
BA_001911,File:Lutschtabletten.jpg,prefiltered,,,,,per-term cap 24 reached for 'Category:Blister packs'
BA_001912,File:Luvox.jpg,prefiltered,,,,,per-term cap 24 reached for 'Category:Blister packs'
BA_001913,File:Luvox25.jpg,prefiltered,,,,,per-term cap 24 reached for 'Category:Blister packs'
BA_001914,File:Lyndiol uit 1974.jpg,prefiltered,,,,,per-term cap 24 reached for 'Category:Blister packs'
BA_001916,File:Lyrica.JPG,prefiltered,,,,,per-term cap 24 reached for 'Category:Blister packs'
BA_001917,File:M&B paracetamol.jpg,prefiltered,,,,,per-term cap 24 reached for 'Category:Pharmaceutical products'
BA_001920,File:MDOs- Mehr-Dosis-Ophtiolen.jpg,prefiltered,,,,,per-term cap 24 reached for 'Category:Pharmaceutical products'
BA_001923,File:MET 2002 447 39 Bm sf.jpg,prefiltered,,,,,per-term cap 24 reached for 'Category:Medicine bottles'
BA_001924,File:MET 2002 447 39 O1 sf.jpg,prefiltered,,,,,per-term cap 24 reached for 'Category:Medicine bottles'
BA_001925,File:MET 2002 447 39 O2 sf.jpg,prefiltered,,,,,per-term cap 24 reached for 'Category:Medicine bottles'
BA_001926,File:MET 2002 447 41 Bm sf.jpg,prefiltered,,,,,per-term cap 24 reached for 'Category:Medicine bottles'
BA_001927,File:MET 2002 447 41 O1 sf.jpg,prefiltered,,,,,per-term cap 24 reached for 'Category:Medicine bottles'
BA_001928,File:MET 2002 447 41 O2 sf.jpg,prefiltered,,,,,per-term cap 24 reached for 'Category:Medicine bottles'
BA_001929,File:MET 2002 447 41 O3 sf.jpg,prefiltered,,,,,per-term cap 24 reached for 'Category:Medicine bottles'
BA_001930,File:MET 2002 447 41 O4 sf.jpg,prefiltered,,,,,per-term cap 24 reached for 'Category:Medicine bottles'
BA_001931,File:MET 2002 447 42 Bm sf.jpg,prefiltered,,,,,per-term cap 24 reached for 'Category:Medicine bottles'
BA_001932,File:MET 2002 447 42 O1 sf.jpg,prefiltered,,,,,per-term cap 24 reached for 'Category:Medicine bottles'
BA_001933,File:MET 2002 447 42 O2 sf.jpg,prefiltered,,,,,per-term cap 24 reached for 'Category:Medicine bottles'
BA_001934,File:MET 2002 447 42 O3 sf.jpg,prefiltered,,,,,per-term cap 24 reached for 'Category:Medicine bottles'
BA_001935,File:MET 2002 447 42 O4 sf.jpg,prefiltered,,,,,per-term cap 24 reached for 'Category:Medicine bottles'
BA_001936,File:MKR11240.jpg,prefiltered,,,,,native short side 216 px
BA_001937,File:ML-NUROFEN.JPG,prefiltered,,,,,per-term cap 24 reached for 'Category:Tablets (pharmacy)'
BA_001938,File:MSM - Arzneifläschchen.jpg,prefiltered,,,,,per-term cap 24 reached for 'Category:Medicine bottles'
BA_001939,File:Maalox Plus (UK).jpg,prefiltered,,,,,per-term cap 24 reached for 'Category:Blister packs'
BA_001942,File:Magnesium Valproate China.jpg,prefiltered,,,,,per-term cap 24 reached for 'Category:Pharmaceutical products'
BA_001943,File:Malarone tablets.jpg,prefiltered,,,,,per-term cap 24 reached for 'blister pack tablets'
BA_001944,File:Malarone.jpg,prefiltered,,,,,per-term cap 24 reached for 'Category:Pharmaceutical products'
BA_001945,File:Mallinckrodt Acthar Price.png,prefiltered,,,,,per-term cap 24 reached for 'Category:Pharmaceutical products'
BA_001946,File:Man adding effervescent tablet in the glass of water.jpg,prefiltered,,,,,per-term cap 24 reached for 'Category:Tablets (pharmacy)'
BA_001947,File:Man holding an effervescent tablet above the glass of water.jpg,prefiltered,,,,,per-term cap 24 reached for 'Category:Tablets (pharmacy)'
BA_001948,File:Man taking eyedrops.jpg,prefiltered,,,,,per-term cap 24 reached for 'Category:Pharmaceutical products'
BA_001949,File:Mandeville Maxens Clock Valium Latte.JPG,prefiltered,,,,,per-term cap 24 reached for 'diazepam'
BA_001952,File:Maoutou.JPG,prefiltered,,,,,per-term cap 24 reached for 'Category:Pharmaceutical products'
BA_001953,File:Maoutou2.JPG,prefiltered,,,,,per-term cap 24 reached for 'Category:Pharmaceutical products'
BA_001954,File:Mar Cambrollé en la III Marcha Republicana en Madrid.jpg,prefiltered,,,,,per-term cap 24 reached for 'diazepam'
BA_001955,File:Marchand's h2o2 medicinal 1904 ad.jpg,prefiltered,,,,,per-term cap 24 reached for 'Category:Medicine bottles'
BA_001956,File:Marcoumar package Austria.JPG,prefiltered,,,,,per-term cap 24 reached for 'Category:Pharmaceutical products'
BA_001957,File:Marcoumar tablets.jpg,prefiltered,,,,,per-term cap 24 reached for 'Category:Tablets (pharmacy)'
BA_001958,File:Marines deliver water purification tablets (4298470638).jpg,prefiltered,,,,,per-term cap 24 reached for 'Category:Tablets (pharmacy)'
BA_001959,File:Marked thumbs up logo mdma hcl cropp.jpg,prefiltered,,,,,title/credit names 'logo'
BA_001961,File:Marzine.JPG,prefiltered,,,,,per-term cap 24 reached for 'Category:Pharmaceutical products'
BA_001962,File:Masc.JPG,prefiltered,,,,,per-term cap 24 reached for 'Category:Pharmaceutical products'
BA_001963,File:Masztika Chios Masticha Tere.jpg,prefiltered,,,,,per-term cap 24 reached for 'Category:Pharmaceutical products'
BA_001964,File:Matchbox label - Vial of Blood - Czechoslovakia (circa 1940s) - MBP1614400804.jpg,prefiltered,,,,,per-term cap 24 reached for 'medicine bottle label'
BA_001965,"File:Mattei's electro-homeopathic treatments, Bologna, Italy, 187 Wellcome L0057834.jpg",prefiltered,,,,,per-term cap 24 reached for 'Category:Medicine bottles'
BA_001966,File:Maulide quinine part 1.jpg,prefiltered,,,,,native short side 246 px
BA_001968,File:Maulide quinine part 3.jpg,prefiltered,,,,,native short side 254 px
BA_001970,File:Maxiquine.jpg,prefiltered,,,,,per-term cap 24 reached for 'Category:Pharmaceutical products'
BA_001971,File:Mdma 88 8mg.jpg,prefiltered,,,,,per-term cap 24 reached for 'Category:Tablets (pharmacy)'
BA_001972,File:Mdma 92 mg.jpg,prefiltered,,,,,per-term cap 24 reached for 'Category:Tablets (pharmacy)'
BA_001973,File:Mdma ck.jpg,prefiltered,,,,,per-term cap 24 reached for 'Category:Tablets (pharmacy)'
BA_001974,File:Mebendazole liquid.jpg,prefiltered,,,,,per-term cap 24 reached for 'Category:Pharmaceutical products'
BA_001975,File:Mebendazole tablets in UK.jpg,prefiltered,,,,,per-term cap 24 reached for 'Category:Pharmaceutical products'
BA_001976,File:Mebendazole tablets.jpg,prefiltered,,,,,per-term cap 24 reached for 'Category:Pharmaceutical products'
BA_001977,File:Mebeverine Chlorhydrate LP BEKER 200mg.jpg,prefiltered,,,,,per-term cap 24 reached for 'Category:Blister packs'
BA_001978,File:Mebeverine(Colofac) 135mg UK.jpg,prefiltered,,,,,per-term cap 24 reached for 'Category:Blister packs'
BA_001980,File:Mediator-1981-1.jpg,prefiltered,,,,,per-term cap 24 reached for 'Category:Pharmaceutical products'
BA_001981,File:Mediator-1981-2.jpg,prefiltered,,,,,per-term cap 24 reached for 'Category:Pharmaceutical products'
BA_001982,File:Mediator-1981-3.jpg,prefiltered,,,,,per-term cap 24 reached for 'Category:Pharmaceutical products'
BA_001983,File:Medical Preparations - NARA - 6788419.jpg,prefiltered,,,,,per-term cap 24 reached for 'Category:Pharmaceutical products'
BA_001984,File:Medical Project at Camp Lemonnier DVIDS99789.jpg,prefiltered,,,,,per-term cap 24 reached for 'Category:Pharmaceutical products'
BA_001985,File:Medicament.JPG,prefiltered,,,,,per-term cap 24 reached for 'Category:Blister packs'
BA_001986,File:Medicamento contra las Cuartanas.JPG,prefiltered,,,,,per-term cap 24 reached for 'Category:Pharmaceutical products'
BA_001987,File:Medicamentos (17151953577).jpg,prefiltered,,,,,per-term cap 24 reached for 'Category:Pharmaceutical products'
BA_001988,File:Medicamentos - PUC.jpg,prefiltered,,,,,per-term cap 24 reached for 'Category:Pharmaceutical products'
BA_001989,File:Medicamentos.png,prefiltered,,,,,per-term cap 24 reached for 'Category:Pharmaceutical products'
BA_001992,File:Medication Paracetamol.JPG,prefiltered,,,,,per-term cap 24 reached for 'Category:Pharmaceutical products'
BA_001993,File:Medication amoxycillin capsule.JPG,prefiltered,,,,,per-term cap 24 reached for 'Augmentin'
BA_001994,File:Medication blister pack 2.jpg,prefiltered,,,,,per-term cap 24 reached for 'Category:Blister packs'
BA_001995,File:Medication blister pack.jpg,prefiltered,,,,,per-term cap 24 reached for 'Category:Blister packs'
BA_001996,File:Medicationlevodopa.jpg,prefiltered,,,,,per-term cap 24 reached for 'Category:Pharmaceutical products'
BA_001997,File:Medications at a grocery store.jpg,prefiltered,,,,,per-term cap 24 reached for 'Category:Pharmaceutical products'
BA_001998,File:Medicine Bottles IMG 9732.JPG,prefiltered,,,,,per-term cap 24 reached for 'Category:Medicine bottles'
BA_001999,File:Medicine Bottles IMG 9734.JPG,prefiltered,,,,,per-term cap 24 reached for 'Category:Medicine bottles'
BA_002000,File:Medicine Health.jpg,prefiltered,,,,,per-term cap 24 reached for 'Category:Blister packs'
BA_002001,"File:Medicine bottles (MAMAS D45-405-68), National Museum of Health and Medicine (4724505207).jpg",prefiltered,,,,,per-term cap 24 reached for 'medicine bottle label'
BA_002002,"File:Medicine bottles, 18th century. Wellcome L0007479.jpg",prefiltered,,,,,per-term cap 24 reached for 'Category:Medicine bottles'
BA_002003,"File:Medicine bottles, 18th century. Wellcome L0007481.jpg",prefiltered,,,,,per-term cap 24 reached for 'Category:Medicine bottles'
BA_002004,"File:Medicine bottles, late 16th early 17th century. Wellcome L0007480.jpg",prefiltered,,,,,per-term cap 24 reached for 'Category:Medicine bottles'
BA_002005,"File:Medicine chest with glass bottles with silver lids, 4 labell Wellcome L0057793.jpg",prefiltered,,,,,per-term cap 24 reached for 'medicine bottle label'
BA_002006,"File:Medicine chest with glass bottles with silver lids, 4 labell Wellcome L0057794.jpg",prefiltered,,,,,per-term cap 24 reached for 'medicine bottle label'
BA_002007,"File:Medicine chest, winged front, from Reece's Medical Hall, Pic Wellcome L0058279.jpg",prefiltered,,,,,per-term cap 24 reached for 'Category:Medicine bottles'
BA_002008,"File:Medicine chest, winged front, from Reece's Medical Hall, Pic Wellcome L0058280.jpg",prefiltered,,,,,per-term cap 24 reached for 'Category:Medicine bottles'
BA_002009,File:Medicine.jpg,prefiltered,,,,,per-term cap 24 reached for 'Category:Blister packs'
BA_002010,File:Mediciner (Small).jpg,prefiltered,,,,,per-term cap 24 reached for 'Category:Pharmaceutical products'
BA_002012,File:Medikament2 hg.jpg,prefiltered,,,,,per-term cap 24 reached for 'Category:Pharmaceutical products'
BA_002013,File:Medikamente-1950 hg.jpg,prefiltered,,,,,per-term cap 24 reached for 'Category:Pharmaceutical products'
BA_002014,File:Medikamente1950 hg.jpg,prefiltered,,,,,per-term cap 24 reached for 'Category:Pharmaceutical products'
BA_002015,File:Medikamentenverpackung mit PZN.jpg,prefiltered,,,,,per-term cap 24 reached for 'Category:Pharmaceutical products'
BA_002016,File:Medipam10mg.JPG,prefiltered,,,,,per-term cap 24 reached for 'diazepam'
BA_002017,File:Medpride Hydrocortisone Cream1.jpg,prefiltered,,,,,per-term cap 24 reached for 'Category:Pharmaceutical products'
BA_002018,"File:Medrol, 32 mG methylprednisolone tablets by Pfizer which are made in Romania.jpg",prefiltered,,,,,per-term cap 24 reached for 'Category:Pharmaceutical products'
BA_002019,File:Meds on clinic desk.jpg,prefiltered,,,,,per-term cap 24 reached for 'Category:Pharmaceutical products'
BA_002020,File:Meg Bateman 191x239.jpg,prefiltered,,,,,native short side 191 px
BA_002022,File:Meg Cabot.png,prefiltered,,,,,native short side 128 px
BA_002024,File:Meg Foster 1974.JPG,prefiltered,,,,,native short side 282 px
BA_002025,File:Meg Hillier headshot.jpg,prefiltered,,,,,native short side 282 px
BA_002032,File:Meg Munn 2.jpg,prefiltered,,,,,native short side 212 px
BA_002039,File:Meg Whitman crop (3x4a).jpg,prefiltered,,,,,per-term cap 24 reached for 'propylene glycol'
BA_002040,File:Meg Whitman crop.jpg,prefiltered,,,,,per-term cap 24 reached for 'propylene glycol'
BA_002041,File:Meg Wolitzer signature.jpg,prefiltered,,,,,title/credit names 'signature'
BA_002042,File:Meg and Jonathan.jpg,prefiltered,,,,,per-term cap 24 reached for 'propylene glycol'
BA_002043,File:Meg maine 1552837.jpg,prefiltered,,,,,per-term cap 24 reached for 'propylene glycol'
BA_002044,File:Meg maine 1552843.jpg,prefiltered,,,,,per-term cap 24 reached for 'propylene glycol'
BA_002045,File:Meg maine 1552897.JPG,prefiltered,,,,,per-term cap 24 reached for 'propylene glycol'
BA_002046,File:Meg medina 1018537.jpg,prefiltered,,,,,per-term cap 24 reached for 'propylene glycol'
BA_002047,File:Megusuri.jpg,prefiltered,,,,,per-term cap 24 reached for 'Category:Pharmaceutical products'
BA_002048,File:Meijer Aceteminophen Bottle and Caplets.JPG,prefiltered,,,,,per-term cap 24 reached for 'Category:Medicine bottles'
BA_002051,File:Melanotan II chemical structure.png,prefiltered,,,,,title/credit names 'chemical'
BA_002053,File:Melatonin prescription.jpg,prefiltered,,,,,per-term cap 24 reached for 'Category:Medicine bottles'
BA_002054,File:Meloxicam 15 mg tbl.jpg,prefiltered,,,,,per-term cap 24 reached for 'Category:Blister packs'
BA_002059,File:Men decathlon PV French Athletics Championships 2013 t141911b.jpg,prefiltered,,,,,per-term cap 24 reached for 'penicillin V'
BA_002064,File:Menden-Stadtmuseum-Apothekerschrank1.jpg,prefiltered,,,,,per-term cap 24 reached for 'Category:Pharmaceutical products'
BA_002065,File:Menden-Stadtmuseum-Apothekerschrank2.jpg,prefiltered,,,,,per-term cap 24 reached for 'Category:Pharmaceutical products'
BA_002068,"File:Meningococcal meningitis A,C,Y,W-135 Vaccine.png",prefiltered,,,,,native short side 226 px
BA_002073,File:Merbromin-Anti-Infective.jpg,prefiltered,,,,,per-term cap 24 reached for 'Category:Pharmaceutical products'
BA_002074,File:Mercromina Bottle.jpg,prefiltered,,,,,per-term cap 24 reached for 'Category:Pharmaceutical products'
BA_002075,File:Mercromina package.jpg,prefiltered,,,,,per-term cap 24 reached for 'Category:Pharmaceutical products'
BA_002077,"File:Mesalamine 1.2 g bottle, Zydus, front view.jpg",prefiltered,,,,,per-term cap 24 reached for 'Category:Medicine bottles'
BA_002078,File:Metformin 500mg Tablets.jpg,prefiltered,,,,,per-term cap 24 reached for 'Category:Blister packs'
BA_002079,File:Metformin.jpg,prefiltered,,,,,per-term cap 24 reached for 'Category:Medicine bottles'
BA_002080,File:Methotrexat Ebewe 10 mg tbl.jpg,prefiltered,,,,,per-term cap 24 reached for 'Category:Pharmaceutical products'
BA_002081,File:Methylfenidaat NL.jpg,prefiltered,,,,,per-term cap 24 reached for 'Category:Blister packs'
BA_002082,File:Methylphenidat generics germany.jpg,prefiltered,,,,,per-term cap 24 reached for 'Category:Pharmaceutical products'
BA_002083,File:Methylphenidat medikinet.jpg,prefiltered,,,,,per-term cap 24 reached for 'Category:Pharmaceutical products'
BA_002084,File:Methylphenidate.jpg,prefiltered,,,,,per-term cap 24 reached for 'Category:Blister packs'
BA_002085,File:Methylprednisolone vial.jpg,prefiltered,,,,,per-term cap 24 reached for 'Category:Pharmaceutical products'
BA_002086,File:Metoprolol.jpg,prefiltered,,,,,per-term cap 24 reached for 'Category:Blister packs'
BA_002087,File:Metreleptin.png,prefiltered,,,,,native short side 280 px
BA_002088,File:Metronidazole.jpg,prefiltered,,,,,per-term cap 24 reached for 'Category:Pharmaceutical products'
BA_002089,File:Mianserin 30mg.JPG,prefiltered,,,,,per-term cap 24 reached for 'Category:Blister packs'
BA_002090,File:Mianserin.JPG,prefiltered,,,,,per-term cap 24 reached for 'Category:Blister packs'
BA_002092,File:Microgen Intestibacteriophage.jpg,prefiltered,,,,,per-term cap 24 reached for 'Category:Pharmaceutical products'
BA_002093,File:Mid 20th century Magnecyl acetylsalicylic acid painkiller tin by ACO Apoteket Kronan Gothenburg Sweden.jpg,prefiltered,,,,,per-term cap 24 reached for 'Category:Pharmaceutical products'
BA_002095,File:MigreLief Original Formula-Akeso Health Sciences.jpg,prefiltered,,,,,title/credit names 'Formula'
BA_002097,File:Milgamma compositum - Wörwag Pharma GmbH & Co. KG.JPG,prefiltered,,,,,per-term cap 24 reached for 'Category:Blister packs'
BA_002098,File:Milgamma inject.png,prefiltered,,,,,per-term cap 24 reached for 'Category:Pharmaceutical products'
BA_002099,File:Milk Bottles of the Late 19th century.jpg,prefiltered,,,,,per-term cap 24 reached for 'Category:Medicine bottles'
BA_002100,File:Milurit 300 mg tbl.jpg,prefiltered,,,,,per-term cap 24 reached for 'Category:Pharmaceutical products'
BA_002101,File:Miniature dispensary and tasteless medincines Wellcome L0010267.jpg,prefiltered,,,,,per-term cap 24 reached for 'Category:Medicine bottles'
BA_002102,File:Minocycline-cap2016JAPAN.jpg,prefiltered,,,,,per-term cap 24 reached for 'Category:Blister packs'
BA_002103,File:Mirtazapin hexal.jpg,prefiltered,,,,,per-term cap 24 reached for 'Category:Blister packs'
BA_002104,File:Mirtazapine 15mg tablets.JPG,prefiltered,,,,,per-term cap 24 reached for 'Category:Blister packs'
BA_002105,File:Mirtazapine Mylan 15mg.jpg,prefiltered,,,,,per-term cap 24 reached for 'Category:Blister packs'
BA_002106,File:Mirtazapine.jpg,prefiltered,,,,,per-term cap 24 reached for 'Category:Pharmaceutical products'
BA_002107,File:Mirtazepine.jpg,prefiltered,,,,,per-term cap 24 reached for 'Category:Pharmaceutical products'
BA_002108,File:Mithridatium. Wellcome L0004950.jpg,prefiltered,,,,,per-term cap 24 reached for 'Category:Pharmaceutical products'
BA_002109,File:Mixing a Recipe for Corns (37345244136).jpg,prefiltered,,,,,per-term cap 24 reached for 'Category:Medicine bottles'
BA_002110,File:Mixing a recipe for corns (11193722986).jpg,prefiltered,,,,,per-term cap 24 reached for 'Category:Medicine bottles'
BA_002111,"File:Mixing box and canon and spoons in exposition History of making of drugs in Kuks Hospital in Kuks, Trutnov District.jpg",prefiltered,,,,,per-term cap 24 reached for 'Category:Tablets (pharmacy)'
BA_002112,File:Moclobemide 150 mg tablets.jpg,prefiltered,,,,,per-term cap 24 reached for 'Category:Blister packs'
BA_002113,File:Modafen.jpeg,prefiltered,,,,,per-term cap 24 reached for 'Category:Blister packs'
BA_002114,File:Modafinil-generic-aspendos.jpg,prefiltered,,,,,per-term cap 24 reached for 'Category:Pharmaceutical products'
BA_002115,File:Modalert.jpg,prefiltered,,,,,per-term cap 24 reached for 'Category:Blister packs'
BA_002117,File:Modern Sudocrem logo.png,prefiltered,,,,,title/credit names 'logo'
BA_002118,File:Modern medicines.jpg,prefiltered,,,,,per-term cap 24 reached for 'Category:Pharmaceutical products'
BA_002122,File:Molecular profiling of human sweat gland compartments.png,prefiltered,,,,,per-term cap 24 reached for 'phenobarbital'
BA_002123,File:Molecular taxonomy of breast tumor subtypes.png,prefiltered,,,,,per-term cap 24 reached for 'phenobarbital'
BA_002124,File:Momate.jpg,prefiltered,,,,,per-term cap 24 reached for 'Category:Pharmaceutical products'
BA_002125,File:Monkey ecstasy tablets in various colors.jpg,prefiltered,,,,,per-term cap 24 reached for 'Category:Tablets (pharmacy)'
BA_002126,File:Mons Meg 1.jpg,prefiltered,,,,,per-term cap 24 reached for 'propylene glycol'
BA_002127,File:Mons Meg 2.jpg,prefiltered,,,,,per-term cap 24 reached for 'propylene glycol'
BA_002129,File:Morphium-syringe.jpg,prefiltered,,,,,per-term cap 24 reached for 'Category:Pharmaceutical products'
BA_002130,File:Morphium2-syringe.jpg,prefiltered,,,,,per-term cap 24 reached for 'Category:Pharmaceutical products'
BA_002131,File:Morphélin 50ml.JPG,prefiltered,,,,,per-term cap 24 reached for 'Category:Pharmaceutical products'
BA_002132,File:Motiron Ritalin 1.JPG,prefiltered,,,,,per-term cap 24 reached for 'Category:Pharmaceutical products'
BA_002134,File:Moxifloxacin-Vigamox.jpg,prefiltered,,,,,per-term cap 24 reached for 'Category:Pharmaceutical products'
BA_002135,File:Mr. Lambkin ill with his feet in warm water Wellcome V0011251.jpg,prefiltered,,,,,per-term cap 24 reached for 'Category:Medicine bottles'
BA_002136,File:Mucobrox-15558130478741193070696742360286.jpg,prefiltered,,,,,per-term cap 24 reached for 'Category:Blister packs'
BA_002137,File:Mucosolvan45mg 20110803.jpg,prefiltered,,,,,per-term cap 24 reached for 'Category:Blister packs'
BA_002138,"File:Mucosta (rebamipide) 100 mg tablets, Otsuka Pharmaceutical.jpg",prefiltered,,,,,per-term cap 24 reached for 'blister pack tablets'
BA_002139,File:Multidiscipinary.jpg,prefiltered,,,,,per-term cap 24 reached for 'Category:Pharmaceutical products'
BA_002140,File:Multidrug therapy (MDT) for the treatment of leprosy.jpg,prefiltered,,,,,native short side 110 px
BA_002141,File:My Old Medicine bottle jar collection (309391023).jpg,prefiltered,,,,,per-term cap 24 reached for 'Category:Medicine bottles'
BA_002142,File:Mydocalm 150 mg tbl.jpg,prefiltered,,,,,per-term cap 24 reached for 'Category:Blister packs'
BA_002143,File:Myocardon.jpg,prefiltered,,,,,per-term cap 24 reached for 'Category:Pharmaceutical products'
BA_002144,File:Myozyme.jpg,prefiltered,,,,,native short side 116 px
BA_002145,File:Myrhorod Hoholia Str. 146 Memorial Table of Opanas (Panas) Slastion at Ceramic Technical Secondary School Building (YDS 7187).jpg,prefiltered,,,,,title/credit names 'Building'
BA_002147,File:Myslee10.2.JPG,prefiltered,,,,,native short side 233 px
BA_002148,File:Myslee10.JPG,prefiltered,,,,,per-term cap 24 reached for 'Category:Blister packs'
BA_002149,File:Myslee10mg.jpg,prefiltered,,,,,per-term cap 24 reached for 'Category:Blister packs'
BA_002150,File:Myslee5.jpg,prefiltered,,,,,native short side 130 px
BA_002157,File:N3-Tamsulosin.jpg,prefiltered,,,,,per-term cap 24 reached for 'Category:Pharmaceutical products'
BA_002158,File:NAUZELIN10mg.jpg,prefiltered,,,,,per-term cap 24 reached for 'Category:Blister packs'
BA_002159,File:NEO-K (Potassium Supplement).JPG,prefiltered,,,,,per-term cap 24 reached for 'Category:Pharmaceutical products'
BA_002160,File:NFA.19823.jpg,prefiltered,,,,,per-term cap 24 reached for 'Category:Pharmaceutical products'
BA_002161,File:NOVAMOXIN antibiotic.jpg,prefiltered,,,,,per-term cap 24 reached for 'Augmentin'
BA_002162,File:NTM 16723 nyegaard & co globoid machine oslo 1938 IMG 0914.JPG,prefiltered,,,,,per-term cap 24 reached for 'Category:Pharmaceutical products'
BA_002163,File:NTM 16723 nyegaard & co globoid machine oslo 1938 IMG 0915.JPG,prefiltered,,,,,per-term cap 24 reached for 'Category:Pharmaceutical products'
BA_002164,File:NZT 48 pills.jpg,prefiltered,,,,,per-term cap 24 reached for 'Category:Medicine bottles'
BA_002165,"File:NaCl 0,9% 100ml white background.jpg",prefiltered,,,,,per-term cap 24 reached for 'Category:Pharmaceutical products'
BA_002166,"File:NaCl 0,9% 250ml white background.jpg",prefiltered,,,,,per-term cap 24 reached for 'Category:Pharmaceutical products'
BA_002167,"File:NaCl 0,9% 250ml yellow background.jpg",prefiltered,,,,,per-term cap 24 reached for 'Category:Pharmaceutical products'
BA_002168,"File:NaCl 0,9% 500ml white background.jpg",prefiltered,,,,,per-term cap 24 reached for 'Category:Pharmaceutical products'
BA_002169,"File:NaCl 0,9% 500ml yellow background.jpg",prefiltered,,,,,per-term cap 24 reached for 'Category:Pharmaceutical products'
BA_002170,File:NaCl-Infusion.jpg,prefiltered,,,,,per-term cap 24 reached for 'Category:Pharmaceutical products'
BA_002171,File:Naldebain pack shots.jpg,prefiltered,,,,,per-term cap 24 reached for 'Category:Pharmaceutical products'
BA_002172,File:Naltrexone Hydrochloride.jpg,prefiltered,,,,,per-term cap 24 reached for 'Category:Pharmaceutical products'
BA_002173,File:Namida rohto.JPG,prefiltered,,,,,per-term cap 24 reached for 'Category:Pharmaceutical products'
BA_002174,File:Nanohana Drug Ebisubashi.jpg,prefiltered,,,,,per-term cap 24 reached for 'Category:Pharmaceutical products'
BA_002175,"File:Nateglinide 60 mg bottle, Zydus, front view.jpg",prefiltered,,,,,per-term cap 24 reached for 'Category:Medicine bottles'
BA_002178,File:Nebivolol.png,prefiltered,,,,,per-term cap 24 reached for 'Category:Pharmaceutical products'
BA_002180,File:Needles and bottle (39936947401).jpg,prefiltered,,,,,per-term cap 24 reached for 'Category:Medicine bottles'
BA_002183,File:Neosporin Wellcome L0047396.jpg,prefiltered,,,,,per-term cap 24 reached for 'Category:Pharmaceutical products'
BA_002184,File:Nesina Sales In China.jpg,prefiltered,,,,,per-term cap 24 reached for 'Category:Pharmaceutical products'
BA_002185,File:Neuleptil 125ml.jpg,prefiltered,,,,,per-term cap 24 reached for 'Category:Pharmaceutical products'
BA_002186,"File:Neurol 0,25 mg tbl.jpg",prefiltered,,,,,per-term cap 24 reached for 'Category:Blister packs'
BA_002187,File:Neurotop PL photo.jpg,prefiltered,,,,,per-term cap 24 reached for 'Category:Blister packs'
BA_002189,File:New influenza viruses. (4011074686).jpg,prefiltered,,,,,per-term cap 24 reached for 'Category:Blister packs'
BA_002190,File:Nicorette dispenser.jpg,prefiltered,,,,,per-term cap 24 reached for 'Category:Tablets (pharmacy)'
BA_002193,File:Nimesulida100mg.jpg,prefiltered,,,,,per-term cap 24 reached for 'Category:Blister packs'
BA_002194,File:Nimesulide tablets.jpeg,prefiltered,,,,,per-term cap 24 reached for 'blister pack tablets'
BA_002195,File:Nineteenth century medicine bottles in display in the Hash Marihuana & Hemp Museum in Amsterdam.JPG,prefiltered,,,,,per-term cap 24 reached for 'Category:Medicine bottles'
BA_002197,File:Nitresan 10 mg tbl.jpg,prefiltered,,,,,per-term cap 24 reached for 'Category:Blister packs'
BA_002198,File:Nitrofurantoin.JPG,prefiltered,,,,,per-term cap 24 reached for 'Category:Blister packs'
BA_002199,File:Nitroglycerin (1).JPG,prefiltered,,,,,per-term cap 24 reached for 'Category:Medicine bottles'
BA_002200,"File:Nitromint-0,4.jpg",prefiltered,,,,,per-term cap 24 reached for 'Category:Pharmaceutical products'
BA_002201,File:Nizoral.jpg,prefiltered,,,,,per-term cap 24 reached for 'Category:Pharmaceutical products'
BA_002202,File:No-Doz.jpg,prefiltered,,,,,per-term cap 24 reached for 'Category:Medicine bottles'
BA_002203,File:No-prostal cps.jpg,prefiltered,,,,,per-term cap 24 reached for 'Category:Blister packs'
BA_002204,File:NoDoz caffeine tablets on black.jpg,prefiltered,,,,,per-term cap 24 reached for 'Category:Medicine bottles'
BA_002205,File:Non-press through pack tablets.jpg,prefiltered,,,,,per-term cap 24 reached for 'blister pack tablets'
BA_002206,File:Noopept Blisterpack.JPG,prefiltered,,,,,native short side 240 px
BA_002207,File:Nootropil back tablet.jpg,prefiltered,,,,,per-term cap 24 reached for 'Category:Blister packs'
BA_002208,File:Nootropil.jpg,prefiltered,,,,,per-term cap 24 reached for 'Category:Blister packs'
BA_002210,File:Norvasc Amlodipine.jpg,prefiltered,,,,,per-term cap 24 reached for 'Category:Pharmaceutical products'
BA_002211,"File:Novamoxin (amoxicillin), 24 June 2010.jpg",prefiltered,,,,,per-term cap 24 reached for 'Augmentin'
BA_002212,File:Nozinan lévomépromazine 100mg.png,prefiltered,,,,,per-term cap 24 reached for 'Category:Blister packs'
BA_002213,File:Nucynta.jpg,prefiltered,,,,,per-term cap 24 reached for 'Category:Medicine bottles'
BA_002214,File:Nurofen tablets on pharmacy shelf.jpg,prefiltered,,,,,per-term cap 24 reached for 'Category:Tablets (pharmacy)'
BA_002215,File:Nuva Macare playing a Roland AX-Synth.jpg,prefiltered,,,,,per-term cap 24 reached for 'amoxicillin'
BA_002216,File:Nycomed Globoid machine 1937 IMG 7499.JPG,prefiltered,,,,,per-term cap 24 reached for 'Category:Pharmaceutical products'
BA_002217,File:Nycomed Globoid machine 1937 IMG 7500.JPG,prefiltered,,,,,per-term cap 24 reached for 'Category:Pharmaceutical products'
BA_002218,File:Nycomed Globoid machine 1937 IMG 7501.JPG,prefiltered,,,,,per-term cap 24 reached for 'Category:Pharmaceutical products'
BA_002219,File:Nycomed Globoid machine 1937 IMG 7502.JPG,prefiltered,,,,,per-term cap 24 reached for 'Category:Pharmaceutical products'
BA_002220,File:Nycomed Globoid machine 1937 IMG 7503.JPG,prefiltered,,,,,per-term cap 24 reached for 'Category:Pharmaceutical products'
BA_002221,File:OCX 2GB DDR2 RAM.jpg,prefiltered,,,,,per-term cap 24 reached for 'Category:Blister packs'
BA_002224,File:OS-1 Image.jpg,prefiltered,,,,,per-term cap 24 reached for 'Category:Pharmaceutical products'
BA_002225,File:OS1 Drink.jpg,prefiltered,,,,,per-term cap 24 reached for 'Category:Pharmaceutical products'
BA_002226,File:OTC drugs.JPG,prefiltered,,,,,per-term cap 24 reached for 'Category:Pharmaceutical products'
BA_002227,File:OTSUKA PHARMACEUTICAL POCARI SWEAT CHINESE VERSION (1).jpg,prefiltered,,,,,per-term cap 24 reached for 'Category:Pharmaceutical products'
BA_002228,File:OTSUKA PHARMACEUTICAL POCARI SWEAT CHINESE VERSION (10).jpg,prefiltered,,,,,per-term cap 24 reached for 'Category:Pharmaceutical products'
BA_002229,File:OTSUKA PHARMACEUTICAL POCARI SWEAT CHINESE VERSION (11).jpg,prefiltered,,,,,per-term cap 24 reached for 'Category:Pharmaceutical products'
BA_002230,File:OTSUKA PHARMACEUTICAL POCARI SWEAT CHINESE VERSION (12).jpg,prefiltered,,,,,per-term cap 24 reached for 'Category:Pharmaceutical products'
BA_002231,File:OTSUKA PHARMACEUTICAL POCARI SWEAT CHINESE VERSION (13).jpg,prefiltered,,,,,per-term cap 24 reached for 'Category:Pharmaceutical products'
BA_002232,File:OTSUKA PHARMACEUTICAL POCARI SWEAT CHINESE VERSION (14).jpg,prefiltered,,,,,per-term cap 24 reached for 'Category:Pharmaceutical products'
BA_002233,File:OTSUKA PHARMACEUTICAL POCARI SWEAT CHINESE VERSION (17).jpg,prefiltered,,,,,per-term cap 24 reached for 'Category:Pharmaceutical products'
BA_002234,File:OTSUKA PHARMACEUTICAL POCARI SWEAT CHINESE VERSION (18).jpg,prefiltered,,,,,per-term cap 24 reached for 'Category:Pharmaceutical products'
BA_002235,File:OTSUKA PHARMACEUTICAL POCARI SWEAT CHINESE VERSION (19).jpg,prefiltered,,,,,per-term cap 24 reached for 'Category:Pharmaceutical products'
BA_002236,File:OTSUKA PHARMACEUTICAL POCARI SWEAT CHINESE VERSION (2).jpg,prefiltered,,,,,per-term cap 24 reached for 'Category:Pharmaceutical products'
BA_002237,File:OTSUKA PHARMACEUTICAL POCARI SWEAT CHINESE VERSION (20).jpg,prefiltered,,,,,per-term cap 24 reached for 'Category:Pharmaceutical products'
BA_002238,File:OTSUKA PHARMACEUTICAL POCARI SWEAT CHINESE VERSION (21).jpg,prefiltered,,,,,per-term cap 24 reached for 'Category:Pharmaceutical products'
BA_002239,File:OTSUKA PHARMACEUTICAL POCARI SWEAT CHINESE VERSION (22).jpg,prefiltered,,,,,per-term cap 24 reached for 'Category:Pharmaceutical products'
BA_002240,File:OTSUKA PHARMACEUTICAL POCARI SWEAT CHINESE VERSION (23).jpg,prefiltered,,,,,per-term cap 24 reached for 'Category:Pharmaceutical products'
BA_002241,File:OTSUKA PHARMACEUTICAL POCARI SWEAT CHINESE VERSION (24).jpg,prefiltered,,,,,per-term cap 24 reached for 'Category:Pharmaceutical products'
BA_002242,File:OTSUKA PHARMACEUTICAL POCARI SWEAT CHINESE VERSION (25).jpg,prefiltered,,,,,per-term cap 24 reached for 'Category:Pharmaceutical products'
BA_002243,File:OTSUKA PHARMACEUTICAL POCARI SWEAT CHINESE VERSION (26).jpg,prefiltered,,,,,per-term cap 24 reached for 'Category:Pharmaceutical products'
BA_002244,File:OTSUKA PHARMACEUTICAL POCARI SWEAT CHINESE VERSION (27).jpg,prefiltered,,,,,per-term cap 24 reached for 'Category:Pharmaceutical products'
BA_002245,File:OTSUKA PHARMACEUTICAL POCARI SWEAT CHINESE VERSION (28).jpg,prefiltered,,,,,per-term cap 24 reached for 'Category:Pharmaceutical products'
BA_002246,File:OTSUKA PHARMACEUTICAL POCARI SWEAT CHINESE VERSION (3).jpg,prefiltered,,,,,per-term cap 24 reached for 'Category:Pharmaceutical products'
BA_002247,File:OTSUKA PHARMACEUTICAL POCARI SWEAT CHINESE VERSION (30).jpg,prefiltered,,,,,per-term cap 24 reached for 'Category:Pharmaceutical products'
BA_002248,File:OTSUKA PHARMACEUTICAL POCARI SWEAT CHINESE VERSION (31).jpg,prefiltered,,,,,per-term cap 24 reached for 'Category:Pharmaceutical products'
BA_002249,File:OTSUKA PHARMACEUTICAL POCARI SWEAT CHINESE VERSION (32).jpg,prefiltered,,,,,per-term cap 24 reached for 'Category:Pharmaceutical products'
BA_002250,File:OTSUKA PHARMACEUTICAL POCARI SWEAT CHINESE VERSION (33).jpg,prefiltered,,,,,per-term cap 24 reached for 'Category:Pharmaceutical products'
BA_002251,File:OTSUKA PHARMACEUTICAL POCARI SWEAT CHINESE VERSION (34).jpg,prefiltered,,,,,per-term cap 24 reached for 'Category:Pharmaceutical products'
BA_002252,File:OTSUKA PHARMACEUTICAL POCARI SWEAT CHINESE VERSION (4).jpg,prefiltered,,,,,per-term cap 24 reached for 'Category:Pharmaceutical products'
BA_002253,File:OTSUKA PHARMACEUTICAL POCARI SWEAT CHINESE VERSION (5).jpg,prefiltered,,,,,per-term cap 24 reached for 'Category:Pharmaceutical products'
BA_002254,File:OTSUKA PHARMACEUTICAL POCARI SWEAT CHINESE VERSION (6).jpg,prefiltered,,,,,per-term cap 24 reached for 'Category:Pharmaceutical products'
BA_002255,File:OTSUKA PHARMACEUTICAL POCARI SWEAT CHINESE VERSION (7).jpg,prefiltered,,,,,per-term cap 24 reached for 'Category:Pharmaceutical products'
BA_002256,File:OTSUKA PHARMACEUTICAL POCARI SWEAT CHINESE VERSION (8).jpg,prefiltered,,,,,per-term cap 24 reached for 'Category:Pharmaceutical products'
BA_002257,File:OTSUKA PHARMACEUTICAL POCARI SWEAT CHINESE VERSION (9).jpg,prefiltered,,,,,per-term cap 24 reached for 'Category:Pharmaceutical products'
BA_002258,File:OTSUKA PHARMACEUTICAL POCARI SWEAT DRINK & POWDER CHINESE VERSION (2).jpg,prefiltered,,,,,per-term cap 24 reached for 'Category:Pharmaceutical products'
BA_002259,File:OTSUKA PHARMACEUTICAL POCARI SWEAT DRINK & POWDER CHINESE VERSION (3).jpg,prefiltered,,,,,per-term cap 24 reached for 'Category:Pharmaceutical products'
BA_002260,File:OTSUKA PHARMACEUTICAL POCARI SWEAT DRINK & POWDER CHINESE VERSION (4).jpg,prefiltered,,,,,per-term cap 24 reached for 'Category:Pharmaceutical products'
BA_002261,File:OTSUKA PHARMACEUTICAL POCARI SWEAT DRINK & POWDER CHINESE VERSION.jpg,prefiltered,,,,,per-term cap 24 reached for 'Category:Pharmaceutical products'
BA_002262,File:OTSUKA PHARMACEUTICAL POCARI SWEAT DRINK (350mL) CHINESE VERSION (3).jpg,prefiltered,,,,,per-term cap 24 reached for 'Category:Pharmaceutical products'
BA_002263,File:OTSUKA PHARMACEUTICAL POCARI SWEAT DRINK (350mL) CHINESE VERSION (4).jpg,prefiltered,,,,,per-term cap 24 reached for 'Category:Pharmaceutical products'
BA_002264,File:OTSUKA PHARMACEUTICAL POCARI SWEAT DRINK (350mL) CHINESE VERSION (5).jpg,prefiltered,,,,,per-term cap 24 reached for 'Category:Pharmaceutical products'
BA_002265,File:OTSUKA PHARMACEUTICAL POCARI SWEAT DRINK (350mL) CHINESE VERSION.jpg,prefiltered,,,,,per-term cap 24 reached for 'Category:Pharmaceutical products'
BA_002266,"File:OTSUKA PHARMACEUTICAL POCARI SWEAT DRINK (350mL, 900mL & 500mL) & POWDER CHINESE VERSION (2).jpg",prefiltered,,,,,per-term cap 24 reached for 'Category:Pharmaceutical products'
BA_002267,"File:OTSUKA PHARMACEUTICAL POCARI SWEAT DRINK (350mL, 900mL & 500mL) & POWDER CHINESE VERSION (3).jpg",prefiltered,,,,,per-term cap 24 reached for 'Category:Pharmaceutical products'
BA_002268,"File:OTSUKA PHARMACEUTICAL POCARI SWEAT DRINK (350mL, 900mL & 500mL) & POWDER CHINESE VERSION (4).jpg",prefiltered,,,,,per-term cap 24 reached for 'Category:Pharmaceutical products'
BA_002269,"File:OTSUKA PHARMACEUTICAL POCARI SWEAT DRINK (350mL, 900mL & 500mL) & POWDER CHINESE VERSION.jpg",prefiltered,,,,,per-term cap 24 reached for 'Category:Pharmaceutical products'
BA_002270,"File:OTSUKA PHARMACEUTICAL POCARI SWEAT DRINK (350ml, 500ml & 500ml) (2).jpg",prefiltered,,,,,per-term cap 24 reached for 'Category:Pharmaceutical products'
BA_002271,"File:OTSUKA PHARMACEUTICAL POCARI SWEAT DRINK (350ml, 500ml & 500ml) (3).jpg",prefiltered,,,,,per-term cap 24 reached for 'Category:Pharmaceutical products'
BA_002272,"File:OTSUKA PHARMACEUTICAL POCARI SWEAT DRINK (350ml, 500ml & 500ml) (4).jpg",prefiltered,,,,,per-term cap 24 reached for 'Category:Pharmaceutical products'
BA_002273,"File:OTSUKA PHARMACEUTICAL POCARI SWEAT DRINK (350ml, 500ml & 500ml).jpg",prefiltered,,,,,per-term cap 24 reached for 'Category:Pharmaceutical products'
BA_002274,File:OTSUKA PHARMACEUTICAL POCARI SWEAT DRINK (900ml & 500ml) & POWDER CHINESE VERSION (2).jpg,prefiltered,,,,,per-term cap 24 reached for 'Category:Pharmaceutical products'
BA_002275,File:OTSUKA PHARMACEUTICAL POCARI SWEAT DRINK (900ml & 500ml) & POWDER CHINESE VERSION (3).jpg,prefiltered,,,,,per-term cap 24 reached for 'Category:Pharmaceutical products'
BA_002276,File:OTSUKA PHARMACEUTICAL POCARI SWEAT DRINK (900ml & 500ml) & POWDER CHINESE VERSION (4).jpg,prefiltered,,,,,per-term cap 24 reached for 'Category:Pharmaceutical products'
BA_002277,File:OTSUKA PHARMACEUTICAL POCARI SWEAT DRINK (900ml & 500ml) & POWDER CHINESE VERSION.jpg,prefiltered,,,,,per-term cap 24 reached for 'Category:Pharmaceutical products'
BA_002278,File:OTSUKA PHARMACEUTICAL POCARI SWEAT DRINK AT AEON NEW CITY PLAZA STORE IN SHENZHEN (2).jpg,prefiltered,,,,,per-term cap 24 reached for 'Category:Pharmaceutical products'
BA_002279,File:OTSUKA PHARMACEUTICAL POCARI SWEAT DRINK AT AEON NEW CITY PLAZA STORE IN SHENZHEN.jpg,prefiltered,,,,,per-term cap 24 reached for 'Category:Pharmaceutical products'
BA_002280,File:OTSUKA PHARMACEUTICAL POCARI SWEAT POWDER CHINESE VERSION (10).jpg,prefiltered,,,,,per-term cap 24 reached for 'Category:Pharmaceutical products'
BA_002281,File:OTSUKA PHARMACEUTICAL POCARI SWEAT POWDER CHINESE VERSION (11).jpg,prefiltered,,,,,per-term cap 24 reached for 'Category:Pharmaceutical products'
BA_002282,File:OTSUKA PHARMACEUTICAL POCARI SWEAT POWDER CHINESE VERSION (12).jpg,prefiltered,,,,,per-term cap 24 reached for 'Category:Pharmaceutical products'
BA_002283,File:OTSUKA PHARMACEUTICAL POCARI SWEAT POWDER CHINESE VERSION (2).jpg,prefiltered,,,,,per-term cap 24 reached for 'Category:Pharmaceutical products'
BA_002284,File:OTSUKA PHARMACEUTICAL POCARI SWEAT POWDER CHINESE VERSION (3).jpg,prefiltered,,,,,per-term cap 24 reached for 'Category:Pharmaceutical products'
BA_002285,File:OTSUKA PHARMACEUTICAL POCARI SWEAT POWDER CHINESE VERSION (4).jpg,prefiltered,,,,,per-term cap 24 reached for 'Category:Pharmaceutical products'
BA_002286,File:OTSUKA PHARMACEUTICAL POCARI SWEAT POWDER CHINESE VERSION (5).jpg,prefiltered,,,,,per-term cap 24 reached for 'Category:Pharmaceutical products'
BA_002287,File:OTSUKA PHARMACEUTICAL POCARI SWEAT POWDER CHINESE VERSION (6).jpg,prefiltered,,,,,per-term cap 24 reached for 'Category:Pharmaceutical products'
BA_002288,File:OTSUKA PHARMACEUTICAL POCARI SWEAT POWDER CHINESE VERSION (7).jpg,prefiltered,,,,,per-term cap 24 reached for 'Category:Pharmaceutical products'
BA_002289,File:OTSUKA PHARMACEUTICAL POCARI SWEAT POWDER CHINESE VERSION (8).jpg,prefiltered,,,,,per-term cap 24 reached for 'Category:Pharmaceutical products'
BA_002290,File:OTSUKA PHARMACEUTICAL POCARI SWEAT POWDER CHINESE VERSION (9).jpg,prefiltered,,,,,per-term cap 24 reached for 'Category:Pharmaceutical products'
BA_002291,File:OTSUKA PHARMACEUTICAL POCARI SWEAT POWDER CHINESE VERSION.jpg,prefiltered,,,,,per-term cap 24 reached for 'Category:Pharmaceutical products'
BA_002292,File:Obat Balsem Geliga.jpg,prefiltered,,,,,per-term cap 24 reached for 'pharmaceutical packaging photograph'
BA_002293,File:Obat Batuk Dan Flu Sirup OBH Combi.jpg,prefiltered,,,,,per-term cap 24 reached for 'pharmaceutical packaging photograph'
BA_002294,File:Obat Batuk Dan Flu Sirup Siladex.jpg,prefiltered,,,,,per-term cap 24 reached for 'pharmaceutical packaging photograph'
BA_002295,File:Obat Gosok Cap Kapak.jpg,prefiltered,,,,,per-term cap 24 reached for 'pharmaceutical packaging photograph'
BA_002296,File:Obat Minyak Angin Cap Kapak 2.jpg,prefiltered,,,,,per-term cap 24 reached for 'pharmaceutical packaging photograph'
BA_002298,File:Oberzeiring - Tabakmuseum - Gleichenberger Asthma-Zigaretten - Packung von vorne.jpg,prefiltered,,,,,per-term cap 24 reached for 'Category:Pharmaceutical products'
BA_002299,File:Oberzeiring - Tabakmuseum - Gleichenberger Asthma-Zigaretten - Packungsrückseite.jpg,prefiltered,,,,,per-term cap 24 reached for 'Category:Pharmaceutical products'
BA_002300,File:Obesity Med2008.JPG,prefiltered,,,,,per-term cap 24 reached for 'Category:Blister packs'
BA_002301,File:Obocell.png,prefiltered,,,,,per-term cap 24 reached for 'Category:Pharmaceutical products'
BA_002302,File:Ocsaar Ocsaar Plus.jpg,prefiltered,,,,,per-term cap 24 reached for 'Category:Pharmaceutical products'
BA_002303,File:Ocuheel Medication.jpg,prefiltered,,,,,per-term cap 24 reached for 'Category:Pharmaceutical products'
BA_002304,File:Od ss bron.jpg,prefiltered,,,,,per-term cap 24 reached for 'Category:Medicine bottles'
BA_002305,File:Oestrogen.jpg,prefiltered,,,,,per-term cap 24 reached for 'Category:Blister packs'
BA_002306,File:Off white tab marked e mdma hcl cropp.jpg,prefiltered,,,,,per-term cap 24 reached for 'Category:Tablets (pharmacy)'
BA_002307,File:Off white tab marked w space shut.jpg,prefiltered,,,,,per-term cap 24 reached for 'Category:Tablets (pharmacy)'
BA_002308,File:Off white tab w genie lamp mdma hcl c.jpg,prefiltered,,,,,per-term cap 24 reached for 'Category:Tablets (pharmacy)'
BA_002309,File:Off white tab w rastafarian mdma hcl.jpg,prefiltered,,,,,per-term cap 24 reached for 'Category:Tablets (pharmacy)'
BA_002310,File:Off white tablet marked with trumpe.jpg,prefiltered,,,,,per-term cap 24 reached for 'Category:Tablets (pharmacy)'
BA_002311,File:Off white triangular tablet marked.jpg,prefiltered,,,,,per-term cap 24 reached for 'Category:Tablets (pharmacy)'
BA_002312,File:Office lunch meal prep (44493034504).jpg,prefiltered,,,,,per-term cap 24 reached for 'Category:Pharmaceutical products'
BA_002313,"File:Oil painting, picture of a pharmacist IMG 0018.jpg",prefiltered,,,,,per-term cap 24 reached for 'Category:Pharmaceutical products'
BA_002314,"File:Okomistin (analogue of miramistin), made in Kaliningrad, Apr 2026 02.jpg",prefiltered,,,,,per-term cap 24 reached for 'Category:Pharmaceutical products'
BA_002315,"File:Okomistin (analogue of miramistin), made in Kaliningrad, Apr 2026 03.jpg",prefiltered,,,,,per-term cap 24 reached for 'Category:Pharmaceutical products'
BA_002316,File:Oksazepam.JPG,prefiltered,,,,,per-term cap 24 reached for 'Category:Medicine bottles'
BA_002317,File:Olanzapin unterschiedlicher Konzentration.jpg,prefiltered,,,,,per-term cap 24 reached for 'Category:Blister packs'
BA_002318,File:Olanzapine 2.5mg.JPG,prefiltered,,,,,per-term cap 24 reached for 'Category:Blister packs'
BA_002319,File:Olanzapine Mylan 10mg comprimés orodispersibles.jpg,prefiltered,,,,,per-term cap 24 reached for 'Category:Blister packs'
BA_002320,File:Olanzapine Mylan 10mg comprimés pelliculés.jpg,prefiltered,,,,,per-term cap 24 reached for 'Category:Blister packs'
BA_002321,File:Old bottle of Mentholatum.JPG,prefiltered,,,,,per-term cap 24 reached for 'pharmaceutical packaging photograph'
BA_002322,File:Old bottle of Parke Davis cannabis pills 2.jpg,prefiltered,,,,,per-term cap 24 reached for 'Category:Medicine bottles'
BA_002323,File:Old medicine bottle 01.jpg,prefiltered,,,,,per-term cap 24 reached for 'Category:Medicine bottles'
BA_002324,File:Old medicine bottle 02.jpg,prefiltered,,,,,per-term cap 24 reached for 'Category:Medicine bottles'
BA_002325,"File:Old peroxide bottle in Cedar Key Historical Museum in Cedar Key, Florida, US, on 23 January 2021.jpg",prefiltered,,,,,per-term cap 24 reached for 'medicine bottle label'
BA_002326,File:Olmesartan 10mg.jpg,prefiltered,,,,,per-term cap 24 reached for 'Category:Blister packs'
BA_002327,File:Olmetec recto.jpg,prefiltered,,,,,per-term cap 24 reached for 'Category:Blister packs'
BA_002328,File:Olmetec verso.jpg,prefiltered,,,,,per-term cap 24 reached for 'Category:Blister packs'
BA_002329,File:Olumiant medication 4mg Canada.jpg,prefiltered,,,,,per-term cap 24 reached for 'Category:Pharmaceutical products'
BA_002330,File:Omeprazol Activis bottle.jpg,prefiltered,,,,,per-term cap 24 reached for 'Category:Medicine bottles'
BA_002331,File:Omeprazole 10mg UK.jpg,prefiltered,,,,,per-term cap 24 reached for 'Category:Blister packs'
BA_002332,File:Omeprazole 20mg.jpg,prefiltered,,,,,per-term cap 24 reached for 'Category:Blister packs'
BA_002333,File:One dollar toothbrush.jpg,prefiltered,,,,,per-term cap 24 reached for 'Category:Blister packs'
BA_002335,"File:One of two cartons of slimming pills, by Savory and Moore Lt Wellcome L0059080.jpg",prefiltered,,,,,per-term cap 24 reached for 'Category:Pharmaceutical products'
BA_002337,"File:Opakowanie, blister oraz tabletka leku Mozarin (escitalopram).JPG",prefiltered,,,,,per-term cap 24 reached for 'Category:Blister packs'
BA_002338,"File:Opana Radar Original Plot Dec 7, 1941.jpg",prefiltered,,,,,title/credit names 'Plot'
BA_002342,"File:Opanas Andriyevskiy, 1926.jpg",prefiltered,,,,,native short side 40 px
BA_002346,File:Opened Oral Birth Control.jpg,prefiltered,,,,,per-term cap 24 reached for 'Category:Blister packs'
BA_002347,"File:Opened and unopened blister packs of Co-Diovan (Valsartan and hydrochlorothiazide), Singapore - 20150223-01.jpg",prefiltered,,,,,per-term cap 24 reached for 'Category:Blister packs'
BA_002348,"File:Opened and unopened blister packs of Co-Diovan (Valsartan and hydrochlorothiazide), Singapore - 20150223-02.jpg",prefiltered,,,,,per-term cap 24 reached for 'Category:Blister packs'
BA_002349,File:Operation Iraqi Freedom Veteran.jpg,prefiltered,,,,,per-term cap 24 reached for 'Category:Medicine bottles'
BA_002350,File:Opiates v opioids.png,prefiltered,,,,,per-term cap 24 reached for 'Category:Pharmaceutical products'
BA_002352,File:Oral administration.jpg,prefiltered,,,,,per-term cap 24 reached for 'Category:Pharmaceutical products'
BA_002353,File:Oral-Turinabol.jpg,prefiltered,,,,,per-term cap 24 reached for 'Category:Blister packs'
BA_002355,File:Orbax.jpg,prefiltered,,,,,per-term cap 24 reached for 'Category:Pharmaceutical products'
BA_002356,File:Oregon blyeberries in China.jpg,prefiltered,,,,,per-term cap 24 reached for 'Category:Blister packs'
BA_002359,File:Ortanol 20 mg cps.jpg,prefiltered,,,,,per-term cap 24 reached for 'Category:Pharmaceutical products'
BA_002360,"File:Orzepam Lorazepam 2,5mg.jpg",prefiltered,,,,,per-term cap 24 reached for 'Category:Pharmaceutical products'
BA_002361,File:Oseltamivir(Japan).jpg,prefiltered,,,,,per-term cap 24 reached for 'Category:Blister packs'
BA_002362,File:Oseltamivir.jpg,prefiltered,,,,,per-term cap 24 reached for 'Category:Pharmaceutical products'
BA_002363,File:Ospamox 1000 mg tbl.jpg,prefiltered,,,,,per-term cap 24 reached for 'Augmentin'
BA_002364,File:Ospen.jpg,prefiltered,,,,,per-term cap 24 reached for 'penicillin V'
BA_002365,File:Ostereierfarben IMGP0691.JPG,prefiltered,,,,,per-term cap 24 reached for 'Category:Blister packs'
BA_002366,File:Ota medicinal powder for the stomach.JPG,prefiltered,,,,,per-term cap 24 reached for 'pharmaceutical packaging photograph'
BA_002367,File:Otsuka Normal Saline.JPG,prefiltered,,,,,per-term cap 24 reached for 'Category:Pharmaceutical products'
BA_002380,File:Oxford AstraZeneca COVID-19 vaccine (2021) I (cropped).jpg,prefiltered,,,,,per-term cap 24 reached for 'Covishield'
BA_002390,File:Oxford AstraZeneca COVID-19 vaccine (2021) S.jpg,prefiltered,,,,,per-term cap 24 reached for 'Covishield'
BA_002392,File:Oxford AstraZeneca COVID-19 vaccine (2021) Y.jpg,prefiltered,,,,,per-term cap 24 reached for 'COVID-19 vaccine AstraZeneca'
BA_002393,File:Oxford AstraZeneca COVID-19 vaccine (2021) Z.jpg,prefiltered,,,,,per-term cap 24 reached for 'Covishield'
BA_002394,File:Oxford AstraZeneca COVID-19 vaccine (2021) ZA.jpg,prefiltered,,,,,per-term cap 24 reached for 'Covishield'
BA_002395,File:Oxford AstraZeneca COVID-19 vaccine (Fiocruz version) 2021 A.jpg,prefiltered,,,,,per-term cap 24 reached for 'COVID-19 vaccine AstraZeneca'
BA_002396,File:Oxford AstraZeneca COVID-19 vaccine (Fiocruz version) 2021 B.jpg,prefiltered,,,,,per-term cap 24 reached for 'COVID-19 vaccine AstraZeneca'
BA_002397,File:Oxford AstraZeneca COVID-19 vaccine (Fiocruz version) 2021 C.jpg,prefiltered,,,,,per-term cap 24 reached for 'COVID-19 vaccine AstraZeneca'
BA_002398,File:Oxford AstraZeneca COVID-19 vaccine (Fiocruz version) 2021 D.jpg,prefiltered,,,,,per-term cap 24 reached for 'COVID-19 vaccine AstraZeneca'
BA_002399,File:Oxford AstraZeneca COVID-19 vaccine (Fiocruz version) 2021 E.jpg,prefiltered,,,,,per-term cap 24 reached for 'COVID-19 vaccine AstraZeneca'
BA_002400,File:Oxford AstraZeneca COVID-19 vaccine (Fiocruz version) 2021 F.jpg,prefiltered,,,,,per-term cap 24 reached for 'COVID-19 vaccine AstraZeneca'
BA_002401,File:Oxford AstraZeneca COVID-19 vaccine (Fiocruz version) 2021 G.jpg,prefiltered,,,,,per-term cap 24 reached for 'COVID-19 vaccine AstraZeneca'
BA_002402,File:Oxford AstraZeneca COVID-19 vaccine (Fiocruz version) 2021 H.jpg,prefiltered,,,,,per-term cap 24 reached for 'COVID-19 vaccine AstraZeneca'
BA_002403,File:Oxford AstraZeneca COVID-19 vaccine (Fiocruz version) 2021 I.jpg,prefiltered,,,,,per-term cap 24 reached for 'COVID-19 vaccine AstraZeneca'
BA_002404,File:Oxford AstraZeneca COVID-19 vaccine (Fiocruz version) 2021 J.jpg,prefiltered,,,,,per-term cap 24 reached for 'COVID-19 vaccine AstraZeneca'
BA_002405,File:Oxford AstraZeneca COVID-19 vaccine (Fiocruz version) 2021 K.jpg,prefiltered,,,,,per-term cap 24 reached for 'COVID-19 vaccine AstraZeneca'
BA_002406,File:Oxford AstraZeneca COVID-19 vaccine (Fiocruz version) 2021 L (cropped).jpg,prefiltered,,,,,per-term cap 24 reached for 'COVID-19 vaccine AstraZeneca'
BA_002407,File:Oxford AstraZeneca COVID-19 vaccine (Fiocruz version) 2021 L.jpg,prefiltered,,,,,per-term cap 24 reached for 'COVID-19 vaccine AstraZeneca'
BA_002408,File:Oxford AstraZeneca COVID-19 vaccine (Fiocruz version) 2021 M.jpg,prefiltered,,,,,per-term cap 24 reached for 'COVID-19 vaccine AstraZeneca'
BA_002409,File:Oxford AstraZeneca COVID-19 vaccine (Fiocruz version) 2021 N.jpg,prefiltered,,,,,per-term cap 24 reached for 'COVID-19 vaccine AstraZeneca'
BA_002410,File:Oxford AstraZeneca COVID-19 vaccine (Fiocruz version) 2021 O.jpg,prefiltered,,,,,per-term cap 24 reached for 'COVID-19 vaccine AstraZeneca'
BA_002411,File:Oxford AstraZeneca COVID-19 vaccine (Fiocruz version) 2021 P.jpg,prefiltered,,,,,per-term cap 24 reached for 'COVID-19 vaccine AstraZeneca'
BA_002412,File:Oxford AstraZeneca COVID-19 vaccine (Fiocruz version) 2021 Q.jpg,prefiltered,,,,,per-term cap 24 reached for 'COVID-19 vaccine AstraZeneca'
BA_002413,File:Oxford AstraZeneca COVID-19 vaccine (Fiocruz version) 2021 R.jpg,prefiltered,,,,,per-term cap 24 reached for 'COVID-19 vaccine AstraZeneca'
BA_002414,File:Oxford AstraZeneca COVID-19 vaccine (Indian version) 2021 E.jpg,prefiltered,,,,,per-term cap 24 reached for 'COVID-19 vaccine AstraZeneca'
BA_002415,File:Oxford AstraZeneca COVID-19 vaccine (Indian version) 2021 F.jpg,prefiltered,,,,,per-term cap 24 reached for 'COVID-19 vaccine AstraZeneca'
BA_002416,File:Oxford AstraZeneca COVID-19 vaccine (Indian version) 2021 G.jpg,prefiltered,,,,,per-term cap 24 reached for 'COVID-19 vaccine AstraZeneca'
BA_002417,File:Oxford AstraZeneca COVID-19 vaccine (Indian version) 2021 H.jpg,prefiltered,,,,,per-term cap 24 reached for 'COVID-19 vaccine AstraZeneca'
BA_002418,File:Oxford AstraZeneca COVID-19 vaccine (Indian version) 2021 I.jpeg,prefiltered,,,,,per-term cap 24 reached for 'COVID-19 vaccine AstraZeneca'
BA_002419,File:Oxford AstraZeneca COVID-19 vaccine (Indian version) 2021 J.jpeg,prefiltered,,,,,per-term cap 24 reached for 'COVID-19 vaccine AstraZeneca'
BA_002420,File:Oxford AstraZeneca COVID-19 vaccine (Indian version) 2021 K.jpeg,prefiltered,,,,,per-term cap 24 reached for 'COVID-19 vaccine AstraZeneca'
BA_002421,File:Oxford AstraZeneca COVID-19 vaccine AZD1222 - 4.jpg,prefiltered,,,,,per-term cap 24 reached for 'COVID-19 vaccine AstraZeneca'
BA_002422,File:Oxford AstraZeneca vaccine (Indian version) 2021 A.jpg,prefiltered,,,,,per-term cap 24 reached for 'COVID-19 vaccine AstraZeneca'
BA_002423,File:Oxford AstraZeneca vaccine (Indian version) 2021 B.jpg,prefiltered,,,,,per-term cap 24 reached for 'COVID-19 vaccine AstraZeneca'
BA_002424,File:Oxford AstraZeneca vaccine (Indian version) 2021 C.jpg,prefiltered,,,,,per-term cap 24 reached for 'COVID-19 vaccine AstraZeneca'
BA_002425,File:Oxford AstraZeneca vaccine (Indian version) 2021 D.jpg,prefiltered,,,,,per-term cap 24 reached for 'COVID-19 vaccine AstraZeneca'
BA_002426,File:Oxford–AstraZeneca COVID-19 vaccine in Palestine 01.jpg,prefiltered,,,,,per-term cap 24 reached for 'COVID-19 vaccine AstraZeneca'
BA_002427,File:Oxford–AstraZeneca COVID-19 vaccine in Palestine 02.jpg,prefiltered,,,,,per-term cap 24 reached for 'COVID-19 vaccine AstraZeneca'
BA_002428,File:Oxford–AstraZeneca COVID-19 vaccine in Palestine 03.jpg,prefiltered,,,,,per-term cap 24 reached for 'COVID-19 vaccine AstraZeneca'
BA_002429,File:Oxford–AstraZeneca COVID-19 vaccine in Palestine 04.jpg,prefiltered,,,,,per-term cap 24 reached for 'COVID-19 vaccine AstraZeneca'
BA_002430,File:Oxomémazine Mylan 0.33mg par ml.jpg,prefiltered,,,,,per-term cap 24 reached for 'Category:Pharmaceutical products'
BA_002446,File:Oxycodone Teva 5 mg Kapsel Svensk.jpg,prefiltered,,,,,per-term cap 24 reached for 'oxycodone OxyContin'
BA_002447,File:Oxycodone balls 3d.png,prefiltered,,,,,per-term cap 24 reached for 'oxycodone OxyContin'
BA_002448,File:Oxycodone molecule ball.png,prefiltered,,,,,per-term cap 24 reached for 'oxycodone OxyContin'
BA_002449,File:Oxycodone molecule spacefill.png,prefiltered,,,,,per-term cap 24 reached for 'oxycodone OxyContin'
BA_002450,File:Oxycodone skeletal.png,prefiltered,,,,,title/credit names 'skeletal'
BA_002451,File:Oxycodone structure.png,prefiltered,,,,,title/credit names 'structure'
BA_002452,File:Oxycodone varieties.jpg,prefiltered,,,,,native short side 190 px
BA_002453,File:Oxycodone.png,prefiltered,,,,,native short side 123 px
BA_002454,File:Oxycodone2.png,prefiltered,,,,,per-term cap 24 reached for 'oxycodone OxyContin'
BA_002455,File:Oxycodone3.png,prefiltered,,,,,per-term cap 24 reached for 'oxycodone OxyContin'
BA_002458,File:Oxycontin list.jpg,prefiltered,,,,,native short side 210 px
BA_002461,File:Oxymorphone synthesis.png,prefiltered,,,,,title/credit names 'synthesis'
BA_002464,File:Oxynorm.jpg,prefiltered,,,,,per-term cap 24 reached for 'oxycodone OxyContin'
BA_002469,"File:PBM Ownership and Vertical Integration, FTC July 2024.jpg",prefiltered,,,,,per-term cap 24 reached for 'Category:Pharmaceutical products'
BA_002470,File:PEG- MGF.JPG,prefiltered,,,,,per-term cap 24 reached for 'Category:Pharmaceutical products'
BA_002471,File:PEPMeds2023.jpg,prefiltered,,,,,per-term cap 24 reached for 'Category:Medicine bottles'
BA_002472,File:PEPTODISMOL.jpg,prefiltered,,,,,per-term cap 24 reached for 'Category:Pharmaceutical products'
BA_002474,File:PMO helps clean up Combat Center with Drug Take Back 161022-M-UD149-001.jpg,prefiltered,,,,,per-term cap 24 reached for 'Category:Pharmaceutical products'
BA_002475,File:PMO helps clean up Combat Center with Drug Take Back 161022-M-UD149-002.jpg,prefiltered,,,,,per-term cap 24 reached for 'Category:Pharmaceutical products'
BA_002476,File:PMO helps clean up Combat Center with Drug Take Back 161022-M-UD149-003.jpg,prefiltered,,,,,per-term cap 24 reached for 'Category:Pharmaceutical products'
BA_002477,File:PMO helps clean up Combat Center with Drug Take Back 161022-M-UD149-004.jpg,prefiltered,,,,,per-term cap 24 reached for 'Category:Pharmaceutical products'
BA_002478,File:PMO helps clean up Combat Center with Drug Take Back 161022-M-UD149-005.jpg,prefiltered,,,,,per-term cap 24 reached for 'Category:Pharmaceutical products'
BA_002479,File:PMO helps clean up Combat Center with Drug Take Back 161022-M-UD149-006.jpg,prefiltered,,,,,per-term cap 24 reached for 'Category:Pharmaceutical products'
BA_002480,File:PMO holds prescription drug take back 160430-M-UD149-001.jpg,prefiltered,,,,,per-term cap 24 reached for 'Category:Pharmaceutical products'
BA_002481,File:PMO holds prescription drug take back 160430-M-UD149-028.jpg,prefiltered,,,,,per-term cap 24 reached for 'Category:Pharmaceutical products'
BA_002482,File:PMO holds prescription drug take back 160430-M-UD149-040.jpg,prefiltered,,,,,per-term cap 24 reached for 'Category:Pharmaceutical products'
BA_002483,File:PMO holds prescription drug take back 160430-M-UD149-049.jpg,prefiltered,,,,,per-term cap 24 reached for 'Category:Pharmaceutical products'
BA_002484,"File:PPD 458, Transjakarta.jpg",prefiltered,,,,,per-term cap 24 reached for 'propylene glycol'
BA_002485,File:PPD The International 2018.jpg,prefiltered,,,,,per-term cap 24 reached for 'propylene glycol'
BA_002486,File:PPD-34 and PPD-34 38.JPG,prefiltered,,,,,per-term cap 24 reached for 'propylene glycol'
BA_002487,File:PPD-34-38 SMG noBG.png,prefiltered,,,,,per-term cap 24 reached for 'propylene glycol'
BA_002488,File:PPD-34-38 SMG.JPG,prefiltered,,,,,per-term cap 24 reached for 'propylene glycol'
BA_002489,File:PPD-34.JPG,prefiltered,,,,,per-term cap 24 reached for 'propylene glycol'
BA_002490,File:PPD-40 Degtyaryov submachine gun in Tula State Arms Museum - 2016 01.jpg,prefiltered,,,,,per-term cap 24 reached for 'propylene glycol'
BA_002491,"File:PPD-40 Degtyaryov submachine gun noBG (cropped, zoom on drum magazine 2) (cropped).png",prefiltered,,,,,per-term cap 24 reached for 'propylene glycol'
BA_002492,"File:PPD-40 Degtyaryov submachine gun noBG (cropped, zoom on drum magazine).png",prefiltered,,,,,per-term cap 24 reached for 'propylene glycol'
BA_002493,File:PPD-40 Degtyaryov submachine gun noBG.png,prefiltered,,,,,per-term cap 24 reached for 'propylene glycol'
BA_002494,File:PPD-40.png,prefiltered,,,,,per-term cap 24 reached for 'propylene glycol'
BA_002500,File:PV Analge Heinersdorf Bad Lausick 2021.jpg,prefiltered,,,,,per-term cap 24 reached for 'penicillin V'
BA_002501,File:PV Band.jpg,prefiltered,,,,,per-term cap 24 reached for 'penicillin V'
BA_002502,File:PV Engerth loco 14 1970.jpg,prefiltered,,,,,per-term cap 24 reached for 'penicillin V'
BA_002503,File:PV diverter power example1 (f1atb).png,prefiltered,,,,,per-term cap 24 reached for 'penicillin V'
BA_002504,File:PV diverter power example2 (f1atb).png,prefiltered,,,,,per-term cap 24 reached for 'penicillin V'
BA_002505,File:PV-1 132-B-1 1943.jpg,prefiltered,,,,,native short side 290 px
BA_002506,File:PV-1 VPB-125-B-6 1943.jpg,prefiltered,,,,,native short side 152 px
BA_002507,File:PV-2 Harpoon.jpg,prefiltered,,,,,per-term cap 24 reached for 'penicillin V'
BA_002508,File:PV-2 NAN9-2-45.jpg,prefiltered,,,,,per-term cap 24 reached for 'penicillin V'
BA_002509,File:PV-2 in flight 1944.jpg,prefiltered,,,,,per-term cap 24 reached for 'penicillin V'
BA_002510,File:PV-2oak178 (4800374609).jpg,prefiltered,,,,,per-term cap 24 reached for 'penicillin V'
BA_002511,File:PV-Anlage Heinersdorf 1.jpg,prefiltered,,,,,per-term cap 24 reached for 'penicillin V'
BA_002512,File:PV-Anlage Heinersdorf 2.jpg,prefiltered,,,,,per-term cap 24 reached for 'penicillin V'
BA_002513,File:PV-Anlage Heinersdorf 3.jpg,prefiltered,,,,,per-term cap 24 reached for 'penicillin V'
BA_002514,File:PV-Anlage Heinersdorf 4.jpg,prefiltered,,,,,per-term cap 24 reached for 'penicillin V'
BA_002515,File:Pablo Fernández en la III Marcha Republicana en Madrid.jpg,prefiltered,,,,,per-term cap 24 reached for 'diazepam'
BA_002519,File:Package Dihydrocodeine Mundipharma 60 mg.JPG,prefiltered,,,,,per-term cap 24 reached for 'Category:Pharmaceutical products'
BA_002520,File:Package Enbrel by Pfizer with PZN and Epedigree-6410.jpg,prefiltered,,,,,per-term cap 24 reached for 'Category:Pharmaceutical products'
BA_002521,File:Package of Lutera Birth Control Pills.jpg,prefiltered,,,,,per-term cap 24 reached for 'Category:Blister packs'
BA_002522,File:Package of Red Sudafed Pills.jpg,prefiltered,,,,,per-term cap 24 reached for 'Category:Blister packs'
BA_002523,File:Package tracking barcode scanner.jpg,prefiltered,,,,,per-term cap 24 reached for 'Category:Pharmaceutical products'
BA_002524,File:Packaging for Marzine anti-nausea drug Wellcome L0037305.jpg,prefiltered,,,,,per-term cap 24 reached for 'Category:Pharmaceutical products'
BA_002525,File:Packaging of Mildronate.jpg,prefiltered,,,,,per-term cap 24 reached for 'Category:Pharmaceutical products'
BA_002526,File:Packs used Pills.jpg,prefiltered,,,,,per-term cap 24 reached for 'Category:Blister packs'
BA_002527,File:PackshottSportVisOK.jpg,prefiltered,,,,,per-term cap 24 reached for 'Category:Pharmaceutical products'
BA_002528,File:Padlocks in a hardware store (Taiwan).jpg,prefiltered,,,,,per-term cap 24 reached for 'Category:Blister packs'
BA_002530,File:Pain Relievers at Kroger.JPG,prefiltered,,,,,per-term cap 24 reached for 'Category:Pharmaceutical products'
BA_002532,File:Palexia IR 50mg (Australia).jpg,prefiltered,,,,,per-term cap 24 reached for 'Category:Pharmaceutical products'
BA_002533,File:Palgotal 75 mg-650 mg tbl.jpg,prefiltered,,,,,per-term cap 24 reached for 'Category:Blister packs'
BA_002534,File:Paliperidon (according to hungarian medicine advertisement law).jpg,prefiltered,,,,,per-term cap 24 reached for 'Category:Blister packs'
BA_002535,File:Palmnturn.JPG,prefiltered,,,,,native short side 239 px
BA_002537,File:Panado Tiger Brands.jpg,prefiltered,,,,,per-term cap 24 reached for 'Category:Pharmaceutical products'
BA_002538,File:Panadol 500 mg.jpg,prefiltered,,,,,per-term cap 24 reached for 'Category:Pharmaceutical products'
BA_002539,File:Panadol pill package closeup.jpg,prefiltered,,,,,per-term cap 24 reached for 'Category:Blister packs'
BA_002540,File:Panadol suppositories.jpg,prefiltered,,,,,per-term cap 24 reached for 'Category:Pharmaceutical products'
BA_002541,File:Panadol.JPG,prefiltered,,,,,per-term cap 24 reached for 'Category:Blister packs'
BA_002543,File:Panaritium RH (13).jpg,prefiltered,,,,,per-term cap 24 reached for 'Augmentin'
BA_002547,File:Paolo Monti - Servizio fotografico - BEIC 6343221.jpg,prefiltered,,,,,per-term cap 24 reached for 'Category:Pharmaceutical products'
BA_002548,File:Paolo Monti - Servizio fotografico - BEIC 6343222.jpg,prefiltered,,,,,per-term cap 24 reached for 'Category:Pharmaceutical products'
BA_002549,File:Paolo Monti - Servizio fotografico - BEIC 6343223.jpg,prefiltered,,,,,per-term cap 24 reached for 'Category:Pharmaceutical products'
BA_002550,File:Paolo Monti - Servizio fotografico - BEIC 6343225.jpg,prefiltered,,,,,per-term cap 24 reached for 'Category:Pharmaceutical products'
BA_002551,File:Paolo Monti - Servizio fotografico - BEIC 6343226.jpg,prefiltered,,,,,per-term cap 24 reached for 'Category:Pharmaceutical products'
BA_002552,File:Paolo Monti - Servizio fotografico - BEIC 6343227.jpg,prefiltered,,,,,per-term cap 24 reached for 'Category:Pharmaceutical products'
BA_002553,File:Paolo Monti - Servizio fotografico - BEIC 6343228.jpg,prefiltered,,,,,per-term cap 24 reached for 'Category:Pharmaceutical products'
BA_002554,File:Paolo Monti - Servizio fotografico - BEIC 6343229.jpg,prefiltered,,,,,per-term cap 24 reached for 'Category:Pharmaceutical products'
BA_002555,File:Paolo Monti - Servizio fotografico - BEIC 6343230.jpg,prefiltered,,,,,per-term cap 24 reached for 'Category:Pharmaceutical products'
BA_002556,File:Paolo Monti - Servizio fotografico - BEIC 6343231.jpg,prefiltered,,,,,per-term cap 24 reached for 'Category:Pharmaceutical products'
BA_002557,File:Paolo Monti - Servizio fotografico - BEIC 6343232.jpg,prefiltered,,,,,per-term cap 24 reached for 'Category:Pharmaceutical products'
BA_002558,File:Paolo Monti - Servizio fotografico - BEIC 6343233.jpg,prefiltered,,,,,per-term cap 24 reached for 'Category:Pharmaceutical products'
BA_002559,File:Paolo Monti - Servizio fotografico - BEIC 6343234.jpg,prefiltered,,,,,per-term cap 24 reached for 'Category:Pharmaceutical products'
BA_002560,File:Paolo Monti - Servizio fotografico - BEIC 6343235.jpg,prefiltered,,,,,per-term cap 24 reached for 'Category:Pharmaceutical products'
BA_002561,File:Paolo Monti - Servizio fotografico - BEIC 6343236.jpg,prefiltered,,,,,per-term cap 24 reached for 'Category:Pharmaceutical products'
BA_002562,File:Paolo Monti - Servizio fotografico - BEIC 6347060.jpg,prefiltered,,,,,per-term cap 24 reached for 'Category:Pharmaceutical products'
BA_002563,File:Paolo Monti - Servizio fotografico - BEIC 6355525.jpg,prefiltered,,,,,per-term cap 24 reached for 'Category:Pharmaceutical products'
BA_002564,File:Paolo Monti - Servizio fotografico - BEIC 6355527.jpg,prefiltered,,,,,per-term cap 24 reached for 'Category:Pharmaceutical products'
BA_002565,File:Paolo Monti - Servizio fotografico - BEIC 6355528.jpg,prefiltered,,,,,per-term cap 24 reached for 'Category:Pharmaceutical products'
BA_002566,File:Paolo Monti - Servizio fotografico - BEIC 6355529.jpg,prefiltered,,,,,per-term cap 24 reached for 'Category:Pharmaceutical products'
BA_002567,File:Paolo Monti - Servizio fotografico - BEIC 6355530.jpg,prefiltered,,,,,per-term cap 24 reached for 'Category:Pharmaceutical products'
BA_002568,File:Paolo Monti - Servizio fotografico - BEIC 6355531.jpg,prefiltered,,,,,per-term cap 24 reached for 'Category:Pharmaceutical products'
BA_002569,File:Paolo Monti - Servizio fotografico - BEIC 6355532.jpg,prefiltered,,,,,per-term cap 24 reached for 'Category:Pharmaceutical products'
BA_002570,File:Paolo Monti - Servizio fotografico - BEIC 6355533.jpg,prefiltered,,,,,per-term cap 24 reached for 'Category:Pharmaceutical products'
BA_002571,File:Paolo Monti - Servizio fotografico - BEIC 6355534.jpg,prefiltered,,,,,per-term cap 24 reached for 'Category:Pharmaceutical products'
BA_002572,File:Paolo Monti - Servizio fotografico - BEIC 6355535.jpg,prefiltered,,,,,per-term cap 24 reached for 'Category:Pharmaceutical products'
BA_002573,File:Paolo Monti - Servizio fotografico - BEIC 6355536.jpg,prefiltered,,,,,per-term cap 24 reached for 'Category:Pharmaceutical products'
BA_002574,File:Paolo Monti - Servizio fotografico - BEIC 6355537.jpg,prefiltered,,,,,per-term cap 24 reached for 'Category:Pharmaceutical products'
BA_002575,File:Paolo Monti - Servizio fotografico - BEIC 6355538.jpg,prefiltered,,,,,per-term cap 24 reached for 'Category:Pharmaceutical products'
BA_002576,File:Paolo Monti - Servizio fotografico - BEIC 6355540.jpg,prefiltered,,,,,per-term cap 24 reached for 'Category:Pharmaceutical products'
BA_002577,File:Paolo Monti - Servizio fotografico - BEIC 6355541.jpg,prefiltered,,,,,per-term cap 24 reached for 'Category:Pharmaceutical products'
BA_002578,File:Paolo Monti - Servizio fotografico - BEIC 6355542.jpg,prefiltered,,,,,per-term cap 24 reached for 'Category:Pharmaceutical products'
BA_002579,File:Paolo Monti - Servizio fotografico - BEIC 6355550.jpg,prefiltered,,,,,per-term cap 24 reached for 'Category:Pharmaceutical products'
BA_002580,File:Paolo Monti - Servizio fotografico - BEIC 6356076.jpg,prefiltered,,,,,per-term cap 24 reached for 'Category:Pharmaceutical products'
BA_002581,File:Paolo Monti - Servizio fotografico - BEIC 6356125.jpg,prefiltered,,,,,per-term cap 24 reached for 'Category:Pharmaceutical products'
BA_002582,File:Paolo Monti - Servizio fotografico - BEIC 6356130.jpg,prefiltered,,,,,per-term cap 24 reached for 'Category:Pharmaceutical products'
BA_002583,File:Papaver Somniferum.JPG,prefiltered,,,,,per-term cap 24 reached for 'oxycodone OxyContin'
BA_002584,File:Para-Tabs.jpg,prefiltered,,,,,per-term cap 24 reached for 'Category:Pharmaceutical products'
BA_002585,File:Paracetamol 650.jpg,prefiltered,,,,,per-term cap 24 reached for 'Category:Tablets (pharmacy)'
BA_002586,File:Paracetamol acetaminophen 500 mg pills crop.jpg,prefiltered,,,,,per-term cap 24 reached for 'Category:Pharmaceutical products'
BA_002587,File:Paracetamol acetaminophen 500 mg pills.jpg,prefiltered,,,,,per-term cap 24 reached for 'Category:Pharmaceutical products'
BA_002588,File:Paracetamol generico.jpg,prefiltered,,,,,per-term cap 24 reached for 'Category:Blister packs'
BA_002589,File:Paracetamol léčivé přípravky.JPG,prefiltered,,,,,per-term cap 24 reached for 'Category:Pharmaceutical products'
BA_002590,File:Paracétamol.JPG,prefiltered,,,,,per-term cap 24 reached for 'Category:Blister packs'
BA_002591,File:Paralen.jpg,prefiltered,,,,,per-term cap 24 reached for 'Category:Pharmaceutical products'
BA_002592,File:Parasetamolivalmisteita.JPG,prefiltered,,,,,per-term cap 24 reached for 'Category:Pharmaceutical products'
BA_002593,File:Paregoric.jpeg,prefiltered,,,,,per-term cap 24 reached for 'Category:Medicine bottles'
BA_002594,File:Pariet.jpg,prefiltered,,,,,per-term cap 24 reached for 'Category:Pharmaceutical products'
BA_002595,"File:Parke, Davis & Co. Spanish catalogue (c. 1907) front page.jpg",prefiltered,,,,,per-term cap 24 reached for 'Category:Pharmaceutical products'
BA_002596,File:Parkidyl Trihexyphénidyle 2mg.jpg,prefiltered,,,,,per-term cap 24 reached for 'Category:Blister packs'
BA_002597,File:Paroxetin 20mg.jpeg,prefiltered,,,,,per-term cap 24 reached for 'Category:Blister packs'
BA_002598,File:Paroxetine Paxil 10 jp.jpg,prefiltered,,,,,per-term cap 24 reached for 'Category:Blister packs'
BA_002599,File:Paroxétine Mylan 20mg.jpg,prefiltered,,,,,per-term cap 24 reached for 'Category:Blister packs'
BA_002601,File:Pastilla dia siguiente.JPG,prefiltered,,,,,per-term cap 24 reached for 'Category:Blister packs'
BA_002602,File:Patent medicine bottles - Skagit County Historical Museum.jpg,prefiltered,,,,,per-term cap 24 reached for 'Category:Medicine bottles'
BA_002603,"File:Patent medicine labels for Perry Davis & Son, showing view of Providence, R.I., and four patent medicine bottles) - Kilburn & Mallory sc., Boston LCCN92512903.jpg",prefiltered,,,,,per-term cap 24 reached for 'medicine bottle label'
BA_002605,File:Paterson Museum (NJ) images (45) number 26 Health-related products from the 1920s.jpg,prefiltered,,,,,per-term cap 24 reached for 'Category:Pharmaceutical products'
BA_002606,File:Paterson Museum (NJ) images (45) number 27 Health-related products from the 1920s.jpg,prefiltered,,,,,per-term cap 24 reached for 'Category:Pharmaceutical products'
BA_002607,File:Paterson Museum (NJ) images (45) number 28 Health-related products from the 1920s.jpg,prefiltered,,,,,per-term cap 24 reached for 'Category:Pharmaceutical products'
BA_002608,File:Paterson Museum (NJ) images (45) number 3.jpg,prefiltered,,,,,per-term cap 24 reached for 'Category:Pharmaceutical products'
BA_002609,File:Paterson Museum (NJ) images (45) number 31 Health-related products from the 1920s.jpg,prefiltered,,,,,per-term cap 24 reached for 'Category:Pharmaceutical products'
BA_002610,File:Paterson Museum (NJ) images (45) number 32 Health-related products from the 1920s.jpg,prefiltered,,,,,per-term cap 24 reached for 'Category:Pharmaceutical products'
BA_002611,File:Paterson Museum (NJ) images (45) number 5 Health-related products from the 1920s.jpg,prefiltered,,,,,per-term cap 24 reached for 'Category:Pharmaceutical products'
BA_002612,File:Paterson Museum (NJ) images (45) number 7 Health-related products from the 1920s.jpg,prefiltered,,,,,per-term cap 24 reached for 'Category:Pharmaceutical products'
BA_002613,File:Paxil 10mg.jpg,prefiltered,,,,,per-term cap 24 reached for 'Category:Blister packs'
BA_002614,File:Paxil10mg.PNG,prefiltered,,,,,native short side 230 px
BA_002615,"File:Paxlovid antiviral 5-day pack, close-up.jpg",prefiltered,,,,,per-term cap 24 reached for 'Category:Blister packs'
BA_002616,File:Paxlovid antiviral 5-day pack.jpg,prefiltered,,,,,per-term cap 24 reached for 'Category:Blister packs'
BA_002617,File:Paxlovid.jpg,prefiltered,,,,,per-term cap 24 reached for 'Category:Blister packs'
BA_002618,File:Paxlovid2022.jpg,prefiltered,,,,,per-term cap 24 reached for 'Category:Blister packs'
BA_002619,File:Paxtin PL photo.jpg,prefiltered,,,,,per-term cap 24 reached for 'Category:Blister packs'
BA_002620,File:Pedal operated spray. Photograph. Wellcome V0027892.jpg,prefiltered,,,,,per-term cap 24 reached for 'Category:Pharmaceutical products'
BA_002621,File:Pedialyte nutrition fact2.jpg,prefiltered,,,,,per-term cap 24 reached for 'Category:Pharmaceutical products'
BA_002623,File:Penaten-1 hg.jpg,prefiltered,,,,,per-term cap 24 reached for 'Category:Pharmaceutical products'
BA_002624,File:Penicillin G Electrostatic Surfaces.jpg,prefiltered,,,,,per-term cap 24 reached for 'penicillin V'
BA_002625,File:Penicillinase Application V.2.png,prefiltered,,,,,per-term cap 24 reached for 'penicillin V'
BA_002626,File:PentasaRetard500mgK.jpg,prefiltered,,,,,native short side 216 px
BA_002627,File:Pentomer 400 mg tbl.jpg,prefiltered,,,,,per-term cap 24 reached for 'Category:Blister packs'
BA_002628,File:Pentothal vintage package - truth serum.jpg,prefiltered,,,,,per-term cap 24 reached for 'Category:Pharmaceutical products'
BA_002630,File:Perfume Bottle.jpg,prefiltered,,,,,per-term cap 24 reached for 'Category:Medicine bottles'
BA_002631,File:Pernazinum PL photo.jpg,prefiltered,,,,,per-term cap 24 reached for 'Category:Blister packs'
BA_002632,File:Perocur®.JPG,prefiltered,,,,,per-term cap 24 reached for 'Category:Blister packs'
BA_002633,File:Person holds a blister pack of pills while sitting at a table.jpg,prefiltered,,,,,per-term cap 24 reached for 'Category:Blister packs'
BA_002634,File:Pervitin (Werbeanzeige auf rumänisch).jpg,prefiltered,,,,,per-term cap 24 reached for 'pharmaceutical packaging photograph'
BA_002635,File:Pervitindose.jpg,prefiltered,,,,,per-term cap 24 reached for 'Category:Medicine bottles'
BA_002636,File:Petersburg Winter.jpg,prefiltered,,,,,per-term cap 24 reached for 'human normal immunoglobulin'
BA_002637,File:Pfeilring Haut-Creme.jpg,prefiltered,,,,,per-term cap 24 reached for 'Category:Pharmaceutical products'
BA_002639,File:Pfizer Trosyd Dermal Cream tube package and product description 20090324.jpg,prefiltered,,,,,per-term cap 24 reached for 'Category:Pharmaceutical products'
BA_002640,"File:Pfizer methylprednisolone for Russian market, 2024 00 (DXO).jpg",prefiltered,,,,,per-term cap 24 reached for 'Category:Blister packs'
BA_002641,"File:Pfizer methylprednisolone for Russian market, 2024 02 (DXO).jpg",prefiltered,,,,,per-term cap 24 reached for 'Category:Blister packs'
BA_002642,File:Pfizer xalaTAN latanoprost eye drops.jpg,prefiltered,,,,,per-term cap 24 reached for 'Category:Pharmaceutical products'
BA_002644,File:Pfizer-BioNTech COVID-19 vaccine (2020) B.jpg,prefiltered,,,,,per-term cap 24 reached for 'Comirnaty'
BA_002645,File:Pfizer-BioNTech COVID-19 vaccine (2020) C (cropped).jpg,prefiltered,,,,,per-term cap 24 reached for 'Comirnaty'
BA_002647,File:Pfizer-BioNTech COVID-19 vaccine (2020) C.jpg,prefiltered,,,,,per-term cap 24 reached for 'Comirnaty'
BA_002649,File:Pfizer-BioNTech COVID-19 vaccine (2020) D.jpg,prefiltered,,,,,per-term cap 24 reached for 'Comirnaty'
BA_002650,File:Pfizer-BioNTech COVID-19 vaccine (2020) E.jpg,prefiltered,,,,,per-term cap 24 reached for 'Comirnaty'
BA_002651,File:Pfizer-BioNTech COVID-19 vaccine (2020) F.jpg,prefiltered,,,,,per-term cap 24 reached for 'Comirnaty'
BA_002653,File:Pfizer-BioNTech COVID-19 vaccine (2020) G.jpg,prefiltered,,,,,per-term cap 24 reached for 'Comirnaty'
BA_002654,File:Pfizer-BioNTech COVID-19 vaccine (2020) H.jpg,prefiltered,,,,,per-term cap 24 reached for 'Comirnaty'
BA_002655,File:Pfizer-BioNTech COVID-19 vaccine (2020) I.jpg,prefiltered,,,,,per-term cap 24 reached for 'Comirnaty'
BA_002656,File:Pfizer-BioNTech COVID-19 vaccine (2020) J.jpg,prefiltered,,,,,per-term cap 24 reached for 'Comirnaty'
BA_002657,File:Pfizer-BioNTech COVID-19 vaccine (2021) A.jpeg,prefiltered,,,,,per-term cap 24 reached for 'Comirnaty'
BA_002658,File:Pfizer-BioNTech COVID-19 vaccine (2021) B.jpg,prefiltered,,,,,per-term cap 24 reached for 'Comirnaty'
BA_002659,File:Pfizer-BioNTech COVID-19 vaccine (2021) C.jpg,prefiltered,,,,,per-term cap 24 reached for 'Comirnaty'
BA_002660,File:Pfizer-BioNTech COVID-19 vaccine (2021) D.jpg,prefiltered,,,,,per-term cap 24 reached for 'Comirnaty'
BA_002661,File:Pfizer-BioNTech COVID-19 vaccine (2021) E.jpg,prefiltered,,,,,per-term cap 24 reached for 'Comirnaty'
BA_002662,File:Pfizer-BioNTech COVID-19 vaccine (2021) F.jpg,prefiltered,,,,,per-term cap 24 reached for 'Comirnaty'
BA_002663,File:Pfizer-BioNTech COVID-19 vaccine (2021) G.jpg,prefiltered,,,,,per-term cap 24 reached for 'Comirnaty'
BA_002664,File:Pfizer-BioNTech COVID-19 vaccine (2021) H.jpg,prefiltered,,,,,per-term cap 24 reached for 'Comirnaty'
BA_002665,File:Pfizer-BioNTech COVID-19 vaccine (2021) I.jpg,prefiltered,,,,,per-term cap 24 reached for 'Comirnaty'
BA_002666,File:Pfizer-BioNTech COVID-19 vaccine (2021) J.jpg,prefiltered,,,,,per-term cap 24 reached for 'Comirnaty'
BA_002667,File:Pfizer-BioNTech COVID-19 vaccine (2021) K.jpg,prefiltered,,,,,per-term cap 24 reached for 'Comirnaty'
BA_002668,File:Pfizer-BioNTech COVID-19 vaccine (2021) L.jpg,prefiltered,,,,,per-term cap 24 reached for 'Comirnaty'
BA_002669,File:Pfizer-BioNTech COVID-19 vaccine (2021) M.jpg,prefiltered,,,,,per-term cap 24 reached for 'Comirnaty'
BA_002670,File:Pfizer-BioNTech COVID-19 vaccine (2021) N.jpg,prefiltered,,,,,per-term cap 24 reached for 'Comirnaty'
BA_002671,File:Pfizer-BioNTech COVID-19 vaccine (2021) O.jpg,prefiltered,,,,,per-term cap 24 reached for 'Comirnaty'
BA_002672,File:Pfizer-BioNTech COVID-19 vaccine (2021) P.jpg,prefiltered,,,,,per-term cap 24 reached for 'Comirnaty'
BA_002673,File:Pfizer-BioNTech COVID-19 vaccine (2021) Q.jpg,prefiltered,,,,,per-term cap 24 reached for 'Comirnaty'
BA_002674,File:Pfizer-BioNTech COVID-19 vaccine (2021) R.jpg,prefiltered,,,,,per-term cap 24 reached for 'Comirnaty'
BA_002675,File:Pfizer-BioNTech COVID-19 vaccine (2021) S.jpg,prefiltered,,,,,per-term cap 24 reached for 'Comirnaty'
BA_002676,File:Pfizer-BioNTech COVID-19 vaccine (2021) T.jpg,prefiltered,,,,,per-term cap 24 reached for 'Comirnaty'
BA_002677,File:Pfizer-Biontech COVID-19 Vaccine.jpg,prefiltered,,,,,per-term cap 24 reached for 'Comirnaty'
BA_002678,File:Pfizer-Comirnaty vaccine held in a gloved hand - October 2021.png,prefiltered,,,,,per-term cap 24 reached for 'Comirnaty'
BA_002679,File:Phamacie EPHRATA.jpg,prefiltered,,,,,per-term cap 24 reached for 'Category:Pharmaceutical products'
BA_002680,File:Pharma Locker at Drug Sugi Higashi-Osaka Kusune.jpg,prefiltered,,,,,per-term cap 24 reached for 'Category:Pharmaceutical products'
BA_002681,File:Pharma-2bluebottles hg.jpg,prefiltered,,,,,per-term cap 24 reached for 'Category:Pharmaceutical products'
BA_002682,File:Pharmaceutica-1950th hg.jpg,prefiltered,,,,,per-term cap 24 reached for 'Category:Pharmaceutical products'
BA_002683,File:Pharmaceutical Blister Pack b.png,prefiltered,,,,,per-term cap 24 reached for 'Category:Blister packs'
BA_002684,File:Pharmaceutical Blister Pack.png,prefiltered,,,,,per-term cap 24 reached for 'Category:Blister packs'
BA_002685,File:Pharmaceutical drug.jpg,prefiltered,,,,,per-term cap 24 reached for 'Category:Pharmaceutical products'
BA_002686,File:Pharmaceutical drugs and protections.jpg,prefiltered,,,,,per-term cap 24 reached for 'Category:Pharmaceutical products'
BA_002687,File:Pharmacie Ste Adele.jpg,prefiltered,,,,,per-term cap 24 reached for 'Category:Pharmaceutical products'
BA_002688,File:Pharmacie Vie Nouvelle.jpg,prefiltered,,,,,per-term cap 24 reached for 'Category:Pharmaceutical products'
BA_002689,File:Pharmacie in Paulista Avenue.jpg,prefiltered,,,,,per-term cap 24 reached for 'pharmaceutical packaging photograph'
BA_002690,File:Pharmacist Drug Symbol 2.png,prefiltered,,,,,native short side 237 px
BA_002691,File:Pharmacist Drug Symbol.png,prefiltered,,,,,native short side 237 px
BA_002692,File:Pharmacopoeia Collegii Regalis Medicorum Londonensis. Wellcome L0004949.jpg,prefiltered,,,,,per-term cap 24 reached for 'Category:Pharmaceutical products'
BA_002693,"File:Pharmacopoeia Londinensis Collegarum, title page. Wellcome L0004054.jpg",prefiltered,,,,,per-term cap 24 reached for 'Category:Pharmaceutical products'
BA_002694,File:Pharmacy Museum in Bratislava 4.JPG,prefiltered,,,,,per-term cap 24 reached for 'Category:Medicine bottles'
BA_002695,File:Pharmacy Museum in Bratislava 5.jpg,prefiltered,,,,,per-term cap 24 reached for 'Category:Medicine bottles'
BA_002696,File:Pharmacy label Savory & Moores Fructole Wellcome L0050384.jpg,prefiltered,,,,,per-term cap 24 reached for 'Category:Pharmaceutical products'
BA_002697,"File:Pharmacy,glass.JPG",prefiltered,,,,,per-term cap 24 reached for 'Category:Pharmaceutical products'
BA_002698,File:Pharmacy-bottle-009 hg.jpg,prefiltered,,,,,per-term cap 24 reached for 'Category:Pharmaceutical products'
BA_002699,File:Pharmacy-bottle-01 hg.jpg,prefiltered,,,,,per-term cap 24 reached for 'Category:Pharmaceutical products'
BA_002700,File:Pharmacy-bottle-010 hg.jpg,prefiltered,,,,,per-term cap 24 reached for 'Category:Pharmaceutical products'
BA_002701,File:Pharmacy-bottle-011 hg.jpg,prefiltered,,,,,per-term cap 24 reached for 'Category:Pharmaceutical products'
BA_002702,File:Pharmacy-bottle-012 hg.jpg,prefiltered,,,,,per-term cap 24 reached for 'Category:Pharmaceutical products'
BA_002703,File:Pharmacy-bottle-013 hg.jpg,prefiltered,,,,,per-term cap 24 reached for 'Category:Pharmaceutical products'
BA_002704,File:Pharmacy-bottle-02 hg.jpg,prefiltered,,,,,per-term cap 24 reached for 'Category:Pharmaceutical products'
BA_002705,File:Pharmacy-bottle-03 hg.jpg,prefiltered,,,,,per-term cap 24 reached for 'Category:Pharmaceutical products'
BA_002706,File:Pharmacy-bottle-04 hg.jpg,prefiltered,,,,,per-term cap 24 reached for 'Category:Pharmaceutical products'
BA_002707,File:Pharmacy-bottle-05 hg.jpg,prefiltered,,,,,per-term cap 24 reached for 'Category:Pharmaceutical products'
BA_002708,File:Pharmacy-bottle-06 hg.jpg,prefiltered,,,,,per-term cap 24 reached for 'Category:Pharmaceutical products'
BA_002709,File:Pharmacy-bottle-07 hg.jpg,prefiltered,,,,,per-term cap 24 reached for 'Category:Pharmaceutical products'
BA_002710,File:Pharmacy-bottle-08 hg.jpg,prefiltered,,,,,per-term cap 24 reached for 'Category:Pharmaceutical products'
BA_002711,File:Pharmacy-bottle-jugenstil-1 hg.jpg,prefiltered,,,,,per-term cap 24 reached for 'Category:Medicine bottles'
BA_002712,File:Pharmacy-bottle-jugenstil-2 hg.jpg,prefiltered,,,,,per-term cap 24 reached for 'Category:Medicine bottles'
BA_002713,File:Pharmacy-bottle-jugenstil-3 hg.jpg,prefiltered,,,,,per-term cap 24 reached for 'Category:Medicine bottles'
BA_002714,File:Pharmacy-bottle-jugenstil-4 hg.jpg,prefiltered,,,,,per-term cap 24 reached for 'Category:Medicine bottles'
BA_002715,File:Pharmacy-bottles-blue hg.jpg,prefiltered,,,,,per-term cap 24 reached for 'Category:Medicine bottles'
BA_002716,File:Pharmacy-bottles-green hg.jpg,prefiltered,,,,,per-term cap 24 reached for 'Category:Medicine bottles'
BA_002717,File:Pharmacy; Bear's grease for hair Wellcome M0018240.jpg,prefiltered,,,,,per-term cap 24 reached for 'Category:Pharmaceutical products'
BA_002718,File:Pharmaton Ailesi .png,prefiltered,,,,,native short side 290 px
BA_002719,File:Pharmazeutische Flaschen aus Behälterglas.jpg,prefiltered,,,,,per-term cap 24 reached for 'Category:Pharmaceutical products'
BA_002720,File:Phenazopyridine pill.jpg,prefiltered,,,,,per-term cap 24 reached for 'Category:Tablets (pharmacy)'
BA_002721,File:Phenazopyridine.jpg,prefiltered,,,,,per-term cap 24 reached for 'Category:Tablets (pharmacy)'
BA_002722,File:PhenazopyridineHClTablet-20121214-Combined.png,prefiltered,,,,,per-term cap 24 reached for 'blister pack tablets'
BA_002723,File:Phenergan 25mg tablets (UK).jpg,prefiltered,,,,,per-term cap 24 reached for 'pharmaceutical packaging photograph'
BA_002724,File:Phenobarbital 3D xtal ball.png,prefiltered,,,,,per-term cap 24 reached for 'phenobarbital'
BA_002725,File:Phenobarbital Enzyminduktion.jpg,prefiltered,,,,,native short side 194 px
BA_002726,File:Phenobarbital ball-and-stick.png,prefiltered,,,,,per-term cap 24 reached for 'phenobarbital'
BA_002727,File:Phenobarbital synthesis 2.png,prefiltered,,,,,title/credit names 'synthesis'
BA_002728,File:Phenobarbital synthesis.png,prefiltered,,,,,title/credit names 'synthesis'
BA_002729,"File:Phenobarbital, Фенобарбитал (Люминал).jpg",prefiltered,,,,,per-term cap 24 reached for 'phenobarbital'
BA_002730,File:Phenobarbital.png,prefiltered,,,,,per-term cap 24 reached for 'phenobarbital'
BA_002731,File:Phenobarbital3d updated.png,prefiltered,,,,,per-term cap 24 reached for 'phenobarbital'
BA_002732,File:Phenobarbital3d.png,prefiltered,,,,,per-term cap 24 reached for 'phenobarbital'
BA_002733,File:PhenobarbitalSynthesis.png,prefiltered,,,,,per-term cap 24 reached for 'phenobarbital'
BA_002734,File:Phenobarbitone.jpg,prefiltered,,,,,native short side 240 px
BA_002736,File:Phenotropil.jpg,prefiltered,,,,,per-term cap 24 reached for 'Category:Blister packs'
BA_002737,File:Phenoxymethylpenicillin ball-and-stick.png,prefiltered,,,,,per-term cap 24 reached for 'penicillin V'
BA_002738,File:Phenoxymethylpenicillin-from-xtal-3D-bs-17.png,prefiltered,,,,,per-term cap 24 reached for 'penicillin V'
BA_002739,File:Phenoxymethylpenicillin-from-xtal-3D-sf.png,prefiltered,,,,,per-term cap 24 reached for 'penicillin V'
BA_002740,File:Phiole.ohne.Deckel.Comirnaty.P1127604.jpg,prefiltered,,,,,per-term cap 24 reached for 'Comirnaty'
BA_002741,File:Photograph by Amy Conner (6077206458).jpg,prefiltered,,,,,per-term cap 24 reached for 'Category:Pharmaceutical products'
BA_002742,"File:Photographic atlas of the diseases of the skin; a series of ninety-six plates, comprising nearly two hundred illustrations, with descriptive text, and a treatise on cutaneous therapeutics (1905) (14597094347).jpg",prefiltered,,,,,per-term cap 24 reached for 'Category:Pharmaceutical products'
BA_002743,"File:Photographic atlas of the diseases of the skin; a series of ninety-six plates, comprising nearly two hundred illustrations, with descriptive text, and a treatise on cutaneous therapeutics (1905) (14760614486).jpg",prefiltered,,,,,per-term cap 24 reached for 'Category:Pharmaceutical products'
BA_002744,File:Pildora lighht.JPG,prefiltered,,,,,per-term cap 24 reached for 'Category:Blister packs'
BA_002745,File:Pildoras trifasicas.JPG,prefiltered,,,,,per-term cap 24 reached for 'Category:Blister packs'
BA_002746,File:Pill 3.jpg,prefiltered,,,,,per-term cap 24 reached for 'Category:Blister packs'
BA_002747,File:Pill Bottle Spilled.jpg,prefiltered,,,,,per-term cap 24 reached for 'Category:Medicine bottles'
BA_002748,File:Pill Bottle SpilledNo.jpg,prefiltered,,,,,per-term cap 24 reached for 'Category:Medicine bottles'
BA_002749,File:Pill Bottle of Assorted Pills.JPG,prefiltered,,,,,per-term cap 24 reached for 'Category:Medicine bottles'
BA_002753,"File:Pill cutter, England, 1701-1800 Wellcome L0058978.jpg",prefiltered,,,,,per-term cap 24 reached for 'Category:Pharmaceutical products'
BA_002754,File:Pill splitter 1.jpg,prefiltered,,,,,per-term cap 24 reached for 'Category:Tablets (pharmacy)'
BA_002755,File:Pill splitter 2.jpg,prefiltered,,,,,per-term cap 24 reached for 'Category:Tablets (pharmacy)'
BA_002756,File:Pillpacketopen.jpg,prefiltered,,,,,native short side 170 px
BA_002757,File:Pills (52880589024).jpg,prefiltered,,,,,per-term cap 24 reached for 'Category:Tablets (pharmacy)'
BA_002758,File:Pills On The Floor With Bottle (44490693495).jpg,prefiltered,,,,,per-term cap 24 reached for 'Category:Medicine bottles'
BA_002760,File:Pills and medicines 01.jpg,prefiltered,,,,,per-term cap 24 reached for 'Category:Blister packs'
BA_002761,File:Pills and medicines 02.jpg,prefiltered,,,,,per-term cap 24 reached for 'Category:Blister packs'
BA_002762,File:Pills counting.jpg,prefiltered,,,,,per-term cap 24 reached for 'Category:Medicine bottles'
BA_002763,File:Pills in blister pack.jpg,prefiltered,,,,,per-term cap 24 reached for 'Category:Blister packs'
BA_002764,File:Pills. (2322167178).jpg,prefiltered,,,,,per-term cap 24 reached for 'oxycodone OxyContin'
BA_002765,File:Pilule contraceptive.jpg,prefiltered,,,,,per-term cap 24 reached for 'Category:Blister packs'
BA_002766,File:Pimobendan.jpg,prefiltered,,,,,per-term cap 24 reached for 'Category:Tablets (pharmacy)'
BA_002767,File:Pink Amoxicillin Pills (875 mg) (RX 763) (31253739).jpg,prefiltered,,,,,per-term cap 24 reached for 'Augmentin'
BA_002770,File:Pioneer RQ-2A UAV - DPLA - 39ae1debb9104de2cf6865743a07d180 (page 3).jpg,prefiltered,,,,,per-term cap 24 reached for 'drug packaging box'
BA_002771,File:Pioneer RQ-2A UAV - DPLA - 39ae1debb9104de2cf6865743a07d180 (page 4).jpg,prefiltered,,,,,per-term cap 24 reached for 'drug packaging box'
BA_002772,File:Pioneer RQ-2A UAV - DPLA - 39ae1debb9104de2cf6865743a07d180 (page 5).jpg,prefiltered,,,,,per-term cap 24 reached for 'drug packaging box'
BA_002773,File:Pioneer RQ-2A UAV - DPLA - 39ae1debb9104de2cf6865743a07d180 (page 6).jpg,prefiltered,,,,,per-term cap 24 reached for 'drug packaging box'
BA_002774,File:Piracetam tablets.jpg,prefiltered,,,,,per-term cap 24 reached for 'blister pack tablets'
BA_002775,File:Piracetam.jpg,prefiltered,,,,,per-term cap 24 reached for 'Category:Blister packs'
BA_002776,File:Plaque counter.jpg,prefiltered,,,,,per-term cap 24 reached for 'human normal immunoglobulin'
BA_002777,File:Plaquettes de pilule.jpg,prefiltered,,,,,per-term cap 24 reached for 'Category:Blister packs'
BA_002778,"File:Play, TF-PPD, Airbus A320-251N (52343500734).jpg",prefiltered,,,,,per-term cap 24 reached for 'propylene glycol'
BA_002779,File:Playboy Bunny.jpg,prefiltered,,,,,per-term cap 24 reached for 'Category:Tablets (pharmacy)'
BA_002781,File:Po Chai Pills.JPG,prefiltered,,,,,per-term cap 24 reached for 'pharmaceutical packaging photograph'
BA_002782,File:Po chai pills.jpg,prefiltered,,,,,per-term cap 24 reached for 'Category:Medicine bottles'
BA_002784,File:Poison.jpg,prefiltered,,,,,per-term cap 24 reached for 'Category:Medicine bottles'
BA_002785,"File:Polish Chlorprothixen Zentiva (chlorprothixene) tablets, 50 mg.jpg",prefiltered,,,,,per-term cap 24 reached for 'blister pack tablets'
BA_002786,"File:Polish Doxepin Pilva (doxepine) tablets, 10 and 25 mg.jpg",prefiltered,,,,,per-term cap 24 reached for 'blister pack tablets'
BA_002787,"File:Polish Hydroxizinum Espefa (hydroxizine) tablets, 25 mg.jpg",prefiltered,,,,,per-term cap 24 reached for 'blister pack tablets'
BA_002788,"File:Polish Mirzaten (mirtazapine) tablets, 30 mg.jpg",prefiltered,,,,,per-term cap 24 reached for 'blister pack tablets'
BA_002789,"File:Polish Neurotop Retard (carbamazepine) tablets, 600 mg.jpg",prefiltered,,,,,per-term cap 24 reached for 'blister pack tablets'
BA_002790,"File:Polish Pernazinum (perazine) tablets, 100 mg.jpg",prefiltered,,,,,per-term cap 24 reached for 'blister pack tablets'
BA_002791,File:Pop life (5517839272).jpg,prefiltered,,,,,per-term cap 24 reached for 'Category:Medicine bottles'
BA_002792,"File:Portland Gate, Leeds - geograph.org.uk - 5074927.jpg",prefiltered,,,,,per-term cap 24 reached for 'Category:Medicine bottles'
BA_002793,"File:Portland Gate, Leeds - geograph.org.uk - 5074930.jpg",prefiltered,,,,,per-term cap 24 reached for 'Category:Medicine bottles'
BA_002794,File:Portrait einer Apothekersgattin IMG 0016.jpg,prefiltered,,,,,title/credit names 'Portrait'
BA_002796,File:Posumon-hongkong-allcontents.jpg,prefiltered,,,,,per-term cap 24 reached for 'Category:Pharmaceutical products'
BA_002797,File:Potassium Iodide Pills BE 2019 (2).jpg,prefiltered,,,,,per-term cap 24 reached for 'Category:Blister packs'
BA_002798,File:Potassium Iodide Pills BE 2019 (3).jpg,prefiltered,,,,,per-term cap 24 reached for 'Category:Blister packs'
BA_002799,File:Potassium Iodide Pills+Folder BE 2019.png,prefiltered,,,,,per-term cap 24 reached for 'Category:Blister packs'
BA_002801,File:Potjeslatijn.jpg,prefiltered,,,,,per-term cap 24 reached for 'Category:Medicine bottles'
BA_002802,File:Pots à pharmacie-Musée Henri-Mathieu de Bruyères (1).jpg,prefiltered,,,,,per-term cap 24 reached for 'Category:Medicine bottles'
BA_002803,File:Pots à pharmacie-Musée Henri-Mathieu de Bruyères (2).jpg,prefiltered,,,,,per-term cap 24 reached for 'Category:Medicine bottles'
BA_002804,File:Pots à pharmacie-Musée Henri-Mathieu de Bruyères (3).jpg,prefiltered,,,,,per-term cap 24 reached for 'Category:Medicine bottles'
BA_002805,"File:Powder packets in exposition History of making of drugs in Kuks Hospital in Kuks, Trutnov District.jpg",prefiltered,,,,,per-term cap 24 reached for 'Category:Tablets (pharmacy)'
BA_002806,File:Ppd 34 38 40.JPG,prefiltered,,,,,per-term cap 24 reached for 'propylene glycol'
BA_002807,File:Pramolan PL photo.jpg,prefiltered,,,,,per-term cap 24 reached for 'Category:Blister packs'
BA_002808,File:Praziquantel.jpg,prefiltered,,,,,per-term cap 24 reached for 'Category:Medicine bottles'
BA_002809,File:Prednisone.jpg,prefiltered,,,,,native short side 250 px
BA_002810,File:Predonine 5mg日本発売品プレドニン5mg.jpg,prefiltered,,,,,per-term cap 24 reached for 'Category:Blister packs'
BA_002811,File:Pregabalinum (blister pack back).jpg,prefiltered,,,,,per-term cap 24 reached for 'Category:Blister packs'
BA_002812,File:Pregabalinum (blister pack front).jpg,prefiltered,,,,,per-term cap 24 reached for 'Category:Blister packs'
BA_002813,"File:Premo, sleeping pill, Pharmaceutical Laboratories, Inc (NBY 8231).jpg",prefiltered,,,,,per-term cap 24 reached for 'phenobarbital'
BA_002814,File:Prenatal vitamin tablets.jpg,prefiltered,,,,,per-term cap 24 reached for 'Category:Medicine bottles'
BA_002815,File:Prescription bottle humor.jpg,prefiltered,,,,,per-term cap 24 reached for 'Category:Medicine bottles'
BA_002816,File:Prescription drug abuse pulverizes mission readiness 140812-M-TA826-006.jpg,prefiltered,,,,,per-term cap 24 reached for 'Category:Pharmaceutical products'
BA_002817,File:Prescription drug abuse pulverizes mission readiness 140812-M-TA826-063.jpg,prefiltered,,,,,per-term cap 24 reached for 'Category:Pharmaceutical products'
BA_002818,File:Prescription drug abuse pulverizes mission readiness 140812-M-TA826-088.jpg,prefiltered,,,,,per-term cap 24 reached for 'Category:Pharmaceutical products'
BA_002819,File:Prescription form of Japan.jpg,prefiltered,,,,,per-term cap 24 reached for 'Category:Pharmaceutical products'
BA_002820,File:Prescription pasted on a pack of drug.jpg,prefiltered,,,,,per-term cap 24 reached for 'Category:Pharmaceutical products'
BA_002821,"File:President Joe Biden and Senator Bernie Sanders (I-VT) acknowledge the crowd after the President's remarks on efforts to lower the cost of prescription drugs on October 22, 2024, at NHTI Community College in Concord, New Hampshire.jpg",prefiltered,,,,,per-term cap 24 reached for 'Category:Pharmaceutical products'
BA_002822,"File:President Joe Biden and Senator Bernie Sanders (I-VT) after the President's remarks on efforts to lower the cost of prescription drugs on October 22, 2024, at NHTI Community College in Concord, New Hampshire (cropped).jpg",prefiltered,,,,,per-term cap 24 reached for 'Category:Pharmaceutical products'
BA_002823,File:President Joe Biden and Senator Bernie Sanders at NHTI Community College in Concord.jpg,prefiltered,,,,,per-term cap 24 reached for 'Category:Pharmaceutical products'
BA_002827,File:Press through pack tablets01.jpg,prefiltered,,,,,per-term cap 24 reached for 'blister pack tablets'
BA_002828,File:Press through pack tablets02.jpg,prefiltered,,,,,per-term cap 24 reached for 'Category:Blister packs'
BA_002829,File:Pretty Pink & Green Love Heart free Creative Commons (4167161170).jpg,prefiltered,,,,,per-term cap 24 reached for 'Category:Pharmaceutical products'
BA_002830,File:Primer cargo COVAX Argentina 01.jpg,prefiltered,,,,,per-term cap 24 reached for 'Covishield'
BA_002831,File:Primer cargo COVAX Argentina 02.jpg,prefiltered,,,,,per-term cap 24 reached for 'Covishield'
BA_002832,File:Primer cargo COVAX Argentina 03.jpg,prefiltered,,,,,per-term cap 24 reached for 'Covishield'
BA_002833,File:Pristiq pills.jpg,prefiltered,,,,,per-term cap 24 reached for 'Category:Medicine bottles'
BA_002834,File:Probiotic Supplements (13621543955).png,prefiltered,,,,,per-term cap 24 reached for 'Category:Medicine bottles'
BA_002835,File:Products of Otsuka Pharmaceutical.jpg,prefiltered,,,,,per-term cap 24 reached for 'Category:Pharmaceutical products'
BA_002836,File:Progynova (estradiol valerate) tablets in Thailand.jpg,prefiltered,,,,,per-term cap 24 reached for 'blister pack tablets'
BA_002837,File:Progynova (estradiol valerate) tablets in the Chinese mainland.jpg,prefiltered,,,,,per-term cap 24 reached for 'blister pack tablets'
BA_002838,File:Progynova (estradiol valerate) tablets in the United Kingdom.jpg,prefiltered,,,,,per-term cap 24 reached for 'blister pack tablets'
BA_002839,File:Promazin.JPG,prefiltered,,,,,per-term cap 24 reached for 'Category:Medicine bottles'
BA_002840,File:Promazin2.JPG,prefiltered,,,,,per-term cap 24 reached for 'Category:Medicine bottles'
BA_002841,File:Propanorm 150 mg tbl.jpg,prefiltered,,,,,per-term cap 24 reached for 'Category:Blister packs'
BA_002842,File:Propecia Bottle and pills.jpg,prefiltered,,,,,per-term cap 24 reached for 'Category:Medicine bottles'
BA_002843,File:Propecia Bottle closeup.jpg,prefiltered,,,,,per-term cap 24 reached for 'Category:Medicine bottles'
BA_002844,File:Propecia box and tablet.jpg,prefiltered,,,,,per-term cap 24 reached for 'blister pack tablets'
BA_002857,File:Propofol 13.jpg,prefiltered,,,,,per-term cap 24 reached for 'propofol Diprivan'
BA_002858,File:Propofol 14.jpg,prefiltered,,,,,per-term cap 24 reached for 'propofol Diprivan'
BA_002859,File:Propofol 15.jpg,prefiltered,,,,,per-term cap 24 reached for 'propofol Diprivan'
BA_002860,File:Propofol 16.jpg,prefiltered,,,,,per-term cap 24 reached for 'propofol Diprivan'
BA_002861,File:Propofol 17.jpg,prefiltered,,,,,per-term cap 24 reached for 'propofol Diprivan'
BA_002862,File:Propofol 18.jpg,prefiltered,,,,,per-term cap 24 reached for 'propofol Diprivan'
BA_002863,File:Propofol 19.jpg,prefiltered,,,,,per-term cap 24 reached for 'propofol Diprivan'
BA_002864,File:Propofol 20.jpg,prefiltered,,,,,per-term cap 24 reached for 'propofol Diprivan'
BA_002865,File:Propofol 21.jpg,prefiltered,,,,,per-term cap 24 reached for 'propofol Diprivan'
BA_002866,File:Propofol 22.jpg,prefiltered,,,,,per-term cap 24 reached for 'propofol Diprivan'
BA_002867,File:Propofol 23.jpg,prefiltered,,,,,per-term cap 24 reached for 'propofol Diprivan'
BA_002868,File:Propofol 24.jpg,prefiltered,,,,,per-term cap 24 reached for 'propofol Diprivan'
BA_002869,File:Propofol 25.jpg,prefiltered,,,,,per-term cap 24 reached for 'propofol Diprivan'
BA_002870,File:Propofol 26.jpg,prefiltered,,,,,per-term cap 24 reached for 'propofol Diprivan'
BA_002871,File:Propofol 27.jpg,prefiltered,,,,,per-term cap 24 reached for 'propofol Diprivan'
BA_002872,File:Propofol 28.jpg,prefiltered,,,,,per-term cap 24 reached for 'propofol Diprivan'
BA_002873,File:Propofol 29.jpg,prefiltered,,,,,per-term cap 24 reached for 'propofol Diprivan'
BA_002874,File:Propofol 30.jpg,prefiltered,,,,,per-term cap 24 reached for 'propofol Diprivan'
BA_002875,File:Propofol 3d Ball and stick.png,prefiltered,,,,,per-term cap 24 reached for 'propofol Diprivan'
BA_002876,File:Propofol ball-and-stick model from xtal 2014.png,prefiltered,,,,,per-term cap 24 reached for 'propofol Diprivan'
BA_002877,File:Propofol molecule ball.png,prefiltered,,,,,per-term cap 24 reached for 'propofol Diprivan'
BA_002878,File:Propofol molecule spacefill.png,prefiltered,,,,,per-term cap 24 reached for 'propofol Diprivan'
BA_002879,File:Propofol-hemisuccinate structure.png,prefiltered,,,,,title/credit names 'structure'
BA_002880,File:Propofol-skeletal.png,prefiltered,,,,,title/credit names 'skeletal'
BA_002881,File:Propofol.jpeg,prefiltered,,,,,per-term cap 24 reached for 'propofol Diprivan'
BA_002882,File:Propofol.jpg,prefiltered,,,,,native short side 287 px
BA_002883,File:Propofol2021.jpg,prefiltered,,,,,per-term cap 24 reached for 'propofol Diprivan'
BA_002886,File:Propofol3d.png,prefiltered,,,,,per-term cap 24 reached for 'propofol Diprivan'
BA_002887,File:Propranolol-40.jpg,prefiltered,,,,,per-term cap 24 reached for 'pharmaceutical packaging photograph'
BA_002888,File:Propylene glycol chemical structure.png,prefiltered,,,,,title/credit names 'chemical'
BA_002889,File:Propylene glycol stereoisomers v.1.png,prefiltered,,,,,per-term cap 24 reached for 'propylene glycol'
BA_002890,File:Propylene-glycol-3D-balls.png,prefiltered,,,,,per-term cap 24 reached for 'propylene glycol'
BA_002891,File:PropyleneGlycol-spaceFill.png,prefiltered,,,,,per-term cap 24 reached for 'propylene glycol'
BA_002892,File:PropyleneGlycol-stickAndBall.png,prefiltered,,,,,per-term cap 24 reached for 'propylene glycol'
BA_002893,File:Prothazin 25 mg tbl.jpg,prefiltered,,,,,per-term cap 24 reached for 'Category:Blister packs'
BA_002894,File:Prothesenzahnbuerste.JPG,prefiltered,,,,,per-term cap 24 reached for 'Category:Blister packs'
BA_002896,File:Prozac pills cropped.jpg,prefiltered,,,,,per-term cap 24 reached for 'Category:Medicine bottles'
BA_002897,File:Prozac pills.jpg,prefiltered,,,,,per-term cap 24 reached for 'Category:Medicine bottles'
BA_002898,File:Prozac.jpg,prefiltered,,,,,per-term cap 24 reached for 'Category:Blister packs'
BA_002899,File:Pseudoephedrine blister package.jpg,prefiltered,,,,,per-term cap 24 reached for 'Category:Blister packs'
BA_002900,File:Psychiatric Medication.jpg,prefiltered,,,,,per-term cap 24 reached for 'Category:Medicine bottles'
BA_002901,File:Psychoactive Drugs.jpg,prefiltered,,,,,per-term cap 24 reached for 'Category:Tablets (pharmacy)'
BA_002902,File:Publicité tunisie médicale.png,prefiltered,,,,,per-term cap 24 reached for 'Category:Pharmaceutical products'
BA_002903,File:PuckMagazine4Mar1903.jpg,prefiltered,,,,,per-term cap 24 reached for 'Category:Medicine bottles'
BA_002904,"File:Pudin Hara tablets (India, 2026) 01.jpg",prefiltered,,,,,per-term cap 24 reached for 'Category:Tablets (pharmacy)'
BA_002905,"File:Pudin Hara tablets (India, 2026) 02.jpg",prefiltered,,,,,per-term cap 24 reached for 'Category:Tablets (pharmacy)'
BA_002906,File:Punainen Risti logistiikkakeskus Kalkku (33).JPG,prefiltered,,,,,per-term cap 24 reached for 'Category:Pharmaceutical products'
BA_002907,File:Punainen Risti logistiikkakeskus Kalkku (38).JPG,prefiltered,,,,,per-term cap 24 reached for 'Category:Pharmaceutical products'
BA_002908,File:Putting eye drop.jpg,prefiltered,,,,,per-term cap 24 reached for 'Category:Pharmaceutical products'
BA_002909,File:Pv diverter relais example1 (f1atb).png,prefiltered,,,,,native short side 200 px
BA_002910,File:Pv diverter relais example2 (f1atb).png,prefiltered,,,,,native short side 200 px
BA_002911,File:Píldora del día después.jpg,prefiltered,,,,,per-term cap 24 reached for 'Category:Blister packs'
BA_002912,File:Pílula do dia seguinte.jpg,prefiltered,,,,,per-term cap 24 reached for 'Category:Blister packs'
BA_002913,File:Płyn Burowa.jpg,prefiltered,,,,,per-term cap 24 reached for 'Category:Pharmaceutical products'
BA_002915,File:Quetiapin.jpg,prefiltered,,,,,per-term cap 24 reached for 'Category:Blister packs'
BA_002931,File:Quinine molecule.jpg,prefiltered,,,,,native short side 202 px
BA_002932,File:Quinine numbering and stereocenters.jpg,prefiltered,,,,,native short side 184 px
BA_002935,File:Quinine structure.png,prefiltered,,,,,title/credit names 'structure'
BA_002938,File:Quinine-3D-sticks-skeletal.png,prefiltered,,,,,title/credit names 'skeletal'
BA_002939,File:Quinine-3D-sticks.png,prefiltered,,,,,per-term cap 24 reached for 'quinine sulfate'
BA_002940,File:Quinine-3D-vdW.png,prefiltered,,,,,per-term cap 24 reached for 'quinine sulfate'
BA_002941,File:Quinine-cinchonidine2.png,prefiltered,,,,,native short side 195 px
BA_002942,File:QuinineClaisen.png,prefiltered,,,,,per-term cap 24 reached for 'quinine sulfate'
BA_002943,File:QuinineLactoneSynthesis.png,prefiltered,,,,,per-term cap 24 reached for 'quinine sulfate'
BA_002944,File:QuinineOverview.png,prefiltered,,,,,per-term cap 24 reached for 'quinine sulfate'
BA_002945,File:QuininePasteur.png,prefiltered,,,,,per-term cap 24 reached for 'quinine sulfate'
BA_002946,File:QuininePerkinsAttempt.png,prefiltered,,,,,per-term cap 24 reached for 'quinine sulfate'
BA_002947,File:QuinineRabeKindler.png,prefiltered,,,,,per-term cap 24 reached for 'quinine sulfate'
BA_002948,File:QuinineRabeKindlerIIRev.png,prefiltered,,,,,per-term cap 24 reached for 'quinine sulfate'
BA_002949,File:QuinineStork0.png,prefiltered,,,,,per-term cap 24 reached for 'quinine sulfate'
BA_002950,File:QuinineStorkSummary.png,prefiltered,,,,,per-term cap 24 reached for 'quinine sulfate'
BA_002954,File:RCA atherosclerosis.jpg,prefiltered,,,,,per-term cap 24 reached for 'phenobarbital'
BA_002957,File:Racécadotril Biogaran 100mg.jpg,prefiltered,,,,,per-term cap 24 reached for 'Category:Blister packs'
BA_002958,"File:Radar Plot from Station Opana, Pearl Harbor, Hawaii - DPLA - 56deca9447368786b888b6e5641c586b.jpg",prefiltered,,,,,title/credit names 'Plot'
BA_002959,"File:Radar Plot from Station Opana, Pearl Harbor, Hawaii - NARA - 2600930.jpg",prefiltered,,,,,title/credit names 'Plot'
BA_002960,File:Rader Clinic unveils MedSafe to protect prescription drug beneficiaries 160307-A-DZ999-249.jpg,prefiltered,,,,,per-term cap 24 reached for 'Category:Pharmaceutical products'
BA_002961,File:Radithor bottle (25799475341).jpg,prefiltered,,,,,per-term cap 24 reached for 'Category:Medicine bottles'
BA_002962,File:Rajkumari Amrit Kaur receiving penicillin cases.jpg,prefiltered,,,,,per-term cap 24 reached for 'penicillin V'
BA_002963,File:Ranitidine.JPG,prefiltered,,,,,per-term cap 24 reached for 'Category:Blister packs'
BA_002964,File:Rash of amoxicillin use during EBV infection.jpg,prefiltered,,,,,per-term cap 24 reached for 'amoxicillin'
BA_002965,File:Raylab-branded LP-E12 battery pack for Canon 03.jpg,prefiltered,,,,,per-term cap 24 reached for 'Category:Blister packs'
BA_002966,File:Rcm canadian gold bar obv.jpg,prefiltered,,,,,per-term cap 24 reached for 'Category:Blister packs'
BA_002967,File:Rcm gold bar the obv.png,prefiltered,,,,,per-term cap 24 reached for 'Category:Blister packs'
BA_002970,File:Rear kamagra100mg.JPG,prefiltered,,,,,per-term cap 24 reached for 'Category:Blister packs'
BA_002971,File:Recette du baume charitable.jpg,prefiltered,,,,,per-term cap 24 reached for 'Category:Pharmaceutical products'
BA_002975,File:Red 3 cps.jpg,prefiltered,,,,,per-term cap 24 reached for 'Category:Blister packs'
BA_002976,File:Red monkey ecstasy tablets.jpg,prefiltered,,,,,per-term cap 24 reached for 'Category:Tablets (pharmacy)'
BA_002977,File:Refresh Tears Lubricant Eye Drops.jpg,prefiltered,,,,,per-term cap 24 reached for 'Category:Pharmaceutical products'
BA_002978,File:Regular strength enteric coated aspirin tablets 2.jpg,prefiltered,,,,,per-term cap 24 reached for 'Category:Medicine bottles'
BA_002979,File:Regular strength enteric coated aspirin tablets.jpg,prefiltered,,,,,per-term cap 24 reached for 'Category:Medicine bottles'
BA_002980,File:Reiseapotheke aus dem Bestand des Deutschen Apothekenmuseums.JPG,prefiltered,,,,,per-term cap 24 reached for 'Category:Pharmaceutical products'
BA_002981,File:Remdesivir 3D structure.png,prefiltered,,,,,title/credit names 'structure'
BA_002988,File:Renault AX Tourer.jpg,prefiltered,,,,,per-term cap 24 reached for 'amoxicillin'
BA_002990,"File:Repaglinide box, 90 tablets.jpg",prefiltered,,,,,native short side 252 px
BA_002993,File:Reslin.jpg,prefiltered,,,,,per-term cap 24 reached for 'Category:Blister packs'
BA_002994,File:Resochin® Tabletten (Rückseite).jpg,prefiltered,,,,,per-term cap 24 reached for 'Category:Blister packs'
BA_002995,File:Retafer+.jpg,prefiltered,,,,,per-term cap 24 reached for 'Category:Blister packs'
BA_002996,File:Retro Earth brand pest control sprayer 2024 March 9.jpeg,prefiltered,,,,,per-term cap 24 reached for 'Category:Pharmaceutical products'
BA_002997,File:Rezulin.JPG,prefiltered,,,,,per-term cap 24 reached for 'Category:Medicine bottles'
BA_002998,File:Rhesus Rho (D) immunoglobulin ampoule.jpg,prefiltered,,,,,per-term cap 24 reached for 'human normal immunoglobulin'
BA_002999,File:Ribbon Cutting Ceremony 160613-F-CC601-013.jpg,prefiltered,,,,,per-term cap 24 reached for 'Category:Pharmaceutical products'
BA_003000,File:Ribbon Cutting Ceremony 160613-F-CC601-034.jpg,prefiltered,,,,,per-term cap 24 reached for 'Category:Pharmaceutical products'
BA_003001,File:Rigler Zeichen 71jm unklare Perforation.jpg,prefiltered,,,,,per-term cap 24 reached for 'phenobarbital'
BA_003002,"File:Rillieux-la-Pape - Musée Testut-Latarjet, produits pharmaceutiques à base de quinine ou d'arsenic.jpg",prefiltered,,,,,per-term cap 24 reached for 'quinine sulfate'
BA_003003,File:Ripasudil eye drop(JAPAN).jpg,prefiltered,,,,,per-term cap 24 reached for 'Category:Pharmaceutical products'
BA_003004,File:Risendros 35 mg tbl.jpg,prefiltered,,,,,per-term cap 24 reached for 'Category:Blister packs'
BA_003005,File:Risperdal tablets.jpg,prefiltered,,,,,per-term cap 24 reached for 'blister pack tablets'
BA_003006,File:Risperidone Quicklets.jpg,prefiltered,,,,,per-term cap 24 reached for 'Category:Blister packs'
BA_003007,File:Ritalin 10 mg tbl - 2.jpg,prefiltered,,,,,per-term cap 24 reached for 'Category:Blister packs'
BA_003008,File:Ritalin 10 mg tbl.jpg,prefiltered,,,,,per-term cap 24 reached for 'Category:Blister packs'
BA_003009,File:Ritalin 10mg tablets.jpg,prefiltered,,,,,per-term cap 24 reached for 'Category:Blister packs'
BA_003010,File:Ritalin LA bottle.jpg,prefiltered,,,,,per-term cap 24 reached for 'Category:Medicine bottles'
BA_003011,File:Ritalin LA 藥罐外觀 20160618.jpg,prefiltered,,,,,per-term cap 24 reached for 'Category:Medicine bottles'
BA_003012,File:Ritalin Uno Danish Version.jpg,prefiltered,,,,,per-term cap 24 reached for 'Category:Medicine bottles'
BA_003013,File:Ritalin-SR-20mg-1000x1000.jpg,prefiltered,,,,,per-term cap 24 reached for 'Category:Medicine bottles'
BA_003014,File:Ritalin-SR-20mg-full.jpg,prefiltered,,,,,per-term cap 24 reached for 'Category:Medicine bottles'
BA_003015,File:Robenacoxib blister package.jpg,prefiltered,,,,,per-term cap 24 reached for 'blister pack tablets'
BA_003017,"File:Rocaltrol 0,25 ug tbl.jpg",prefiltered,,,,,per-term cap 24 reached for 'Category:Blister packs'
BA_003018,File:Rohypnol2mg.jpg,prefiltered,,,,,per-term cap 24 reached for 'Category:Blister packs'
BA_003019,File:Roland AX-7.jpg,prefiltered,,,,,native short side 171 px
BA_003020,File:Rolaxifene.jpg,prefiltered,,,,,per-term cap 24 reached for 'Category:Medicine bottles'
BA_003021,File:Romigal.jpg,prefiltered,,,,,per-term cap 24 reached for 'Category:Pharmaceutical products'
BA_003022,File:Rosa Pillen A.jpg,prefiltered,,,,,per-term cap 24 reached for 'Category:Tablets (pharmacy)'
BA_003023,File:Rosa Pillen B.jpg,prefiltered,,,,,per-term cap 24 reached for 'Category:Tablets (pharmacy)'
BA_003024,File:RoscheiderHof-ladengasse-apotheke-2003-1.jpg,prefiltered,,,,,per-term cap 24 reached for 'Category:Medicine bottles'
BA_003025,File:Rosuvastatin Teva Pharma 20 mg tbl.jpg,prefiltered,,,,,per-term cap 24 reached for 'Category:Blister packs'
BA_003026,File:Round off white unmarked tablet mdma h.jpg,prefiltered,,,,,per-term cap 24 reached for 'Category:Tablets (pharmacy)'
BA_003027,File:Roxycodone 30mg.jpg,prefiltered,,,,,per-term cap 24 reached for 'oxycodone OxyContin'
BA_003028,File:Ru-yi-oil.JPG,prefiltered,,,,,per-term cap 24 reached for 'Category:Pharmaceutical products'
BA_003029,File:Rupafin.jpg,prefiltered,,,,,per-term cap 24 reached for 'drug packaging box'
BA_003041,File:SA175 Moonta Medical Display (8246809492).jpg,prefiltered,,,,,per-term cap 24 reached for 'Category:Medicine bottles'
BA_003042,"File:SDI, Samarra - Dec 21, 2019 02.jpg",prefiltered,,,,,per-term cap 24 reached for 'pharmaceutical packaging photograph'
BA_003043,"File:SDI, Samarra - Dec 21, 2019 03.jpg",prefiltered,,,,,per-term cap 24 reached for 'pharmaceutical packaging photograph'
BA_003044,"File:SDI, Samarra - Dec 21, 2019 05.jpg",prefiltered,,,,,per-term cap 24 reached for 'pharmaceutical packaging photograph'
BA_003045,"File:SDI, Samarra - Dec 21, 2019 06.jpg",prefiltered,,,,,per-term cap 24 reached for 'pharmaceutical packaging photograph'
BA_003046,"File:SDI, Samarra - Dec 21, 2019 08.jpg",prefiltered,,,,,per-term cap 24 reached for 'pharmaceutical packaging photograph'
BA_003047,"File:SDI, Samarra - Dec 21, 2019 09.jpg",prefiltered,,,,,per-term cap 24 reached for 'pharmaceutical packaging photograph'
BA_003048,"File:SDI, Samarra - Dec 21, 2019 10.jpg",prefiltered,,,,,per-term cap 24 reached for 'pharmaceutical packaging photograph'
BA_003049,"File:SDI, Samarra - Dec 21, 2019 12.jpg",prefiltered,,,,,per-term cap 24 reached for 'pharmaceutical packaging photograph'
BA_003050,"File:SDI, Samarra - Dec 21, 2019 13.jpg",prefiltered,,,,,per-term cap 24 reached for 'pharmaceutical packaging photograph'
BA_003051,"File:SDI, Samarra - Dec 21, 2019 14.jpg",prefiltered,,,,,per-term cap 24 reached for 'pharmaceutical packaging photograph'
BA_003052,"File:SDI, Samarra - Dec 21, 2019 15.jpg",prefiltered,,,,,per-term cap 24 reached for 'pharmaceutical packaging photograph'
BA_003053,"File:SDI, Samarra - Dec 21, 2019 16.jpg",prefiltered,,,,,per-term cap 24 reached for 'pharmaceutical packaging photograph'
BA_003054,File:SELECT RESULTS GRAPH.png,prefiltered,,,,,title/credit names 'GRAPH'
BA_003056,"File:SII Covishield Bangalore, BESTpedia.jpg",prefiltered,,,,,per-term cap 24 reached for 'Covishield'
BA_003057,File:SOLIAN Amisulpride 200mg.jpg,prefiltered,,,,,per-term cap 24 reached for 'Category:Blister packs'
BA_003059,File:Saikokaryukotuboreitou.JPG,prefiltered,,,,,per-term cap 24 reached for 'Category:Pharmaceutical products'
BA_003060,File:Saikokaryukotuboreitou2.JPG,prefiltered,,,,,per-term cap 24 reached for 'Category:Pharmaceutical products'
BA_003061,File:Sal Hepatica by Bristol Myers Co (1909).jpg,prefiltered,,,,,per-term cap 24 reached for 'Category:Medicine bottles'
BA_003062,File:Saline solution.jpg,prefiltered,,,,,per-term cap 24 reached for 'Category:Pharmaceutical products'
BA_003063,File:Saline steripods.jpg,prefiltered,,,,,per-term cap 24 reached for 'Category:Pharmaceutical products'
BA_003064,File:Salofalk.jpg,prefiltered,,,,,per-term cap 24 reached for 'Category:Blister packs'
BA_003065,"File:Samples of cinchona bark, Quinquina Route Equateur, prepared Wellcome L0058850.jpg",prefiltered,,,,,per-term cap 24 reached for 'Category:Pharmaceutical products'
BA_003067,File:Sanofi Imovane 7½mg.JPG,prefiltered,,,,,per-term cap 24 reached for 'Category:Blister packs'
BA_003068,File:Sansounintou.JPG,prefiltered,,,,,per-term cap 24 reached for 'Category:Pharmaceutical products'
BA_003069,File:Sansounintou2.JPG,prefiltered,,,,,per-term cap 24 reached for 'Category:Pharmaceutical products'
BA_003070,File:Sante Beauteye (12028105744).jpg,prefiltered,,,,,per-term cap 24 reached for 'Category:Pharmaceutical products'
BA_003072,File:Saridon von Hoffmann-La Roche.jpg,prefiltered,,,,,per-term cap 24 reached for 'Category:Pharmaceutical products'
BA_003073,File:Saridon.jpg,prefiltered,,,,,per-term cap 24 reached for 'Category:Pharmaceutical products'
BA_003074,File:Satellite Pharmacy serves the KMC (7976141).jpg,prefiltered,,,,,per-term cap 24 reached for 'Category:Pharmaceutical products'
BA_003075,File:Schematic representation of gut-derived 5-HT biosynthesis and metabolism.png,prefiltered,,,,,per-term cap 24 reached for 'phenobarbital'
BA_003076,File:Schematic representation of tissue organization during optic vesicle evagination.jpg,prefiltered,,,,,per-term cap 24 reached for 'phenobarbital'
BA_003077,File:Schmerzmittel im Supermarkt Usa (45015201654).jpg,prefiltered,,,,,per-term cap 24 reached for 'Category:Pharmaceutical products'
BA_003079,File:Sealed bottle of Hewlett's Damian compound mixture prepared Wellcome L0059023.jpg,prefiltered,,,,,per-term cap 24 reached for 'medicine bottle label'
BA_003080,File:Sealed bottle of Hewlett's Damian compound mixture prepared Wellcome L0059024.jpg,prefiltered,,,,,per-term cap 24 reached for 'medicine bottle label'
BA_003081,File:Seattle-Chinese-pharmacy-4062.jpg,prefiltered,,,,,per-term cap 24 reached for 'Category:Pharmaceutical products'
BA_003082,File:Second Largest Border Meth Bust in History (50470528116).jpg,prefiltered,,,,,per-term cap 24 reached for 'drug packaging box'
BA_003083,File:Second Largest Border Meth Bust in History (50470528946).jpg,prefiltered,,,,,per-term cap 24 reached for 'drug packaging box'
BA_003084,File:Sediel Japan.jpg,prefiltered,,,,,per-term cap 24 reached for 'Category:Blister packs'
BA_003085,File:Sediel.jpg,prefiltered,,,,,per-term cap 24 reached for 'Category:Blister packs'
BA_003086,File:Sekakaytto.JPG,prefiltered,,,,,per-term cap 24 reached for 'diazepam'
BA_003087,File:Sekakaytto2.JPG,prefiltered,,,,,per-term cap 24 reached for 'diazepam'
BA_003088,File:Sekakäyttöö.jpg,prefiltered,,,,,per-term cap 24 reached for 'diazepam'
BA_003089,File:Semaglutide PDB=7ki0.png,prefiltered,,,,,title/credit names 'structure'
BA_003094,File:Seminarios de Innovación en Atención Primaria (Valencia 12 y 13-02-2027) logo. Seguridad del Paciente.png,prefiltered,,,,,title/credit names 'logo'
BA_003095,File:Senado Federal do Brasil Fotos produzidas pelo Senado (16913081808).jpg,prefiltered,,,,,per-term cap 24 reached for 'Category:Blister packs'
BA_003097,File:Septabene Medication.jpg,prefiltered,,,,,per-term cap 24 reached for 'Category:Blister packs'
BA_003098,File:Serenase.JPG,prefiltered,,,,,per-term cap 24 reached for 'Category:Blister packs'
BA_003099,File:Seretide250.jpg,prefiltered,,,,,per-term cap 24 reached for 'pharmaceutical packaging photograph'
BA_003101,File:Seroquel sales in China.jpg,prefiltered,,,,,per-term cap 24 reached for 'Category:Blister packs'
BA_003102,File:Seroquel100-2.jpg,prefiltered,,,,,per-term cap 24 reached for 'Category:Blister packs'
BA_003103,File:Seroquel100.jpg,prefiltered,,,,,per-term cap 24 reached for 'Category:Blister packs'
BA_003104,File:Serratia marcescens - antibiogram.jpg,prefiltered,,,,,per-term cap 24 reached for 'Augmentin'
BA_003105,File:Sevredol.jpg,prefiltered,,,,,per-term cap 24 reached for 'Category:Blister packs'
BA_003106,File:Shakuyakukanzoto.jpg,prefiltered,,,,,per-term cap 24 reached for 'Category:Pharmaceutical products'
BA_003107,"File:Sheraton medicine chest, Europe, 1720-1800 Wellcome L0058277.jpg",prefiltered,,,,,per-term cap 24 reached for 'medicine bottle label'
BA_003108,File:Shibuya-AX-01.jpg,prefiltered,,,,,per-term cap 24 reached for 'amoxicillin'
BA_003109,File:Shinbutou-真武湯PC062517.jpg,prefiltered,,,,,per-term cap 24 reached for 'Category:Pharmaceutical products'
BA_003110,File:Shipkisanon 200mg by Towa Pharmaceutical.jpg,prefiltered,,,,,per-term cap 24 reached for 'Category:Blister packs'
BA_003111,File:Showcard advertising Merital quinine compound tablets. Wellcome L0030506.jpg,prefiltered,,,,,per-term cap 24 reached for 'quinine sulfate'
BA_003112,File:Side Effects of Chemotherapy.png,prefiltered,,,,,per-term cap 24 reached for 'Category:Pharmaceutical products'
BA_003113,File:Side effects of Oxycodone.png,prefiltered,,,,,per-term cap 24 reached for 'oxycodone OxyContin'
BA_003114,File:Siku-Modell Lamborghini Gallardo Seitenansicht Blister 2017.jpg,prefiltered,,,,,per-term cap 24 reached for 'Category:Blister packs'
BA_003115,File:Siku-Modell Porsche 911 Turbo S Cabriolet im Blister 2022.jpg,prefiltered,,,,,per-term cap 24 reached for 'Category:Blister packs'
BA_003116,File:Silece-1.jpg,prefiltered,,,,,per-term cap 24 reached for 'Category:Pharmaceutical products'
BA_003117,File:Simethiconetablets.jpg,prefiltered,,,,,per-term cap 24 reached for 'Category:Blister packs'
BA_003118,File:Simeticone 40mg pack.jpg,prefiltered,,,,,per-term cap 24 reached for 'Category:Blister packs'
BA_003121,File:Siofor 500 mg tbl.jpg,prefiltered,,,,,per-term cap 24 reached for 'Category:Blister packs'
BA_003122,File:Sir W. Denison and others planting the first quinine tree in Wellcome V0010840.jpg,prefiltered,,,,,per-term cap 24 reached for 'quinine sulfate'
BA_003123,File:SirEphedrin.JPG,prefiltered,,,,,per-term cap 24 reached for 'Category:Medicine bottles'
BA_003124,File:Siranalen 75 mg cps.jpg,prefiltered,,,,,per-term cap 24 reached for 'Category:Blister packs'
BA_003125,File:Sirop de pommes du roi Sapor - musée HCL - chevrette - pharmacie à l'Hôtel-Dieu.jpg,prefiltered,,,,,per-term cap 24 reached for 'Category:Medicine bottles'
BA_003127,File:Slastion-Cossack boats reach Constantinople.jpg,prefiltered,,,,,native short side 163 px
BA_003133,File:Slastion-River Khorol (1907).jpg,prefiltered,,,,,per-term cap 24 reached for 'oxymorphone'
BA_003134,File:Slastion-Riverbank.jpg,prefiltered,,,,,per-term cap 24 reached for 'oxymorphone'
BA_003135,File:Slastion-Ros River.jpg,prefiltered,,,,,native short side 247 px
BA_003136,File:Slastion-Spring.jpg,prefiltered,,,,,per-term cap 24 reached for 'oxymorphone'
BA_003137,File:Small walnut(?) medicine chest with 2 hinged front sections Wellcome L0058987.jpg,prefiltered,,,,,per-term cap 24 reached for 'medicine bottle label'
BA_003138,File:Small walnut(?) medicine chest with 2 hinged front sections Wellcome L0058988.jpg,prefiltered,,,,,per-term cap 24 reached for 'medicine bottle label'
BA_003149,File:Soft-santear.jpg,prefiltered,,,,,per-term cap 24 reached for 'Category:Pharmaceutical products'
BA_003150,File:Soldiers and quinine Wellcome L0011631.jpg,prefiltered,,,,,per-term cap 24 reached for 'quinine sulfate'
BA_003158,File:Solo-Protein Subunit-vaccine-22.jpg,prefiltered,,,,,per-term cap 24 reached for 'COVID-19 vaccine vial'
BA_003159,File:Solo-Protein Subunit-vaccine-23.jpg,prefiltered,,,,,per-term cap 24 reached for 'COVID-19 vaccine vial'
BA_003160,File:Solo-Protein Subunit-vaccine-24.jpg,prefiltered,,,,,per-term cap 24 reached for 'COVID-19 vaccine vial'
BA_003161,File:Solo-Viral Vector-vaccine-27.jpg,prefiltered,,,,,per-term cap 24 reached for 'COVID-19 vaccine vial'
BA_003162,File:Solo-Viral Vector-vaccine-28.jpg,prefiltered,,,,,per-term cap 24 reached for 'COVID-19 vaccine vial'
BA_003163,File:Solo-Viral Vector-vaccine-30.jpg,prefiltered,,,,,per-term cap 24 reached for 'COVID-19 vaccine vial'
BA_003164,File:Solo-Viral Vector-vaccine-31.jpg,prefiltered,,,,,per-term cap 24 reached for 'COVID-19 vaccine vial'
BA_003165,File:Solo-mrna-vaccine-10.jpg,prefiltered,,,,,per-term cap 24 reached for 'COVID-19 vaccine vial'
BA_003166,File:Solo-mrna-vaccine-11.jpg,prefiltered,,,,,per-term cap 24 reached for 'COVID-19 vaccine vial'
BA_003167,File:Solo-mrna-vaccine-12.jpg,prefiltered,,,,,per-term cap 24 reached for 'COVID-19 vaccine vial'
BA_003168,File:Solo-mrna-vaccine-13.jpg,prefiltered,,,,,per-term cap 24 reached for 'COVID-19 vaccine vial'
BA_003169,File:Solo-mrna-vaccine-17.jpg,prefiltered,,,,,per-term cap 24 reached for 'COVID-19 vaccine vial'
BA_003170,File:Solo-mrna-vaccine-2.jpg,prefiltered,,,,,per-term cap 24 reached for 'COVID-19 vaccine vial'
BA_003171,File:Solo-mrna-vaccine-3.jpg,prefiltered,,,,,per-term cap 24 reached for 'COVID-19 vaccine vial'
BA_003172,File:Solo-mrna-vaccine-4.jpg,prefiltered,,,,,per-term cap 24 reached for 'COVID-19 vaccine vial'
BA_003173,File:Solo-mrna-vaccine-5.jpg,prefiltered,,,,,per-term cap 24 reached for 'COVID-19 vaccine vial'
BA_003174,File:Solo-mrna-vaccine-6.jpg,prefiltered,,,,,per-term cap 24 reached for 'COVID-19 vaccine vial'
BA_003175,File:Solo-mrna-vaccine-7.jpg,prefiltered,,,,,per-term cap 24 reached for 'COVID-19 vaccine vial'
BA_003176,File:Solo-mrna-vaccine-8.jpg,prefiltered,,,,,per-term cap 24 reached for 'COVID-19 vaccine vial'
BA_003177,File:Solo-mrna-vaccine-9.jpg,prefiltered,,,,,per-term cap 24 reached for 'COVID-19 vaccine vial'
BA_003178,File:Solución salina fisiológica 20220202 141323.jpg,prefiltered,,,,,per-term cap 24 reached for 'Category:Pharmaceutical products'
BA_003179,File:Sorl1 ectodomain model and modes of dimerization.png,prefiltered,,,,,per-term cap 24 reached for 'phenobarbital'
BA_003180,File:Sortis 40 mg tbl.jpg,prefiltered,,,,,per-term cap 24 reached for 'Category:Blister packs'
BA_003186,File:Spasfon-LYOC phloroglucinol 80mg.jpg,prefiltered,,,,,per-term cap 24 reached for 'Category:Blister packs'
BA_003187,File:Spironolactone for veterinary use.jpg,prefiltered,,,,,per-term cap 24 reached for 'Category:Tablets (pharmacy)'
BA_003188,File:Spotted tab marked with fish mdma hcl.jpg,prefiltered,,,,,per-term cap 24 reached for 'Category:Tablets (pharmacy)'
BA_003189,File:St. Nicholas (serial) (1915) (14804514323).jpg,prefiltered,,,,,per-term cap 24 reached for 'drug packaging box'
BA_003193,File:Staphycid 500mg 16x.JPG,prefiltered,,,,,per-term cap 24 reached for 'Category:Blister packs'
BA_003194,File:Star PV Cep (noao-pvcep).jpg,prefiltered,,,,,per-term cap 24 reached for 'penicillin V'
BA_003196,File:Starr-050307-5042-Ananas comosus-view Papanui o Kane-Opana-Maui (24113646783).jpg,prefiltered,,,,,per-term cap 24 reached for 'oxymorphone'
BA_003197,File:Starr-050307-5045-Ananas comosus-habitat-Opana-Maui (24113653253).jpg,prefiltered,,,,,per-term cap 24 reached for 'oxymorphone'
BA_003198,File:Stesolid 10 mg.jpeg,prefiltered,,,,,per-term cap 24 reached for 'diazepam'
BA_003199,File:Stesolid.jpeg,prefiltered,,,,,per-term cap 24 reached for 'diazepam'
BA_003200,File:Stevia Tablets.jpg,prefiltered,,,,,native short side 200 px
BA_003201,File:Stilnox sales in China.jpg,prefiltered,,,,,per-term cap 24 reached for 'Category:Blister packs'
BA_003202,"File:Stodette 0,075 mg-0,02 mg tbl.jpg",prefiltered,,,,,per-term cap 24 reached for 'Category:Blister packs'
BA_003203,File:Stop The Drug War Artistic Collage.jpg,prefiltered,,,,,per-term cap 24 reached for 'diazepam'
BA_003204,File:Stork quinine part 1.jpg,prefiltered,,,,,per-term cap 24 reached for 'quinine sulfate'
BA_003205,File:Stork quinine part 2 correct.jpg,prefiltered,,,,,per-term cap 24 reached for 'quinine sulfate'
BA_003206,File:Stork quinine part 2.jpg,prefiltered,,,,,per-term cap 24 reached for 'quinine sulfate'
BA_003207,File:Stork quinine part 3.jpg,prefiltered,,,,,per-term cap 24 reached for 'quinine sulfate'
BA_003208,File:Strattera atomoxetin.jpg,prefiltered,,,,,per-term cap 24 reached for 'Category:Blister packs'
BA_003209,File:Strattera tablet blister packs available in Japan.jpg,prefiltered,,,,,per-term cap 24 reached for 'blister pack tablets'
BA_003210,File:Strattera(R) 40mg Capsule.jpg,prefiltered,,,,,per-term cap 24 reached for 'Category:Blister packs'
BA_003211,File:Strattera.JPG,prefiltered,,,,,per-term cap 24 reached for 'Category:Blister packs'
BA_003212,File:Strattera.jpg,prefiltered,,,,,per-term cap 24 reached for 'Category:Medicine bottles'
BA_003213,File:Strepsils dichlorobenzyl alcohol amylmetacresolA.jpg,prefiltered,,,,,per-term cap 24 reached for 'Category:Blister packs'
BA_003214,File:Stresam.jpg,prefiltered,,,,,per-term cap 24 reached for 'Category:Blister packs'
BA_003215,File:Stribild bottle Dutch labeling.jpg,prefiltered,,,,,per-term cap 24 reached for 'Category:Medicine bottles'
BA_003216,"File:Strip of rolled cinchona bark, India, 1860-1910 Wellcome L0058853.jpg",prefiltered,,,,,per-term cap 24 reached for 'Category:Pharmaceutical products'
BA_003217,File:Structural organization of the heart of the mosquito Anopheles gambiae - image.ppat.v08.i11.g001.png,prefiltered,,,,,title/credit names 'Structural'
BA_003218,"File:Structure cristalline d'une molécule d'IgG1 humaine vue sous deux angles différents, démontrant la flexibilité des deux fragments Fab l'un par rapport à l'autre et au fragment Fc.jpg",prefiltered,,,,,title/credit names 'Structure'
BA_003219,File:Suanatem.jpg,prefiltered,,,,,per-term cap 24 reached for 'Category:Blister packs'
BA_003220,File:Sudafed Pills in Package.JPG,prefiltered,,,,,per-term cap 24 reached for 'Category:Blister packs'
BA_003221,File:Sudafed Pills.jpg,prefiltered,,,,,per-term cap 24 reached for 'Category:Blister packs'
BA_003222,File:Sudocrem tub.jpg,prefiltered,,,,,per-term cap 24 reached for 'Category:Pharmaceutical products'
BA_003223,File:Sudocrem.jpg,prefiltered,,,,,per-term cap 24 reached for 'Category:Pharmaceutical products'
BA_003225,File:Sulfacetamide eye drops.jpg,prefiltered,,,,,per-term cap 24 reached for 'Category:Pharmaceutical products'
BA_003226,File:Sumamed tablete 091208.jpg,prefiltered,,,,,per-term cap 24 reached for 'Category:Blister packs'
BA_003228,File:Surlet Salese sm.jpg,prefiltered,,,,,native short side 185 px
BA_003229,File:Surlet Salese.jpg,prefiltered,,,,,per-term cap 24 reached for 'Category:Blister packs'
BA_003230,File:Survodutide.png,prefiltered,,,,,per-term cap 24 reached for 'Category:Pharmaceutical products'
BA_003231,File:Suzuki PV 1997.jpg,prefiltered,,,,,per-term cap 24 reached for 'penicillin V'
BA_003232,File:Swirling Galaxies 01.png,prefiltered,,,,,per-term cap 24 reached for 'Category:Pharmaceutical products'
BA_003233,File:Swirling Galaxies 02.jpg,prefiltered,,,,,per-term cap 24 reached for 'Category:Pharmaceutical products'
BA_003234,File:Syntes Chem Sketch Diazepam.png,prefiltered,,,,,per-term cap 24 reached for 'diazepam'
BA_003235,File:Synthesis of Diazepam.jpg,prefiltered,,,,,title/credit names 'Synthesis'
BA_003236,File:Synthesis of Remdesivir.png,prefiltered,,,,,title/credit names 'Synthesis'
BA_003238,"File:Synthetic Estrogen, pre-1979.jpg",prefiltered,,,,,per-term cap 24 reached for 'Category:Medicine bottles'
BA_003239,File:Syouseiryutou.jpg,prefiltered,,,,,per-term cap 24 reached for 'Category:Pharmaceutical products'
BA_003240,File:SyrupPepsin.jpg,prefiltered,,,,,per-term cap 24 reached for 'Category:Medicine bottles'
BA_003241,File:Sérum physiologique.jpg,prefiltered,,,,,per-term cap 24 reached for 'Category:Pharmaceutical products'
BA_003242,File:Sól fizjologiczna.jpg,prefiltered,,,,,per-term cap 24 reached for 'Category:Pharmaceutical products'
BA_003243,File:S・M配合散.JPG,prefiltered,,,,,per-term cap 24 reached for 'Category:Pharmaceutical products'
BA_003244,File:TABLET.jpg,prefiltered,,,,,per-term cap 24 reached for 'Category:Tablets (pharmacy)'
BA_003245,File:TAPCOM combination ophthalmic solution.jpg,prefiltered,,,,,per-term cap 24 reached for 'Category:Pharmaceutical products'
BA_003246,File:TF-PPD Airbus A320-251N PLAY STN 100922.jpg,prefiltered,,,,,per-term cap 24 reached for 'propylene glycol'
BA_003247,File:TOP 10 Hodonín.png,prefiltered,,,,,per-term cap 24 reached for 'Category:Pharmaceutical products'
BA_003248,File:TOP 10 Prachatice.png,prefiltered,,,,,per-term cap 24 reached for 'Category:Pharmaceutical products'
BA_003249,File:TOP 10 Prostějov.png,prefiltered,,,,,per-term cap 24 reached for 'Category:Pharmaceutical products'
BA_003250,File:TOP 10 Přerov.png,prefiltered,,,,,per-term cap 24 reached for 'Category:Pharmaceutical products'
BA_003251,File:TOP 10 Příbram.png,prefiltered,,,,,per-term cap 24 reached for 'Category:Pharmaceutical products'
BA_003252,File:TOP 10 Rakovník.png,prefiltered,,,,,per-term cap 24 reached for 'Category:Pharmaceutical products'
BA_003253,File:TOP 10 Rokycany.png,prefiltered,,,,,per-term cap 24 reached for 'Category:Pharmaceutical products'
BA_003254,File:TOP 10 Rychnov nad Kněžnou.png,prefiltered,,,,,per-term cap 24 reached for 'Category:Pharmaceutical products'
BA_003255,File:TOP 10 Semily.png,prefiltered,,,,,per-term cap 24 reached for 'Category:Pharmaceutical products'
BA_003256,File:TOP 10 Sokolov.png,prefiltered,,,,,per-term cap 24 reached for 'Category:Pharmaceutical products'
BA_003257,File:TOP 10 Strakonice.png,prefiltered,,,,,per-term cap 24 reached for 'Category:Pharmaceutical products'
BA_003258,File:TOP 10 Svitavy.png,prefiltered,,,,,per-term cap 24 reached for 'Category:Pharmaceutical products'
BA_003259,File:TOP 10 Tachov.png,prefiltered,,,,,per-term cap 24 reached for 'Category:Pharmaceutical products'
BA_003260,File:TOP 10 Teplice.png,prefiltered,,,,,per-term cap 24 reached for 'Category:Pharmaceutical products'
BA_003261,File:TOP 10 Trutnov.png,prefiltered,,,,,per-term cap 24 reached for 'Category:Pharmaceutical products'
BA_003262,File:TOP 10 Tábor.png,prefiltered,,,,,per-term cap 24 reached for 'Category:Pharmaceutical products'
BA_003263,File:TOP 10 Třebíč.png,prefiltered,,,,,per-term cap 24 reached for 'Category:Pharmaceutical products'
BA_003264,File:TOP 10 Uherské Hradiště.png,prefiltered,,,,,per-term cap 24 reached for 'Category:Pharmaceutical products'
BA_003265,File:TOP 10 Vyškov.png,prefiltered,,,,,per-term cap 24 reached for 'Category:Pharmaceutical products'
BA_003266,File:TOP 10 Zlín.png,prefiltered,,,,,per-term cap 24 reached for 'Category:Pharmaceutical products'
BA_003267,File:TOP 10 Znojmo.png,prefiltered,,,,,per-term cap 24 reached for 'Category:Pharmaceutical products'
BA_003268,File:TOP 10 Ústí nad Labem.png,prefiltered,,,,,per-term cap 24 reached for 'Category:Pharmaceutical products'
BA_003269,File:TOP 10 Ústí nad Orlicí.png,prefiltered,,,,,per-term cap 24 reached for 'Category:Pharmaceutical products'
BA_003270,File:TOP 10 Šumperk.png,prefiltered,,,,,per-term cap 24 reached for 'Category:Pharmaceutical products'
BA_003271,File:Tablet 2.jpg,prefiltered,,,,,per-term cap 24 reached for 'Category:Pharmaceutical products'
BA_003272,File:Tablet dispenser in three colours with weekday texts in Danish or Norwegian.jpg,prefiltered,,,,,per-term cap 24 reached for 'Category:Tablets (pharmacy)'
BA_003273,"File:Tablet packets in exposition History of making of drugs in Kuks Hospital in Kuks, Trutnov District.jpg",prefiltered,,,,,per-term cap 24 reached for 'blister pack tablets'
BA_003274,File:Tablet subdivision.jpg,prefiltered,,,,,per-term cap 24 reached for 'Category:Tablets (pharmacy)'
BA_003275,File:Tabletfailure.jpg,prefiltered,,,,,per-term cap 24 reached for 'Category:Tablets (pharmacy)'
BA_003276,File:Tabletki - pills.jpg,prefiltered,,,,,per-term cap 24 reached for 'Category:Blister packs'
BA_003279,File:Tablets pills medicine medical waste.jpg,prefiltered,,,,,per-term cap 24 reached for 'Category:Pharmaceutical products'
BA_003280,"File:Tablets sign in exposition History of making of drugs in Kuks Hospital in Kuks, Trutnov District.jpg",prefiltered,,,,,per-term cap 24 reached for 'Category:Tablets (pharmacy)'
BA_003281,File:Tablette D IX.jpg,prefiltered,,,,,per-term cap 24 reached for 'Category:Tablets (pharmacy)'
BA_003282,File:Tabletten 8-12.jpg,prefiltered,,,,,per-term cap 24 reached for 'Category:Blister packs'
BA_003283,File:Tabloid brand product descriptions Wellcome L0074567.jpg,prefiltered,,,,,per-term cap 24 reached for 'Category:Tablets (pharmacy)'
BA_003284,File:Tabloid product; Burroughs Wellcome and Company Wellcome L0041224.jpg,prefiltered,,,,,per-term cap 24 reached for 'Category:Tablets (pharmacy)'
BA_003285,File:Tabloid product; Burroughs Wellcome and Company Wellcome L0041225.jpg,prefiltered,,,,,per-term cap 24 reached for 'Category:Tablets (pharmacy)'
BA_003286,File:Tabloid products; Burroughs Wellcome and Company Wellcome L0041217.jpg,prefiltered,,,,,per-term cap 24 reached for 'Category:Tablets (pharmacy)'
BA_003287,File:Tabloid products; Burroughs Wellcome and Company Wellcome L0041218.jpg,prefiltered,,,,,per-term cap 24 reached for 'Category:Tablets (pharmacy)'
BA_003288,File:Tabloid products; Burroughs Wellcome and Company Wellcome L0041219.jpg,prefiltered,,,,,per-term cap 24 reached for 'Category:Tablets (pharmacy)'
BA_003289,File:Tabloid products; Burroughs Wellcome and Company Wellcome L0041220.jpg,prefiltered,,,,,per-term cap 24 reached for 'Category:Tablets (pharmacy)'
BA_003290,File:Tabloid products; Burroughs Wellcome and Company Wellcome L0041221.jpg,prefiltered,,,,,per-term cap 24 reached for 'Category:Tablets (pharmacy)'
BA_003291,File:Tabloid products; Burroughs Wellcome and Company Wellcome L0041222.jpg,prefiltered,,,,,per-term cap 24 reached for 'Category:Tablets (pharmacy)'
BA_003292,File:Tabloid products; Burroughs Wellcome and Company Wellcome L0041223.jpg,prefiltered,,,,,per-term cap 24 reached for 'Category:Tablets (pharmacy)'
BA_003293,File:Tabloid products; Burroughs Wellcome and Company Wellcome L0041227.jpg,prefiltered,,,,,per-term cap 24 reached for 'Category:Tablets (pharmacy)'
BA_003294,File:Tabloid products; Burroughs Wellcome and Company Wellcome L0041228.jpg,prefiltered,,,,,per-term cap 24 reached for 'Category:Tablets (pharmacy)'
BA_003295,File:Tadalafil Sandoz 20mg.jpg,prefiltered,,,,,per-term cap 24 reached for 'Category:Blister packs'
BA_003296,File:Taiclav lb-625.jpg,prefiltered,,,,,per-term cap 24 reached for 'Augmentin'
BA_003297,File:Tainac-sp.jpg,prefiltered,,,,,per-term cap 24 reached for 'Category:Pharmaceutical products'
BA_003298,File:Taking Physick (36685199944).jpg,prefiltered,,,,,per-term cap 24 reached for 'Category:Medicine bottles'
BA_003299,"File:Taking Physick. (BM 1851,0901.1133).jpg",prefiltered,,,,,per-term cap 24 reached for 'Category:Medicine bottles'
BA_003300,"File:Taking Physick. (BM 1868,0808.6851).jpg",prefiltered,,,,,per-term cap 24 reached for 'Category:Medicine bottles'
BA_003301,"File:Taking Physick. (BM 1868,0822.7151).jpg",prefiltered,,,,,per-term cap 24 reached for 'Category:Medicine bottles'
BA_003302,File:Taking his medicine - J.S. Pughe. LCCN2010652232.jpg,prefiltered,,,,,per-term cap 24 reached for 'Category:Medicine bottles'
BA_003303,"File:Taking it back, Help prevent prescription abuse 150820-D-RT812-001.jpg",prefiltered,,,,,per-term cap 24 reached for 'Category:Pharmaceutical products'
BA_003304,File:Taking prescription.jpg,prefiltered,,,,,per-term cap 24 reached for 'Category:Pharmaceutical products'
BA_003305,File:Tamiflu 75mg JP 1.jpg,prefiltered,,,,,per-term cap 24 reached for 'Category:Blister packs'
BA_003306,File:Tamiflu 75mg JP 2.jpg,prefiltered,,,,,per-term cap 24 reached for 'Category:Blister packs'
BA_003307,File:Tamiflu 75mg JP 3.jpg,prefiltered,,,,,per-term cap 24 reached for 'Category:Blister packs'
BA_003308,File:Tamiflu 75mg german closeup.jpg,prefiltered,,,,,per-term cap 24 reached for 'Category:Blister packs'
BA_003309,File:Tamiflu NOR.JPG,prefiltered,,,,,per-term cap 24 reached for 'Category:Blister packs'
BA_003310,File:Tamiflu pill Roche.jpg,prefiltered,,,,,per-term cap 24 reached for 'Category:Blister packs'
BA_003311,File:Tamiflu.JPG,prefiltered,,,,,per-term cap 24 reached for 'Category:Blister packs'
BA_003312,File:Tamiflue kor.JPG,prefiltered,,,,,per-term cap 24 reached for 'Category:Blister packs'
BA_003313,File:Tamoxifen cancer drug.jpg,prefiltered,,,,,per-term cap 24 reached for 'Category:Medicine bottles'
BA_003314,"File:Tamsulosin 0,4 mg tbl.jpg",prefiltered,,,,,per-term cap 24 reached for 'Category:Blister packs'
BA_003315,File:Tangee Face Powder - DPLA - 08da22f42f776a4e1ac3b9da29f5097e (page 1).jpg,prefiltered,,,,,per-term cap 24 reached for 'drug packaging box'
BA_003316,File:Tangee Face Powder - DPLA - 08da22f42f776a4e1ac3b9da29f5097e (page 2).jpg,prefiltered,,,,,per-term cap 24 reached for 'drug packaging box'
BA_003317,File:Tangee Face Powder - DPLA - 08da22f42f776a4e1ac3b9da29f5097e (page 3).jpg,prefiltered,,,,,per-term cap 24 reached for 'drug packaging box'
BA_003318,"File:Tanielle 0,075 mg-0,02 mg tbl.jpg",prefiltered,,,,,per-term cap 24 reached for 'Category:Blister packs'
BA_003319,File:TansyPills.jpg,prefiltered,,,,,native short side 157 px
BA_003321,File:Target ClearRx.jpg,prefiltered,,,,,per-term cap 24 reached for 'Category:Medicine bottles'
BA_003322,File:Targinicq.jpg,prefiltered,,,,,per-term cap 24 reached for 'oxycodone OxyContin'
BA_003323,File:Tavegyl medication.jpg,prefiltered,,,,,per-term cap 24 reached for 'Category:Blister packs'
BA_003324,File:Tazamir.jpg,prefiltered,,,,,native short side 297 px
BA_003325,File:Teething syrup for babies.jpg,prefiltered,,,,,per-term cap 24 reached for 'Category:Pharmaceutical products'
BA_003326,File:Tegretol.jpg,prefiltered,,,,,per-term cap 24 reached for 'Category:Blister packs'
BA_003327,File:Telmisartan-ratiopharm 80 mg tbl.jpg,prefiltered,,,,,per-term cap 24 reached for 'Category:Blister packs'
BA_003328,File:Temesta swedish lorazepam 1mg.jpg,prefiltered,,,,,per-term cap 24 reached for 'Category:Blister packs'
BA_003329,File:Tenofoviralafenamide.png,prefiltered,,,,,per-term cap 24 reached for 'Category:Medicine bottles'
BA_003330,File:Tenoretic 100 mg-25 mg tbl.jpg,prefiltered,,,,,per-term cap 24 reached for 'Category:Blister packs'
BA_003331,File:Terbinafine pills (50987795957).png,prefiltered,,,,,per-term cap 24 reached for 'Category:Tablets (pharmacy)'
BA_003332,File:Tercian drug.jpg,prefiltered,,,,,per-term cap 24 reached for 'Category:Blister packs'
BA_003333,File:Teriparatide versus Placebo Adverse effects.png,prefiltered,,,,,per-term cap 24 reached for 'Category:Pharmaceutical products'
BA_003334,File:Terunerin.jpg,prefiltered,,,,,per-term cap 24 reached for 'Category:Blister packs'
BA_003344,"File:The Chemist and Druggist - advertising from Volume 30, 11 June 1887 03.jpg",prefiltered,,,,,per-term cap 24 reached for 'Category:Tablets (pharmacy)'
BA_003345,File:The Echo (1921) (14781928924).jpg,prefiltered,,,,,per-term cap 24 reached for 'drug packaging box'
BA_003346,"File:The Indian Medicine Show, L. M. Glackens.jpg",prefiltered,,,,,per-term cap 24 reached for 'medicine bottle label'
BA_003347,"File:The James river tourist, a brief account of historical localities on James river, and sketches of Richmond, Norfolk, and Portsmouth (1889) (14598602737).jpg",prefiltered,,,,,per-term cap 24 reached for 'drug packaging box'
BA_003348,File:The Ladies' home journal (1948) (14582408938).jpg,prefiltered,,,,,per-term cap 24 reached for 'Category:Pharmaceutical products'
BA_003349,File:The Ladies' home journal (1948) (14764268411).jpg,prefiltered,,,,,per-term cap 24 reached for 'Category:Pharmaceutical products'
BA_003350,File:The Monument to Opanas Matyushenko in Derhachi (1).jpg,prefiltered,,,,,per-term cap 24 reached for 'oxymorphone'
BA_003351,File:The Monument to Opanas Matyushenko in Derhachi (2).jpg,prefiltered,,,,,per-term cap 24 reached for 'oxymorphone'
BA_003352,File:The Monument to Opanas Matyushenko in Derhachi (3).jpg,prefiltered,,,,,per-term cap 24 reached for 'oxymorphone'
BA_003353,File:The Monument to Opanas Matyushenko in Derhachi (4).jpg,prefiltered,,,,,per-term cap 24 reached for 'oxymorphone'
BA_003354,File:The Monument to Opanas Matyushenko in Derhachi (5).jpg,prefiltered,,,,,per-term cap 24 reached for 'oxymorphone'
BA_003361,File:The Pfizer Vial by Melissa Davis.jpg,prefiltered,,,,,per-term cap 24 reached for 'Comirnaty'
BA_003362,File:The Pharmaceutical era (1887) (14586709298).jpg,prefiltered,,,,,per-term cap 24 reached for 'drug packaging box'
BA_003363,File:The Pharmaceutical era (1887) (14761681006).jpg,prefiltered,,,,,per-term cap 24 reached for 'drug packaging box'
BA_003364,File:The Pharmaceutical era (1887) (14770175471).jpg,prefiltered,,,,,per-term cap 24 reached for 'drug packaging box'
BA_003365,File:The Pharmaceutical era (1887) (14770176541).jpg,prefiltered,,,,,per-term cap 24 reached for 'drug packaging box'
BA_003366,File:The Pharmaceutical era (1887) (14773012332).jpg,prefiltered,,,,,per-term cap 24 reached for 'drug packaging box'
BA_003369,File:The alarmist Miss Minifie informing Miss Gunning and her mot Wellcome V0011177.jpg,prefiltered,,,,,per-term cap 24 reached for 'Category:Medicine bottles'
BA_003370,File:The benefit of taking quinine. Chromolithograph by A. Guilla Wellcome V0010523.jpg,prefiltered,,,,,per-term cap 24 reached for 'quinine sulfate'
BA_003371,File:The benefits of using quinine Wellcome L0051295.jpg,prefiltered,,,,,per-term cap 24 reached for 'quinine sulfate'
BA_003373,File:The diagnosis of diseases of women (1905) (14762880852).jpg,prefiltered,,,,,per-term cap 24 reached for 'Category:Pharmaceutical products'
BA_003374,File:The drugs love me. (664594506).jpg,prefiltered,,,,,per-term cap 24 reached for 'Category:Pharmaceutical products'
BA_003375,File:The production of quinine. Wellcome M0001620.jpg,prefiltered,,,,,per-term cap 24 reached for 'quinine sulfate'
BA_003376,File:The production of quinine. Wellcome M0001621.jpg,prefiltered,,,,,per-term cap 24 reached for 'quinine sulfate'
BA_003377,"File:The second doc I have seen here gave me these magic pills in a special bottle, no identification as to what they are. I like this, I believe in magic pills. (1666753675).jpg",prefiltered,,,,,per-term cap 24 reached for 'Category:Medicine bottles'
BA_003378,File:Theodur100mg 2.jpg,prefiltered,,,,,native short side 248 px
BA_003379,File:Therapeutic oxygen carrier Perfluoro tert-butylcyclohexane (Oxycyte) structure.png,prefiltered,,,,,title/credit names 'structure'
BA_003380,File:Thiocolchicoside-Aceclofenac-Paracetamol Tablet - Howrah 20170920111151.jpg,prefiltered,,,,,per-term cap 24 reached for 'Category:Blister packs'
BA_003381,File:This MuseumMonday we delve into the world of medicine. This amber glass square bottle was found in the C&H hospital. The label (6ebfd211-1dd8-b71b-0bf8-44fca04cee52).jpg,prefiltered,,,,,native short side 273 px
BA_003382,File:Thomas Echelmeyer (4519112).jpg,prefiltered,,,,,per-term cap 24 reached for 'human normal immunoglobulin'
BA_003383,File:Thomas Echelmeyer (4519115).jpg,prefiltered,,,,,per-term cap 24 reached for 'human normal immunoglobulin'
BA_003384,File:Three early medicine bottles.jpg,prefiltered,,,,,per-term cap 24 reached for 'Category:Medicine bottles'
BA_003385,File:Thrombosespritze 01 (fcm).jpg,prefiltered,,,,,per-term cap 24 reached for 'Category:Blister packs'
BA_003386,File:Thrombosespritze 02 (fcm).jpg,prefiltered,,,,,per-term cap 24 reached for 'Category:Blister packs'
BA_003387,File:Thrombosespritze 03 (fcm).jpg,prefiltered,,,,,per-term cap 24 reached for 'Category:Blister packs'
BA_003388,File:Thuốc mê Propofol (21336).jpg,prefiltered,,,,,per-term cap 24 reached for 'propofol Diprivan'
BA_003389,File:Thuốc mê Propofol.jpg,prefiltered,,,,,per-term cap 24 reached for 'propofol Diprivan'
BA_003390,File:Thériaque - musée HCL - vase - pharmacie à l'Hôtel-Dieu - 2007.0.2557.M.jpg,prefiltered,,,,,per-term cap 24 reached for 'Category:Medicine bottles'
BA_003391,File:Thériaque - musée HCL - vase - pharmacie à l'Hôtel-Dieu - 2007.0.2560.M.jpg,prefiltered,,,,,per-term cap 24 reached for 'Category:Medicine bottles'
BA_003392,File:Timolol.jpg,prefiltered,,,,,per-term cap 24 reached for 'Category:Pharmaceutical products'
BA_003393,File:To Market To Market.jpg,prefiltered,,,,,per-term cap 24 reached for 'Category:Pharmaceutical products'
BA_003394,File:To Sleep Forevermore.jpg,prefiltered,,,,,per-term cap 24 reached for 'diazepam'
BA_003395,"File:Tobrex (Tobramycin) made by Novartis Belgium for the Russian market, Apr 2026 01.jpg",prefiltered,,,,,per-term cap 24 reached for 'Category:Pharmaceutical products'
BA_003396,"File:Tobrex (Tobramycin) made by Novartis Belgium for the Russian market, Apr 2026 05.jpg",prefiltered,,,,,per-term cap 24 reached for 'Category:Pharmaceutical products'
BA_003397,"File:Tobrex (Tobramycin) made by Novartis Belgium for the Russian market, Apr 2026 07.jpg",prefiltered,,,,,per-term cap 24 reached for 'Category:Pharmaceutical products'
BA_003398,File:Tobrex 5 ml-15 mg sol.jpg,prefiltered,,,,,per-term cap 24 reached for 'Category:Pharmaceutical products'
BA_003399,File:ToiletcleanersbyAlofok (12).JPG,prefiltered,,,,,per-term cap 24 reached for 'Category:Tablets (pharmacy)'
BA_003400,File:ToiletcleanersbyAlofok (13).JPG,prefiltered,,,,,per-term cap 24 reached for 'Category:Tablets (pharmacy)'
BA_003401,File:ToiletcleanersbyAlofok (14).JPG,prefiltered,,,,,per-term cap 24 reached for 'Category:Tablets (pharmacy)'
BA_003402,File:ToiletcleanersbyAlofok (15).JPG,prefiltered,,,,,per-term cap 24 reached for 'Category:Tablets (pharmacy)'
BA_003403,File:ToiletcleanersbyAlofok (16).JPG,prefiltered,,,,,per-term cap 24 reached for 'Category:Tablets (pharmacy)'
BA_003404,File:Toledomin-tablets-12.5mg-back.jpg,prefiltered,,,,,per-term cap 24 reached for 'blister pack tablets'
BA_003405,File:Toledomin-tablets-12.5mg-front.jpg,prefiltered,,,,,per-term cap 24 reached for 'blister pack tablets'
BA_003406,File:Toledomin.jpg,prefiltered,,,,,per-term cap 24 reached for 'Category:Blister packs'
BA_003407,"File:Tolucombi 80 mg-12,5 mg tbl.jpg",prefiltered,,,,,per-term cap 24 reached for 'Category:Blister packs'
BA_003408,File:Tralgit 100 mg tbl.jpg,prefiltered,,,,,per-term cap 24 reached for 'Category:Blister packs'
BA_003409,File:Tramadol Capsules.jpg,prefiltered,,,,,per-term cap 24 reached for 'Category:Blister packs'
BA_003410,File:Tramal 200mg.JPG,prefiltered,,,,,per-term cap 24 reached for 'Category:Blister packs'
BA_003411,File:Transtec allergy few days old.jpg,prefiltered,,,,,per-term cap 24 reached for 'Category:Pharmaceutical products'
BA_003412,File:Transtec allergy new.jpg,prefiltered,,,,,per-term cap 24 reached for 'Category:Pharmaceutical products'
BA_003413,File:Tranylcypromine India.jpg,prefiltered,,,,,per-term cap 24 reached for 'Category:Blister packs'
BA_003414,File:Travatan.jpg,prefiltered,,,,,per-term cap 24 reached for 'Category:Pharmaceutical products'
BA_003415,File:Trazodon neuraxpharm Schachtel.jpg,prefiltered,,,,,per-term cap 24 reached for 'Category:Blister packs'
BA_003417,File:Trifluromethyl penicillin V.jpg,prefiltered,,,,,per-term cap 24 reached for 'penicillin V'
BA_003418,File:Trikafta.jpg,prefiltered,,,,,per-term cap 24 reached for 'Category:Pharmaceutical products'
BA_003419,"File:Trintellix (Vortioxetine), Takeda Pharmaceutical Company.png",prefiltered,,,,,per-term cap 24 reached for 'Category:Blister packs'
BA_003420,File:Trusopt Korean.jpg,prefiltered,,,,,per-term cap 24 reached for 'Category:Pharmaceutical products'
BA_003421,File:Trusopt.jpg,prefiltered,,,,,per-term cap 24 reached for 'Category:Pharmaceutical products'
BA_003422,File:Truvada pill flask.jpg,prefiltered,,,,,per-term cap 24 reached for 'Category:Medicine bottles'
BA_003423,File:Truxal.jpg,prefiltered,,,,,per-term cap 24 reached for 'Category:Medicine bottles'
BA_003424,File:Tryptanol-25.jpg,prefiltered,,,,,per-term cap 24 reached for 'Category:Blister packs'
BA_003425,File:Tryptanol.jpg,prefiltered,,,,,per-term cap 24 reached for 'drug packaging box'
BA_003426,File:Tsqaltubo (14683871382).jpg,prefiltered,,,,,per-term cap 24 reached for 'Category:Medicine bottles'
BA_003427,File:Tsumura43 Rikkunshito.jpg,prefiltered,,,,,per-term cap 24 reached for 'Category:Pharmaceutical products'
BA_003429,"File:Tube of Prontosil tablets, Germany, 1935-1950 Wellcome L0057805.jpg",prefiltered,,,,,per-term cap 24 reached for 'Category:Tablets (pharmacy)'
BA_003430,File:Tuna Recall (7173249544).jpg,prefiltered,,,,,per-term cap 24 reached for 'drug packaging box'
BA_003431,File:Tuna Recall (7173249608).jpg,prefiltered,,,,,per-term cap 24 reached for 'drug packaging box'
BA_003432,File:Tuna Recall (7173249666).jpg,prefiltered,,,,,per-term cap 24 reached for 'drug packaging box'
BA_003433,File:Tuna Recall (7173249714).jpg,prefiltered,,,,,per-term cap 24 reached for 'drug packaging box'
BA_003436,File:Two Bottles of Villosa Fluid Compound and Original Box - DPLA - 2090d6aed764108087d88c0c2b2f570b (page 1).jpg,prefiltered,,,,,per-term cap 24 reached for 'Category:Pharmaceutical products'
BA_003437,File:Two Bottles of Villosa Fluid Compound and Original Box - DPLA - 2090d6aed764108087d88c0c2b2f570b (page 2).jpg,prefiltered,,,,,per-term cap 24 reached for 'Category:Pharmaceutical products'
BA_003438,File:Two Bottles of Villosa Fluid Compound and Original Box - DPLA - 2090d6aed764108087d88c0c2b2f570b (page 3).jpg,prefiltered,,,,,per-term cap 24 reached for 'Category:Pharmaceutical products'
BA_003439,File:Two Bottles of Villosa Fluid Compound and Original Box - DPLA - 2090d6aed764108087d88c0c2b2f570b (page 4).jpg,prefiltered,,,,,per-term cap 24 reached for 'Category:Pharmaceutical products'
BA_003440,File:Two devils in a laboratory produce statutes with the help of a genie Wellcome V0011737.jpg,prefiltered,,,,,per-term cap 24 reached for 'Category:Medicine bottles'
BA_003442,File:Tylenol 8 hour pills closeup.jpg,prefiltered,,,,,per-term cap 24 reached for 'Category:Pharmaceutical products'
BA_003443,File:Tylenol bottle closeup (loose crop).jpg,prefiltered,,,,,per-term cap 24 reached for 'Category:Pharmaceutical products'
BA_003444,File:Tylenol bottle closeup crop.jpg,prefiltered,,,,,per-term cap 24 reached for 'Category:Pharmaceutical products'
BA_003445,File:Tylenol bottle closeup.jpg,prefiltered,,,,,per-term cap 24 reached for 'Category:Pharmaceutical products'
BA_003446,"File:Tylenol paracetamol sustained release tablets, Chinese version (20221212120513).jpg",prefiltered,,,,,per-term cap 24 reached for 'Category:Pharmaceutical products'
BA_003447,File:Tylenol rapid release pills.jpg,prefiltered,,,,,per-term cap 24 reached for 'Category:Pharmaceutical products'
BA_003448,File:Tylenolsimplesleep.jpg,prefiltered,,,,,per-term cap 24 reached for 'Category:Medicine bottles'
BA_003449,File:Tylenolss.jpg,prefiltered,,,,,per-term cap 24 reached for 'Category:Medicine bottles'
BA_003450,File:Typical antipsychotics.JPG,prefiltered,,,,,per-term cap 24 reached for 'Category:Medicine bottles'
BA_003451,File:Tyrosolvetten Tyrosolvin Pastillen.jpg,prefiltered,,,,,per-term cap 24 reached for 'Category:Pharmaceutical products'
BA_003452,File:Télécabine Ax-Bonascre -2.jpg,prefiltered,,,,,per-term cap 24 reached for 'amoxicillin'
BA_003453,File:U-type Tabloid compressing machine Wellcome M0013163.jpg,prefiltered,,,,,per-term cap 24 reached for 'Category:Tablets (pharmacy)'
BA_003458,File:US Navy 071201-M-7696M-144 Sailors prepare prescriptions during a medical aid mission.jpg,prefiltered,,,,,per-term cap 24 reached for 'Category:Pharmaceutical products'
BA_003459,"File:US Navy 071202-N-5642P-205 Lt. Pandora J. Liptrot, a Fleet Surgical Team 4 medical officer, sets up a mobile pharmacy in Sarankhola, Bangladesh.jpg",prefiltered,,,,,per-term cap 24 reached for 'Category:Pharmaceutical products'
BA_003460,File:US Navy 080813-N-3595W-200 A U.S. Air Force medic gives medicine to a Nicaraguan girl during a Continuing Promise 2008 humanitarian assistance project.jpg,prefiltered,,,,,per-term cap 24 reached for 'Category:Pharmaceutical products'
BA_003461,"File:US Navy 080817-N-7955L-035 Canadian Air Force Pvt. Tabitha Beynen, embarked aboard the amphibious assault ship USS Kearsarge (LHD 3), uses a syringe to give de-worming medication into a child.jpg",prefiltered,,,,,per-term cap 24 reached for 'Category:Pharmaceutical products'
BA_003462,File:US Navy 080823-N-7544A-026 Lt. Alan Chronister organizes medications.jpg,prefiltered,,,,,per-term cap 24 reached for 'Category:Pharmaceutical products'
BA_003463,File:US Navy 090219-N-7280V-073 A Sailor assigned to the amphibious command ship USS Blue Ridge (LCC 19) passes a box of books to a member of the Armed Forces of the Philippines Navy.jpg,prefiltered,,,,,per-term cap 24 reached for 'medicine box package'
BA_003464,File:US Navy 090308-N-0506A-393 Empty bottles of the de-worming medication albendazole are discarded in a box during a Combined Joint Task Force-Horn of Africa medical civil action project.jpg,prefiltered,,,,,per-term cap 24 reached for 'Category:Medicine bottles'
BA_003465,File:US Navy 090527-N-7415V-003 Hospital Corpsman 2nd Class Katherine Bishop watches pharmacist Teresa Balcos prepare medication for a medical mission at Bang Bang Elementary School.jpg,prefiltered,,,,,per-term cap 24 reached for 'Category:Pharmaceutical products'
BA_003466,"File:US Navy 100825-N-1531D-248 Lt. j.g. Katt Rhine, from Fort Worth, Texas, gives deworming medication to an infant during a Continuing Promise 2010 medical civic action event.jpg",prefiltered,,,,,per-term cap 24 reached for 'Category:Pharmaceutical products'
BA_003467,"File:US Navy 100925-N-3774A-003 Petty Officer 1st Class David Ochsenfeld, assigned to the security department at Naval Hospital Camp Pendleton.jpg",prefiltered,,,,,per-term cap 24 reached for 'Category:Pharmaceutical products'
BA_003468,"File:US Navy 111029-N-HJ915-001 Petty Officer 3rd Class Matthew Hager, from the Naval Hospital Camp Pendleton (NHCP) security department, prepares conta.jpg",prefiltered,,,,,per-term cap 24 reached for 'Category:Pharmaceutical products'
BA_003469,File:US Navy 990523-N-8493H-001 Corpsman prepares prescriptions for USS Roosevelt crew.jpg,prefiltered,,,,,per-term cap 24 reached for 'Category:Medicine bottles'
BA_003470,File:USA Hospital Department medicine bottle.jpg,prefiltered,,,,,per-term cap 24 reached for 'Category:Medicine bottles'
BA_003471,File:USMC-050607-M-0502E-004.jpg,prefiltered,,,,,per-term cap 24 reached for 'Category:Pharmaceutical products'
BA_003472,File:USMC-100122-M-6151C-074.jpg,prefiltered,,,,,per-term cap 24 reached for 'Category:Tablets (pharmacy)'
BA_003473,File:USMC-100209-M-1998T-001.jpg,prefiltered,,,,,per-term cap 24 reached for 'Category:Medicine bottles'
BA_003474,File:USMC-100918-M-3392W-001.jpg,prefiltered,,,,,per-term cap 24 reached for 'Category:Pharmaceutical products'
BA_003475,File:Ubenimex capsules in China.jpg,prefiltered,,,,,per-term cap 24 reached for 'Category:Blister packs'
BA_003476,File:Ukrainian cossack ships.jpg,prefiltered,,,,,per-term cap 24 reached for 'oxymorphone'
BA_003477,File:Ulrichsberg Heimathaus - Medizinfläschchen 1.jpg,prefiltered,,,,,per-term cap 24 reached for 'Category:Medicine bottles'
BA_003478,File:Ulrichsberg Heimathaus - Medizinfläschchen 2.jpg,prefiltered,,,,,per-term cap 24 reached for 'Category:Medicine bottles'
BA_003479,File:Ulrichsberg Heimathaus - Medizinfläschchen 3.jpg,prefiltered,,,,,per-term cap 24 reached for 'Category:Medicine bottles'
BA_003480,File:Ulrichsberg Heimathaus - Medizinfläschchen 4.jpg,prefiltered,,,,,per-term cap 24 reached for 'Category:Medicine bottles'
BA_003481,File:Ultracold storage C.jpeg,prefiltered,,,,,per-term cap 24 reached for 'Comirnaty'
BA_003482,File:Une pharmacie d'Algérie.jpg,prefiltered,,,,,per-term cap 24 reached for 'Category:Pharmaceutical products'
BA_003483,File:Unguent Bottle LACMA M.76.174.256.jpg,prefiltered,,,,,per-term cap 24 reached for 'Category:Medicine bottles'
BA_003484,File:Unintentional prescription drug deaths-Ohio-2004-2008.jpg,prefiltered,,,,,per-term cap 24 reached for 'Category:Pharmaceutical products'
BA_003485,File:Unit-dose Blisterschlauch.jpg,prefiltered,,,,,per-term cap 24 reached for 'Category:Pharmaceutical products'
BA_003486,"File:United States Per Capita Prescription Drug Expenditures, 1960-2019.png",prefiltered,,,,,per-term cap 24 reached for 'Category:Pharmaceutical products'
BA_003487,"File:Unknown Artist, Medicine Bottle (18th Century, Europe).jpg",prefiltered,,,,,per-term cap 24 reached for 'Category:Medicine bottles'
BA_003488,File:Untitled Dassault Falcon 900C VH-PPD (27139238202).jpg,prefiltered,,,,,per-term cap 24 reached for 'propylene glycol'
BA_003489,File:Unused pharmaceuticals.jpg,prefiltered,,,,,per-term cap 24 reached for 'Category:Pharmaceutical products'
BA_003490,File:Up&Up Allergy Relief Levocitirizine Dihydrochloride Bottle.jpg,prefiltered,,,,,per-term cap 24 reached for 'Category:Medicine bottles'
BA_003491,File:Uralyt-U.jpg,prefiltered,,,,,per-term cap 24 reached for 'Category:Pharmaceutical products'
BA_003492,File:Ursodeoxycholic.jpg,prefiltered,,,,,per-term cap 24 reached for 'Category:Pharmaceutical products'
BA_003493,File:Uskokovic quinine part 1.jpg,prefiltered,,,,,per-term cap 24 reached for 'quinine sulfate'
BA_003494,File:Utah Airman supports pharmaceutical operations during African Lion 2025 (9057968).jpg,prefiltered,,,,,per-term cap 24 reached for 'pharmaceutical packaging photograph'
BA_003495,File:Utah Airman supports pharmaceutical operations during African Lion 2025 (9057969).jpg,prefiltered,,,,,per-term cap 24 reached for 'pharmaceutical packaging photograph'
BA_003498,File:V-PEN MEGA lääkepakkauksia.jpg,prefiltered,,,,,per-term cap 24 reached for 'penicillin V'
BA_003499,File:V-ROHTO COOL.jpg,prefiltered,,,,,per-term cap 24 reached for 'Category:Pharmaceutical products'
BA_003500,File:V-ROHTO.jpg,prefiltered,,,,,per-term cap 24 reached for 'Category:Pharmaceutical products'
BA_003501,File:VB-135 Crew PV-1 1943.jpeg,prefiltered,,,,,per-term cap 24 reached for 'penicillin V'
BA_003502,File:VB-135 PV-1 1944.jpeg,prefiltered,,,,,per-term cap 24 reached for 'penicillin V'
BA_003503,File:VH-PPD Dassault Falcon 900 (7355842400).jpg,prefiltered,,,,,per-term cap 24 reached for 'propylene glycol'
BA_003507,File:Valaciclovir Blister packs.jpg,prefiltered,,,,,per-term cap 24 reached for 'blister pack tablets'
BA_003508,File:Valerylfentanyl 3D BS.png,prefiltered,,,,,per-term cap 24 reached for 'oxycodone OxyContin'
BA_003509,File:Valincrockdt OxycodoneHCL 30mg.jpg,prefiltered,,,,,per-term cap 24 reached for 'oxycodone OxyContin'
BA_003510,File:Valium - photo Claude Michaud (2016).jpg,prefiltered,,,,,per-term cap 24 reached for 'diazepam'
BA_003511,File:Valium at the Musee du Quebec.jpg,prefiltered,,,,,per-term cap 24 reached for 'diazepam'
BA_003512,File:Vaxzevria (2021) A.jpg,prefiltered,,,,,per-term cap 24 reached for 'Covishield'
BA_003513,File:Vendeur de médicaments ambulant à Maroua.jpg,prefiltered,,,,,per-term cap 24 reached for 'Category:Pharmaceutical products'
BA_003514,File:Vendeur de médicaments.jpg,prefiltered,,,,,per-term cap 24 reached for 'Category:Pharmaceutical products'
BA_003515,"File:Vero Cell COVID-19 vaccine vial, cotton swab and syringe.jpg",prefiltered,,,,,per-term cap 24 reached for 'COVID-19 vaccine vial'
BA_003516,File:Veterinary benazepril.jpg,prefiltered,,,,,per-term cap 24 reached for 'Category:Tablets (pharmacy)'
BA_003517,File:Vezikpakoj-1.jpg,prefiltered,,,,,native short side 245 px
BA_003518,File:Viagra cialis levitra.jpg,prefiltered,,,,,native short side 65 px
BA_003519,File:Vial and syringe used for first COVID-19 vaccination.jpg,prefiltered,,,,,per-term cap 24 reached for 'COVID-19 vaccine vial'
BA_003520,File:Vicks VapoRub3.jpg,prefiltered,,,,,per-term cap 24 reached for 'Category:Medicine bottles'
BA_003521,File:Vintage Turkish pediatric cough syrup bottle.png,prefiltered,,,,,per-term cap 24 reached for 'Category:Medicine bottles'
BA_003522,File:Vintage medicinal bottles (Unsplash).jpg,prefiltered,,,,,per-term cap 24 reached for 'Category:Medicine bottles'
BA_003524,File:Visita escolar a la UNLaR Chamical - 2024 - 010.jpg,prefiltered,,,,,per-term cap 24 reached for 'Category:Pharmaceutical products'
BA_003525,File:Visomitin Pachka Flacon angle - flacon WZ.png,prefiltered,,,,,per-term cap 24 reached for 'Category:Pharmaceutical products'
BA_003529,File:Vitamin C pill.jpg,prefiltered,,,,,per-term cap 24 reached for 'Category:Tablets (pharmacy)'
BA_003530,File:Vitamin E (31992676570).jpg,prefiltered,,,,,per-term cap 24 reached for 'vitamin A capsules'
BA_003531,File:Vitamin tablets (27522813860).jpg,prefiltered,,,,,native short side 227 px
BA_003532,File:VitaminSupplementPills.jpg,prefiltered,,,,,per-term cap 24 reached for 'Category:Medicine bottles'
BA_003533,File:VitaminSupplementPills2.jpg,prefiltered,,,,,per-term cap 24 reached for 'Category:Medicine bottles'
BA_003534,File:Vitamina E (suplemento) 095.jpg,prefiltered,,,,,per-term cap 24 reached for 'vitamin A capsules'
BA_003535,File:Vitamins (26794224058).jpg,prefiltered,,,,,per-term cap 24 reached for 'vitamin A capsules'
BA_003537,File:Vitrine mit mineralischen Substanzen Deutsches Apothekenmuseum.JPG,prefiltered,,,,,per-term cap 24 reached for 'Category:Pharmaceutical products'
BA_003538,File:Vivitar Freelance VivCam 25 jeh.jpg,prefiltered,,,,,per-term cap 24 reached for 'Category:Blister packs'
BA_003539,File:Voedingssupplement.JPG,prefiltered,,,,,per-term cap 24 reached for 'vitamin A capsules'
BA_003540,File:Voisin LA III 81178.jpg,prefiltered,,,,,per-term cap 24 reached for 'diazepam'
BA_003541,File:Volontula klasifikejo de rubaĵoj Sortirovoĉnaja (Klasifikejo) en Tjumeno 12.jpg,prefiltered,,,,,per-term cap 24 reached for 'Category:Blister packs'
BA_003542,File:Voltaren tablets.jpg,prefiltered,,,,,per-term cap 24 reached for 'Category:Medicine bottles'
BA_003543,File:Voyage to eternity; pharmacy scene with Death at work. Wellcome V0011779.jpg,prefiltered,,,,,per-term cap 24 reached for 'Category:Medicine bottles'
BA_003544,File:Vraylar.png,prefiltered,,,,,per-term cap 24 reached for 'Category:Pharmaceutical products'
BA_003548,File:Vyborg Castle Museum - p165.jpg,prefiltered,,,,,per-term cap 24 reached for 'Category:Pharmaceutical products'
BA_003549,File:W. Brockedon's pills Wellcome L0007312.jpg,prefiltered,,,,,per-term cap 24 reached for 'Category:Tablets (pharmacy)'
BA_003550,File:W.H. Bull Medicine Co. Cold Tea Medicine Bottle with Box - DPLA - 80ae6632435e3d47442fc6c12d7b49ba.jpg,prefiltered,,,,,per-term cap 24 reached for 'Category:Pharmaceutical products'
BA_003553,File:WHO-UNICEF estimates of hepatitis B vaccine (HepB-BD) coverage in countries from South-East Asia WHO region in the years 2000-2015.png,prefiltered,,,,,per-term cap 24 reached for 'hepatitis B vaccine'
BA_003554,File:WHO-UNICEF estimates of hepatitis B vaccine (HepB-BD) coverage in countries from the African WHO region in the years 2000-2015.png,prefiltered,,,,,per-term cap 24 reached for 'hepatitis B vaccine'
BA_003555,File:WHO-UNICEF estimates of hepatitis B vaccine (HepB-BD) coverage in countries from the East-Mediterranean WHO region in the years 2000-201.png,prefiltered,,,,,per-term cap 24 reached for 'hepatitis B vaccine'
BA_003556,File:WHO-UNICEF estimates of hepatitis B vaccine (HepB-BD) coverage in countries from the European WHO region in the years 2000-2015.png,prefiltered,,,,,per-term cap 24 reached for 'hepatitis B vaccine'
BA_003557,File:WHO-UNICEF estimates of hepatitis B vaccine (HepB-BD) coverage in countries from the Western Pacific WHO region in the years 2000-2015.png,prefiltered,,,,,per-term cap 24 reached for 'hepatitis B vaccine'
BA_003558,File:WHO-UNICEF estimates of hepatitis B vaccine (HepB-BD) coverage in the Americas WHO region in the years 2000-2015.png,prefiltered,,,,,per-term cap 24 reached for 'hepatitis B vaccine'
BA_003559,File:Wake-Ups Vintage Box 1951 back.jpg,prefiltered,,,,,per-term cap 24 reached for 'Category:Tablets (pharmacy)'
BA_003560,File:Wake-Ups Vintage Box 1951 front.jpg,prefiltered,,,,,per-term cap 24 reached for 'Category:Tablets (pharmacy)'
BA_003561,File:Walgreens Lubricant Eye Drops.jpg,prefiltered,,,,,per-term cap 24 reached for 'Category:Pharmaceutical products'
BA_003562,File:Walgreens Melatonin-2010-20-07.jpg,prefiltered,,,,,per-term cap 24 reached for 'Category:Medicine bottles'
BA_003563,File:Walgreens Prescription Bottle.jpg,prefiltered,,,,,native short side 188 px
BA_003564,File:Waran .jpg,prefiltered,,,,,per-term cap 24 reached for 'Category:Medicine bottles'
BA_003565,File:Warfarin bottles NIGMS.jpg,prefiltered,,,,,native short side 250 px
BA_003566,File:Warner's Kidney and Liver Cure Bottle.jpg,prefiltered,,,,,per-term cap 24 reached for 'Category:Medicine bottles'
BA_003567,File:Warner's Safe Cure Bottle (2019-01).jpg,prefiltered,,,,,per-term cap 24 reached for 'Category:Medicine bottles'
BA_003568,File:Warning on desvenlafaxine (cropped).jpg,prefiltered,,,,,native short side 234 px
BA_003569,File:Warning on desvenlafaxine.jpg,prefiltered,,,,,per-term cap 24 reached for 'drug packaging box'
BA_003570,"File:Water Purification Tablets, Iodine, Experimental, blister.png",prefiltered,,,,,native short side 167 px
BA_003571,"File:Water Purification Tablets, Iodine, Experimental, package.png",prefiltered,,,,,native short side 252 px
BA_003572,"File:Water purification tablets, military, 1940s.JPG",prefiltered,,,,,per-term cap 24 reached for 'Category:Tablets (pharmacy)'
BA_003573,"File:Water purification, June 2011 (cropped).jpg",prefiltered,,,,,native short side 174 px
BA_003574,"File:Water purification, June 2011.jpg",prefiltered,,,,,per-term cap 24 reached for 'Category:Tablets (pharmacy)'
BA_003576,File:Weird Tales January 1951 - p61.png,prefiltered,,,,,per-term cap 24 reached for 'Category:Tablets (pharmacy)'
BA_003577,File:Well the valium worked then. (178490165).jpg,prefiltered,,,,,per-term cap 24 reached for 'diazepam'
BA_003578,File:Wellbutrin SR tablets 150mg.jpg,prefiltered,,,,,per-term cap 24 reached for 'blister pack tablets'
BA_003579,File:Wellbutrin.jpg,prefiltered,,,,,per-term cap 24 reached for 'Category:Medicine bottles'
BA_003580,File:Wellcome 'Septrin' Wellcome L0033972.jpg,prefiltered,,,,,per-term cap 24 reached for 'Category:Medicine bottles'
BA_003581,File:Wellcome L0036774.jpg,prefiltered,,,,,per-term cap 24 reached for 'Category:Medicine bottles'
BA_003582,File:Wellcome L0036782.jpg,prefiltered,,,,,per-term cap 24 reached for 'Category:Medicine bottles'
BA_003583,File:Wellcome L0036802.jpg,prefiltered,,,,,per-term cap 24 reached for 'Category:Medicine bottles'
BA_003584,File:Wellcome collections objects Wellcome L0070161.jpg,prefiltered,,,,,per-term cap 24 reached for 'Category:Medicine bottles'
BA_003585,File:Wellcome collections objects Wellcome L0070190.jpg,prefiltered,,,,,per-term cap 24 reached for 'Category:Medicine bottles'
BA_003587,"File:When your wife invites people, one is a beauty surgeon and the next morning this is on the coffee table, you know something's wrong.jpg",prefiltered,,,,,per-term cap 24 reached for 'botulinum toxin Dysport'
BA_003588,File:White Flower Oil (Pak Fah Yeow) three versions-20190908.jpg,prefiltered,,,,,per-term cap 24 reached for 'Category:Pharmaceutical products'
BA_003589,File:White tab marked crows feet mdma hcl.jpg,prefiltered,,,,,per-term cap 24 reached for 'Category:Tablets (pharmacy)'
BA_003590,File:White tab marked with fancy x mdma hcl cr.jpg,prefiltered,,,,,per-term cap 24 reached for 'Category:Tablets (pharmacy)'
BA_003591,File:White tablet marked stardust mdma hcl cr.jpg,prefiltered,,,,,per-term cap 24 reached for 'Category:Tablets (pharmacy)'
BA_003592,File:White tablet mitsubishi logo cropped.jpg,prefiltered,,,,,title/credit names 'logo'
BA_003593,File:Wolvet (lanolin).jpg,prefiltered,,,,,per-term cap 24 reached for 'Category:Pharmaceutical products'
BA_003594,"File:Women wrapping tablets, Wanita di Indonesia p93 (Sticusa).jpg",prefiltered,,,,,per-term cap 24 reached for 'Category:Tablets (pharmacy)'
BA_003595,File:Woodward doering quinine part 1.jpg,prefiltered,,,,,per-term cap 24 reached for 'quinine sulfate'
BA_003596,File:Woodward doering quinine part 2 corrected.jpg,prefiltered,,,,,per-term cap 24 reached for 'quinine sulfate'
BA_003597,File:Woodward doering quinine part 2.jpg,prefiltered,,,,,per-term cap 24 reached for 'quinine sulfate'
BA_003598,File:Woodward doering quinine part 3.jpg,prefiltered,,,,,native short side 256 px
BA_003599,File:Working mechanisms of dies used for tablet manufacture Wellcome L0003390.jpg,prefiltered,,,,,per-term cap 24 reached for 'Category:Tablets (pharmacy)'
BA_003600,File:Wrap Rage Example.jpg,prefiltered,,,,,per-term cap 24 reached for 'Category:Blister packs'
BA_003601,File:Wundbenzin.jpg,prefiltered,,,,,per-term cap 24 reached for 'Category:Tablets (pharmacy)'
BA_003602,File:Wyeth Centrum.jpg,prefiltered,,,,,per-term cap 24 reached for 'Category:Medicine bottles'
BA_003603,File:XINHUANG Tablet.jpg,prefiltered,,,,,per-term cap 24 reached for 'Category:Pharmaceutical products'
BA_003604,"File:Xalatan (latanoprost) by Pfizer Belgium for Russian market, 2024 01.jpg",prefiltered,,,,,per-term cap 24 reached for 'Category:Pharmaceutical products'
BA_003605,"File:Xalatan (latanoprost) by Pfizer Belgium for Russian market, 2024 02.jpg",prefiltered,,,,,per-term cap 24 reached for 'Category:Pharmaceutical products'
BA_003606,"File:Xalatan (latanoprost) by Pfizer Belgium for Russian market, 2024 03.jpg",prefiltered,,,,,per-term cap 24 reached for 'Category:Pharmaceutical products'
BA_003607,"File:Xalatan (latanoprost) by Pfizer Belgium for Russian market, 2024 04.jpg",prefiltered,,,,,per-term cap 24 reached for 'Category:Pharmaceutical products'
BA_003608,"File:Xalatan (latanoprost) by Pfizer Belgium for Russian market, 2024 05.jpg",prefiltered,,,,,per-term cap 24 reached for 'Category:Pharmaceutical products'
BA_003609,File:Xia Sang Ju.JPG,prefiltered,,,,,per-term cap 24 reached for 'Category:Pharmaceutical products'
BA_003610,File:Yellow Fever Vaccine Guide in AIIMS Hospital BHOPAL.jpg,prefiltered,,,,,per-term cap 24 reached for 'yellow fever vaccine'
BA_003611,File:Yellow fever certificate.JPG,prefiltered,,,,,per-term cap 24 reached for 'yellow fever vaccine'
BA_003612,File:Yellow fever vaccination 01.jpg,prefiltered,,,,,per-term cap 24 reached for 'yellow fever vaccine'
BA_003613,File:Yellow fever vaccination 02.jpg,prefiltered,,,,,per-term cap 24 reached for 'yellow fever vaccine'
BA_003614,File:Yellow fever vaccination 03.jpg,prefiltered,,,,,per-term cap 24 reached for 'yellow fever vaccine'
BA_003616,File:Yellow fever vaccine.jpg,prefiltered,,,,,per-term cap 24 reached for 'yellow fever vaccine'
BA_003617,File:Yellow-fever-number-unvaccinated (1).png,prefiltered,,,,,per-term cap 24 reached for 'yellow fever vaccine'
BA_003618,File:YellowFeverVirus.jpg,prefiltered,,,,,per-term cap 24 reached for 'yellow fever vaccine'
BA_003619,File:Yokukansan2.jpg,prefiltered,,,,,per-term cap 24 reached for 'Category:Pharmaceutical products'
BA_003620,File:Yokukansanchinpihange.jpg,prefiltered,,,,,per-term cap 24 reached for 'Category:Pharmaceutical products'
BA_003621,File:You and Your Baby leaflet Wellcome L0068136.jpg,prefiltered,,,,,title/credit names 'leaflet'
BA_003623,File:ZAS Corporation Warehouse Building.jpg,prefiltered,,,,,title/credit names 'Building'
BA_003624,File:Zahnputztabletten.jpg,prefiltered,,,,,per-term cap 24 reached for 'Category:Tablets (pharmacy)'
BA_003625,File:Zemska school Brahyntsi Slastion Window detail2.jpg,prefiltered,,,,,per-term cap 24 reached for 'oxymorphone'
BA_003626,File:Zemska school Brahyntsi Slastion facade10.jpg,prefiltered,,,,,per-term cap 24 reached for 'oxymorphone'
BA_003627,File:Zemska school Brahyntsi Slastion facade11.jpg,prefiltered,,,,,per-term cap 24 reached for 'oxymorphone'
BA_003628,File:Zemska school Brahyntsi Slastion facade7.jpg,prefiltered,,,,,per-term cap 24 reached for 'oxymorphone'
BA_003629,File:Zemska school Brahyntsi Slastion facade8.jpg,prefiltered,,,,,per-term cap 24 reached for 'oxymorphone'
BA_003630,File:Zemska school Brahyntsi Slastion facade9.jpg,prefiltered,,,,,per-term cap 24 reached for 'oxymorphone'
BA_003631,File:Zemska school Brahyntsi Slastion sliding partition between classrooms.jpg,prefiltered,,,,,per-term cap 24 reached for 'oxymorphone'
BA_003632,File:Zezulia 1886.jpg,prefiltered,,,,,per-term cap 24 reached for 'oxymorphone'
BA_003633,File:Zhovniansky 1906.jpg,prefiltered,,,,,per-term cap 24 reached for 'oxymorphone'
BA_003634,File:Zinnkraut - Ackerschachtelhalm.jpg,prefiltered,,,,,per-term cap 24 reached for 'Category:Pharmaceutical products'
BA_003635,File:Zoloft 100 mg tablets.jpg,prefiltered,,,,,per-term cap 24 reached for 'blister pack tablets'
BA_003636,File:Zoloft bottles.jpg,prefiltered,,,,,per-term cap 24 reached for 'Category:Medicine bottles'
BA_003637,File:Zolpidem DOJ.jpg,prefiltered,,,,,native short side 175 px
BA_003638,File:Zolpidem pills.jpg,prefiltered,,,,,native short side 94 px
BA_003640,"File:Zovirax, packaging Wellcome L0067161.jpg",prefiltered,,,,,per-term cap 24 reached for 'Category:Tablets (pharmacy)'
BA_003641,"File:Zumenon (estradiol hemihydrate) tablets in Australia, with one obverse and one reverse blister packs.jpg",prefiltered,,,,,per-term cap 24 reached for 'blister pack tablets'
BA_003642,"File:Zumenon (estradiol hemihydrate) tablets in Australia, with one opened blister pack and one unopened blister pack.jpg",prefiltered,,,,,per-term cap 24 reached for 'blister pack tablets'
BA_003643,"File:Zumenon (estradiol hemihydrate) tablets in Australia, with one unopened blister pack.jpg",prefiltered,,,,,per-term cap 24 reached for 'blister pack tablets'
BA_003644,"File:Zumenon (estradiol hemihydrate) tablets in Australia, with two obverse blister packs.jpg",prefiltered,,,,,per-term cap 24 reached for 'blister pack tablets'
BA_003645,File:Zungenreiniger 1.JPG,prefiltered,,,,,per-term cap 24 reached for 'Category:Blister packs'
BA_003646,File:Zungenreiniger 2.JPG,prefiltered,,,,,per-term cap 24 reached for 'Category:Blister packs'
BA_003647,File:Zungenreiniger 3.JPG,prefiltered,,,,,per-term cap 24 reached for 'Category:Blister packs'
BA_003648,File:Zungenreiniger 4.JPG,prefiltered,,,,,per-term cap 24 reached for 'Category:Blister packs'
BA_003649,File:Zungenreiniger 5.JPG,prefiltered,,,,,per-term cap 24 reached for 'Category:Blister packs'
BA_003650,File:Zurzuvae box.jpg,prefiltered,,,,,per-term cap 24 reached for 'Category:Pharmaceutical products'
BA_003651,File:Zurzuvae.jpg,prefiltered,,,,,per-term cap 24 reached for 'Category:Pharmaceutical products'
BA_003652,File:Zutatenliste Hustenbonbons.jpg,prefiltered,,,,,native short side 196 px
BA_003653,File:Zyflo.JPG,prefiltered,,,,,per-term cap 24 reached for 'Category:Medicine bottles'
BA_003654,File:Zyrtec-D blister pack.png,prefiltered,,,,,per-term cap 24 reached for 'blister pack tablets'
BA_003655,File:© PV Nova 3.jpeg,prefiltered,,,,,per-term cap 24 reached for 'penicillin V'
BA_003656,File:École des réugiés d'Asie mineure et de Macédoine distribution de quinine août 1916.jpg,prefiltered,,,,,per-term cap 24 reached for 'quinine sulfate'
BA_003657,File:Ögondroppar2.jpg,prefiltered,,,,,per-term cap 24 reached for 'Category:Pharmaceutical products'
BA_003658,File:Αυτοκτονία με την λήψη φαρμάκου-δηλητηρίου.jpg,prefiltered,,,,,per-term cap 24 reached for 'Category:Medicine bottles'
BA_003659,File:Історія України-Русі. 1912. Гайдамаки виступають в поход.jpg,prefiltered,,,,,per-term cap 24 reached for 'oxymorphone'
BA_003660,File:Історія України-Русі. 1912. Гайдамаки слухають кобзарської думи.jpg,prefiltered,,,,,per-term cap 24 reached for 'oxymorphone'
BA_003661,"File:Акридерм - Бетаметазон и салициловая - Индия (Bethamethasone-Salycilic, made in India) 01.jpg",prefiltered,,,,,per-term cap 24 reached for 'Category:Medicine bottles'
BA_003662,"File:Акридерм - Бетаметазон и салициловая - Индия (Bethamethasone-Salycilic, made in India) 02.jpg",prefiltered,,,,,per-term cap 24 reached for 'Category:Medicine bottles'
BA_003664,File:Брильянтовий зелений.jpg,prefiltered,,,,,per-term cap 24 reached for 'medicine bottle label'
BA_003665,File:Жир рыбий пищевой в капсулах.jpg,prefiltered,,,,,per-term cap 24 reached for 'vitamin A capsules'
BA_003666,File:Заводське (Брисі). Земська школа. 1913-14 рр. Архітектор О.Г. Сластіон.jpg,prefiltered,,,,,per-term cap 24 reached for 'oxymorphone'
BA_003667,File:КОРВАЛОЛ.jpg,prefiltered,,,,,per-term cap 24 reached for 'phenobarbital'
BA_003668,File:Латанопрост Фармстандарт-Лекко (Latanoprost generic by Pharmstandart-Lekko).jpg,prefiltered,,,,,per-term cap 24 reached for 'Category:Pharmaceutical products'
BA_003669,File:Латанопрост Фармстандарт-Лекко и Ксалатан (Latanoprost generic and Xalatan Pfizer).jpg,prefiltered,,,,,per-term cap 24 reached for 'Category:Pharmaceutical products'
BA_003670,"File:Лидокаин спрей, Эгис Венгрия (Lidocain, made in Hungary) 01.jpg",prefiltered,,,,,per-term cap 24 reached for 'Category:Pharmaceutical products'
BA_003671,"File:Лидокаин спрей, Эгис Венгрия (Lidocain, made in Hungary) 02.jpg",prefiltered,,,,,per-term cap 24 reached for 'Category:Pharmaceutical products'
BA_003672,File:Микролакс.jpg,prefiltered,,,,,per-term cap 24 reached for 'Category:Medicine bottles'
BA_003673,File:Натрия хлорид 1.jpg,prefiltered,,,,,per-term cap 24 reached for 'Category:Pharmaceutical products'
BA_003674,File:Натрия хлорид 2.jpg,prefiltered,,,,,per-term cap 24 reached for 'Category:Pharmaceutical products'
BA_003675,File:Натрия хлорид ампулы.jpg,prefiltered,,,,,per-term cap 24 reached for 'Category:Pharmaceutical products'
BA_003676,File:Натрия хлорид в ампулах.jpg,prefiltered,,,,,per-term cap 24 reached for 'Category:Pharmaceutical products'
BA_003677,File:Натрия хлорид.jpg,prefiltered,,,,,per-term cap 24 reached for 'Category:Pharmaceutical products'
BA_003678,"File:Парацетамол, Фармстандарт Курск (Paracetamol) 01.jpg",prefiltered,,,,,per-term cap 24 reached for 'Category:Pharmaceutical products'
BA_003679,"File:Парацетамол, Фармстандарт Курск (Paracetamol) 02.jpg",prefiltered,,,,,per-term cap 24 reached for 'Category:Pharmaceutical products'
BA_003680,"File:Парацетамол, Фармстандарт Курск (Paracetamol) 03.jpg",prefiltered,,,,,per-term cap 24 reached for 'Category:Pharmaceutical products'
BA_003681,File:Распылитель для порошка медицинский.jpg,prefiltered,,,,,per-term cap 24 reached for 'Category:Pharmaceutical products'
BA_003682,"File:Россия, п. Петровское.jpg",prefiltered,,,,,per-term cap 24 reached for 'human normal immunoglobulin'
BA_003683,File:Рыбий жир в капсулах.jpg,prefiltered,,,,,per-term cap 24 reached for 'vitamin A capsules'
BA_003684,File:Рыбий жир и льняное масло 1.jpg,prefiltered,,,,,per-term cap 24 reached for 'vitamin A capsules'
BA_003685,"File:С4-3 шайбовые резисторы с объёмным проводящим слоев, Ресурс Богородицк (04).jpg",prefiltered,,,,,per-term cap 24 reached for 'Category:Blister packs'
BA_003686,"File:С6-3-1 тонкоплёночные металлизированные резисторы для СВЧ до 18 ГГц, Эркон 1990 (02).jpg",prefiltered,,,,,per-term cap 24 reached for 'Category:Blister packs'
BA_003687,"File:С6-6-II тонкоплёночные металлизированные резисторы для СВЧ до 20 ГГц, Эркон 1988 (01).jpg",prefiltered,,,,,per-term cap 24 reached for 'Category:Blister packs'
BA_003688,"File:С6-6-II тонкоплёночные металлизированные резисторы для СВЧ до 20 ГГц, Эркон 1988 (02).jpg",prefiltered,,,,,per-term cap 24 reached for 'Category:Blister packs'
BA_003689,File:Сластьон Опанас. Ілюстрація до твору Тараса Шевченка «Іван Підкова».jpg,prefiltered,,,,,per-term cap 24 reached for 'oxymorphone'
BA_003690,File:Структурные формулы ментола и пропофола.jpg,prefiltered,,,,,per-term cap 24 reached for 'propofol Diprivan'
BA_003691,File:Флакон с контролем первого вскрытия ФК1.jpg,prefiltered,,,,,per-term cap 24 reached for 'Category:Pharmaceutical products'
BA_003692,"File:Хлоргексидин Виалайн, Армения (Chlorhexidine) 01.jpg",prefiltered,,,,,per-term cap 24 reached for 'Category:Pharmaceutical products'
BA_003693,"File:Хлоргексидин Виалайн, Армения (Chlorhexidine) 02.jpg",prefiltered,,,,,per-term cap 24 reached for 'Category:Pharmaceutical products'
BA_003694,File:Цитрамон.jpg,prefiltered,,,,,per-term cap 24 reached for 'Category:Pharmaceutical products'
BA_003695,File:דקסמול יום ולילה.jpg,prefiltered,,,,,per-term cap 24 reached for 'Category:Pharmaceutical products'
BA_003696,File:أموكسيسيلين انتاج مصنع سامراء Amoxicillin SDI production.jpg,prefiltered,,,,,per-term cap 24 reached for 'Augmentin'
BA_003697,File:قبيلة الدعجة أحد أكبر واهم القبائل الاردنيه عريقه تاريخ اصيله النسب كثيره العدد.jpg,prefiltered,,,,,per-term cap 24 reached for 'Category:Pharmaceutical products'
BA_003698,File:مصـل فيزيولوجي.jpg,prefiltered,,,,,per-term cap 24 reached for 'Category:Pharmaceutical products'
BA_003699,File:مصل فيزيولوجي طبيعي.jpg,prefiltered,,,,,per-term cap 24 reached for 'Category:Pharmaceutical products'
BA_003700,File:مصل فيزيولوجي.jpg,prefiltered,,,,,per-term cap 24 reached for 'Category:Pharmaceutical products'
BA_003701,File:مصل فيزيولوجي2.jpg,prefiltered,,,,,per-term cap 24 reached for 'Category:Pharmaceutical products'
BA_003702,File:サイレース錠2mg(エーザイ).jpg,prefiltered,,,,,per-term cap 24 reached for 'Category:Pharmaceutical products'
BA_003703,File:スマイル40 (32173842522).jpg,prefiltered,,,,,per-term cap 24 reached for 'Category:Pharmaceutical products'
BA_003704,File:ツムラ抑肝散.jpg,prefiltered,,,,,native short side 224 px
BA_003705,File:ツムラ抑肝散エキス顆粒（医療用）.jpg,prefiltered,,,,,per-term cap 24 reached for 'Category:Pharmaceutical products'
BA_003706,File:ツムラ抑肝散エキス顆粒（医療用）2.jpg,prefiltered,,,,,per-term cap 24 reached for 'Category:Pharmaceutical products'
BA_003707,File:ツムラ桔梗湯エキス顆粒（医療用）.jpg,prefiltered,,,,,per-term cap 24 reached for 'Category:Pharmaceutical products'
BA_003708,File:ツムラ桔梗湯エキス顆粒（医療用）2.jpg,prefiltered,,,,,per-term cap 24 reached for 'Category:Pharmaceutical products'
BA_003709,File:ナウゼリン錠10(協和発酵キリン).jpg,prefiltered,,,,,per-term cap 24 reached for 'Category:Pharmaceutical products'
BA_003710,File:ミオナール50m錠P6075387.jpg,prefiltered,,,,,per-term cap 24 reached for 'Category:Pharmaceutical products'
BA_003711,File:ミオナール錠50mg(エーザイ).jpg,prefiltered,,,,,per-term cap 24 reached for 'Category:Pharmaceutical products'
BA_003712,File:ムコスタ錠100mg.jpg,prefiltered,,,,,native short side 260 px
BA_003713,File:ランサップ400 20080511.jpg,prefiltered,,,,,per-term cap 24 reached for 'Augmentin'
BA_003714,File:レギュニール HCa 1.5 腹膜透析液.jpg,prefiltered,,,,,per-term cap 24 reached for 'Category:Pharmaceutical products'
BA_003715,File:レバミピド・ムコスタ点眼液UD大塚製薬.jpg,prefiltered,,,,,per-term cap 24 reached for 'Category:Pharmaceutical products'
BA_003716,File:レボフロキサシンOD錠250mg「トーワ」(東和薬品株式会社).jpg,prefiltered,,,,,per-term cap 24 reached for 'Category:Pharmaceutical products'
BA_003717,File:レボフロキサシンOD錠500mg「トーワ」(東和薬品株式会社).jpg,prefiltered,,,,,per-term cap 24 reached for 'Category:Pharmaceutical products'
BA_003718,File:ロキソプロフェンＮａ錠６０ｍｇ「サワイ」.jpg,prefiltered,,,,,per-term cap 24 reached for 'Category:Pharmaceutical products'
BA_003719,File:ロート製薬の2代目ロゴマーク入り目薬ケース.jpg,prefiltered,,,,,per-term cap 24 reached for 'Category:Pharmaceutical products'
BA_003720,File:何このリポＤ人気⁈買い占めてしまおう。 (4025507198).jpg,prefiltered,,,,,per-term cap 24 reached for 'Category:Pharmaceutical products'
BA_003721,File:北門嶼診所藥櫃.jpg,prefiltered,,,,,per-term cap 24 reached for 'Category:Medicine bottles'
BA_003722,File:塩酸エペリゾン錠 ミオナールC062506.jpg,prefiltered,,,,,per-term cap 24 reached for 'Category:Pharmaceutical products'
BA_003723,File:專思達 中華民國管制藥品標籤 20161229.jpg,prefiltered,,,,,per-term cap 24 reached for 'Category:Medicine bottles'
BA_003724,File:新V・ロート 大容量タイプ.jpg,prefiltered,,,,,per-term cap 24 reached for 'Category:Pharmaceutical products'
BA_003725,File:朝夕 (24882630202).jpg,prefiltered,,,,,per-term cap 24 reached for 'Category:Pharmaceutical products'
BA_003726,File:構造式 Amoxicillin.png,prefiltered,,,,,native short side 168 px
BA_003727,File:構造式 Penicillin V.PNG,prefiltered,,,,,native short side 152 px
BA_003728,File:生理盐水.png,prefiltered,,,,,per-term cap 24 reached for 'Category:Pharmaceutical products'
BA_003729,File:鄭莊公.jpg,prefiltered,,,,,per-term cap 24 reached for 'human normal immunoglobulin'
BA_000001,"File:""Buy a bottle of Adamson's Balsam for that cough"" (back).jpg",ok,balanced_authentic/BA_000001.jpg,332145655cb0b010086ecf61ddedc66e6dcd191a64dd9ab6c02fcedc08fbb0bb,620805,https://upload.wikimedia.org/wikipedia/commons/4/49/%22Buy_a_bottle_of_Adamson%27s_Balsam_for_that_cough%22_%28back%29.jpg?utm_source=commons.wikimedia.org&utm_campaign=imageinfo&utm_content=thumbnail_unscaled,
BA_000002,"File:""Buy a bottle of Adamson's Balsam for that cough"" (front).jpg",ok,balanced_authentic/BA_000002.jpg,9f785b98fe411bd642b0bb32fe8dcd272a07c735ba5a63359c6ad9c760e2eb03,698331,https://upload.wikimedia.org/wikipedia/commons/e/ec/%22Buy_a_bottle_of_Adamson%27s_Balsam_for_that_cough%22_%28front%29.jpg?utm_source=commons.wikimedia.org&utm_campaign=imageinfo&utm_content=thumbnail_unscaled,
BA_000003,"File:""Duma about Opanas"" by Eduard Bagritsky.png",ok,balanced_authentic/BA_000003.jpg,c8034cd55e9672d0aaab32d065cb75c9f94111065814bd376680be3054d0a75f,862731,https://thumb.wikimedia.org/wikipedia/commons/thumb/e/e0/%22Duma_about_Opanas%22_by_Eduard_Bagritsky.png/1280px-%22Duma_about_Opanas%22_by_Eduard_Bagritsky.png?utm_source=commons.wikimedia.org&utm_campaign=imageinfo&utm_content=thumbnail,
BA_000004,"File:""Frog In Your Throat?"" lozenges - DPLA - b063062b634c631b3588ad1ab2321e09 (page 1).jpg",ok,balanced_authentic/BA_000004.jpg,163e7e31b1e9b1672f7403964657d97e70e7a386bf378fbc5d73a790a5cea5bd,444911,https://thumb.wikimedia.org/wikipedia/commons/thumb/5/5e/%22Frog_In_Your_Throat%3F%22_lozenges_-_DPLA_-_b063062b634c631b3588ad1ab2321e09_%28page_1%29.jpg/1280px-%22Frog_In_Your_Throat%3F%22_lozenges_-_DPLA_-_b063062b634c631b3588ad1ab2321e09_%28page_1%29.jpg?utm_source=commons.wikimedia.org&utm_campaign=imageinfo&utm_content=thumbnail,
BA_000005,"File:""Frog In Your Throat?"" lozenges - DPLA - b063062b634c631b3588ad1ab2321e09 (page 2).jpg",ok,balanced_authentic/BA_000005.jpg,fab615fd0cd509ebc4fa079f83a567f6d3cb6990eacd54536d09cf5e46ab9a09,437097,https://thumb.wikimedia.org/wikipedia/commons/thumb/f/f4/%22Frog_In_Your_Throat%3F%22_lozenges_-_DPLA_-_b063062b634c631b3588ad1ab2321e09_%28page_2%29.jpg/1280px-%22Frog_In_Your_Throat%3F%22_lozenges_-_DPLA_-_b063062b634c631b3588ad1ab2321e09_%28page_2%29.jpg?utm_source=commons.wikimedia.org&utm_campaign=imageinfo&utm_content=thumbnail,
BA_000006,File:'Calpol Suspension' delivery van Wellcome L0034049.jpg,ok,balanced_authentic/BA_000006.jpg,b17788fca5b11068355de8d494735a156ad23dc892300968fcd37571541056cc,248361,https://thumb.wikimedia.org/wikipedia/commons/thumb/6/68/%27Calpol_Suspension%27_delivery_van_Wellcome_L0034049.jpg/1280px-%27Calpol_Suspension%27_delivery_van_Wellcome_L0034049.jpg?utm_source=commons.wikimedia.org&utm_campaign=imageinfo&utm_content=thumbnail,
BA_000009,File:'Kepler' Cod Liver Oil with Malt Extract Wellcome L0074863.jpg,ok,balanced_authentic/BA_000009.jpg,f6a7693e02742613750ca094727f8363141674cf6af8789cc045cb772fa3ff6b,733824,https://thumb.wikimedia.org/wikipedia/commons/thumb/a/a7/%27Kepler%27_Cod_Liver_Oil_with_Malt_Extract_Wellcome_L0074863.jpg/1280px-%27Kepler%27_Cod_Liver_Oil_with_Malt_Extract_Wellcome_L0074863.jpg?utm_source=commons.wikimedia.org&utm_campaign=imageinfo&utm_content=thumbnail,
BA_000010,"File:'Laeyson's Odorous Powders', France, 1801-1900 Wellcome L0058940.jpg",ok,balanced_authentic/BA_000010.jpg,6bea1587cfd1ea00d76b6db709f92d5f5d5f6a556b83f9a22ba8b772abd3eca6,436229,https://thumb.wikimedia.org/wikipedia/commons/thumb/c/c5/%27Laeyson%27s_Odorous_Powders%27%2C_France%2C_1801-1900_Wellcome_L0058940.jpg/1280px-%27Laeyson%27s_Odorous_Powders%27%2C_France%2C_1801-1900_Wellcome_L0058940.jpg?utm_source=commons.wikimedia.org&utm_campaign=imageinfo&utm_content=thumbnail,
BA_000011,File:-13wiki.jpg,ok,balanced_authentic/BA_000011.jpg,2b910a16932442e400ecf696bfb1b0e0bd16ed2c1a8dcd5c6e4bc9cc0bb18f7c,724247,https://thumb.wikimedia.org/wikipedia/commons/thumb/6/68/-13wiki.jpg/1280px--13wiki.jpg?utm_source=commons.wikimedia.org&utm_campaign=imageinfo&utm_content=thumbnail,
BA_000012,File:0.9% Normal Saline 100ml 001.jpg,ok,balanced_authentic/BA_000012.jpg,8ae87cd88ede7617058e7c77e946bac3fea924d5a0e3528ca9167e1c82065302,132640,https://thumb.wikimedia.org/wikipedia/commons/thumb/e/e0/0.9%25_Normal_Saline_100ml_001.jpg/1280px-0.9%25_Normal_Saline_100ml_001.jpg?utm_source=commons.wikimedia.org&utm_campaign=imageinfo&utm_content=thumbnail,
BA_000013,File:0.9% saline for intravenous use.jpg,ok,balanced_authentic/BA_000013.jpg,cce25eac0fa1bf719d83abb0c9717a9ce34b64283a1405848f756633dce82dae,84815,https://thumb.wikimedia.org/wikipedia/commons/thumb/e/e3/0.9%25_saline_for_intravenous_use.jpg/1280px-0.9%25_saline_for_intravenous_use.jpg?utm_source=commons.wikimedia.org&utm_campaign=imageinfo&utm_content=thumbnail,
BA_000014,File:001 2019 05 27 Augenpflege.jpg,ok,balanced_authentic/BA_000014.jpg,4fbdb8ebf2e6164f8c5da54970f33d85871fa0e381c5798c4ddc75969fad080d,224357,https://thumb.wikimedia.org/wikipedia/commons/thumb/4/47/001_2019_05_27_Augenpflege.jpg/1280px-001_2019_05_27_Augenpflege.jpg?utm_source=commons.wikimedia.org&utm_campaign=imageinfo&utm_content=thumbnail,
BA_000015,File:1 oz of Gold.jpg,ok,balanced_authentic/BA_000015.jpg,1d2dbd5b51e87992dd6ceb5e9c2f73edd9291c6db62b019224a12af429a4fa8b,137887,https://upload.wikimedia.org/wikipedia/commons/5/59/1_oz_of_Gold.jpg?utm_source=commons.wikimedia.org&utm_campaign=imageinfo&utm_content=thumbnail_unscaled,
BA_000017,"File:110 Cartoixa de Valldemossa, antiga apotecaria, flascons.jpg",ok,balanced_authentic/BA_000017.jpg,4eab9f0c0dc7dc7f641d5800fb22f427745cfc23b531d6a3642ec5736e44d3a8,292792,https://thumb.wikimedia.org/wikipedia/commons/thumb/8/8d/110_Cartoixa_de_Valldemossa%2C_antiga_apotecaria%2C_flascons.jpg/1280px-110_Cartoixa_de_Valldemossa%2C_antiga_apotecaria%2C_flascons.jpg?utm_source=commons.wikimedia.org&utm_campaign=imageinfo&utm_content=thumbnail,
BA_000018,File:110404-F-AM028-036 packs of IOSAT potassium iodide tablets.jpg,ok,balanced_authentic/BA_000018.jpg,a0b0884196c64a25c3b39e920a357d78688988d0dc0ee70a7e0e606eeaadc891,274658,https://thumb.wikimedia.org/wikipedia/commons/thumb/c/cd/110404-F-AM028-036_packs_of_IOSAT_potassium_iodide_tablets.jpg/1280px-110404-F-AM028-036_packs_of_IOSAT_potassium_iodide_tablets.jpg?utm_source=commons.wikimedia.org&utm_campaign=imageinfo&utm_content=thumbnail,
BA_000019,File:110905-F-XX000-102 (6157605712).jpg,ok,balanced_authentic/BA_000019.jpg,3e07b2a1bbe4aeeb03dddd61ba50197ed4cf137309c2023315f1bfdc957cf3ae,17583,https://upload.wikimedia.org/wikipedia/commons/0/0b/110905-F-XX000-102_%286157605712%29.jpg?utm_source=commons.wikimedia.org&utm_campaign=imageinfo&utm_content=thumbnail_unscaled,
BA_000021,File:12-08-18-tilidin-retard.jpg,ok,balanced_authentic/BA_000021.jpg,fab838c4a3df03c8e1f2b792f5119cf09dad94b13b439456e59e792ec54dbb75,314443,https://thumb.wikimedia.org/wikipedia/commons/thumb/6/65/12-08-18-tilidin-retard.jpg/1280px-12-08-18-tilidin-retard.jpg?utm_source=commons.wikimedia.org&utm_campaign=imageinfo&utm_content=thumbnail,
BA_000022,File:120310-F-XC314-001 (6979611329).jpg,ok,balanced_authentic/BA_000022.jpg,1dca09e891dd6c30ec832a7ba789260db81f2fe24ca89d6a6c53a3a97af4c75d,241226,https://thumb.wikimedia.org/wikipedia/commons/thumb/f/f7/120310-F-XC314-001_%286979611329%29.jpg/1280px-120310-F-XC314-001_%286979611329%29.jpg?utm_source=commons.wikimedia.org&utm_campaign=imageinfo&utm_content=thumbnail,
BA_000023,File:128708 rishon lezion museum PikiWiki Israel.jpg,ok,balanced_authentic/BA_000023.jpg,020629d0e1a4329320d6b00db5a80afa13912a530614a834fd34a7b398056007,379049,https://thumb.wikimedia.org/wikipedia/commons/thumb/d/dc/128708_rishon_lezion_museum_PikiWiki_Israel.jpg/1280px-128708_rishon_lezion_museum_PikiWiki_Israel.jpg?utm_source=commons.wikimedia.org&utm_campaign=imageinfo&utm_content=thumbnail,
BA_000025,File:14418-broken-tamperproof-seal.jpg,ok,balanced_authentic/BA_000025.jpg,d6326c4fe2e0975092abb84ce646062cf5fc09d01c3bd7ec60b40c9ba4ccfa66,31236,https://upload.wikimedia.org/wikipedia/commons/4/49/14418-broken-tamperproof-seal.jpg?utm_source=commons.wikimedia.org&utm_campaign=imageinfo&utm_content=thumbnail_unscaled,
BA_000026,File:150624-N-NK134-044 (19337199570).jpg,ok,balanced_authentic/BA_000026.jpg,d8a52950f7433ac6400dc6bfe878713f75a6b32fe7d15161c5545d1f20a27f10,352491,https://thumb.wikimedia.org/wikipedia/commons/thumb/6/6b/150624-N-NK134-044_%2819337199570%29.jpg/1280px-150624-N-NK134-044_%2819337199570%29.jpg?utm_source=commons.wikimedia.org&utm_campaign=imageinfo&utm_content=thumbnail,
BA_000027,File:1909 Renault AX (Autoworld).jpg,ok,balanced_authentic/BA_000027.jpg,5ab0692c60e84b9761ff34d842771be8173a2ca74eb3bd10b1c0f3b2acc44b59,349344,https://thumb.wikimedia.org/wikipedia/commons/thumb/3/32/1909_Renault_AX_%28Autoworld%29.jpg/1280px-1909_Renault_AX_%28Autoworld%29.jpg?utm_source=commons.wikimedia.org&utm_campaign=imageinfo&utm_content=thumbnail,
BA_000028,File:1930s tin of codeine based painkillers by Apoteket Korpen Gothenburg Sweden.jpg,ok,balanced_authentic/BA_000028.jpg,6a7b1a3a7df94e5de5c37a7b7eb7e8b233506055f20a79e887fe76221f18e0ce,316866,https://thumb.wikimedia.org/wikipedia/commons/thumb/f/f8/1930s_tin_of_codeine_based_painkillers_by_Apoteket_Korpen_Gothenburg_Sweden.jpg/1280px-1930s_tin_of_codeine_based_painkillers_by_Apoteket_Korpen_Gothenburg_Sweden.jpg?utm_source=commons.wikimedia.org&utm_campaign=imageinfo&utm_content=thumbnail,
BA_000029,File:1940s Albyl acetylsalicylic acid tin by Aktiebolaget Leo Helsingborg Sweden.jpg,ok,balanced_authentic/BA_000029.jpg,bc24a035729941a8ed24da3328f3b49e4f4c9d5c1588e06b5b13e0b4ab760b75,341703,https://thumb.wikimedia.org/wikipedia/commons/thumb/6/62/1940s_Albyl_acetylsalicylic_acid_tin_by_Aktiebolaget_Leo_Helsingborg_Sweden.jpg/1280px-1940s_Albyl_acetylsalicylic_acid_tin_by_Aktiebolaget_Leo_Helsingborg_Sweden.jpg?utm_source=commons.wikimedia.org&utm_campaign=imageinfo&utm_content=thumbnail,
BA_000030,File:1950s Albyl acetylsalicylic acid tin by Aktiebolaget Leo Helsingborg Sweden.jpg,ok,balanced_authentic/BA_000030.jpg,687768e6b1905cee951557ff616985df1c9626cba2716efc17f44f0d0c167bcf,266674,https://thumb.wikimedia.org/wikipedia/commons/thumb/e/e0/1950s_Albyl_acetylsalicylic_acid_tin_by_Aktiebolaget_Leo_Helsingborg_Sweden.jpg/1280px-1950s_Albyl_acetylsalicylic_acid_tin_by_Aktiebolaget_Leo_Helsingborg_Sweden.jpg?utm_source=commons.wikimedia.org&utm_campaign=imageinfo&utm_content=thumbnail,
BA_000031,File:1989 Citroen AX GT.jpg,ok,balanced_authentic/BA_000031.jpg,9325b8f9d2b1dae7b92a3db2f4ed089975578a57adf89d26180858b8fbdfe15e,210205,https://thumb.wikimedia.org/wikipedia/commons/thumb/6/69/1989_Citroen_AX_GT.jpg/1280px-1989_Citroen_AX_GT.jpg?utm_source=commons.wikimedia.org&utm_campaign=imageinfo&utm_content=thumbnail,
BA_000033,File:200mgTramadol.jpg,ok,balanced_authentic/BA_000033.jpg,e0bce70d3b39f11b4f82c2255a3b4296e61a993ac5f8ba1ecf36edbb75ab285b,326539,https://upload.wikimedia.org/wikipedia/commons/6/64/200mgTramadol.jpg?utm_source=commons.wikimedia.org&utm_campaign=imageinfo&utm_content=thumbnail_unscaled,
BA_000034,File:20100106-Indapamide-DSC00001.jpg,ok,balanced_authentic/BA_000034.jpg,4babdb6f2f3e84e718184f7fb9f83fd5d2e7162f5b01b8a6ab1a364453afe570,165610,https://thumb.wikimedia.org/wikipedia/commons/thumb/a/af/20100106-Indapamide-DSC00001.jpg/1280px-20100106-Indapamide-DSC00001.jpg?utm_source=commons.wikimedia.org&utm_campaign=imageinfo&utm_content=thumbnail,
BA_000035,File:20120127-CefuroximeTablets-from-TKOH-SDC13826.JPG,ok,balanced_authentic/BA_000035.jpg,3a16d9b3e43e27f581d70d4f318742936b3c2b5637e1fdee180951eab8c5e4bc,334576,https://thumb.wikimedia.org/wikipedia/commons/thumb/c/c5/20120127-CefuroximeTablets-from-TKOH-SDC13826.JPG/1280px-20120127-CefuroximeTablets-from-TKOH-SDC13826.JPG?utm_source=commons.wikimedia.org&utm_campaign=imageinfo&utm_content=thumbnail,
BA_000036,File:20130613-IMG 2487 (9291287217).jpg,ok,balanced_authentic/BA_000036.jpg,f1779da47eec02b21794cb8dd2d66674e2ba2cf2a2db5a31f7587c97398a0439,271859,https://thumb.wikimedia.org/wikipedia/commons/thumb/3/3b/20130613-IMG_2487_%289291287217%29.jpg/1280px-20130613-IMG_2487_%289291287217%29.jpg?utm_source=commons.wikimedia.org&utm_campaign=imageinfo&utm_content=thumbnail,
BA_000038,File:2016 366 99 Angelo (26289203556).jpg,ok,balanced_authentic/BA_000038.jpg,190d88342113ba9e343f45afa736d2c885d54fb2ca1d8e0669637bba30403aa9,173429,https://thumb.wikimedia.org/wikipedia/commons/thumb/8/89/2016_366_99_Angelo_%2826289203556%29.jpg/1280px-2016_366_99_Angelo_%2826289203556%29.jpg?utm_source=commons.wikimedia.org&utm_campaign=imageinfo&utm_content=thumbnail,
BA_000039,File:2016-03-05 sáb 182531 - Trimebutina Andrómaco.jpg,ok,balanced_authentic/BA_000039.jpg,6c02c8d225acf25a4671e4f255532dc528dce638a61e9401c24263d4e7264e66,153153,https://thumb.wikimedia.org/wikipedia/commons/thumb/6/6d/2016-03-05_s%C3%A1b_182531_-_Trimebutina_Andr%C3%B3maco.jpg/1280px-2016-03-05_s%C3%A1b_182531_-_Trimebutina_Andr%C3%B3maco.jpg?utm_source=commons.wikimedia.org&utm_campaign=imageinfo&utm_content=thumbnail,
BA_000040,File:2016-08-03 Acofide ® Tablets 100mg （アコファイド®錠100mg、アコチアミド塩酸塩水和物）acotiamide hydrochloride hydrate DSCF5130.jpg,ok,balanced_authentic/BA_000040.jpg,9f40711e10f38b1ee9108f4b61062c158c0f169c07217efa48781c13ff7a49d6,443430,https://thumb.wikimedia.org/wikipedia/commons/thumb/5/52/2016-08-03_Acofide_%C2%AE_Tablets_100mg_%EF%BC%88%E3%82%A2%E3%82%B3%E3%83%95%E3%82%A1%E3%82%A4%E3%83%89%C2%AE%E9%8C%A0100mg%E3%80%81%E3%82%A2%E3%82%B3%E3%83%81%E3%82%A2%E3%83%9F%E3%83%89%E5%A1%A9%E9%85%B8%E5%A1%A9%E6%B0%B4%E5%92%8C%E7%89%A9%EF%BC%89acotiamide_hydrochloride_hydrate_DSCF5130.jpg/1280px-2016-08-03_Acofide_%C2%AE_Tablets_100mg_%EF%BC%88%E3%82%A2%E3%82%B3%E3%83%95%E3%82%A1%E3%82%A4%E3%83%89%C2%AE%E9%8C%A0100mg%E3%80%81%E3%82%A2%E3%82%B3%E3%83%81%E3%82%A2%E3%83%9F%E3%83%89%E5%A1%A9%E9%85%B8%E5%A1%A9%E6%B0%B4%E5%92%8C%E7%89%A9%EF%BC%89acotiamide_hydrochloride_hydrate_DSCF5130.jpg?utm_source=commons.wikimedia.org&utm_campaign=imageinfo&utm_content=thumbnail,
BA_000041,File:2016-08-03 Acofide ® Tablets 100mg （アコファイド®錠100mg、アコチアミド塩酸塩水和物）acotiamide hydrochloride hydrate DSCF5131.jpg,ok,balanced_authentic/BA_000041.jpg,04c5cc86b02f8d428ffb2d14c68ac83598f9386234cabe7ccd4c9719a367a7c0,375298,https://thumb.wikimedia.org/wikipedia/commons/thumb/b/b8/2016-08-03_Acofide_%C2%AE_Tablets_100mg_%EF%BC%88%E3%82%A2%E3%82%B3%E3%83%95%E3%82%A1%E3%82%A4%E3%83%89%C2%AE%E9%8C%A0100mg%E3%80%81%E3%82%A2%E3%82%B3%E3%83%81%E3%82%A2%E3%83%9F%E3%83%89%E5%A1%A9%E9%85%B8%E5%A1%A9%E6%B0%B4%E5%92%8C%E7%89%A9%EF%BC%89acotiamide_hydrochloride_hydrate_DSCF5131.jpg/1280px-2016-08-03_Acofide_%C2%AE_Tablets_100mg_%EF%BC%88%E3%82%A2%E3%82%B3%E3%83%95%E3%82%A1%E3%82%A4%E3%83%89%C2%AE%E9%8C%A0100mg%E3%80%81%E3%82%A2%E3%82%B3%E3%83%81%E3%82%A2%E3%83%9F%E3%83%89%E5%A1%A9%E9%85%B8%E5%A1%A9%E6%B0%B4%E5%92%8C%E7%89%A9%EF%BC%89acotiamide_hydrochloride_hydrate_DSCF5131.jpg?utm_source=commons.wikimedia.org&utm_campaign=imageinfo&utm_content=thumbnail,
BA_000042,File:2016-08-03 Acofide ® Tablets 100mg （アコファイド®錠100mg、アコチアミド塩酸塩水和物）acotiamide hydrochloride hydrate DSCF5132.jpg,ok,balanced_authentic/BA_000042.jpg,93c6721cf0eeea3338bac2988a3ba764f7e87f306b72c208ad22180ab809f53d,352966,https://thumb.wikimedia.org/wikipedia/commons/thumb/6/64/2016-08-03_Acofide_%C2%AE_Tablets_100mg_%EF%BC%88%E3%82%A2%E3%82%B3%E3%83%95%E3%82%A1%E3%82%A4%E3%83%89%C2%AE%E9%8C%A0100mg%E3%80%81%E3%82%A2%E3%82%B3%E3%83%81%E3%82%A2%E3%83%9F%E3%83%89%E5%A1%A9%E9%85%B8%E5%A1%A9%E6%B0%B4%E5%92%8C%E7%89%A9%EF%BC%89acotiamide_hydrochloride_hydrate_DSCF5132.jpg/1280px-2016-08-03_Acofide_%C2%AE_Tablets_100mg_%EF%BC%88%E3%82%A2%E3%82%B3%E3%83%95%E3%82%A1%E3%82%A4%E3%83%89%C2%AE%E9%8C%A0100mg%E3%80%81%E3%82%A2%E3%82%B3%E3%83%81%E3%82%A2%E3%83%9F%E3%83%89%E5%A1%A9%E9%85%B8%E5%A1%A9%E6%B0%B4%E5%92%8C%E7%89%A9%EF%BC%89acotiamide_hydrochloride_hydrate_DSCF5132.jpg?utm_source=commons.wikimedia.org&utm_campaign=imageinfo&utm_content=thumbnail,
BA_000043,File:2016-08-03 Acofide ® Tablets 100mg （アコファイド®錠100mg、アコチアミド塩酸塩水和物）acotiamide hydrochloride hydrate DSCF5133.jpg,ok,balanced_authentic/BA_000043.jpg,0bc8cd8097aba3d1c28f33868c27c8adb7e3123dbc4b8083671b6d10b0ccaf51,297158,https://thumb.wikimedia.org/wikipedia/commons/thumb/5/56/2016-08-03_Acofide_%C2%AE_Tablets_100mg_%EF%BC%88%E3%82%A2%E3%82%B3%E3%83%95%E3%82%A1%E3%82%A4%E3%83%89%C2%AE%E9%8C%A0100mg%E3%80%81%E3%82%A2%E3%82%B3%E3%83%81%E3%82%A2%E3%83%9F%E3%83%89%E5%A1%A9%E9%85%B8%E5%A1%A9%E6%B0%B4%E5%92%8C%E7%89%A9%EF%BC%89acotiamide_hydrochloride_hydrate_DSCF5133.jpg/1280px-2016-08-03_Acofide_%C2%AE_Tablets_100mg_%EF%BC%88%E3%82%A2%E3%82%B3%E3%83%95%E3%82%A1%E3%82%A4%E3%83%89%C2%AE%E9%8C%A0100mg%E3%80%81%E3%82%A2%E3%82%B3%E3%83%81%E3%82%A2%E3%83%9F%E3%83%89%E5%A1%A9%E9%85%B8%E5%A1%A9%E6%B0%B4%E5%92%8C%E7%89%A9%EF%BC%89acotiamide_hydrochloride_hydrate_DSCF5133.jpg?utm_source=commons.wikimedia.org&utm_campaign=imageinfo&utm_content=thumbnail,
BA_000044,File:2016-08-03 Acofide ® Tablets 100mg （アコファイド®錠100mg、アコチアミド塩酸塩水和物）acotiamide hydrochloride hydrate DSCF5134.jpg,ok,balanced_authentic/BA_000044.jpg,8f9280e842893d4c51311be1381f3cdf1a52547ab9fd3f5f6c0b2885b17458bc,280142,https://thumb.wikimedia.org/wikipedia/commons/thumb/d/d2/2016-08-03_Acofide_%C2%AE_Tablets_100mg_%EF%BC%88%E3%82%A2%E3%82%B3%E3%83%95%E3%82%A1%E3%82%A4%E3%83%89%C2%AE%E9%8C%A0100mg%E3%80%81%E3%82%A2%E3%82%B3%E3%83%81%E3%82%A2%E3%83%9F%E3%83%89%E5%A1%A9%E9%85%B8%E5%A1%A9%E6%B0%B4%E5%92%8C%E7%89%A9%EF%BC%89acotiamide_hydrochloride_hydrate_DSCF5134.jpg/1280px-2016-08-03_Acofide_%C2%AE_Tablets_100mg_%EF%BC%88%E3%82%A2%E3%82%B3%E3%83%95%E3%82%A1%E3%82%A4%E3%83%89%C2%AE%E9%8C%A0100mg%E3%80%81%E3%82%A2%E3%82%B3%E3%83%81%E3%82%A2%E3%83%9F%E3%83%89%E5%A1%A9%E9%85%B8%E5%A1%A9%E6%B0%B4%E5%92%8C%E7%89%A9%EF%BC%89acotiamide_hydrochloride_hydrate_DSCF5134.jpg?utm_source=commons.wikimedia.org&utm_campaign=imageinfo&utm_content=thumbnail,
BA_000045,File:2016-08-03 Acofide ® Tablets 100mg （アコファイド®錠100mg、アコチアミド塩酸塩水和物）acotiamide hydrochloride hydrate DSCF5135.jpg,ok,balanced_authentic/BA_000045.jpg,c35a0c7d42daace40a96f44c5cf78279f74aba04d781750c38c8ecc95427c4ae,344440,https://thumb.wikimedia.org/wikipedia/commons/thumb/4/4c/2016-08-03_Acofide_%C2%AE_Tablets_100mg_%EF%BC%88%E3%82%A2%E3%82%B3%E3%83%95%E3%82%A1%E3%82%A4%E3%83%89%C2%AE%E9%8C%A0100mg%E3%80%81%E3%82%A2%E3%82%B3%E3%83%81%E3%82%A2%E3%83%9F%E3%83%89%E5%A1%A9%E9%85%B8%E5%A1%A9%E6%B0%B4%E5%92%8C%E7%89%A9%EF%BC%89acotiamide_hydrochloride_hydrate_DSCF5135.jpg/1280px-2016-08-03_Acofide_%C2%AE_Tablets_100mg_%EF%BC%88%E3%82%A2%E3%82%B3%E3%83%95%E3%82%A1%E3%82%A4%E3%83%89%C2%AE%E9%8C%A0100mg%E3%80%81%E3%82%A2%E3%82%B3%E3%83%81%E3%82%A2%E3%83%9F%E3%83%89%E5%A1%A9%E9%85%B8%E5%A1%A9%E6%B0%B4%E5%92%8C%E7%89%A9%EF%BC%89acotiamide_hydrochloride_hydrate_DSCF5135.jpg?utm_source=commons.wikimedia.org&utm_campaign=imageinfo&utm_content=thumbnail,
BA_000046,File:2016-08-03 Acofide ® Tablets 100mg （アコファイド®錠100mg、アコチアミド塩酸塩水和物）acotiamide hydrochloride hydrate DSCF5136.jpg,ok,balanced_authentic/BA_000046.jpg,c4e0a59ccc16effb6116904691de23e3246d5c4fc8539f37623d5f49e945f889,319987,https://thumb.wikimedia.org/wikipedia/commons/thumb/8/83/2016-08-03_Acofide_%C2%AE_Tablets_100mg_%EF%BC%88%E3%82%A2%E3%82%B3%E3%83%95%E3%82%A1%E3%82%A4%E3%83%89%C2%AE%E9%8C%A0100mg%E3%80%81%E3%82%A2%E3%82%B3%E3%83%81%E3%82%A2%E3%83%9F%E3%83%89%E5%A1%A9%E9%85%B8%E5%A1%A9%E6%B0%B4%E5%92%8C%E7%89%A9%EF%BC%89acotiamide_hydrochloride_hydrate_DSCF5136.jpg/1280px-2016-08-03_Acofide_%C2%AE_Tablets_100mg_%EF%BC%88%E3%82%A2%E3%82%B3%E3%83%95%E3%82%A1%E3%82%A4%E3%83%89%C2%AE%E9%8C%A0100mg%E3%80%81%E3%82%A2%E3%82%B3%E3%83%81%E3%82%A2%E3%83%9F%E3%83%89%E5%A1%A9%E9%85%B8%E5%A1%A9%E6%B0%B4%E5%92%8C%E7%89%A9%EF%BC%89acotiamide_hydrochloride_hydrate_DSCF5136.jpg?utm_source=commons.wikimedia.org&utm_campaign=imageinfo&utm_content=thumbnail,
BA_000047,File:2017-05-31 Pepticol.jpg,ok,balanced_authentic/BA_000047.jpg,7ecafe36f650a227eca77579fef4825179d825905170edb9cb2e8a1e88f4c7b1,700985,https://thumb.wikimedia.org/wikipedia/commons/thumb/9/9f/2017-05-31_Pepticol.jpg/1280px-2017-05-31_Pepticol.jpg?utm_source=commons.wikimedia.org&utm_campaign=imageinfo&utm_content=thumbnail,
BA_000048,File:2017-05-31 Pharmacy Museum in Kraków 4.jpg,ok,balanced_authentic/BA_000048.jpg,54429fbcb03545daa8c56ec27b0ce9d079bd9dd3f84d30b40f565fe0e0d9f235,529909,https://thumb.wikimedia.org/wikipedia/commons/thumb/d/da/2017-05-31_Pharmacy_Museum_in_Krak%C3%B3w_4.jpg/1280px-2017-05-31_Pharmacy_Museum_in_Krak%C3%B3w_4.jpg?utm_source=commons.wikimedia.org&utm_campaign=imageinfo&utm_content=thumbnail,
BA_000049,"File:2018.11.20 Meningococcal and HPV Vaccines, Washington, DC USA 4269 (45072537995).jpg",ok,balanced_authentic/BA_000049.jpg,7306d45cea030bfe937d6d0028f6c446dc7b2b6b4828e653e0878bde6d8526f2,661133,https://thumb.wikimedia.org/wikipedia/commons/thumb/1/11/2018.11.20_Meningococcal_and_HPV_Vaccines%2C_Washington%2C_DC_USA_4269_%2845072537995%29.jpg/1280px-2018.11.20_Meningococcal_and_HPV_Vaccines%2C_Washington%2C_DC_USA_4269_%2845072537995%29.jpg?utm_source=commons.wikimedia.org&utm_campaign=imageinfo&utm_content=thumbnail,
BA_000050,"File:2018.11.20 Meningococcal and HPV Vaccines, Washington, DC USA 4270 (45260286484).jpg",ok,balanced_authentic/BA_000050.jpg,c880363a34c12ece0e50b59e8e26aa2391e658d9c1bf9c57c38e09302d29c7e6,653126,https://thumb.wikimedia.org/wikipedia/commons/thumb/1/1c/2018.11.20_Meningococcal_and_HPV_Vaccines%2C_Washington%2C_DC_USA_4270_%2845260286484%29.jpg/1280px-2018.11.20_Meningococcal_and_HPV_Vaccines%2C_Washington%2C_DC_USA_4270_%2845260286484%29.jpg?utm_source=commons.wikimedia.org&utm_campaign=imageinfo&utm_content=thumbnail,
BA_000051,"File:2018.11.20 Meningococcal and HPV Vaccines, Washington, DC USA 4273 (31045454957).jpg",ok,balanced_authentic/BA_000051.jpg,ff75bc66e04e4821136b96c3a1f7cddae5f0dd4a217440b805d0ab145b2f89ad,773639,https://thumb.wikimedia.org/wikipedia/commons/thumb/3/3d/2018.11.20_Meningococcal_and_HPV_Vaccines%2C_Washington%2C_DC_USA_4273_%2831045454957%29.jpg/1280px-2018.11.20_Meningococcal_and_HPV_Vaccines%2C_Washington%2C_DC_USA_4273_%2831045454957%29.jpg?utm_source=commons.wikimedia.org&utm_campaign=imageinfo&utm_content=thumbnail,
BA_000052,"File:2018.11.20 Meningococcal and HPV Vaccines, Washington, DC USA 4274 (31045456967).jpg",ok,balanced_authentic/BA_000052.jpg,1f50c31b7ad00f597b9573795f4cce4a864deb0f167466ee1f0834ee58f733d8,665851,https://thumb.wikimedia.org/wikipedia/commons/thumb/b/bc/2018.11.20_Meningococcal_and_HPV_Vaccines%2C_Washington%2C_DC_USA_4274_%2831045456967%29.jpg/1280px-2018.11.20_Meningococcal_and_HPV_Vaccines%2C_Washington%2C_DC_USA_4274_%2831045456967%29.jpg?utm_source=commons.wikimedia.org&utm_campaign=imageinfo&utm_content=thumbnail,
BA_000053,"File:2018.11.20 Meningococcal and HPV Vaccines, Washington, DC USA 4275 (32113493668).jpg",ok,balanced_authentic/BA_000053.jpg,95ce82ec6a0beab6b42a5ee1759c6dc8fe52b0c428affbbf85bf72ccaa114701,268070,https://thumb.wikimedia.org/wikipedia/commons/thumb/9/97/2018.11.20_Meningococcal_and_HPV_Vaccines%2C_Washington%2C_DC_USA_4275_%2832113493668%29.jpg/1280px-2018.11.20_Meningococcal_and_HPV_Vaccines%2C_Washington%2C_DC_USA_4275_%2832113493668%29.jpg?utm_source=commons.wikimedia.org&utm_campaign=imageinfo&utm_content=thumbnail,
BA_000054,File:2019-08-08 Oral-Turinabol tablets.jpg,ok,balanced_authentic/BA_000054.jpg,52f6ced53a33b9241dfba41f34e030f40fe7c8b29fae2087bbf2ebe1ad471b9b,206738,https://thumb.wikimedia.org/wikipedia/commons/thumb/0/01/2019-08-08_Oral-Turinabol_tablets.jpg/1280px-2019-08-08_Oral-Turinabol_tablets.jpg?utm_source=commons.wikimedia.org&utm_campaign=imageinfo&utm_content=thumbnail,
BA_000055,File:20190311 庆大霉素、参苓健脾胃.jpg,ok,balanced_authentic/BA_000055.jpg,62efe12f5535c497f6450a294439f5cdccbb15b709ad22f78aa284658b03b442,149440,https://upload.wikimedia.org/wikipedia/commons/c/c3/20190311_%E5%BA%86%E5%A4%A7%E9%9C%89%E7%B4%A0%E3%80%81%E5%8F%82%E8%8B%93%E5%81%A5%E8%84%BE%E8%83%83.jpg?utm_source=commons.wikimedia.org&utm_campaign=imageinfo&utm_content=thumbnail_unscaled,
BA_000056,File:20190311 庆大霉素反面.jpg,ok,balanced_authentic/BA_000056.jpg,3d5f6b07661760068b1ced05141fc2ea84e9f31e76206329adedfc6c8945e829,201865,https://thumb.wikimedia.org/wikipedia/commons/thumb/6/64/20190311_%E5%BA%86%E5%A4%A7%E9%9C%89%E7%B4%A0%E5%8F%8D%E9%9D%A2.jpg/1280px-20190311_%E5%BA%86%E5%A4%A7%E9%9C%89%E7%B4%A0%E5%8F%8D%E9%9D%A2.jpg?utm_source=commons.wikimedia.org&utm_campaign=imageinfo&utm_content=thumbnail,
BA_000057,File:20190311 阿莫西林胶囊.jpg,ok,balanced_authentic/BA_000057.jpg,76b8d0cc9a862ff7f23fc0e2a3419f42888152d905a3aa25c749b729a3d72942,152021,https://thumb.wikimedia.org/wikipedia/commons/thumb/5/5c/20190311_%E9%98%BF%E8%8E%AB%E8%A5%BF%E6%9E%97%E8%83%B6%E5%9B%8A.jpg/1280px-20190311_%E9%98%BF%E8%8E%AB%E8%A5%BF%E6%9E%97%E8%83%B6%E5%9B%8A.jpg?utm_source=commons.wikimedia.org&utm_campaign=imageinfo&utm_content=thumbnail,
BA_000058,File:2020-05-20 Levocetirizine Hydrochloride レボセチリジン塩酸塩錠 ザイザル.jpg,ok,balanced_authentic/BA_000058.jpg,cec10416054835c38bbb84c64384fcaaf423d376cb5485c73a22f72b37754b2b,317866,https://thumb.wikimedia.org/wikipedia/commons/thumb/e/e2/2020-05-20_Levocetirizine_Hydrochloride_%E3%83%AC%E3%83%9C%E3%82%BB%E3%83%81%E3%83%AA%E3%82%B8%E3%83%B3%E5%A1%A9%E9%85%B8%E5%A1%A9%E9%8C%A0_%E3%82%B6%E3%82%A4%E3%82%B6%E3%83%AB.jpg/1280px-2020-05-20_Levocetirizine_Hydrochloride_%E3%83%AC%E3%83%9C%E3%82%BB%E3%83%81%E3%83%AA%E3%82%B8%E3%83%B3%E5%A1%A9%E9%85%B8%E5%A1%A9%E9%8C%A0_%E3%82%B6%E3%82%A4%E3%82%B6%E3%83%AB.jpg?utm_source=commons.wikimedia.org&utm_campaign=imageinfo&utm_content=thumbnail,
BA_000059,File:2020-05-20 d-Chlorpheniramine Maleate d-クロルフェニラミンマレイン酸塩製剤(ポララミン).jpg,ok,balanced_authentic/BA_000059.jpg,a9a9d4974b730d860532d55c7acd47565caacf98e18728ae193426a427fcb92b,358957,https://thumb.wikimedia.org/wikipedia/commons/thumb/8/8e/2020-05-20_d-Chlorpheniramine_Maleate_d-%E3%82%AF%E3%83%AD%E3%83%AB%E3%83%95%E3%82%A7%E3%83%8B%E3%83%A9%E3%83%9F%E3%83%B3%E3%83%9E%E3%83%AC%E3%82%A4%E3%83%B3%E9%85%B8%E5%A1%A9%E8%A3%BD%E5%89%A4%28%E3%83%9D%E3%83%A9%E3%83%A9%E3%83%9F%E3%83%B3%29.jpg/1280px-2020-05-20_d-Chlorpheniramine_Maleate_d-%E3%82%AF%E3%83%AD%E3%83%AB%E3%83%95%E3%82%A7%E3%83%8B%E3%83%A9%E3%83%9F%E3%83%B3%E3%83%9E%E3%83%AC%E3%82%A4%E3%83%B3%E9%85%B8%E5%A1%A9%E8%A3%BD%E5%89%A4%28%E3%83%9D%E3%83%A9%E3%83%A9%E3%83%9F%E3%83%B3%29.jpg?utm_source=commons.wikimedia.org&utm_campaign=imageinfo&utm_content=thumbnail,
BA_000060,File:2020-06-15 TSU128、OHNES ST オーネス ST 配合錠.jpg,ok,balanced_authentic/BA_000060.jpg,1870d117fe6408563bf3313cac0702b1d0758db37d8c3357aacb2361d1aecd6b,316703,https://thumb.wikimedia.org/wikipedia/commons/thumb/7/72/2020-06-15_TSU128%E3%80%81OHNES_ST_%E3%82%AA%E3%83%BC%E3%83%8D%E3%82%B9_ST_%E9%85%8D%E5%90%88%E9%8C%A0.jpg/1280px-2020-06-15_TSU128%E3%80%81OHNES_ST_%E3%82%AA%E3%83%BC%E3%83%8D%E3%82%B9_ST_%E9%85%8D%E5%90%88%E9%8C%A0.jpg?utm_source=commons.wikimedia.org&utm_campaign=imageinfo&utm_content=thumbnail,
BA_000061,File:2020-06-18 越婢加朮湯（エッピカジュツトウ）.jpg,ok,balanced_authentic/BA_000061.jpg,cf271eabfb4315fd03f13ace1e4697da518da0ba5f8586ddf71ce331a03806c6,218651,https://thumb.wikimedia.org/wikipedia/commons/thumb/0/0c/2020-06-18_%E8%B6%8A%E5%A9%A2%E5%8A%A0%E6%9C%AE%E6%B9%AF%EF%BC%88%E3%82%A8%E3%83%83%E3%83%94%E3%82%AB%E3%82%B8%E3%83%A5%E3%83%84%E3%83%88%E3%82%A6%EF%BC%89.jpg/1280px-2020-06-18_%E8%B6%8A%E5%A9%A2%E5%8A%A0%E6%9C%AE%E6%B9%AF%EF%BC%88%E3%82%A8%E3%83%83%E3%83%94%E3%82%AB%E3%82%B8%E3%83%A5%E3%83%84%E3%83%88%E3%82%A6%EF%BC%89.jpg?utm_source=commons.wikimedia.org&utm_campaign=imageinfo&utm_content=thumbnail,
BA_000062,File:2020-06-18 越婢加朮湯（エッピカジュツトウ）２.jpg,ok,balanced_authentic/BA_000062.jpg,39b44001d9d9ad19249e64089e147fad3efff34ed7fec2f14b6d63af66a5f467,227065,https://thumb.wikimedia.org/wikipedia/commons/thumb/c/c1/2020-06-18_%E8%B6%8A%E5%A9%A2%E5%8A%A0%E6%9C%AE%E6%B9%AF%EF%BC%88%E3%82%A8%E3%83%83%E3%83%94%E3%82%AB%E3%82%B8%E3%83%A5%E3%83%84%E3%83%88%E3%82%A6%EF%BC%89%EF%BC%92.jpg/1280px-2020-06-18_%E8%B6%8A%E5%A9%A2%E5%8A%A0%E6%9C%AE%E6%B9%AF%EF%BC%88%E3%82%A8%E3%83%83%E3%83%94%E3%82%AB%E3%82%B8%E3%83%A5%E3%83%84%E3%83%88%E3%82%A6%EF%BC%89%EF%BC%92.jpg?utm_source=commons.wikimedia.org&utm_campaign=imageinfo&utm_content=thumbnail,
BA_000063,File:2020-07-10 Anchu-san 安中散（コタロー安中散エキスカプセル）DSCF1998.jpg,ok,balanced_authentic/BA_000063.jpg,55fc7e332dfeaf5c25c21b8f81261f11b3489da9533e7fa5aa5f84ef70490fb3,275389,https://thumb.wikimedia.org/wikipedia/commons/thumb/0/0f/2020-07-10_Anchu-san_%E5%AE%89%E4%B8%AD%E6%95%A3%EF%BC%88%E3%82%B3%E3%82%BF%E3%83%AD%E3%83%BC%E5%AE%89%E4%B8%AD%E6%95%A3%E3%82%A8%E3%82%AD%E3%82%B9%E3%82%AB%E3%83%97%E3%82%BB%E3%83%AB%EF%BC%89DSCF1998.jpg/1280px-2020-07-10_Anchu-san_%E5%AE%89%E4%B8%AD%E6%95%A3%EF%BC%88%E3%82%B3%E3%82%BF%E3%83%AD%E3%83%BC%E5%AE%89%E4%B8%AD%E6%95%A3%E3%82%A8%E3%82%AD%E3%82%B9%E3%82%AB%E3%83%97%E3%82%BB%E3%83%AB%EF%BC%89DSCF1998.jpg?utm_source=commons.wikimedia.org&utm_campaign=imageinfo&utm_content=thumbnail,
BA_000064,File:2020-07-10 Anchu-san 安中散（コタロー安中散エキスカプセル）DSCF2001.jpg,ok,balanced_authentic/BA_000064.jpg,930c4c6ebfc6c1ca7b18deb49bc8170997e456f07be3791c23ef8c75d06a0947,369313,https://thumb.wikimedia.org/wikipedia/commons/thumb/9/9a/2020-07-10_Anchu-san_%E5%AE%89%E4%B8%AD%E6%95%A3%EF%BC%88%E3%82%B3%E3%82%BF%E3%83%AD%E3%83%BC%E5%AE%89%E4%B8%AD%E6%95%A3%E3%82%A8%E3%82%AD%E3%82%B9%E3%82%AB%E3%83%97%E3%82%BB%E3%83%AB%EF%BC%89DSCF2001.jpg/1280px-2020-07-10_Anchu-san_%E5%AE%89%E4%B8%AD%E6%95%A3%EF%BC%88%E3%82%B3%E3%82%BF%E3%83%AD%E3%83%BC%E5%AE%89%E4%B8%AD%E6%95%A3%E3%82%A8%E3%82%AD%E3%82%B9%E3%82%AB%E3%83%97%E3%82%BB%E3%83%AB%EF%BC%89DSCF2001.jpg?utm_source=commons.wikimedia.org&utm_campaign=imageinfo&utm_content=thumbnail,
BA_000065,File:2023 Doreta 75 mg + 650 mg.jpg,ok,balanced_authentic/BA_000065.jpg,18c3922af11de2a09ca84bb81ae52c76a8b0e21f3e083045df1cdd85222257ff,107997,https://thumb.wikimedia.org/wikipedia/commons/thumb/3/3b/2023_Doreta_75_mg_%2B_650_mg.jpg/1280px-2023_Doreta_75_mg_%2B_650_mg.jpg?utm_source=commons.wikimedia.org&utm_campaign=imageinfo&utm_content=thumbnail,
BA_000066,"File:2023 Krople do oczu Zuma Noka 0,4%.jpg",ok,balanced_authentic/BA_000066.jpg,b0e87cc77406d2249376b0c9d4e47312a1b131280a292ba160fdb58822e734fb,283150,https://thumb.wikimedia.org/wikipedia/commons/thumb/a/a1/2023_Krople_do_oczu_Zuma_Noka_0%2C4%25.jpg/1280px-2023_Krople_do_oczu_Zuma_Noka_0%2C4%25.jpg?utm_source=commons.wikimedia.org&utm_campaign=imageinfo&utm_content=thumbnail,
BA_000067,File:2023 Tribiotic.jpg,ok,balanced_authentic/BA_000067.jpg,3dde15c27a8114df44366ed1afeaed98f08d8dc89ff36d29505a8f3e220dd5ca,58367,https://thumb.wikimedia.org/wikipedia/commons/thumb/3/33/2023_Tribiotic.jpg/1280px-2023_Tribiotic.jpg?utm_source=commons.wikimedia.org&utm_campaign=imageinfo&utm_content=thumbnail,
BA_000068,File:2025-01-04 Betahistine（ベタヒスチン） DSCF5667.jpg,ok,balanced_authentic/BA_000068.jpg,3c48f7c016315f3120c1f8c4f0e1f951b0e2a1e8c5e1e8fd8c3c62c5ac7c55fc,362399,https://thumb.wikimedia.org/wikipedia/commons/thumb/2/26/2025-01-04_Betahistine%EF%BC%88%E3%83%99%E3%82%BF%E3%83%92%E3%82%B9%E3%83%81%E3%83%B3%EF%BC%89_DSCF5667.jpg/1280px-2025-01-04_Betahistine%EF%BC%88%E3%83%99%E3%82%BF%E3%83%92%E3%82%B9%E3%83%81%E3%83%B3%EF%BC%89_DSCF5667.jpg?utm_source=commons.wikimedia.org&utm_campaign=imageinfo&utm_content=thumbnail,
BA_000069,File:2025-01-04 Betahistine（ベタヒスチン）DSCF5669.jpg,ok,balanced_authentic/BA_000069.jpg,6082d33963919873bd20986c3130dcfabc7e14321055c9ca27c794a80f173a68,413619,https://thumb.wikimedia.org/wikipedia/commons/thumb/c/ce/2025-01-04_Betahistine%EF%BC%88%E3%83%99%E3%82%BF%E3%83%92%E3%82%B9%E3%83%81%E3%83%B3%EF%BC%89DSCF5669.jpg/1280px-2025-01-04_Betahistine%EF%BC%88%E3%83%99%E3%82%BF%E3%83%92%E3%82%B9%E3%83%81%E3%83%B3%EF%BC%89DSCF5669.jpg?utm_source=commons.wikimedia.org&utm_campaign=imageinfo&utm_content=thumbnail,
BA_000071,"File:3 boites de lorazépam 2,5.jpg",ok,balanced_authentic/BA_000071.jpg,aca09b34b2e6c6bc43863a0d2b7d00b2ab4ec90495360bd51418a759718089e8,180428,https://thumb.wikimedia.org/wikipedia/commons/thumb/0/06/3_boites_de_loraz%C3%A9pam_2%2C5.jpg/1280px-3_boites_de_loraz%C3%A9pam_2%2C5.jpg?utm_source=commons.wikimedia.org&utm_campaign=imageinfo&utm_content=thumbnail,
BA_000072,File:30mg Vyvanse capsules.JPG,ok,balanced_authentic/BA_000072.jpg,1539b1c0b07c8cb2cd417644ab7a2afdbb2b61ab758e2b5722e8aba544fa127c,301457,https://thumb.wikimedia.org/wikipedia/commons/thumb/c/c0/30mg_Vyvanse_capsules.JPG/1280px-30mg_Vyvanse_capsules.JPG?utm_source=commons.wikimedia.org&utm_campaign=imageinfo&utm_content=thumbnail,
BA_000080,File:50mgtramadolhclakyma.jpg,ok,balanced_authentic/BA_000080.jpg,e2c95874df41acaa2370f79dbf7b6b0722c881dafcd79cdb176301064dd26eeb,126842,https://upload.wikimedia.org/wikipedia/commons/7/73/50mgtramadolhclakyma.jpg?utm_source=commons.wikimedia.org&utm_campaign=imageinfo&utm_content=thumbnail_unscaled,
BA_000081,File:5mgrocheaus.jpg,ok,balanced_authentic/BA_000081.jpg,6979aa5731ea5257f3b07f5fd19651b2d933f512836a29a114c97e6d0c213f02,151571,https://thumb.wikimedia.org/wikipedia/commons/thumb/8/81/5mgrocheaus.jpg/1280px-5mgrocheaus.jpg?utm_source=commons.wikimedia.org&utm_campaign=imageinfo&utm_content=thumbnail,
BA_000082,"File:6 boites de normison 7 + 1 boite de Victan + 1 boite de nordaz 7,5.jpg",ok,balanced_authentic/BA_000082.jpg,07795f2682a0d83d7b477d84863a8f4f9e1832bd2e932783274f9e048c03bb94,379938,https://thumb.wikimedia.org/wikipedia/commons/thumb/5/57/6_boites_de_normison_7_%2B_1_boite_de_Victan_%2B_1_boite_de_nordaz_7%2C5.jpg/1280px-6_boites_de_normison_7_%2B_1_boite_de_Victan_%2B_1_boite_de_nordaz_7%2C5.jpg?utm_source=commons.wikimedia.org&utm_campaign=imageinfo&utm_content=thumbnail,
BA_000085,File:8095515 f520.jpg,ok,balanced_authentic/BA_000085.jpg,081516d90d6494971bdd7d07a9f6c109d1e7adfe184d3fcb20a45dcba15d3b57,75844,https://upload.wikimedia.org/wikipedia/commons/6/69/8095515_f520.jpg?utm_source=commons.wikimedia.org&utm_campaign=imageinfo&utm_content=thumbnail_unscaled,
BA_000090,File:A Sight For Sore Heads - Flickr - Bonio.jpg,ok,balanced_authentic/BA_000090.jpg,563f00076c2a53327b00db44ee9688ca26b78705e6694f3fc6421e3a0de7a83b,206992,https://upload.wikimedia.org/wikipedia/commons/d/d4/A_Sight_For_Sore_Heads_-_Flickr_-_Bonio.jpg?utm_source=commons.wikimedia.org&utm_campaign=imageinfo&utm_content=thumbnail_unscaled,
BA_000091,"File:A bibliographical, antiquarian and picturesque tour in France and Germany (1821) (14758330106).jpg",ok,balanced_authentic/BA_000091.jpg,7725c8d5a6fb2da1313c2b23ec38ae1fc6a218267a4fc97eb62f8f5f659641a7,937879,https://thumb.wikimedia.org/wikipedia/commons/thumb/d/d8/A_bibliographical%2C_antiquarian_and_picturesque_tour_in_France_and_Germany_%281821%29_%2814758330106%29.jpg/1280px-A_bibliographical%2C_antiquarian_and_picturesque_tour_in_France_and_Germany_%281821%29_%2814758330106%29.jpg?utm_source=commons.wikimedia.org&utm_campaign=imageinfo&utm_content=thumbnail,
BA_000099,File:A blister pack of Androcur 50mg tablets in Turkey (obverse).jpg,ok,balanced_authentic/BA_000099.jpg,9bb1d591d9171b4f5f18ba83c7bc372cd8a5fd8f08f95dd252f93d0fd1f05703,759287,https://thumb.wikimedia.org/wikipedia/commons/thumb/2/2b/A_blister_pack_of_Androcur_50mg_tablets_in_Turkey_%28obverse%29.jpg/1280px-A_blister_pack_of_Androcur_50mg_tablets_in_Turkey_%28obverse%29.jpg?utm_source=commons.wikimedia.org&utm_campaign=imageinfo&utm_content=thumbnail,
BA_000100,File:A blister pack of Androcur 50mg tablets in Turkey (reverse).jpg,ok,balanced_authentic/BA_000100.jpg,187ecf4b21cb772ef6ba03b06284218d753ace556ab6ecd2c2524a764d4fa0c4,969108,https://thumb.wikimedia.org/wikipedia/commons/thumb/5/59/A_blister_pack_of_Androcur_50mg_tablets_in_Turkey_%28reverse%29.jpg/1280px-A_blister_pack_of_Androcur_50mg_tablets_in_Turkey_%28reverse%29.jpg?utm_source=commons.wikimedia.org&utm_campaign=imageinfo&utm_content=thumbnail,
BA_000102,File:A bottle of Valerian capsules.jpg,ok,balanced_authentic/BA_000102.jpg,3175b02ec029fc9fafd69a1a894b35ee1d98dea223d610c83d24b5e3958061cc,150679,https://thumb.wikimedia.org/wikipedia/commons/thumb/a/a1/A_bottle_of_Valerian_capsules.jpg/1280px-A_bottle_of_Valerian_capsules.jpg?utm_source=commons.wikimedia.org&utm_campaign=imageinfo&utm_content=thumbnail,
BA_000103,File:A bottle of a generic version of Truvada.jpg,ok,balanced_authentic/BA_000103.jpg,efd71ea2a30d31ee9775b0341a71bea11f851dac0007b1d75f799e513baac068,384037,https://thumb.wikimedia.org/wikipedia/commons/thumb/7/74/A_bottle_of_a_generic_version_of_Truvada.jpg/1280px-A_bottle_of_a_generic_version_of_Truvada.jpg?utm_source=commons.wikimedia.org&utm_campaign=imageinfo&utm_content=thumbnail,
BA_000104,File:A chemist gives a demonstration involving arsenic Wellcome V0011761.jpg,ok,balanced_authentic/BA_000104.jpg,86b28835ff483ddaea4c26fc90a3c8cebee04576d6dec85010126d16e81b6208,1305606,https://thumb.wikimedia.org/wikipedia/commons/thumb/5/5a/A_chemist_gives_a_demonstration_involving_arsenic_Wellcome_V0011761.jpg/1280px-A_chemist_gives_a_demonstration_involving_arsenic_Wellcome_V0011761.jpg?utm_source=commons.wikimedia.org&utm_campaign=imageinfo&utm_content=thumbnail,
BA_000107,File:A convalescing woman trying in vain to rouse her slumbering Wellcome V0011149.jpg,ok,balanced_authentic/BA_000107.jpg,0ffd5098e9f102ec785f4956032841131318fd777d9e337d304e9e4de50177a9,1550424,https://thumb.wikimedia.org/wikipedia/commons/thumb/2/2c/A_convalescing_woman_trying_in_vain_to_rouse_her_slumbering_Wellcome_V0011149.jpg/1280px-A_convalescing_woman_trying_in_vain_to_rouse_her_slumbering_Wellcome_V0011149.jpg?utm_source=commons.wikimedia.org&utm_campaign=imageinfo&utm_content=thumbnail,
BA_000108,File:A cross-section through a mill which pulverises quinine bark Wellcome V0024523.jpg,ok,balanced_authentic/BA_000108.jpg,02988699e5ead42f43562b1a65263fb34f87cda320ce57438be30b0c483ae00f,1281210,https://thumb.wikimedia.org/wikipedia/commons/thumb/5/5a/A_cross-section_through_a_mill_which_pulverises_quinine_bark_Wellcome_V0024523.jpg/1280px-A_cross-section_through_a_mill_which_pulverises_quinine_bark_Wellcome_V0024523.jpg?utm_source=commons.wikimedia.org&utm_campaign=imageinfo&utm_content=thumbnail,
BA_000109,"File:A decrepit man screaming in pain from gout, rheumatism and c Wellcome V0011163.jpg",ok,balanced_authentic/BA_000109.jpg,28b75d925b475dec2df8a3a0a481dc04a4d5cba41d99b7152639eb25b17acbe7,1446255,https://thumb.wikimedia.org/wikipedia/commons/thumb/9/94/A_decrepit_man_screaming_in_pain_from_gout%2C_rheumatism_and_c_Wellcome_V0011163.jpg/1280px-A_decrepit_man_screaming_in_pain_from_gout%2C_rheumatism_and_c_Wellcome_V0011163.jpg?utm_source=commons.wikimedia.org&utm_campaign=imageinfo&utm_content=thumbnail,
BA_000110,"File:A disgruntled gouty man with all limbs bandaged, a table cov Wellcome V0011165.jpg",ok,balanced_authentic/BA_000110.jpg,7f135e633dcb21df8ab0ffcd52c72778fb9981a14d279b9e756432efb366be8f,1301472,https://thumb.wikimedia.org/wikipedia/commons/thumb/d/d8/A_disgruntled_gouty_man_with_all_limbs_bandaged%2C_a_table_cov_Wellcome_V0011165.jpg/1280px-A_disgruntled_gouty_man_with_all_limbs_bandaged%2C_a_table_cov_Wellcome_V0011165.jpg?utm_source=commons.wikimedia.org&utm_campaign=imageinfo&utm_content=thumbnail,
BA_000111,File:A disgruntled ill man taking a large dose of medicine. Colou Wellcome V0011161.jpg,ok,balanced_authentic/BA_000111.jpg,c882613673ea836de5a4be3f90090509cd6e6301797f457666fcaf7ad55779d8,1491913,https://thumb.wikimedia.org/wikipedia/commons/thumb/1/1d/A_disgruntled_ill_man_taking_a_large_dose_of_medicine._Colou_Wellcome_V0011161.jpg/1280px-A_disgruntled_ill_man_taking_a_large_dose_of_medicine._Colou_Wellcome_V0011161.jpg?utm_source=commons.wikimedia.org&utm_campaign=imageinfo&utm_content=thumbnail,
BA_000113,File:A doctor kicking his rival out Wellcome L0008691.jpg,ok,balanced_authentic/BA_000113.jpg,9f77ed62e000b483cb116c24950108580cfd9f97df04345895d1d39dded0ef35,638145,https://thumb.wikimedia.org/wikipedia/commons/thumb/6/61/A_doctor_kicking_his_rival_out_Wellcome_L0008691.jpg/1280px-A_doctor_kicking_his_rival_out_Wellcome_L0008691.jpg?utm_source=commons.wikimedia.org&utm_campaign=imageinfo&utm_content=thumbnail,
BA_000114,File:A doctor kicking his rival out of a female patient's sickroo Wellcome V0011312.jpg,ok,balanced_authentic/BA_000114.jpg,c2982396117332c8aa71dabab6588fb194d945087cafdc3e5c5c530b393bbcc0,1072931,https://thumb.wikimedia.org/wikipedia/commons/thumb/5/5a/A_doctor_kicking_his_rival_out_of_a_female_patient%27s_sickroo_Wellcome_V0011312.jpg/1280px-A_doctor_kicking_his_rival_out_of_a_female_patient%27s_sickroo_Wellcome_V0011312.jpg?utm_source=commons.wikimedia.org&utm_campaign=imageinfo&utm_content=thumbnail,
BA_000115,File:A doctor visiting a patient whose wife queries the dose. Woo Wellcome V0011463.jpg,ok,balanced_authentic/BA_000115.jpg,faf92f9d9a79bb52d456dd2d80e004baad5c15ba9283a5872b1c60f96210c010,1133144,https://thumb.wikimedia.org/wikipedia/commons/thumb/c/c0/A_doctor_visiting_a_patient_whose_wife_queries_the_dose._Woo_Wellcome_V0011463.jpg/1280px-A_doctor_visiting_a_patient_whose_wife_queries_the_dose._Woo_Wellcome_V0011463.jpg?utm_source=commons.wikimedia.org&utm_campaign=imageinfo&utm_content=thumbnail,
BA_000116,File:A grimacing invalid seated before a bowl Wellcome V0011191.jpg,ok,balanced_authentic/BA_000116.jpg,a5172cd560d52cee1da7f2346a94a64de6ca98339a582cf1099a66212b827eea,77883,https://upload.wikimedia.org/wikipedia/commons/0/03/A_grimacing_invalid_seated_before_a_bowl_Wellcome_V0011191.jpg?utm_source=commons.wikimedia.org&utm_campaign=imageinfo&utm_content=thumbnail_unscaled,
BA_000117,File:A grimacing invalid seated before a bowl having received an Wellcome V0011187.jpg,ok,balanced_authentic/BA_000117.jpg,821be56ce20bfb7090d98d4128dd30c088d45b24fe36f201dd94b1acfdf4f9ac,1679392,https://thumb.wikimedia.org/wikipedia/commons/thumb/4/4b/A_grimacing_invalid_seated_before_a_bowl_having_received_an_Wellcome_V0011187.jpg/1280px-A_grimacing_invalid_seated_before_a_bowl_having_received_an_Wellcome_V0011187.jpg?utm_source=commons.wikimedia.org&utm_campaign=imageinfo&utm_content=thumbnail,
BA_000118,File:A grimacing invalid seated before a bowl having received an Wellcome V0011188.jpg,ok,balanced_authentic/BA_000118.jpg,0e1d778383945ec0fdc760dd42f83e663d5d31225b86f18e6b334837e07d85cb,1630139,https://thumb.wikimedia.org/wikipedia/commons/thumb/0/0b/A_grimacing_invalid_seated_before_a_bowl_having_received_an_Wellcome_V0011188.jpg/1280px-A_grimacing_invalid_seated_before_a_bowl_having_received_an_Wellcome_V0011188.jpg?utm_source=commons.wikimedia.org&utm_campaign=imageinfo&utm_content=thumbnail,
BA_000119,File:A grimacing invalid seated before a bowl having received an Wellcome V0011189.jpg,ok,balanced_authentic/BA_000119.jpg,a07b40d29c4bf2d41d2a96cc00ffe37777b6e1900c0f28c00ab814ce12078add,1581485,https://thumb.wikimedia.org/wikipedia/commons/thumb/1/13/A_grimacing_invalid_seated_before_a_bowl_having_received_an_Wellcome_V0011189.jpg/1280px-A_grimacing_invalid_seated_before_a_bowl_having_received_an_Wellcome_V0011189.jpg?utm_source=commons.wikimedia.org&utm_campaign=imageinfo&utm_content=thumbnail,
BA_000120,File:A grimacing invalid seated before a bowl having received an Wellcome V0011190EL.jpg,ok,balanced_authentic/BA_000120.jpg,2c538222cc2da0f714efcca637f4fb5fc03eb4e4cacd6e46e8421aaf932b7a38,1429330,https://thumb.wikimedia.org/wikipedia/commons/thumb/a/a1/A_grimacing_invalid_seated_before_a_bowl_having_received_an_Wellcome_V0011190EL.jpg/1280px-A_grimacing_invalid_seated_before_a_bowl_having_received_an_Wellcome_V0011190EL.jpg?utm_source=commons.wikimedia.org&utm_campaign=imageinfo&utm_content=thumbnail,
BA_000121,File:A grimacing invalid seated before a bowl having received an Wellcome V0011191EL.jpg,ok,balanced_authentic/BA_000121.jpg,9339227186d217f9664cd0ddf20054b8b6223414f96d9ad1df63621e014a0bc2,1346967,https://thumb.wikimedia.org/wikipedia/commons/thumb/e/e5/A_grimacing_invalid_seated_before_a_bowl_having_received_an_Wellcome_V0011191EL.jpg/1280px-A_grimacing_invalid_seated_before_a_bowl_having_received_an_Wellcome_V0011191EL.jpg?utm_source=commons.wikimedia.org&utm_campaign=imageinfo&utm_content=thumbnail,
BA_000122,File:A grimacing invalid seated before a bowl having received an Wellcome V0011191ER.jpg,ok,balanced_authentic/BA_000122.jpg,2e015556b83cdbb0d0aea88ae1810721506cf58348089c7a0a0c31e61a30445b,1199505,https://thumb.wikimedia.org/wikipedia/commons/thumb/1/17/A_grimacing_invalid_seated_before_a_bowl_having_received_an_Wellcome_V0011191ER.jpg/1280px-A_grimacing_invalid_seated_before_a_bowl_having_received_an_Wellcome_V0011191ER.jpg?utm_source=commons.wikimedia.org&utm_campaign=imageinfo&utm_content=thumbnail,
BA_000151,File:A strip of antihistamine.jpg,ok,balanced_authentic/BA_000151.jpg,ed9f6f2a626464bcc997b6ff1a96f7a72cedd6618a147ba4a06ba322ed6f4b49,287978,https://thumb.wikimedia.org/wikipedia/commons/thumb/9/9d/A_strip_of_antihistamine.jpg/1280px-A_strip_of_antihistamine.jpg?utm_source=commons.wikimedia.org&utm_campaign=imageinfo&utm_content=thumbnail,
BA_000152,File:A summary of the role of uterine natural killer (uNK) cells on the events entailed in successful embryo implantation and maintenance of a pregnancy.png,ok,balanced_authentic/BA_000152.jpg,07ea1f76d9f970bfe1b29897747c30269ce1c549edc83c6696eb04e5c700e632,1096083,https://thumb.wikimedia.org/wikipedia/commons/thumb/d/dd/A_summary_of_the_role_of_uterine_natural_killer_%28uNK%29_cells_on_the_events_entailed_in_successful_embryo_implantation_and_maintenance_of_a_pregnancy.png/1280px-A_summary_of_the_role_of_uterine_natural_killer_%28uNK%29_cells_on_the_events_entailed_in_successful_embryo_implantation_and_maintenance_of_a_pregnancy.png?utm_source=commons.wikimedia.org&utm_campaign=imageinfo&utm_content=thumbnail,
BA_000154,File:A vial of Moderna COVID-19 vaccine 201229-F-ZB805-0008Y.jpg,ok,balanced_authentic/BA_000154.jpg,a77d359d0e4b47ac00c27633c4448f794b71c4c7c3c4ff1efcaaf506b408a5fe,106466,https://thumb.wikimedia.org/wikipedia/commons/thumb/8/8e/A_vial_of_Moderna_COVID-19_vaccine_201229-F-ZB805-0008Y.jpg/1280px-A_vial_of_Moderna_COVID-19_vaccine_201229-F-ZB805-0008Y.jpg?utm_source=commons.wikimedia.org&utm_campaign=imageinfo&utm_content=thumbnail,
BA_000156,File:A-DATA 2 x 2GB DDR2 IMG 1775.jpg,ok,balanced_authentic/BA_000156.jpg,131b9c24fe31cfb17ea9f038989b5345a090f1ffa29f3bb473049a29a694ee33,293134,https://thumb.wikimedia.org/wikipedia/commons/thumb/4/4e/A-DATA_2_x_2GB_DDR2_IMG_1775.jpg/1280px-A-DATA_2_x_2GB_DDR2_IMG_1775.jpg?utm_source=commons.wikimedia.org&utm_campaign=imageinfo&utm_content=thumbnail,
BA_000157,File:A-systematic-review-of-the-safety-and-efficacy-of-artemether-lumefantrine-against-uncomplicated-1475-2875-11-141-1.jpg,ok,balanced_authentic/BA_000157.jpg,34bcbb3ca070091d3f32b75e64e93593c1c3576d071953d4f2cf8ea0ccbdaceb,55686,https://upload.wikimedia.org/wikipedia/commons/0/09/A-systematic-review-of-the-safety-and-efficacy-of-artemether-lumefantrine-against-uncomplicated-1475-2875-11-141-1.jpg?utm_source=commons.wikimedia.org&utm_campaign=imageinfo&utm_content=thumbnail_unscaled,
BA_000159,File:AC USB adapters jeh.JPG,ok,balanced_authentic/BA_000159.jpg,ae7c74c8a4f182827e0efe904390dfd6a33b09f83e82c253b230b91192705eea,278995,https://thumb.wikimedia.org/wikipedia/commons/thumb/1/18/AC_USB_adapters_jeh.JPG/1280px-AC_USB_adapters_jeh.JPG?utm_source=commons.wikimedia.org&utm_campaign=imageinfo&utm_content=thumbnail,
BA_000163,File:AMALAR.jpg,ok,balanced_authentic/BA_000163.jpg,e395bcbf111747806c5d0ae80c408adfde529e2faaf820c8f3bca118dae05c1e,41844,https://upload.wikimedia.org/wikipedia/commons/f/f0/AMALAR.jpg?utm_source=commons.wikimedia.org&utm_campaign=imageinfo&utm_content=thumbnail_unscaled,
BA_000164,File:AN-APS-3 PV-2 NAN4-46.jpg,ok,balanced_authentic/BA_000164.jpg,273b057b322441692631438cb1f63c6faf1dfd4d1f3b74baeb7aaf5781bb0428,67517,https://upload.wikimedia.org/wikipedia/commons/5/55/AN-APS-3_PV-2_NAN4-46.jpg?utm_source=commons.wikimedia.org&utm_campaign=imageinfo&utm_content=thumbnail_unscaled,
BA_000165,File:ARRIERE.jpg,ok,balanced_authentic/BA_000165.jpg,922f89dca62df5cbe2e0736510d2f86fc1569a6c229a784750901ec1e0a6bb72,384020,https://thumb.wikimedia.org/wikipedia/commons/thumb/8/87/ARRIERE.jpg/1280px-ARRIERE.jpg?utm_source=commons.wikimedia.org&utm_campaign=imageinfo&utm_content=thumbnail,
BA_000167,File:AUT — Bundesland Salzburg — Salzburg (Stadt) — Kaffeebecher mit Inschrift “Bitte einen Café mit Schoko-Wodka-Valium-Latte to go” Mattes 2021.jpg,ok,balanced_authentic/BA_000167.jpg,5641c1927722a9a89248c74da01e6a2f93faec562880acb05e09d7bb3f1121d4,196054,https://thumb.wikimedia.org/wikipedia/commons/thumb/7/78/AUT_%E2%80%94_Bundesland_Salzburg_%E2%80%94_Salzburg_%28Stadt%29_%E2%80%94_Kaffeebecher_mit_Inschrift_%E2%80%9CBitte_einen_Caf%C3%A9_mit_Schoko-Wodka-Valium-Latte_to_go%E2%80%9D_Mattes_2021.jpg/1280px-AUT_%E2%80%94_Bundesland_Salzburg_%E2%80%94_Salzburg_%28Stadt%29_%E2%80%94_Kaffeebecher_mit_Inschrift_%E2%80%9CBitte_einen_Caf%C3%A9_mit_Schoko-Wodka-Valium-Latte_to_go%E2%80%9D_Mattes_2021.jpg?utm_source=commons.wikimedia.org&utm_campaign=imageinfo&utm_content=thumbnail,
BA_000168,File:AX 1909.JPG,ok,balanced_authentic/BA_000168.jpg,dd70cd3a1a8ad00b5f0936f3ec6c6def5e1fe3f73d8dfd7cfb45899d67200278,431490,https://thumb.wikimedia.org/wikipedia/commons/thumb/b/b1/AX_1909.JPG/1280px-AX_1909.JPG?utm_source=commons.wikimedia.org&utm_campaign=imageinfo&utm_content=thumbnail,
BA_000169,File:AX GTi ar.jpg,ok,balanced_authentic/BA_000169.jpg,8d1c193ff639cc8a50f11defc387cc42b3f4433529c98cf97e6d9955d425559e,177602,https://upload.wikimedia.org/wikipedia/commons/2/2c/AX_GTi_ar.jpg?utm_source=commons.wikimedia.org&utm_campaign=imageinfo&utm_content=thumbnail_unscaled,
BA_000170,File:AX GTi av.jpg,ok,balanced_authentic/BA_000170.jpg,3e9bf0886e0017e501f8d7b684e717d12fa64b04034d724d6a3cdfadb57133e2,181581,https://upload.wikimedia.org/wikipedia/commons/6/6b/AX_GTi_av.jpg?utm_source=commons.wikimedia.org&utm_campaign=imageinfo&utm_content=thumbnail_unscaled,
BA_000171,File:AX Sport ar.jpg,ok,balanced_authentic/BA_000171.jpg,1067563394d6b46e6bdb3d8fa15212f9854a7899bb4c32870b3ff91ecdaa2787,161256,https://upload.wikimedia.org/wikipedia/commons/f/f6/AX_Sport_ar.jpg?utm_source=commons.wikimedia.org&utm_campaign=imageinfo&utm_content=thumbnail_unscaled,
BA_000172,File:AX Sport av.jpg,ok,balanced_authentic/BA_000172.jpg,436c434b40003deac6a3d631bb2fe48ece9f7c6f5b9c1d13a87519fdb0b649ee,161480,https://upload.wikimedia.org/wikipedia/commons/0/0c/AX_Sport_av.jpg?utm_source=commons.wikimedia.org&utm_campaign=imageinfo&utm_content=thumbnail_unscaled,
BA_000180,"File:Account of expenses for construction of Tholos, AM of Epidaruos, 202577.jpg",ok,balanced_authentic/BA_000180.jpg,141913de2ad5e5eed23ca32c65542c8aaf3e62c34d966864f383dcf9c9642edc,739382,https://thumb.wikimedia.org/wikipedia/commons/thumb/e/e9/Account_of_expenses_for_construction_of_Tholos%2C_AM_of_Epidaruos%2C_202577.jpg/1280px-Account_of_expenses_for_construction_of_Tholos%2C_AM_of_Epidaruos%2C_202577.jpg?utm_source=commons.wikimedia.org&utm_campaign=imageinfo&utm_content=thumbnail,
BA_000181,"File:Account of expenses for construction of Tholos, AM of Epidaruos, 202578.jpg",ok,balanced_authentic/BA_000181.jpg,c3d8fe0c7feb5d6af43a2f15b28641fa63f764bed3a4a820d4c8541be7055260,554757,https://thumb.wikimedia.org/wikipedia/commons/thumb/9/9a/Account_of_expenses_for_construction_of_Tholos%2C_AM_of_Epidaruos%2C_202578.jpg/1280px-Account_of_expenses_for_construction_of_Tholos%2C_AM_of_Epidaruos%2C_202578.jpg?utm_source=commons.wikimedia.org&utm_campaign=imageinfo&utm_content=thumbnail,
BA_000182,File:Acecor 400 mg tbl.jpg,ok,balanced_authentic/BA_000182.jpg,ebe630ae7a603235401834373dfbbf5454610d19c94853fe70abb800450541ee,85550,https://thumb.wikimedia.org/wikipedia/commons/thumb/1/16/Acecor_400_mg_tbl.jpg/1280px-Acecor_400_mg_tbl.jpg?utm_source=commons.wikimedia.org&utm_campaign=imageinfo&utm_content=thumbnail,
BA_000185,File:Acetylcystein as effervescent tablet branded ACC by Sandoz.jpg,ok,balanced_authentic/BA_000185.jpg,d401c8d037a05ec4b402f2ac02917c8b266ceba0caf0081ad3ba1a535b58ed00,324720,https://thumb.wikimedia.org/wikipedia/commons/thumb/2/21/Acetylcystein_as_effervescent_tablet_branded_ACC_by_Sandoz.jpg/1280px-Acetylcystein_as_effervescent_tablet_branded_ACC_by_Sandoz.jpg?utm_source=commons.wikimedia.org&utm_campaign=imageinfo&utm_content=thumbnail,
BA_000191,File:Acylpyrin.jpg,ok,balanced_authentic/BA_000191.jpg,b2cda33c6754e83f8b0a182f5dcab390f17c56c85887f924c8325c7860b7235d,145731,https://upload.wikimedia.org/wikipedia/commons/8/8e/Acylpyrin.jpg?utm_source=commons.wikimedia.org&utm_campaign=imageinfo&utm_content=thumbnail_unscaled,
BA_000192,"File:Adadut 0,5 mg cps.jpg",ok,balanced_authentic/BA_000192.jpg,4648f4d1de81495f35edf87742b5f0aab7e02c66a4e77a738c789a16d3c87f77,156383,https://thumb.wikimedia.org/wikipedia/commons/thumb/e/e7/Adadut_0%2C5_mg_cps.jpg/1280px-Adadut_0%2C5_mg_cps.jpg?utm_source=commons.wikimedia.org&utm_campaign=imageinfo&utm_content=thumbnail,
BA_000213,"File:Aerius 2,5 mg tbl.jpg",ok,balanced_authentic/BA_000213.jpg,efeab609ed8efaf009e7a080d337b9888cf7a23b738cbd09638b3db3653a6dcb,136230,https://thumb.wikimedia.org/wikipedia/commons/thumb/c/ca/Aerius_2%2C5_mg_tbl.jpg/1280px-Aerius_2%2C5_mg_tbl.jpg?utm_source=commons.wikimedia.org&utm_campaign=imageinfo&utm_content=thumbnail,
BA_000214,File:Aerius 5 mg tbl.jpg,ok,balanced_authentic/BA_000214.jpg,d35c3bf34e5ea6190b6dfb8e9accfe324f9f1d194ef48927e90812310736d494,143633,https://thumb.wikimedia.org/wikipedia/commons/thumb/2/29/Aerius_5_mg_tbl.jpg/1280px-Aerius_5_mg_tbl.jpg?utm_source=commons.wikimedia.org&utm_campaign=imageinfo&utm_content=thumbnail,
BA_000215,"File:Afghan Doctors, PRT Make Huge House Call in Shewan DVIDS234069.jpg",ok,balanced_authentic/BA_000215.jpg,b6e08e9a859e73ffb367aa478d165b976efff1227705732f3bc3a7750094db9c,206178,https://thumb.wikimedia.org/wikipedia/commons/thumb/1/18/Afghan_Doctors%2C_PRT_Make_Huge_House_Call_in_Shewan_DVIDS234069.jpg/1280px-Afghan_Doctors%2C_PRT_Make_Huge_House_Call_in_Shewan_DVIDS234069.jpg?utm_source=commons.wikimedia.org&utm_campaign=imageinfo&utm_content=thumbnail,
BA_000217,File:Afonilum 125 mg cps.jpg,ok,balanced_authentic/BA_000217.jpg,e33238494c61afa5eb22f2909ab6f4227139242f2028dd3678dbcce017927317,146286,https://thumb.wikimedia.org/wikipedia/commons/thumb/5/56/Afonilum_125_mg_cps.jpg/1280px-Afonilum_125_mg_cps.jpg?utm_source=commons.wikimedia.org&utm_campaign=imageinfo&utm_content=thumbnail,
BA_000218,File:Afonilum 250 mg cps.jpg,ok,balanced_authentic/BA_000218.jpg,6c19d3102a60f74e20acbdef4a20d147a4d21146db7f044550316d25c6669fea,123431,https://thumb.wikimedia.org/wikipedia/commons/thumb/7/7c/Afonilum_250_mg_cps.jpg/1280px-Afonilum_250_mg_cps.jpg?utm_source=commons.wikimedia.org&utm_campaign=imageinfo&utm_content=thumbnail,
BA_000221,"File:Airbus A320-251N (c-n 7576, TF-PPD) 2024-10-11 Andre Gerwing Collection ID 022199.jpg",ok,balanced_authentic/BA_000221.jpg,3ed1ac580bf8539080dcf753f769469155dfff35784e85eda3d7c875a9835602,98452,https://thumb.wikimedia.org/wikipedia/commons/thumb/0/03/Airbus_A320-251N_%28c-n_7576%2C_TF-PPD%29_2024-10-11_Andre_Gerwing_Collection_ID_022199.jpg/1280px-Airbus_A320-251N_%28c-n_7576%2C_TF-PPD%29_2024-10-11_Andre_Gerwing_Collection_ID_022199.jpg?utm_source=commons.wikimedia.org&utm_campaign=imageinfo&utm_content=thumbnail,
BA_000233,File:Alinamin A.jpg,ok,balanced_authentic/BA_000233.jpg,a458c626a93864f903b0dbbc0a231850fae03c6e12be4f6ec8d18eb0e825de5b,101885,https://thumb.wikimedia.org/wikipedia/commons/thumb/5/58/Alinamin_A.jpg/1280px-Alinamin_A.jpg?utm_source=commons.wikimedia.org&utm_campaign=imageinfo&utm_content=thumbnail,
BA_000234,File:Alka Seltzer (27862968001).jpg,ok,balanced_authentic/BA_000234.jpg,e50394d5b9cc06ec0cf79c0d3b47bc8916110a224369bf83557c42635b0fe5d0,144264,https://thumb.wikimedia.org/wikipedia/commons/thumb/5/58/Alka_Seltzer_%2827862968001%29.jpg/1280px-Alka_Seltzer_%2827862968001%29.jpg?utm_source=commons.wikimedia.org&utm_campaign=imageinfo&utm_content=thumbnail,
BA_000235,File:Alka Seltzer Energy Boost tablet.jpg,ok,balanced_authentic/BA_000235.jpg,f1601872757fb83aa2924f4ad65986521bff6aa67d67c80d778ebd6e0f38dd70,229323,https://thumb.wikimedia.org/wikipedia/commons/thumb/3/32/Alka_Seltzer_Energy_Boost_tablet.jpg/1280px-Alka_Seltzer_Energy_Boost_tablet.jpg?utm_source=commons.wikimedia.org&utm_campaign=imageinfo&utm_content=thumbnail,
BA_000237,File:Alka-Seltzer Ged Handelsmerk.JPG,ok,balanced_authentic/BA_000237.jpg,16cb51bd3a668713e37e7839624f871569ee11897d073547f8b760c34feaacfc,204147,https://thumb.wikimedia.org/wikipedia/commons/thumb/8/8a/Alka-Seltzer_Ged_Handelsmerk.JPG/1280px-Alka-Seltzer_Ged_Handelsmerk.JPG?utm_source=commons.wikimedia.org&utm_campaign=imageinfo&utm_content=thumbnail,
BA_000238,File:Alka-Seltzer Plus Cold and Cough Pill (5788678904).jpg,ok,balanced_authentic/BA_000238.jpg,74a45355d333173f5461d25697c9c26c94c0302b066dcee90e9a1fdc7f5f2f39,193779,https://thumb.wikimedia.org/wikipedia/commons/thumb/1/1f/Alka-Seltzer_Plus_Cold_and_Cough_Pill_%285788678904%29.jpg/1280px-Alka-Seltzer_Plus_Cold_and_Cough_Pill_%285788678904%29.jpg?utm_source=commons.wikimedia.org&utm_campaign=imageinfo&utm_content=thumbnail,
BA_000239,File:Alka-Seltzer dissolving progression 1 - suspended.jpg,ok,balanced_authentic/BA_000239.jpg,b912990eeb46bc9a02c7f1557246c43546ee9279f9c09011aa9dd69ea5f5d4c4,211888,https://thumb.wikimedia.org/wikipedia/commons/thumb/a/a9/Alka-Seltzer_dissolving_progression_1_-_suspended.jpg/1280px-Alka-Seltzer_dissolving_progression_1_-_suspended.jpg?utm_source=commons.wikimedia.org&utm_campaign=imageinfo&utm_content=thumbnail,
BA_000240,File:Alka-Seltzer dissolving progression 1 - suspended.png,ok,balanced_authentic/BA_000240.jpg,3828bde67dda0d1557cb10ed757a93977dbbfedf30bc44b2b96c05245702385f,11632600,https://thumb.wikimedia.org/wikipedia/commons/thumb/9/9a/Alka-Seltzer_dissolving_progression_1_-_suspended.png/1280px-Alka-Seltzer_dissolving_progression_1_-_suspended.png?utm_source=commons.wikimedia.org&utm_campaign=imageinfo&utm_content=thumbnail,
BA_000241,File:Alka-Seltzer dissolving progression 2 - sinking 1.jpg,ok,balanced_authentic/BA_000241.jpg,07dd944c606310767135e27638c9322f290a9965134b9445da63352c5a03a2ae,212069,https://thumb.wikimedia.org/wikipedia/commons/thumb/e/e4/Alka-Seltzer_dissolving_progression_2_-_sinking_1.jpg/1280px-Alka-Seltzer_dissolving_progression_2_-_sinking_1.jpg?utm_source=commons.wikimedia.org&utm_campaign=imageinfo&utm_content=thumbnail,
BA_000242,File:Alka-Seltzer dissolving progression 2 - sinking 1.png,ok,balanced_authentic/BA_000242.jpg,db309e2c9a2a46b308a713442b180cbd61761338c85cb48998b0322af1e584bf,11658581,https://thumb.wikimedia.org/wikipedia/commons/thumb/a/a3/Alka-Seltzer_dissolving_progression_2_-_sinking_1.png/1280px-Alka-Seltzer_dissolving_progression_2_-_sinking_1.png?utm_source=commons.wikimedia.org&utm_campaign=imageinfo&utm_content=thumbnail,
BA_000243,File:Alka-Seltzer dissolving progression 3 - sinking 2.jpg,ok,balanced_authentic/BA_000243.jpg,5f5c60f8cab6350329eea03ab1aa506a20c9302da5fb2a1486dfb5bd742ab622,279566,https://thumb.wikimedia.org/wikipedia/commons/thumb/f/f0/Alka-Seltzer_dissolving_progression_3_-_sinking_2.jpg/1280px-Alka-Seltzer_dissolving_progression_3_-_sinking_2.jpg?utm_source=commons.wikimedia.org&utm_campaign=imageinfo&utm_content=thumbnail,
BA_000244,File:Alka-Seltzer dissolving progression 3 - sinking 2.png,ok,balanced_authentic/BA_000244.jpg,2fb5679c37f8d248e537edb283344f369479de14a82b4308bfd004acd06cc65e,12107636,https://thumb.wikimedia.org/wikipedia/commons/thumb/2/2e/Alka-Seltzer_dissolving_progression_3_-_sinking_2.png/1280px-Alka-Seltzer_dissolving_progression_3_-_sinking_2.png?utm_source=commons.wikimedia.org&utm_campaign=imageinfo&utm_content=thumbnail,
BA_000245,File:Alka-Seltzer dissolving progression 4 - dissolving 1.jpg,ok,balanced_authentic/BA_000245.jpg,8e54dec0dceedde58afffdd07759248d490a99e1da04c1c687428e15eda8bccc,327180,https://thumb.wikimedia.org/wikipedia/commons/thumb/8/81/Alka-Seltzer_dissolving_progression_4_-_dissolving_1.jpg/1280px-Alka-Seltzer_dissolving_progression_4_-_dissolving_1.jpg?utm_source=commons.wikimedia.org&utm_campaign=imageinfo&utm_content=thumbnail,
BA_000246,File:Alka-Seltzer dissolving progression 4 - dissolving 1.png,ok,balanced_authentic/BA_000246.jpg,d2fdb3cb5ad3ae8c54343a0e3951a53767ca1947f71de840ed9163c699726aca,12985868,https://thumb.wikimedia.org/wikipedia/commons/thumb/6/63/Alka-Seltzer_dissolving_progression_4_-_dissolving_1.png/1280px-Alka-Seltzer_dissolving_progression_4_-_dissolving_1.png?utm_source=commons.wikimedia.org&utm_campaign=imageinfo&utm_content=thumbnail,
BA_000247,File:Alka-Seltzer dissolving progression 5 - dissolving 2.jpg,ok,balanced_authentic/BA_000247.jpg,a5e3374c5b442561f193d0f2a3805adb914ff1c23ad7c797dd58beb4e1a1b6c0,344424,https://thumb.wikimedia.org/wikipedia/commons/thumb/d/d4/Alka-Seltzer_dissolving_progression_5_-_dissolving_2.jpg/1280px-Alka-Seltzer_dissolving_progression_5_-_dissolving_2.jpg?utm_source=commons.wikimedia.org&utm_campaign=imageinfo&utm_content=thumbnail,
BA_000248,File:Alka-Seltzer dissolving progression 5 - dissolving 2.png,ok,balanced_authentic/BA_000248.jpg,2816370fe48da60873fb0c694867e6c010d92cad3bef710bbe6bf3dcf1d0776a,13302771,https://thumb.wikimedia.org/wikipedia/commons/thumb/0/09/Alka-Seltzer_dissolving_progression_5_-_dissolving_2.png/1280px-Alka-Seltzer_dissolving_progression_5_-_dissolving_2.png?utm_source=commons.wikimedia.org&utm_campaign=imageinfo&utm_content=thumbnail,
BA_000249,File:Alka-Seltzer dissolving progression 6 - dissolving 3.jpg,ok,balanced_authentic/BA_000249.jpg,fa1ac34a61717df9819480b29c173a15feab81594b4a2285c16914ae6efef7df,385678,https://thumb.wikimedia.org/wikipedia/commons/thumb/4/46/Alka-Seltzer_dissolving_progression_6_-_dissolving_3.jpg/1280px-Alka-Seltzer_dissolving_progression_6_-_dissolving_3.jpg?utm_source=commons.wikimedia.org&utm_campaign=imageinfo&utm_content=thumbnail,
BA_000250,File:Alka-Seltzer dissolving progression 6 - dissolving 3.png,ok,balanced_authentic/BA_000250.jpg,12113226316bfba87e1147d947e78520b7d44fb6580de073fc51fb98810a6db1,13282861,https://thumb.wikimedia.org/wikipedia/commons/thumb/d/d8/Alka-Seltzer_dissolving_progression_6_-_dissolving_3.png/1280px-Alka-Seltzer_dissolving_progression_6_-_dissolving_3.png?utm_source=commons.wikimedia.org&utm_campaign=imageinfo&utm_content=thumbnail,
BA_000251,File:Alka-Seltzer dissolving progression 7 - dissolving 4.jpg,ok,balanced_authentic/BA_000251.jpg,7049d57857f8ff9cca5803059bb516dca0676684b85778d2c442b4b169cb8c27,404128,https://thumb.wikimedia.org/wikipedia/commons/thumb/1/1a/Alka-Seltzer_dissolving_progression_7_-_dissolving_4.jpg/1280px-Alka-Seltzer_dissolving_progression_7_-_dissolving_4.jpg?utm_source=commons.wikimedia.org&utm_campaign=imageinfo&utm_content=thumbnail,
BA_000252,File:Alka-Seltzer dissolving progression 7 - dissolving 4.png,ok,balanced_authentic/BA_000252.jpg,47d5085b663ff7f9d6c6f49379a311d5b96b716cba9dc12f128e8054470d1521,13407021,https://thumb.wikimedia.org/wikipedia/commons/thumb/3/31/Alka-Seltzer_dissolving_progression_7_-_dissolving_4.png/1280px-Alka-Seltzer_dissolving_progression_7_-_dissolving_4.png?utm_source=commons.wikimedia.org&utm_campaign=imageinfo&utm_content=thumbnail,
BA_000253,File:Alka-Seltzer dissolving progression 8 - dissolving 5.jpg,ok,balanced_authentic/BA_000253.jpg,dc892d18005f3bbf865bf4a97d2a04a351ea7a2984b235946bd0971ccc6f0add,428544,https://thumb.wikimedia.org/wikipedia/commons/thumb/4/49/Alka-Seltzer_dissolving_progression_8_-_dissolving_5.jpg/1280px-Alka-Seltzer_dissolving_progression_8_-_dissolving_5.jpg?utm_source=commons.wikimedia.org&utm_campaign=imageinfo&utm_content=thumbnail,
BA_000254,File:Alka-Seltzer dissolving progression 8 - dissolving 5.png,ok,balanced_authentic/BA_000254.jpg,4644c0f9776510b952efa416042e08c4897837905532cfea3bcab06c6879e1cd,13642529,https://thumb.wikimedia.org/wikipedia/commons/thumb/b/b8/Alka-Seltzer_dissolving_progression_8_-_dissolving_5.png/1280px-Alka-Seltzer_dissolving_progression_8_-_dissolving_5.png?utm_source=commons.wikimedia.org&utm_campaign=imageinfo&utm_content=thumbnail,
BA_000274,File:Alkaline AA batteries.jpg,ok,balanced_authentic/BA_000274.jpg,8d6c8c5c6a5f926f551120aad45d2bfe10e65592adf20ea70ec0e325244b9324,420074,https://thumb.wikimedia.org/wikipedia/commons/thumb/3/3e/Alkaline_AA_batteries.jpg/1280px-Alkaline_AA_batteries.jpg?utm_source=commons.wikimedia.org&utm_campaign=imageinfo&utm_content=thumbnail,
BA_000275,File:AllegraFX.jpg,ok,balanced_authentic/BA_000275.jpg,cb64dd78030cf1ed40c0c9727a826dfce33383701d833bff40990308a950cbf0,456873,https://upload.wikimedia.org/wikipedia/commons/c/c2/AllegraFX.jpg?utm_source=commons.wikimedia.org&utm_campaign=imageinfo&utm_content=thumbnail_unscaled,
BA_000279,File:Allergic exanthema amoxicillin.jpg,ok,balanced_authentic/BA_000279.jpg,589c5a32c0fc3faf398f3247bbd77989995ee3e1fbeb0fd3baf8f07ee17556ba,309500,https://thumb.wikimedia.org/wikipedia/commons/thumb/6/6b/Allergic_exanthema_amoxicillin.jpg/1280px-Allergic_exanthema_amoxicillin.jpg?utm_source=commons.wikimedia.org&utm_campaign=imageinfo&utm_content=thumbnail,
BA_000282,File:Alnagon - Spofa - krabička a blistr.JPG,ok,balanced_authentic/BA_000282.jpg,f31f24b4712f5a8fdfa2fb0abec5d6745c62cf0b81399f65387e31c96613d2fd,176703,https://thumb.wikimedia.org/wikipedia/commons/thumb/d/df/Alnagon_-_Spofa_-_krabi%C4%8Dka_a_blistr.JPG/1280px-Alnagon_-_Spofa_-_krabi%C4%8Dka_a_blistr.JPG?utm_source=commons.wikimedia.org&utm_campaign=imageinfo&utm_content=thumbnail,
BA_000283,File:Alnagon - Spofa - složení.JPG,ok,balanced_authentic/BA_000283.jpg,f793c393b59cc6048972892c7195ec0cfbe4761e6002c0ac8afc542e17d43743,158188,https://thumb.wikimedia.org/wikipedia/commons/thumb/1/1a/Alnagon_-_Spofa_-_slo%C5%BEen%C3%AD.JPG/1280px-Alnagon_-_Spofa_-_slo%C5%BEen%C3%AD.JPG?utm_source=commons.wikimedia.org&utm_campaign=imageinfo&utm_content=thumbnail,
BA_000284,File:Alnagon - Spofa.JPG,ok,balanced_authentic/BA_000284.jpg,73e3e432188abe53c639a1c7659ed7c6a20a82d5bd6c8a3443456d0355c8bf5f,204560,https://thumb.wikimedia.org/wikipedia/commons/thumb/7/7c/Alnagon_-_Spofa.JPG/1280px-Alnagon_-_Spofa.JPG?utm_source=commons.wikimedia.org&utm_campaign=imageinfo&utm_content=thumbnail,
BA_000290,"File:Alprazolam orally disintegrating tablets, blister packs.jpg",ok,balanced_authentic/BA_000290.jpg,713e05075ffc257d0bd7c2bdedbe23aaf2a2af26a43dbb8a6d0745738a5506e1,242668,https://thumb.wikimedia.org/wikipedia/commons/thumb/0/0b/Alprazolam_orally_disintegrating_tablets%2C_blister_packs.jpg/1280px-Alprazolam_orally_disintegrating_tablets%2C_blister_packs.jpg?utm_source=commons.wikimedia.org&utm_campaign=imageinfo&utm_content=thumbnail,
BA_000298,File:American journal of pharmacy (1829) (14596396880).jpg,ok,balanced_authentic/BA_000298.jpg,ee43b58c342453a8bec23439dbca7a9163cd8e583046c00cdb9a030b4dbe3ab5,413640,https://upload.wikimedia.org/wikipedia/commons/b/bf/American_journal_of_pharmacy_%281829%29_%2814596396880%29.jpg?utm_source=commons.wikimedia.org&utm_campaign=imageinfo&utm_content=thumbnail_unscaled,
BA_000313,File:Amoksicilin 500 091208.jpg,ok,balanced_authentic/BA_000313.jpg,e1ff096d99324fa97319dcce65e31627a3041c44bbfb8f338adc791250e83195,242580,https://upload.wikimedia.org/wikipedia/commons/8/8e/Amoksicilin_500_091208.jpg?utm_source=commons.wikimedia.org&utm_campaign=imageinfo&utm_content=thumbnail_unscaled,
BA_000314,File:Amoksiklav.jpg,ok,balanced_authentic/BA_000314.jpg,3f0e4f6adc970ed4817303ef6dd6982e0475b7419b7cfe1a74409e747dc299b9,153516,https://upload.wikimedia.org/wikipedia/commons/f/f9/Amoksiklav.jpg?utm_source=commons.wikimedia.org&utm_campaign=imageinfo&utm_content=thumbnail_unscaled,
BA_000315,File:Amoxi-drops and amoxi-tabs.jpg,ok,balanced_authentic/BA_000315.jpg,65dd978ab29c4883bf053c863fa304ed539c6b70ea0c302cc7fa00d2ab02b64b,676327,https://upload.wikimedia.org/wikipedia/commons/d/d5/Amoxi-drops_and_amoxi-tabs.jpg?utm_source=commons.wikimedia.org&utm_campaign=imageinfo&utm_content=thumbnail_unscaled,
BA_000316,File:Amoxicilina y ácido clavulanico dosificación.png,ok,balanced_authentic/BA_000316.jpg,471b70465931563378344a82dee058d8629d4d1c1e4977b61f013ea34493c9fe,818833,https://upload.wikimedia.org/wikipedia/commons/0/0f/Amoxicilina_y_%C3%A1cido_clavulanico_dosificaci%C3%B3n.png?utm_source=commons.wikimedia.org&utm_campaign=imageinfo&utm_content=thumbnail_unscaled,
BA_000318,File:Amoxicillin 500mg capsules on a plate (Sandoz).jpg,ok,balanced_authentic/BA_000318.jpg,c1868d6c29029636936e5433bab21af03940f9e5545cce7460319904376d0928,149658,https://thumb.wikimedia.org/wikipedia/commons/thumb/5/5e/Amoxicillin_500mg_capsules_on_a_plate_%28Sandoz%29.jpg/1280px-Amoxicillin_500mg_capsules_on_a_plate_%28Sandoz%29.jpg?utm_source=commons.wikimedia.org&utm_campaign=imageinfo&utm_content=thumbnail,
BA_000319,File:Amoxicillin clavulanic acid ball-and-stick.png,ok,balanced_authentic/BA_000319.jpg,129a9d867248450cc2503edbab9ce18a3c8a4b615f23b0c39eac9a497e392fd4,166457,https://thumb.wikimedia.org/wikipedia/commons/thumb/1/14/Amoxicillin_clavulanic_acid_ball-and-stick.png/1280px-Amoxicillin_clavulanic_acid_ball-and-stick.png?utm_source=commons.wikimedia.org&utm_campaign=imageinfo&utm_content=thumbnail,
BA_000320,File:Amoxicillin drug.jpg,ok,balanced_authentic/BA_000320.jpg,47bbb8e967d9568cc9fc7c068aea8d41088d725e6dcd01e6a00e41b9a1ed0439,392906,https://thumb.wikimedia.org/wikipedia/commons/thumb/2/25/Amoxicillin_drug.jpg/1280px-Amoxicillin_drug.jpg?utm_source=commons.wikimedia.org&utm_campaign=imageinfo&utm_content=thumbnail,
BA_000321,File:Amoxicillin pill.jpg,ok,balanced_authentic/BA_000321.jpg,8081f7ab985fde301bf4909fe4aa04a1a0bf02e34c15feee0202778fcf9f58b1,155788,https://thumb.wikimedia.org/wikipedia/commons/thumb/4/41/Amoxicillin_pill.jpg/1280px-Amoxicillin_pill.jpg?utm_source=commons.wikimedia.org&utm_campaign=imageinfo&utm_content=thumbnail,
BA_000322,File:Amoxicillin rash 11 hours after 17th dose.JPG,ok,balanced_authentic/BA_000322.jpg,50f3cd3899b158a9cb2f80fb9ed2c658aaf668223648c3a6f340a84e395d85b3,327479,https://upload.wikimedia.org/wikipedia/commons/a/ac/Amoxicillin_rash_11_hours_after_17th_dose.JPG?utm_source=commons.wikimedia.org&utm_campaign=imageinfo&utm_content=thumbnail_unscaled,
BA_000323,File:Amoxicillin rash 26 hours after 17th dose.JPG,ok,balanced_authentic/BA_000323.jpg,6531cb76161bef906224363efebd2024bc7f8404bb8541c2d2052bc8d784a384,486807,https://upload.wikimedia.org/wikipedia/commons/f/fc/Amoxicillin_rash_26_hours_after_17th_dose.JPG?utm_source=commons.wikimedia.org&utm_campaign=imageinfo&utm_content=thumbnail_unscaled,
BA_000324,File:Amoxicillin rash 3 hours after 17th dose.JPG,ok,balanced_authentic/BA_000324.jpg,bc1f395f71c12733ea7e4f4c2d73a3e17319c3ebec40a87d70fb254721344828,329395,https://upload.wikimedia.org/wikipedia/commons/7/73/Amoxicillin_rash_3_hours_after_17th_dose.JPG?utm_source=commons.wikimedia.org&utm_campaign=imageinfo&utm_content=thumbnail_unscaled,
BA_000325,File:Amoxicillin substance photo.jpg,ok,balanced_authentic/BA_000325.jpg,527257e9a5436054d21631e3fdaa467dfe9408054f0c032e53ca582af6658015,181034,https://upload.wikimedia.org/wikipedia/commons/5/57/Amoxicillin_substance_photo.jpg?utm_source=commons.wikimedia.org&utm_campaign=imageinfo&utm_content=thumbnail_unscaled,
BA_000327,File:Amoxicillin-3D-balls.png,ok,balanced_authentic/BA_000327.jpg,c6ea4aed838717865bc5d297a203d5e715ee905c48f9a58736c2661e14df9a4f,155483,https://upload.wikimedia.org/wikipedia/commons/3/30/Amoxicillin-3D-balls.png?utm_source=commons.wikimedia.org&utm_campaign=imageinfo&utm_content=thumbnail_unscaled,
BA_000328,File:Amoxicillin-3D-vdW.png,ok,balanced_authentic/BA_000328.jpg,a9c072c6c60a84d31fa5be28e435b782b3806a0f596bc112169d26ac3468d7f7,192490,https://upload.wikimedia.org/wikipedia/commons/1/12/Amoxicillin-3D-vdW.png?utm_source=commons.wikimedia.org&utm_campaign=imageinfo&utm_content=thumbnail_unscaled,
BA_000329,File:Amoxicillin-from-xtal-3D-bs-17.png,ok,balanced_authentic/BA_000329.jpg,21114802a89fb1c80278959799907b53a3bbf1efa330af4690ca00768802251a,235715,https://thumb.wikimedia.org/wikipedia/commons/thumb/e/e6/Amoxicillin-from-xtal-3D-bs-17.png/1280px-Amoxicillin-from-xtal-3D-bs-17.png?utm_source=commons.wikimedia.org&utm_campaign=imageinfo&utm_content=thumbnail,
BA_000330,File:Amoxicillin-from-xtal-3D-sf.png,ok,balanced_authentic/BA_000330.jpg,212b6e204134c9c6bab1eb7ad57eca1edf9480923b42e5585dc0ddd6471cc1e0,322970,https://thumb.wikimedia.org/wikipedia/commons/thumb/c/c3/Amoxicillin-from-xtal-3D-sf.png/1280px-Amoxicillin-from-xtal-3D-sf.png?utm_source=commons.wikimedia.org&utm_campaign=imageinfo&utm_content=thumbnail,
BA_000331,File:Amoxicillin-from-xtal-Mercury-3D-balls.png,ok,balanced_authentic/BA_000331.jpg,72acd7a9a0d471b383bcb7d3fbc3248e98faa4c5374230a671c0afa1db7d78e2,259341,https://thumb.wikimedia.org/wikipedia/commons/thumb/8/83/Amoxicillin-from-xtal-Mercury-3D-balls.png/1280px-Amoxicillin-from-xtal-Mercury-3D-balls.png?utm_source=commons.wikimedia.org&utm_campaign=imageinfo&utm_content=thumbnail,
BA_000332,File:Amoxicillin.JPG,fetch_failed,,,,https://upload.wikimedia.org/wikipedia/commons/1/1e/Amoxicillin.JPG?utm_source=commons.wikimedia.org&utm_campaign=imageinfo&utm_content=thumbnail_unscaled,
BA_000333,File:Amoxicilline Mylan 1g.jpg,ok,balanced_authentic/BA_000333.jpg,a5245278bb20540c49f0737fbb957ffa067a025472329f53ddeb6d27f6bb06e4,239265,https://thumb.wikimedia.org/wikipedia/commons/thumb/0/0f/Amoxicilline_Mylan_1g.jpg/1280px-Amoxicilline_Mylan_1g.jpg?utm_source=commons.wikimedia.org&utm_campaign=imageinfo&utm_content=thumbnail,
BA_000335,File:Amoxiclav Sandoz Mylan.JPG,ok,balanced_authentic/BA_000335.jpg,af4798c6e72b55d3b5112bd3efa83836404653795303117a6d82d15812c825b7,251254,https://thumb.wikimedia.org/wikipedia/commons/thumb/9/95/Amoxiclav_Sandoz_Mylan.JPG/1280px-Amoxiclav_Sandoz_Mylan.JPG?utm_source=commons.wikimedia.org&utm_campaign=imageinfo&utm_content=thumbnail,
BA_000336,File:Amoxin.jpg,ok,balanced_authentic/BA_000336.jpg,0b62a28231dc1cc4631014abc41163692c45557ce9ecb650fc1eee8d54b2bafe,370162,https://thumb.wikimedia.org/wikipedia/commons/thumb/d/db/Amoxin.jpg/1280px-Amoxin.jpg?utm_source=commons.wikimedia.org&utm_campaign=imageinfo&utm_content=thumbnail,
BA_000338,File:Ampoule prefilled JPN.jpg,ok,balanced_authentic/BA_000338.jpg,34f9bc27a0a6ca63829c2c831e6e0dc70173fe295ccf9e2e4db2efa5ff3b57e8,409360,https://thumb.wikimedia.org/wikipedia/commons/thumb/8/85/Ampoule_prefilled_JPN.jpg/1280px-Ampoule_prefilled_JPN.jpg?utm_source=commons.wikimedia.org&utm_campaign=imageinfo&utm_content=thumbnail,
BA_000339,"File:An Angolan women holds a box of Coartem, an anti-malarial drug.jpg",ok,balanced_authentic/BA_000339.jpg,7ffb5d3a4a9791563d29457e27c67ce2f170f8384108030091bd995ca3c45ca9,238657,https://thumb.wikimedia.org/wikipedia/commons/thumb/9/92/An_Angolan_women_holds_a_box_of_Coartem%2C_an_anti-malarial_drug.jpg/1280px-An_Angolan_women_holds_a_box_of_Coartem%2C_an_anti-malarial_drug.jpg?utm_source=commons.wikimedia.org&utm_campaign=imageinfo&utm_content=thumbnail,
BA_000349,File:Anatomy of an IgG.png,fetch_failed,,,,https://upload.wikimedia.org/wikipedia/commons/2/27/Anatomy_of_an_IgG.png?utm_source=commons.wikimedia.org&utm_campaign=imageinfo&utm_content=thumbnail_unscaled,
BA_000352,File:Anesthesia medications.JPG,ok,balanced_authentic/BA_000352.jpg,d139aa772f9c7b0d28d2c32fb8c5f0291a4fc36c9d6edd7593d8fae3ff2c5bf2,327914,https://upload.wikimedia.org/wikipedia/commons/e/ed/Anesthesia_medications.JPG?utm_source=commons.wikimedia.org&utm_campaign=imageinfo&utm_content=thumbnail_unscaled,
BA_000355,File:Anna Pabst 1896-1935 (30794405487).jpg,ok,balanced_authentic/BA_000355.jpg,53b827719bdf3247a91da42772106d12aed1e6715cf4ae49ede3ef0e2fc554c9,607562,https://thumb.wikimedia.org/wikipedia/commons/thumb/5/58/Anna_Pabst_1896-1935_%2830794405487%29.jpg/1280px-Anna_Pabst_1896-1935_%2830794405487%29.jpg?utm_source=commons.wikimedia.org&utm_campaign=imageinfo&utm_content=thumbnail,
BA_000360,"File:Anterone (cyproterone acetate) tablets in Australia, with three blister packs.jpg",ok,balanced_authentic/BA_000360.jpg,3d207644c98031fdc5cb5c7151282f4eeacd2aeea59dc090450fafcfa2be43d6,225989,https://thumb.wikimedia.org/wikipedia/commons/thumb/a/a3/Anterone_%28cyproterone_acetate%29_tablets_in_Australia%2C_with_three_blister_packs.jpg/1280px-Anterone_%28cyproterone_acetate%29_tablets_in_Australia%2C_with_three_blister_packs.jpg?utm_source=commons.wikimedia.org&utm_campaign=imageinfo&utm_content=thumbnail,
BA_000361,"File:Anterone (cyproterone acetate) tablets in Australia, with two obverse and one reverse blister packs.jpg",ok,balanced_authentic/BA_000361.jpg,f50b8c986524ed1d6020985cd870a894cf8ae581147e8d78e932e01d08f8c575,207906,https://thumb.wikimedia.org/wikipedia/commons/thumb/7/7f/Anterone_%28cyproterone_acetate%29_tablets_in_Australia%2C_with_two_obverse_and_one_reverse_blister_packs.jpg/1280px-Anterone_%28cyproterone_acetate%29_tablets_in_Australia%2C_with_two_obverse_and_one_reverse_blister_packs.jpg?utm_source=commons.wikimedia.org&utm_campaign=imageinfo&utm_content=thumbnail,
BA_000364,File:Antibiotic pills.jpg,ok,balanced_authentic/BA_000364.jpg,9ef8d4b24668e735f06c816f95336b3fbec195ebbcc23ea4a38e546653eca48e,205013,https://thumb.wikimedia.org/wikipedia/commons/thumb/5/57/Antibiotic_pills.jpg/1280px-Antibiotic_pills.jpg?utm_source=commons.wikimedia.org&utm_campaign=imageinfo&utm_content=thumbnail,
BA_000367,File:Antibody (NIH BioArt 17 - 626774).png,ok,balanced_authentic/BA_000367.jpg,a66275b37f25dca157ddf685622b2372b5324f89662f739c7380bd42de6b82e5,144227,https://thumb.wikimedia.org/wikipedia/commons/thumb/2/2e/Antibody_%28NIH_BioArt_17_-_626774%29.png/1280px-Antibody_%28NIH_BioArt_17_-_626774%29.png?utm_source=commons.wikimedia.org&utm_campaign=imageinfo&utm_content=thumbnail,
BA_000368,File:Antibody (NIH BioArt 17 - 626784).png,ok,balanced_authentic/BA_000368.jpg,359dc33accbf0932568b674147ed5683a71e80a0518078a5479a8336c6e6784e,151097,https://thumb.wikimedia.org/wikipedia/commons/thumb/a/a3/Antibody_%28NIH_BioArt_17_-_626784%29.png/1280px-Antibody_%28NIH_BioArt_17_-_626784%29.png?utm_source=commons.wikimedia.org&utm_campaign=imageinfo&utm_content=thumbnail,
BA_000369,File:Antibody (NIH BioArt 17 - 626789).png,ok,balanced_authentic/BA_000369.jpg,73fd056965473e2e93ab76f88247e6affee25247176c9e900c83a1fa989803e5,153622,https://thumb.wikimedia.org/wikipedia/commons/thumb/6/67/Antibody_%28NIH_BioArt_17_-_626789%29.png/1280px-Antibody_%28NIH_BioArt_17_-_626789%29.png?utm_source=commons.wikimedia.org&utm_campaign=imageinfo&utm_content=thumbnail,
BA_000370,File:Antibody (NIH BioArt 17 - 626799).png,ok,balanced_authentic/BA_000370.jpg,ba0aa4cb932f9391d57de5d05caaa3d7c5810d762d06ba246aef69b875850c6d,139010,https://thumb.wikimedia.org/wikipedia/commons/thumb/2/2d/Antibody_%28NIH_BioArt_17_-_626799%29.png/1280px-Antibody_%28NIH_BioArt_17_-_626799%29.png?utm_source=commons.wikimedia.org&utm_campaign=imageinfo&utm_content=thumbnail,
BA_000371,File:Antibody (NIH BioArt 17 - 626804).png,ok,balanced_authentic/BA_000371.jpg,0ef7d3f459d490ff4ec5a550d85f7d09525cd933e8b28185acc9081d04e8f16a,141851,https://thumb.wikimedia.org/wikipedia/commons/thumb/7/75/Antibody_%28NIH_BioArt_17_-_626804%29.png/1280px-Antibody_%28NIH_BioArt_17_-_626804%29.png?utm_source=commons.wikimedia.org&utm_campaign=imageinfo&utm_content=thumbnail,
BA_000372,File:Antibody (NIH BioArt 17 - 626809).png,ok,balanced_authentic/BA_000372.jpg,ce91df56c22c95abf43b30afe94192808fafcfed6f0ffd655ee0351b629d7749,141789,https://thumb.wikimedia.org/wikipedia/commons/thumb/2/22/Antibody_%28NIH_BioArt_17_-_626809%29.png/1280px-Antibody_%28NIH_BioArt_17_-_626809%29.png?utm_source=commons.wikimedia.org&utm_campaign=imageinfo&utm_content=thumbnail,
BA_000373,File:Antibody (NIH BioArt 17 - 626814).png,ok,balanced_authentic/BA_000373.jpg,af778d4aa698a987f1c889cca64c7812e4f7fa30e6721a0234feea5c999806ea,131641,https://thumb.wikimedia.org/wikipedia/commons/thumb/c/c2/Antibody_%28NIH_BioArt_17_-_626814%29.png/1280px-Antibody_%28NIH_BioArt_17_-_626814%29.png?utm_source=commons.wikimedia.org&utm_campaign=imageinfo&utm_content=thumbnail,
BA_000375,File:Antibody IgG1 surface.png,ok,balanced_authentic/BA_000375.jpg,d8149341fc91c260d91eda0c8f073384b8de5e66cd86b7e2ea7cd12a73fcba93,905658,https://thumb.wikimedia.org/wikipedia/commons/thumb/3/3a/Antibody_IgG1_surface.png/1280px-Antibody_IgG1_surface.png?utm_source=commons.wikimedia.org&utm_campaign=imageinfo&utm_content=thumbnail,
BA_000376,File:Antibody IgG2-es.png,fetch_failed,,,,https://upload.wikimedia.org/wikipedia/commons/0/01/Antibody_IgG2-es.png?utm_source=commons.wikimedia.org&utm_campaign=imageinfo&utm_content=thumbnail_unscaled,
BA_000377,File:Antibody IgG2.png,ok,balanced_authentic/BA_000377.jpg,7de8ddb182f4fdbdac6ed19d1f13051fc8ce3a361022178968a48be36f63fc17,250040,https://upload.wikimedia.org/wikipedia/commons/a/a9/Antibody_IgG2.png?utm_source=commons.wikimedia.org&utm_campaign=imageinfo&utm_content=thumbnail_unscaled,
BA_000379,File:Antique medicine bottle marked calomel.jpg,fetch_failed,,,,https://upload.wikimedia.org/wikipedia/commons/b/b2/Antique_medicine_bottle_marked_calomel.jpg?utm_source=commons.wikimedia.org&utm_campaign=imageinfo&utm_content=thumbnail_unscaled,
BA_000390,File:Apothecary bottle used for scurvy-grass water Wellcome L0036652.jpg,ok,balanced_authentic/BA_000390.jpg,ded29fe6d58bfe0447ee17d0dabb6c1c216b8b69f55d0faca4cf384d6b074f37,399497,https://thumb.wikimedia.org/wikipedia/commons/thumb/3/3e/Apothecary_bottle_used_for_scurvy-grass_water_Wellcome_L0036652.jpg/1280px-Apothecary_bottle_used_for_scurvy-grass_water_Wellcome_L0036652.jpg?utm_source=commons.wikimedia.org&utm_campaign=imageinfo&utm_content=thumbnail,
BA_000413,File:Apposition and adhesion of blastocyst to luminal epithelium.jpg,ok,balanced_authentic/BA_000413.jpg,d5f856564a76eb7675e51fe3d90a62896c91657ac81cd6cca311c110b89cae9c,253288,https://thumb.wikimedia.org/wikipedia/commons/thumb/9/9e/Apposition_and_adhesion_of_blastocyst_to_luminal_epithelium.jpg/1280px-Apposition_and_adhesion_of_blastocyst_to_luminal_epithelium.jpg?utm_source=commons.wikimedia.org&utm_campaign=imageinfo&utm_content=thumbnail,
BA_000425,File:Arterial pulse waves.jpg,ok,balanced_authentic/BA_000425.jpg,c891ac8b1527c524f4691f143e384309107d6c3f3d39ecc6238c7b18c8d7555e,154085,https://thumb.wikimedia.org/wikipedia/commons/thumb/7/76/Arterial_pulse_waves.jpg/1280px-Arterial_pulse_waves.jpg?utm_source=commons.wikimedia.org&utm_campaign=imageinfo&utm_content=thumbnail,
BA_000436,File:Assorted pharmaceuticals by LadyofProcrastination.jpg,ok,balanced_authentic/BA_000436.jpg,51c85218dd425c98c243f468e273844e0f1706f337dbafb2338faa9aeb546ae2,192805,https://thumb.wikimedia.org/wikipedia/commons/thumb/b/b5/Assorted_pharmaceuticals_by_LadyofProcrastination.jpg/1280px-Assorted_pharmaceuticals_by_LadyofProcrastination.jpg?utm_source=commons.wikimedia.org&utm_campaign=imageinfo&utm_content=thumbnail,
BA_000437,File:Astamocil.jpg,ok,balanced_authentic/BA_000437.jpg,35076c98d01aac7e9f6757153ca01c8537ac11e35844c0c36468419d9e6157f7,288428,https://thumb.wikimedia.org/wikipedia/commons/thumb/e/ed/Astamocil.jpg/1280px-Astamocil.jpg?utm_source=commons.wikimedia.org&utm_campaign=imageinfo&utm_content=thumbnail,
BA_000438,File:Astra Zeneca COVID-19 vaccines in package.jpg,ok,balanced_authentic/BA_000438.jpg,e817b3dcc28911bd2e5e9200f54c82aa420fd889a7fd259866155cc0628a6634,718707,https://thumb.wikimedia.org/wikipedia/commons/thumb/2/23/Astra_Zeneca_COVID-19_vaccines_in_package.jpg/1280px-Astra_Zeneca_COVID-19_vaccines_in_package.jpg?utm_source=commons.wikimedia.org&utm_campaign=imageinfo&utm_content=thumbnail,
BA_000440,File:AstraZeneca COVID-19 Vaccine (cropped).jpg,fetch_failed,,,,https://upload.wikimedia.org/wikipedia/commons/f/f5/AstraZeneca_COVID-19_Vaccine_%28cropped%29.jpg?utm_source=commons.wikimedia.org&utm_campaign=imageinfo&utm_content=thumbnail_unscaled,
BA_000441,File:AstraZeneca COVID-19 vaccine vials (4ml).jpg,ok,balanced_authentic/BA_000441.jpg,4cd116ea5856d0c578d5e9b2629589555d81140b3b64ffca81f969cc2445febe,623163,https://thumb.wikimedia.org/wikipedia/commons/thumb/1/12/AstraZeneca_COVID-19_vaccine_vials_%284ml%29.jpg/1280px-AstraZeneca_COVID-19_vaccine_vials_%284ml%29.jpg?utm_source=commons.wikimedia.org&utm_campaign=imageinfo&utm_content=thumbnail,
BA_000442,File:AstraZeneca Oxford University COVID-19 Vaccine 4ml vials.jpg,ok,balanced_authentic/BA_000442.jpg,58ef985ed50fdce4bfcd0355b1748fdfc53a93fe59c692e6011d56a4ab1b9e6f,238947,https://thumb.wikimedia.org/wikipedia/commons/thumb/2/26/AstraZeneca_Oxford_University_COVID-19_Vaccine_4ml_vials.jpg/1280px-AstraZeneca_Oxford_University_COVID-19_Vaccine_4ml_vials.jpg?utm_source=commons.wikimedia.org&utm_campaign=imageinfo&utm_content=thumbnail,
BA_000443,File:At the sign of the dollar (1905) (14580752567).jpg,ok,balanced_authentic/BA_000443.jpg,7606c40babc1efce06f1d029606a9793bb834381db7298f816692e9d871098fa,355840,https://thumb.wikimedia.org/wikipedia/commons/thumb/1/19/At_the_sign_of_the_dollar_%281905%29_%2814580752567%29.jpg/1280px-At_the_sign_of_the_dollar_%281905%29_%2814580752567%29.jpg?utm_source=commons.wikimedia.org&utm_campaign=imageinfo&utm_content=thumbnail,
BA_000444,File:Atarax.JPG,fetch_failed,,,,https://upload.wikimedia.org/wikipedia/commons/2/2b/Atarax.JPG?utm_source=commons.wikimedia.org&utm_campaign=imageinfo&utm_content=thumbnail_unscaled,
BA_000447,File:Atezolizumab PD-L1 5X8L.png,ok,balanced_authentic/BA_000447.jpg,86c1368a546236018735ab324e678009c35daa7c6e6a27bc1264ee72e63af75d,831932,https://thumb.wikimedia.org/wikipedia/commons/thumb/e/e6/Atezolizumab_PD-L1_5X8L.png/1280px-Atezolizumab_PD-L1_5X8L.png?utm_source=commons.wikimedia.org&utm_campaign=imageinfo&utm_content=thumbnail,
BA_000457,File:Automated Postal Center and new Priority Mail box display (5115759015).jpg,ok,balanced_authentic/BA_000457.jpg,0262249202a622ab22e82f5784aaff1d634df9dc8fe16837cf0fc5e9c4446846,191228,https://thumb.wikimedia.org/wikipedia/commons/thumb/2/23/Automated_Postal_Center_and_new_Priority_Mail_box_display_%285115759015%29.jpg/1280px-Automated_Postal_Center_and_new_Priority_Mail_box_display_%285115759015%29.jpg?utm_source=commons.wikimedia.org&utm_campaign=imageinfo&utm_content=thumbnail,
BA_000461,File:Ax 100.jpg,fetch_failed,,,,https://upload.wikimedia.org/wikipedia/commons/f/fe/Ax_100.jpg?utm_source=commons.wikimedia.org&utm_campaign=imageinfo&utm_content=thumbnail_unscaled,
BA_000463,File:Ax naranja tunning.jpg,fetch_failed,,,,https://upload.wikimedia.org/wikipedia/commons/b/ba/Ax_naranja_tunning.jpg?utm_source=commons.wikimedia.org&utm_campaign=imageinfo&utm_content=thumbnail_unscaled,
BA_000464,File:Ax the Tax activists.jpg,fetch_failed,,,,https://upload.wikimedia.org/wikipedia/commons/f/fa/Ax_the_Tax_activists.jpg?utm_source=commons.wikimedia.org&utm_campaign=imageinfo&utm_content=thumbnail_unscaled,
BA_000466,File:Ax-les-Thermes - 53230478005.jpg,ok,balanced_authentic/BA_000466.jpg,bc8f333af52acc60bda85fba47e5dd0a1e5afafaca6ae9e7f2f79cb47342d56d,389919,https://thumb.wikimedia.org/wikipedia/commons/thumb/7/77/Ax-les-Thermes_-_53230478005.jpg/1280px-Ax-les-Thermes_-_53230478005.jpg?utm_source=commons.wikimedia.org&utm_campaign=imageinfo&utm_content=thumbnail,
BA_000467,File:Ax-les-Thermes - panoramio.jpg,ok,balanced_authentic/BA_000467.jpg,5b671d0a006e5bf157df11f3a0bf7dac39a69a26229ca3115c97c206353fe91e,335084,https://thumb.wikimedia.org/wikipedia/commons/thumb/f/f6/Ax-les-Thermes_-_panoramio.jpg/1280px-Ax-les-Thermes_-_panoramio.jpg?utm_source=commons.wikimedia.org&utm_campaign=imageinfo&utm_content=thumbnail,
BA_000468,File:Ax-les-Thermes Mairie.jpg,ok,balanced_authentic/BA_000468.jpg,9716a86d4beaf724510b1ea067497fac6b5e88d5eadb92b937f71c632d5bace9,363569,https://thumb.wikimedia.org/wikipedia/commons/thumb/b/bc/Ax-les-Thermes_Mairie.jpg/1280px-Ax-les-Thermes_Mairie.jpg?utm_source=commons.wikimedia.org&utm_campaign=imageinfo&utm_content=thumbnail,
BA_000470,File:Ax-les-Thermes.jpg,ok,balanced_authentic/BA_000470.jpg,1d1994c75da9b21c99f181faaf837e1189663050bbf3648a77d2680004f94883,445445,https://thumb.wikimedia.org/wikipedia/commons/thumb/f/f9/Ax-les-Thermes.jpg/1280px-Ax-les-Thermes.jpg?utm_source=commons.wikimedia.org&utm_campaign=imageinfo&utm_content=thumbnail,
BA_000518,"File:Bangkok Airways, HS-PPD, Airbus A320-232 (40696867833).jpg",ok,balanced_authentic/BA_000518.jpg,99e3c20ded96a296d9ad216302678d26daddbfba07f095ab2dd4bba6cda6af48,597803,https://upload.wikimedia.org/wikipedia/commons/c/cc/Bangkok_Airways%2C_HS-PPD%2C_Airbus_A320-232_%2840696867833%29.jpg?utm_source=commons.wikimedia.org&utm_campaign=imageinfo&utm_content=thumbnail_unscaled,
BA_000522,File:Barros inaugura linha de produção da vacina de febre amarela (26025962128).jpg,ok,balanced_authentic/BA_000522.jpg,93685ee4c93bdac6ba3afa47f45de007688d0b91a59cb2772e3627a44aad6517,139448,https://thumb.wikimedia.org/wikipedia/commons/thumb/6/65/Barros_inaugura_linha_de_produ%C3%A7%C3%A3o_da_vacina_de_febre_amarela_%2826025962128%29.jpg/1280px-Barros_inaugura_linha_de_produ%C3%A7%C3%A3o_da_vacina_de_febre_amarela_%2826025962128%29.jpg?utm_source=commons.wikimedia.org&utm_campaign=imageinfo&utm_content=thumbnail,
BA_000523,File:Barros inaugura linha de produção da vacina de febre amarela (26025964458).jpg,ok,balanced_authentic/BA_000523.jpg,5bafaec2e365f7637796dcef909cc445a615cd00331cac4e30d9bae3db21777f,123922,https://thumb.wikimedia.org/wikipedia/commons/thumb/7/78/Barros_inaugura_linha_de_produ%C3%A7%C3%A3o_da_vacina_de_febre_amarela_%2826025964458%29.jpg/1280px-Barros_inaugura_linha_de_produ%C3%A7%C3%A3o_da_vacina_de_febre_amarela_%2826025964458%29.jpg?utm_source=commons.wikimedia.org&utm_campaign=imageinfo&utm_content=thumbnail,
BA_000524,File:Barros inaugura linha de produção da vacina de febre amarela (28118409009).jpg,ok,balanced_authentic/BA_000524.jpg,a4f4646f88c46258e4fcba9aef3b8ad0eb1384c7eaf4f609c30ab23cff6cf6bc,143455,https://thumb.wikimedia.org/wikipedia/commons/thumb/8/82/Barros_inaugura_linha_de_produ%C3%A7%C3%A3o_da_vacina_de_febre_amarela_%2828118409009%29.jpg/1280px-Barros_inaugura_linha_de_produ%C3%A7%C3%A3o_da_vacina_de_febre_amarela_%2828118409009%29.jpg?utm_source=commons.wikimedia.org&utm_campaign=imageinfo&utm_content=thumbnail,
BA_000525,File:Barros inaugura linha de produção da vacina de febre amarela (28118410229).jpg,ok,balanced_authentic/BA_000525.jpg,74695db38de32586f8512fdd988757558e18903ffda908cba49768005a9714b8,111275,https://thumb.wikimedia.org/wikipedia/commons/thumb/6/65/Barros_inaugura_linha_de_produ%C3%A7%C3%A3o_da_vacina_de_febre_amarela_%2828118410229%29.jpg/1280px-Barros_inaugura_linha_de_produ%C3%A7%C3%A3o_da_vacina_de_febre_amarela_%2828118410229%29.jpg?utm_source=commons.wikimedia.org&utm_campaign=imageinfo&utm_content=thumbnail,
BA_000526,File:Barros inaugura linha de produção da vacina de febre amarela (28118412859).jpg,ok,balanced_authentic/BA_000526.jpg,98260fd56b9ca33bd05b84f0a82c855e32d9e68688dbe9093b8c16ea5238aa18,149442,https://thumb.wikimedia.org/wikipedia/commons/thumb/f/f5/Barros_inaugura_linha_de_produ%C3%A7%C3%A3o_da_vacina_de_febre_amarela_%2828118412859%29.jpg/1280px-Barros_inaugura_linha_de_produ%C3%A7%C3%A3o_da_vacina_de_febre_amarela_%2828118412859%29.jpg?utm_source=commons.wikimedia.org&utm_campaign=imageinfo&utm_content=thumbnail,
BA_000527,File:Barros inaugura linha de produção da vacina de febre amarela (39899292221).jpg,ok,balanced_authentic/BA_000527.jpg,4e0cf2dcb7c72abe1f41187fcca08240438b73d537fa7f970afa1af4a8d893df,123767,https://thumb.wikimedia.org/wikipedia/commons/thumb/d/d6/Barros_inaugura_linha_de_produ%C3%A7%C3%A3o_da_vacina_de_febre_amarela_%2839899292221%29.jpg/1280px-Barros_inaugura_linha_de_produ%C3%A7%C3%A3o_da_vacina_de_febre_amarela_%2839899292221%29.jpg?utm_source=commons.wikimedia.org&utm_campaign=imageinfo&utm_content=thumbnail,
BA_000528,"File:Batulechaur Health Post, Pokhara, Nepal (10676808455).jpg",ok,balanced_authentic/BA_000528.jpg,233fee53e86ac6da9c3c527d87c116253c069ad484f37f702ef30b58ced8f040,137180,https://thumb.wikimedia.org/wikipedia/commons/thumb/7/7e/Batulechaur_Health_Post%2C_Pokhara%2C_Nepal_%2810676808455%29.jpg/1280px-Batulechaur_Health_Post%2C_Pokhara%2C_Nepal_%2810676808455%29.jpg?utm_source=commons.wikimedia.org&utm_campaign=imageinfo&utm_content=thumbnail,
BA_000529,File:Bayer Aspirin and store-brand generic on Canadian drugstore shelf.jpg,ok,balanced_authentic/BA_000529.jpg,010b25181cbd3600f40972e581547cf29400a78372caffe18d82015f0d4a0465,354335,https://thumb.wikimedia.org/wikipedia/commons/thumb/a/a6/Bayer_Aspirin_and_store-brand_generic_on_Canadian_drugstore_shelf.jpg/1280px-Bayer_Aspirin_and_store-brand_generic_on_Canadian_drugstore_shelf.jpg?utm_source=commons.wikimedia.org&utm_campaign=imageinfo&utm_content=thumbnail,
BA_000530,File:Bayer Heroin bottle (cropped).jpg,ok,balanced_authentic/BA_000530.jpg,8ffd536f45e761b3118ee4322fb8f82e5f843eb5f356ee44f18d62aa8b554b54,170530,https://thumb.wikimedia.org/wikipedia/commons/thumb/d/d8/Bayer_Heroin_bottle_%28cropped%29.jpg/1280px-Bayer_Heroin_bottle_%28cropped%29.jpg?utm_source=commons.wikimedia.org&utm_campaign=imageinfo&utm_content=thumbnail,
BA_000531,File:Bayer Heroin bottle.jpg,ok,balanced_authentic/BA_000531.jpg,7516d323f603b5570e6a9994d5ef5438b2e2f6b5fc0dbdb14389a63ab0d4cbd2,173264,https://thumb.wikimedia.org/wikipedia/commons/thumb/f/ff/Bayer_Heroin_bottle.jpg/1280px-Bayer_Heroin_bottle.jpg?utm_source=commons.wikimedia.org&utm_campaign=imageinfo&utm_content=thumbnail,
BA_000533,File:Behandlung von Torticollis (Schiefhals) mit subkutan gespritztem Botox.jpg,fetch_failed,,,,https://upload.wikimedia.org/wikipedia/commons/8/8b/Behandlung_von_Torticollis_%28Schiefhals%29_mit_subkutan_gespritztem_Botox.jpg?utm_source=commons.wikimedia.org&utm_campaign=imageinfo&utm_content=thumbnail_unscaled,
BA_000534,"File:Belladonna alkaloid, ergotamine, phenobarbital drug combination.png",fetch_failed,,,,https://upload.wikimedia.org/wikipedia/commons/d/d3/Belladonna_alkaloid%2C_ergotamine%2C_phenobarbital_drug_combination.png?utm_source=commons.wikimedia.org&utm_campaign=imageinfo&utm_content=thumbnail_unscaled,
BA_000535,File:Bellergal-S.JPG,fetch_failed,,,,https://upload.wikimedia.org/wikipedia/commons/9/9c/Bellergal-S.JPG?utm_source=commons.wikimedia.org&utm_campaign=imageinfo&utm_content=thumbnail_unscaled,
BA_000538,File:Benin Coartem blister packs Alex Rowe CDC (12772242485).jpg,fetch_failed,,,,https://upload.wikimedia.org/wikipedia/commons/5/56/Benin_Coartem_blister_packs_Alex_Rowe_CDC_%2812772242485%29.jpg?utm_source=commons.wikimedia.org&utm_campaign=imageinfo&utm_content=thumbnail_unscaled,
BA_000551,File:Bexsero vaccine.jpg,fetch_failed,,,,https://upload.wikimedia.org/wikipedia/commons/2/2f/Bexsero_vaccine.jpg?utm_source=commons.wikimedia.org&utm_campaign=imageinfo&utm_content=thumbnail_unscaled,
BA_000553,File:Bimmuge-Hepatitis B Vaccines.jpg,ok,balanced_authentic/BA_000553.jpg,b7561a2d57eec0f9f3c08a2aa328dc24cfdeba9d923470d9a82bb16b834a877b,411022,https://thumb.wikimedia.org/wikipedia/commons/thumb/6/63/Bimmuge-Hepatitis_B_Vaccines.jpg/1280px-Bimmuge-Hepatitis_B_Vaccines.jpg?utm_source=commons.wikimedia.org&utm_campaign=imageinfo&utm_content=thumbnail,
BA_000554,File:Bio Threats- FDA's A-Team (6304) (9806908675).jpg,ok,balanced_authentic/BA_000554.jpg,11b42567508357bcdfd143666ba292f45cdcb72ed18296e6cbd3e5d0bd28c9e5,317365,https://thumb.wikimedia.org/wikipedia/commons/thumb/6/60/Bio_Threats-_FDA%27s_A-Team_%286304%29_%289806908675%29.jpg/1280px-Bio_Threats-_FDA%27s_A-Team_%286304%29_%289806908675%29.jpg?utm_source=commons.wikimedia.org&utm_campaign=imageinfo&utm_content=thumbnail,
BA_000555,File:Bio Threats- FDA's A-Team (6306) (9806933446).jpg,ok,balanced_authentic/BA_000555.jpg,1a436a8faa432f9eb47a9fe63e6660e47ff898597ab78fd7a8e7bfb953f17912,246765,https://thumb.wikimedia.org/wikipedia/commons/thumb/6/6a/Bio_Threats-_FDA%27s_A-Team_%286306%29_%289806933446%29.jpg/1280px-Bio_Threats-_FDA%27s_A-Team_%286306%29_%289806933446%29.jpg?utm_source=commons.wikimedia.org&utm_campaign=imageinfo&utm_content=thumbnail,
BA_000556,File:Bio Threats- FDA's A-Team (6309) (9806913284).jpg,ok,balanced_authentic/BA_000556.jpg,202773eab8117e6fc14b69369b875890958055a1be24bac40561c2c158ff7529,219395,https://thumb.wikimedia.org/wikipedia/commons/thumb/7/79/Bio_Threats-_FDA%27s_A-Team_%286309%29_%289806913284%29.jpg/1280px-Bio_Threats-_FDA%27s_A-Team_%286309%29_%289806913284%29.jpg?utm_source=commons.wikimedia.org&utm_campaign=imageinfo&utm_content=thumbnail,
BA_000557,File:Bio-inspired hybrid multifunctional drug delivery system (cropped).png,ok,balanced_authentic/BA_000557.jpg,09ee6162258e0430f72abc36f5065a0a513d58242cc292f135bf24f7c6e637d3,1108983,https://thumb.wikimedia.org/wikipedia/commons/thumb/f/fc/Bio-inspired_hybrid_multifunctional_drug_delivery_system_%28cropped%29.png/1280px-Bio-inspired_hybrid_multifunctional_drug_delivery_system_%28cropped%29.png?utm_source=commons.wikimedia.org&utm_campaign=imageinfo&utm_content=thumbnail,
BA_000558,File:Bio-inspired hybrid multifunctional drug delivery system.png,ok,balanced_authentic/BA_000558.jpg,760b7fa01a3bfa848b3bbc7532718ffa7d5c65f9c07e58e95c35aa272b6ca6e2,929553,https://thumb.wikimedia.org/wikipedia/commons/thumb/3/30/Bio-inspired_hybrid_multifunctional_drug_delivery_system.png/1280px-Bio-inspired_hybrid_multifunctional_drug_delivery_system.png?utm_source=commons.wikimedia.org&utm_campaign=imageinfo&utm_content=thumbnail,
BA_000559,File:BioFarma vaccine vials Bandung.jpg,fetch_failed,,,,https://upload.wikimedia.org/wikipedia/commons/d/d2/BioFarma_vaccine_vials_Bandung.jpg?utm_source=commons.wikimedia.org&utm_campaign=imageinfo&utm_content=thumbnail_unscaled,
BA_000560,File:BioNTech COVID-19 Vaccine.jpg,ok,balanced_authentic/BA_000560.jpg,eca9885ae549260f7491b313d67a38801f9a1599501220dadd41739bf0bf4fc4,168226,https://thumb.wikimedia.org/wikipedia/commons/thumb/e/e6/BioNTech_COVID-19_Vaccine.jpg/1280px-BioNTech_COVID-19_Vaccine.jpg?utm_source=commons.wikimedia.org&utm_campaign=imageinfo&utm_content=thumbnail,
BA_000567,File:Black 1937 Volvo PV 51 in Lysekil 7 sepia.jpg,ok,balanced_authentic/BA_000567.jpg,6cd1577332f55479dfb9bc98cd7385f1eabe9464690100bb11b297d9c3e28ea5,293869,https://thumb.wikimedia.org/wikipedia/commons/thumb/2/2f/Black_1937_Volvo_PV_51_in_Lysekil_7_sepia.jpg/1280px-Black_1937_Volvo_PV_51_in_Lysekil_7_sepia.jpg?utm_source=commons.wikimedia.org&utm_campaign=imageinfo&utm_content=thumbnail,
BA_000569,File:Blister 1 (fcm).jpg,ok,balanced_authentic/BA_000569.jpg,ca9cea9c455137c2f556a815cccf838f878b4b149fe9c24cd0aef1cb480cc5ab,355264,https://thumb.wikimedia.org/wikipedia/commons/thumb/8/8b/Blister_1_%28fcm%29.jpg/1280px-Blister_1_%28fcm%29.jpg?utm_source=commons.wikimedia.org&utm_campaign=imageinfo&utm_content=thumbnail,
BA_000570,File:Blister 2 (fcm).jpg,ok,balanced_authentic/BA_000570.jpg,63626ebf078be4e954203870982f80008cd8c8204895c9a04e4b7041df4c7267,422142,https://thumb.wikimedia.org/wikipedia/commons/thumb/7/78/Blister_2_%28fcm%29.jpg/1280px-Blister_2_%28fcm%29.jpg?utm_source=commons.wikimedia.org&utm_campaign=imageinfo&utm_content=thumbnail,
BA_000571,File:Blister 3 (fcm).jpg,ok,balanced_authentic/BA_000571.jpg,c14dfd64ec864027f38c725523f5e4d083baad2a9bd95513b38022726afc3776,325457,https://thumb.wikimedia.org/wikipedia/commons/thumb/9/9b/Blister_3_%28fcm%29.jpg/1280px-Blister_3_%28fcm%29.jpg?utm_source=commons.wikimedia.org&utm_campaign=imageinfo&utm_content=thumbnail,
BA_000575,File:Blister of tablets.jpg,ok,balanced_authentic/BA_000575.jpg,cfb91418116fb9045cda86628a171fa36829fa98edc8638fbb26a268c5039099,578868,https://thumb.wikimedia.org/wikipedia/commons/thumb/1/14/Blister_of_tablets.jpg/1280px-Blister_of_tablets.jpg?utm_source=commons.wikimedia.org&utm_campaign=imageinfo&utm_content=thumbnail,
BA_000593,File:Boites de Valium44.jpg,fetch_failed,,,,https://upload.wikimedia.org/wikipedia/commons/7/7f/Boites_de_Valium44.jpg?utm_source=commons.wikimedia.org&utm_campaign=imageinfo&utm_content=thumbnail_unscaled,
BA_000598,File:Boston register and business directory (1922) (14580853977).jpg,ok,balanced_authentic/BA_000598.jpg,d84de7358efea027637e8fb95c49f424fe3ed19921f36ee1958d84525617dcfb,401968,https://thumb.wikimedia.org/wikipedia/commons/thumb/9/9a/Boston_register_and_business_directory_%281922%29_%2814580853977%29.jpg/1280px-Boston_register_and_business_directory_%281922%29_%2814580853977%29.jpg?utm_source=commons.wikimedia.org&utm_campaign=imageinfo&utm_content=thumbnail,
BA_000600,File:Botox-wirkung.png,fetch_failed,,,,https://upload.wikimedia.org/wikipedia/commons/b/b9/Botox-wirkung.png?utm_source=commons.wikimedia.org&utm_campaign=imageinfo&utm_content=thumbnail_unscaled,
BA_000604,"File:Bottle of 'Camoquin' tablets, England, 1947-1960 Wellcome L0058545.jpg",ok,balanced_authentic/BA_000604.jpg,53dc6026e3bfa3672ba5119a28b850ace75054f65141cdb4c8afbfb617c61665,190844,https://thumb.wikimedia.org/wikipedia/commons/thumb/3/3e/Bottle_of_%27Camoquin%27_tablets%2C_England%2C_1947-1960_Wellcome_L0058545.jpg/1280px-Bottle_of_%27Camoquin%27_tablets%2C_England%2C_1947-1960_Wellcome_L0058545.jpg?utm_source=commons.wikimedia.org&utm_campaign=imageinfo&utm_content=thumbnail,
BA_000608,File:Bottle of Healing Oil Made by Paris Medicine Company.jpg,fetch_failed,,,,https://upload.wikimedia.org/wikipedia/commons/a/a6/Bottle_of_Healing_Oil_Made_by_Paris_Medicine_Company.jpg?utm_source=commons.wikimedia.org&utm_campaign=imageinfo&utm_content=thumbnail_unscaled,
BA_000611,"File:Bottle of Super-D oil capsules, London, England, 1940-1945 Wellcome L0057855.jpg",ok,balanced_authentic/BA_000611.jpg,b2035280722b96c473a976bb892f3be78648ceae2a16b3c8fd41d144937a90ae,339697,https://thumb.wikimedia.org/wikipedia/commons/thumb/0/07/Bottle_of_Super-D_oil_capsules%2C_London%2C_England%2C_1940-1945_Wellcome_L0057855.jpg/1280px-Bottle_of_Super-D_oil_capsules%2C_London%2C_England%2C_1940-1945_Wellcome_L0057855.jpg?utm_source=commons.wikimedia.org&utm_campaign=imageinfo&utm_content=thumbnail,
BA_000616,"File:Bottle of quinine hydrochloride tablets, London, England, 19 Wellcome L0058217.jpg",ok,balanced_authentic/BA_000616.jpg,a16d91762d0bdf2964ac0354449be8db7952e2f1f9ec072e613d7a92ed86a36f,449413,https://thumb.wikimedia.org/wikipedia/commons/thumb/7/71/Bottle_of_quinine_hydrochloride_tablets%2C_London%2C_England%2C_19_Wellcome_L0058217.jpg/1280px-Bottle_of_quinine_hydrochloride_tablets%2C_London%2C_England%2C_19_Wellcome_L0058217.jpg?utm_source=commons.wikimedia.org&utm_campaign=imageinfo&utm_content=thumbnail,
BA_000617,"File:Bottle of tetanus antitoxin, Germany. Full view, graduated g Wellcome L0058962 (cropped).jpg",ok,balanced_authentic/BA_000617.jpg,c8c76919f9db81f037d708abe652cfddfac41006000c76cd598c341096dbd87a,402022,https://thumb.wikimedia.org/wikipedia/commons/thumb/8/8f/Bottle_of_tetanus_antitoxin%2C_Germany._Full_view%2C_graduated_g_Wellcome_L0058962_%28cropped%29.jpg/1280px-Bottle_of_tetanus_antitoxin%2C_Germany._Full_view%2C_graduated_g_Wellcome_L0058962_%28cropped%29.jpg?utm_source=commons.wikimedia.org&utm_campaign=imageinfo&utm_content=thumbnail,
BA_000618,"File:Bottle of tetanus antitoxin, Germany. Full view, graduated g Wellcome L0058962.jpg",ok,balanced_authentic/BA_000618.jpg,ddba6331501ab21b492d77dee31b3c7c1ff6023ec7c3b133435a5701352a1955,336277,https://thumb.wikimedia.org/wikipedia/commons/thumb/8/8e/Bottle_of_tetanus_antitoxin%2C_Germany._Full_view%2C_graduated_g_Wellcome_L0058962.jpg/1280px-Bottle_of_tetanus_antitoxin%2C_Germany._Full_view%2C_graduated_g_Wellcome_L0058962.jpg?utm_source=commons.wikimedia.org&utm_campaign=imageinfo&utm_content=thumbnail,
BA_000638,"File:Bottle, medical (AM 1962.96-1).jpg",ok,balanced_authentic/BA_000638.jpg,890abff5989cec5003f882ababb0c967789d668c031a5ec0267b625047e1451e,252286,https://thumb.wikimedia.org/wikipedia/commons/thumb/e/e8/Bottle%2C_medical_%28AM_1962.96-1%29.jpg/1280px-Bottle%2C_medical_%28AM_1962.96-1%29.jpg?utm_source=commons.wikimedia.org&utm_campaign=imageinfo&utm_content=thumbnail,
BA_000639,"File:Bottle, medical (AM 1962.96-10).jpg",ok,balanced_authentic/BA_000639.jpg,d99f2a344c7678652060cded0dfdfb1951e4c2fc4313b15013ca5bf0694e62c2,213830,https://thumb.wikimedia.org/wikipedia/commons/thumb/6/62/Bottle%2C_medical_%28AM_1962.96-10%29.jpg/1280px-Bottle%2C_medical_%28AM_1962.96-10%29.jpg?utm_source=commons.wikimedia.org&utm_campaign=imageinfo&utm_content=thumbnail,
BA_000640,"File:Bottle, medical (AM 1962.96-2).jpg",ok,balanced_authentic/BA_000640.jpg,d9dfef4ee98cf1be6574161adbd62eca638eec065a82518aa2f9a3365f972ecf,223995,https://thumb.wikimedia.org/wikipedia/commons/thumb/c/cb/Bottle%2C_medical_%28AM_1962.96-2%29.jpg/1280px-Bottle%2C_medical_%28AM_1962.96-2%29.jpg?utm_source=commons.wikimedia.org&utm_campaign=imageinfo&utm_content=thumbnail,
BA_000641,"File:Bottle, medical (AM 1962.96-3).jpg",ok,balanced_authentic/BA_000641.jpg,7ba1af7bc6134931cf800ed8e9b76617e79c8c7372df30d8f7842943a8760c59,257345,https://thumb.wikimedia.org/wikipedia/commons/thumb/3/32/Bottle%2C_medical_%28AM_1962.96-3%29.jpg/1280px-Bottle%2C_medical_%28AM_1962.96-3%29.jpg?utm_source=commons.wikimedia.org&utm_campaign=imageinfo&utm_content=thumbnail,
BA_000642,"File:Bottle, medical (AM 1962.96-4).jpg",ok,balanced_authentic/BA_000642.jpg,26e7903894a3a4446889d0392ea309e1cdff0d9aa4729158e6256a4b012a89b0,233794,https://thumb.wikimedia.org/wikipedia/commons/thumb/c/cf/Bottle%2C_medical_%28AM_1962.96-4%29.jpg/1280px-Bottle%2C_medical_%28AM_1962.96-4%29.jpg?utm_source=commons.wikimedia.org&utm_campaign=imageinfo&utm_content=thumbnail,
BA_000643,"File:Bottle, medical (AM 1962.96-5).jpg",ok,balanced_authentic/BA_000643.jpg,608fb46263c040a853512734d50e3ed81e99a1d35926e02e8945d7f60536405e,281401,https://thumb.wikimedia.org/wikipedia/commons/thumb/0/0d/Bottle%2C_medical_%28AM_1962.96-5%29.jpg/1280px-Bottle%2C_medical_%28AM_1962.96-5%29.jpg?utm_source=commons.wikimedia.org&utm_campaign=imageinfo&utm_content=thumbnail,
BA_000644,"File:Bottle, medical (AM 1962.96-6).jpg",ok,balanced_authentic/BA_000644.jpg,d7bbd1fef86f3d1fc012550bd94561d14ef2297e6696e6381e60f267c5b8915e,342090,https://thumb.wikimedia.org/wikipedia/commons/thumb/0/02/Bottle%2C_medical_%28AM_1962.96-6%29.jpg/1280px-Bottle%2C_medical_%28AM_1962.96-6%29.jpg?utm_source=commons.wikimedia.org&utm_campaign=imageinfo&utm_content=thumbnail,
BA_000645,"File:Bottle, medical (AM 1962.96-7).jpg",ok,balanced_authentic/BA_000645.jpg,509f877be2180befc886f265c969e91f06213f5bd4f47b66b8595fecd7e864a4,354915,https://thumb.wikimedia.org/wikipedia/commons/thumb/e/e2/Bottle%2C_medical_%28AM_1962.96-7%29.jpg/1280px-Bottle%2C_medical_%28AM_1962.96-7%29.jpg?utm_source=commons.wikimedia.org&utm_campaign=imageinfo&utm_content=thumbnail,
BA_000646,"File:Bottle, medical (AM 1962.96-8).jpg",ok,balanced_authentic/BA_000646.jpg,0ef779ce10f8e7207eaa38071ee4bfa1320763e4f48356f2e25d10597de28295,119996,https://thumb.wikimedia.org/wikipedia/commons/thumb/5/56/Bottle%2C_medical_%28AM_1962.96-8%29.jpg/1280px-Bottle%2C_medical_%28AM_1962.96-8%29.jpg?utm_source=commons.wikimedia.org&utm_campaign=imageinfo&utm_content=thumbnail,
BA_000647,"File:Bottle, medical (AM 1962.96-9).jpg",ok,balanced_authentic/BA_000647.jpg,a1afd49fffc0242dcd30f11e7720de1bbb401b77034df722a41e80f617020915,162574,https://thumb.wikimedia.org/wikipedia/commons/thumb/7/71/Bottle%2C_medical_%28AM_1962.96-9%29.jpg/1280px-Bottle%2C_medical_%28AM_1962.96-9%29.jpg?utm_source=commons.wikimedia.org&utm_campaign=imageinfo&utm_content=thumbnail,
BA_000651,"File:Bottle, medicine (AM 604099-1).jpg",ok,balanced_authentic/BA_000651.jpg,db5d58a9b4d8876fd25294f32548537b2fe476b50d76e77dcb86170e9c01e3be,436565,https://thumb.wikimedia.org/wikipedia/commons/thumb/6/63/Bottle%2C_medicine_%28AM_604099-1%29.jpg/1280px-Bottle%2C_medicine_%28AM_604099-1%29.jpg?utm_source=commons.wikimedia.org&utm_campaign=imageinfo&utm_content=thumbnail,
BA_000652,"File:Bottle, medicine (AM 604099-2).jpg",ok,balanced_authentic/BA_000652.jpg,dcc18ed3e4321d35eadef25f8af8a85b9ee4658b535eb91c64b176d862522ea0,430385,https://thumb.wikimedia.org/wikipedia/commons/thumb/8/8d/Bottle%2C_medicine_%28AM_604099-2%29.jpg/1280px-Bottle%2C_medicine_%28AM_604099-2%29.jpg?utm_source=commons.wikimedia.org&utm_campaign=imageinfo&utm_content=thumbnail,
BA_000653,"File:Bottle, medicine (AM 604099-3).jpg",ok,balanced_authentic/BA_000653.jpg,6b254dc7567bdefe1ce9d3dc3e94de30ba2a05f24d645f28bd106c3bfebebd60,400364,https://thumb.wikimedia.org/wikipedia/commons/thumb/0/0d/Bottle%2C_medicine_%28AM_604099-3%29.jpg/1280px-Bottle%2C_medicine_%28AM_604099-3%29.jpg?utm_source=commons.wikimedia.org&utm_campaign=imageinfo&utm_content=thumbnail,
BA_000666,"File:Boundary stone (horos) of Athena in Ag. Dionysios at Palechora, Aigina - IGIV(2)794 = IGI3 1488 (bottom).jpg",ok,balanced_authentic/BA_000666.jpg,c2cb6493fffc7f3356997573e8d0fdeeabb1ac84bba151196c740a48c5a2fede,297789,https://thumb.wikimedia.org/wikipedia/commons/thumb/3/35/Boundary_stone_%28horos%29_of_Athena_in_Ag._Dionysios_at_Palechora%2C_Aigina_-_IGIV%282%29794_%3D_IGI3_1488_%28bottom%29.jpg/1280px-Boundary_stone_%28horos%29_of_Athena_in_Ag._Dionysios_at_Palechora%2C_Aigina_-_IGIV%282%29794_%3D_IGI3_1488_%28bottom%29.jpg?utm_source=commons.wikimedia.org&utm_campaign=imageinfo&utm_content=thumbnail,
BA_000667,"File:Boundary stone (horos) of Athena in Ag. Dionysios at Palechora, Aigina - IGIV(2)794 = IGI3 1488 (full view).jpg",ok,balanced_authentic/BA_000667.jpg,6707aa3681b6297002a79744e28757461b5f210fb5df0583817973057069156c,329543,https://thumb.wikimedia.org/wikipedia/commons/thumb/0/04/Boundary_stone_%28horos%29_of_Athena_in_Ag._Dionysios_at_Palechora%2C_Aigina_-_IGIV%282%29794_%3D_IGI3_1488_%28full_view%29.jpg/1280px-Boundary_stone_%28horos%29_of_Athena_in_Ag._Dionysios_at_Palechora%2C_Aigina_-_IGIV%282%29794_%3D_IGI3_1488_%28full_view%29.jpg?utm_source=commons.wikimedia.org&utm_campaign=imageinfo&utm_content=thumbnail,
BA_000668,"File:Boundary stone (horos) of Athena in Ag. Dionysios at Palechora, Aigina - IGIV(2)794 = IGI3 1488 (middle).jpg",ok,balanced_authentic/BA_000668.jpg,a9ae2001c2bd10b7827f08bd7b7f1d18d1c2e77a5fdbd214e16e9d3489503f71,279312,https://thumb.wikimedia.org/wikipedia/commons/thumb/1/16/Boundary_stone_%28horos%29_of_Athena_in_Ag._Dionysios_at_Palechora%2C_Aigina_-_IGIV%282%29794_%3D_IGI3_1488_%28middle%29.jpg/1280px-Boundary_stone_%28horos%29_of_Athena_in_Ag._Dionysios_at_Palechora%2C_Aigina_-_IGIV%282%29794_%3D_IGI3_1488_%28middle%29.jpg?utm_source=commons.wikimedia.org&utm_campaign=imageinfo&utm_content=thumbnail,
BA_000669,"File:Boundary stone (horos) of Athena in Ag. Dionysios at Palechora, Aigina - IGIV(2)794 = IGI3 1488 (top).jpg",ok,balanced_authentic/BA_000669.jpg,96d01508beafce2dc0ebcd3e95467f7dfa0dac48d0896011584e4501d9d0a822,354262,https://thumb.wikimedia.org/wikipedia/commons/thumb/5/5e/Boundary_stone_%28horos%29_of_Athena_in_Ag._Dionysios_at_Palechora%2C_Aigina_-_IGIV%282%29794_%3D_IGI3_1488_%28top%29.jpg/1280px-Boundary_stone_%28horos%29_of_Athena_in_Ag._Dionysios_at_Palechora%2C_Aigina_-_IGIV%282%29794_%3D_IGI3_1488_%28top%29.jpg?utm_source=commons.wikimedia.org&utm_campaign=imageinfo&utm_content=thumbnail,
BA_000672,"File:Box, medicine (AM 1967.15-10).jpg",ok,balanced_authentic/BA_000672.jpg,b516012c7053862e6c04e0bd3f3d30409718a297c1cd5e3f5c23412a3f4d2063,175267,https://thumb.wikimedia.org/wikipedia/commons/thumb/8/86/Box%2C_medicine_%28AM_1967.15-10%29.jpg/1280px-Box%2C_medicine_%28AM_1967.15-10%29.jpg?utm_source=commons.wikimedia.org&utm_campaign=imageinfo&utm_content=thumbnail,
BA_000673,"File:Box, medicine (AM 1967.15-12).jpg",ok,balanced_authentic/BA_000673.jpg,16499de0dc205abb7481f16bc36c9187b2aca58301d90df2370160f282a19683,176579,https://thumb.wikimedia.org/wikipedia/commons/thumb/a/a5/Box%2C_medicine_%28AM_1967.15-12%29.jpg/1280px-Box%2C_medicine_%28AM_1967.15-12%29.jpg?utm_source=commons.wikimedia.org&utm_campaign=imageinfo&utm_content=thumbnail,
BA_000674,"File:Box, medicine (AM 1967.15-16).jpg",fetch_failed,,,,https://upload.wikimedia.org/wikipedia/commons/2/25/Box%2C_medicine_%28AM_1967.15-16%29.jpg?utm_source=commons.wikimedia.org&utm_campaign=imageinfo&utm_content=thumbnail_unscaled,
BA_000690,File:Boxed warning in context FDA example.jpg,ok,balanced_authentic/BA_000690.jpg,655786f12c70019dd8453191a5cffe5ae5356234535d4772ae86c3530c1417ba,240666,https://thumb.wikimedia.org/wikipedia/commons/thumb/b/b0/Boxed_warning_in_context_FDA_example.jpg/1280px-Boxed_warning_in_context_FDA_example.jpg?utm_source=commons.wikimedia.org&utm_campaign=imageinfo&utm_content=thumbnail,
BA_000711,File:Breeder and sportsman (1890) (19786787884).jpg,fetch_failed,,,,https://upload.wikimedia.org/wikipedia/commons/2/2d/Breeder_and_sportsman_%281890%29_%2819786787884%29.jpg?utm_source=commons.wikimedia.org&utm_campaign=imageinfo&utm_content=thumbnail_unscaled,
BA_000714,File:Brintellix 5mg (Italian packaging).jpg,ok,balanced_authentic/BA_000714.jpg,828d25e26fc94df8b439be214b7dd39687909a9ec95cbe030d790824ad81dac5,185314,https://thumb.wikimedia.org/wikipedia/commons/thumb/0/00/Brintellix_5mg_%28Italian_packaging%29.jpg/1280px-Brintellix_5mg_%28Italian_packaging%29.jpg?utm_source=commons.wikimedia.org&utm_campaign=imageinfo&utm_content=thumbnail,
BA_000715,File:Brintellix TL 5mg blister.jpg,ok,balanced_authentic/BA_000715.jpg,0a324edeb37130feee3a29968163f233cd96c61b9ee29d18ce1bdb7363d6ee9e,295000,https://thumb.wikimedia.org/wikipedia/commons/thumb/4/45/Brintellix_TL_5mg_blister.jpg/1280px-Brintellix_TL_5mg_blister.jpg?utm_source=commons.wikimedia.org&utm_campaign=imageinfo&utm_content=thumbnail,
BA_000731,File:Btx-Museum 1 mupid Btx-Decoder C2D mit Tastatur C2D-Keyboard 07.jpg,ok,balanced_authentic/BA_000731.jpg,3545324e16fa2c62e9d6ec02fc042437d360e45e93b1739a886f0b5c60d0ea97,209123,https://thumb.wikimedia.org/wikipedia/commons/thumb/9/98/Btx-Museum_1_mupid_Btx-Decoder_C2D_mit_Tastatur_C2D-Keyboard_07.jpg/1280px-Btx-Museum_1_mupid_Btx-Decoder_C2D_mit_Tastatur_C2D-Keyboard_07.jpg?utm_source=commons.wikimedia.org&utm_campaign=imageinfo&utm_content=thumbnail,
BA_000732,File:Btx-Museum 1 mupid Btx-Decoder C2D mit Tastatur C2D-Keyboard 11.jpg,ok,balanced_authentic/BA_000732.jpg,0df61ef368e336e1fb2db9e37742eef549c7894b925762a06942cab42f00bc17,226875,https://thumb.wikimedia.org/wikipedia/commons/thumb/6/64/Btx-Museum_1_mupid_Btx-Decoder_C2D_mit_Tastatur_C2D-Keyboard_11.jpg/1280px-Btx-Museum_1_mupid_Btx-Decoder_C2D_mit_Tastatur_C2D-Keyboard_11.jpg?utm_source=commons.wikimedia.org&utm_campaign=imageinfo&utm_content=thumbnail,
BA_000733,File:Btx-Museum 19 Blaupunkt Btx-Decoder DC 36 01 (cropped).jpg,ok,balanced_authentic/BA_000733.jpg,0c2cfb1fdf438a42e3bba99ae2ef033cf02725ab2e52a59b2659f5ba72979e2a,90306,https://thumb.wikimedia.org/wikipedia/commons/thumb/0/0d/Btx-Museum_19_Blaupunkt_Btx-Decoder_DC_36_01_%28cropped%29.jpg/1280px-Btx-Museum_19_Blaupunkt_Btx-Decoder_DC_36_01_%28cropped%29.jpg?utm_source=commons.wikimedia.org&utm_campaign=imageinfo&utm_content=thumbnail,
BA_000734,File:Btx-Museum 19 Blaupunkt Btx-Decoder DC 36 01.jpg,ok,balanced_authentic/BA_000734.jpg,80f13a26691156bf2fcb640f906d95c6c8a15cfcbfc3bf41962b5f19bd5c22c2,190633,https://thumb.wikimedia.org/wikipedia/commons/thumb/f/f8/Btx-Museum_19_Blaupunkt_Btx-Decoder_DC_36_01.jpg/1280px-Btx-Museum_19_Blaupunkt_Btx-Decoder_DC_36_01.jpg?utm_source=commons.wikimedia.org&utm_campaign=imageinfo&utm_content=thumbnail,
BA_000735,File:Btx-Museum 19 Blaupunkt Btx-Decoder DC 36 02.jpg,ok,balanced_authentic/BA_000735.jpg,dd6e28ef64bf9ccb766e3131e852d764231ff7c02bbd91b13253129ec5a4a720,197867,https://thumb.wikimedia.org/wikipedia/commons/thumb/4/4a/Btx-Museum_19_Blaupunkt_Btx-Decoder_DC_36_02.jpg/1280px-Btx-Museum_19_Blaupunkt_Btx-Decoder_DC_36_02.jpg?utm_source=commons.wikimedia.org&utm_campaign=imageinfo&utm_content=thumbnail,
BA_000736,File:Btx-Museum 19 Blaupunkt Btx-Decoder DC 36 03.jpg,ok,balanced_authentic/BA_000736.jpg,6b4e2f72a4df5cef4d7d7f6f7f4a00891b7c4013dbbde13ae4e70a86d308c753,193348,https://thumb.wikimedia.org/wikipedia/commons/thumb/a/a3/Btx-Museum_19_Blaupunkt_Btx-Decoder_DC_36_03.jpg/1280px-Btx-Museum_19_Blaupunkt_Btx-Decoder_DC_36_03.jpg?utm_source=commons.wikimedia.org&utm_campaign=imageinfo&utm_content=thumbnail,
BA_000737,File:Btx-Museum 19 Blaupunkt Btx-Decoder DC 36 04.jpg,ok,balanced_authentic/BA_000737.jpg,04f54be9d53273c269d0c6b809375a61daa0aff2b95f4b88af2557bb145b8bcd,182507,https://thumb.wikimedia.org/wikipedia/commons/thumb/b/bd/Btx-Museum_19_Blaupunkt_Btx-Decoder_DC_36_04.jpg/1280px-Btx-Museum_19_Blaupunkt_Btx-Decoder_DC_36_04.jpg?utm_source=commons.wikimedia.org&utm_campaign=imageinfo&utm_content=thumbnail,
BA_000738,File:Btx-Museum 19 Blaupunkt Btx-Decoder DC 36 07.jpg,ok,balanced_authentic/BA_000738.jpg,35879c18e556efd1b2fa5e4f67694eaa327da43ba3990a87fcb93c5151cf034a,204430,https://thumb.wikimedia.org/wikipedia/commons/thumb/c/c1/Btx-Museum_19_Blaupunkt_Btx-Decoder_DC_36_07.jpg/1280px-Btx-Museum_19_Blaupunkt_Btx-Decoder_DC_36_07.jpg?utm_source=commons.wikimedia.org&utm_campaign=imageinfo&utm_content=thumbnail,
BA_000739,File:Btx-Museum 19 Blaupunkt Btx-Decoder DC 36 08.jpg,ok,balanced_authentic/BA_000739.jpg,653089f1f21379e5fe245071cc0f5448a2fc8facbb372d7f622ec9ea1cde77e0,228974,https://thumb.wikimedia.org/wikipedia/commons/thumb/2/2d/Btx-Museum_19_Blaupunkt_Btx-Decoder_DC_36_08.jpg/1280px-Btx-Museum_19_Blaupunkt_Btx-Decoder_DC_36_08.jpg?utm_source=commons.wikimedia.org&utm_campaign=imageinfo&utm_content=thumbnail,
BA_000740,File:Btx-Museum 19 Blaupunkt Btx-Decoder DC 36 09.jpg,ok,balanced_authentic/BA_000740.jpg,c5945a56c7daaa6079f29be3a0f42dceeac9a988868001d1a3227cc25e724418,167594,https://thumb.wikimedia.org/wikipedia/commons/thumb/7/7f/Btx-Museum_19_Blaupunkt_Btx-Decoder_DC_36_09.jpg/1280px-Btx-Museum_19_Blaupunkt_Btx-Decoder_DC_36_09.jpg?utm_source=commons.wikimedia.org&utm_campaign=imageinfo&utm_content=thumbnail,
BA_000741,File:Btx-Museum 20-1+2 Nordmende Btx-Decoder BTX DC 1000-1 mit Infrarot-Fernbedienung BTX KP 1000 01.jpg,ok,balanced_authentic/BA_000741.jpg,655826a1be8b5a8f4319d729ca4c9f4647336713e5acb8901b4fa889b92cc324,218654,https://thumb.wikimedia.org/wikipedia/commons/thumb/3/3f/Btx-Museum_20-1%2B2_Nordmende_Btx-Decoder_BTX_DC_1000-1_mit_Infrarot-Fernbedienung_BTX_KP_1000_01.jpg/1280px-Btx-Museum_20-1%2B2_Nordmende_Btx-Decoder_BTX_DC_1000-1_mit_Infrarot-Fernbedienung_BTX_KP_1000_01.jpg?utm_source=commons.wikimedia.org&utm_campaign=imageinfo&utm_content=thumbnail,
BA_000742,File:Btx-Museum 20-1+2 Nordmende Btx-Decoder BTX DC 1000-1 mit Infrarot-Fernbedienung BTX KP 1000 02.jpg,ok,balanced_authentic/BA_000742.jpg,f04572635d6d59e432ac6f281280ef27e12308742c0ae0c31f449a6f33c46020,202407,https://thumb.wikimedia.org/wikipedia/commons/thumb/1/16/Btx-Museum_20-1%2B2_Nordmende_Btx-Decoder_BTX_DC_1000-1_mit_Infrarot-Fernbedienung_BTX_KP_1000_02.jpg/1280px-Btx-Museum_20-1%2B2_Nordmende_Btx-Decoder_BTX_DC_1000-1_mit_Infrarot-Fernbedienung_BTX_KP_1000_02.jpg?utm_source=commons.wikimedia.org&utm_campaign=imageinfo&utm_content=thumbnail,
BA_000743,File:Btx-Museum 20-1+2 Nordmende Btx-Decoder BTX DC 1000-1 mit Infrarot-Fernbedienung BTX KP 1000 03.jpg,ok,balanced_authentic/BA_000743.jpg,b0c653927e287a4fd8bf2630543a417b2e1dcfa8684355253332ae9c2ff44af0,190915,https://thumb.wikimedia.org/wikipedia/commons/thumb/3/39/Btx-Museum_20-1%2B2_Nordmende_Btx-Decoder_BTX_DC_1000-1_mit_Infrarot-Fernbedienung_BTX_KP_1000_03.jpg/1280px-Btx-Museum_20-1%2B2_Nordmende_Btx-Decoder_BTX_DC_1000-1_mit_Infrarot-Fernbedienung_BTX_KP_1000_03.jpg?utm_source=commons.wikimedia.org&utm_campaign=imageinfo&utm_content=thumbnail,
BA_000744,File:Btx-Museum 20-1+2 Nordmende Btx-Decoder BTX DC 1000-1 mit Infrarot-Fernbedienung BTX KP 1000 04.jpg,ok,balanced_authentic/BA_000744.jpg,e866477d929ac4c30a758ed69ca45a31b27f4f9a6b58e72db47ad5c1ee91aac5,215765,https://thumb.wikimedia.org/wikipedia/commons/thumb/e/e9/Btx-Museum_20-1%2B2_Nordmende_Btx-Decoder_BTX_DC_1000-1_mit_Infrarot-Fernbedienung_BTX_KP_1000_04.jpg/1280px-Btx-Museum_20-1%2B2_Nordmende_Btx-Decoder_BTX_DC_1000-1_mit_Infrarot-Fernbedienung_BTX_KP_1000_04.jpg?utm_source=commons.wikimedia.org&utm_campaign=imageinfo&utm_content=thumbnail,
BA_000745,File:Btx-Museum 20-1+2 Nordmende Btx-Decoder BTX DC 1000-1 mit Infrarot-Fernbedienung BTX KP 1000 05.jpg,ok,balanced_authentic/BA_000745.jpg,61c0541decc5191329fcbc0c409a49ce998d7b51ef21c152822078d6c6e1eb35,210552,https://thumb.wikimedia.org/wikipedia/commons/thumb/1/1c/Btx-Museum_20-1%2B2_Nordmende_Btx-Decoder_BTX_DC_1000-1_mit_Infrarot-Fernbedienung_BTX_KP_1000_05.jpg/1280px-Btx-Museum_20-1%2B2_Nordmende_Btx-Decoder_BTX_DC_1000-1_mit_Infrarot-Fernbedienung_BTX_KP_1000_05.jpg?utm_source=commons.wikimedia.org&utm_campaign=imageinfo&utm_content=thumbnail,
BA_000746,File:Btx-Museum 20-1+2 Nordmende Btx-Decoder BTX DC 1000-1 mit Infrarot-Fernbedienung BTX KP 1000 06.jpg,ok,balanced_authentic/BA_000746.jpg,f86eff55266e649bbc8d702d1e327af0a3cf2f5b288d5c9dfc46f8c9539c3fc8,231455,https://thumb.wikimedia.org/wikipedia/commons/thumb/a/a1/Btx-Museum_20-1%2B2_Nordmende_Btx-Decoder_BTX_DC_1000-1_mit_Infrarot-Fernbedienung_BTX_KP_1000_06.jpg/1280px-Btx-Museum_20-1%2B2_Nordmende_Btx-Decoder_BTX_DC_1000-1_mit_Infrarot-Fernbedienung_BTX_KP_1000_06.jpg?utm_source=commons.wikimedia.org&utm_campaign=imageinfo&utm_content=thumbnail,
BA_000747,File:Btx-Museum 20-1+2 Nordmende Btx-Decoder BTX DC 1000-1 mit Infrarot-Fernbedienung BTX KP 1000 07.jpg,ok,balanced_authentic/BA_000747.jpg,24dd097df9d9f6fd4f03240493df124762aad80340b6267c2bedfdfd82552647,255928,https://thumb.wikimedia.org/wikipedia/commons/thumb/1/14/Btx-Museum_20-1%2B2_Nordmende_Btx-Decoder_BTX_DC_1000-1_mit_Infrarot-Fernbedienung_BTX_KP_1000_07.jpg/1280px-Btx-Museum_20-1%2B2_Nordmende_Btx-Decoder_BTX_DC_1000-1_mit_Infrarot-Fernbedienung_BTX_KP_1000_07.jpg?utm_source=commons.wikimedia.org&utm_campaign=imageinfo&utm_content=thumbnail,
BA_000748,File:Btx-Museum 20-1+2 Nordmende Btx-Decoder BTX DC 1000-1 mit Infrarot-Fernbedienung BTX KP 1000 08.jpg,ok,balanced_authentic/BA_000748.jpg,816d1fa5ad277339f26ef101c90bb7af0c6670d7d8a0223471ae72b28c4a3438,299151,https://thumb.wikimedia.org/wikipedia/commons/thumb/7/72/Btx-Museum_20-1%2B2_Nordmende_Btx-Decoder_BTX_DC_1000-1_mit_Infrarot-Fernbedienung_BTX_KP_1000_08.jpg/1280px-Btx-Museum_20-1%2B2_Nordmende_Btx-Decoder_BTX_DC_1000-1_mit_Infrarot-Fernbedienung_BTX_KP_1000_08.jpg?utm_source=commons.wikimedia.org&utm_campaign=imageinfo&utm_content=thumbnail,
BA_000749,File:Btx-Museum 20-1+2 Nordmende Btx-Decoder BTX DC 1000-1 mit Infrarot-Fernbedienung BTX KP 1000 09.jpg,ok,balanced_authentic/BA_000749.jpg,66765765aa4b767090c9483a327a2fe8a05aaf092cfcbc3be5a774a7146667a3,291423,https://thumb.wikimedia.org/wikipedia/commons/thumb/b/ba/Btx-Museum_20-1%2B2_Nordmende_Btx-Decoder_BTX_DC_1000-1_mit_Infrarot-Fernbedienung_BTX_KP_1000_09.jpg/1280px-Btx-Museum_20-1%2B2_Nordmende_Btx-Decoder_BTX_DC_1000-1_mit_Infrarot-Fernbedienung_BTX_KP_1000_09.jpg?utm_source=commons.wikimedia.org&utm_campaign=imageinfo&utm_content=thumbnail,
BA_000750,File:Btx-Museum 20-1+2 Nordmende Btx-Decoder BTX DC 1000-1 mit Infrarot-Fernbedienung BTX KP 1000 10.jpg,ok,balanced_authentic/BA_000750.jpg,724f4ab42c5ae6842dbf055208a745888d22381b06b1926ed5065050df621168,285539,https://thumb.wikimedia.org/wikipedia/commons/thumb/f/f0/Btx-Museum_20-1%2B2_Nordmende_Btx-Decoder_BTX_DC_1000-1_mit_Infrarot-Fernbedienung_BTX_KP_1000_10.jpg/1280px-Btx-Museum_20-1%2B2_Nordmende_Btx-Decoder_BTX_DC_1000-1_mit_Infrarot-Fernbedienung_BTX_KP_1000_10.jpg?utm_source=commons.wikimedia.org&utm_campaign=imageinfo&utm_content=thumbnail,
BA_000751,File:Btx-Museum 20-1+2 Nordmende Btx-Decoder BTX DC 1000-1 mit Infrarot-Fernbedienung BTX KP 1000 11.jpg,ok,balanced_authentic/BA_000751.jpg,1d632763183d12e0a3b0a7dfb972ab17b52407c5468658d58df492a7bd4d72d1,172805,https://thumb.wikimedia.org/wikipedia/commons/thumb/6/6a/Btx-Museum_20-1%2B2_Nordmende_Btx-Decoder_BTX_DC_1000-1_mit_Infrarot-Fernbedienung_BTX_KP_1000_11.jpg/1280px-Btx-Museum_20-1%2B2_Nordmende_Btx-Decoder_BTX_DC_1000-1_mit_Infrarot-Fernbedienung_BTX_KP_1000_11.jpg?utm_source=commons.wikimedia.org&utm_campaign=imageinfo&utm_content=thumbnail,
BA_000752,File:Btx-Museum 20-1+2 Nordmende Btx-Decoder BTX DC 1000-1 mit Infrarot-Fernbedienung BTX KP 1000 12.jpg,ok,balanced_authentic/BA_000752.jpg,a2c09b43068491193ede3d430f8a0522e287f059f4ba141d1c7f8e91976b8d43,177249,https://thumb.wikimedia.org/wikipedia/commons/thumb/8/8e/Btx-Museum_20-1%2B2_Nordmende_Btx-Decoder_BTX_DC_1000-1_mit_Infrarot-Fernbedienung_BTX_KP_1000_12.jpg/1280px-Btx-Museum_20-1%2B2_Nordmende_Btx-Decoder_BTX_DC_1000-1_mit_Infrarot-Fernbedienung_BTX_KP_1000_12.jpg?utm_source=commons.wikimedia.org&utm_campaign=imageinfo&utm_content=thumbnail,
BA_000787,File:Bubbla med tabletter.jpg,fetch_failed,,,,https://upload.wikimedia.org/wikipedia/commons/a/a2/Bubbla_med_tabletter.jpg?utm_source=commons.wikimedia.org&utm_campaign=imageinfo&utm_content=thumbnail_unscaled,
BA_000802,File:Bzr pm.png,ok,balanced_authentic/BA_000802.jpg,54844419735cf4e9f8053071a3204a2fc769906aadb87b894a53947046c90250,249538,https://thumb.wikimedia.org/wikipedia/commons/thumb/6/6f/Bzr_pm.png/1280px-Bzr_pm.png?utm_source=commons.wikimedia.org&utm_campaign=imageinfo&utm_content=thumbnail,
BA_000803,File:CBP Field Operations Seizes Close to $500K in Marijuana at the Pharr International Bridge (23120362504).jpg,ok,balanced_authentic/BA_000803.jpg,f485856270ddda543d0b4b387c673a97305236cb69bf327f56ca90e5e8bf628e,192355,https://thumb.wikimedia.org/wikipedia/commons/thumb/5/54/CBP_Field_Operations_Seizes_Close_to_%24500K_in_Marijuana_at_the_Pharr_International_Bridge_%2823120362504%29.jpg/1280px-CBP_Field_Operations_Seizes_Close_to_%24500K_in_Marijuana_at_the_Pharr_International_Bridge_%2823120362504%29.jpg?utm_source=commons.wikimedia.org&utm_campaign=imageinfo&utm_content=thumbnail,
BA_000804,File:CBP at JFK Seizes Cocaine in Beef Patties (32380740861).jpg,ok,balanced_authentic/BA_000804.jpg,fc00ae97f676db2d1a11cb9ed43bac1a7af9c464ed2ee9c851b892ab377a67b9,332619,https://thumb.wikimedia.org/wikipedia/commons/thumb/b/b7/CBP_at_JFK_Seizes_Cocaine_in_Beef_Patties_%2832380740861%29.jpg/1280px-CBP_at_JFK_Seizes_Cocaine_in_Beef_Patties_%2832380740861%29.jpg?utm_source=commons.wikimedia.org&utm_campaign=imageinfo&utm_content=thumbnail,
BA_000805,File:CD-3- Fighting Counterfeit Drugs (8674379559).jpg,ok,balanced_authentic/BA_000805.jpg,a4eee990e8c15f5da82307e3fc1d9e66927a8c76fb72c048d9673f3f01f57624,88457,https://thumb.wikimedia.org/wikipedia/commons/thumb/5/5a/CD-3-_Fighting_Counterfeit_Drugs_%288674379559%29.jpg/1280px-CD-3-_Fighting_Counterfeit_Drugs_%288674379559%29.jpg?utm_source=commons.wikimedia.org&utm_campaign=imageinfo&utm_content=thumbnail,
BA_000806,File:CD-3- Fighting Counterfeit Drugs (8675484534).jpg,ok,balanced_authentic/BA_000806.jpg,d9b34dbb03a335ecb9b6644222015d00b4bfaf74eb546ef830d98d209b40284c,143953,https://thumb.wikimedia.org/wikipedia/commons/thumb/3/39/CD-3-_Fighting_Counterfeit_Drugs_%288675484534%29.jpg/1280px-CD-3-_Fighting_Counterfeit_Drugs_%288675484534%29.jpg?utm_source=commons.wikimedia.org&utm_campaign=imageinfo&utm_content=thumbnail,
BA_000814,File:COVID 19 box 2024-25.jpg,ok,balanced_authentic/BA_000814.jpg,53ceff079f7187c1ed284d30c5162ad1005c054e560b675df78c84a63ac7228c,150352,https://thumb.wikimedia.org/wikipedia/commons/thumb/f/f2/COVID_19_box_2024-25.jpg/1280px-COVID_19_box_2024-25.jpg?utm_source=commons.wikimedia.org&utm_campaign=imageinfo&utm_content=thumbnail,
BA_000815,File:COVID-19 AstraZeneca Vaccine vial and NHS record card.jpg,ok,balanced_authentic/BA_000815.jpg,692bd53d85fcff93129256983b5edacdd12cc3159a6fc1995ca20aae622900ab,239110,https://thumb.wikimedia.org/wikipedia/commons/thumb/d/de/COVID-19_AstraZeneca_Vaccine_vial_and_NHS_record_card.jpg/1280px-COVID-19_AstraZeneca_Vaccine_vial_and_NHS_record_card.jpg?utm_source=commons.wikimedia.org&utm_campaign=imageinfo&utm_content=thumbnail,
BA_000816,File:COVID-19 Vaccine vial and syringe - US Census.jpg,ok,balanced_authentic/BA_000816.jpg,dcbe246d29d747032444726ff3a04d35bffe493e531d8c930316ee11bf86adf3,148901,https://upload.wikimedia.org/wikipedia/commons/4/43/COVID-19_Vaccine_vial_and_syringe_-_US_Census.jpg?utm_source=commons.wikimedia.org&utm_campaign=imageinfo&utm_content=thumbnail_unscaled,
BA_000817,"File:COVID-19 vaccination center, fair grounds Cologne, 1st vaccination-8230.jpg",ok,balanced_authentic/BA_000817.jpg,c06e24d8476c312e616bf0db369c7849343a37c8c0e60111c558f89e9663adec,143091,https://thumb.wikimedia.org/wikipedia/commons/thumb/d/d8/COVID-19_vaccination_center%2C_fair_grounds_Cologne%2C_1st_vaccination-8230.jpg/1280px-COVID-19_vaccination_center%2C_fair_grounds_Cologne%2C_1st_vaccination-8230.jpg?utm_source=commons.wikimedia.org&utm_campaign=imageinfo&utm_content=thumbnail,
BA_000818,"File:COVID-19 vaccination center, fair grounds Cologne, 1st vaccination-8232.jpg",ok,balanced_authentic/BA_000818.jpg,4bf857a5a61272c1cd7362c197abb043749e7812f48374fb6bc474d6fff9aaff,100503,https://thumb.wikimedia.org/wikipedia/commons/thumb/2/23/COVID-19_vaccination_center%2C_fair_grounds_Cologne%2C_1st_vaccination-8232.jpg/1280px-COVID-19_vaccination_center%2C_fair_grounds_Cologne%2C_1st_vaccination-8232.jpg?utm_source=commons.wikimedia.org&utm_campaign=imageinfo&utm_content=thumbnail,
BA_000819,File:COVID-19 vaccine AstraZeneca Jan 2021 (vial).jpg,ok,balanced_authentic/BA_000819.jpg,ffdedfa07fc03d83e192826448ec19c9805b19f8d6c05c8fa8805bd8157bc6d2,570561,https://thumb.wikimedia.org/wikipedia/commons/thumb/2/23/COVID-19_vaccine_AstraZeneca_Jan_2021_%28vial%29.jpg/1280px-COVID-19_vaccine_AstraZeneca_Jan_2021_%28vial%29.jpg?utm_source=commons.wikimedia.org&utm_campaign=imageinfo&utm_content=thumbnail,
BA_000820,File:COVID-19 vaccine AstraZeneca Jan 2021.jpg,ok,balanced_authentic/BA_000820.jpg,90712916955385a5b8dbda87997110e5c6a7b5fc83aee8d01693250831242e8a,240285,https://thumb.wikimedia.org/wikipedia/commons/thumb/0/03/COVID-19_vaccine_AstraZeneca_Jan_2021.jpg/1280px-COVID-19_vaccine_AstraZeneca_Jan_2021.jpg?utm_source=commons.wikimedia.org&utm_campaign=imageinfo&utm_content=thumbnail,
BA_000821,File:COVID-19 vaccine arrives at Aviano (6475805).jpg,ok,balanced_authentic/BA_000821.jpg,e2ae5b08d926160df9fe8587422a5249e86a7569605401cf954d9a0f96f71c56,170884,https://thumb.wikimedia.org/wikipedia/commons/thumb/8/80/COVID-19_vaccine_arrives_at_Aviano_%286475805%29.jpg/1280px-COVID-19_vaccine_arrives_at_Aviano_%286475805%29.jpg?utm_source=commons.wikimedia.org&utm_campaign=imageinfo&utm_content=thumbnail,
BA_000822,File:COVID-19 vaccine vial (2024).jpg,ok,balanced_authentic/BA_000822.jpg,d1f0260bc7abdcf454260ddad2a8445209d921704dde9005e43b435e80a287a9,465429,https://thumb.wikimedia.org/wikipedia/commons/thumb/7/76/COVID-19_vaccine_vial_%282024%29.jpg/1280px-COVID-19_vaccine_vial_%282024%29.jpg?utm_source=commons.wikimedia.org&utm_campaign=imageinfo&utm_content=thumbnail,
BA_000823,File:COVID-19 vaccine vial AstraZenaca 2021 (UK).jpg,ok,balanced_authentic/BA_000823.jpg,6befa258ba18c57f2106fd425c82eedb5d27fd07f9f5a18fa216fbdc00180868,357308,https://thumb.wikimedia.org/wikipedia/commons/thumb/d/dd/COVID-19_vaccine_vial_AstraZenaca_2021_%28UK%29.jpg/1280px-COVID-19_vaccine_vial_AstraZenaca_2021_%28UK%29.jpg?utm_source=commons.wikimedia.org&utm_campaign=imageinfo&utm_content=thumbnail,
BA_000835,File:Caliciforme SEM.png,fetch_failed,,,,https://upload.wikimedia.org/wikipedia/commons/5/5c/Caliciforme_SEM.png?utm_source=commons.wikimedia.org&utm_campaign=imageinfo&utm_content=thumbnail_unscaled,
BA_000842,File:Campbell X-ray and high-frequency apparatus is the standard of the world - it has no peer (1911) (14571177248).jpg,fetch_failed,,,,https://upload.wikimedia.org/wikipedia/commons/d/d9/Campbell_X-ray_and_high-frequency_apparatus_is_the_standard_of_the_world_-_it_has_no_peer_%281911%29_%2814571177248%29.jpg?utm_source=commons.wikimedia.org&utm_campaign=imageinfo&utm_content=thumbnail_unscaled,
BA_000854,File:Cardiovascular system - Immunoglobulins - IgG 2 -- Smart-Servier.png,fetch_failed,,,,https://upload.wikimedia.org/wikipedia/commons/e/ef/Cardiovascular_system_-_Immunoglobulins_-_IgG_2_--_Smart-Servier.png?utm_source=commons.wikimedia.org&utm_campaign=imageinfo&utm_content=thumbnail_unscaled,
BA_000856,File:Caricature; The Future of Innoculation. Wellcome L0028025.jpg,fetch_failed,,,,https://upload.wikimedia.org/wikipedia/commons/8/89/Caricature%3B_The_Future_of_Innoculation._Wellcome_L0028025.jpg?utm_source=commons.wikimedia.org&utm_campaign=imageinfo&utm_content=thumbnail_unscaled,
BA_000858,File:Carlos Guzmán en la III Marcha Republicana en Madrid.jpg,fetch_failed,,,,https://upload.wikimedia.org/wikipedia/commons/6/6d/Carlos_Guzm%C3%A1n_en_la_III_Marcha_Republicana_en_Madrid.jpg?utm_source=commons.wikimedia.org&utm_campaign=imageinfo&utm_content=thumbnail_unscaled,
BA_000859,"File:Carton of 'Purgen-The New Aperient' tablets, London, England Wellcome L0058220.jpg",ok,balanced_authentic/BA_000859.jpg,7cd7ac9fd54ff739787837822158731bf5544b7e3ba5ffcd14d33e9efa93f16c,524136,https://thumb.wikimedia.org/wikipedia/commons/thumb/a/a9/Carton_of_%27Purgen-The_New_Aperient%27_tablets%2C_London%2C_England_Wellcome_L0058220.jpg/1280px-Carton_of_%27Purgen-The_New_Aperient%27_tablets%2C_London%2C_England_Wellcome_L0058220.jpg?utm_source=commons.wikimedia.org&utm_campaign=imageinfo&utm_content=thumbnail,
BA_000861,File:Casio-PV-1000-Console-01.jpg,ok,balanced_authentic/BA_000861.jpg,56f63af5a4af9fadc9ff97b98d0518897e8dfa5f82062f3eb631e4008ea7fdbd,88926,https://thumb.wikimedia.org/wikipedia/commons/thumb/2/21/Casio-PV-1000-Console-01.jpg/1280px-Casio-PV-1000-Console-01.jpg?utm_source=commons.wikimedia.org&utm_campaign=imageinfo&utm_content=thumbnail,
BA_000862,File:Casio-PV-1000-Console-02.jpg,ok,balanced_authentic/BA_000862.jpg,92d8899c27011914ef9cab108e19597c09491078cdfb8d67cbb3c9866b383b31,90247,https://thumb.wikimedia.org/wikipedia/commons/thumb/3/3f/Casio-PV-1000-Console-02.jpg/1280px-Casio-PV-1000-Console-02.jpg?utm_source=commons.wikimedia.org&utm_campaign=imageinfo&utm_content=thumbnail,
BA_000863,File:Casio-PV-1000-Controller-Open1.jpg,ok,balanced_authentic/BA_000863.jpg,1b45e91cd973a844a3b4ac0970f6cf59659b914c75bc2f27037b9d50ad403b60,78858,https://thumb.wikimedia.org/wikipedia/commons/thumb/2/2e/Casio-PV-1000-Controller-Open1.jpg/1280px-Casio-PV-1000-Controller-Open1.jpg?utm_source=commons.wikimedia.org&utm_campaign=imageinfo&utm_content=thumbnail,
BA_000864,File:Casio-PV-1000-Controller-Open2.jpg,ok,balanced_authentic/BA_000864.jpg,e2351658418939fb62fe2227efa63e66a5298c9a1aa81bcb58de26322b9a8a66,81284,https://thumb.wikimedia.org/wikipedia/commons/thumb/f/f0/Casio-PV-1000-Controller-Open2.jpg/1280px-Casio-PV-1000-Controller-Open2.jpg?utm_source=commons.wikimedia.org&utm_campaign=imageinfo&utm_content=thumbnail,
BA_000865,File:Casio-PV-1000-Switch-Box.jpg,ok,balanced_authentic/BA_000865.jpg,70b07e4f92238e25721cbde6e9b6e424a29d373d1f9a1b935111db7cd2f68609,94344,https://thumb.wikimedia.org/wikipedia/commons/thumb/4/4b/Casio-PV-1000-Switch-Box.jpg/1280px-Casio-PV-1000-Switch-Box.jpg?utm_source=commons.wikimedia.org&utm_campaign=imageinfo&utm_content=thumbnail,
BA_000867,File:Catabol diazepam.png,fetch_failed,,,,https://upload.wikimedia.org/wikipedia/commons/5/57/Catabol_diazepam.png?utm_source=commons.wikimedia.org&utm_campaign=imageinfo&utm_content=thumbnail_unscaled,
BA_000871,File:Cellular landscape of normal breast tissue.png,ok,balanced_authentic/BA_000871.jpg,55f15f0ab1728ce79cc2143b10323562d23d6b200cbc23cb7e0e6d671d7559cb,543816,https://thumb.wikimedia.org/wikipedia/commons/thumb/d/d5/Cellular_landscape_of_normal_breast_tissue.png/1280px-Cellular_landscape_of_normal_breast_tissue.png?utm_source=commons.wikimedia.org&utm_campaign=imageinfo&utm_content=thumbnail,
BA_000884,File:Changes of luminal pH in the exocrine pancreas during secretion.png,fetch_failed,,,,https://upload.wikimedia.org/wikipedia/commons/d/dd/Changes_of_luminal_pH_in_the_exocrine_pancreas_during_secretion.png?utm_source=commons.wikimedia.org&utm_campaign=imageinfo&utm_content=thumbnail_unscaled,
BA_000890,"File:Chloramphenicol, ca. 1960s.jpg",ok,balanced_authentic/BA_000890.jpg,eed77edd2f8d0c02451050a5e9249ec7c924b8b608bc2c7e51bc391fdd9a1f60,82764,https://thumb.wikimedia.org/wikipedia/commons/thumb/8/88/Chloramphenicol%2C_ca._1960s.jpg/1280px-Chloramphenicol%2C_ca._1960s.jpg?utm_source=commons.wikimedia.org&utm_campaign=imageinfo&utm_content=thumbnail,
BA_000911,File:Citroen AX 2023.jpg,ok,balanced_authentic/BA_000911.jpg,c062a0ad70d96f53a6da0f48963cbfaa6ec8c73e76c2ff7dddaed7c61e2e3d8f,290232,https://thumb.wikimedia.org/wikipedia/commons/thumb/2/27/Citroen_AX_2023.jpg/1280px-Citroen_AX_2023.jpg?utm_source=commons.wikimedia.org&utm_campaign=imageinfo&utm_content=thumbnail,
BA_000912,File:Citroen AX white 1.JPG,ok,balanced_authentic/BA_000912.jpg,8bd48e52abb757f0a9eb61bdef58ac2ee952cc13946761c7be86c83683119699,326573,https://thumb.wikimedia.org/wikipedia/commons/thumb/9/99/Citroen_AX_white_1.JPG/1280px-Citroen_AX_white_1.JPG?utm_source=commons.wikimedia.org&utm_campaign=imageinfo&utm_content=thumbnail,
BA_000913,File:Citroën AX (1993).png,fetch_failed,,,,https://upload.wikimedia.org/wikipedia/commons/3/30/Citro%C3%ABn_AX_%281993%29.png?utm_source=commons.wikimedia.org&utm_campaign=imageinfo&utm_content=thumbnail_unscaled,
BA_000914,File:Citroën AX First.jpg,ok,balanced_authentic/BA_000914.jpg,bbc3c0f31f6f4ed5520b205deb93aeba41984f35530d566d2f56c515140c387b,359801,https://thumb.wikimedia.org/wikipedia/commons/thumb/7/7b/Citro%C3%ABn_AX_First.jpg/1280px-Citro%C3%ABn_AX_First.jpg?utm_source=commons.wikimedia.org&utm_campaign=imageinfo&utm_content=thumbnail,
BA_000915,File:Citroën AX Wikimedia1.jpg,ok,balanced_authentic/BA_000915.jpg,3e9ce646203aeb4bce995073c23369a7633d61afc91296b6fafdd3a16bb4f588,536448,https://thumb.wikimedia.org/wikipedia/commons/thumb/f/f8/Citro%C3%ABn_AX_Wikimedia1.jpg/1280px-Citro%C3%ABn_AX_Wikimedia1.jpg?utm_source=commons.wikimedia.org&utm_campaign=imageinfo&utm_content=thumbnail,
BA_000916,File:Citroën AX Wikimedia2.jpg,ok,balanced_authentic/BA_000916.jpg,d92e8d938ffe843715815692248fedc542e8ed828e14c9cac0ceeae17859164c,455108,https://thumb.wikimedia.org/wikipedia/commons/thumb/3/38/Citro%C3%ABn_AX_Wikimedia2.jpg/1280px-Citro%C3%ABn_AX_Wikimedia2.jpg?utm_source=commons.wikimedia.org&utm_campaign=imageinfo&utm_content=thumbnail,
BA_000917,File:Citroën AX Wikimedia3.jpg,ok,balanced_authentic/BA_000917.jpg,5abd3ba41feb7f024e86b46b6d23462c0877f7fa9796ef5d4b5c5c055bce2f2f,512237,https://thumb.wikimedia.org/wikipedia/commons/thumb/b/b5/Citro%C3%ABn_AX_Wikimedia3.jpg/1280px-Citro%C3%ABn_AX_Wikimedia3.jpg?utm_source=commons.wikimedia.org&utm_campaign=imageinfo&utm_content=thumbnail,
BA_000918,File:Citroën AX half parked on grass.jpg,ok,balanced_authentic/BA_000918.jpg,bd94e06d77490d4f762a5c0aefdd28e1bcbe889b51e11aae8375b5bc58a504ec,373449,https://thumb.wikimedia.org/wikipedia/commons/thumb/2/29/Citro%C3%ABn_AX_half_parked_on_grass.jpg/1280px-Citro%C3%ABn_AX_half_parked_on_grass.jpg?utm_source=commons.wikimedia.org&utm_campaign=imageinfo&utm_content=thumbnail,
BA_000919,File:Citroën AX in Germany.jpg,ok,balanced_authentic/BA_000919.jpg,49085bd696a61e8b1a0df0565b6973d15e86100f4784acc97ac253edf2a17eb0,325904,https://thumb.wikimedia.org/wikipedia/commons/thumb/6/68/Citro%C3%ABn_AX_in_Germany.jpg/1280px-Citro%C3%ABn_AX_in_Germany.jpg?utm_source=commons.wikimedia.org&utm_campaign=imageinfo&utm_content=thumbnail,
BA_000920,File:Clandinjectkit.JPG,ok,balanced_authentic/BA_000920.jpg,fa210f7700da9d39408e7845a744d4c5ee79992a139f65d77516f0e6a78b2044,297454,https://thumb.wikimedia.org/wikipedia/commons/thumb/1/15/Clandinjectkit.JPG/1280px-Clandinjectkit.JPG?utm_source=commons.wikimedia.org&utm_campaign=imageinfo&utm_content=thumbnail,
BA_000930,"File:Clear glass shop round for Quinine, England, 1801-1850 Wellcome L0058514.jpg",ok,balanced_authentic/BA_000930.jpg,8ba716c734047bf0d3554745132c5a0cec8ca9fafcf555754291a8c14dc6c0a5,453517,https://thumb.wikimedia.org/wikipedia/commons/thumb/d/d6/Clear_glass_shop_round_for_Quinine%2C_England%2C_1801-1850_Wellcome_L0058514.jpg/1280px-Clear_glass_shop_round_for_Quinine%2C_England%2C_1801-1850_Wellcome_L0058514.jpg?utm_source=commons.wikimedia.org&utm_campaign=imageinfo&utm_content=thumbnail,
BA_000937,File:Clonazepam in blister pack.jpg,fetch_failed,,,,https://upload.wikimedia.org/wikipedia/commons/8/8f/Clonazepam_in_blister_pack.jpg?utm_source=commons.wikimedia.org&utm_campaign=imageinfo&utm_content=thumbnail_unscaled,
BA_000939,File:Cnr21720-fig-0005-m.png,ok,balanced_authentic/BA_000939.jpg,9ae5a6fcbd3b0a9368501aab06b0073633b19994e3fa7639b70f1763fa73ad4d,104785,https://upload.wikimedia.org/wikipedia/commons/5/51/Cnr21720-fig-0005-m.png?utm_source=commons.wikimedia.org&utm_campaign=imageinfo&utm_content=thumbnail_unscaled,
BA_000943,File:Coartem.jpg,fetch_failed,,,,https://upload.wikimedia.org/wikipedia/commons/1/19/Coartem.jpg?utm_source=commons.wikimedia.org&utm_campaign=imageinfo&utm_content=thumbnail_unscaled,
BA_000955,File:Combiart drug.jpg,ok,balanced_authentic/BA_000955.jpg,15372f6944d18afe6547f4ae6d1dd8ddcc6e543e3dea5e9374455ba4acd49e42,313323,https://thumb.wikimedia.org/wikipedia/commons/thumb/4/43/Combiart_drug.jpg/1280px-Combiart_drug.jpg?utm_source=commons.wikimedia.org&utm_campaign=imageinfo&utm_content=thumbnail,
BA_000960,File:Comirnaty (2021) D.jpg,ok,balanced_authentic/BA_000960.jpg,741c1631582ca178c834c799e4be7838912db4453614239575d3d8c7a016439b,95026,https://thumb.wikimedia.org/wikipedia/commons/thumb/0/0b/Comirnaty_%282021%29_D.jpg/1280px-Comirnaty_%282021%29_D.jpg?utm_source=commons.wikimedia.org&utm_campaign=imageinfo&utm_content=thumbnail,
BA_000961,File:Comirnaty Omicron XBB.1.5 vial 2023.jpg,fetch_failed,,,,https://upload.wikimedia.org/wikipedia/commons/b/bf/Comirnaty_Omicron_XBB.1.5_vial_2023.jpg?utm_source=commons.wikimedia.org&utm_campaign=imageinfo&utm_content=thumbnail_unscaled,
BA_000962,File:Comirnaty Omicron XBB.1.5 vial and influenza vaccine 2023.jpg,ok,balanced_authentic/BA_000962.jpg,3b69d573c3dca0477435eef570ee0354309648b11e7740439a0c16b53f831a2b,387081,https://thumb.wikimedia.org/wikipedia/commons/thumb/c/c0/Comirnaty_Omicron_XBB.1.5_vial_and_influenza_vaccine_2023.jpg/1280px-Comirnaty_Omicron_XBB.1.5_vial_and_influenza_vaccine_2023.jpg?utm_source=commons.wikimedia.org&utm_campaign=imageinfo&utm_content=thumbnail,
BA_000963,File:Comirnaty Omicron XBB.1.5 vial with box.jpg,fetch_failed,,,,https://upload.wikimedia.org/wikipedia/commons/9/9b/Comirnaty_Omicron_XBB.1.5_vial_with_box.jpg?utm_source=commons.wikimedia.org&utm_campaign=imageinfo&utm_content=thumbnail_unscaled,
BA_000964,File:Comirnaty Omicron XBB.1.5 vials 2023.jpg,ok,balanced_authentic/BA_000964.jpg,35a0661814fb0ae9c909f9331b4f4229e6e8293cfe5753351f4401b6c00b8dde,249459,https://thumb.wikimedia.org/wikipedia/commons/thumb/2/28/Comirnaty_Omicron_XBB.1.5_vials_2023.jpg/1280px-Comirnaty_Omicron_XBB.1.5_vials_2023.jpg?utm_source=commons.wikimedia.org&utm_campaign=imageinfo&utm_content=thumbnail,
BA_000965,File:Comirnaty empties.jpg,fetch_failed,,,,https://upload.wikimedia.org/wikipedia/commons/a/a5/Comirnaty_empties.jpg?utm_source=commons.wikimedia.org&utm_campaign=imageinfo&utm_content=thumbnail_unscaled,
BA_000966,File:Comirnaty empty vials.jpg,fetch_failed,,,,https://upload.wikimedia.org/wikipedia/commons/f/f3/Comirnaty_empty_vials.jpg?utm_source=commons.wikimedia.org&utm_campaign=imageinfo&utm_content=thumbnail_unscaled,
BA_000968,File:Comirnaty.Phiole.unverduennt.P1127598.jpg,ok,balanced_authentic/BA_000968.jpg,e3613838a49727bbdbd318b41434160823f87f0e50ae2c0bbe39196fbbb7200e,273544,https://thumb.wikimedia.org/wikipedia/commons/thumb/c/c5/Comirnaty.Phiole.unverduennt.P1127598.jpg/1280px-Comirnaty.Phiole.unverduennt.P1127598.jpg?utm_source=commons.wikimedia.org&utm_campaign=imageinfo&utm_content=thumbnail,
BA_000969,File:Comirnaty.jpg,fetch_failed,,,,https://upload.wikimedia.org/wikipedia/commons/a/a9/Comirnaty.jpg?utm_source=commons.wikimedia.org&utm_campaign=imageinfo&utm_content=thumbnail_unscaled,
BA_000971,File:Computer immunoglobulin.jpg,ok,balanced_authentic/BA_000971.jpg,519ca778989dd159267613766fc1fa7e32be83bcd7c0d06b03b80edcc6d7daf1,528450,https://thumb.wikimedia.org/wikipedia/commons/thumb/9/96/Computer_immunoglobulin.jpg/1280px-Computer_immunoglobulin.jpg?utm_source=commons.wikimedia.org&utm_campaign=imageinfo&utm_content=thumbnail,
BA_000974,File:Concerta tablets in Japan.jpg,ok,balanced_authentic/BA_000974.jpg,65abd94256e68999114e4cdcf9562aef235ba8c693ca7f258d1b1a650cb53fda,232284,https://thumb.wikimedia.org/wikipedia/commons/thumb/e/ec/Concerta_tablets_in_Japan.jpg/1280px-Concerta_tablets_in_Japan.jpg?utm_source=commons.wikimedia.org&utm_campaign=imageinfo&utm_content=thumbnail,
BA_000993,File:Corminaty (2021) A.jpg,ok,balanced_authentic/BA_000993.jpg,cb21f940dd74aeab5d860e7c1eb544146327d32425b13ee15bb35438ee771b73,105930,https://thumb.wikimedia.org/wikipedia/commons/thumb/4/46/Corminaty_%282021%29_A.jpg/1280px-Corminaty_%282021%29_A.jpg?utm_source=commons.wikimedia.org&utm_campaign=imageinfo&utm_content=thumbnail,
BA_000994,File:Corminaty (2021) B.jpg,ok,balanced_authentic/BA_000994.jpg,4ad5e4050488a56758cd7d5f87e654098ec0c7390bcb7868c6f831ae6687230a,75642,https://thumb.wikimedia.org/wikipedia/commons/thumb/1/10/Corminaty_%282021%29_B.jpg/1280px-Corminaty_%282021%29_B.jpg?utm_source=commons.wikimedia.org&utm_campaign=imageinfo&utm_content=thumbnail,
BA_000995,File:Corminaty (2021) C.jpg,ok,balanced_authentic/BA_000995.jpg,2624ca0611d122cb7f6dd9fbb2ed7507cc660b853f4bcd8fe163ee645adb75d3,106609,https://thumb.wikimedia.org/wikipedia/commons/thumb/8/88/Corminaty_%282021%29_C.jpg/1280px-Corminaty_%282021%29_C.jpg?utm_source=commons.wikimedia.org&utm_campaign=imageinfo&utm_content=thumbnail,
BA_000996,File:Corona antibody test.jpg,ok,balanced_authentic/BA_000996.jpg,9a83d5ec5ead0beab432bf4f7ee344b0f782e80aa95354801cb2b69ea634a109,348129,https://thumb.wikimedia.org/wikipedia/commons/thumb/6/6e/Corona_antibody_test.jpg/1280px-Corona_antibody_test.jpg?utm_source=commons.wikimedia.org&utm_campaign=imageinfo&utm_content=thumbnail,
BA_000997,File:Coronal cross-section of human brain.jpg,fetch_failed,,,,https://upload.wikimedia.org/wikipedia/commons/6/64/Coronal_cross-section_of_human_brain.jpg?utm_source=commons.wikimedia.org&utm_campaign=imageinfo&utm_content=thumbnail_unscaled,
BA_001001,File:Cost-Based Estimated Generic Price Algorithm for Sodium-Glucose Cotransporter 2 Inhibitors (SGLT2Is) and Oral Semaglutide.png,ok,balanced_authentic/BA_001001.jpg,cd1cdab39df9de45dd21d29b4b82f4526bd6461b92905037f4d41b2c4892033d,175263,https://thumb.wikimedia.org/wikipedia/commons/thumb/a/a2/Cost-Based_Estimated_Generic_Price_Algorithm_for_Sodium-Glucose_Cotransporter_2_Inhibitors_%28SGLT2Is%29_and_Oral_Semaglutide.png/1280px-Cost-Based_Estimated_Generic_Price_Algorithm_for_Sodium-Glucose_Cotransporter_2_Inhibitors_%28SGLT2Is%29_and_Oral_Semaglutide.png?utm_source=commons.wikimedia.org&utm_campaign=imageinfo&utm_content=thumbnail,
BA_001005,File:Covid-Vaccine-41 (50753217957) (cropped).jpg,fetch_failed,,,,https://upload.wikimedia.org/wikipedia/commons/6/60/Covid-Vaccine-41_%2850753217957%29_%28cropped%29.jpg?utm_source=commons.wikimedia.org&utm_campaign=imageinfo&utm_content=thumbnail_unscaled,
BA_001006,File:Covid19 vaccine biontech pfizer 2.jpg,ok,balanced_authentic/BA_001006.jpg,f828c231fa9ed21643aa976371f4c2c65f747ef62749ec363db9d9789b4fc9b8,98892,https://thumb.wikimedia.org/wikipedia/commons/thumb/5/5b/Covid19_vaccine_biontech_pfizer_2.jpg/1280px-Covid19_vaccine_biontech_pfizer_2.jpg?utm_source=commons.wikimedia.org&utm_campaign=imageinfo&utm_content=thumbnail,
BA_001007,File:Covid19 vaccine biontech pfizer 3.jpg,fetch_failed,,,,https://upload.wikimedia.org/wikipedia/commons/6/69/Covid19_vaccine_biontech_pfizer_3.jpg?utm_source=commons.wikimedia.org&utm_campaign=imageinfo&utm_content=thumbnail_unscaled,
BA_001008,File:Covishield (2021) A.jpg,ok,balanced_authentic/BA_001008.jpg,282048c721b9ba76ce7ba4063c7a6a3446e3036d07d4105f9137cdeb48161cbf,99644,https://thumb.wikimedia.org/wikipedia/commons/thumb/5/5d/Covishield_%282021%29_A.jpg/1280px-Covishield_%282021%29_A.jpg?utm_source=commons.wikimedia.org&utm_campaign=imageinfo&utm_content=thumbnail,
BA_001009,File:Covishield (2021) B.jpg,ok,balanced_authentic/BA_001009.jpg,faddfb28da5acc063ab353f9d93dfbce6cd2e1f4c36af100a382ee002252cb82,143338,https://thumb.wikimedia.org/wikipedia/commons/thumb/4/4c/Covishield_%282021%29_B.jpg/1280px-Covishield_%282021%29_B.jpg?utm_source=commons.wikimedia.org&utm_campaign=imageinfo&utm_content=thumbnail,
BA_001010,File:Covishield (2021) C.jpg,ok,balanced_authentic/BA_001010.jpg,7187be8fe114998ec8e8eae8dfbf918d590db4f751dfa64301a7cc1bd0b7e989,97886,https://thumb.wikimedia.org/wikipedia/commons/thumb/4/4a/Covishield_%282021%29_C.jpg/1280px-Covishield_%282021%29_C.jpg?utm_source=commons.wikimedia.org&utm_campaign=imageinfo&utm_content=thumbnail,
BA_001011,File:Covishield (2021) D.jpg,ok,balanced_authentic/BA_001011.jpg,2da6d61b0908a8fabeb8501163588a8bcf53eb67c9b17c7cdde20c5f7676bb0f,183001,https://thumb.wikimedia.org/wikipedia/commons/thumb/8/89/Covishield_%282021%29_D.jpg/1280px-Covishield_%282021%29_D.jpg?utm_source=commons.wikimedia.org&utm_campaign=imageinfo&utm_content=thumbnail,
BA_001012,File:Covishield (2021) E.jpg,ok,balanced_authentic/BA_001012.jpg,3aac06b51bd6c4a4209c3d72d24207dcf55e421534c036293c9a8d31415ab859,201670,https://thumb.wikimedia.org/wikipedia/commons/thumb/0/07/Covishield_%282021%29_E.jpg/1280px-Covishield_%282021%29_E.jpg?utm_source=commons.wikimedia.org&utm_campaign=imageinfo&utm_content=thumbnail,
BA_001013,File:Covishield (2021) F.jpg,ok,balanced_authentic/BA_001013.jpg,0371df269d5ea86b08e5ecaf1e78e3f1a78ac249c9609617f96435a5d07a0ea8,205106,https://thumb.wikimedia.org/wikipedia/commons/thumb/0/03/Covishield_%282021%29_F.jpg/1280px-Covishield_%282021%29_F.jpg?utm_source=commons.wikimedia.org&utm_campaign=imageinfo&utm_content=thumbnail,
BA_001014,File:Covishield (2021) G.jpg,ok,balanced_authentic/BA_001014.jpg,258ce2521704e9f432371c13957c27e8a501183b4fd8361cedbcbdcd49f75c2d,93117,https://thumb.wikimedia.org/wikipedia/commons/thumb/7/79/Covishield_%282021%29_G.jpg/1280px-Covishield_%282021%29_G.jpg?utm_source=commons.wikimedia.org&utm_campaign=imageinfo&utm_content=thumbnail,
BA_001015,File:Covishield (2021) H.jpg,ok,balanced_authentic/BA_001015.jpg,6e4f139b45b799d9c73713914bc2c54e4777407f5d04f1edf0051839d93cb4c2,211811,https://thumb.wikimedia.org/wikipedia/commons/thumb/1/1a/Covishield_%282021%29_H.jpg/1280px-Covishield_%282021%29_H.jpg?utm_source=commons.wikimedia.org&utm_campaign=imageinfo&utm_content=thumbnail,
BA_001016,File:Covishield (2021) I.jpg,ok,balanced_authentic/BA_001016.jpg,646a200a720f1e0d220b17041e690547a61009f70e7405502946e6b66ad0ecd9,154350,https://thumb.wikimedia.org/wikipedia/commons/thumb/9/93/Covishield_%282021%29_I.jpg/1280px-Covishield_%282021%29_I.jpg?utm_source=commons.wikimedia.org&utm_campaign=imageinfo&utm_content=thumbnail,
BA_001017,File:Covishield (2021) J.jpg,ok,balanced_authentic/BA_001017.jpg,ed2e3eca4ce3eb20aa70260eed805184de46f417447d2a01f39c14604f4009f7,126894,https://thumb.wikimedia.org/wikipedia/commons/thumb/9/9e/Covishield_%282021%29_J.jpg/1280px-Covishield_%282021%29_J.jpg?utm_source=commons.wikimedia.org&utm_campaign=imageinfo&utm_content=thumbnail,
BA_001018,File:Covishield (2021) K.jpg,ok,balanced_authentic/BA_001018.jpg,e288c7a8dc9e5fa65be391002152c2e983f3d6a0933e07fb15e1f05eac2a8ef8,106578,https://thumb.wikimedia.org/wikipedia/commons/thumb/2/21/Covishield_%282021%29_K.jpg/1280px-Covishield_%282021%29_K.jpg?utm_source=commons.wikimedia.org&utm_campaign=imageinfo&utm_content=thumbnail,
BA_001019,File:Covishield (2021) L.jpg,ok,balanced_authentic/BA_001019.jpg,ccfe7d0b28c88b0ef44ea50b81270f7c6d0a9a2bf984d159f3b3597873b14f9c,122849,https://thumb.wikimedia.org/wikipedia/commons/thumb/b/b6/Covishield_%282021%29_L.jpg/1280px-Covishield_%282021%29_L.jpg?utm_source=commons.wikimedia.org&utm_campaign=imageinfo&utm_content=thumbnail,
BA_001020,File:Covishield (2021) M.jpg,ok,balanced_authentic/BA_001020.jpg,79d014b65805c17c941a1d89da8f30d520e2d99a39415b84372af61d8c8d8fe7,128682,https://thumb.wikimedia.org/wikipedia/commons/thumb/b/bb/Covishield_%282021%29_M.jpg/1280px-Covishield_%282021%29_M.jpg?utm_source=commons.wikimedia.org&utm_campaign=imageinfo&utm_content=thumbnail,
BA_001021,File:Covishield (2021) N (cropped).jpg,fetch_failed,,,,https://upload.wikimedia.org/wikipedia/commons/7/74/Covishield_%282021%29_N_%28cropped%29.jpg?utm_source=commons.wikimedia.org&utm_campaign=imageinfo&utm_content=thumbnail_unscaled,
BA_001022,File:Covishield (2021) N.jpg,ok,balanced_authentic/BA_001022.jpg,07b4e66ca854498b3af692bcfd433a23753ba1f9f878b10a4f62c5f8ae9e8ed9,98011,https://thumb.wikimedia.org/wikipedia/commons/thumb/f/fd/Covishield_%282021%29_N.jpg/1280px-Covishield_%282021%29_N.jpg?utm_source=commons.wikimedia.org&utm_campaign=imageinfo&utm_content=thumbnail,
BA_001023,File:Covishield (2021) O.jpg,ok,balanced_authentic/BA_001023.jpg,db2fedf6528e32bdd065777da659b2d9e69c3504aa83ed5722fd1101f1d86a6f,169233,https://thumb.wikimedia.org/wikipedia/commons/thumb/f/f4/Covishield_%282021%29_O.jpg/1280px-Covishield_%282021%29_O.jpg?utm_source=commons.wikimedia.org&utm_campaign=imageinfo&utm_content=thumbnail,
BA_001028,File:Currently Known Mutations of SARS-CoV-2 (49913240613).jpg,fetch_failed,,,,https://upload.wikimedia.org/wikipedia/commons/c/c8/Currently_Known_Mutations_of_SARS-CoV-2_%2849913240613%29.jpg?utm_source=commons.wikimedia.org&utm_campaign=imageinfo&utm_content=thumbnail_unscaled,
BA_001059,File:Delivery of Covishield COVID-19 vaccine from India to Brazil (2021) A.jpg,ok,balanced_authentic/BA_001059.jpg,4c54cd8943dc6ae0a439023b66918865c7ff4222fda7883ede581227c77f2b08,597865,https://thumb.wikimedia.org/wikipedia/commons/thumb/2/28/Delivery_of_Covishield_COVID-19_vaccine_from_India_to_Brazil_%282021%29_A.jpg/1280px-Delivery_of_Covishield_COVID-19_vaccine_from_India_to_Brazil_%282021%29_A.jpg?utm_source=commons.wikimedia.org&utm_campaign=imageinfo&utm_content=thumbnail,
BA_001060,File:Delivery of Covishield COVID-19 vaccine from India to Brazil (2021) B.jpg,ok,balanced_authentic/BA_001060.jpg,835869d5442a911b3bef74b9a82c070e5159fe2f36b71d759a8946b6fc6a94cc,336184,https://thumb.wikimedia.org/wikipedia/commons/thumb/6/66/Delivery_of_Covishield_COVID-19_vaccine_from_India_to_Brazil_%282021%29_B.jpg/1280px-Delivery_of_Covishield_COVID-19_vaccine_from_India_to_Brazil_%282021%29_B.jpg?utm_source=commons.wikimedia.org&utm_campaign=imageinfo&utm_content=thumbnail,
BA_001061,File:Delivery of Covishield COVID-19 vaccine from India to Brazil (2021) C.jpg,ok,balanced_authentic/BA_001061.jpg,55ce71eb79e0dd079c265754c20dcd97d34b81ed16d518ae5bd4c3d56c651ba3,193866,https://thumb.wikimedia.org/wikipedia/commons/thumb/1/1d/Delivery_of_Covishield_COVID-19_vaccine_from_India_to_Brazil_%282021%29_C.jpg/1280px-Delivery_of_Covishield_COVID-19_vaccine_from_India_to_Brazil_%282021%29_C.jpg?utm_source=commons.wikimedia.org&utm_campaign=imageinfo&utm_content=thumbnail,
BA_001062,File:Delivery of Covishield COVID-19 vaccine from India to Brazil (2021) D.jpg,ok,balanced_authentic/BA_001062.jpg,b8baf58f1a5ba679001ca92c3e2236cef3e5cca59496ebcc1f6950ecdf9289e1,287261,https://thumb.wikimedia.org/wikipedia/commons/thumb/4/49/Delivery_of_Covishield_COVID-19_vaccine_from_India_to_Brazil_%282021%29_D.jpg/1280px-Delivery_of_Covishield_COVID-19_vaccine_from_India_to_Brazil_%282021%29_D.jpg?utm_source=commons.wikimedia.org&utm_campaign=imageinfo&utm_content=thumbnail,
BA_001095,File:Dextromethorphan Tablet-15.jpg,ok,balanced_authentic/BA_001095.jpg,1f6e47cec5c12163c6712b86e85e26b747eb9e624d95034827871d392bfc0a4f,888878,https://upload.wikimedia.org/wikipedia/commons/d/db/Dextromethorphan_Tablet-15.jpg?utm_source=commons.wikimedia.org&utm_campaign=imageinfo&utm_content=thumbnail_unscaled,
BA_001098,File:Dexzopiclone Tablets.jpg,ok,balanced_authentic/BA_001098.jpg,6723736a45553cb32773047a11e6496396f6f4ba52ab0fb995c5b85cb7a29dba,313511,https://thumb.wikimedia.org/wikipedia/commons/thumb/b/b6/Dexzopiclone_Tablets.jpg/1280px-Dexzopiclone_Tablets.jpg?utm_source=commons.wikimedia.org&utm_campaign=imageinfo&utm_content=thumbnail,
BA_001101,File:Diapam.jpg,ok,balanced_authentic/BA_001101.jpg,990299573a1a729d97a6caa9fc18de4cb6ce944c6fa84c066bf0ac05ea0d0192,220976,https://thumb.wikimedia.org/wikipedia/commons/thumb/1/1b/Diapam.jpg/1280px-Diapam.jpg?utm_source=commons.wikimedia.org&utm_campaign=imageinfo&utm_content=thumbnail,
BA_001102,File:Diatsepaamin myyntipakkauksia.jpg,fetch_failed,,,,https://upload.wikimedia.org/wikipedia/commons/1/15/Diatsepaamin_myyntipakkauksia.jpg?utm_source=commons.wikimedia.org&utm_campaign=imageinfo&utm_content=thumbnail_unscaled,
BA_001103,File:Diazepam 10mg-2ml vial white background.jpg,fetch_failed,,,,https://upload.wikimedia.org/wikipedia/commons/e/ea/Diazepam_10mg-2ml_vial_white_background.jpg?utm_source=commons.wikimedia.org&utm_campaign=imageinfo&utm_content=thumbnail_unscaled,
BA_001104,File:Diazepam 10mg-2ml vial yellow background.jpg,fetch_failed,,,,https://upload.wikimedia.org/wikipedia/commons/e/ef/Diazepam_10mg-2ml_vial_yellow_background.jpg?utm_source=commons.wikimedia.org&utm_campaign=imageinfo&utm_content=thumbnail_unscaled,
BA_001105,File:Diazepam 10mg-2ml vials white background.jpg,ok,balanced_authentic/BA_001105.jpg,242f1887422bef19c55f6481ab8dbc148334fa0c153a474760d6508f1eab3200,272920,https://thumb.wikimedia.org/wikipedia/commons/thumb/2/22/Diazepam_10mg-2ml_vials_white_background.jpg/1280px-Diazepam_10mg-2ml_vials_white_background.jpg?utm_source=commons.wikimedia.org&utm_campaign=imageinfo&utm_content=thumbnail,
BA_001106,File:Diazepam 10mg-2ml vials yellow background.jpg,ok,balanced_authentic/BA_001106.jpg,811f70ec6341f669cfb985dee9016d7f5d74a5256a89c9478e91609347d1dd94,319864,https://thumb.wikimedia.org/wikipedia/commons/thumb/8/87/Diazepam_10mg-2ml_vials_yellow_background.jpg/1280px-Diazepam_10mg-2ml_vials_yellow_background.jpg?utm_source=commons.wikimedia.org&utm_campaign=imageinfo&utm_content=thumbnail,
BA_001107,File:Diazepam 10mg.jpg,ok,balanced_authentic/BA_001107.jpg,9083672b8893a26ddc7354c22e77d6d7edbb283a2dbb074b807fbb12ff07b57d,191353,https://thumb.wikimedia.org/wikipedia/commons/thumb/a/a8/Diazepam_10mg.jpg/1280px-Diazepam_10mg.jpg?utm_source=commons.wikimedia.org&utm_campaign=imageinfo&utm_content=thumbnail,
BA_001108,File:Diazepam Ampulle ratiopharm 10 mg. 2 ml.JPG,ok,balanced_authentic/BA_001108.jpg,4f5904f0ec2d989b47c72848f33aa082d75f92723a6f6b5cab6e60ffbd5050a8,272561,https://thumb.wikimedia.org/wikipedia/commons/thumb/b/b7/Diazepam_Ampulle_ratiopharm_10_mg._2_ml.JPG/1280px-Diazepam_Ampulle_ratiopharm_10_mg._2_ml.JPG?utm_source=commons.wikimedia.org&utm_campaign=imageinfo&utm_content=thumbnail,
BA_001109,File:Diazepam ball-and-stick model.png,fetch_failed,,,,https://upload.wikimedia.org/wikipedia/commons/6/6d/Diazepam_ball-and-stick_model.png?utm_source=commons.wikimedia.org&utm_campaign=imageinfo&utm_content=thumbnail_unscaled,
BA_001111,File:Diazepam stock bottle 10mg tabs.jpg,ok,balanced_authentic/BA_001111.jpg,9167294ef82736fb64e4e101a03d219ffd33d5292b33c1d0c50a6352c3c21363,397196,https://thumb.wikimedia.org/wikipedia/commons/thumb/a/aa/Diazepam_stock_bottle_10mg_tabs.jpg/1280px-Diazepam_stock_bottle_10mg_tabs.jpg?utm_source=commons.wikimedia.org&utm_campaign=imageinfo&utm_content=thumbnail,
BA_001113,File:Diazepam synthesis2.png,ok,balanced_authentic/BA_001113.jpg,8232a039ebf7fe0455020c2f4baa1c62d5d40891ef6e42eac8700e15bdfdb0fd,58978,https://thumb.wikimedia.org/wikipedia/commons/thumb/8/8e/Diazepam_synthesis2.png/1280px-Diazepam_synthesis2.png?utm_source=commons.wikimedia.org&utm_campaign=imageinfo&utm_content=thumbnail,
BA_001114,File:Diazepam tablets.jpeg,fetch_failed,,,,https://upload.wikimedia.org/wikipedia/commons/7/7b/Diazepam_tablets.jpeg?utm_source=commons.wikimedia.org&utm_campaign=imageinfo&utm_content=thumbnail_unscaled,
BA_001116,"File:Diazepam, strips 10 mg (Valium).jpg",ok,balanced_authentic/BA_001116.jpg,1a984707f076495224339bf490729db85ebb1366116a657a45689c8b17a787dc,227875,https://thumb.wikimedia.org/wikipedia/commons/thumb/c/c8/Diazepam%2C_strips_10_mg_%28Valium%29.jpg/1280px-Diazepam%2C_strips_10_mg_%28Valium%29.jpg?utm_source=commons.wikimedia.org&utm_campaign=imageinfo&utm_content=thumbnail,
BA_001117,File:Diazepam-from-xtal-3D-balls.png,fetch_failed,,,,https://upload.wikimedia.org/wikipedia/commons/9/90/Diazepam-from-xtal-3D-balls.png?utm_source=commons.wikimedia.org&utm_campaign=imageinfo&utm_content=thumbnail_unscaled,
BA_001118,File:Diazepam-from-xtal-3D-vdW.png,ok,balanced_authentic/BA_001118.jpg,ac93a25d7985aae90320ef8c52fed82af2ab312dcd61541f483f160f0d493f33,204144,https://upload.wikimedia.org/wikipedia/commons/c/cf/Diazepam-from-xtal-3D-vdW.png?utm_source=commons.wikimedia.org&utm_campaign=imageinfo&utm_content=thumbnail_unscaled,
BA_001120,File:Diazepam.png,ok,balanced_authentic/BA_001120.jpg,dbfd723c543da2f3960be3bf8e795367121095c448a12a8ef632e6b7872b27dc,366894,https://upload.wikimedia.org/wikipedia/commons/0/0a/Diazepam.png?utm_source=commons.wikimedia.org&utm_campaign=imageinfo&utm_content=thumbnail_unscaled,
BA_001121,File:Diazepam2mgand5mgtablets.JPG,ok,balanced_authentic/BA_001121.jpg,cec505edab95462df2049cb422cd6dac9c173d843ff6ee5e7db9e4dee11724b6,265385,https://thumb.wikimedia.org/wikipedia/commons/thumb/b/b7/Diazepam2mgand5mgtablets.JPG/1280px-Diazepam2mgand5mgtablets.JPG?utm_source=commons.wikimedia.org&utm_campaign=imageinfo&utm_content=thumbnail,
BA_001123,File:Diazepam3d.png,fetch_failed,,,,https://upload.wikimedia.org/wikipedia/commons/1/17/Diazepam3d.png?utm_source=commons.wikimedia.org&utm_campaign=imageinfo&utm_content=thumbnail_unscaled,
BA_001158,File:Dispensing pot for powdered quinine 2.jpg,fetch_failed,,,,https://upload.wikimedia.org/wikipedia/commons/1/13/Dispensing_pot_for_powdered_quinine_2.jpg?utm_source=commons.wikimedia.org&utm_campaign=imageinfo&utm_content=thumbnail_unscaled,
BA_001159,File:Dispensing pot for powdered quinine 3.jpg,fetch_failed,,,,https://upload.wikimedia.org/wikipedia/commons/a/a0/Dispensing_pot_for_powdered_quinine_3.jpg?utm_source=commons.wikimedia.org&utm_campaign=imageinfo&utm_content=thumbnail_unscaled,
BA_001160,File:Dispensing pot for powdered quinine 4.jpg,ok,balanced_authentic/BA_001160.jpg,9d4c032697db6dc51fb6c521ad32dcf070064778ab491c6739b7208c7a1d71a6,101566,https://thumb.wikimedia.org/wikipedia/commons/thumb/3/38/Dispensing_pot_for_powdered_quinine_4.jpg/1280px-Dispensing_pot_for_powdered_quinine_4.jpg?utm_source=commons.wikimedia.org&utm_campaign=imageinfo&utm_content=thumbnail,
BA_001161,"File:Dispensing pot for powdered quinine, Italy, 1801-1830 Wellcome L0057459.jpg",ok,balanced_authentic/BA_001161.jpg,09d5ef8c92bb515a91e84aa51e0f2c5efed5da82b6f7bdf54a65a45d79e9d2fb,305511,https://thumb.wikimedia.org/wikipedia/commons/thumb/e/e7/Dispensing_pot_for_powdered_quinine%2C_Italy%2C_1801-1830_Wellcome_L0057459.jpg/1280px-Dispensing_pot_for_powdered_quinine%2C_Italy%2C_1801-1830_Wellcome_L0057459.jpg?utm_source=commons.wikimedia.org&utm_campaign=imageinfo&utm_content=thumbnail,
BA_001167,File:Doksiciklin 100 091208.jpg,fetch_failed,,,,https://upload.wikimedia.org/wikipedia/commons/5/57/Doksiciklin_100_091208.jpg?utm_source=commons.wikimedia.org&utm_campaign=imageinfo&utm_content=thumbnail_unscaled,
BA_001175,File:Doral(Quazepam)Tablets 15mg.JPG,fetch_failed,,,,https://upload.wikimedia.org/wikipedia/commons/e/ed/Doral%28Quazepam%29Tablets_15mg.JPG?utm_source=commons.wikimedia.org&utm_campaign=imageinfo&utm_content=thumbnail_unscaled,
BA_001184,File:Doxycycline.jpg,fetch_failed,,,,https://upload.wikimedia.org/wikipedia/commons/9/94/Doxycycline.jpg?utm_source=commons.wikimedia.org&utm_campaign=imageinfo&utm_content=thumbnail_unscaled,
BA_001193,"File:Dr. Mae C. Jemison, First African-American Woman in Space - Flickr - NASA on The Commons.jpg",ok,balanced_authentic/BA_001193.jpg,6565fd960371e9d11992ddd715f5f344780490b1d02b5ab58b33866e48948e07,603397,https://thumb.wikimedia.org/wikipedia/commons/thumb/1/17/Dr._Mae_C._Jemison%2C_First_African-American_Woman_in_Space_-_Flickr_-_NASA_on_The_Commons.jpg/1280px-Dr._Mae_C._Jemison%2C_First_African-American_Woman_in_Space_-_Flickr_-_NASA_on_The_Commons.jpg?utm_source=commons.wikimedia.org&utm_campaign=imageinfo&utm_content=thumbnail,
BA_001195,File:Drogues anesthésie.jpg,ok,balanced_authentic/BA_001195.jpg,49ddb3ec99df4f798e4a027ce3fc8d526f864fef9eaf7a0b10d08295b7ca6ab0,192289,https://thumb.wikimedia.org/wikipedia/commons/thumb/f/f3/Drogues_anesth%C3%A9sie.jpg/1280px-Drogues_anesth%C3%A9sie.jpg?utm_source=commons.wikimedia.org&utm_campaign=imageinfo&utm_content=thumbnail,
BA_001218,File:Dubyna 1901.jpg,ok,balanced_authentic/BA_001218.jpg,2eb5cc2291efcc5f1df65d3017d8ef06810b7e413e29d0bc36b5b24b92f78e65,623256,https://thumb.wikimedia.org/wikipedia/commons/thumb/c/c4/Dubyna_1901.jpg/1280px-Dubyna_1901.jpg?utm_source=commons.wikimedia.org&utm_campaign=imageinfo&utm_content=thumbnail,
BA_001220,File:Dukoral package inside.jpg,ok,balanced_authentic/BA_001220.jpg,2a99e9aba02517adc4f119f847c9462ba6186b38b30ae260f32f01b51ade327a,255346,https://thumb.wikimedia.org/wikipedia/commons/thumb/6/69/Dukoral_package_inside.jpg/1280px-Dukoral_package_inside.jpg?utm_source=commons.wikimedia.org&utm_campaign=imageinfo&utm_content=thumbnail,
BA_001222,File:Dukoral package.jpg,ok,balanced_authentic/BA_001222.jpg,c97cbffb13b770c5733e74881d749fe518074e18d4d2295a8f2270868c118f6f,505404,https://thumb.wikimedia.org/wikipedia/commons/thumb/e/e3/Dukoral_package.jpg/1280px-Dukoral_package.jpg?utm_source=commons.wikimedia.org&utm_campaign=imageinfo&utm_content=thumbnail,
BA_001225,File:Duma about Opanas.png,fetch_failed,,,,https://upload.wikimedia.org/wikipedia/commons/6/69/Duma_about_Opanas.png?utm_source=commons.wikimedia.org&utm_campaign=imageinfo&utm_content=thumbnail_unscaled,
BA_001227,File:Duphalac 200 ml.jpg,ok,balanced_authentic/BA_001227.jpg,8c54f682bf221c574447ac0b3e81016ebf719c143dcdc254588e321453881f2f,229956,https://thumb.wikimedia.org/wikipedia/commons/thumb/f/f4/Duphalac_200_ml.jpg/1280px-Duphalac_200_ml.jpg?utm_source=commons.wikimedia.org&utm_campaign=imageinfo&utm_content=thumbnail,
BA_001230,File:Durvalumab PD-L1 5X8M.pdb.png,ok,balanced_authentic/BA_001230.jpg,4ee8deff968585a2158480865fc3ab85983d42ecfce98c3c8b3af9d18461b916,939496,https://thumb.wikimedia.org/wikipedia/commons/thumb/e/e3/Durvalumab_PD-L1_5X8M.pdb.png/1280px-Durvalumab_PD-L1_5X8M.pdb.png?utm_source=commons.wikimedia.org&utm_campaign=imageinfo&utm_content=thumbnail,
BA_001232,"File:Dülmen, Merfeld, Volvo PV 544 B18 -- 2021 -- 0075-9.jpg",ok,balanced_authentic/BA_001232.jpg,a4e1566fa0cc89442dfc5fb985d9c87507ee31005e0a86aedb9e3f1b2ec3d812,378127,https://thumb.wikimedia.org/wikipedia/commons/thumb/e/e5/D%C3%BClmen%2C_Merfeld%2C_Volvo_PV_544_B18_--_2021_--_0075-9.jpg/1280px-D%C3%BClmen%2C_Merfeld%2C_Volvo_PV_544_B18_--_2021_--_0075-9.jpg?utm_source=commons.wikimedia.org&utm_campaign=imageinfo&utm_content=thumbnail,
BA_001242,File:Ebivol.jpg,ok,balanced_authentic/BA_001242.jpg,d6ad7500a8de2266c7f6ba17bde909c2337652a43caf52ffb48543b7410bb51c,124323,https://thumb.wikimedia.org/wikipedia/commons/thumb/a/a2/Ebivol.jpg/1280px-Ebivol.jpg?utm_source=commons.wikimedia.org&utm_campaign=imageinfo&utm_content=thumbnail,
BA_001267,"File:Elegant preventive of the cholera. (BM 1868,0808.12313).jpg",ok,balanced_authentic/BA_001267.jpg,572e213c6a253fa29bd129241bef246c85bff73a8f6a8fd34b3bf1bd60f562f4,352630,https://thumb.wikimedia.org/wikipedia/commons/thumb/5/51/Elegant_preventive_of_the_cholera._%28BM_1868%2C0808.12313%29.jpg/1280px-Elegant_preventive_of_the_cholera._%28BM_1868%2C0808.12313%29.jpg?utm_source=commons.wikimedia.org&utm_campaign=imageinfo&utm_content=thumbnail,
BA_001278,File:Emerging Infecious Diseases April 2013.jpg,fetch_failed,,,,https://upload.wikimedia.org/wikipedia/commons/e/e9/Emerging_Infecious_Diseases_April_2013.jpg?utm_source=commons.wikimedia.org&utm_campaign=imageinfo&utm_content=thumbnail_unscaled,
BA_001286,File:Endometriosis of the Fallopian Tube (Luminal Pattern) (7116632365).jpg,ok,balanced_authentic/BA_001286.jpg,9f848d16a26a629aec3a862ab8c48f333356adbea30eaf0cbc78d952b94aaa65,418152,https://thumb.wikimedia.org/wikipedia/commons/thumb/c/c6/Endometriosis_of_the_Fallopian_Tube_%28Luminal_Pattern%29_%287116632365%29.jpg/1280px-Endometriosis_of_the_Fallopian_Tube_%28Luminal_Pattern%29_%287116632365%29.jpg?utm_source=commons.wikimedia.org&utm_campaign=imageinfo&utm_content=thumbnail,
BA_001287,File:Endometriosis of the Fallopian Tube (Luminal Pattern) (7116632399).jpg,ok,balanced_authentic/BA_001287.jpg,103578e807d7d5f398e40294aa09a244254602a609f6189cb57119b95a3a7e0f,255956,https://thumb.wikimedia.org/wikipedia/commons/thumb/f/fd/Endometriosis_of_the_Fallopian_Tube_%28Luminal_Pattern%29_%287116632399%29.jpg/1280px-Endometriosis_of_the_Fallopian_Tube_%28Luminal_Pattern%29_%287116632399%29.jpg?utm_source=commons.wikimedia.org&utm_campaign=imageinfo&utm_content=thumbnail,
BA_001290,File:Engerix B (Hepatitis B) vaccine.jpg,ok,balanced_authentic/BA_001290.jpg,52253d6585aaeff1f5f0eab69c27e5c82c77752000573a64e65390a558e4e427,234454,https://thumb.wikimedia.org/wikipedia/commons/thumb/2/2c/Engerix_B_%28Hepatitis_B%29_vaccine.jpg/1280px-Engerix_B_%28Hepatitis_B%29_vaccine.jpg?utm_source=commons.wikimedia.org&utm_campaign=imageinfo&utm_content=thumbnail,
BA_001297,File:Epididimo Macro Micro.jpg,fetch_failed,,,,https://upload.wikimedia.org/wikipedia/commons/8/8a/Epididimo_Macro_Micro.jpg?utm_source=commons.wikimedia.org&utm_campaign=imageinfo&utm_content=thumbnail_unscaled,
BA_001314,"File:Estimated Sustainable Cost-Based Prices, per Month.png",ok,balanced_authentic/BA_001314.jpg,1f5d9e6829429b52ff03774b9a05638e1c54fdc9d80565c3b6f502dc8393bb65,599300,https://thumb.wikimedia.org/wikipedia/commons/thumb/9/94/Estimated_Sustainable_Cost-Based_Prices%2C_per_Month.png/1280px-Estimated_Sustainable_Cost-Based_Prices%2C_per_Month.png?utm_source=commons.wikimedia.org&utm_campaign=imageinfo&utm_content=thumbnail,
BA_001318,File:Etizest-1 MD Blister Pill opened.jpeg,ok,balanced_authentic/BA_001318.jpg,68561e6156327af87f09ed96d11dd03934d1be1ed4758b32391d220bf211c5fa,200112,https://thumb.wikimedia.org/wikipedia/commons/thumb/a/ad/Etizest-1_MD_Blister_Pill_opened.jpeg/1280px-Etizest-1_MD_Blister_Pill_opened.jpeg?utm_source=commons.wikimedia.org&utm_campaign=imageinfo&utm_content=thumbnail,
BA_001319,File:Etizex brand etizolam tablets.jpg,fetch_failed,,,,https://upload.wikimedia.org/wikipedia/commons/4/4f/Etizex_brand_etizolam_tablets.jpg?utm_source=commons.wikimedia.org&utm_campaign=imageinfo&utm_content=thumbnail_unscaled,
BA_001322,File:Eucodal P-FG-ES-06040.jpg,ok,balanced_authentic/BA_001322.jpg,9aac910f1c211ab7d183872fa2bc7e6db88fbc951146215ac08ad40b5e0170a6,832094,https://thumb.wikimedia.org/wikipedia/commons/thumb/1/13/Eucodal_P-FG-ES-06040.jpg/1280px-Eucodal_P-FG-ES-06040.jpg?utm_source=commons.wikimedia.org&utm_campaign=imageinfo&utm_content=thumbnail,
BA_001325,File:Eustathia-kampisiouli.jpg,fetch_failed,,,,https://upload.wikimedia.org/wikipedia/commons/f/fd/Eustathia-kampisiouli.jpg?utm_source=commons.wikimedia.org&utm_campaign=imageinfo&utm_content=thumbnail_unscaled,
BA_001347,File:Fake Viagara Pills (22399093799).jpg,ok,balanced_authentic/BA_001347.jpg,23d415fd0cac1946509b5460da9dd4bc23f30f81c669c0c45d2b16e437424332,593895,https://thumb.wikimedia.org/wikipedia/commons/thumb/f/f6/Fake_Viagara_Pills_%2822399093799%29.jpg/1280px-Fake_Viagara_Pills_%2822399093799%29.jpg?utm_source=commons.wikimedia.org&utm_campaign=imageinfo&utm_content=thumbnail,
BA_001348,File:FakhraVac vaccine 01.jpg,fetch_failed,,,,https://upload.wikimedia.org/wikipedia/commons/c/c4/FakhraVac_vaccine_01.jpg?utm_source=commons.wikimedia.org&utm_campaign=imageinfo&utm_content=thumbnail_unscaled,
BA_001350,File:Fara PV maks2009.jpg,ok,balanced_authentic/BA_001350.jpg,abdeb829342ced7bbda9a645668dd6d69033efd799aa01a37d18d37c4a2c367e,375535,https://thumb.wikimedia.org/wikipedia/commons/thumb/3/3f/Fara_PV_maks2009.jpg/1280px-Fara_PV_maks2009.jpg?utm_source=commons.wikimedia.org&utm_campaign=imageinfo&utm_content=thumbnail,
BA_001352,File:Favipill 800 - Favipiravir Tablets 800 mg - Howrah 2023-05-15 9871.jpg,ok,balanced_authentic/BA_001352.jpg,7edaf9d8f2750c2ab368876ce29f0f6031dd65e661bbe5d395782d0b890ec062,783045,https://thumb.wikimedia.org/wikipedia/commons/thumb/a/a1/Favipill_800_-_Favipiravir_Tablets_800_mg_-_Howrah_2023-05-15_9871.jpg/1280px-Favipill_800_-_Favipiravir_Tablets_800_mg_-_Howrah_2023-05-15_9871.jpg?utm_source=commons.wikimedia.org&utm_campaign=imageinfo&utm_content=thumbnail,
BA_001353,File:Fcimb-11-689401-g001.jpg,ok,balanced_authentic/BA_001353.jpg,c7404b35da71a5d82fe4c3078b99f410b769b4f8eb400e1cce4fbaff629ea06e,215795,https://thumb.wikimedia.org/wikipedia/commons/thumb/8/8b/Fcimb-11-689401-g001.jpg/1280px-Fcimb-11-689401-g001.jpg?utm_source=commons.wikimedia.org&utm_campaign=imageinfo&utm_content=thumbnail,
BA_001356,File:Fenobarbital receta.jpg,ok,balanced_authentic/BA_001356.jpg,db3c71962a4d9572b3f2875aa79e44e45e3650a18fcf4edb85a03e69f08bc42b,183122,https://thumb.wikimedia.org/wikipedia/commons/thumb/a/ad/Fenobarbital_receta.jpg/1280px-Fenobarbital_receta.jpg?utm_source=commons.wikimedia.org&utm_campaign=imageinfo&utm_content=thumbnail,
BA_001357,File:Fenobarbital.jpg,ok,balanced_authentic/BA_001357.jpg,ff09f6e4a6e5045ed5c74ca985bd7f961edeb8debe59d783dd197c9475a2436c,61566,https://upload.wikimedia.org/wikipedia/commons/b/b8/Fenobarbital.jpg?utm_source=commons.wikimedia.org&utm_campaign=imageinfo&utm_content=thumbnail_unscaled,
BA_001367,File:Figure 1- Medicare Part D Beneficiary Visits Four Doctors to Obtain Oxycodone (6211353672).jpg,ok,balanced_authentic/BA_001367.jpg,0910f1b07528101ee0d70b6eec4939d87f96fd39e814157531befcb2625429af,117218,https://thumb.wikimedia.org/wikipedia/commons/thumb/0/0b/Figure_1-_Medicare_Part_D_Beneficiary_Visits_Four_Doctors_to_Obtain_Oxycodone_%286211353672%29.jpg/1280px-Figure_1-_Medicare_Part_D_Beneficiary_Visits_Four_Doctors_to_Obtain_Oxycodone_%286211353672%29.jpg?utm_source=commons.wikimedia.org&utm_campaign=imageinfo&utm_content=thumbnail,
BA_001368,File:Figure 4 TRPV6 transcellular pathway.png,ok,balanced_authentic/BA_001368.jpg,29a9b54d712e66cc81e34922d08ccec129b5a4560a034a9b9736ff346b659ce1,364551,https://thumb.wikimedia.org/wikipedia/commons/thumb/2/23/Figure_4_TRPV6_transcellular_pathway.png/1280px-Figure_4_TRPV6_transcellular_pathway.png?utm_source=commons.wikimedia.org&utm_campaign=imageinfo&utm_content=thumbnail,
BA_001369,File:Figure 42 02 11.jpg,fetch_failed,,,,https://upload.wikimedia.org/wikipedia/commons/7/7e/Figure_42_02_11.jpg?utm_source=commons.wikimedia.org&utm_campaign=imageinfo&utm_content=thumbnail_unscaled,
BA_001371,File:Fimmu-14-1145145-g001.jpg,ok,balanced_authentic/BA_001371.jpg,b1636c39c2f1dd5b563e1a79132dd7b4ccfafa5e90e84273533cc46b3f7500dc,175564,https://thumb.wikimedia.org/wikipedia/commons/thumb/d/df/Fimmu-14-1145145-g001.jpg/1280px-Fimmu-14-1145145-g001.jpg?utm_source=commons.wikimedia.org&utm_campaign=imageinfo&utm_content=thumbnail,
BA_001372,File:Fin de soporte de Flash Player.png,fetch_failed,,,,https://upload.wikimedia.org/wikipedia/commons/7/78/Fin_de_soporte_de_Flash_Player.png?utm_source=commons.wikimedia.org&utm_campaign=imageinfo&utm_content=thumbnail_unscaled,
BA_001383,File:Flickr - Israel Defense Forces - Expired Medicine Unloaded Off Gaza Flotillas (1).jpg,ok,balanced_authentic/BA_001383.jpg,60b23e9cbd2d5257ed08e912719685bd1413be34acc435b4b13c6865f472ec79,306948,https://thumb.wikimedia.org/wikipedia/commons/thumb/c/c3/Flickr_-_Israel_Defense_Forces_-_Expired_Medicine_Unloaded_Off_Gaza_Flotillas_%281%29.jpg/1280px-Flickr_-_Israel_Defense_Forces_-_Expired_Medicine_Unloaded_Off_Gaza_Flotillas_%281%29.jpg?utm_source=commons.wikimedia.org&utm_campaign=imageinfo&utm_content=thumbnail,
BA_001384,File:Flickr - Israel Defense Forces - Expired Medicine Unloaded Off Gaza Flotillas (2).jpg,ok,balanced_authentic/BA_001384.jpg,3cdc54879c782065513f64d667a08ee6adbefda91a378cbcb2d7dfdbacdf6454,204610,https://thumb.wikimedia.org/wikipedia/commons/thumb/c/c7/Flickr_-_Israel_Defense_Forces_-_Expired_Medicine_Unloaded_Off_Gaza_Flotillas_%282%29.jpg/1280px-Flickr_-_Israel_Defense_Forces_-_Expired_Medicine_Unloaded_Off_Gaza_Flotillas_%282%29.jpg?utm_source=commons.wikimedia.org&utm_campaign=imageinfo&utm_content=thumbnail,
BA_001386,File:Flickr - Israel Defense Forces - Expired Medicine Unloaded Off Gaza Flotillas (4).jpg,ok,balanced_authentic/BA_001386.jpg,e39bec6e78a6cc129cf1d1b0f75000aa4d9613f8c69eb5c879e20d16f2b0194c,312823,https://thumb.wikimedia.org/wikipedia/commons/thumb/f/f7/Flickr_-_Israel_Defense_Forces_-_Expired_Medicine_Unloaded_Off_Gaza_Flotillas_%284%29.jpg/1280px-Flickr_-_Israel_Defense_Forces_-_Expired_Medicine_Unloaded_Off_Gaza_Flotillas_%284%29.jpg?utm_source=commons.wikimedia.org&utm_campaign=imageinfo&utm_content=thumbnail,
BA_001395,File:Fluothane packaging 01.jpg,ok,balanced_authentic/BA_001395.jpg,66d875c188d84bf7858fb40659b532b30728d2d9c878fc771f0a2fb52711ade0,845057,https://thumb.wikimedia.org/wikipedia/commons/thumb/b/b5/Fluothane_packaging_01.jpg/1280px-Fluothane_packaging_01.jpg?utm_source=commons.wikimedia.org&utm_campaign=imageinfo&utm_content=thumbnail,
BA_001404,File:Forxiga dapagliflozin.jpg,ok,balanced_authentic/BA_001404.jpg,92cc9d18d0883eeef4279f0eb7d1d11864a15e0de5f833d6ade388e8e2d447de,177086,https://thumb.wikimedia.org/wikipedia/commons/thumb/d/d6/Forxiga_dapagliflozin.jpg/1280px-Forxiga_dapagliflozin.jpg?utm_source=commons.wikimedia.org&utm_campaign=imageinfo&utm_content=thumbnail,
BA_001427,File:GER — BY — München — Dokumentation Drei Impfungen gegen COVID-19 Anno 2021 Mattes.jpg,ok,balanced_authentic/BA_001427.jpg,2799178be689ccd791c3f64217f538993c3ba094f00679b76334072679d8b764,203104,https://thumb.wikimedia.org/wikipedia/commons/thumb/c/c4/GER_%E2%80%94_BY_%E2%80%94_M%C3%BCnchen_%E2%80%94_Dokumentation_Drei_Impfungen_gegen_COVID-19_Anno_2021_Mattes.jpg/1280px-GER_%E2%80%94_BY_%E2%80%94_M%C3%BCnchen_%E2%80%94_Dokumentation_Drei_Impfungen_gegen_COVID-19_Anno_2021_Mattes.jpg?utm_source=commons.wikimedia.org&utm_campaign=imageinfo&utm_content=thumbnail,
BA_001431,File:GT-Oxycodon-Sicherheitsblister.jpg,ok,balanced_authentic/BA_001431.jpg,09f6a57639d97d4a43c138fed9f7a2c4a415383e9b810c2b511b435829d9b310,375968,https://thumb.wikimedia.org/wikipedia/commons/thumb/4/4e/GT-Oxycodon-Sicherheitsblister.jpg/1280px-GT-Oxycodon-Sicherheitsblister.jpg?utm_source=commons.wikimedia.org&utm_campaign=imageinfo&utm_content=thumbnail,
BA_001438,File:Gardenal.JPG,ok,balanced_authentic/BA_001438.jpg,20f622161fe0f0bb82ed6eab60768f8612d8147b1894d04581e91d7fb380a330,188729,https://thumb.wikimedia.org/wikipedia/commons/thumb/3/37/Gardenal.JPG/1280px-Gardenal.JPG?utm_source=commons.wikimedia.org&utm_campaign=imageinfo&utm_content=thumbnail,
BA_001441,File:Gele koorts blad van het certificaat.jpg,ok,balanced_authentic/BA_001441.jpg,d534102797f6e49fb2503bd86260854d3dcc53924f90f3645705bf7771609ea3,91894,https://upload.wikimedia.org/wikipedia/commons/7/71/Gele_koorts_blad_van_het_certificaat.jpg?utm_source=commons.wikimedia.org&utm_campaign=imageinfo&utm_content=thumbnail_unscaled,
BA_001457,File:Gibbssofos.png,fetch_failed,,,,https://upload.wikimedia.org/wikipedia/commons/7/75/Gibbssofos.png?utm_source=commons.wikimedia.org&utm_campaign=imageinfo&utm_content=thumbnail_unscaled,
BA_001462,"File:Glass pharmacy jar for powdered quinine, Europe, 1601-1700 Wellcome L0057596.jpg",ok,balanced_authentic/BA_001462.jpg,b70075fe7006c50d5396c407ff9fc53f30669aa86193be5fcd75411b85e1acdb,424018,https://thumb.wikimedia.org/wikipedia/commons/thumb/7/75/Glass_pharmacy_jar_for_powdered_quinine%2C_Europe%2C_1601-1700_Wellcome_L0057596.jpg/1280px-Glass_pharmacy_jar_for_powdered_quinine%2C_Europe%2C_1601-1700_Wellcome_L0057596.jpg?utm_source=commons.wikimedia.org&utm_campaign=imageinfo&utm_content=thumbnail,
BA_001474,File:Gretaciano.jpg,ok,balanced_authentic/BA_001474.jpg,508a5f5dd59a4da3d553ce4ee148ce4da9bbf3e63ab211e00d5e7935e4d71c00,23279,https://upload.wikimedia.org/wikipedia/commons/f/f3/Gretaciano.jpg?utm_source=commons.wikimedia.org&utm_campaign=imageinfo&utm_content=thumbnail_unscaled,
BA_001475,"File:Gross pathology of small intestinal adenocarcinoma, luminal view.jpg",fetch_failed,,,,https://upload.wikimedia.org/wikipedia/commons/8/88/Gross_pathology_of_small_intestinal_adenocarcinoma%2C_luminal_view.jpg?utm_source=commons.wikimedia.org&utm_campaign=imageinfo&utm_content=thumbnail_unscaled,
BA_001485,File:HBsAg.jpg,fetch_failed,,,,https://upload.wikimedia.org/wikipedia/commons/6/63/HBsAg.jpg?utm_source=commons.wikimedia.org&utm_campaign=imageinfo&utm_content=thumbnail_unscaled,
BA_001486,File:HCV NS5B RdRP stalled 4WTG.png,fetch_failed,,,,https://upload.wikimedia.org/wikipedia/commons/5/59/HCV_NS5B_RdRP_stalled_4WTG.png?utm_source=commons.wikimedia.org&utm_campaign=imageinfo&utm_content=thumbnail_unscaled,
BA_001487,File:HIV Virus Particles - 53570039329.jpg,ok,balanced_authentic/BA_001487.jpg,0dcf6a3f7e7a5960da421724dfb9372ee9967b36fb82784d2dcd59abe8652744,367111,https://thumb.wikimedia.org/wikipedia/commons/thumb/5/5d/HIV_Virus_Particles_-_53570039329.jpg/1280px-HIV_Virus_Particles_-_53570039329.jpg?utm_source=commons.wikimedia.org&utm_campaign=imageinfo&utm_content=thumbnail,
BA_001490,File:HK 葵青區 Kwai Tsing MTR 青衣站 Tsing Yi Station stand up banners directory signs April 2022 Px3 01.jpg,ok,balanced_authentic/BA_001490.jpg,66b9fcd5117f024a33f60545ef0410c42fcc88a978e8d58ad24974121012a029,297296,https://thumb.wikimedia.org/wikipedia/commons/thumb/6/62/HK_%E8%91%B5%E9%9D%92%E5%8D%80_Kwai_Tsing_MTR_%E9%9D%92%E8%A1%A3%E7%AB%99_Tsing_Yi_Station_stand_up_banners_directory_signs_April_2022_Px3_01.jpg/1280px-HK_%E8%91%B5%E9%9D%92%E5%8D%80_Kwai_Tsing_MTR_%E9%9D%92%E8%A1%A3%E7%AB%99_Tsing_Yi_Station_stand_up_banners_directory_signs_April_2022_Px3_01.jpg?utm_source=commons.wikimedia.org&utm_campaign=imageinfo&utm_content=thumbnail,
BA_001491,File:HS-PPD (12627852323).jpg,ok,balanced_authentic/BA_001491.jpg,8f68e5ceb4f3bbca4994423ffb35c3dc5f3e65ab0f05bb3040c16348568a312c,167732,https://thumb.wikimedia.org/wikipedia/commons/thumb/c/cb/HS-PPD_%2812627852323%29.jpg/1280px-HS-PPD_%2812627852323%29.jpg?utm_source=commons.wikimedia.org&utm_campaign=imageinfo&utm_content=thumbnail,
BA_001492,File:HS-PPD (21411688723).jpg,ok,balanced_authentic/BA_001492.jpg,f61fab280b6d2007edc042fd679211378e79ae857e7c34fbb39feffc1da4ad4f,70496,https://thumb.wikimedia.org/wikipedia/commons/thumb/9/9e/HS-PPD_%2821411688723%29.jpg/1280px-HS-PPD_%2821411688723%29.jpg?utm_source=commons.wikimedia.org&utm_campaign=imageinfo&utm_content=thumbnail,
BA_001493,File:HS-PPD (8876680741).jpg,ok,balanced_authentic/BA_001493.jpg,b8bdf61d2c6ad0da075a5f31cc44fc51e8c9d8b0e29e902f1ac0201e689e529d,181334,https://thumb.wikimedia.org/wikipedia/commons/thumb/1/1f/HS-PPD_%288876680741%29.jpg/1280px-HS-PPD_%288876680741%29.jpg?utm_source=commons.wikimedia.org&utm_campaign=imageinfo&utm_content=thumbnail,
BA_001509,File:Hard Rock Laager 2019 - Metro Luminal.jpg,fetch_failed,,,,https://upload.wikimedia.org/wikipedia/commons/d/dd/Hard_Rock_Laager_2019_-_Metro_Luminal.jpg?utm_source=commons.wikimedia.org&utm_campaign=imageinfo&utm_content=thumbnail_unscaled,
BA_001513,File:Health Minister Zahid Maleque administering Vitamin A Plus capsule to child during campaign Dhaka Shishu Hospital 2019-06-22 (PID-0038147).jpg,ok,balanced_authentic/BA_001513.jpg,89ff6ffe7f334d10ec453291c06827dddd596f455cbef1108a6aaf9802e94d86,264500,https://thumb.wikimedia.org/wikipedia/commons/thumb/9/9b/Health_Minister_Zahid_Maleque_administering_Vitamin_A_Plus_capsule_to_child_during_campaign_Dhaka_Shishu_Hospital_2019-06-22_%28PID-0038147%29.jpg/1280px-Health_Minister_Zahid_Maleque_administering_Vitamin_A_Plus_capsule_to_child_during_campaign_Dhaka_Shishu_Hospital_2019-06-22_%28PID-0038147%29.jpg?utm_source=commons.wikimedia.org&utm_campaign=imageinfo&utm_content=thumbnail,
BA_001514,"File:Health and Family Welfare Minister Zahid Maleque receiving Remdesivir, 2020-05-21 (PID-0033428).jpg",ok,balanced_authentic/BA_001514.jpg,187897a284f4858be40722c3b5d483d39ff3650586beb9784a2b5f2308dd9f25,239048,https://thumb.wikimedia.org/wikipedia/commons/thumb/c/c3/Health_and_Family_Welfare_Minister_Zahid_Maleque_receiving_Remdesivir%2C_2020-05-21_%28PID-0033428%29.jpg/1280px-Health_and_Family_Welfare_Minister_Zahid_Maleque_receiving_Remdesivir%2C_2020-05-21_%28PID-0033428%29.jpg?utm_source=commons.wikimedia.org&utm_campaign=imageinfo&utm_content=thumbnail,
BA_001518,"File:Helicobacter pylori, Gastric Mucosa, Giemsa stain (390307643).jpg",fetch_failed,,,,https://upload.wikimedia.org/wikipedia/commons/0/0c/Helicobacter_pylori%2C_Gastric_Mucosa%2C_Giemsa_stain_%28390307643%29.jpg?utm_source=commons.wikimedia.org&utm_campaign=imageinfo&utm_content=thumbnail_unscaled,
BA_001519,"File:Helicobacter pylori, Gastric Mucosa, Giemsa stain.jpg",fetch_failed,,,,https://upload.wikimedia.org/wikipedia/commons/d/d3/Helicobacter_pylori%2C_Gastric_Mucosa%2C_Giemsa_stain.jpg?utm_source=commons.wikimedia.org&utm_campaign=imageinfo&utm_content=thumbnail_unscaled,
BA_001523,File:Hepatitis-B virions.jpg,ok,balanced_authentic/BA_001523.jpg,781e2b74184c6b2937097ae7c8ffda21b7169d24a59fb69883c0dc39689162a9,73076,https://upload.wikimedia.org/wikipedia/commons/1/12/Hepatitis-B_virions.jpg?utm_source=commons.wikimedia.org&utm_campaign=imageinfo&utm_content=thumbnail_unscaled,
BA_001524,File:Hepb3-of-one-year-old-children.png,ok,balanced_authentic/BA_001524.jpg,a926a7bc21cd3982788b23aeb37bb2f2cbe68355682ebee1b7844d15502670a0,267576,https://thumb.wikimedia.org/wikipedia/commons/thumb/0/0b/Hepb3-of-one-year-old-children.png/1280px-Hepb3-of-one-year-old-children.png?utm_source=commons.wikimedia.org&utm_campaign=imageinfo&utm_content=thumbnail,
BA_001526,File:Heroin paraphernalia.jpg,ok,balanced_authentic/BA_001526.jpg,e860d59450995ba93aadeb4d87223082e23d460fd54ffd7359bc9a77ae67b52b,275030,https://thumb.wikimedia.org/wikipedia/commons/thumb/7/7f/Heroin_paraphernalia.jpg/1280px-Heroin_paraphernalia.jpg?utm_source=commons.wikimedia.org&utm_campaign=imageinfo&utm_content=thumbnail,
BA_001530,File:Hi-Hat Jockey Club Face Powder - DPLA - ea64e7f95c7e917f7571bfd6a315cca3 (page 1).jpg,ok,balanced_authentic/BA_001530.jpg,679107c120a06111d605e23c4dd79e32cb1230fadbb0c5ebcf08a94e89fb7133,83844,https://thumb.wikimedia.org/wikipedia/commons/thumb/7/76/Hi-Hat_Jockey_Club_Face_Powder_-_DPLA_-_ea64e7f95c7e917f7571bfd6a315cca3_%28page_1%29.jpg/1280px-Hi-Hat_Jockey_Club_Face_Powder_-_DPLA_-_ea64e7f95c7e917f7571bfd6a315cca3_%28page_1%29.jpg?utm_source=commons.wikimedia.org&utm_campaign=imageinfo&utm_content=thumbnail,
BA_001531,File:Hi-Hat Jockey Club Face Powder - DPLA - ea64e7f95c7e917f7571bfd6a315cca3 (page 2).jpg,ok,balanced_authentic/BA_001531.jpg,f9268df169dfdcdce1647fdd93bd57ba0f9be47c89640370f4bbd4b6e90dcca5,80289,https://thumb.wikimedia.org/wikipedia/commons/thumb/9/9d/Hi-Hat_Jockey_Club_Face_Powder_-_DPLA_-_ea64e7f95c7e917f7571bfd6a315cca3_%28page_2%29.jpg/1280px-Hi-Hat_Jockey_Club_Face_Powder_-_DPLA_-_ea64e7f95c7e917f7571bfd6a315cca3_%28page_2%29.jpg?utm_source=commons.wikimedia.org&utm_campaign=imageinfo&utm_content=thumbnail,
BA_001532,File:Hi-Hat Jockey Club Face Powder - DPLA - ea64e7f95c7e917f7571bfd6a315cca3 (page 3).jpg,ok,balanced_authentic/BA_001532.jpg,0a0f0ae44b11ec993af068ebc2fd44b4bc6c93728ab9fb1936414f67cce88921,68179,https://thumb.wikimedia.org/wikipedia/commons/thumb/0/00/Hi-Hat_Jockey_Club_Face_Powder_-_DPLA_-_ea64e7f95c7e917f7571bfd6a315cca3_%28page_3%29.jpg/1280px-Hi-Hat_Jockey_Club_Face_Powder_-_DPLA_-_ea64e7f95c7e917f7571bfd6a315cca3_%28page_3%29.jpg?utm_source=commons.wikimedia.org&utm_campaign=imageinfo&utm_content=thumbnail,
BA_001533,File:Hib for infanrix hexa.jpg,ok,balanced_authentic/BA_001533.jpg,52c1e487e575dd3ff59b60e9122679839548f4f575798d76968b8b3a57baaf46,484621,https://upload.wikimedia.org/wikipedia/commons/3/35/Hib_for_infanrix_hexa.jpg?utm_source=commons.wikimedia.org&utm_campaign=imageinfo&utm_content=thumbnail_unscaled,
BA_001540,"File:Hobson's Tolu Balsam with Lobelia, Tartar Emetic and Chloroform - DPLA - ac4fe19167e97b5e97ddd51d06c9f2e6.jpg",ok,balanced_authentic/BA_001540.jpg,479e973712b2cdda98fceededeeaf5111170d3cfe8bdaae51e0d2a826bab4b56,171225,https://thumb.wikimedia.org/wikipedia/commons/thumb/e/ef/Hobson%27s_Tolu_Balsam_with_Lobelia%2C_Tartar_Emetic_and_Chloroform_-_DPLA_-_ac4fe19167e97b5e97ddd51d06c9f2e6.jpg/1280px-Hobson%27s_Tolu_Balsam_with_Lobelia%2C_Tartar_Emetic_and_Chloroform_-_DPLA_-_ac4fe19167e97b5e97ddd51d06c9f2e6.jpg?utm_source=commons.wikimedia.org&utm_campaign=imageinfo&utm_content=thumbnail,
BA_001558,"File:Hypodermic syringe set, for quinine injection, with Record s Wellcome L0057253.jpg",ok,balanced_authentic/BA_001558.jpg,6370af164b8b10e02e1bfb0cff10809cd913566ae335ae38c524f76551701201,340464,https://thumb.wikimedia.org/wikipedia/commons/thumb/4/4c/Hypodermic_syringe_set%2C_for_quinine_injection%2C_with_Record_s_Wellcome_L0057253.jpg/1280px-Hypodermic_syringe_set%2C_for_quinine_injection%2C_with_Record_s_Wellcome_L0057253.jpg?utm_source=commons.wikimedia.org&utm_campaign=imageinfo&utm_content=thumbnail,
BA_001559,"File:Hypodermic syringe set, for quinine injection, with Record s Wellcome L0057254.jpg",ok,balanced_authentic/BA_001559.jpg,da9a2fda9c54c016e7a0843d3d0e609439cbe58a05957440f2e5bc23cdc7a43b,211401,https://thumb.wikimedia.org/wikipedia/commons/thumb/5/52/Hypodermic_syringe_set%2C_for_quinine_injection%2C_with_Record_s_Wellcome_L0057254.jpg/1280px-Hypodermic_syringe_set%2C_for_quinine_injection%2C_with_Record_s_Wellcome_L0057254.jpg?utm_source=commons.wikimedia.org&utm_campaign=imageinfo&utm_content=thumbnail,
BA_001615,File:ICVP-CIVP.jpg,ok,balanced_authentic/BA_001615.jpg,994840435dc14c972b07b0fd94e15a7f028a912bc3ee10dda5df98e40e0e90eb,212428,https://upload.wikimedia.org/wikipedia/commons/e/e1/ICVP-CIVP.jpg?utm_source=commons.wikimedia.org&utm_campaign=imageinfo&utm_content=thumbnail_unscaled,
BA_001616,File:IMAG0466.jpg,ok,balanced_authentic/BA_001616.jpg,2ceb114c1df0f0bf6dac896e882ad698b7d15e69074cc0671f11198665568fde,319785,https://thumb.wikimedia.org/wikipedia/commons/thumb/2/2c/IMAG0466.jpg/1280px-IMAG0466.jpg?utm_source=commons.wikimedia.org&utm_campaign=imageinfo&utm_content=thumbnail,
BA_001618,File:IMG-20190917-WA000.jpg,fetch_failed,,,,https://upload.wikimedia.org/wikipedia/commons/1/13/IMG-20190917-WA000.jpg?utm_source=commons.wikimedia.org&utm_campaign=imageinfo&utm_content=thumbnail_unscaled,
BA_001625,File:Ibrutinib.jpg,ok,balanced_authentic/BA_001625.jpg,e46d02572dec93b7b7b721b1cd353b3d4355c9f29097828bff9c0f4ad88a1954,136858,https://thumb.wikimedia.org/wikipedia/commons/thumb/b/b5/Ibrutinib.jpg/1280px-Ibrutinib.jpg?utm_source=commons.wikimedia.org&utm_campaign=imageinfo&utm_content=thumbnail,
BA_001626,"File:Ibuprofen made in DE for the RU market in UA colours, May 2026 04.jpg",ok,balanced_authentic/BA_001626.jpg,53d586cae3d85a487bae6930635e20a7fc8471bf7626fa3614e5e11b0ad03249,202354,https://thumb.wikimedia.org/wikipedia/commons/thumb/d/d0/Ibuprofen_made_in_DE_for_the_RU_market_in_UA_colours%2C_May_2026_04.jpg/1280px-Ibuprofen_made_in_DE_for_the_RU_market_in_UA_colours%2C_May_2026_04.jpg?utm_source=commons.wikimedia.org&utm_campaign=imageinfo&utm_content=thumbnail,
BA_001639,File:Ilaç dolu sepet.jpg,ok,balanced_authentic/BA_001639.jpg,ecc67e9d118fae86ff7dc0b46d1ee23be4494d2c6f62cb1230236eb9cc14d3a2,1593765,https://thumb.wikimedia.org/wikipedia/commons/thumb/5/5f/Ila%C3%A7_dolu_sepet.jpg/1280px-Ila%C3%A7_dolu_sepet.jpg?utm_source=commons.wikimedia.org&utm_campaign=imageinfo&utm_content=thumbnail,
BA_001643,File:Immunization-hepb3-of-one-year-old-children.png,ok,balanced_authentic/BA_001643.jpg,811f01afb0694ca3bc512ed138532d085a12710ab9fcc0bc390968a9d956f8d0,330422,https://thumb.wikimedia.org/wikipedia/commons/thumb/0/03/Immunization-hepb3-of-one-year-old-children.png/1280px-Immunization-hepb3-of-one-year-old-children.png?utm_source=commons.wikimedia.org&utm_campaign=imageinfo&utm_content=thumbnail,
BA_001647,File:Immunotherapy + Durvalumab + Pembrolizumab + Ipilimumab + Atezolizumab mechanism of action.jpg,ok,balanced_authentic/BA_001647.jpg,3fd9fada9f1c38c43974cc50ba9240f2a960f1199bcbe68f2b9e344a38003921,110419,https://thumb.wikimedia.org/wikipedia/commons/thumb/2/24/Immunotherapy_%2B_Durvalumab_%2B_Pembrolizumab_%2B_Ipilimumab_%2B_Atezolizumab_mechanism_of_action.jpg/1280px-Immunotherapy_%2B_Durvalumab_%2B_Pembrolizumab_%2B_Ipilimumab_%2B_Atezolizumab_mechanism_of_action.jpg?utm_source=commons.wikimedia.org&utm_campaign=imageinfo&utm_content=thumbnail,
BA_001663,File:Infanrix Hexa vaccine.jpg,fetch_failed,,,,https://upload.wikimedia.org/wikipedia/commons/1/1c/Infanrix_Hexa_vaccine.jpg?utm_source=commons.wikimedia.org&utm_campaign=imageinfo&utm_content=thumbnail_unscaled,
BA_001664,File:Infanrix hexa (gsk).jpg,fetch_failed,,,,https://upload.wikimedia.org/wikipedia/commons/7/75/Infanrix_hexa_%28gsk%29.jpg?utm_source=commons.wikimedia.org&utm_campaign=imageinfo&utm_content=thumbnail_unscaled,
BA_001665,File:Infanrix hexa vaccine.jpg,ok,balanced_authentic/BA_001665.jpg,3384e3352055973ea88d17c3bce82c9a0031e18fc1bbce924c33259a4b3f4f3f,634698,https://thumb.wikimedia.org/wikipedia/commons/thumb/2/2a/Infanrix_hexa_vaccine.jpg/1280px-Infanrix_hexa_vaccine.jpg?utm_source=commons.wikimedia.org&utm_campaign=imageinfo&utm_content=thumbnail,
BA_001666,File:Infirmier en campagne de vaccination.jpg,fetch_failed,,,,https://upload.wikimedia.org/wikipedia/commons/5/56/Infirmier_en_campagne_de_vaccination.jpg?utm_source=commons.wikimedia.org&utm_campaign=imageinfo&utm_content=thumbnail_unscaled,
BA_001676,File:Inicio de la vacunación contra la COVID-19 en Costa Rica usando la dosis de AstraZeneca 02.jpg,ok,balanced_authentic/BA_001676.jpg,3bb53fcb778183b9d76afec3ca31959c3612d7512b71d01fd229c1a63f60cc9a,117378,https://thumb.wikimedia.org/wikipedia/commons/thumb/f/fd/Inicio_de_la_vacunaci%C3%B3n_contra_la_COVID-19_en_Costa_Rica_usando_la_dosis_de_AstraZeneca_02.jpg/1280px-Inicio_de_la_vacunaci%C3%B3n_contra_la_COVID-19_en_Costa_Rica_usando_la_dosis_de_AstraZeneca_02.jpg?utm_source=commons.wikimedia.org&utm_campaign=imageinfo&utm_content=thumbnail,
BA_001677,File:Inicio de la vacunación contra la COVID-19 en Costa Rica usando la dosis de AstraZeneca 03.jpg,ok,balanced_authentic/BA_001677.jpg,fa3ad9b1774e8a842a4f13190c5f394ac6794521bcfd13b7fc89bff8371e5d41,224056,https://thumb.wikimedia.org/wikipedia/commons/thumb/9/9e/Inicio_de_la_vacunaci%C3%B3n_contra_la_COVID-19_en_Costa_Rica_usando_la_dosis_de_AstraZeneca_03.jpg/1280px-Inicio_de_la_vacunaci%C3%B3n_contra_la_COVID-19_en_Costa_Rica_usando_la_dosis_de_AstraZeneca_03.jpg?utm_source=commons.wikimedia.org&utm_campaign=imageinfo&utm_content=thumbnail,
BA_001678,File:Inicio de la vacunación contra la COVID-19 en Costa Rica usando la dosis de AstraZeneca 04.jpg,ok,balanced_authentic/BA_001678.jpg,9c8768936dac61924fea8f9a199abd34b4f19a1a0b47f5f6373722f6d2c601cf,235089,https://thumb.wikimedia.org/wikipedia/commons/thumb/5/58/Inicio_de_la_vacunaci%C3%B3n_contra_la_COVID-19_en_Costa_Rica_usando_la_dosis_de_AstraZeneca_04.jpg/1280px-Inicio_de_la_vacunaci%C3%B3n_contra_la_COVID-19_en_Costa_Rica_usando_la_dosis_de_AstraZeneca_04.jpg?utm_source=commons.wikimedia.org&utm_campaign=imageinfo&utm_content=thumbnail,
BA_001679,File:Inicio de la vacunación contra la COVID-19 en Costa Rica usando la dosis de AstraZeneca 05.jpg,ok,balanced_authentic/BA_001679.jpg,af1628a0d196fdcadc1ed236c9400786c10794e39e9b7ead2221dc3ca325da32,231920,https://thumb.wikimedia.org/wikipedia/commons/thumb/6/67/Inicio_de_la_vacunaci%C3%B3n_contra_la_COVID-19_en_Costa_Rica_usando_la_dosis_de_AstraZeneca_05.jpg/1280px-Inicio_de_la_vacunaci%C3%B3n_contra_la_COVID-19_en_Costa_Rica_usando_la_dosis_de_AstraZeneca_05.jpg?utm_source=commons.wikimedia.org&utm_campaign=imageinfo&utm_content=thumbnail,
BA_001683,File:Integrated PV rooftop Alphen aan den Rijn Netherlands.jpg,ok,balanced_authentic/BA_001683.jpg,38eb69666a0e2084c1857cf154a490b75627dd61fb44ce9cc3d6d36d283955c3,344522,https://thumb.wikimedia.org/wikipedia/commons/thumb/4/48/Integrated_PV_rooftop_Alphen_aan_den_Rijn_Netherlands.jpg/1280px-Integrated_PV_rooftop_Alphen_aan_den_Rijn_Netherlands.jpg?utm_source=commons.wikimedia.org&utm_campaign=imageinfo&utm_content=thumbnail,
BA_001686,"File:Interior of quinine extraction factory, Mangpoo. Wellcome M0001619.jpg",ok,balanced_authentic/BA_001686.jpg,0613aa10665d2c51e2bb9db6f0224c349969f060c8a460bf681861f66fb42efa,352709,https://thumb.wikimedia.org/wikipedia/commons/thumb/5/56/Interior_of_quinine_extraction_factory%2C_Mangpoo._Wellcome_M0001619.jpg/1280px-Interior_of_quinine_extraction_factory%2C_Mangpoo._Wellcome_M0001619.jpg?utm_source=commons.wikimedia.org&utm_campaign=imageinfo&utm_content=thumbnail,
BA_001689,File:International Certificate of Vaccination or Prophylaxis (Netherlands) - proof of vaccination against COVID-19.png,ok,balanced_authentic/BA_001689.jpg,5f03a62c212ae3f871d2bc4f8536915c9397e30aad5bbb5d22ff6debb63050f9,1055001,https://thumb.wikimedia.org/wikipedia/commons/thumb/1/17/International_Certificate_of_Vaccination_or_Prophylaxis_%28Netherlands%29_-_proof_of_vaccination_against_COVID-19.png/1280px-International_Certificate_of_Vaccination_or_Prophylaxis_%28Netherlands%29_-_proof_of_vaccination_against_COVID-19.png?utm_source=commons.wikimedia.org&utm_campaign=imageinfo&utm_content=thumbnail,
BA_001690,"File:International vaccination certificate for Yellow fever, NL 2007.jpg",ok,balanced_authentic/BA_001690.jpg,775b0f281a11d9ff1fcfe7532f8e646d0855757e56cfeec0a2c710226425750e,40470,https://thumb.wikimedia.org/wikipedia/commons/thumb/6/6c/International_vaccination_certificate_for_Yellow_fever%2C_NL_2007.jpg/500px-International_vaccination_certificate_for_Yellow_fever%2C_NL_2007.jpg?utm_source=commons.wikimedia.org&utm_campaign=imageinfo&utm_content=thumbnail,
BA_001694,File:Intraveineuse et bracelet.jpg,fetch_failed,,,,https://upload.wikimedia.org/wikipedia/commons/6/6e/Intraveineuse_et_bracelet.jpg?utm_source=commons.wikimedia.org&utm_campaign=imageinfo&utm_content=thumbnail_unscaled,
BA_001704,File:Ipswich trolleybus PV 8270 at East Anglia Transport Musuem.jpg,ok,balanced_authentic/BA_001704.jpg,d0f0af059f1d3a85a0195d06988576ba3f5f3dc97072cc811be9d86a368c58cf,352331,https://thumb.wikimedia.org/wikipedia/commons/thumb/2/2a/Ipswich_trolleybus_PV_8270_at_East_Anglia_Transport_Musuem.jpg/1280px-Ipswich_trolleybus_PV_8270_at_East_Anglia_Transport_Musuem.jpg?utm_source=commons.wikimedia.org&utm_campaign=imageinfo&utm_content=thumbnail,
BA_001708,File:Isolyte 500 ml.jpg,ok,balanced_authentic/BA_001708.jpg,395efd64431ea47b4e2f81cd41e1f6a96d43041a02786d88684a60bfc8e193fe,470992,https://thumb.wikimedia.org/wikipedia/commons/thumb/0/01/Isolyte_500_ml.jpg/1280px-Isolyte_500_ml.jpg?utm_source=commons.wikimedia.org&utm_campaign=imageinfo&utm_content=thumbnail,
BA_001719,File:JA Connexion PPD 529.jpg,ok,balanced_authentic/BA_001719.jpg,52dc6fb1be5628262a1d6aad6575bdb971985f033a7d34ce6d5e3bd0b47271c4,318882,https://thumb.wikimedia.org/wikipedia/commons/thumb/8/81/JA_Connexion_PPD_529.jpg/1280px-JA_Connexion_PPD_529.jpg?utm_source=commons.wikimedia.org&utm_campaign=imageinfo&utm_content=thumbnail,
BA_001723,File:JS Shirataka (PG-829) 01.jpg,ok,balanced_authentic/BA_001723.jpg,b6368a3ed9d70c5d03b00d7e5d0c3540ff0d646620f0dc05e336c4ac81849e20,231549,https://thumb.wikimedia.org/wikipedia/commons/thumb/5/51/JS_Shirataka_%28PG-829%29_01.jpg/1280px-JS_Shirataka_%28PG-829%29_01.jpg?utm_source=commons.wikimedia.org&utm_campaign=imageinfo&utm_content=thumbnail,
BA_001724,File:JS Shirataka (PG-829) 04.jpg,fetch_failed,,,,https://upload.wikimedia.org/wikipedia/commons/b/b3/JS_Shirataka_%28PG-829%29_04.jpg?utm_source=commons.wikimedia.org&utm_campaign=imageinfo&utm_content=thumbnail_unscaled,
BA_001728,"File:Jack & Meg, The White Stripes (Meg crop).jpg",ok,balanced_authentic/BA_001728.jpg,d1c40be30b8f060700a043c983c2bf6cfca452d7f2887370092c58c49233ede5,320198,https://thumb.wikimedia.org/wikipedia/commons/thumb/2/29/Jack_%26_Meg%2C_The_White_Stripes_%28Meg_crop%29.jpg/1280px-Jack_%26_Meg%2C_The_White_Stripes_%28Meg_crop%29.jpg?utm_source=commons.wikimedia.org&utm_campaign=imageinfo&utm_content=thumbnail,
BA_001731,File:Januvia sitagliptin.jpg,ok,balanced_authentic/BA_001731.jpg,d5f97e297d51547532cc4a7f5e64547c478f3f83b087236b1b5fad735645404b,180919,https://thumb.wikimedia.org/wikipedia/commons/thumb/f/fa/Januvia_sitagliptin.jpg/1280px-Januvia_sitagliptin.jpg?utm_source=commons.wikimedia.org&utm_campaign=imageinfo&utm_content=thumbnail,
BA_001734,"File:Japanese female scientist wearing plastic gloves holding syringe and vial, researching a coronavirus vaccine (50739007612).jpg",ok,balanced_authentic/BA_001734.jpg,91b64bd3094345557fe2cb24d3dab66d465d4da3ea64d5a70dfa8abb85fa30a5,96587,https://thumb.wikimedia.org/wikipedia/commons/thumb/c/cf/Japanese_female_scientist_wearing_plastic_gloves_holding_syringe_and_vial%2C_researching_a_coronavirus_vaccine_%2850739007612%29.jpg/1280px-Japanese_female_scientist_wearing_plastic_gloves_holding_syringe_and_vial%2C_researching_a_coronavirus_vaccine_%2850739007612%29.jpg?utm_source=commons.wikimedia.org&utm_campaign=imageinfo&utm_content=thumbnail,
BA_001738,"File:Jardiance 10mg box, angle view.jpg",ok,balanced_authentic/BA_001738.jpg,76acb615828a4643937a9f3eba1fdafae2a958438317e17ef8c94ed631227281,298418,https://thumb.wikimedia.org/wikipedia/commons/thumb/9/9e/Jardiance_10mg_box%2C_angle_view.jpg/1280px-Jardiance_10mg_box%2C_angle_view.jpg?utm_source=commons.wikimedia.org&utm_campaign=imageinfo&utm_content=thumbnail,
BA_001739,"File:Jardiance 10mg box, front view.jpg",ok,balanced_authentic/BA_001739.jpg,438d619ec507881ac73ce9a7cfca132b6a50a711576bdb4d991c057137e73427,287914,https://thumb.wikimedia.org/wikipedia/commons/thumb/5/5b/Jardiance_10mg_box%2C_front_view.jpg/1280px-Jardiance_10mg_box%2C_front_view.jpg?utm_source=commons.wikimedia.org&utm_campaign=imageinfo&utm_content=thumbnail,
BA_001741,File:Jext300-Autoinjektor+Box.jpg,ok,balanced_authentic/BA_001741.jpg,2ef0e627a1819f01a99d98b9947cce92867793cb08aadfd50a661e562897c9d9,172184,https://thumb.wikimedia.org/wikipedia/commons/thumb/1/14/Jext300-Autoinjektor%2BBox.jpg/1280px-Jext300-Autoinjektor%2BBox.jpg?utm_source=commons.wikimedia.org&utm_campaign=imageinfo&utm_content=thumbnail,
BA_001748,File:John Parker.jpg,fetch_failed,,,,https://upload.wikimedia.org/wikipedia/commons/7/7a/John_Parker.jpg?utm_source=commons.wikimedia.org&utm_campaign=imageinfo&utm_content=thumbnail_unscaled,
BA_001749,"File:Journal of ophthalmology, otology and laryngology (1913) (14765663901).jpg",ok,balanced_authentic/BA_001749.jpg,d748b955776592b5a60aa9be15ccf520109f4d3d01bb0c630e1c58510855c043,288695,https://thumb.wikimedia.org/wikipedia/commons/thumb/a/af/Journal_of_ophthalmology%2C_otology_and_laryngology_%281913%29_%2814765663901%29.jpg/1280px-Journal_of_ophthalmology%2C_otology_and_laryngology_%281913%29_%2814765663901%29.jpg?utm_source=commons.wikimedia.org&utm_campaign=imageinfo&utm_content=thumbnail,
BA_001779,File:Keppra 100 mg-ml.jpg,ok,balanced_authentic/BA_001779.jpg,af69b20501af477444745884988eac42aee07fe6cf89a3427321ade338e812a7,382234,https://thumb.wikimedia.org/wikipedia/commons/thumb/e/e3/Keppra_100_mg-ml.jpg/1280px-Keppra_100_mg-ml.jpg?utm_source=commons.wikimedia.org&utm_campaign=imageinfo&utm_content=thumbnail,
BA_001780,File:Keppra 500 mg tbl.jpg,ok,balanced_authentic/BA_001780.jpg,d17efc06e8a326abc6b17893e57294b9d6bdc6fd1ed13e17c3c545a7b91b03ec,211715,https://thumb.wikimedia.org/wikipedia/commons/thumb/8/8f/Keppra_500_mg_tbl.jpg/1280px-Keppra_500_mg_tbl.jpg?utm_source=commons.wikimedia.org&utm_campaign=imageinfo&utm_content=thumbnail,
BA_001797,File:Kravchenko 1902.jpg,fetch_failed,,,,https://upload.wikimedia.org/wikipedia/commons/b/ba/Kravchenko_1902.jpg?utm_source=commons.wikimedia.org&utm_campaign=imageinfo&utm_content=thumbnail_unscaled,
BA_001798,File:Kravchenko 1903.jpg,ok,balanced_authentic/BA_001798.jpg,2cf9c8100ea5d2b667ab2ad7c0ebbd7ae2844b80335bd57c5613050594f46847,612671,https://thumb.wikimedia.org/wikipedia/commons/thumb/b/b2/Kravchenko_1903.jpg/1280px-Kravchenko_1903.jpg?utm_source=commons.wikimedia.org&utm_campaign=imageinfo&utm_content=thumbnail,
BA_001800,File:Kravchenko 1910.jpg,fetch_failed,,,,https://upload.wikimedia.org/wikipedia/commons/8/83/Kravchenko_1910.jpg?utm_source=commons.wikimedia.org&utm_campaign=imageinfo&utm_content=thumbnail_unscaled,
BA_001803,File:LABEL; Orange Quinine Wine. Prepared accord Wellcome L0031626.jpg,ok,balanced_authentic/BA_001803.jpg,6653b5ebd24b7727771abcfb74586c2beb433ef860e31aa7ffd4fc8cf6381d87,868998,https://thumb.wikimedia.org/wikipedia/commons/thumb/3/36/LABEL%3B_Orange_Quinine_Wine._Prepared_accord_Wellcome_L0031626.jpg/1280px-LABEL%3B_Orange_Quinine_Wine._Prepared_accord_Wellcome_L0031626.jpg?utm_source=commons.wikimedia.org&utm_campaign=imageinfo&utm_content=thumbnail,
BA_001808,File:LOVION Chocolate with Ginseng Carton back (55077022979).jpg,ok,balanced_authentic/BA_001808.jpg,bb6165ce2d89647ae3286faeac62177539c062848b4a0cb7755e65f6509ff8cc,1159102,https://thumb.wikimedia.org/wikipedia/commons/thumb/c/c2/LOVION_Chocolate_with_Ginseng_Carton_back_%2855077022979%29.jpg/1280px-LOVION_Chocolate_with_Ginseng_Carton_back_%2855077022979%29.jpg?utm_source=commons.wikimedia.org&utm_campaign=imageinfo&utm_content=thumbnail,
BA_001809,File:LOVION Chocolate with Ginseng Carton front (55077023024).jpg,ok,balanced_authentic/BA_001809.jpg,3f4fb6818a0092a3fac9d71d7a81d1dfc1b24bfcce5f5e0388ecffba7388d303,435082,https://thumb.wikimedia.org/wikipedia/commons/thumb/1/11/LOVION_Chocolate_with_Ginseng_Carton_front_%2855077023024%29.jpg/1280px-LOVION_Chocolate_with_Ginseng_Carton_front_%2855077023024%29.jpg?utm_source=commons.wikimedia.org&utm_campaign=imageinfo&utm_content=thumbnail,
BA_001813,"File:Laboratory chemist tests purity of gelatin used for such vitamin capsules, WWII (22573376628).jpg",ok,balanced_authentic/BA_001813.jpg,3c5f893804b2cb051e20fc2e6715ab1d657660fff8a721ab3d2b52c82e2828ae,269942,https://thumb.wikimedia.org/wikipedia/commons/thumb/3/35/Laboratory_chemist_tests_purity_of_gelatin_used_for_such_vitamin_capsules%2C_WWII_%2822573376628%29.jpg/1280px-Laboratory_chemist_tests_purity_of_gelatin_used_for_such_vitamin_capsules%2C_WWII_%2822573376628%29.jpg?utm_source=commons.wikimedia.org&utm_campaign=imageinfo&utm_content=thumbnail,
BA_001831,"File:Layers of glycerine, propylene glycol, ethylene glycol and water.jpg",ok,balanced_authentic/BA_001831.jpg,c32c6b8a3317aa17c2bd6b851390c8a379eb960a0281ebbe9a1fc013917adc47,330565,https://thumb.wikimedia.org/wikipedia/commons/thumb/7/78/Layers_of_glycerine%2C_propylene_glycol%2C_ethylene_glycol_and_water.jpg/1280px-Layers_of_glycerine%2C_propylene_glycol%2C_ethylene_glycol_and_water.jpg?utm_source=commons.wikimedia.org&utm_campaign=imageinfo&utm_content=thumbnail,
BA_001836,File:Leo-Pillen.jpg,fetch_failed,,,,https://upload.wikimedia.org/wikipedia/commons/0/00/Leo-Pillen.jpg?utm_source=commons.wikimedia.org&utm_campaign=imageinfo&utm_content=thumbnail_unscaled,
BA_001855,File:Lexotan.jpg,ok,balanced_authentic/BA_001855.jpg,01532b3385ec2800cc6a6387b8a4a8c970ef0d8f9c22237a205182a6a7dd7a35,212044,https://thumb.wikimedia.org/wikipedia/commons/thumb/1/1a/Lexotan.jpg/1280px-Lexotan.jpg?utm_source=commons.wikimedia.org&utm_campaign=imageinfo&utm_content=thumbnail,
BA_001859,File:Liquigen.jpg,ok,balanced_authentic/BA_001859.jpg,bd280acdbb13dced33710e055ab06625573da6646b6f9dbcd17dee022b3e1199,308852,https://thumb.wikimedia.org/wikipedia/commons/thumb/9/95/Liquigen.jpg/1280px-Liquigen.jpg?utm_source=commons.wikimedia.org&utm_campaign=imageinfo&utm_content=thumbnail,
BA_001865,File:Lockheed PV-1 Ventura BuAer 3 side view.jpg,ok,balanced_authentic/BA_001865.jpg,41c05b9ade9149c517ec19dacedf5059e1cb0a13161531b1c981d1f5dcd0b463,167976,https://thumb.wikimedia.org/wikipedia/commons/thumb/2/25/Lockheed_PV-1_Ventura_BuAer_3_side_view.jpg/1280px-Lockheed_PV-1_Ventura_BuAer_3_side_view.jpg?utm_source=commons.wikimedia.org&utm_campaign=imageinfo&utm_content=thumbnail,
BA_001866,"File:Lockheed PV-1 Ventura in flight, circa in late 1943 (NH 94917).jpg",ok,balanced_authentic/BA_001866.jpg,a92b879963fb7cb4a55858e71abac6f999bda93c302e8b9712f499c59c0b7528,202722,https://thumb.wikimedia.org/wikipedia/commons/thumb/8/86/Lockheed_PV-1_Ventura_in_flight%2C_circa_in_late_1943_%28NH_94917%29.jpg/1280px-Lockheed_PV-1_Ventura_in_flight%2C_circa_in_late_1943_%28NH_94917%29.jpg?utm_source=commons.wikimedia.org&utm_campaign=imageinfo&utm_content=thumbnail,
BA_001867,File:Lockheed PV-16.jpg,fetch_failed,,,,https://upload.wikimedia.org/wikipedia/commons/a/a7/Lockheed_PV-16.jpg?utm_source=commons.wikimedia.org&utm_campaign=imageinfo&utm_content=thumbnail_unscaled,
BA_001868,File:Lockheed PV-2 Harpoon 3 view drawing.jpg,ok,balanced_authentic/BA_001868.jpg,1ae62f1be90ddde1825cf119a6d0e56f8a480d0aa18a7a774f81d5402a1cef85,89964,https://thumb.wikimedia.org/wikipedia/commons/thumb/6/66/Lockheed_PV-2_Harpoon_3_view_drawing.jpg/1280px-Lockheed_PV-2_Harpoon_3_view_drawing.jpg?utm_source=commons.wikimedia.org&utm_campaign=imageinfo&utm_content=thumbnail,
BA_001869,File:Lockheed PV-2 Harpoon in flight c1944.jpg,ok,balanced_authentic/BA_001869.jpg,1a26dd8ee9e2bdbcee265a0f6e9e36b301a92b8a64dc2fbf2757c4c5854d05e4,73674,https://thumb.wikimedia.org/wikipedia/commons/thumb/5/56/Lockheed_PV-2_Harpoon_in_flight_c1944.jpg/1280px-Lockheed_PV-2_Harpoon_in_flight_c1944.jpg?utm_source=commons.wikimedia.org&utm_campaign=imageinfo&utm_content=thumbnail,
BA_001870,File:Lockheed PV-2 NMNA.jpg,fetch_failed,,,,https://upload.wikimedia.org/wikipedia/commons/6/68/Lockheed_PV-2_NMNA.jpg?utm_source=commons.wikimedia.org&utm_campaign=imageinfo&utm_content=thumbnail_unscaled,
BA_001871,File:Lockheed PV-2s VP-136 Whidbey Island 1947.jpg,fetch_failed,,,,https://upload.wikimedia.org/wikipedia/commons/9/96/Lockheed_PV-2s_VP-136_Whidbey_Island_1947.jpg?utm_source=commons.wikimedia.org&utm_campaign=imageinfo&utm_content=thumbnail_unscaled,
BA_001873,File:Lok 19 PV Villablino.jpg,ok,balanced_authentic/BA_001873.jpg,fbc27a676a6c0179f6ff43fe0138c6a6235279185426bb8011a77d0558e1707a,420698,https://thumb.wikimedia.org/wikipedia/commons/thumb/7/76/Lok_19_PV_Villablino.jpg/1280px-Lok_19_PV_Villablino.jpg?utm_source=commons.wikimedia.org&utm_campaign=imageinfo&utm_content=thumbnail,
BA_001874,File:Lok 19 PV rangiert IMG 0706.jpg,ok,balanced_authentic/BA_001874.jpg,a063a2084e44644fb64ca2388938614e46046f807987c4d8288194f9fb1620a1,369982,https://thumb.wikimedia.org/wikipedia/commons/thumb/b/b5/Lok_19_PV_rangiert_IMG_0706.jpg/1280px-Lok_19_PV_rangiert_IMG_0706.jpg?utm_source=commons.wikimedia.org&utm_campaign=imageinfo&utm_content=thumbnail,
BA_001892,File:Loxapine.jpg,ok,balanced_authentic/BA_001892.jpg,17d2cdce3bf6d5786e9bbec8277265c97d0bf0e98012a200e688293930feda0b,267473,https://thumb.wikimedia.org/wikipedia/commons/thumb/c/ce/Loxapine.jpg/1280px-Loxapine.jpg?utm_source=commons.wikimedia.org&utm_campaign=imageinfo&utm_content=thumbnail,
BA_001918,File:M-Azipropofol.png,fetch_failed,,,,https://upload.wikimedia.org/wikipedia/commons/4/4b/M-Azipropofol.png?utm_source=commons.wikimedia.org&utm_campaign=imageinfo&utm_content=thumbnail_unscaled,
BA_001919,File:M30dudd.jpg,fetch_failed,,,,https://upload.wikimedia.org/wikipedia/commons/9/9b/M30dudd.jpg?utm_source=commons.wikimedia.org&utm_campaign=imageinfo&utm_content=thumbnail_unscaled,
BA_001940,File:Maaloxx New package.JPG,ok,balanced_authentic/BA_001940.jpg,3b7af0a95cdd72a4eaecf42bc1517758a4e9b820d8fbcf9b798bc4bbf26fefcb,513779,https://thumb.wikimedia.org/wikipedia/commons/thumb/f/f7/Maaloxx_New_package.JPG/1280px-Maaloxx_New_package.JPG?utm_source=commons.wikimedia.org&utm_campaign=imageinfo&utm_content=thumbnail,
BA_001941,File:Maaloxx Old Package.JPG,ok,balanced_authentic/BA_001941.jpg,9514d0e627f7241edd2f0f5a92eb0965aa413fd5d038c79c1c919b7c39a36866,564318,https://thumb.wikimedia.org/wikipedia/commons/thumb/2/26/Maaloxx_Old_Package.JPG/1280px-Maaloxx_Old_Package.JPG?utm_source=commons.wikimedia.org&utm_campaign=imageinfo&utm_content=thumbnail,
BA_001950,File:Manns' superior seeds (16389172592).jpg,fetch_failed,,,,https://upload.wikimedia.org/wikipedia/commons/0/00/Manns%27_superior_seeds_%2816389172592%29.jpg?utm_source=commons.wikimedia.org&utm_campaign=imageinfo&utm_content=thumbnail_unscaled,
BA_001960,File:Markovich.jpg,fetch_failed,,,,https://upload.wikimedia.org/wikipedia/commons/1/15/Markovich.jpg?utm_source=commons.wikimedia.org&utm_campaign=imageinfo&utm_content=thumbnail_unscaled,
BA_001967,File:Maulide quinine part 2.jpg,fetch_failed,,,,https://upload.wikimedia.org/wikipedia/commons/0/0d/Maulide_quinine_part_2.jpg?utm_source=commons.wikimedia.org&utm_campaign=imageinfo&utm_content=thumbnail_unscaled,
BA_001969,File:Maupas ter.JPG,fetch_failed,,,,https://upload.wikimedia.org/wikipedia/commons/a/ac/Maupas_ter.JPG?utm_source=commons.wikimedia.org&utm_campaign=imageinfo&utm_content=thumbnail_unscaled,
BA_001979,File:Mechanism of Action of Semaglutide.png,fetch_failed,,,,https://upload.wikimedia.org/wikipedia/commons/3/34/Mechanism_of_Action_of_Semaglutide.png?utm_source=commons.wikimedia.org&utm_campaign=imageinfo&utm_content=thumbnail_unscaled,
BA_001991,File:Medicatie.Anesthetica.propofol.jpg,fetch_failed,,,,https://upload.wikimedia.org/wikipedia/commons/8/8c/Medicatie.Anesthetica.propofol.jpg?utm_source=commons.wikimedia.org&utm_campaign=imageinfo&utm_content=thumbnail_unscaled,
BA_002011,File:Medicines for nutrition (13920566665).jpg,ok,balanced_authentic/BA_002011.jpg,0e2f2ac83c422c8eadc04161a898260bf18c632801852b756f129cc14e35edc8,80616,https://thumb.wikimedia.org/wikipedia/commons/thumb/2/23/Medicines_for_nutrition_%2813920566665%29.jpg/1280px-Medicines_for_nutrition_%2813920566665%29.jpg?utm_source=commons.wikimedia.org&utm_campaign=imageinfo&utm_content=thumbnail,
BA_002021,File:Meg Bellinger of Yale A - Stierch.jpg,ok,balanced_authentic/BA_002021.jpg,7dbc00adc20473c2c32069a884369f11c8325c4d77bb405e3314b64748d743e3,418768,https://thumb.wikimedia.org/wikipedia/commons/thumb/f/f3/Meg_Bellinger_of_Yale_A_-_Stierch.jpg/1280px-Meg_Bellinger_of_Yale_A_-_Stierch.jpg?utm_source=commons.wikimedia.org&utm_campaign=imageinfo&utm_content=thumbnail,
BA_002023,File:Meg Donnelly in 2018.jpg,ok,balanced_authentic/BA_002023.jpg,974305a72f55b1de0befe6a10a63a225a5d7de48fa1972e4cff89e08889ea3bc,114097,https://upload.wikimedia.org/wikipedia/commons/3/37/Meg_Donnelly_in_2018.jpg?utm_source=commons.wikimedia.org&utm_campaign=imageinfo&utm_content=thumbnail_unscaled,
BA_002026,File:Meg Hillier.jpg,ok,balanced_authentic/BA_002026.jpg,e361a00e71dc76f3780a8dc676d4099b6416c58f8738778402396f1a8884cfd6,291828,https://upload.wikimedia.org/wikipedia/commons/1/1d/Meg_Hillier.jpg?utm_source=commons.wikimedia.org&utm_campaign=imageinfo&utm_content=thumbnail_unscaled,
BA_002027,File:Meg Mac.png,ok,balanced_authentic/BA_002027.jpg,dc353c93f009f72ab1c7712b8509c0a929f745afe347963341622000adc76ba2,2138075,https://thumb.wikimedia.org/wikipedia/commons/thumb/8/82/Meg_Mac.png/1280px-Meg_Mac.png?utm_source=commons.wikimedia.org&utm_campaign=imageinfo&utm_content=thumbnail,
BA_002028,File:Meg Medina (11591).jpg,ok,balanced_authentic/BA_002028.jpg,b32cf866b1d2bd85a1eb3ead2cffc8408457280dbf309033d59761b43304fc5e,193438,https://thumb.wikimedia.org/wikipedia/commons/thumb/4/4b/Meg_Medina_%2811591%29.jpg/1280px-Meg_Medina_%2811591%29.jpg?utm_source=commons.wikimedia.org&utm_campaign=imageinfo&utm_content=thumbnail,
BA_002029,File:Meg Meyers - 15318857471.jpg,ok,balanced_authentic/BA_002029.jpg,442d20f410775e4c6ac3206895928c88a57c3d8c61d39eac472b007c2b3e2d72,297081,https://thumb.wikimedia.org/wikipedia/commons/thumb/9/92/Meg_Meyers_-_15318857471.jpg/1280px-Meg_Meyers_-_15318857471.jpg?utm_source=commons.wikimedia.org&utm_campaign=imageinfo&utm_content=thumbnail,
BA_002030,File:Meg Meyers.jpg,ok,balanced_authentic/BA_002030.jpg,af2af1f0c6099f400bccd5a72b08dce8d5e396715988778c210c216b25e1d394,297740,https://thumb.wikimedia.org/wikipedia/commons/thumb/6/6b/Meg_Meyers.jpg/1280px-Meg_Meyers.jpg?utm_source=commons.wikimedia.org&utm_campaign=imageinfo&utm_content=thumbnail,
BA_002031,File:Meg Mundy 1955.JPG,fetch_failed,,,,https://upload.wikimedia.org/wikipedia/commons/d/d9/Meg_Mundy_1955.JPG?utm_source=commons.wikimedia.org&utm_campaign=imageinfo&utm_content=thumbnail_unscaled,
BA_002033,File:Meg Rosoff.jpg,ok,balanced_authentic/BA_002033.jpg,d6bd52abd20088828ee604bf501b4c3e4fc11fc1908ccb6dee8d27bc9229f379,259768,https://thumb.wikimedia.org/wikipedia/commons/thumb/b/ba/Meg_Rosoff.jpg/1280px-Meg_Rosoff.jpg?utm_source=commons.wikimedia.org&utm_campaign=imageinfo&utm_content=thumbnail,
BA_002034,File:Meg Thalken.jpg,ok,balanced_authentic/BA_002034.jpg,a64cd6374137143d4d3da34624b78c01e816c717341d200a4c3d7031f14ab573,295180,https://thumb.wikimedia.org/wikipedia/commons/thumb/e/ea/Meg_Thalken.jpg/1280px-Meg_Thalken.jpg?utm_source=commons.wikimedia.org&utm_campaign=imageinfo&utm_content=thumbnail,
BA_002035,"File:Meg Villars, btv1b8596902k-p011, 1.jpg",ok,balanced_authentic/BA_002035.jpg,a23da6d4bcbc6b4c85dfa1bfecc5adc25aece02f8fb9970b4cc0bb47599fa1dc,281629,https://thumb.wikimedia.org/wikipedia/commons/thumb/e/eb/Meg_Villars%2C_btv1b8596902k-p011%2C_1.jpg/1280px-Meg_Villars%2C_btv1b8596902k-p011%2C_1.jpg?utm_source=commons.wikimedia.org&utm_campaign=imageinfo&utm_content=thumbnail,
BA_002036,File:Meg White 1.jpg,fetch_failed,,,,https://upload.wikimedia.org/wikipedia/commons/c/cc/Meg_White_1.jpg?utm_source=commons.wikimedia.org&utm_campaign=imageinfo&utm_content=thumbnail_unscaled,
BA_002037,File:Meg White in 2000.png,fetch_failed,,,,https://upload.wikimedia.org/wikipedia/commons/4/46/Meg_White_in_2000.png?utm_source=commons.wikimedia.org&utm_campaign=imageinfo&utm_content=thumbnail_unscaled,
BA_002038,File:Meg Whitman crop (1).jpg,fetch_failed,,,,https://upload.wikimedia.org/wikipedia/commons/9/9a/Meg_Whitman_crop_%281%29.jpg?utm_source=commons.wikimedia.org&utm_campaign=imageinfo&utm_content=thumbnail_unscaled,
BA_002049,File:Meitar Collection (997008136729205171).jpg,ok,balanced_authentic/BA_002049.jpg,35d480e713878a481a950f877345254205918fe5532345dd61b023bdcce85cfc,714263,https://thumb.wikimedia.org/wikipedia/commons/thumb/1/1b/Meitar_Collection_%28997008136729205171%29.jpg/1280px-Meitar_Collection_%28997008136729205171%29.jpg?utm_source=commons.wikimedia.org&utm_campaign=imageinfo&utm_content=thumbnail,
BA_002050,File:Meitar Collection (997008136729305171).jpg,ok,balanced_authentic/BA_002050.jpg,2a56354551222674fd69f5b40e91118e8bb5a59ab471123f2d9f1c655ac867d4,342035,https://thumb.wikimedia.org/wikipedia/commons/thumb/a/ae/Meitar_Collection_%28997008136729305171%29.jpg/1280px-Meitar_Collection_%28997008136729305171%29.jpg?utm_source=commons.wikimedia.org&utm_campaign=imageinfo&utm_content=thumbnail,
BA_002055,File:Men decathlon PV French Athletics Championships 2013 t141910a.jpg,ok,balanced_authentic/BA_002055.jpg,fd7b65955d48d1ad1e71d6e8eeff691e4a0114908e2213ffdd53c6a4939ea89a,285692,https://thumb.wikimedia.org/wikipedia/commons/thumb/b/ba/Men_decathlon_PV_French_Athletics_Championships_2013_t141910a.jpg/1280px-Men_decathlon_PV_French_Athletics_Championships_2013_t141910a.jpg?utm_source=commons.wikimedia.org&utm_campaign=imageinfo&utm_content=thumbnail,
BA_002056,File:Men decathlon PV French Athletics Championships 2013 t141910b.jpg,ok,balanced_authentic/BA_002056.jpg,eb8af3a9d2faa975cac0913e61e38cdea28cb78b18fa1f221a7640b505901513,293463,https://thumb.wikimedia.org/wikipedia/commons/thumb/c/cf/Men_decathlon_PV_French_Athletics_Championships_2013_t141910b.jpg/1280px-Men_decathlon_PV_French_Athletics_Championships_2013_t141910b.jpg?utm_source=commons.wikimedia.org&utm_campaign=imageinfo&utm_content=thumbnail,
BA_002057,File:Men decathlon PV French Athletics Championships 2013 t141910c.jpg,ok,balanced_authentic/BA_002057.jpg,a63e2dcf522b40fe8dbd60ccc14ebd06c2a859d4dd2b032f6597b29b7370489c,265443,https://thumb.wikimedia.org/wikipedia/commons/thumb/8/83/Men_decathlon_PV_French_Athletics_Championships_2013_t141910c.jpg/1280px-Men_decathlon_PV_French_Athletics_Championships_2013_t141910c.jpg?utm_source=commons.wikimedia.org&utm_campaign=imageinfo&utm_content=thumbnail,
BA_002058,File:Men decathlon PV French Athletics Championships 2013 t141911a.jpg,ok,balanced_authentic/BA_002058.jpg,8bb8f83ad0e30ad288e87b2af0d3847585e361b03067e6be2df0fce53a6a732a,264773,https://thumb.wikimedia.org/wikipedia/commons/thumb/f/fd/Men_decathlon_PV_French_Athletics_Championships_2013_t141911a.jpg/1280px-Men_decathlon_PV_French_Athletics_Championships_2013_t141911a.jpg?utm_source=commons.wikimedia.org&utm_campaign=imageinfo&utm_content=thumbnail,
BA_002060,File:MenB Vaccine Rollout Queue.jpg,ok,balanced_authentic/BA_002060.jpg,a26b8a7c0d5ed107210c82a6ed693e9c9eb16fbcde399ffdfd4a8ed70b079cd3,506263,https://thumb.wikimedia.org/wikipedia/commons/thumb/d/da/MenB_Vaccine_Rollout_Queue.jpg/1280px-MenB_Vaccine_Rollout_Queue.jpg?utm_source=commons.wikimedia.org&utm_campaign=imageinfo&utm_content=thumbnail,
BA_002061,File:MenQuadfi box.jpg,ok,balanced_authentic/BA_002061.jpg,fb3f092e94bb36c9bc51932e91abaff55661f9af8ea043fe69cd4856afb288ca,732665,https://thumb.wikimedia.org/wikipedia/commons/thumb/3/3e/MenQuadfi_box.jpg/1280px-MenQuadfi_box.jpg?utm_source=commons.wikimedia.org&utm_campaign=imageinfo&utm_content=thumbnail,
BA_002062,File:MenQuadfi vial.jpg,ok,balanced_authentic/BA_002062.jpg,cae1a4fa05aef4a3866375c0d05326d36baadf78e215f17b6b5743b8985b616d,928880,https://upload.wikimedia.org/wikipedia/commons/c/cc/MenQuadfi_vial.jpg?utm_source=commons.wikimedia.org&utm_campaign=imageinfo&utm_content=thumbnail_unscaled,
BA_002063,File:MenW135.jpg,ok,balanced_authentic/BA_002063.jpg,645e8fd9a47c3c652d34ffcd95af217bf5487fffa7657f8f49baf61c402a0b06,91925,https://thumb.wikimedia.org/wikipedia/commons/thumb/5/5d/MenW135.jpg/1280px-MenW135.jpg?utm_source=commons.wikimedia.org&utm_campaign=imageinfo&utm_content=thumbnail,
BA_002066,File:Meningococcal B vaccine.jpg,ok,balanced_authentic/BA_002066.jpg,19de2f2c9357207110137b49320c9bb80a96de5c5940602d59f077da6c066504,319623,https://upload.wikimedia.org/wikipedia/commons/d/dc/Meningococcal_B_vaccine.jpg?utm_source=commons.wikimedia.org&utm_campaign=imageinfo&utm_content=thumbnail_unscaled,
BA_002067,"File:Meningococcal meningitis A,C,Y,W-135 Vaccine.jpg",fetch_failed,,,,https://upload.wikimedia.org/wikipedia/commons/e/e4/Meningococcal_meningitis_A%2CC%2CY%2CW-135_Vaccine.jpg?utm_source=commons.wikimedia.org&utm_campaign=imageinfo&utm_content=thumbnail_unscaled,
BA_002069,File:Menitorix Hib&meningitis.jpg,ok,balanced_authentic/BA_002069.jpg,0ab6bc11962cda5f7fffa0ef320f8aa6a63a67b84a2fe883a70abea3d10a8d99,260604,https://thumb.wikimedia.org/wikipedia/commons/thumb/e/e7/Menitorix_Hib%26meningitis.jpg/1280px-Menitorix_Hib%26meningitis.jpg?utm_source=commons.wikimedia.org&utm_campaign=imageinfo&utm_content=thumbnail,
BA_002070,File:Menitorix vaccine.jpg,fetch_failed,,,,https://upload.wikimedia.org/wikipedia/commons/1/11/Menitorix_vaccine.jpg?utm_source=commons.wikimedia.org&utm_campaign=imageinfo&utm_content=thumbnail_unscaled,
BA_002071,File:Menitorix vial.jpg,fetch_failed,,,,https://upload.wikimedia.org/wikipedia/commons/d/d1/Menitorix_vial.jpg?utm_source=commons.wikimedia.org&utm_campaign=imageinfo&utm_content=thumbnail_unscaled,
BA_002072,File:Menitorix.jpg,ok,balanced_authentic/BA_002072.jpg,bd5bae20b9fa9a1bb75c6718b247e02d26875cad333c66cd383a696ceef3c8ef,415231,https://thumb.wikimedia.org/wikipedia/commons/thumb/9/9f/Menitorix.jpg/1280px-Menitorix.jpg?utm_source=commons.wikimedia.org&utm_campaign=imageinfo&utm_content=thumbnail,
BA_002091,File:Microbiologist 01.jpg,ok,balanced_authentic/BA_002091.jpg,a1181c3ed441d686ba613d339d2b987628667d707b303887557daadce17efb21,289334,https://thumb.wikimedia.org/wikipedia/commons/thumb/a/af/Microbiologist_01.jpg/1280px-Microbiologist_01.jpg?utm_source=commons.wikimedia.org&utm_campaign=imageinfo&utm_content=thumbnail,
BA_002094,File:Midol Modern Packaging 2023.jpg,ok,balanced_authentic/BA_002094.jpg,e1fc83748807e1984d9c175b0bb6e2ef1ed315dd1879f738e6b93acf0c3f9254,502689,https://thumb.wikimedia.org/wikipedia/commons/thumb/a/ab/Midol_Modern_Packaging_2023.jpg/1280px-Midol_Modern_Packaging_2023.jpg?utm_source=commons.wikimedia.org&utm_campaign=imageinfo&utm_content=thumbnail,
BA_002096,File:Miles Nervine Effervescent Tablets.jpg,ok,balanced_authentic/BA_002096.jpg,95d173bf4363f91c01b41dc34f9ed5fa1029fca0115846f904f74f8a6dc06d68,216422,https://thumb.wikimedia.org/wikipedia/commons/thumb/3/33/Miles_Nervine_Effervescent_Tablets.jpg/1280px-Miles_Nervine_Effervescent_Tablets.jpg?utm_source=commons.wikimedia.org&utm_campaign=imageinfo&utm_content=thumbnail,
BA_002116,File:Model of Avastin inhibition.jpg,ok,balanced_authentic/BA_002116.jpg,42dc4b6c28fcd377f56c6410efcbf11d3c0980af99647f43a16cd8e5f4060c31,295270,https://upload.wikimedia.org/wikipedia/commons/d/de/Model_of_Avastin_inhibition.jpg?utm_source=commons.wikimedia.org&utm_campaign=imageinfo&utm_content=thumbnail_unscaled,
BA_002119,File:Moderna COVID-19 vaccine (2020) B.jpg,ok,balanced_authentic/BA_002119.jpg,3320ee273aebc68890113019d49d565495abe6a741189ac66a53c2be6029dcec,414056,https://thumb.wikimedia.org/wikipedia/commons/thumb/4/4f/Moderna_COVID-19_vaccine_%282020%29_B.jpg/1280px-Moderna_COVID-19_vaccine_%282020%29_B.jpg?utm_source=commons.wikimedia.org&utm_campaign=imageinfo&utm_content=thumbnail,
BA_002120,File:Moderna COVID-19 vaccine (2021) (cropped).jpg,ok,balanced_authentic/BA_002120.jpg,3eedf7cac9b1b4b839dcee36ac36226899907804aa887e4796365f920c26eb29,165092,https://thumb.wikimedia.org/wikipedia/commons/thumb/5/57/Moderna_COVID-19_vaccine_%282021%29_%28cropped%29.jpg/1280px-Moderna_COVID-19_vaccine_%282021%29_%28cropped%29.jpg?utm_source=commons.wikimedia.org&utm_campaign=imageinfo&utm_content=thumbnail,
BA_002121,File:Moderna COVID-19 vaccine (2021) C.jpg,ok,balanced_authentic/BA_002121.jpg,5bae62be7d156722a6899dce7a458c227459c2f3c4940667ea0e97269d6b0229,138259,https://thumb.wikimedia.org/wikipedia/commons/thumb/1/1b/Moderna_COVID-19_vaccine_%282021%29_C.jpg/1280px-Moderna_COVID-19_vaccine_%282021%29_C.jpg?utm_source=commons.wikimedia.org&utm_campaign=imageinfo&utm_content=thumbnail,
BA_002128,File:Morphin 1% 1 ml amp.jpg,ok,balanced_authentic/BA_002128.jpg,e2ff75543091ddcb70fedff748392e998208467090db454022e50510c7e401b3,258834,https://thumb.wikimedia.org/wikipedia/commons/thumb/8/88/Morphin_1%25_1_ml_amp.jpg/1280px-Morphin_1%25_1_ml_amp.jpg?utm_source=commons.wikimedia.org&utm_campaign=imageinfo&utm_content=thumbnail,
BA_002146,File:Myrhorod Independence Str. 2 Memorial Table of Founder of Myrhorod Local History Museum - Opanas Slastion (YDS 6989).jpg,ok,balanced_authentic/BA_002146.jpg,a1d5972f20e1fb8d5f22dc722edce435c49a926dca86cea31f92b70622974813,184118,https://thumb.wikimedia.org/wikipedia/commons/thumb/b/ba/Myrhorod_Independence_Str._2_Memorial_Table_of_Founder_of_Myrhorod_Local_History_Museum_-_Opanas_Slastion_%28YDS_6989%29.jpg/1280px-Myrhorod_Independence_Str._2_Memorial_Table_of_Founder_of_Myrhorod_Local_History_Museum_-_Opanas_Slastion_%28YDS_6989%29.jpg?utm_source=commons.wikimedia.org&utm_campaign=imageinfo&utm_content=thumbnail,
BA_002151,File:Médicament̠ coartem contre paludisme (Malaria) 01.jpg,ok,balanced_authentic/BA_002151.jpg,41074d571e31b0a7426fa9ec5609e190a798afda3911d63069ad38812e320036,460530,https://thumb.wikimedia.org/wikipedia/commons/thumb/5/5f/M%C3%A9dicament%CC%A0_coartem_contre_paludisme_%28Malaria%29_01.jpg/1280px-M%C3%A9dicament%CC%A0_coartem_contre_paludisme_%28Malaria%29_01.jpg?utm_source=commons.wikimedia.org&utm_campaign=imageinfo&utm_content=thumbnail,
BA_002152,File:Médicament̠ coartem contre paludisme (Malaria) 02.jpg,ok,balanced_authentic/BA_002152.jpg,41ebabb1ed7160a5f9d2ff1330b6418ef5ad3f71ff787b79d4a92c86ece3af65,765150,https://thumb.wikimedia.org/wikipedia/commons/thumb/e/eb/M%C3%A9dicament%CC%A0_coartem_contre_paludisme_%28Malaria%29_02.jpg/1280px-M%C3%A9dicament%CC%A0_coartem_contre_paludisme_%28Malaria%29_02.jpg?utm_source=commons.wikimedia.org&utm_campaign=imageinfo&utm_content=thumbnail,
BA_002153,File:Médicament̠ coartem contre paludisme (Malaria) 03.jpg,ok,balanced_authentic/BA_002153.jpg,6d28ab72a48c494ff202bc81008f376a9f7235cabc1479752be94b6f3f6fde60,735160,https://thumb.wikimedia.org/wikipedia/commons/thumb/8/83/M%C3%A9dicament%CC%A0_coartem_contre_paludisme_%28Malaria%29_03.jpg/1280px-M%C3%A9dicament%CC%A0_coartem_contre_paludisme_%28Malaria%29_03.jpg?utm_source=commons.wikimedia.org&utm_campaign=imageinfo&utm_content=thumbnail,
BA_002154,File:Médicament̠ coartem contre paludisme (Malaria) 04.jpg,ok,balanced_authentic/BA_002154.jpg,0c91bf79cc40082d359345feb6821656bb9f3c4f6b1b7e32491fde9e889d636d,441772,https://thumb.wikimedia.org/wikipedia/commons/thumb/4/49/M%C3%A9dicament%CC%A0_coartem_contre_paludisme_%28Malaria%29_04.jpg/1280px-M%C3%A9dicament%CC%A0_coartem_contre_paludisme_%28Malaria%29_04.jpg?utm_source=commons.wikimedia.org&utm_campaign=imageinfo&utm_content=thumbnail,
BA_002155,File:Médicament̠ coartem contre paludisme (Malaria) 05.jpg,ok,balanced_authentic/BA_002155.jpg,6d90e1db10883a4af676e7c94efdaabb04167445fe7e158ab1093347497f5ac4,306471,https://thumb.wikimedia.org/wikipedia/commons/thumb/a/a5/M%C3%A9dicament%CC%A0_coartem_contre_paludisme_%28Malaria%29_05.jpg/1280px-M%C3%A9dicament%CC%A0_coartem_contre_paludisme_%28Malaria%29_05.jpg?utm_source=commons.wikimedia.org&utm_campaign=imageinfo&utm_content=thumbnail,
BA_002156,File:Médicament̠ coartem contre paludisme (Malaria) 06.jpg,ok,balanced_authentic/BA_002156.jpg,8d246faa5e7b499fac695d43836194cad52081fc7e97d7512c5c41ac16222b38,289036,https://thumb.wikimedia.org/wikipedia/commons/thumb/e/ef/M%C3%A9dicament%CC%A0_coartem_contre_paludisme_%28Malaria%29_06.jpg/1280px-M%C3%A9dicament%CC%A0_coartem_contre_paludisme_%28Malaria%29_06.jpg?utm_source=commons.wikimedia.org&utm_campaign=imageinfo&utm_content=thumbnail,
BA_002176,File:National Vitamin A Plus Campaign 2020 Children's Hospital Dhaka 2020-01-11 (PID-0034826).jpg,ok,balanced_authentic/BA_002176.jpg,a9b5741e9ffb276d8d5c54af5035adc01f8542df49b15d2b7493a516ca06b63e,289938,https://thumb.wikimedia.org/wikipedia/commons/thumb/e/e4/National_Vitamin_A_Plus_Campaign_2020_Children%27s_Hospital_Dhaka_2020-01-11_%28PID-0034826%29.jpg/1280px-National_Vitamin_A_Plus_Campaign_2020_Children%27s_Hospital_Dhaka_2020-01-11_%28PID-0034826%29.jpg?utm_source=commons.wikimedia.org&utm_campaign=imageinfo&utm_content=thumbnail,
BA_002179,File:Nederlands inentingsbewijs voor gele koorts.jpg,ok,balanced_authentic/BA_002179.jpg,b768c16942b1dd040145342992c9c332c36d5e1ff932052cd469430915520264,254917,https://thumb.wikimedia.org/wikipedia/commons/thumb/b/b2/Nederlands_inentingsbewijs_voor_gele_koorts.jpg/1280px-Nederlands_inentingsbewijs_voor_gele_koorts.jpg?utm_source=commons.wikimedia.org&utm_campaign=imageinfo&utm_content=thumbnail,
BA_002181,File:Neisseria gonorrhoeae Bacteria (53712276600).jpg,ok,balanced_authentic/BA_002181.jpg,b67ec165fec3bf388e2b19339b0dea5a088709a2b52c9d3b9deb45ee628dde85,208583,https://thumb.wikimedia.org/wikipedia/commons/thumb/2/2d/Neisseria_gonorrhoeae_Bacteria_%2853712276600%29.jpg/1280px-Neisseria_gonorrhoeae_Bacteria_%2853712276600%29.jpg?utm_source=commons.wikimedia.org&utm_campaign=imageinfo&utm_content=thumbnail,
BA_002188,File:New adjutant general visits the 192nd Fighter Wing 140607-Z-VT953-118.jpg,ok,balanced_authentic/BA_002188.jpg,7aaffe6fafea578824286cb266273fcf7f77f689d2fe9c49f9cbeacaecd54b1e,236679,https://thumb.wikimedia.org/wikipedia/commons/thumb/0/02/New_adjutant_general_visits_the_192nd_Fighter_Wing_140607-Z-VT953-118.jpg/1280px-New_adjutant_general_visits_the_192nd_Fighter_Wing_140607-Z-VT953-118.jpg?utm_source=commons.wikimedia.org&utm_campaign=imageinfo&utm_content=thumbnail,
BA_002191,File:Nimenrix (Pfizer).jpg,ok,balanced_authentic/BA_002191.jpg,f544d9013ced4fe79cebf651a867bdae0beb3e9bf4fde0d626b971406a93f105,403781,https://thumb.wikimedia.org/wikipedia/commons/thumb/a/a7/Nimenrix_%28Pfizer%29.jpg/1280px-Nimenrix_%28Pfizer%29.jpg?utm_source=commons.wikimedia.org&utm_campaign=imageinfo&utm_content=thumbnail,
BA_002192,File:Nimenrix.jpg,ok,balanced_authentic/BA_002192.jpg,f55d3684ad4027b83f6d23aefbcd7ee4effd9a5ed83ad88dc58ced9e6b8d3554,219709,https://upload.wikimedia.org/wikipedia/commons/e/e1/Nimenrix.jpg?utm_source=commons.wikimedia.org&utm_campaign=imageinfo&utm_content=thumbnail_unscaled,
BA_002196,File:Nipah Virus (47965850372).jpg,ok,balanced_authentic/BA_002196.jpg,5302eac29d85ff414d9eabdac0132c2c97305ef233679b1a3e5a728522e5e662,142269,https://thumb.wikimedia.org/wikipedia/commons/thumb/8/81/Nipah_Virus_%2847965850372%29.jpg/1280px-Nipah_Virus_%2847965850372%29.jpg?utm_source=commons.wikimedia.org&utm_campaign=imageinfo&utm_content=thumbnail,
BA_002222,File:OCabuse.JPG,fetch_failed,,,,https://upload.wikimedia.org/wikipedia/commons/b/b0/OCabuse.JPG?utm_source=commons.wikimedia.org&utm_campaign=imageinfo&utm_content=thumbnail_unscaled,
BA_002223,File:OClines.JPG,fetch_failed,,,,https://upload.wikimedia.org/wikipedia/commons/d/da/OClines.JPG?utm_source=commons.wikimedia.org&utm_campaign=imageinfo&utm_content=thumbnail_unscaled,
BA_002334,File:One of four saves with money found in the attic of Christopher George's mother.jpg,fetch_failed,,,,https://upload.wikimedia.org/wikipedia/commons/a/a2/One_of_four_saves_with_money_found_in_the_attic_of_Christopher_George%27s_mother.jpg?utm_source=commons.wikimedia.org&utm_campaign=imageinfo&utm_content=thumbnail_unscaled,
BA_002336,File:OnyNorm förpackning.jpg,ok,balanced_authentic/BA_002336.jpg,791b31f66f190b74525b106654ee83baf4e0405e38f897346b954dd286961f36,145522,https://thumb.wikimedia.org/wikipedia/commons/thumb/6/6d/OnyNorm_f%C3%B6rpackning.jpg/1280px-OnyNorm_f%C3%B6rpackning.jpg?utm_source=commons.wikimedia.org&utm_campaign=imageinfo&utm_content=thumbnail,
BA_002339,File:Opana Radar Site.jpg,ok,balanced_authentic/BA_002339.jpg,0d7dd510710c6dadbfd086df925435f13972337bb5523e0cb6ee5fd39b2c9830,332039,https://thumb.wikimedia.org/wikipedia/commons/thumb/2/2d/Opana_Radar_Site.jpg/1280px-Opana_Radar_Site.jpg?utm_source=commons.wikimedia.org&utm_campaign=imageinfo&utm_content=thumbnail,
BA_002340,"File:Opana SCR-270 radar display Dec 7, 1941.jpeg",fetch_failed,,,,https://upload.wikimedia.org/wikipedia/commons/1/1b/Opana_SCR-270_radar_display_Dec_7%2C_1941.jpeg?utm_source=commons.wikimedia.org&utm_campaign=imageinfo&utm_content=thumbnail_unscaled,
BA_002341,File:Opana-Radar-Station.png,fetch_failed,,,,https://upload.wikimedia.org/wikipedia/commons/6/6e/Opana-Radar-Station.png?utm_source=commons.wikimedia.org&utm_campaign=imageinfo&utm_content=thumbnail_unscaled,
BA_002343,File:Opanas Neselovskyiy.jpg,fetch_failed,,,,https://upload.wikimedia.org/wikipedia/commons/9/92/Opanas_Neselovskyiy.jpg?utm_source=commons.wikimedia.org&utm_campaign=imageinfo&utm_content=thumbnail_unscaled,
BA_002344,File:Opanas Slastion.jpg,fetch_failed,,,,https://upload.wikimedia.org/wikipedia/commons/f/f2/Opanas_Slastion.jpg?utm_source=commons.wikimedia.org&utm_campaign=imageinfo&utm_content=thumbnail_unscaled,
BA_002345,File:Open Wide (Explored) - Flickr - Carol (vanhookc).jpg,ok,balanced_authentic/BA_002345.jpg,3495353074ab39705fe552794d6190f1f962e9d52906d22cd90d3837c7b647fe,119574,https://thumb.wikimedia.org/wikipedia/commons/thumb/d/df/Open_Wide_%28Explored%29_-_Flickr_-_Carol_%28vanhookc%29.jpg/1280px-Open_Wide_%28Explored%29_-_Flickr_-_Carol_%28vanhookc%29.jpg?utm_source=commons.wikimedia.org&utm_campaign=imageinfo&utm_content=thumbnail,
BA_002358,File:Organic CBD capsules.jpg,ok,balanced_authentic/BA_002358.jpg,3b06c648010cd4b7dccb7144a52c5c8ed8c8282e577b8c3e59a4d27f835c058c,244484,https://thumb.wikimedia.org/wikipedia/commons/thumb/f/f5/Organic_CBD_capsules.jpg/1280px-Organic_CBD_capsules.jpg?utm_source=commons.wikimedia.org&utm_campaign=imageinfo&utm_content=thumbnail,
BA_002368,File:Overton's High Brown La Petite Face Powder - DPLA - 7dc2d27ad7bd071fa88040201ae96c0c (page 1).jpg,ok,balanced_authentic/BA_002368.jpg,70a0359fd2c102c6585fea5a0e3cc5d34e6497899bc93f20db3e62576776cbac,74221,https://thumb.wikimedia.org/wikipedia/commons/thumb/e/eb/Overton%27s_High_Brown_La_Petite_Face_Powder_-_DPLA_-_7dc2d27ad7bd071fa88040201ae96c0c_%28page_1%29.jpg/1280px-Overton%27s_High_Brown_La_Petite_Face_Powder_-_DPLA_-_7dc2d27ad7bd071fa88040201ae96c0c_%28page_1%29.jpg?utm_source=commons.wikimedia.org&utm_campaign=imageinfo&utm_content=thumbnail,
BA_002369,File:Overton's High Brown La Petite Face Powder - DPLA - 7dc2d27ad7bd071fa88040201ae96c0c (page 2).jpg,ok,balanced_authentic/BA_002369.jpg,2c1320306925958125c7935876f35ec3b199b3b7c696fe3e24ccf8d7fe6790cc,71835,https://thumb.wikimedia.org/wikipedia/commons/thumb/6/6b/Overton%27s_High_Brown_La_Petite_Face_Powder_-_DPLA_-_7dc2d27ad7bd071fa88040201ae96c0c_%28page_2%29.jpg/1280px-Overton%27s_High_Brown_La_Petite_Face_Powder_-_DPLA_-_7dc2d27ad7bd071fa88040201ae96c0c_%28page_2%29.jpg?utm_source=commons.wikimedia.org&utm_campaign=imageinfo&utm_content=thumbnail,
BA_002370,File:Overton's High Brown La Petite Face Powder - DPLA - 7dc2d27ad7bd071fa88040201ae96c0c (page 3).jpg,ok,balanced_authentic/BA_002370.jpg,80d45c4b4e5f2d1dad939d10c9d2b17549b28b8e9cad85d3421cb80cfa843792,83039,https://thumb.wikimedia.org/wikipedia/commons/thumb/2/2f/Overton%27s_High_Brown_La_Petite_Face_Powder_-_DPLA_-_7dc2d27ad7bd071fa88040201ae96c0c_%28page_3%29.jpg/1280px-Overton%27s_High_Brown_La_Petite_Face_Powder_-_DPLA_-_7dc2d27ad7bd071fa88040201ae96c0c_%28page_3%29.jpg?utm_source=commons.wikimedia.org&utm_campaign=imageinfo&utm_content=thumbnail,
BA_002371,File:Oxford AstraZeneca COVID-19 vaccine (2021) A.jpeg,ok,balanced_authentic/BA_002371.jpg,896d8dd5bb1d3cf1a6cac0440d34c8e7d9a10f63b4fd541dd2f37abbf75c0398,187876,https://thumb.wikimedia.org/wikipedia/commons/thumb/a/a3/Oxford_AstraZeneca_COVID-19_vaccine_%282021%29_A.jpeg/1280px-Oxford_AstraZeneca_COVID-19_vaccine_%282021%29_A.jpeg?utm_source=commons.wikimedia.org&utm_campaign=imageinfo&utm_content=thumbnail,
BA_002372,File:Oxford AstraZeneca COVID-19 vaccine (2021) B (cropped).jpeg,fetch_failed,,,,https://upload.wikimedia.org/wikipedia/commons/1/19/Oxford_AstraZeneca_COVID-19_vaccine_%282021%29_B_%28cropped%29.jpeg?utm_source=commons.wikimedia.org&utm_campaign=imageinfo&utm_content=thumbnail_unscaled,
BA_002373,File:Oxford AstraZeneca COVID-19 vaccine (2021) B.jpeg,ok,balanced_authentic/BA_002373.jpg,4d0817829f6a5705dbe9f1854276232ca0e90b637471574f81d6b35e066b781b,185134,https://thumb.wikimedia.org/wikipedia/commons/thumb/2/2e/Oxford_AstraZeneca_COVID-19_vaccine_%282021%29_B.jpeg/1280px-Oxford_AstraZeneca_COVID-19_vaccine_%282021%29_B.jpeg?utm_source=commons.wikimedia.org&utm_campaign=imageinfo&utm_content=thumbnail,
BA_002374,File:Oxford AstraZeneca COVID-19 vaccine (2021) C.jpeg,ok,balanced_authentic/BA_002374.jpg,dde158062d6e644f631434cd37594876abf0030d4e5c1cf8ac2386b96683a7c6,172782,https://thumb.wikimedia.org/wikipedia/commons/thumb/e/e2/Oxford_AstraZeneca_COVID-19_vaccine_%282021%29_C.jpeg/1280px-Oxford_AstraZeneca_COVID-19_vaccine_%282021%29_C.jpeg?utm_source=commons.wikimedia.org&utm_campaign=imageinfo&utm_content=thumbnail,
BA_002375,File:Oxford AstraZeneca COVID-19 vaccine (2021) D.jpeg,ok,balanced_authentic/BA_002375.jpg,8882fde9a1e03381f5990d2b9bcfde1bfbf9eed42eb35855538568cb65154538,208849,https://thumb.wikimedia.org/wikipedia/commons/thumb/b/b4/Oxford_AstraZeneca_COVID-19_vaccine_%282021%29_D.jpeg/1280px-Oxford_AstraZeneca_COVID-19_vaccine_%282021%29_D.jpeg?utm_source=commons.wikimedia.org&utm_campaign=imageinfo&utm_content=thumbnail,
BA_002376,File:Oxford AstraZeneca COVID-19 vaccine (2021) E.jpeg,ok,balanced_authentic/BA_002376.jpg,7ebe2ac8fab0b34ec8cd611e67c8537c9ae91f8eeb4ca5f82307dba7d2b21aec,192341,https://thumb.wikimedia.org/wikipedia/commons/thumb/1/10/Oxford_AstraZeneca_COVID-19_vaccine_%282021%29_E.jpeg/1280px-Oxford_AstraZeneca_COVID-19_vaccine_%282021%29_E.jpeg?utm_source=commons.wikimedia.org&utm_campaign=imageinfo&utm_content=thumbnail,
BA_002377,File:Oxford AstraZeneca COVID-19 vaccine (2021) F.jpeg,ok,balanced_authentic/BA_002377.jpg,f0fa544ca1b1d4e4c78f1e70178d68e4e162d14734195407715aad015e098305,109362,https://thumb.wikimedia.org/wikipedia/commons/thumb/8/80/Oxford_AstraZeneca_COVID-19_vaccine_%282021%29_F.jpeg/1280px-Oxford_AstraZeneca_COVID-19_vaccine_%282021%29_F.jpeg?utm_source=commons.wikimedia.org&utm_campaign=imageinfo&utm_content=thumbnail,
BA_002378,File:Oxford AstraZeneca COVID-19 vaccine (2021) G.jpeg,ok,balanced_authentic/BA_002378.jpg,e5ee97fb41e585024b1b1aaf640b7377ac9f24b20a88ad89efbf6457b3e16e29,114292,https://thumb.wikimedia.org/wikipedia/commons/thumb/2/27/Oxford_AstraZeneca_COVID-19_vaccine_%282021%29_G.jpeg/1280px-Oxford_AstraZeneca_COVID-19_vaccine_%282021%29_G.jpeg?utm_source=commons.wikimedia.org&utm_campaign=imageinfo&utm_content=thumbnail,
BA_002379,File:Oxford AstraZeneca COVID-19 vaccine (2021) H.jpg,ok,balanced_authentic/BA_002379.jpg,3a2127cca9332e6488aa5ddd24253d889257f10933ee2c4651253159d23b0fd7,100300,https://thumb.wikimedia.org/wikipedia/commons/thumb/5/52/Oxford_AstraZeneca_COVID-19_vaccine_%282021%29_H.jpg/1280px-Oxford_AstraZeneca_COVID-19_vaccine_%282021%29_H.jpg?utm_source=commons.wikimedia.org&utm_campaign=imageinfo&utm_content=thumbnail,
BA_002381,File:Oxford AstraZeneca COVID-19 vaccine (2021) I.jpg,ok,balanced_authentic/BA_002381.jpg,e8ddcb716df3ccfc28c05b2423d4a1a282e3dee5eccd6ec096c0983b31001769,105864,https://thumb.wikimedia.org/wikipedia/commons/thumb/3/33/Oxford_AstraZeneca_COVID-19_vaccine_%282021%29_I.jpg/1280px-Oxford_AstraZeneca_COVID-19_vaccine_%282021%29_I.jpg?utm_source=commons.wikimedia.org&utm_campaign=imageinfo&utm_content=thumbnail,
BA_002382,File:Oxford AstraZeneca COVID-19 vaccine (2021) J.jpg,ok,balanced_authentic/BA_002382.jpg,224c2f0e58e4c14defc51335048f6735604f2eb22854c1b596cd33fb7544f64b,121792,https://thumb.wikimedia.org/wikipedia/commons/thumb/d/d0/Oxford_AstraZeneca_COVID-19_vaccine_%282021%29_J.jpg/1280px-Oxford_AstraZeneca_COVID-19_vaccine_%282021%29_J.jpg?utm_source=commons.wikimedia.org&utm_campaign=imageinfo&utm_content=thumbnail,
BA_002383,File:Oxford AstraZeneca COVID-19 vaccine (2021) K.jpg,ok,balanced_authentic/BA_002383.jpg,a520dc2bef79fbd25c2e73286a7c10f47d7d5adfb5a01543160587c3679847c3,142756,https://thumb.wikimedia.org/wikipedia/commons/thumb/d/de/Oxford_AstraZeneca_COVID-19_vaccine_%282021%29_K.jpg/1280px-Oxford_AstraZeneca_COVID-19_vaccine_%282021%29_K.jpg?utm_source=commons.wikimedia.org&utm_campaign=imageinfo&utm_content=thumbnail,
BA_002384,File:Oxford AstraZeneca COVID-19 vaccine (2021) L.jpg,ok,balanced_authentic/BA_002384.jpg,a16536b884af6b6fb8c1736010ced915891b4a90c5c165c0f58543059b4c11c0,115061,https://thumb.wikimedia.org/wikipedia/commons/thumb/8/86/Oxford_AstraZeneca_COVID-19_vaccine_%282021%29_L.jpg/1280px-Oxford_AstraZeneca_COVID-19_vaccine_%282021%29_L.jpg?utm_source=commons.wikimedia.org&utm_campaign=imageinfo&utm_content=thumbnail,
BA_002385,File:Oxford AstraZeneca COVID-19 vaccine (2021) M.jpg,ok,balanced_authentic/BA_002385.jpg,d264a47b26b66edda4128ee142091f4a7d5feb91be97eb89a680d9486e82f98a,129701,https://thumb.wikimedia.org/wikipedia/commons/thumb/e/e9/Oxford_AstraZeneca_COVID-19_vaccine_%282021%29_M.jpg/1280px-Oxford_AstraZeneca_COVID-19_vaccine_%282021%29_M.jpg?utm_source=commons.wikimedia.org&utm_campaign=imageinfo&utm_content=thumbnail,
BA_002386,File:Oxford AstraZeneca COVID-19 vaccine (2021) N.jpg,ok,balanced_authentic/BA_002386.jpg,1ba18f8d928030bbf2759d6739d8f5aaa8ea0aec823c4f8f931c3b502e522702,177618,https://thumb.wikimedia.org/wikipedia/commons/thumb/6/60/Oxford_AstraZeneca_COVID-19_vaccine_%282021%29_N.jpg/1280px-Oxford_AstraZeneca_COVID-19_vaccine_%282021%29_N.jpg?utm_source=commons.wikimedia.org&utm_campaign=imageinfo&utm_content=thumbnail,
BA_002387,File:Oxford AstraZeneca COVID-19 vaccine (2021) O.jpg,ok,balanced_authentic/BA_002387.jpg,0c5c1ac6acbf7b59028811bb09bf094f9de96f072e9d183a087511c9ba57f739,82592,https://thumb.wikimedia.org/wikipedia/commons/thumb/e/ed/Oxford_AstraZeneca_COVID-19_vaccine_%282021%29_O.jpg/1280px-Oxford_AstraZeneca_COVID-19_vaccine_%282021%29_O.jpg?utm_source=commons.wikimedia.org&utm_campaign=imageinfo&utm_content=thumbnail,
BA_002388,File:Oxford AstraZeneca COVID-19 vaccine (2021) P.jpg,ok,balanced_authentic/BA_002388.jpg,27282e70a44e0d8fd5d198157847632c39641312872fea9c470df51f9ed07204,130966,https://thumb.wikimedia.org/wikipedia/commons/thumb/4/49/Oxford_AstraZeneca_COVID-19_vaccine_%282021%29_P.jpg/1280px-Oxford_AstraZeneca_COVID-19_vaccine_%282021%29_P.jpg?utm_source=commons.wikimedia.org&utm_campaign=imageinfo&utm_content=thumbnail,
BA_002389,File:Oxford AstraZeneca COVID-19 vaccine (2021) Q.jpg,ok,balanced_authentic/BA_002389.jpg,c304309b6ca0a1062d5fc40b437f2b0d4aaebac323e148033a950b01b64d8087,332750,https://thumb.wikimedia.org/wikipedia/commons/thumb/5/5d/Oxford_AstraZeneca_COVID-19_vaccine_%282021%29_Q.jpg/1280px-Oxford_AstraZeneca_COVID-19_vaccine_%282021%29_Q.jpg?utm_source=commons.wikimedia.org&utm_campaign=imageinfo&utm_content=thumbnail,
BA_002391,File:Oxford AstraZeneca COVID-19 vaccine (2021) T.jpg,ok,balanced_authentic/BA_002391.jpg,d990e1149703ab4444ca0140d3601bcdea4a5ceaaf5d13b08e314be0e241558c,136449,https://thumb.wikimedia.org/wikipedia/commons/thumb/e/e4/Oxford_AstraZeneca_COVID-19_vaccine_%282021%29_T.jpg/1280px-Oxford_AstraZeneca_COVID-19_vaccine_%282021%29_T.jpg?utm_source=commons.wikimedia.org&utm_campaign=imageinfo&utm_content=thumbnail,
BA_002431,File:OxyContin branded oxycodone 10mg (OC side).jpg,ok,balanced_authentic/BA_002431.jpg,146050018a7ad5ad38ac20b73867c10f35d0f0ec9f746500e216fdcebd474bfd,139833,https://thumb.wikimedia.org/wikipedia/commons/thumb/2/23/OxyContin_branded_oxycodone_10mg_%28OC_side%29.jpg/1280px-OxyContin_branded_oxycodone_10mg_%28OC_side%29.jpg?utm_source=commons.wikimedia.org&utm_campaign=imageinfo&utm_content=thumbnail,
BA_002432,File:OxyContin branded oxycodone 10mg (number side).jpg,ok,balanced_authentic/BA_002432.jpg,db9a5c6083bc01b1b18c32996876cf91d693e4c802122dd5cf2526305d077f8f,138408,https://thumb.wikimedia.org/wikipedia/commons/thumb/e/e2/OxyContin_branded_oxycodone_10mg_%28number_side%29.jpg/1280px-OxyContin_branded_oxycodone_10mg_%28number_side%29.jpg?utm_source=commons.wikimedia.org&utm_campaign=imageinfo&utm_content=thumbnail,
BA_002433,File:OxyContin setup.jpg,ok,balanced_authentic/BA_002433.jpg,caab97890a847ee24d32e9b3f04e2c2f5e1bee27c65612558ec14fe7c1d9b2a8,69703,https://upload.wikimedia.org/wikipedia/commons/7/7b/OxyContin_setup.jpg?utm_source=commons.wikimedia.org&utm_campaign=imageinfo&utm_content=thumbnail_unscaled,
BA_002434,File:OxyNorm.png,fetch_failed,,,,https://upload.wikimedia.org/wikipedia/commons/6/63/OxyNorm.png?utm_source=commons.wikimedia.org&utm_campaign=imageinfo&utm_content=thumbnail_unscaled,
BA_002435,File:Oxycocet.jpg,ok,balanced_authentic/BA_002435.jpg,921ff3e8da6cba866ac5c30fc57a868e90cea3715f32c1eb838a7d9968a7e405,234353,https://thumb.wikimedia.org/wikipedia/commons/thumb/2/2b/Oxycocet.jpg/1280px-Oxycocet.jpg?utm_source=commons.wikimedia.org&utm_campaign=imageinfo&utm_content=thumbnail,
BA_002436,File:Oxycodone (40139364063).jpg,ok,balanced_authentic/BA_002436.jpg,d5c80f22b4fbcff0948162e8bad5f47c7fd6a46ae0bee2ba005b95e498d222be,218604,https://thumb.wikimedia.org/wikipedia/commons/thumb/7/72/Oxycodone_%2840139364063%29.jpg/1280px-Oxycodone_%2840139364063%29.jpg?utm_source=commons.wikimedia.org&utm_campaign=imageinfo&utm_content=thumbnail,
BA_002437,File:Oxycodone 3d balls.png,fetch_failed,,,,https://upload.wikimedia.org/wikipedia/commons/7/73/Oxycodone_3d_balls.png?utm_source=commons.wikimedia.org&utm_campaign=imageinfo&utm_content=thumbnail_unscaled,
BA_002438,File:Oxycodone 40-Aspirin 400 2014-04-09 13-29.jpg,fetch_failed,,,,https://upload.wikimedia.org/wikipedia/commons/9/91/Oxycodone_40-Aspirin_400_2014-04-09_13-29.jpg?utm_source=commons.wikimedia.org&utm_campaign=imageinfo&utm_content=thumbnail_unscaled,
BA_002439,File:Oxycodone Medicine Bottle with Pills Spilling Out (49749849143).jpg,ok,balanced_authentic/BA_002439.jpg,be4e48b2778d775d8eb843381be5be8bfa0f431acc8d63dddbf75046710aaa71,268441,https://thumb.wikimedia.org/wikipedia/commons/thumb/0/0e/Oxycodone_Medicine_Bottle_with_Pills_Spilling_Out_%2849749849143%29.jpg/1280px-Oxycodone_Medicine_Bottle_with_Pills_Spilling_Out_%2849749849143%29.jpg?utm_source=commons.wikimedia.org&utm_campaign=imageinfo&utm_content=thumbnail,
BA_002440,File:Oxycodone Pill (cropped).jpg,ok,balanced_authentic/BA_002440.jpg,016716ed613a7b685cecdf3c89665fe4cd77c9e02e94e1bd65efc824ed59247a,131740,https://thumb.wikimedia.org/wikipedia/commons/thumb/8/8c/Oxycodone_Pill_%28cropped%29.jpg/1280px-Oxycodone_Pill_%28cropped%29.jpg?utm_source=commons.wikimedia.org&utm_campaign=imageinfo&utm_content=thumbnail,
BA_002441,File:Oxycodone Pill.jpg,ok,balanced_authentic/BA_002441.jpg,366e8f797d6bc9bbb376e3c4689cf7d8d19b2e3b2d5ad834be675011d555276a,120874,https://thumb.wikimedia.org/wikipedia/commons/thumb/4/43/Oxycodone_Pill.jpg/1280px-Oxycodone_Pill.jpg?utm_source=commons.wikimedia.org&utm_campaign=imageinfo&utm_content=thumbnail,
BA_002442,File:Oxycodone Prescription Bottle with Pills Spilling Out. (39390810310).jpg,ok,balanced_authentic/BA_002442.jpg,939b0072edf990b57022f72b0a179d541a0dccdc12278681e295c23e771cd6b0,152941,https://thumb.wikimedia.org/wikipedia/commons/thumb/1/10/Oxycodone_Prescription_Bottle_with_Pills_Spilling_Out._%2839390810310%29.jpg/1280px-Oxycodone_Prescription_Bottle_with_Pills_Spilling_Out._%2839390810310%29.jpg?utm_source=commons.wikimedia.org&utm_campaign=imageinfo&utm_content=thumbnail,
BA_002443,File:Oxycodone Prescription Bottle with Pills Spilling Out. (41201105871).jpg,ok,balanced_authentic/BA_002443.jpg,bfcc9d69e1fa018f766b09597c4bccfcb7e5de60c26e9b826f573ddf79f820a0,98526,https://thumb.wikimedia.org/wikipedia/commons/thumb/3/3c/Oxycodone_Prescription_Bottle_with_Pills_Spilling_Out._%2841201105871%29.jpg/1280px-Oxycodone_Prescription_Bottle_with_Pills_Spilling_Out._%2841201105871%29.jpg?utm_source=commons.wikimedia.org&utm_campaign=imageinfo&utm_content=thumbnail,
BA_002444,File:Oxycodone Syrup 10mg per ml.jpg,ok,balanced_authentic/BA_002444.jpg,91a3abb33353cd0d9c9bdcbab826dd229c039e482ba3657ea76bff60fca7717f,190167,https://thumb.wikimedia.org/wikipedia/commons/thumb/1/10/Oxycodone_Syrup_10mg_per_ml.jpg/1280px-Oxycodone_Syrup_10mg_per_ml.jpg?utm_source=commons.wikimedia.org&utm_campaign=imageinfo&utm_content=thumbnail,
BA_002445,File:Oxycodone Teva 5 mg .jpg,ok,balanced_authentic/BA_002445.jpg,d90fc2e322d9d1a6dcd41affa897d792ade1741cbccd7afc1eb5d788800a82cf,174300,https://thumb.wikimedia.org/wikipedia/commons/thumb/2/24/Oxycodone_Teva_5_mg_.jpg/1280px-Oxycodone_Teva_5_mg_.jpg?utm_source=commons.wikimedia.org&utm_campaign=imageinfo&utm_content=thumbnail,
BA_002459,File:Oxymorphon-3-Gluc.png,fetch_failed,,,,https://upload.wikimedia.org/wikipedia/commons/f/fa/Oxymorphon-3-Gluc.png?utm_source=commons.wikimedia.org&utm_campaign=imageinfo&utm_content=thumbnail_unscaled,
BA_002460,File:Oxymorphone 3D.png,ok,balanced_authentic/BA_002460.jpg,9aa836f07258d009dec4f0df651e4bbc6c98fe5b6b58dd687a8927398986456f,301850,https://thumb.wikimedia.org/wikipedia/commons/thumb/f/fe/Oxymorphone_3D.png/1280px-Oxymorphone_3D.png?utm_source=commons.wikimedia.org&utm_campaign=imageinfo&utm_content=thumbnail,
BA_002462,File:Oxymorphone.png,fetch_failed,,,,https://upload.wikimedia.org/wikipedia/commons/6/62/Oxymorphone.png?utm_source=commons.wikimedia.org&utm_campaign=imageinfo&utm_content=thumbnail_unscaled,
BA_002465,File:Ozempic (53899794358).jpg,ok,balanced_authentic/BA_002465.jpg,46113fe8664733e4fbfb82f5c1b11f08a3a71444818f0062ffe2ebeeae8ca209,448938,https://thumb.wikimedia.org/wikipedia/commons/thumb/0/06/Ozempic_%2853899794358%29.jpg/1280px-Ozempic_%2853899794358%29.jpg?utm_source=commons.wikimedia.org&utm_campaign=imageinfo&utm_content=thumbnail,
BA_002466,File:Ozempic Semaglutide 0.5mg.jpg,ok,balanced_authentic/BA_002466.jpg,994f2452413d75f81ac274731b4739c3b13b5b8489f348422e06079f80c7c25b,174744,https://thumb.wikimedia.org/wikipedia/commons/thumb/9/9b/Ozempic_Semaglutide_0.5mg.jpg/1280px-Ozempic_Semaglutide_0.5mg.jpg?utm_source=commons.wikimedia.org&utm_campaign=imageinfo&utm_content=thumbnail,
BA_002467,File:Ozempic® 3ml.jpg,ok,balanced_authentic/BA_002467.jpg,3648c4dccf13395f61c18b88843e945cda5699f25f2c9739c25e1ede0b69057c,149256,https://thumb.wikimedia.org/wikipedia/commons/thumb/f/f5/Ozempic%C2%AE_3ml.jpg/1280px-Ozempic%C2%AE_3ml.jpg?utm_source=commons.wikimedia.org&utm_campaign=imageinfo&utm_content=thumbnail,
BA_002468,File:P ALAXIN TS TABLET.jpg,ok,balanced_authentic/BA_002468.jpg,fbfd1e3336d548f292870662e2a283ab3f6a964ab5fb403f92633aa7326cc6be,52109,https://upload.wikimedia.org/wikipedia/commons/1/17/P_ALAXIN_TS_TABLET.jpg?utm_source=commons.wikimedia.org&utm_campaign=imageinfo&utm_content=thumbnail_unscaled,
BA_002516,File:Pacific Partnership 2024-2 in Yap (8634076).jpg,ok,balanced_authentic/BA_002516.jpg,61e2c2fbe61ee6f443fa13d1fac735e8a999baaa16318209af9bd39b7a10ab15,126364,https://thumb.wikimedia.org/wikipedia/commons/thumb/a/a6/Pacific_Partnership_2024-2_in_Yap_%288634076%29.jpg/1280px-Pacific_Partnership_2024-2_in_Yap_%288634076%29.jpg?utm_source=commons.wikimedia.org&utm_campaign=imageinfo&utm_content=thumbnail,
BA_002517,File:Pacific Partnership 2024-2 in Yap (8634078).jpg,ok,balanced_authentic/BA_002517.jpg,7caef975d5325a27fdfe639e093a3d50ace6b13289a78863943229b6bd866d8a,173020,https://thumb.wikimedia.org/wikipedia/commons/thumb/b/b2/Pacific_Partnership_2024-2_in_Yap_%288634078%29.jpg/1280px-Pacific_Partnership_2024-2_in_Yap_%288634078%29.jpg?utm_source=commons.wikimedia.org&utm_campaign=imageinfo&utm_content=thumbnail,
BA_002518,File:Pacific Partnership 2024-2 in Yap (8634107).jpg,ok,balanced_authentic/BA_002518.jpg,f7614d7fd2f4a428acf71d4ee99b168bbe7a9b845642a8e0002beb1603951a67,132029,https://thumb.wikimedia.org/wikipedia/commons/thumb/2/2f/Pacific_Partnership_2024-2_in_Yap_%288634107%29.jpg/1280px-Pacific_Partnership_2024-2_in_Yap_%288634107%29.jpg?utm_source=commons.wikimedia.org&utm_campaign=imageinfo&utm_content=thumbnail,
BA_002529,File:Page de titre de la traduction des Elements d'Euclide par Pierre Le Mardele..jpg,ok,balanced_authentic/BA_002529.jpg,093e63699e14442c4b9fbcd0700a6f0870c4c246913e5f91e0b269daa0a36b53,363435,https://thumb.wikimedia.org/wikipedia/commons/thumb/a/a3/Page_de_titre_de_la_traduction_des_Elements_d%27Euclide_par_Pierre_Le_Mardele..jpg/1280px-Page_de_titre_de_la_traduction_des_Elements_d%27Euclide_par_Pierre_Le_Mardele..jpg?utm_source=commons.wikimedia.org&utm_campaign=imageinfo&utm_content=thumbnail,
BA_002542,File:Panama RR Opens 1855.jpg,ok,balanced_authentic/BA_002542.jpg,612ae256cebcb88584be33c89a5a4bdb1f517ed1495a10e39e7903154ed5a53c,219637,https://upload.wikimedia.org/wikipedia/commons/c/c0/Panama_RR_Opens_1855.jpg?utm_source=commons.wikimedia.org&utm_campaign=imageinfo&utm_content=thumbnail_unscaled,
BA_002544,"File:Pandemic Preparedness- examples of High-Priority ""Prototype Pathogens"" (left to right)- hantavirus, yellow fever virus, Nipah virus, picornavirus, and Chikungunya - 1.jpg",ok,balanced_authentic/BA_002544.jpg,bf7f54458be8959e2f4104a2ba6214ae5afd769ca3579be7a04ad9eba544596d,637791,https://thumb.wikimedia.org/wikipedia/commons/thumb/e/ed/Pandemic_Preparedness-_examples_of_High-Priority_%22Prototype_Pathogens%22_%28left_to_right%29-_hantavirus%2C_yellow_fever_virus%2C_Nipah_virus%2C_picornavirus%2C_and_Chikungunya_-_1.jpg/1280px-thumbnail.jpg?utm_source=commons.wikimedia.org&utm_campaign=imageinfo&utm_content=thumbnail,
BA_002545,"File:Pandemic Preparedness- examples of High-Priority ""Prototype Pathogens"" (left to right)- hantavirus, yellow fever virus, Nipah virus, picornavirus, and Chikungunya - 2.jpg",ok,balanced_authentic/BA_002545.jpg,3160161d01cb8803d6a95003fbfe34b766f5d9d9cdb4a0ba4399496140cfb3fb,625397,https://thumb.wikimedia.org/wikipedia/commons/thumb/c/c4/Pandemic_Preparedness-_examples_of_High-Priority_%22Prototype_Pathogens%22_%28left_to_right%29-_hantavirus%2C_yellow_fever_virus%2C_Nipah_virus%2C_picornavirus%2C_and_Chikungunya_-_2.jpg/1280px-thumbnail.jpg?utm_source=commons.wikimedia.org&utm_campaign=imageinfo&utm_content=thumbnail,
BA_002546,"File:Pandemic Preparedness- examples of High-Priority ""Prototype Pathogens"" (left to right)- hantavirus, yellow fever virus, Nipah virus, picornavirus, and Chikungunya - 3.jpg",ok,balanced_authentic/BA_002546.jpg,e32bccaabe31befff038999196f0b13f48fa8d67fbb92efb6a920ac181ec968e,568573,https://thumb.wikimedia.org/wikipedia/commons/thumb/6/60/Pandemic_Preparedness-_examples_of_High-Priority_%22Prototype_Pathogens%22_%28left_to_right%29-_hantavirus%2C_yellow_fever_virus%2C_Nipah_virus%2C_picornavirus%2C_and_Chikungunya_-_3.jpg/1280px-thumbnail.jpg?utm_source=commons.wikimedia.org&utm_campaign=imageinfo&utm_content=thumbnail,
BA_002600,File:Pasiuha 1910.jpg,ok,balanced_authentic/BA_002600.jpg,b7317976b9e0257e1360f6dd462f44dad7e060340bdac4b93bbd4fa9b33dae1f,49186,https://upload.wikimedia.org/wikipedia/commons/3/32/Pasiuha_1910.jpg?utm_source=commons.wikimedia.org&utm_campaign=imageinfo&utm_content=thumbnail_unscaled,
BA_002638,File:Pfizer COVID-19 vaccine for ages 5 to 11 years.jpg,ok,balanced_authentic/BA_002638.jpg,3c8f8228b98150c93d55d0943476c2904fec239e19a8712cfef8e73a38ec1e09,178793,https://thumb.wikimedia.org/wikipedia/commons/thumb/5/57/Pfizer_COVID-19_vaccine_for_ages_5_to_11_years.jpg/1280px-Pfizer_COVID-19_vaccine_for_ages_5_to_11_years.jpg?utm_source=commons.wikimedia.org&utm_campaign=imageinfo&utm_content=thumbnail,
BA_002643,File:Pfizer-BioNTech COVID-19 vaccine (2020) A.jpg,ok,balanced_authentic/BA_002643.jpg,9d7651830092606499e82d7c902cb517e9ff299e547a4c28e3a297582399c92a,76444,https://thumb.wikimedia.org/wikipedia/commons/thumb/7/72/Pfizer-BioNTech_COVID-19_vaccine_%282020%29_A.jpg/1280px-Pfizer-BioNTech_COVID-19_vaccine_%282020%29_A.jpg?utm_source=commons.wikimedia.org&utm_campaign=imageinfo&utm_content=thumbnail,
BA_002646,File:Pfizer-BioNTech COVID-19 vaccine (2020) C-beschnitten.jpg,ok,balanced_authentic/BA_002646.jpg,62e6e514e5f2153164a09353516e6495f1f27269c78d26f26b695324b24c575f,726602,https://upload.wikimedia.org/wikipedia/commons/9/91/Pfizer-BioNTech_COVID-19_vaccine_%282020%29_C-beschnitten.jpg?utm_source=commons.wikimedia.org&utm_campaign=imageinfo&utm_content=thumbnail_unscaled,
BA_002648,File:Pfizer-BioNTech COVID-19 vaccine (2020) D (cropped).jpg,ok,balanced_authentic/BA_002648.jpg,04fe913a260bda6934117bb8989ec1ceb90cd5ab0cd7bcac2d9693d0746c0e3a,239534,https://thumb.wikimedia.org/wikipedia/commons/thumb/b/bb/Pfizer-BioNTech_COVID-19_vaccine_%282020%29_D_%28cropped%29.jpg/1280px-Pfizer-BioNTech_COVID-19_vaccine_%282020%29_D_%28cropped%29.jpg?utm_source=commons.wikimedia.org&utm_campaign=imageinfo&utm_content=thumbnail,
BA_002652,File:Pfizer-BioNTech COVID-19 vaccine (2020) G (cropped).jpg,ok,balanced_authentic/BA_002652.jpg,941466c0abb48ad6b177151beda1c82a747c42174d4b8895587aac549be8753a,403083,https://upload.wikimedia.org/wikipedia/commons/0/07/Pfizer-BioNTech_COVID-19_vaccine_%282020%29_G_%28cropped%29.jpg?utm_source=commons.wikimedia.org&utm_campaign=imageinfo&utm_content=thumbnail_unscaled,
BA_002751,File:Pill Organizer With Vitamins And Medicines.jpg,ok,balanced_authentic/BA_002751.jpg,7ea0528c5b42c7f3dbe27696e6c6f71a54ec94694a565676a75e612dd6045f26,152059,https://thumb.wikimedia.org/wikipedia/commons/thumb/b/bd/Pill_Organizer_With_Vitamins_And_Medicines.jpg/1280px-Pill_Organizer_With_Vitamins_And_Medicines.jpg?utm_source=commons.wikimedia.org&utm_campaign=imageinfo&utm_content=thumbnail,
BA_002759,File:Pills Vitamines Capsules.JPG,ok,balanced_authentic/BA_002759.jpg,5774849a76635c36b2def85a5be520d35beb5d880f48b50811cf279493aa96c0,100828,https://thumb.wikimedia.org/wikipedia/commons/thumb/3/36/Pills_Vitamines_Capsules.JPG/1280px-Pills_Vitamines_Capsules.JPG?utm_source=commons.wikimedia.org&utm_campaign=imageinfo&utm_content=thumbnail,
BA_002768,File:Pioneer RQ-2A UAV - DPLA - 39ae1debb9104de2cf6865743a07d180 (page 1).jpg,ok,balanced_authentic/BA_002768.jpg,76be16f3d68ca9bd1140e19df887bec8a93723be1fdee78c14ac432a3dcf8151,95553,https://thumb.wikimedia.org/wikipedia/commons/thumb/4/46/Pioneer_RQ-2A_UAV_-_DPLA_-_39ae1debb9104de2cf6865743a07d180_%28page_1%29.jpg/1280px-Pioneer_RQ-2A_UAV_-_DPLA_-_39ae1debb9104de2cf6865743a07d180_%28page_1%29.jpg?utm_source=commons.wikimedia.org&utm_campaign=imageinfo&utm_content=thumbnail,
BA_002769,File:Pioneer RQ-2A UAV - DPLA - 39ae1debb9104de2cf6865743a07d180 (page 2).jpg,ok,balanced_authentic/BA_002769.jpg,5515e7e0c300d024fa5db20058911d857316be3857e53cf790e13868c65a4feb,110532,https://thumb.wikimedia.org/wikipedia/commons/thumb/a/a3/Pioneer_RQ-2A_UAV_-_DPLA_-_39ae1debb9104de2cf6865743a07d180_%28page_2%29.jpg/1280px-Pioneer_RQ-2A_UAV_-_DPLA_-_39ae1debb9104de2cf6865743a07d180_%28page_2%29.jpg?utm_source=commons.wikimedia.org&utm_campaign=imageinfo&utm_content=thumbnail,
BA_002780,File:Pneumovax 23.jpg,ok,balanced_authentic/BA_002780.jpg,256472c5acc31ea69ec7e49c7cbbd90009fa46931edcaaa75522cc46ebb9047b,327147,https://thumb.wikimedia.org/wikipedia/commons/thumb/5/5d/Pneumovax_23.jpg/1280px-Pneumovax_23.jpg?utm_source=commons.wikimedia.org&utm_campaign=imageinfo&utm_content=thumbnail,
BA_002783,File:Pofol.JPG,ok,balanced_authentic/BA_002783.jpg,845d0be5c56a94196256fc492ef9fa28428a9fc8e1472a178b2f81e436bfd96b,458729,https://thumb.wikimedia.org/wikipedia/commons/thumb/7/7a/Pofol.JPG/1280px-Pofol.JPG?utm_source=commons.wikimedia.org&utm_campaign=imageinfo&utm_content=thumbnail,
BA_002795,File:Posto de vacinação da febre amarela.jpg,ok,balanced_authentic/BA_002795.jpg,0f73589f06bbe5d849dc94500ab48c9c7e986009e5722f1af660f9025db15fa6,207464,https://thumb.wikimedia.org/wikipedia/commons/thumb/4/40/Posto_de_vacina%C3%A7%C3%A3o_da_febre_amarela.jpg/1280px-Posto_de_vacina%C3%A7%C3%A3o_da_febre_amarela.jpg?utm_source=commons.wikimedia.org&utm_campaign=imageinfo&utm_content=thumbnail,
BA_002824,File:President Trump meets with the Gilead CEO (49854752361).jpg,ok,balanced_authentic/BA_002824.jpg,09d20a5ea34e22aa8b3cba68af0ed6e03f235987d2a1491859b5a6d32e22b13a,349978,https://thumb.wikimedia.org/wikipedia/commons/thumb/e/e3/President_Trump_meets_with_the_Gilead_CEO_%2849854752361%29.jpg/1280px-President_Trump_meets_with_the_Gilead_CEO_%2849854752361%29.jpg?utm_source=commons.wikimedia.org&utm_campaign=imageinfo&utm_content=thumbnail,
BA_002825,File:President Trump meets with the Gilead CEO (49854752376).jpg,ok,balanced_authentic/BA_002825.jpg,d2584597e90655c8d2b5554d450ab876d0d4c67e2ff0293fe81bd1cf4d78de93,355597,https://thumb.wikimedia.org/wikipedia/commons/thumb/b/b2/President_Trump_meets_with_the_Gilead_CEO_%2849854752376%29.jpg/1280px-President_Trump_meets_with_the_Gilead_CEO_%2849854752376%29.jpg?utm_source=commons.wikimedia.org&utm_campaign=imageinfo&utm_content=thumbnail,
BA_002826,File:President Trump meets with the Gilead CEO (49855054497).jpg,ok,balanced_authentic/BA_002826.jpg,7e4e726832a44bd43a9794377f8bf2c623edad55c31a304b2f3240ff5282e2fa,371493,https://thumb.wikimedia.org/wikipedia/commons/thumb/1/14/President_Trump_meets_with_the_Gilead_CEO_%2849855054497%29.jpg/1280px-President_Trump_meets_with_the_Gilead_CEO_%2849855054497%29.jpg?utm_source=commons.wikimedia.org&utm_campaign=imageinfo&utm_content=thumbnail,
BA_002845,File:Propofol 01.jpg,ok,balanced_authentic/BA_002845.jpg,166f16f9961a65d9fa20b850eaffb3289319ac6a4df5c068ba6c82f49128f4bf,263047,https://thumb.wikimedia.org/wikipedia/commons/thumb/7/74/Propofol_01.jpg/1280px-Propofol_01.jpg?utm_source=commons.wikimedia.org&utm_campaign=imageinfo&utm_content=thumbnail,
BA_002846,File:Propofol 02.jpg,ok,balanced_authentic/BA_002846.jpg,8cdb51fc43993f75b70eaf8bb5bcc0c982a409cdb6946e6bdcdb61ddfd8484c3,266453,https://thumb.wikimedia.org/wikipedia/commons/thumb/1/15/Propofol_02.jpg/1280px-Propofol_02.jpg?utm_source=commons.wikimedia.org&utm_campaign=imageinfo&utm_content=thumbnail,
BA_002847,File:Propofol 03.jpg,ok,balanced_authentic/BA_002847.jpg,026eecf5a84d2d9783d4f50078bef814f89fdc55dd3df456328eea13db9e2177,258461,https://thumb.wikimedia.org/wikipedia/commons/thumb/f/fe/Propofol_03.jpg/1280px-Propofol_03.jpg?utm_source=commons.wikimedia.org&utm_campaign=imageinfo&utm_content=thumbnail,
BA_002848,File:Propofol 04.jpg,ok,balanced_authentic/BA_002848.jpg,09eb48b1208d17db5ffc8ddeced3091b9cc4e4eb6517ed7bce83a7f6b8c289aa,334798,https://thumb.wikimedia.org/wikipedia/commons/thumb/0/00/Propofol_04.jpg/1280px-Propofol_04.jpg?utm_source=commons.wikimedia.org&utm_campaign=imageinfo&utm_content=thumbnail,
BA_002849,File:Propofol 05.jpg,ok,balanced_authentic/BA_002849.jpg,69d76149152498005d3d0064ad8a778ce343575fd700f1232bd205bd1089c214,313041,https://thumb.wikimedia.org/wikipedia/commons/thumb/1/14/Propofol_05.jpg/1280px-Propofol_05.jpg?utm_source=commons.wikimedia.org&utm_campaign=imageinfo&utm_content=thumbnail,
BA_002850,File:Propofol 06.jpg,ok,balanced_authentic/BA_002850.jpg,5f257a8426b4672749b46719cbfee408446f0599268d54ef1cc60dcda228eddb,330729,https://thumb.wikimedia.org/wikipedia/commons/thumb/1/1b/Propofol_06.jpg/1280px-Propofol_06.jpg?utm_source=commons.wikimedia.org&utm_campaign=imageinfo&utm_content=thumbnail,
BA_002851,File:Propofol 07.jpg,ok,balanced_authentic/BA_002851.jpg,0c85f9158130fd2935262519f5e3619c837130c087382b71f216892c20156658,318359,https://thumb.wikimedia.org/wikipedia/commons/thumb/5/51/Propofol_07.jpg/1280px-Propofol_07.jpg?utm_source=commons.wikimedia.org&utm_campaign=imageinfo&utm_content=thumbnail,
BA_002852,File:Propofol 08.jpg,ok,balanced_authentic/BA_002852.jpg,4e629acd02c90f1fa666190f0c50f86d217cacb1331ffa877ed628ec1ae1dccc,327660,https://thumb.wikimedia.org/wikipedia/commons/thumb/b/bf/Propofol_08.jpg/1280px-Propofol_08.jpg?utm_source=commons.wikimedia.org&utm_campaign=imageinfo&utm_content=thumbnail,
BA_002853,File:Propofol 09.jpg,ok,balanced_authentic/BA_002853.jpg,0e93cec2c64e036a8c8ef5b3eed1fc79c04678aba008f95fa020304faf966a65,317696,https://thumb.wikimedia.org/wikipedia/commons/thumb/d/d8/Propofol_09.jpg/1280px-Propofol_09.jpg?utm_source=commons.wikimedia.org&utm_campaign=imageinfo&utm_content=thumbnail,
BA_002854,File:Propofol 10.jpg,ok,balanced_authentic/BA_002854.jpg,77be45647e3fc024a1dfaeff2d35b05033ffeb8426dd16495263cf4c9e55e9ab,318977,https://thumb.wikimedia.org/wikipedia/commons/thumb/6/65/Propofol_10.jpg/1280px-Propofol_10.jpg?utm_source=commons.wikimedia.org&utm_campaign=imageinfo&utm_content=thumbnail,
BA_002855,File:Propofol 11.jpg,ok,balanced_authentic/BA_002855.jpg,12564f299a1685086b6e608ecd88ce5982c0c7f6a4ae6e444a6fea1c1fc21b21,228323,https://thumb.wikimedia.org/wikipedia/commons/thumb/6/63/Propofol_11.jpg/1280px-Propofol_11.jpg?utm_source=commons.wikimedia.org&utm_campaign=imageinfo&utm_content=thumbnail,
BA_002856,File:Propofol 12.jpg,ok,balanced_authentic/BA_002856.jpg,7e665f0015505dceaec71d9f8008c64bac2f2ed8e454054a8aa0ccdbc4a3acdc,422245,https://thumb.wikimedia.org/wikipedia/commons/thumb/1/16/Propofol_12.jpg/1280px-Propofol_12.jpg?utm_source=commons.wikimedia.org&utm_campaign=imageinfo&utm_content=thumbnail,
BA_002895,File:Provody na Sich.jpg,ok,balanced_authentic/BA_002895.jpg,03acd83b0e18c9fd68d1b523752ec55858a4cd5826111cd9185978294d8ac595,333414,https://thumb.wikimedia.org/wikipedia/commons/thumb/3/36/Provody_na_Sich.jpg/1280px-Provody_na_Sich.jpg?utm_source=commons.wikimedia.org&utm_campaign=imageinfo&utm_content=thumbnail,
BA_002914,File:Quenching of Quinine fluorescence by chloride ions.JPG,ok,balanced_authentic/BA_002914.jpg,ff28d25f314801bea867fa19408148e12cf2b8da661a8a538ec66cc2a7c22252,112710,https://thumb.wikimedia.org/wikipedia/commons/thumb/6/6f/Quenching_of_Quinine_fluorescence_by_chloride_ions.JPG/1280px-Quenching_of_Quinine_fluorescence_by_chloride_ions.JPG?utm_source=commons.wikimedia.org&utm_campaign=imageinfo&utm_content=thumbnail,
BA_002925,File:Quinine 3-D.png,ok,balanced_authentic/BA_002925.jpg,aafeff17f4b7de3de4f4e37b94f714bd1f945c88f7ad665c5e03eb5189a17d54,27995,https://upload.wikimedia.org/wikipedia/commons/1/1f/Quinine_3-D.png?utm_source=commons.wikimedia.org&utm_campaign=imageinfo&utm_content=thumbnail_unscaled,
BA_002926,File:Quinine Advertisement.jpg,ok,balanced_authentic/BA_002926.jpg,d3d6a600eb0e990751cb02bc81bc6608e286b2a07bb725f7eb49277816fda3a6,369568,https://upload.wikimedia.org/wikipedia/commons/f/f2/Quinine_Advertisement.jpg?utm_source=commons.wikimedia.org&utm_campaign=imageinfo&utm_content=thumbnail_unscaled,
BA_002927,File:Quinine Biosynthesis.png,ok,balanced_authentic/BA_002927.jpg,e708ea46f62ac16c0855cb3896abf2e3e55d9f45f055c35ed1eb95e78b09e78a,585585,https://thumb.wikimedia.org/wikipedia/commons/thumb/4/43/Quinine_Biosynthesis.png/1280px-Quinine_Biosynthesis.png?utm_source=commons.wikimedia.org&utm_campaign=imageinfo&utm_content=thumbnail,
BA_002928,File:Quinine INH Gennadius.jpg,ok,balanced_authentic/BA_002928.jpg,95266ce820b324cc528197e05f9d719e7f87bb91d8870e70481fc651fd129d2b,480260,https://thumb.wikimedia.org/wikipedia/commons/thumb/1/1f/Quinine_INH_Gennadius.jpg/1280px-Quinine_INH_Gennadius.jpg?utm_source=commons.wikimedia.org&utm_campaign=imageinfo&utm_content=thumbnail,
BA_002929,File:Quinine ad.jpg,fetch_failed,,,,https://upload.wikimedia.org/wikipedia/commons/0/0d/Quinine_ad.jpg?utm_source=commons.wikimedia.org&utm_campaign=imageinfo&utm_content=thumbnail_unscaled,
BA_002930,File:Quinine hydrochloride 40 50.jpg,ok,balanced_authentic/BA_002930.jpg,f6c1fb37133ea1dc1fcf186aea75f5ad9e3441f206caee7020957eb5f0642988,230755,https://thumb.wikimedia.org/wikipedia/commons/thumb/f/f3/Quinine_hydrochloride_40_50.jpg/1280px-Quinine_hydrochloride_40_50.jpg?utm_source=commons.wikimedia.org&utm_campaign=imageinfo&utm_content=thumbnail,
BA_002933,File:Quinine pessary ad.jpg,fetch_failed,,,,https://upload.wikimedia.org/wikipedia/commons/4/44/Quinine_pessary_ad.jpg?utm_source=commons.wikimedia.org&utm_campaign=imageinfo&utm_content=thumbnail_unscaled,
BA_002934,File:Quinine specialists of the 19th century. Wellcome V0027531.jpg,ok,balanced_authentic/BA_002934.jpg,702a65f07f4cb447330cac539e1fece2b20c894a3a878bf7ba760e8d6484fcef,936247,https://thumb.wikimedia.org/wikipedia/commons/thumb/a/a2/Quinine_specialists_of_the_19th_century._Wellcome_V0027531.jpg/1280px-Quinine_specialists_of_the_19th_century._Wellcome_V0027531.jpg?utm_source=commons.wikimedia.org&utm_campaign=imageinfo&utm_content=thumbnail,
BA_002936,"File:Quinine sulphate bottle, London, England, 1860-1910 Wellcome L0058980.jpg",ok,balanced_authentic/BA_002936.jpg,e80f51b9a5218ce8577f47b93bb839b91a73aac3de71c7cd09f785bc21c4193a,447523,https://thumb.wikimedia.org/wikipedia/commons/thumb/e/ee/Quinine_sulphate_bottle%2C_London%2C_England%2C_1860-1910_Wellcome_L0058980.jpg/1280px-Quinine_sulphate_bottle%2C_London%2C_England%2C_1860-1910_Wellcome_L0058980.jpg?utm_source=commons.wikimedia.org&utm_campaign=imageinfo&utm_content=thumbnail,
BA_002937,File:Quinine-3D-balls.png,ok,balanced_authentic/BA_002937.jpg,4e03f934f8df705fba952769b772398e1d831ad5951c1af0e40b112fe9dd22c2,217440,https://upload.wikimedia.org/wikipedia/commons/2/2a/Quinine-3D-balls.png?utm_source=commons.wikimedia.org&utm_campaign=imageinfo&utm_content=thumbnail_unscaled,
BA_002953,File:RADM Childs Japan.jpg,ok,balanced_authentic/BA_002953.jpg,a75fe012a9312336a26328ba710efbff9ac06e787308a55e647df38e25636786,223290,https://thumb.wikimedia.org/wikipedia/commons/thumb/d/d0/RADM_Childs_Japan.jpg/1280px-RADM_Childs_Japan.jpg?utm_source=commons.wikimedia.org&utm_campaign=imageinfo&utm_content=thumbnail,
BA_002968,File:Reaktionsschema.png,ok,balanced_authentic/BA_002968.jpg,460f7ad53b247a9ac36489d5345a5021248ecdce3efb8f2dd3c60aa4b723b69f,73906,https://thumb.wikimedia.org/wikipedia/commons/thumb/c/c1/Reaktionsschema.png/1280px-Reaktionsschema.png?utm_source=commons.wikimedia.org&utm_campaign=imageinfo&utm_content=thumbnail,
BA_002969,File:Real-time dashboard of clinical trials for COVID-19 Lancet avril 2020.jpg,fetch_failed,,,,https://upload.wikimedia.org/wikipedia/commons/c/cb/Real-time_dashboard_of_clinical_trials_for_COVID-19_Lancet_avril_2020.jpg?utm_source=commons.wikimedia.org&utm_campaign=imageinfo&utm_content=thumbnail_unscaled,
BA_002982,File:Remdesivir 3D.png,fetch_failed,,,,https://upload.wikimedia.org/wikipedia/commons/7/70/Remdesivir_3D.png?utm_source=commons.wikimedia.org&utm_campaign=imageinfo&utm_content=thumbnail_unscaled,
BA_002983,File:Remdesivir Potentialkarte4.png,ok,balanced_authentic/BA_002983.jpg,f088caac27406a9cde54758cea5c9ae055a3a55c0c83d4d7963d4869fd64107e,1636403,https://thumb.wikimedia.org/wikipedia/commons/thumb/6/69/Remdesivir_Potentialkarte4.png/1280px-Remdesivir_Potentialkarte4.png?utm_source=commons.wikimedia.org&utm_campaign=imageinfo&utm_content=thumbnail,
BA_002984,File:Remdesivir molecule.png,fetch_failed,,,,https://upload.wikimedia.org/wikipedia/commons/f/f1/Remdesivir_molecule.png?utm_source=commons.wikimedia.org&utm_campaign=imageinfo&utm_content=thumbnail_unscaled,
BA_002985,File:Remdesivir-from-xtal-Mercury-3D-ball-and-stick-with-bond-orders.png,ok,balanced_authentic/BA_002985.jpg,705cf75abd25e4da98125b18d0210fd97e6a63939ca8d1ebb609a0d614226f8a,332836,https://thumb.wikimedia.org/wikipedia/commons/thumb/5/5b/Remdesivir-from-xtal-Mercury-3D-ball-and-stick-with-bond-orders.png/1280px-Remdesivir-from-xtal-Mercury-3D-ball-and-stick-with-bond-orders.png?utm_source=commons.wikimedia.org&utm_campaign=imageinfo&utm_content=thumbnail,
BA_002986,File:Remdesivir-from-xtal-Mercury-3D-balls.png,ok,balanced_authentic/BA_002986.jpg,0b087c4c7b8da4df7bad4ff2c2d30e75f4b003e541525ec7d160604c7dfc62c8,295534,https://thumb.wikimedia.org/wikipedia/commons/thumb/a/ad/Remdesivir-from-xtal-Mercury-3D-balls.png/1280px-Remdesivir-from-xtal-Mercury-3D-balls.png?utm_source=commons.wikimedia.org&utm_campaign=imageinfo&utm_content=thumbnail,
BA_002987,File:Remdesivir.jpg,ok,balanced_authentic/BA_002987.jpg,c6df8b058ad5df7c3de061eee912677436194179ff296862cb680421a8bd22f7,374791,https://thumb.wikimedia.org/wikipedia/commons/thumb/5/55/Remdesivir.jpg/1280px-Remdesivir.jpg?utm_source=commons.wikimedia.org&utm_campaign=imageinfo&utm_content=thumbnail,
BA_002992,File:Representation of the different bindings between VEGFVEGFR and the molecules inhibiting their signaling pathways.png,ok,balanced_authentic/BA_002992.jpg,90e97c2b2a14f82ce730586af3a4417fd3b73b0545a41149ad35d295f81f9303,743931,https://thumb.wikimedia.org/wikipedia/commons/thumb/1/15/Representation_of_the_different_bindings_between_VEGFVEGFR_and_the_molecules_inhibiting_their_signaling_pathways.png/1280px-Representation_of_the_different_bindings_between_VEGFVEGFR_and_the_molecules_inhibiting_their_signaling_pathways.png?utm_source=commons.wikimedia.org&utm_campaign=imageinfo&utm_content=thumbnail,
BA_003030,File:Rybelsus 14mg bottle angle view.jpg,ok,balanced_authentic/BA_003030.jpg,88a990b35e47ba731ab02b308d11b1b344450fe2e739e617471deccfa75a9479,315748,https://thumb.wikimedia.org/wikipedia/commons/thumb/d/d4/Rybelsus_14mg_bottle_angle_view.jpg/1280px-Rybelsus_14mg_bottle_angle_view.jpg?utm_source=commons.wikimedia.org&utm_campaign=imageinfo&utm_content=thumbnail,
BA_003031,File:Rybelsus 14mg bottle front view.jpg,ok,balanced_authentic/BA_003031.jpg,6338ec13bd65133f986a1cc0756d341cc7da6c6a563f1edd6bac1704b099ea49,308331,https://thumb.wikimedia.org/wikipedia/commons/thumb/1/14/Rybelsus_14mg_bottle_front_view.jpg/1280px-Rybelsus_14mg_bottle_front_view.jpg?utm_source=commons.wikimedia.org&utm_campaign=imageinfo&utm_content=thumbnail,
BA_003032,File:Rybelsus 14mg box angle view.jpg,ok,balanced_authentic/BA_003032.jpg,4e7a43e7f13289f674f21f1913b2a0cc298cb96e4d942f06ecc8f8f54e52df3a,313511,https://thumb.wikimedia.org/wikipedia/commons/thumb/0/02/Rybelsus_14mg_box_angle_view.jpg/1280px-Rybelsus_14mg_box_angle_view.jpg?utm_source=commons.wikimedia.org&utm_campaign=imageinfo&utm_content=thumbnail,
BA_003033,File:Rybelsus 14mg box front view.jpg,ok,balanced_authentic/BA_003033.jpg,42c44c29c428285538c82f143c7358ee139c588ec43881f76e6f390b7bbd090e,294763,https://thumb.wikimedia.org/wikipedia/commons/thumb/b/bc/Rybelsus_14mg_box_front_view.jpg/1280px-Rybelsus_14mg_box_front_view.jpg?utm_source=commons.wikimedia.org&utm_campaign=imageinfo&utm_content=thumbnail,
BA_003034,File:Rybelsus 3mg 7mg.jpg,ok,balanced_authentic/BA_003034.jpg,f43e155ef66a2d2aee95b7a923a0b351ffa59f3a27de8e2b6a27afacb0cc70bf,295517,https://thumb.wikimedia.org/wikipedia/commons/thumb/5/56/Rybelsus_3mg_7mg.jpg/1280px-Rybelsus_3mg_7mg.jpg?utm_source=commons.wikimedia.org&utm_campaign=imageinfo&utm_content=thumbnail,
BA_003035,File:Rybelsus 3mg bottle angle view.jpg,ok,balanced_authentic/BA_003035.jpg,90eec1b8bdb313ca12347de547e6329d5a353a95b4d5622e9c9ee652f5c77fe5,316583,https://thumb.wikimedia.org/wikipedia/commons/thumb/4/4e/Rybelsus_3mg_bottle_angle_view.jpg/1280px-Rybelsus_3mg_bottle_angle_view.jpg?utm_source=commons.wikimedia.org&utm_campaign=imageinfo&utm_content=thumbnail,
BA_003036,File:Rybelsus 3mg box angle view.jpg,ok,balanced_authentic/BA_003036.jpg,924a8c9ccf34e42c482f69c22e0c68e243191a9d87052ddb31c5cacb13b3d028,319214,https://thumb.wikimedia.org/wikipedia/commons/thumb/4/42/Rybelsus_3mg_box_angle_view.jpg/1280px-Rybelsus_3mg_box_angle_view.jpg?utm_source=commons.wikimedia.org&utm_campaign=imageinfo&utm_content=thumbnail,
BA_003037,File:Rybelsus 7mg bottle angle view.jpg,ok,balanced_authentic/BA_003037.jpg,f57b7cef524e042e086d977916776ad80d6133c7de62d57a28021627056daa20,320380,https://thumb.wikimedia.org/wikipedia/commons/thumb/8/87/Rybelsus_7mg_bottle_angle_view.jpg/1280px-Rybelsus_7mg_bottle_angle_view.jpg?utm_source=commons.wikimedia.org&utm_campaign=imageinfo&utm_content=thumbnail,
BA_003038,File:Rybelsus 7mg bottle front view.jpg,ok,balanced_authentic/BA_003038.jpg,d843365e196a65ba5a394df741ba0d1b56139b9aa9eeb969fe123f52aa50e97d,311238,https://thumb.wikimedia.org/wikipedia/commons/thumb/6/6e/Rybelsus_7mg_bottle_front_view.jpg/1280px-Rybelsus_7mg_bottle_front_view.jpg?utm_source=commons.wikimedia.org&utm_campaign=imageinfo&utm_content=thumbnail,
BA_003039,File:Rybelsus 7mg box angle view.jpg,ok,balanced_authentic/BA_003039.jpg,39cc79a6c32be6d2d887b5d72b283b018d5cdcd52cd1ef24f8f698bb883beb73,349575,https://thumb.wikimedia.org/wikipedia/commons/thumb/f/f9/Rybelsus_7mg_box_angle_view.jpg/1280px-Rybelsus_7mg_box_angle_view.jpg?utm_source=commons.wikimedia.org&utm_campaign=imageinfo&utm_content=thumbnail,
BA_003040,File:Rybelsus 7mg box front view.jpg,ok,balanced_authentic/BA_003040.jpg,881b7a59a46a2460ab9e501aa257ed1b08e04675d898c605dd685af2a0c64f10,296952,https://thumb.wikimedia.org/wikipedia/commons/thumb/9/91/Rybelsus_7mg_box_front_view.jpg/1280px-Rybelsus_7mg_box_front_view.jpg?utm_source=commons.wikimedia.org&utm_campaign=imageinfo&utm_content=thumbnail,
BA_003066,File:Sandoz.Methylprednisolone.4mg.jpg,ok,balanced_authentic/BA_003066.jpg,fbb6bd870153f583e7d082504c879c1f16902eb5565cd8aacc5a7afaae62b671,250321,https://thumb.wikimedia.org/wikipedia/commons/thumb/9/92/Sandoz.Methylprednisolone.4mg.jpg/1280px-Sandoz.Methylprednisolone.4mg.jpg?utm_source=commons.wikimedia.org&utm_campaign=imageinfo&utm_content=thumbnail,
BA_003071,File:Sardar Md. Sakhawat Hossain administering Vitamin A capsules at Vitamin A Plus Campaign inauguration in Dhaka 2026-06-28.jpg,ok,balanced_authentic/BA_003071.jpg,0f3fbda5c6c01d64ba1503cd20cdb3a9c8824cbb48ac8a749a1c6359304ee16c,295066,https://thumb.wikimedia.org/wikipedia/commons/thumb/2/2b/Sardar_Md._Sakhawat_Hossain_administering_Vitamin_A_capsules_at_Vitamin_A_Plus_Campaign_inauguration_in_Dhaka_2026-06-28.jpg/1280px-Sardar_Md._Sakhawat_Hossain_administering_Vitamin_A_capsules_at_Vitamin_A_Plus_Campaign_inauguration_in_Dhaka_2026-06-28.jpg?utm_source=commons.wikimedia.org&utm_campaign=imageinfo&utm_content=thumbnail,
BA_003078,File:Sea buckthorn seed oil gel.JPEG,ok,balanced_authentic/BA_003078.jpg,ae251fc8eb7421f56faefeb8ee5f22c68073fc269fc77f01a23266d9867b8a7d,22732,https://upload.wikimedia.org/wikipedia/commons/b/b3/Sea_buckthorn_seed_oil_gel.JPEG?utm_source=commons.wikimedia.org&utm_campaign=imageinfo&utm_content=thumbnail_unscaled,
BA_003090,File:Semaglutide Pharmacokinetics for Once Weekly Subcutaneous Injection.png,ok,balanced_authentic/BA_003090.jpg,7f4e0725351a13573e5dc497c358cc634e97801cf1f2f98eb2b1a0935806ee29,290893,https://thumb.wikimedia.org/wikipedia/commons/thumb/f/f6/Semaglutide_Pharmacokinetics_for_Once_Weekly_Subcutaneous_Injection.png/1280px-Semaglutide_Pharmacokinetics_for_Once_Weekly_Subcutaneous_Injection.png?utm_source=commons.wikimedia.org&utm_campaign=imageinfo&utm_content=thumbnail,
BA_003091,File:Semaglutide vs. liraglutide v01 SVK.png,ok,balanced_authentic/BA_003091.jpg,95cd4d76e2aef4a4598edaea19a75569c71e42cd60d45abb2d10bc365ce1715e,163362,https://thumb.wikimedia.org/wikipedia/commons/thumb/c/cc/Semaglutide_vs._liraglutide_v01_SVK.png/1280px-Semaglutide_vs._liraglutide_v01_SVK.png?utm_source=commons.wikimedia.org&utm_campaign=imageinfo&utm_content=thumbnail,
BA_003096,File:Seoul National University Hospital Morning Patient Meal Covered.jpg,ok,balanced_authentic/BA_003096.jpg,356b5b7fbddd9495b62fe4c6dc2ee556164a6fb0897523ef8502900694c7a2e6,204592,https://thumb.wikimedia.org/wikipedia/commons/thumb/b/ba/Seoul_National_University_Hospital_Morning_Patient_Meal_Covered.jpg/1280px-Seoul_National_University_Hospital_Morning_Patient_Meal_Covered.jpg?utm_source=commons.wikimedia.org&utm_campaign=imageinfo&utm_content=thumbnail,
BA_003119,"File:Sinopharm BBIBP-CorV COVID-19 vaccine vial from Nikli, Bangladesh.jpg",ok,balanced_authentic/BA_003119.jpg,1600ae1010ee0e0a6c9ba9e083acbe15dad40f00fe897244be8d70d30f11d128,627751,https://thumb.wikimedia.org/wikipedia/commons/thumb/2/24/Sinopharm_BBIBP-CorV_COVID-19_vaccine_vial_from_Nikli%2C_Bangladesh.jpg/1280px-Sinopharm_BBIBP-CorV_COVID-19_vaccine_vial_from_Nikli%2C_Bangladesh.jpg?utm_source=commons.wikimedia.org&utm_campaign=imageinfo&utm_content=thumbnail,
BA_003120,File:Sinopharm Star Shark VE Soft Capsules.jpg,ok,balanced_authentic/BA_003120.jpg,b85a9fd1eaac345d9b33f4108e5eb253cd7c73f0d1db40d31a7fc4a5b36c2f2e,176708,https://thumb.wikimedia.org/wikipedia/commons/thumb/4/4d/Sinopharm_Star_Shark_VE_Soft_Capsules.jpg/1280px-Sinopharm_Star_Shark_VE_Soft_Capsules.jpg?utm_source=commons.wikimedia.org&utm_campaign=imageinfo&utm_content=thumbnail,
BA_003126,File:Slastion-Bandurist Samiylo Yasnij.jpg,ok,balanced_authentic/BA_003126.jpg,f3882d5b535a62d13be6c7945972c39145d27fc562b0f2e6da69e4c02f63c023,738934,https://thumb.wikimedia.org/wikipedia/commons/thumb/5/5c/Slastion-Bandurist_Samiylo_Yasnij.jpg/1280px-Slastion-Bandurist_Samiylo_Yasnij.jpg?utm_source=commons.wikimedia.org&utm_campaign=imageinfo&utm_content=thumbnail,
BA_003128,File:Slastion-Illustration 1.jpg,ok,balanced_authentic/BA_003128.jpg,f21564209486f03fcd9ef91fda354cf407eec76ea49129355586b9a3b71893c5,509093,https://thumb.wikimedia.org/wikipedia/commons/thumb/d/d1/Slastion-Illustration_1.jpg/1280px-Slastion-Illustration_1.jpg?utm_source=commons.wikimedia.org&utm_campaign=imageinfo&utm_content=thumbnail,
BA_003129,File:Slastion-Illustration 2.jpg,ok,balanced_authentic/BA_003129.jpg,8db0ff857483024d20246b993f11666bd5dbf89b5852da9fc173e67bbef7a815,781588,https://thumb.wikimedia.org/wikipedia/commons/thumb/c/cb/Slastion-Illustration_2.jpg/1280px-Slastion-Illustration_2.jpg?utm_source=commons.wikimedia.org&utm_campaign=imageinfo&utm_content=thumbnail,
BA_003130,File:Slastion-Illustration 6.jpg,ok,balanced_authentic/BA_003130.jpg,0aa54f32b0b24b4eab22ce04de7e8bf3d368a0acaeb99bc3f2cd707c1a16ce7b,644760,https://thumb.wikimedia.org/wikipedia/commons/thumb/7/76/Slastion-Illustration_6.jpg/1280px-Slastion-Illustration_6.jpg?utm_source=commons.wikimedia.org&utm_campaign=imageinfo&utm_content=thumbnail,
BA_003131,File:Slastion-Kobzar Hovtvan.jpg,ok,balanced_authentic/BA_003131.jpg,17fa60251d7b0b0412ca3484189146da4806308ceac724dd9aa708f0cc3c9003,75730,https://upload.wikimedia.org/wikipedia/commons/1/11/Slastion-Kobzar_Hovtvan.jpg?utm_source=commons.wikimedia.org&utm_campaign=imageinfo&utm_content=thumbnail_unscaled,
BA_003132,File:Slastion-Kobzar P. Tkachenko.jpg,ok,balanced_authentic/BA_003132.jpg,7746f95566a21fc1ba40077060b9a878b63428d22d55cf22b5fe130c4b86ec17,59573,https://upload.wikimedia.org/wikipedia/commons/3/30/Slastion-Kobzar_P._Tkachenko.jpg?utm_source=commons.wikimedia.org&utm_campaign=imageinfo&utm_content=thumbnail_unscaled,
BA_003139,File:Sofos2.JPG,ok,balanced_authentic/BA_003139.jpg,6cd4d0460be1254fb55c66ab769f660cd550c9b2e7c802e33450773cee64a208,38191,https://upload.wikimedia.org/wikipedia/commons/6/67/Sofos2.JPG?utm_source=commons.wikimedia.org&utm_campaign=imageinfo&utm_content=thumbnail_unscaled,
BA_003140,File:Sofosbuvir 3D.png,ok,balanced_authentic/BA_003140.jpg,b999fbb8cd34c0df74f3803fa527c3fa9eb13d3297f8952adad50e359a2f4be6,10398,https://upload.wikimedia.org/wikipedia/commons/3/3b/Sofosbuvir_3D.png?utm_source=commons.wikimedia.org&utm_campaign=imageinfo&utm_content=thumbnail_unscaled,
BA_003141,File:Sofosbuvir Synthese 1.png,ok,balanced_authentic/BA_003141.jpg,73ec0577cb7a9807c0b027d8ab86007e263aa6e562863706f238dc058c7191c0,164787,https://thumb.wikimedia.org/wikipedia/commons/thumb/a/a3/Sofosbuvir_Synthese_1.png/1280px-Sofosbuvir_Synthese_1.png?utm_source=commons.wikimedia.org&utm_campaign=imageinfo&utm_content=thumbnail,
BA_003142,File:Sofosbuvir Synthese 2.png,ok,balanced_authentic/BA_003142.jpg,2393bf712dcc4cbcee8ef1926a4ba5207a6eb6e0ffe16bd75bb73899d672a219,114457,https://thumb.wikimedia.org/wikipedia/commons/thumb/8/81/Sofosbuvir_Synthese_2.png/1280px-Sofosbuvir_Synthese_2.png?utm_source=commons.wikimedia.org&utm_campaign=imageinfo&utm_content=thumbnail,
BA_003143,File:Sofosbuvir chiral.JPG,ok,balanced_authentic/BA_003143.jpg,9b0658eeabff847d5b1ab60c10ba36f8b0a5525e1129d677f6d39e074f03a607,33345,https://upload.wikimedia.org/wikipedia/commons/3/31/Sofosbuvir_chiral.JPG?utm_source=commons.wikimedia.org&utm_campaign=imageinfo&utm_content=thumbnail_unscaled,
BA_003144,File:Sofosbuvir prodrug chemistry Armenian.png,ok,balanced_authentic/BA_003144.jpg,6eccd28e65aa875761d79a7a6963c682eca428b08bc82fcd95e2003a8e3dfe0f,48472,https://thumb.wikimedia.org/wikipedia/commons/thumb/b/b8/Sofosbuvir_prodrug_chemistry_Armenian.png/1280px-Sofosbuvir_prodrug_chemistry_Armenian.png?utm_source=commons.wikimedia.org&utm_campaign=imageinfo&utm_content=thumbnail,
BA_003145,File:Sofosbuvir struct.png,ok,balanced_authentic/BA_003145.jpg,d79686447565ef8138f30bfae751525b51d2427e4c4d71efabd8b21ecd994f3f,76933,https://upload.wikimedia.org/wikipedia/commons/e/e8/Sofosbuvir_struct.png?utm_source=commons.wikimedia.org&utm_campaign=imageinfo&utm_content=thumbnail_unscaled,
BA_003146,File:Sofosbuvir-Taraz.jpg,ok,balanced_authentic/BA_003146.jpg,b72ed59494a85c956d65f80e42366ea435710bb591cb29b275253b946ec5eaf7,338153,https://thumb.wikimedia.org/wikipedia/commons/thumb/4/46/Sofosbuvir-Taraz.jpg/1280px-Sofosbuvir-Taraz.jpg?utm_source=commons.wikimedia.org&utm_campaign=imageinfo&utm_content=thumbnail,
BA_003147,File:Sofosbuvir-hepatic-metabolism-and-activation-to-GS-331007-TP.png,ok,balanced_authentic/BA_003147.jpg,f3a14d9982bc1f9fdbd4ebab6954aee14ebc3f74c7f08da331b71d58e6b171b6,196346,https://upload.wikimedia.org/wikipedia/commons/a/a4/Sofosbuvir-hepatic-metabolism-and-activation-to-GS-331007-TP.png?utm_source=commons.wikimedia.org&utm_campaign=imageinfo&utm_content=thumbnail_unscaled,
BA_003148,File:Sofosbuvir-protide-example.png,ok,balanced_authentic/BA_003148.jpg,7d06d7417df1a856d9f594ef8fa30235486f8d6bf5343c25a35fba29ce5f3b30,20126,https://upload.wikimedia.org/wikipedia/commons/1/14/Sofosbuvir-protide-example.png?utm_source=commons.wikimedia.org&utm_campaign=imageinfo&utm_content=thumbnail_unscaled,
BA_003151,File:Solo-Protein Subunit-vaccine-14.jpg,ok,balanced_authentic/BA_003151.jpg,c560452904ffcb864ae50815fe7736c529cb097828b63313f19652edb5ecf76e,72591,https://thumb.wikimedia.org/wikipedia/commons/thumb/7/75/Solo-Protein_Subunit-vaccine-14.jpg/1280px-Solo-Protein_Subunit-vaccine-14.jpg?utm_source=commons.wikimedia.org&utm_campaign=imageinfo&utm_content=thumbnail,
BA_003152,File:Solo-Protein Subunit-vaccine-15.jpg,ok,balanced_authentic/BA_003152.jpg,5b85a6363fc22aebcbee5fc79a52924a73155424aaf4f8a9eecf8569750a8509,64562,https://thumb.wikimedia.org/wikipedia/commons/thumb/1/18/Solo-Protein_Subunit-vaccine-15.jpg/1280px-Solo-Protein_Subunit-vaccine-15.jpg?utm_source=commons.wikimedia.org&utm_campaign=imageinfo&utm_content=thumbnail,
BA_003153,File:Solo-Protein Subunit-vaccine-16.jpg,ok,balanced_authentic/BA_003153.jpg,698c17a3b5c0aa7aa8e08b810645adf45813502c8e41a572f1ad0aad9cd62e1e,56753,https://thumb.wikimedia.org/wikipedia/commons/thumb/a/a3/Solo-Protein_Subunit-vaccine-16.jpg/1280px-Solo-Protein_Subunit-vaccine-16.jpg?utm_source=commons.wikimedia.org&utm_campaign=imageinfo&utm_content=thumbnail,
BA_003154,File:Solo-Protein Subunit-vaccine-18.jpg,ok,balanced_authentic/BA_003154.jpg,b268e5c079d85f88a6b7a8d01153ce281e48e3b1aed4dab0e9a2eea2b18d090e,85232,https://thumb.wikimedia.org/wikipedia/commons/thumb/d/d8/Solo-Protein_Subunit-vaccine-18.jpg/1280px-Solo-Protein_Subunit-vaccine-18.jpg?utm_source=commons.wikimedia.org&utm_campaign=imageinfo&utm_content=thumbnail,
BA_003155,File:Solo-Protein Subunit-vaccine-19.jpg,ok,balanced_authentic/BA_003155.jpg,434b910c89cebfcdea3338011dbdeab6d2e4e40176c6dafd48f6448fc2c94fb8,259992,https://thumb.wikimedia.org/wikipedia/commons/thumb/1/1f/Solo-Protein_Subunit-vaccine-19.jpg/1280px-Solo-Protein_Subunit-vaccine-19.jpg?utm_source=commons.wikimedia.org&utm_campaign=imageinfo&utm_content=thumbnail,
BA_003156,File:Solo-Protein Subunit-vaccine-20.jpg,ok,balanced_authentic/BA_003156.jpg,c86964725682eb54a5e3b059f47a8234db69bd47dd5e0dfa57cf46229cae212d,186707,https://thumb.wikimedia.org/wikipedia/commons/thumb/2/20/Solo-Protein_Subunit-vaccine-20.jpg/1280px-Solo-Protein_Subunit-vaccine-20.jpg?utm_source=commons.wikimedia.org&utm_campaign=imageinfo&utm_content=thumbnail,
BA_003157,File:Solo-Protein Subunit-vaccine-21.jpg,ok,balanced_authentic/BA_003157.jpg,50680d1780288be1aa8fabe9ab30a4956f7cb7924e60346f70a805df2a3d881d,91216,https://thumb.wikimedia.org/wikipedia/commons/thumb/0/05/Solo-Protein_Subunit-vaccine-21.jpg/1280px-Solo-Protein_Subunit-vaccine-21.jpg?utm_source=commons.wikimedia.org&utm_campaign=imageinfo&utm_content=thumbnail,
BA_003181,File:Southern medicine and surgery (serial) (1942) (14579348097).jpg,ok,balanced_authentic/BA_003181.jpg,9faeb34c1f9f5f3b85407b45c400f7faae5cac87d23a51b6430beb233567535a,219452,https://thumb.wikimedia.org/wikipedia/commons/thumb/e/e4/Southern_medicine_and_surgery_%28serial%29_%281942%29_%2814579348097%29.jpg/1280px-Southern_medicine_and_surgery_%28serial%29_%281942%29_%2814579348097%29.jpg?utm_source=commons.wikimedia.org&utm_campaign=imageinfo&utm_content=thumbnail,
BA_003182,File:Sovaldi 400mg.jpg,ok,balanced_authentic/BA_003182.jpg,6021ec35fe41ed634d2b9c205a106dd712abfe0ff3a86d2cc511ade93ff9c123,157093,https://upload.wikimedia.org/wikipedia/commons/1/1c/Sovaldi_400mg.jpg?utm_source=commons.wikimedia.org&utm_campaign=imageinfo&utm_content=thumbnail_unscaled,
BA_003184,File:Soviet International Certificate of Vaccination or Revaccination Against Yellow Fever.jpg,ok,balanced_authentic/BA_003184.jpg,b14836513a389401e1e099fb25d7d022e7219fc084241cbab5f2e54bb93b8dd4,378068,https://thumb.wikimedia.org/wikipedia/commons/thumb/1/14/Soviet_International_Certificate_of_Vaccination_or_Revaccination_Against_Yellow_Fever.jpg/1280px-Soviet_International_Certificate_of_Vaccination_or_Revaccination_Against_Yellow_Fever.jpg?utm_source=commons.wikimedia.org&utm_campaign=imageinfo&utm_content=thumbnail,
BA_003185,File:Sovodak.jpg,ok,balanced_authentic/BA_003185.jpg,cba2f35ddc63e0d19438d81876ade6c5a8e33cde5583f6ed1151c98a506f0f8d,309975,https://upload.wikimedia.org/wikipedia/commons/2/2d/Sovodak.jpg?utm_source=commons.wikimedia.org&utm_campaign=imageinfo&utm_content=thumbnail_unscaled,
BA_003190,File:Stamaril (Yellow fever vaccine).jpg,ok,balanced_authentic/BA_003190.jpg,3005a2c6cb3f15f53f923f2a11fcfe7dd2cd1616579c8a27ed2335f879794189,704716,https://thumb.wikimedia.org/wikipedia/commons/thumb/a/a1/Stamaril_%28Yellow_fever_vaccine%29.jpg/1280px-Stamaril_%28Yellow_fever_vaccine%29.jpg?utm_source=commons.wikimedia.org&utm_campaign=imageinfo&utm_content=thumbnail,
BA_003191,File:Stamaril FIN.jpg,ok,balanced_authentic/BA_003191.jpg,2cd9b7e7b32a80011b3f6776b31d876ea1a04d6fb3e7e18aa7f0b55e8d40ffa6,309808,https://thumb.wikimedia.org/wikipedia/commons/thumb/e/e7/Stamaril_FIN.jpg/1280px-Stamaril_FIN.jpg?utm_source=commons.wikimedia.org&utm_campaign=imageinfo&utm_content=thumbnail,
BA_003192,File:Stamaril.jpg,ok,balanced_authentic/BA_003192.jpg,3689fdd47f008b8d0da396429e19a7718723429d141a2d3e7384dc46cd90bc6b,384315,https://upload.wikimedia.org/wikipedia/commons/4/4e/Stamaril.jpg?utm_source=commons.wikimedia.org&utm_campaign=imageinfo&utm_content=thumbnail_unscaled,
BA_003227,File:Suresh Jadhav for Doctors Without Borders.jpg,ok,balanced_authentic/BA_003227.jpg,5b136fe48b98a3bd9f9da8c34535a36d403a32cf613643ee13ac4cf6ccc9987d,119641,https://thumb.wikimedia.org/wikipedia/commons/thumb/3/35/Suresh_Jadhav_for_Doctors_Without_Borders.jpg/1280px-Suresh_Jadhav_for_Doctors_Without_Borders.jpg?utm_source=commons.wikimedia.org&utm_campaign=imageinfo&utm_content=thumbnail,
BA_003320,File:Tanzania issued yellow fever certificate.jpg,ok,balanced_authentic/BA_003320.jpg,86982e939767e7ca119d08e84ed695e9110f6cfcd647fbdb74325436db6e896f,452617,https://thumb.wikimedia.org/wikipedia/commons/thumb/a/a4/Tanzania_issued_yellow_fever_certificate.jpg/1280px-Tanzania_issued_yellow_fever_certificate.jpg?utm_source=commons.wikimedia.org&utm_campaign=imageinfo&utm_content=thumbnail,
BA_003335,File:The Canadian nurse (1939) (14584707080).jpg,ok,balanced_authentic/BA_003335.jpg,358fa7824c70cb187c1b0231b0293ca2ad7fb52ee1a145649607cf4df5d1f7bf,442065,https://thumb.wikimedia.org/wikipedia/commons/thumb/7/73/The_Canadian_nurse_%281939%29_%2814584707080%29.jpg/1280px-The_Canadian_nurse_%281939%29_%2814584707080%29.jpg?utm_source=commons.wikimedia.org&utm_campaign=imageinfo&utm_content=thumbnail,
BA_003336,File:The Canadian nurse (1939) (14584740730).jpg,ok,balanced_authentic/BA_003336.jpg,98e881b9147ff68d7a5446b4333af8f197329bcf34d2bc37b74107f14b90b6f2,525285,https://thumb.wikimedia.org/wikipedia/commons/thumb/b/bc/The_Canadian_nurse_%281939%29_%2814584740730%29.jpg/1280px-The_Canadian_nurse_%281939%29_%2814584740730%29.jpg?utm_source=commons.wikimedia.org&utm_campaign=imageinfo&utm_content=thumbnail,
BA_003337,File:The Canadian nurse (1939) (14584765199).jpg,ok,balanced_authentic/BA_003337.jpg,ab0471413245c2ae3ab22f175394d8747bb2f9a418a790a0b588b42474d89f66,184238,https://thumb.wikimedia.org/wikipedia/commons/thumb/f/f1/The_Canadian_nurse_%281939%29_%2814584765199%29.jpg/1280px-The_Canadian_nurse_%281939%29_%2814584765199%29.jpg?utm_source=commons.wikimedia.org&utm_campaign=imageinfo&utm_content=thumbnail,
BA_003338,File:The Canadian nurse (1939) (14584775149).jpg,ok,balanced_authentic/BA_003338.jpg,d9d81223cffb7542ab9d1320f72c17d398737a464fe297a545194f96e6990607,222172,https://thumb.wikimedia.org/wikipedia/commons/thumb/5/5d/The_Canadian_nurse_%281939%29_%2814584775149%29.jpg/1280px-The_Canadian_nurse_%281939%29_%2814584775149%29.jpg?utm_source=commons.wikimedia.org&utm_campaign=imageinfo&utm_content=thumbnail,
BA_003339,File:The Canadian nurse (1939) (14769100424).jpg,ok,balanced_authentic/BA_003339.jpg,12dce5c5dee5ef8ff96f6dc913463d8959b9fea6e729652a25d7f363e4ad4dcc,268111,https://thumb.wikimedia.org/wikipedia/commons/thumb/7/79/The_Canadian_nurse_%281939%29_%2814769100424%29.jpg/1280px-The_Canadian_nurse_%281939%29_%2814769100424%29.jpg?utm_source=commons.wikimedia.org&utm_campaign=imageinfo&utm_content=thumbnail,
BA_003340,File:The Canadian nurse (1939) (14771451385).jpg,ok,balanced_authentic/BA_003340.jpg,ad30aa0189593ecd34f3cd587897dea7603908be0e940d350a7ba06409d6a52b,266398,https://thumb.wikimedia.org/wikipedia/commons/thumb/0/02/The_Canadian_nurse_%281939%29_%2814771451385%29.jpg/1280px-The_Canadian_nurse_%281939%29_%2814771451385%29.jpg?utm_source=commons.wikimedia.org&utm_campaign=imageinfo&utm_content=thumbnail,
BA_003341,File:The Carolina medical journal (serial) (1902) (14579934730).jpg,ok,balanced_authentic/BA_003341.jpg,84d6d8131e05cde5ba8bb4e181601e841daa4ab51e1f1de975d4fdf68783db9a,516642,https://thumb.wikimedia.org/wikipedia/commons/thumb/4/4c/The_Carolina_medical_journal_%28serial%29_%281902%29_%2814579934730%29.jpg/1280px-The_Carolina_medical_journal_%28serial%29_%281902%29_%2814579934730%29.jpg?utm_source=commons.wikimedia.org&utm_campaign=imageinfo&utm_content=thumbnail,
BA_003342,File:The Carolina medical journal (serial) (1902) (14743657986).jpg,ok,balanced_authentic/BA_003342.jpg,598ea214f52e2f20d855ced52abbc0ba110d6195d8e6b271a5fdcc4abd0e78f8,509891,https://thumb.wikimedia.org/wikipedia/commons/thumb/a/a8/The_Carolina_medical_journal_%28serial%29_%281902%29_%2814743657986%29.jpg/1280px-The_Carolina_medical_journal_%28serial%29_%281902%29_%2814743657986%29.jpg?utm_source=commons.wikimedia.org&utm_campaign=imageinfo&utm_content=thumbnail,
BA_003343,File:The Carolina medical journal (serial) (1902) (14766652295).jpg,ok,balanced_authentic/BA_003343.jpg,3d92ad688b24d80347407751f8477887ae79c6d427d3a16a9de6d519924f329f,474532,https://thumb.wikimedia.org/wikipedia/commons/thumb/d/d1/The_Carolina_medical_journal_%28serial%29_%281902%29_%2814766652295%29.jpg/1280px-The_Carolina_medical_journal_%28serial%29_%281902%29_%2814766652295%29.jpg?utm_source=commons.wikimedia.org&utm_campaign=imageinfo&utm_content=thumbnail,
BA_003367,"File:The Secretary, Ministry of Health and Family Welfare, Shri Prasanna Hota at the Launch of Tyfex Vaccine for Typhoid and Hivac-B vaccine for Hepatitis-B, in New Delhi on October 30, 2006.jpg",ok,balanced_authentic/BA_003367.jpg,36f2db885287fc4ad6f91498042040e847922b98fe9552128692b2c887a6f94a,260054,https://thumb.wikimedia.org/wikipedia/commons/thumb/b/bb/The_Secretary%2C_Ministry_of_Health_and_Family_Welfare%2C_Shri_Prasanna_Hota_at_the_Launch_of_Tyfex_Vaccine_for_Typhoid_and_Hivac-B_vaccine_for_Hepatitis-B%2C_in_New_Delhi_on_October_30%2C_2006.jpg/1280px-thumbnail.jpg?utm_source=commons.wikimedia.org&utm_campaign=imageinfo&utm_content=thumbnail,
BA_003368,File:The World almanac and encyclopedia (1915) (14596556437).jpg,ok,balanced_authentic/BA_003368.jpg,6e5c9948d67a7ea7f0cc798644988d96a6e0ac5ce942c69b4522d905f1af7795,814552,https://thumb.wikimedia.org/wikipedia/commons/thumb/c/c6/The_World_almanac_and_encyclopedia_%281915%29_%2814596556437%29.jpg/1280px-The_World_almanac_and_encyclopedia_%281915%29_%2814596556437%29.jpg?utm_source=commons.wikimedia.org&utm_campaign=imageinfo&utm_content=thumbnail,
BA_003428,File:Tube de lysopaine.jpg,ok,balanced_authentic/BA_003428.jpg,c3dd9a11eeca54be04f9425e1fc91b62a7d2b3ac41c9ffeb401a2bd9eddbd123,260302,https://thumb.wikimedia.org/wikipedia/commons/thumb/9/9e/Tube_de_lysopaine.jpg/1280px-Tube_de_lysopaine.jpg?utm_source=commons.wikimedia.org&utm_campaign=imageinfo&utm_content=thumbnail,
BA_003434,File:Twinrix GlaxoSmithKline - i-hepA & r-hepB-S-Ag - doos Terumo-naald spuiten.JPG,ok,balanced_authentic/BA_003434.jpg,d7f977d0f2adba4a8b0a6b251dd65ee18c42ff33a256f6d3a4e1d0cd52688751,233416,https://thumb.wikimedia.org/wikipedia/commons/thumb/a/a3/Twinrix_GlaxoSmithKline_-_i-hepA_%26_r-hepB-S-Ag_-_doos_Terumo-naald_spuiten.JPG/1280px-Twinrix_GlaxoSmithKline_-_i-hepA_%26_r-hepB-S-Ag_-_doos_Terumo-naald_spuiten.JPG?utm_source=commons.wikimedia.org&utm_campaign=imageinfo&utm_content=thumbnail,
BA_003435,File:Twinrix.jpg,ok,balanced_authentic/BA_003435.jpg,c78a3e8ce0834bbb1e440e306d72efec53263b6226f3b072ecec1aa2e8a16118,209597,https://thumb.wikimedia.org/wikipedia/commons/thumb/8/84/Twinrix.jpg/1280px-Twinrix.jpg?utm_source=commons.wikimedia.org&utm_campaign=imageinfo&utm_content=thumbnail,
BA_003441,"File:Two metal pill boxes, United States, 1880-1935 Wellcome L0058979.jpg",ok,balanced_authentic/BA_003441.jpg,c90b5192238431d930a728ca1eabb6a4189470db40594c6a9dcf54249233a352,226154,https://thumb.wikimedia.org/wikipedia/commons/thumb/a/af/Two_metal_pill_boxes%2C_United_States%2C_1880-1935_Wellcome_L0058979.jpg/1280px-Two_metal_pill_boxes%2C_United_States%2C_1880-1935_Wellcome_L0058979.jpg?utm_source=commons.wikimedia.org&utm_campaign=imageinfo&utm_content=thumbnail,
BA_003454,"File:U.S. Army medical researchers take part in World Malaria Day 2010, Kisumu, Kenya April 25, 2010.jpg",ok,balanced_authentic/BA_003454.jpg,056c7f1689b6f7e8c8f0df8b451b11370630c0ae41e426ae20103e60d4340be0,251244,https://thumb.wikimedia.org/wikipedia/commons/thumb/c/c6/U.S._Army_medical_researchers_take_part_in_World_Malaria_Day_2010%2C_Kisumu%2C_Kenya_April_25%2C_2010.jpg/1280px-U.S._Army_medical_researchers_take_part_in_World_Malaria_Day_2010%2C_Kisumu%2C_Kenya_April_25%2C_2010.jpg?utm_source=commons.wikimedia.org&utm_campaign=imageinfo&utm_content=thumbnail,
BA_003455,File:UK Government urges business to boost vaccines effort.jpg,ok,balanced_authentic/BA_003455.jpg,ecead5f9559143a6a7836e64db88115c2d1aacd1c1b84e978fab3096a70dbfa0,216327,https://thumb.wikimedia.org/wikipedia/commons/thumb/c/c5/UK_Government_urges_business_to_boost_vaccines_effort.jpg/1280px-UK_Government_urges_business_to_boost_vaccines_effort.jpg?utm_source=commons.wikimedia.org&utm_campaign=imageinfo&utm_content=thumbnail,
BA_003456,File:US Navy 050602-N-0555B-006 Hospital Corpsman 3rd Class Natasha Wooden administers a Hepatitis-B vaccine to a Sailors aboard the Nimitz class aircraft carrier USS Ronald Reagan (CVN 76).jpg,ok,balanced_authentic/BA_003456.jpg,161ff1a3998de8292bcf1bbc94cc0f8ca2c5136f2bf0821499b7f3a03c8d9159,242323,https://thumb.wikimedia.org/wikipedia/commons/thumb/a/a4/US_Navy_050602-N-0555B-006_Hospital_Corpsman_3rd_Class_Natasha_Wooden_administers_a_Hepatitis-B_vaccine_to_a_Sailors_aboard_the_Nimitz_class_aircraft_carrier_USS_Ronald_Reagan_%28CVN_76%29.jpg/1280px-thumbnail.jpg?utm_source=commons.wikimedia.org&utm_campaign=imageinfo&utm_content=thumbnail,
BA_003457,"File:US Navy 070406-N-5627R-326 Airman Sandra Valdovinos, from Delano, Calif., administers Airman Adam Helton, from Mesa, Ariz., a Hepatitis B vaccine.jpg",ok,balanced_authentic/BA_003457.jpg,7dc832be6a178218657faccc73686e602baec03b4869da4d93b5c54781ca0e53,254313,https://thumb.wikimedia.org/wikipedia/commons/thumb/5/54/US_Navy_070406-N-5627R-326_Airman_Sandra_Valdovinos%2C_from_Delano%2C_Calif.%2C_administers_Airman_Adam_Helton%2C_from_Mesa%2C_Ariz.%2C_a_Hepatitis_B_vaccine.jpg/1280px-US_Navy_070406-N-5627R-326_Airman_Sandra_Valdovinos%2C_from_Delano%2C_Calif.%2C_administers_Airman_Adam_Helton%2C_from_Mesa%2C_Ariz.%2C_a_Hepatitis_B_vaccine.jpg?utm_source=commons.wikimedia.org&utm_campaign=imageinfo&utm_content=thumbnail,
BA_003504,File:Vaccin infections invasives à méningocoque.jpg,ok,balanced_authentic/BA_003504.jpg,45a94c97bd1f6ec5b020776d2b8af228f1524af194bb1095097308acad4d9c84,203813,https://thumb.wikimedia.org/wikipedia/commons/thumb/0/03/Vaccin_infections_invasives_%C3%A0_m%C3%A9ningocoque.jpg/1280px-Vaccin_infections_invasives_%C3%A0_m%C3%A9ningocoque.jpg?utm_source=commons.wikimedia.org&utm_campaign=imageinfo&utm_content=thumbnail,
BA_003505,File:Vaccines UK 16 weeks 2022.jpg,ok,balanced_authentic/BA_003505.jpg,929c465b19586f8993d0c4a3b77d642c9033cce745759151d698568a13072924,754603,https://thumb.wikimedia.org/wikipedia/commons/thumb/c/cc/Vaccines_UK_16_weeks_2022.jpg/1280px-Vaccines_UK_16_weeks_2022.jpg?utm_source=commons.wikimedia.org&utm_campaign=imageinfo&utm_content=thumbnail,
BA_003506,File:Vacina febreamarela.jpg,ok,balanced_authentic/BA_003506.jpg,cd375b8d4bd07b8e4f3f5deed25ff99d791f3abad9a1d10802fcfa681deaa65d,215941,https://thumb.wikimedia.org/wikipedia/commons/thumb/7/79/Vacina_febreamarela.jpg/1280px-Vacina_febreamarela.jpg?utm_source=commons.wikimedia.org&utm_campaign=imageinfo&utm_content=thumbnail,
BA_003526,"File:Vitamin A Capsule Feeding Program Inauguration, Bauphal Upazila, Patuakhali, 2016-07-16.jpg",ok,balanced_authentic/BA_003526.jpg,a687624aab82b7c0ac94afbb588618a04fbc68015614add47d4f68719b5288b7,154090,https://upload.wikimedia.org/wikipedia/commons/3/37/Vitamin_A_Capsule_Feeding_Program_Inauguration%2C_Bauphal_Upazila%2C_Patuakhali%2C_2016-07-16.jpg?utm_source=commons.wikimedia.org&utm_campaign=imageinfo&utm_content=thumbnail_unscaled,
BA_003527,File:Vitamin B12 B-komplex.jpg,ok,balanced_authentic/BA_003527.jpg,aa904df6c92fc264fd0a6527f0d5b8db1502dff9eadf17188c2c5931a0670b9c,201915,https://thumb.wikimedia.org/wikipedia/commons/thumb/c/c6/Vitamin_B12_B-komplex.jpg/1280px-Vitamin_B12_B-komplex.jpg?utm_source=commons.wikimedia.org&utm_campaign=imageinfo&utm_content=thumbnail,
BA_003528,File:Vitamin B12 capsule.jpg,ok,balanced_authentic/BA_003528.jpg,cef0219dd5989e8a2c73512238a0d76cef75bf290b05394861c1b227983b4cd2,147244,https://upload.wikimedia.org/wikipedia/commons/2/2e/Vitamin_B12_capsule.jpg?utm_source=commons.wikimedia.org&utm_campaign=imageinfo&utm_content=thumbnail_unscaled,
BA_003545,"File:Vue de l'Hostel de Mr. le Mareschal Daumont, du costé du Jardin a Paris, G.435(2).jpg",ok,balanced_authentic/BA_003545.jpg,70c70ce22b3521e4c174ff8b0278be986c0a5634833ef9542d08cdc949cce18a,447950,https://thumb.wikimedia.org/wikipedia/commons/thumb/6/68/Vue_de_l%27Hostel_de_Mr._le_Mareschal_Daumont%2C_du_cost%C3%A9_du_Jardin_a_Paris%2C_G.435%282%29.jpg/1280px-Vue_de_l%27Hostel_de_Mr._le_Mareschal_Daumont%2C_du_cost%C3%A9_du_Jardin_a_Paris%2C_G.435%282%29.jpg?utm_source=commons.wikimedia.org&utm_campaign=imageinfo&utm_content=thumbnail,
BA_003546,"File:Vue de l'Hostel de Mr. le Mareschal Daumont, du costé du Jardin a Paris, G.435(3).jpg",ok,balanced_authentic/BA_003546.jpg,acd47864bf24c19b3096eae8a2e761d8783e8e94cfd86e5a09d917ffe3e2e91b,401588,https://thumb.wikimedia.org/wikipedia/commons/thumb/1/1b/Vue_de_l%27Hostel_de_Mr._le_Mareschal_Daumont%2C_du_cost%C3%A9_du_Jardin_a_Paris%2C_G.435%283%29.jpg/1280px-Vue_de_l%27Hostel_de_Mr._le_Mareschal_Daumont%2C_du_cost%C3%A9_du_Jardin_a_Paris%2C_G.435%283%29.jpg?utm_source=commons.wikimedia.org&utm_campaign=imageinfo&utm_content=thumbnail,
BA_003547,"File:Vue de l'Hostel de Mr. le Mareschal Daumont, du costé du Jardin a Paris, G.435.jpg",ok,balanced_authentic/BA_003547.jpg,989ddb7ed490989115e3f1f48ea11d244d18fbeae60ca73dbb9a8b67dea5a034,383968,https://thumb.wikimedia.org/wikipedia/commons/thumb/8/8a/Vue_de_l%27Hostel_de_Mr._le_Mareschal_Daumont%2C_du_cost%C3%A9_du_Jardin_a_Paris%2C_G.435.jpg/1280px-Vue_de_l%27Hostel_de_Mr._le_Mareschal_Daumont%2C_du_cost%C3%A9_du_Jardin_a_Paris%2C_G.435.jpg?utm_source=commons.wikimedia.org&utm_campaign=imageinfo&utm_content=thumbnail,
BA_003551,File:WHO-UNICEF estimates of YFV coverage in African countries.png,ok,balanced_authentic/BA_003551.jpg,a4884abf8d32aa47796ddf464be75c1752617c427df78dade6fa7d26b0ee5867,173111,https://upload.wikimedia.org/wikipedia/commons/2/2e/WHO-UNICEF_estimates_of_YFV_coverage_in_African_countries.png?utm_source=commons.wikimedia.org&utm_campaign=imageinfo&utm_content=thumbnail_unscaled,
BA_003552,File:WHO-UNICEF estimates of YFV coverage.png,fetch_failed,,,,https://upload.wikimedia.org/wikipedia/commons/6/6e/WHO-UNICEF_estimates_of_YFV_coverage.png?utm_source=commons.wikimedia.org&utm_campaign=imageinfo&utm_content=thumbnail_unscaled,
BA_003575,File:Wegovy - Semaglutide.jpg,ok,balanced_authentic/BA_003575.jpg,0e684172f06cdb2fff64df615cab08f0c691a292e93be5a447e22dcb99f9634e,455396,https://thumb.wikimedia.org/wikipedia/commons/thumb/a/ac/Wegovy_-_Semaglutide.jpg/1280px-Wegovy_-_Semaglutide.jpg?utm_source=commons.wikimedia.org&utm_campaign=imageinfo&utm_content=thumbnail,
BA_003615,File:Yellow fever vaccination 05.jpg,fetch_failed,,,,https://upload.wikimedia.org/wikipedia/commons/4/41/Yellow_fever_vaccination_05.jpg?utm_source=commons.wikimedia.org&utm_campaign=imageinfo&utm_content=thumbnail_unscaled,
