artist,brightness,candidate_id,commons_title,decision,exclusion_code,file_size_bytes,format,grad,height,licence_short,min_hamming_to_pool,min_side,near_white_frac,page_url,path,quantized_colours,query_term,reason,width
Boston Public Library,0.6843140721321106,BA_000001,"File:""Buy a bottle of Adamson's Balsam for that cough"" (back).jpg",pending_review,,620805,JPEG,0.06714829802513123,1500,CC BY 2.0,18,1007,0.0,https://commons.wikimedia.org/wiki/File:%22Buy_a_bottle_of_Adamson%27s_Balsam_for_that_cough%22_(back).jpg,C:\Documents\Projects\pharmavision\data\raw\balanced_authentic\BA_000001.jpg,150,medicine bottle label,,1007
Boston Public Library,0.6857993006706238,BA_000002,"File:""Buy a bottle of Adamson's Balsam for that cough"" (front).jpg",pending_review,,698331,JPEG,0.03817740082740784,1500,CC BY 2.0,18,992,0.0,https://commons.wikimedia.org/wiki/File:%22Buy_a_bottle_of_Adamson%27s_Balsam_for_that_cough%22_(front).jpg,C:\Documents\Projects\pharmavision\data\raw\balanced_authentic\BA_000002.jpg,209,medicine bottle label,,992
Unknown authorUnknown author,0.7017696499824524,BA_000003,"File:""Duma about Opanas"" by Eduard Bagritsky.png",pending_review,,862731,PNG,0.06689123809337616,708,CC0,16,708,0.1097564697265625,https://commons.wikimedia.org/wiki/File:%22Duma_about_Opanas%22_by_Eduard_Bagritsky.png,C:\Documents\Projects\pharmavision\data\raw\balanced_authentic\BA_000003.jpg,33,oxymorphone,,1280
Hance Brothers &amp; White Company,0.7345278859138489,BA_000004,"File:""Frog In Your Throat?"" lozenges - DPLA - b063062b634c631b3588ad1ab2321e09 (page 1).jpg",exclude,A_ACQUISITION_OUT_OF_BAND,444911,JPEG,0.02281276136636734,1261,Public domain,,1261,0.0146636962890625,https://commons.wikimedia.org/wiki/File:%22Frog_In_Your_Throat%3F%22_lozenges_-_DPLA_-_b063062b634c631b3588ad1ab2321e09_(page_1).jpg,C:\Documents\Projects\pharmavision\data\raw\balanced_authentic\BA_000004.jpg,811,medicine box package,"brightness 0.735 outside the counterfeit support [0.341, 0.714]",1280
Hance Brothers &amp; White Company,0.6629886031150818,BA_000005,"File:""Frog In Your Throat?"" lozenges - DPLA - b063062b634c631b3588ad1ab2321e09 (page 2).jpg",pending_review,,437097,JPEG,0.024773593991994858,1261,Public domain,14,1261,0.0,https://commons.wikimedia.org/wiki/File:%22Frog_In_Your_Throat%3F%22_lozenges_-_DPLA_-_b063062b634c631b3588ad1ab2321e09_(page_2).jpg,C:\Documents\Projects\pharmavision\data\raw\balanced_authentic\BA_000005.jpg,605,medicine box package,,1280
,0.6271041035652161,BA_000006,File:'Calpol Suspension' delivery van Wellcome L0034049.jpg,pending_review,,248361,JPEG,0.036475516855716705,875,CC BY 4.0,16,875,0.0,https://commons.wikimedia.org/wiki/File:%27Calpol_Suspension%27_delivery_van_Wellcome_L0034049.jpg,C:\Documents\Projects\pharmavision\data\raw\balanced_authentic\BA_000006.jpg,1353,Category:Pharmaceutical products,,1280
,0.6233121156692505,BA_000009,File:'Kepler' Cod Liver Oil with Malt Extract Wellcome L0074863.jpg,pending_review,,733824,JPEG,0.03388547524809837,1727,CC BY 4.0,18,1280,0.0,https://commons.wikimedia.org/wiki/File:%27Kepler%27_Cod_Liver_Oil_with_Malt_Extract_Wellcome_L0074863.jpg,C:\Documents\Projects\pharmavision\data\raw\balanced_authentic\BA_000009.jpg,269,Category:Pharmaceutical products,,1280
,0.3773728311061859,BA_000010,"File:'Laeyson's Odorous Powders', France, 1801-1900 Wellcome L0058940.jpg",pending_review,,436229,JPEG,0.01706365868449211,1924,CC BY 4.0,18,1280,0.000518798828125,"https://commons.wikimedia.org/wiki/File:%27Laeyson%27s_Odorous_Powders%27,_France,_1801-1900_Wellcome_L0058940.jpg",C:\Documents\Projects\pharmavision\data\raw\balanced_authentic\BA_000010.jpg,565,Category:Medicine bottles,,1280
Park taeho,0.3394569456577301,BA_000011,File:-13wiki.jpg,exclude,A_ACQUISITION_OUT_OF_BAND,724247,JPEG,0.02507369965314865,1568,CC BY-SA 4.0,,1280,0.001617431640625,https://commons.wikimedia.org/wiki/File:-13wiki.jpg,C:\Documents\Projects\pharmavision\data\raw\balanced_authentic\BA_000011.jpg,1959,Category:Pharmaceutical products,"brightness 0.339 outside the counterfeit support [0.341, 0.714]",1280
أمين,0.6456268429756165,BA_000012,File:0.9% Normal Saline 100ml 001.jpg,pending_review,,132640,JPEG,0.00874014850705862,960,CC BY-SA 4.0,18,960,0.0,https://commons.wikimedia.org/wiki/File:0.9%25_Normal_Saline_100ml_001.jpg,C:\Documents\Projects\pharmavision\data\raw\balanced_authentic\BA_000012.jpg,253,Category:Pharmaceutical products,,1280
Pavel Dušek,0.9405251145362854,BA_000013,File:0.9% saline for intravenous use.jpg,exclude,A_ACQUISITION_OUT_OF_BAND,84815,JPEG,0.006804905831813812,1104,CC BY 4.0,,1104,0.2909698486328125,https://commons.wikimedia.org/wiki/File:0.9%25_saline_for_intravenous_use.jpg,C:\Documents\Projects\pharmavision\data\raw\balanced_authentic\BA_000013.jpg,395,Category:Pharmaceutical products,"brightness 0.941 outside the counterfeit support [0.341, 0.714]",1280
Friedrich Haag,0.5452834963798523,BA_000014,File:001 2019 05 27 Augenpflege.jpg,pending_review,,224357,JPEG,0.027683135122060776,820,CC BY-SA 4.0,18,820,1.52587890625e-05,https://commons.wikimedia.org/wiki/File:001_2019_05_27_Augenpflege.jpg,C:\Documents\Projects\pharmavision\data\raw\balanced_authentic\BA_000014.jpg,2559,Category:Pharmaceutical products,,1280
Kriplozoik,0.18699610233306885,BA_000015,File:1 oz of Gold.jpg,exclude,A_ACQUISITION_OUT_OF_BAND,137887,JPEG,0.015310739167034626,737,CC BY-SA 3.0,,737,0.0,https://commons.wikimedia.org/wiki/File:1_oz_of_Gold.jpg,C:\Documents\Projects\pharmavision\data\raw\balanced_authentic\BA_000015.jpg,1379,Category:Blister packs,"brightness 0.187 outside the counterfeit support [0.341, 0.714]",990
Enric,0.23364929854869843,BA_000017,"File:110 Cartoixa de Valldemossa, antiga apotecaria, flascons.jpg",exclude,A_ACQUISITION_OUT_OF_BAND,292792,JPEG,0.021781709045171738,960,CC BY-SA 4.0,,960,0.0010986328125,"https://commons.wikimedia.org/wiki/File:110_Cartoixa_de_Valldemossa,_antiga_apotecaria,_flascons.jpg",C:\Documents\Projects\pharmavision\data\raw\balanced_authentic\BA_000017.jpg,2458,Category:Medicine bottles,"brightness 0.234 outside the counterfeit support [0.341, 0.714]",1280
U.S. Air Force photo/Senior Airman Michael J. Veloz,0.4159131944179535,BA_000018,File:110404-F-AM028-036 packs of IOSAT potassium iodide tablets.jpg,pending_review,,274658,JPEG,0.03800628334283829,914,Public domain,18,914,0.001220703125,https://commons.wikimedia.org/wiki/File:110404-F-AM028-036_packs_of_IOSAT_potassium_iodide_tablets.jpg,C:\Documents\Projects\pharmavision\data\raw\balanced_authentic\BA_000018.jpg,2101,Category:Blister packs,,1280
NATO Training Mission-Afghanistan,0.5189705491065979,BA_000019,File:110905-F-XX000-102 (6157605712).jpg,pending_review,,17583,JPEG,0.01699431613087654,327,CC BY-SA 2.0,18,327,0.002655029296875,https://commons.wikimedia.org/wiki/File:110905-F-XX000-102_(6157605712).jpg,C:\Documents\Projects\pharmavision\data\raw\balanced_authentic\BA_000019.jpg,1612,hepatitis B vaccine,,435
Ralf Roletschek,0.5214112997055054,BA_000021,File:12-08-18-tilidin-retard.jpg,pending_review,,314443,JPEG,0.03310435637831688,790,CC BY-SA 3.0,10,790,0.0036773681640625,https://commons.wikimedia.org/wiki/File:12-08-18-tilidin-retard.jpg,C:\Documents\Projects\pharmavision\data\raw\balanced_authentic\BA_000021.jpg,2421,Category:Blister packs,,1280
U.S. Department of Defense Current Photos,0.45823633670806885,BA_000022,File:120310-F-XC314-001 (6979611329).jpg,pending_review,,241226,JPEG,0.03432046249508858,850,Public domain,14,850,0.003692626953125,https://commons.wikimedia.org/wiki/File:120310-F-XC314-001_(6979611329).jpg,C:\Documents\Projects\pharmavision\data\raw\balanced_authentic\BA_000022.jpg,2413,Category:Pharmaceutical products,,1280
ישראל פרקר,0.7882317900657654,BA_000023,File:128708 rishon lezion museum PikiWiki Israel.jpg,exclude,A_ACQUISITION_OUT_OF_BAND,379049,JPEG,0.01689598709344864,1490,CC BY 2.5,,1280,0.014495849609375,https://commons.wikimedia.org/wiki/File:128708_rishon_lezion_museum_PikiWiki_Israel.jpg,C:\Documents\Projects\pharmavision\data\raw\balanced_authentic\BA_000023.jpg,373,pharmaceutical packaging photograph,"brightness 0.788 outside the counterfeit support [0.341, 0.714]",1280
CDC/ Debora Cartagena,0.42913445830345154,BA_000025,File:14418-broken-tamperproof-seal.jpg,pending_review,,31236,JPEG,0.01836371049284935,466,Public domain,18,466,0.0,https://commons.wikimedia.org/wiki/File:14418-broken-tamperproof-seal.jpg,C:\Documents\Projects\pharmavision\data\raw\balanced_authentic\BA_000025.jpg,1724,Category:Pharmaceutical products,,700
U.S. Department of Defense Current Photos,0.3474784791469574,BA_000026,File:150624-N-NK134-044 (19337199570).jpg,pending_review,,352491,JPEG,0.042023852467536926,852,Public domain,18,852,0.0,https://commons.wikimedia.org/wiki/File:150624-N-NK134-044_(19337199570).jpg,C:\Documents\Projects\pharmavision\data\raw\balanced_authentic\BA_000026.jpg,1816,Category:Pharmaceutical products,,1280
Rutger van der Maar,0.4474060535430908,BA_000027,File:1909 Renault AX (Autoworld).jpg,pending_review,,349344,JPEG,0.04860801622271538,918,CC BY 2.0,16,918,0.1068878173828125,https://commons.wikimedia.org/wiki/File:1909_Renault_AX_(Autoworld).jpg,C:\Documents\Projects\pharmavision\data\raw\balanced_authentic\BA_000027.jpg,2029,amoxicillin,,1280
R. Henrik Nilsson,0.587742269039154,BA_000028,File:1930s tin of codeine based painkillers by Apoteket Korpen Gothenburg Sweden.jpg,pending_review,,316866,JPEG,0.044452693313360214,875,CC BY 4.0,18,875,0.000732421875,https://commons.wikimedia.org/wiki/File:1930s_tin_of_codeine_based_painkillers_by_Apoteket_Korpen_Gothenburg_Sweden.jpg,C:\Documents\Projects\pharmavision\data\raw\balanced_authentic\BA_000028.jpg,1534,Category:Pharmaceutical products,,1280
R. Henrik Nilsson,0.5328709483146667,BA_000029,File:1940s Albyl acetylsalicylic acid tin by Aktiebolaget Leo Helsingborg Sweden.jpg,pending_review,,341703,JPEG,0.0279616117477417,868,CC BY 4.0,18,868,0.001373291015625,https://commons.wikimedia.org/wiki/File:1940s_Albyl_acetylsalicylic_acid_tin_by_Aktiebolaget_Leo_Helsingborg_Sweden.jpg,C:\Documents\Projects\pharmavision\data\raw\balanced_authentic\BA_000029.jpg,1810,Category:Pharmaceutical products,,1280
R. Henrik Nilsson,0.5074592232704163,BA_000030,File:1950s Albyl acetylsalicylic acid tin by Aktiebolaget Leo Helsingborg Sweden.jpg,pending_review,,266674,JPEG,0.020401719957590103,883,CC BY 4.0,18,883,0.0010833740234375,https://commons.wikimedia.org/wiki/File:1950s_Albyl_acetylsalicylic_acid_tin_by_Aktiebolaget_Leo_Helsingborg_Sweden.jpg,C:\Documents\Projects\pharmavision\data\raw\balanced_authentic\BA_000030.jpg,1737,Category:Pharmaceutical products,,1280
Calreyn88,0.47220468521118164,BA_000031,File:1989 Citroen AX GT.jpg,pending_review,,210205,JPEG,0.03140850365161896,737,CC BY-SA 4.0,12,737,0.0037994384765625,https://commons.wikimedia.org/wiki/File:1989_Citroen_AX_GT.jpg,C:\Documents\Projects\pharmavision\data\raw\balanced_authentic\BA_000031.jpg,1051,amoxicillin,,1280
Rotellam1,0.3859008252620697,BA_000033,File:200mgTramadol.jpg,pending_review,,326539,JPEG,0.016715366393327713,1785,CC BY-SA 3.0,14,1011,0.0090484619140625,https://commons.wikimedia.org/wiki/File:200mgTramadol.jpg,C:\Documents\Projects\pharmavision\data\raw\balanced_authentic\BA_000033.jpg,1731,Category:Pharmaceutical products,,1011
Tomchiukc (talk),0.3650416135787964,BA_000034,File:20100106-Indapamide-DSC00001.jpg,pending_review,,165610,JPEG,0.014410553500056267,960,Public domain,18,960,0.0,https://commons.wikimedia.org/wiki/File:20100106-Indapamide-DSC00001.jpg,C:\Documents\Projects\pharmavision\data\raw\balanced_authentic\BA_000034.jpg,835,Category:Blister packs,,1280
Tomchiukc,0.4135719835758209,BA_000035,File:20120127-CefuroximeTablets-from-TKOH-SDC13826.JPG,pending_review,,334576,JPEG,0.030974404886364937,1709,CC BY-SA 3.0,18,1280,0.0020294189453125,https://commons.wikimedia.org/wiki/File:20120127-CefuroximeTablets-from-TKOH-SDC13826.JPG,C:\Documents\Projects\pharmavision\data\raw\balanced_authentic\BA_000035.jpg,1054,Category:Blister packs,,1280
jbdodane,0.4868030548095703,BA_000036,File:20130613-IMG 2487 (9291287217).jpg,pending_review,,271859,JPEG,0.023989692330360413,960,CC BY 2.0,20,960,0.006195068359375,https://commons.wikimedia.org/wiki/File:20130613-IMG_2487_(9291287217).jpg,C:\Documents\Projects\pharmavision\data\raw\balanced_authentic\BA_000036.jpg,2773,Category:Tablets (pharmacy),,1280
Edna Winti,0.29527997970581055,BA_000038,File:2016 366 99 Angelo (26289203556).jpg,exclude,A_ACQUISITION_OUT_OF_BAND,173429,JPEG,0.0426265113055706,853,CC BY 2.0,,853,0.045318603515625,https://commons.wikimedia.org/wiki/File:2016_366_99_Angelo_(26289203556).jpg,C:\Documents\Projects\pharmavision\data\raw\balanced_authentic\BA_000038.jpg,2552,medicine box package,"brightness 0.295 outside the counterfeit support [0.341, 0.714]",1280
Juampayo de Pelo Largo,0.6274433135986328,BA_000039,File:2016-03-05 sáb 182531 - Trimebutina Andrómaco.jpg,pending_review,,153153,JPEG,0.017883628606796265,653,CC BY-SA 4.0,14,653,0.027008056640625,https://commons.wikimedia.org/wiki/File:2016-03-05_s%C3%A1b_182531_-_Trimebutina_Andr%C3%B3maco.jpg,C:\Documents\Projects\pharmavision\data\raw\balanced_authentic\BA_000039.jpg,2622,Category:Pharmaceutical products,,1280
松岡明芳,0.5390267372131348,BA_000040,File:2016-08-03 Acofide ® Tablets 100mg （アコファイド®錠100mg、アコチアミド塩酸塩水和物）acotiamide hydrochloride hydrate DSCF5130.jpg,pending_review,,443430,JPEG,0.04132917523384094,853,CC BY-SA 4.0,16,853,0.0113525390625,https://commons.wikimedia.org/wiki/File:2016-08-03_Acofide_%C2%AE_Tablets_100mg_%EF%BC%88%E3%82%A2%E3%82%B3%E3%83%95%E3%82%A1%E3%82%A4%E3%83%89%C2%AE%E9%8C%A0100mg%E3%80%81%E3%82%A2%E3%82%B3%E3%83%81%E3%82%A2%E3%83%9F%E3%83%89%E5%A1%A9%E9%85%B8%E5%A1%A9%E6%B0%B4%E5%92%8C%E7%89%A9%EF%BC%89acotiamide_hydrochloride_hydrate_DSCF5130.jpg,C:\Documents\Projects\pharmavision\data\raw\balanced_authentic\BA_000040.jpg,1067,blister pack tablets,,1280
松岡明芳,0.3053729832172394,BA_000041,File:2016-08-03 Acofide ® Tablets 100mg （アコファイド®錠100mg、アコチアミド塩酸塩水和物）acotiamide hydrochloride hydrate DSCF5131.jpg,exclude,A_ACQUISITION_OUT_OF_BAND,375298,JPEG,0.032887689769268036,853,CC BY-SA 4.0,,853,0.0252227783203125,https://commons.wikimedia.org/wiki/File:2016-08-03_Acofide_%C2%AE_Tablets_100mg_%EF%BC%88%E3%82%A2%E3%82%B3%E3%83%95%E3%82%A1%E3%82%A4%E3%83%89%C2%AE%E9%8C%A0100mg%E3%80%81%E3%82%A2%E3%82%B3%E3%83%81%E3%82%A2%E3%83%9F%E3%83%89%E5%A1%A9%E9%85%B8%E5%A1%A9%E6%B0%B4%E5%92%8C%E7%89%A9%EF%BC%89acotiamide_hydrochloride_hydrate_DSCF5131.jpg,C:\Documents\Projects\pharmavision\data\raw\balanced_authentic\BA_000041.jpg,1604,blister pack tablets,"brightness 0.305 outside the counterfeit support [0.341, 0.714]",1280
松岡明芳,0.20587533712387085,BA_000042,File:2016-08-03 Acofide ® Tablets 100mg （アコファイド®錠100mg、アコチアミド塩酸塩水和物）acotiamide hydrochloride hydrate DSCF5132.jpg,exclude,A_ACQUISITION_OUT_OF_BAND,352966,JPEG,0.026569480076432228,853,CC BY-SA 4.0,,853,0.0001983642578125,https://commons.wikimedia.org/wiki/File:2016-08-03_Acofide_%C2%AE_Tablets_100mg_%EF%BC%88%E3%82%A2%E3%82%B3%E3%83%95%E3%82%A1%E3%82%A4%E3%83%89%C2%AE%E9%8C%A0100mg%E3%80%81%E3%82%A2%E3%82%B3%E3%83%81%E3%82%A2%E3%83%9F%E3%83%89%E5%A1%A9%E9%85%B8%E5%A1%A9%E6%B0%B4%E5%92%8C%E7%89%A9%EF%BC%89acotiamide_hydrochloride_hydrate_DSCF5132.jpg,C:\Documents\Projects\pharmavision\data\raw\balanced_authentic\BA_000042.jpg,1204,blister pack tablets,"brightness 0.206 outside the counterfeit support [0.341, 0.714]",1280
松岡明芳,0.21906466782093048,BA_000043,File:2016-08-03 Acofide ® Tablets 100mg （アコファイド®錠100mg、アコチアミド塩酸塩水和物）acotiamide hydrochloride hydrate DSCF5133.jpg,exclude,A_ACQUISITION_OUT_OF_BAND,297158,JPEG,0.024072300642728806,853,CC BY-SA 4.0,,853,0.001251220703125,https://commons.wikimedia.org/wiki/File:2016-08-03_Acofide_%C2%AE_Tablets_100mg_%EF%BC%88%E3%82%A2%E3%82%B3%E3%83%95%E3%82%A1%E3%82%A4%E3%83%89%C2%AE%E9%8C%A0100mg%E3%80%81%E3%82%A2%E3%82%B3%E3%83%81%E3%82%A2%E3%83%9F%E3%83%89%E5%A1%A9%E9%85%B8%E5%A1%A9%E6%B0%B4%E5%92%8C%E7%89%A9%EF%BC%89acotiamide_hydrochloride_hydrate_DSCF5133.jpg,C:\Documents\Projects\pharmavision\data\raw\balanced_authentic\BA_000043.jpg,1236,blister pack tablets,"brightness 0.219 outside the counterfeit support [0.341, 0.714]",1280
松岡明芳,0.21631115674972534,BA_000044,File:2016-08-03 Acofide ® Tablets 100mg （アコファイド®錠100mg、アコチアミド塩酸塩水和物）acotiamide hydrochloride hydrate DSCF5134.jpg,exclude,A_ACQUISITION_OUT_OF_BAND,280142,JPEG,0.024140093475580215,853,CC BY-SA 4.0,,853,0.000823974609375,https://commons.wikimedia.org/wiki/File:2016-08-03_Acofide_%C2%AE_Tablets_100mg_%EF%BC%88%E3%82%A2%E3%82%B3%E3%83%95%E3%82%A1%E3%82%A4%E3%83%89%C2%AE%E9%8C%A0100mg%E3%80%81%E3%82%A2%E3%82%B3%E3%83%81%E3%82%A2%E3%83%9F%E3%83%89%E5%A1%A9%E9%85%B8%E5%A1%A9%E6%B0%B4%E5%92%8C%E7%89%A9%EF%BC%89acotiamide_hydrochloride_hydrate_DSCF5134.jpg,C:\Documents\Projects\pharmavision\data\raw\balanced_authentic\BA_000044.jpg,1177,blister pack tablets,"brightness 0.216 outside the counterfeit support [0.341, 0.714]",1280
松岡明芳,0.29095563292503357,BA_000045,File:2016-08-03 Acofide ® Tablets 100mg （アコファイド®錠100mg、アコチアミド塩酸塩水和物）acotiamide hydrochloride hydrate DSCF5135.jpg,exclude,A_ACQUISITION_OUT_OF_BAND,344440,JPEG,0.029930757358670235,853,CC BY-SA 4.0,,853,0.0012054443359375,https://commons.wikimedia.org/wiki/File:2016-08-03_Acofide_%C2%AE_Tablets_100mg_%EF%BC%88%E3%82%A2%E3%82%B3%E3%83%95%E3%82%A1%E3%82%A4%E3%83%89%C2%AE%E9%8C%A0100mg%E3%80%81%E3%82%A2%E3%82%B3%E3%83%81%E3%82%A2%E3%83%9F%E3%83%89%E5%A1%A9%E9%85%B8%E5%A1%A9%E6%B0%B4%E5%92%8C%E7%89%A9%EF%BC%89acotiamide_hydrochloride_hydrate_DSCF5135.jpg,C:\Documents\Projects\pharmavision\data\raw\balanced_authentic\BA_000045.jpg,1287,blister pack tablets,"brightness 0.291 outside the counterfeit support [0.341, 0.714]",1280
松岡明芳,0.30216026306152344,BA_000046,File:2016-08-03 Acofide ® Tablets 100mg （アコファイド®錠100mg、アコチアミド塩酸塩水和物）acotiamide hydrochloride hydrate DSCF5136.jpg,exclude,A_ACQUISITION_OUT_OF_BAND,319987,JPEG,0.03117886558175087,853,CC BY-SA 4.0,,853,0.001220703125,https://commons.wikimedia.org/wiki/File:2016-08-03_Acofide_%C2%AE_Tablets_100mg_%EF%BC%88%E3%82%A2%E3%82%B3%E3%83%95%E3%82%A1%E3%82%A4%E3%83%89%C2%AE%E9%8C%A0100mg%E3%80%81%E3%82%A2%E3%82%B3%E3%83%81%E3%82%A2%E3%83%9F%E3%83%89%E5%A1%A9%E9%85%B8%E5%A1%A9%E6%B0%B4%E5%92%8C%E7%89%A9%EF%BC%89acotiamide_hydrochloride_hydrate_DSCF5136.jpg,C:\Documents\Projects\pharmavision\data\raw\balanced_authentic\BA_000046.jpg,1352,blister pack tablets,"brightness 0.302 outside the counterfeit support [0.341, 0.714]",1280
Maksym Kozlenko,0.5447958111763,BA_000047,File:2017-05-31 Pepticol.jpg,pending_review,,700985,JPEG,0.03321239724755287,2022,CC BY-SA 4.0,16,1280,0.005035400390625,https://commons.wikimedia.org/wiki/File:2017-05-31_Pepticol.jpg,C:\Documents\Projects\pharmavision\data\raw\balanced_authentic\BA_000047.jpg,1757,Category:Medicine bottles,,1280
Maksym Kozlenko,0.529161274433136,BA_000048,File:2017-05-31 Pharmacy Museum in Kraków 4.jpg,pending_review,,529909,JPEG,0.05704429745674133,955,CC BY-SA 4.0,18,955,0.005279541015625,https://commons.wikimedia.org/wiki/File:2017-05-31_Pharmacy_Museum_in_Krak%C3%B3w_4.jpg,C:\Documents\Projects\pharmavision\data\raw\balanced_authentic\BA_000048.jpg,2768,Category:Pharmaceutical products,,1280
Ted Eytan,0.5049945712089539,BA_000049,"File:2018.11.20 Meningococcal and HPV Vaccines, Washington, DC USA 4269 (45072537995).jpg",pending_review,,661133,JPEG,0.017327630892395973,1707,CC BY-SA 2.0,18,1280,0.0036468505859375,"https://commons.wikimedia.org/wiki/File:2018.11.20_Meningococcal_and_HPV_Vaccines,_Washington,_DC_USA_4269_(45072537995).jpg",C:\Documents\Projects\pharmavision\data\raw\balanced_authentic\BA_000049.jpg,1329,meningococcal vaccine,,1280
Ted Eytan,0.5871811509132385,BA_000050,"File:2018.11.20 Meningococcal and HPV Vaccines, Washington, DC USA 4270 (45260286484).jpg",pending_review,,653126,JPEG,0.018057268112897873,1707,CC BY-SA 2.0,16,1280,0.00311279296875,"https://commons.wikimedia.org/wiki/File:2018.11.20_Meningococcal_and_HPV_Vaccines,_Washington,_DC_USA_4270_(45260286484).jpg",C:\Documents\Projects\pharmavision\data\raw\balanced_authentic\BA_000050.jpg,1375,meningococcal vaccine,,1280
Ted Eytan,0.7325932383537292,BA_000051,"File:2018.11.20 Meningococcal and HPV Vaccines, Washington, DC USA 4273 (31045454957).jpg",exclude,A_ACQUISITION_OUT_OF_BAND,773639,JPEG,0.012746889144182205,2276,CC BY-SA 2.0,,1280,0.0013885498046875,"https://commons.wikimedia.org/wiki/File:2018.11.20_Meningococcal_and_HPV_Vaccines,_Washington,_DC_USA_4273_(31045454957).jpg",C:\Documents\Projects\pharmavision\data\raw\balanced_authentic\BA_000051.jpg,1092,meningococcal vaccine,"brightness 0.733 outside the counterfeit support [0.341, 0.714]",1280
Ted Eytan,0.7414946556091309,BA_000052,"File:2018.11.20 Meningococcal and HPV Vaccines, Washington, DC USA 4274 (31045456967).jpg",exclude,A_ACQUISITION_OUT_OF_BAND,665851,JPEG,0.016716597601771355,2276,CC BY-SA 2.0,,1280,0.004608154296875,"https://commons.wikimedia.org/wiki/File:2018.11.20_Meningococcal_and_HPV_Vaccines,_Washington,_DC_USA_4274_(31045456967).jpg",C:\Documents\Projects\pharmavision\data\raw\balanced_authentic\BA_000052.jpg,1042,meningococcal vaccine,"brightness 0.741 outside the counterfeit support [0.341, 0.714]",1280
Ted Eytan,0.7082002758979797,BA_000053,"File:2018.11.20 Meningococcal and HPV Vaccines, Washington, DC USA 4275 (32113493668).jpg",pending_review,,268070,JPEG,0.01512091513723135,1024,CC BY-SA 2.0,16,1024,0.002777099609375,"https://commons.wikimedia.org/wiki/File:2018.11.20_Meningococcal_and_HPV_Vaccines,_Washington,_DC_USA_4275_(32113493668).jpg",C:\Documents\Projects\pharmavision\data\raw\balanced_authentic\BA_000053.jpg,770,meningococcal vaccine,,1280
Maksym Kozlenko,0.4626825749874115,BA_000054,File:2019-08-08 Oral-Turinabol tablets.jpg,pending_review,,206738,JPEG,0.02634398639202118,632,CC BY-SA 4.0,12,632,0.001556396484375,https://commons.wikimedia.org/wiki/File:2019-08-08_Oral-Turinabol_tablets.jpg,C:\Documents\Projects\pharmavision\data\raw\balanced_authentic\BA_000054.jpg,2299,blister pack tablets,,1280
WFan,0.5561322569847107,BA_000055,File:20190311 庆大霉素、参苓健脾胃.jpg,pending_review,,149440,JPEG,0.02899559959769249,1440,CC BY-SA 4.0,18,1080,0.0,https://commons.wikimedia.org/wiki/File:20190311_%E5%BA%86%E5%A4%A7%E9%9C%89%E7%B4%A0%E3%80%81%E5%8F%82%E8%8B%93%E5%81%A5%E8%84%BE%E8%83%83.jpg,C:\Documents\Projects\pharmavision\data\raw\balanced_authentic\BA_000055.jpg,2508,Category:Pharmaceutical products,,1080
WFan,0.5643155574798584,BA_000056,File:20190311 庆大霉素反面.jpg,pending_review,,201865,JPEG,0.023485638201236725,960,CC BY-SA 4.0,18,960,0.0,https://commons.wikimedia.org/wiki/File:20190311_%E5%BA%86%E5%A4%A7%E9%9C%89%E7%B4%A0%E5%8F%8D%E9%9D%A2.jpg,C:\Documents\Projects\pharmavision\data\raw\balanced_authentic\BA_000056.jpg,2257,Category:Pharmaceutical products,,1280
WFan,0.6259545683860779,BA_000057,File:20190311 阿莫西林胶囊.jpg,pending_review,,152021,JPEG,0.031002599745988846,619,CC BY-SA 4.0,16,619,0.0,https://commons.wikimedia.org/wiki/File:20190311_%E9%98%BF%E8%8E%AB%E8%A5%BF%E6%9E%97%E8%83%B6%E5%9B%8A.jpg,C:\Documents\Projects\pharmavision\data\raw\balanced_authentic\BA_000057.jpg,567,Augmentin,,1280
松岡明芳,0.41531261801719666,BA_000058,File:2020-05-20 Levocetirizine Hydrochloride レボセチリジン塩酸塩錠 ザイザル.jpg,pending_review,,317866,JPEG,0.04065454751253128,853,CC BY-SA 4.0,18,853,0.00030517578125,https://commons.wikimedia.org/wiki/File:2020-05-20_Levocetirizine_Hydrochloride_%E3%83%AC%E3%83%9C%E3%82%BB%E3%83%81%E3%83%AA%E3%82%B8%E3%83%B3%E5%A1%A9%E9%85%B8%E5%A1%A9%E9%8C%A0_%E3%82%B6%E3%82%A4%E3%82%B6%E3%83%AB.jpg,C:\Documents\Projects\pharmavision\data\raw\balanced_authentic\BA_000058.jpg,765,Category:Blister packs,,1280
松岡明芳,0.4267961084842682,BA_000059,File:2020-05-20 d-Chlorpheniramine Maleate d-クロルフェニラミンマレイン酸塩製剤(ポララミン).jpg,pending_review,,358957,JPEG,0.058311499655246735,853,CC BY-SA 4.0,14,853,0.0009613037109375,https://commons.wikimedia.org/wiki/File:2020-05-20_d-Chlorpheniramine_Maleate_d-%E3%82%AF%E3%83%AD%E3%83%AB%E3%83%95%E3%82%A7%E3%83%8B%E3%83%A9%E3%83%9F%E3%83%B3%E3%83%9E%E3%83%AC%E3%82%A4%E3%83%B3%E9%85%B8%E5%A1%A9%E8%A3%BD%E5%89%A4(%E3%83%9D%E3%83%A9%E3%83%A9%E3%83%9F%E3%83%B3).jpg,C:\Documents\Projects\pharmavision\data\raw\balanced_authentic\BA_000059.jpg,1435,Category:Blister packs,,1280
松岡明芳,0.45170995593070984,BA_000060,File:2020-06-15 TSU128、OHNES ST オーネス ST 配合錠.jpg,pending_review,,316703,JPEG,0.05760303884744644,853,CC BY-SA 4.0,16,853,0.0010223388671875,https://commons.wikimedia.org/wiki/File:2020-06-15_TSU128%E3%80%81OHNES_ST_%E3%82%AA%E3%83%BC%E3%83%8D%E3%82%B9_ST_%E9%85%8D%E5%90%88%E9%8C%A0.jpg,C:\Documents\Projects\pharmavision\data\raw\balanced_authentic\BA_000060.jpg,1126,Category:Blister packs,,1280
松岡明芳,0.41255107522010803,BA_000061,File:2020-06-18 越婢加朮湯（エッピカジュツトウ）.jpg,pending_review,,218651,JPEG,0.029472408816218376,853,CC BY-SA 4.0,16,853,0.0006103515625,https://commons.wikimedia.org/wiki/File:2020-06-18_%E8%B6%8A%E5%A9%A2%E5%8A%A0%E6%9C%AE%E6%B9%AF%EF%BC%88%E3%82%A8%E3%83%83%E3%83%94%E3%82%AB%E3%82%B8%E3%83%A5%E3%83%84%E3%83%88%E3%82%A6%EF%BC%89.jpg,C:\Documents\Projects\pharmavision\data\raw\balanced_authentic\BA_000061.jpg,745,Category:Pharmaceutical products,,1280
松岡明芳,0.3035319149494171,BA_000062,File:2020-06-18 越婢加朮湯（エッピカジュツトウ）２.jpg,exclude,A_ACQUISITION_OUT_OF_BAND,227065,JPEG,0.026575297117233276,853,CC BY-SA 4.0,,853,0.00079345703125,https://commons.wikimedia.org/wiki/File:2020-06-18_%E8%B6%8A%E5%A9%A2%E5%8A%A0%E6%9C%AE%E6%B9%AF%EF%BC%88%E3%82%A8%E3%83%83%E3%83%94%E3%82%AB%E3%82%B8%E3%83%A5%E3%83%84%E3%83%88%E3%82%A6%EF%BC%89%EF%BC%92.jpg,C:\Documents\Projects\pharmavision\data\raw\balanced_authentic\BA_000062.jpg,938,Category:Pharmaceutical products,"brightness 0.304 outside the counterfeit support [0.341, 0.714]",1280
松岡明芳,0.3913564682006836,BA_000063,File:2020-07-10 Anchu-san 安中散（コタロー安中散エキスカプセル）DSCF1998.jpg,pending_review,,275389,JPEG,0.02664635144174099,853,CC BY-SA 4.0,18,853,0.002838134765625,https://commons.wikimedia.org/wiki/File:2020-07-10_Anchu-san_%E5%AE%89%E4%B8%AD%E6%95%A3%EF%BC%88%E3%82%B3%E3%82%BF%E3%83%AD%E3%83%BC%E5%AE%89%E4%B8%AD%E6%95%A3%E3%82%A8%E3%82%AD%E3%82%B9%E3%82%AB%E3%83%97%E3%82%BB%E3%83%AB%EF%BC%89DSCF1998.jpg,C:\Documents\Projects\pharmavision\data\raw\balanced_authentic\BA_000063.jpg,1263,Category:Pharmaceutical products,,1280
松岡明芳,0.3876241445541382,BA_000064,File:2020-07-10 Anchu-san 安中散（コタロー安中散エキスカプセル）DSCF2001.jpg,pending_review,,369313,JPEG,0.04852857440710068,853,CC BY-SA 4.0,16,853,0.0,https://commons.wikimedia.org/wiki/File:2020-07-10_Anchu-san_%E5%AE%89%E4%B8%AD%E6%95%A3%EF%BC%88%E3%82%B3%E3%82%BF%E3%83%AD%E3%83%BC%E5%AE%89%E4%B8%AD%E6%95%A3%E3%82%A8%E3%82%AD%E3%82%B9%E3%82%AB%E3%83%97%E3%82%BB%E3%83%AB%EF%BC%89DSCF2001.jpg,C:\Documents\Projects\pharmavision\data\raw\balanced_authentic\BA_000064.jpg,1050,Category:Pharmaceutical products,,1280
Jacek Halicki,0.8498292565345764,BA_000065,File:2023 Doreta 75 mg + 650 mg.jpg,exclude,A_ACQUISITION_OUT_OF_BAND,107997,JPEG,0.014320513233542442,914,CC BY-SA 4.0,,914,0.0900421142578125,https://commons.wikimedia.org/wiki/File:2023_Doreta_75_mg_%2B_650_mg.jpg,C:\Documents\Projects\pharmavision\data\raw\balanced_authentic\BA_000065.jpg,871,Category:Pharmaceutical products,"brightness 0.850 outside the counterfeit support [0.341, 0.714]",1280
Jacek Halicki,0.835559070110321,BA_000066,"File:2023 Krople do oczu Zuma Noka 0,4%.jpg",exclude,A_ACQUISITION_OUT_OF_BAND,283150,JPEG,0.020066551864147186,1545,CC BY-SA 4.0,,1280,0.25390625,"https://commons.wikimedia.org/wiki/File:2023_Krople_do_oczu_Zuma_Noka_0,4%25.jpg",C:\Documents\Projects\pharmavision\data\raw\balanced_authentic\BA_000066.jpg,666,Category:Pharmaceutical products,"brightness 0.836 outside the counterfeit support [0.341, 0.714]",1280
Jacek Halicki,0.8047478199005127,BA_000067,File:2023 Tribiotic.jpg,exclude,A_ACQUISITION_OUT_OF_BAND,58367,JPEG,0.009637149050831795,770,CC BY-SA 4.0,,770,0.0115966796875,https://commons.wikimedia.org/wiki/File:2023_Tribiotic.jpg,C:\Documents\Projects\pharmavision\data\raw\balanced_authentic\BA_000067.jpg,1014,Category:Pharmaceutical products,"brightness 0.805 outside the counterfeit support [0.341, 0.714]",1280
Matsuoka.A,0.4994370937347412,BA_000068,File:2025-01-04 Betahistine（ベタヒスチン） DSCF5667.jpg,pending_review,,362399,JPEG,0.03467762470245361,853,CC BY-SA 4.0,16,853,0.0053253173828125,https://commons.wikimedia.org/wiki/File:2025-01-04_Betahistine%EF%BC%88%E3%83%99%E3%82%BF%E3%83%92%E3%82%B9%E3%83%81%E3%83%B3%EF%BC%89_DSCF5667.jpg,C:\Documents\Projects\pharmavision\data\raw\balanced_authentic\BA_000068.jpg,971,Category:Blister packs,,1280
Matsuoka.A,0.36448535323143005,BA_000069,File:2025-01-04 Betahistine（ベタヒスチン）DSCF5669.jpg,pending_review,,413619,JPEG,0.03887487202882767,853,CC BY-SA 4.0,16,853,0.0,https://commons.wikimedia.org/wiki/File:2025-01-04_Betahistine%EF%BC%88%E3%83%99%E3%82%BF%E3%83%92%E3%82%B9%E3%83%81%E3%83%B3%EF%BC%89DSCF5669.jpg,C:\Documents\Projects\pharmavision\data\raw\balanced_authentic\BA_000069.jpg,696,Category:Blister packs,,1280
Gotgot44,0.6846000552177429,BA_000071,"File:3 boites de lorazépam 2,5.jpg",pending_review,,180428,JPEG,0.020716872066259384,648,CC BY-SA 4.0,16,648,0.0,"https://commons.wikimedia.org/wiki/File:3_boites_de_loraz%C3%A9pam_2,5.jpg",C:\Documents\Projects\pharmavision\data\raw\balanced_authentic\BA_000071.jpg,1392,Category:Medicine bottles,,1280
Sardaukar Blackfang at English Wikipedia,0.43378400802612305,BA_000072,File:30mg Vyvanse capsules.JPG,pending_review,,301457,JPEG,0.02790960855782032,990,CC0,18,990,0.0001373291015625,https://commons.wikimedia.org/wiki/File:30mg_Vyvanse_capsules.JPG,C:\Documents\Projects\pharmavision\data\raw\balanced_authentic\BA_000072.jpg,2101,Category:Medicine bottles,,1280
Rotellam1,0.43399906158447266,BA_000080,File:50mgtramadolhclakyma.jpg,pending_review,,126842,JPEG,0.020890362560749054,615,CC BY-SA 3.0,16,615,0.0553741455078125,https://commons.wikimedia.org/wiki/File:50mgtramadolhclakyma.jpg,C:\Documents\Projects\pharmavision\data\raw\balanced_authentic\BA_000080.jpg,2119,Category:Medicine bottles,,820
Fr0sty $ummer,0.2845926582813263,BA_000081,File:5mgrocheaus.jpg,exclude,A_ACQUISITION_OUT_OF_BAND,151571,JPEG,0.016775628551840782,720,CC BY-SA 4.0,,720,0.0,https://commons.wikimedia.org/wiki/File:5mgrocheaus.jpg,C:\Documents\Projects\pharmavision\data\raw\balanced_authentic\BA_000081.jpg,737,diazepam,"brightness 0.285 outside the counterfeit support [0.341, 0.714]",1280
Gotgot44,0.5020584464073181,BA_000082,"File:6 boites de normison 7 + 1 boite de Victan + 1 boite de nordaz 7,5.jpg",pending_review,,379938,JPEG,0.03048451989889145,1385,CC BY-SA 4.0,16,1280,0.005706787109375,"https://commons.wikimedia.org/wiki/File:6_boites_de_normison_7_%2B_1_boite_de_Victan_%2B_1_boite_de_nordaz_7,5.jpg",C:\Documents\Projects\pharmavision\data\raw\balanced_authentic\BA_000082.jpg,2918,Category:Medicine bottles,,1280
Peacekeepingforce,0.3296118676662445,BA_000085,File:8095515 f520.jpg,exclude,A_ACQUISITION_OUT_OF_BAND,75844,JPEG,0.01671721786260605,693,CC BY-SA 3.0,,520,0.0710906982421875,https://commons.wikimedia.org/wiki/File:8095515_f520.jpg,C:\Documents\Projects\pharmavision\data\raw\balanced_authentic\BA_000085.jpg,1091,Category:Blister packs,"brightness 0.330 outside the counterfeit support [0.341, 0.714]",520
Bonio from England,0.5167608261108398,BA_000090,File:A Sight For Sore Heads - Flickr - Bonio.jpg,pending_review,,206992,JPEG,0.029150117188692093,889,CC BY 2.0,20,838,0.0012054443359375,https://commons.wikimedia.org/wiki/File:A_Sight_For_Sore_Heads_-_Flickr_-_Bonio.jpg,C:\Documents\Projects\pharmavision\data\raw\balanced_authentic\BA_000090.jpg,1818,Category:Blister packs,,838
Internet Archive Book Images,0.29984715580940247,BA_000091,"File:A bibliographical, antiquarian and picturesque tour in France and Germany (1821) (14758330106).jpg",exclude,A_ACQUISITION_OUT_OF_BAND,937879,JPEG,0.027995111420750618,1578,No restrictions,,1280,0.0,"https://commons.wikimedia.org/wiki/File:A_bibliographical,_antiquarian_and_picturesque_tour_in_France_and_Germany_(1821)_(14758330106).jpg",C:\Documents\Projects\pharmavision\data\raw\balanced_authentic\BA_000091.jpg,217,human normal immunoglobulin,"brightness 0.300 outside the counterfeit support [0.341, 0.714]",1280
沈澄心,0.5175139904022217,BA_000099,File:A blister pack of Androcur 50mg tablets in Turkey (obverse).jpg,pending_review,,759287,JPEG,0.047011345624923706,1707,CC0,20,1280,0.0,https://commons.wikimedia.org/wiki/File:A_blister_pack_of_Androcur_50mg_tablets_in_Turkey_(obverse).jpg,C:\Documents\Projects\pharmavision\data\raw\balanced_authentic\BA_000099.jpg,586,blister pack tablets,,1280
沈澄心,0.45939159393310547,BA_000100,File:A blister pack of Androcur 50mg tablets in Turkey (reverse).jpg,pending_review,,969108,JPEG,0.04951974004507065,1707,CC0,16,1280,0.0,https://commons.wikimedia.org/wiki/File:A_blister_pack_of_Androcur_50mg_tablets_in_Turkey_(reverse).jpg,C:\Documents\Projects\pharmavision\data\raw\balanced_authentic\BA_000100.jpg,909,blister pack tablets,,1280
Breawycker,0.48126307129859924,BA_000102,File:A bottle of Valerian capsules.jpg,pending_review,,150679,JPEG,0.01614365167915821,720,CC0,18,720,9.1552734375e-05,https://commons.wikimedia.org/wiki/File:A_bottle_of_Valerian_capsules.jpg,C:\Documents\Projects\pharmavision\data\raw\balanced_authentic\BA_000102.jpg,1291,Category:Medicine bottles,,1280
EEJCC,0.6984493136405945,BA_000103,File:A bottle of a generic version of Truvada.jpg,pending_review,,384037,JPEG,0.016116809099912643,1600,CC BY-SA 4.0,16,1280,0.0156097412109375,https://commons.wikimedia.org/wiki/File:A_bottle_of_a_generic_version_of_Truvada.jpg,C:\Documents\Projects\pharmavision\data\raw\balanced_authentic\BA_000103.jpg,839,Category:Medicine bottles,,1280
,0.6011441349983215,BA_000104,File:A chemist gives a demonstration involving arsenic Wellcome V0011761.jpg,pending_review,,1305606,JPEG,0.019753221422433853,1669,CC BY 2.0,12,1280,0.0,https://commons.wikimedia.org/wiki/File:A_chemist_gives_a_demonstration_involving_arsenic_Wellcome_V0011761.jpg,C:\Documents\Projects\pharmavision\data\raw\balanced_authentic\BA_000104.jpg,754,Category:Medicine bottles,,1280
Nicolaus Innocentius Wilhelm Clemens van Heideloff / After Thomas Rowlandson,0.4530072510242462,BA_000107,File:A convalescing woman trying in vain to rouse her slumbering Wellcome V0011149.jpg,pending_review,,1550424,JPEG,0.04400172829627991,1722,Public domain,18,1280,0.0,https://commons.wikimedia.org/wiki/File:A_convalescing_woman_trying_in_vain_to_rouse_her_slumbering_Wellcome_V0011149.jpg,C:\Documents\Projects\pharmavision\data\raw\balanced_authentic\BA_000107.jpg,1562,Category:Medicine bottles,,1280
,0.7795707583427429,BA_000108,File:A cross-section through a mill which pulverises quinine bark Wellcome V0024523.jpg,exclude,A_ACQUISITION_OUT_OF_BAND,1281210,JPEG,0.03812812268733978,1548,CC BY 4.0,,1280,0.0,https://commons.wikimedia.org/wiki/File:A_cross-section_through_a_mill_which_pulverises_quinine_bark_Wellcome_V0024523.jpg,C:\Documents\Projects\pharmavision\data\raw\balanced_authentic\BA_000108.jpg,177,quinine sulfate,"brightness 0.780 outside the counterfeit support [0.341, 0.714]",1280
John Cawse,0.4582739770412445,BA_000109,"File:A decrepit man screaming in pain from gout, rheumatism and c Wellcome V0011163.jpg",pending_review,,1446255,JPEG,0.041687481105327606,1705,CC BY 4.0,14,1280,0.0,"https://commons.wikimedia.org/wiki/File:A_decrepit_man_screaming_in_pain_from_gout,_rheumatism_and_c_Wellcome_V0011163.jpg",C:\Documents\Projects\pharmavision\data\raw\balanced_authentic\BA_000109.jpg,1503,Category:Medicine bottles,,1280
,0.6422436833381653,BA_000110,"File:A disgruntled gouty man with all limbs bandaged, a table cov Wellcome V0011165.jpg",pending_review,,1301472,JPEG,0.020287279039621353,1630,CC BY 2.0,16,1280,0.0,"https://commons.wikimedia.org/wiki/File:A_disgruntled_gouty_man_with_all_limbs_bandaged,_a_table_cov_Wellcome_V0011165.jpg",C:\Documents\Projects\pharmavision\data\raw\balanced_authentic\BA_000110.jpg,1091,Category:Medicine bottles,,1280
,0.5223026871681213,BA_000111,File:A disgruntled ill man taking a large dose of medicine. Colou Wellcome V0011161.jpg,pending_review,,1491913,JPEG,0.03619962930679321,2095,CC BY 2.0,16,1280,0.0,https://commons.wikimedia.org/wiki/File:A_disgruntled_ill_man_taking_a_large_dose_of_medicine._Colou_Wellcome_V0011161.jpg,C:\Documents\Projects\pharmavision\data\raw\balanced_authentic\BA_000111.jpg,1310,Category:Medicine bottles,,1280
,0.5044634938240051,BA_000113,File:A doctor kicking his rival out Wellcome L0008691.jpg,pending_review,,638145,JPEG,0.06068006157875061,870,CC BY 4.0,14,870,0.023681640625,https://commons.wikimedia.org/wiki/File:A_doctor_kicking_his_rival_out_Wellcome_L0008691.jpg,C:\Documents\Projects\pharmavision\data\raw\balanced_authentic\BA_000113.jpg,32,Category:Medicine bottles,,1280
,0.40093159675598145,BA_000114,File:A doctor kicking his rival out of a female patient's sickroo Wellcome V0011312.jpg,exclude,A_NEAR_DUPLICATE_WITHIN,1072931,JPEG,0.053412750363349915,871,CC BY 4.0,16,871,0.0,https://commons.wikimedia.org/wiki/File:A_doctor_kicking_his_rival_out_of_a_female_patient%27s_sickroo_Wellcome_V0011312.jpg,C:\Documents\Projects\pharmavision\data\raw\balanced_authentic\BA_000114.jpg,2562,Category:Medicine bottles,near-duplicate of BA_000113,1280
,0.46255621314048767,BA_000115,File:A doctor visiting a patient whose wife queries the dose. Woo Wellcome V0011463.jpg,pending_review,,1133144,JPEG,0.06413441151380539,1082,CC BY 4.0,20,1082,0.0,https://commons.wikimedia.org/wiki/File:A_doctor_visiting_a_patient_whose_wife_queries_the_dose._Woo_Wellcome_V0011463.jpg,C:\Documents\Projects\pharmavision\data\raw\balanced_authentic\BA_000115.jpg,223,Category:Medicine bottles,,1280
,0.3809034526348114,BA_000116,File:A grimacing invalid seated before a bowl Wellcome V0011191.jpg,pending_review,,77883,JPEG,0.022043775767087936,486,CC BY 4.0,16,486,0.0,https://commons.wikimedia.org/wiki/File:A_grimacing_invalid_seated_before_a_bowl_Wellcome_V0011191.jpg,C:\Documents\Projects\pharmavision\data\raw\balanced_authentic\BA_000116.jpg,926,Category:Medicine bottles,,648
,0.4210261106491089,BA_000117,File:A grimacing invalid seated before a bowl having received an Wellcome V0011187.jpg,pending_review,,1679392,JPEG,0.049996256828308105,1703,CC BY 4.0,16,1280,0.0,https://commons.wikimedia.org/wiki/File:A_grimacing_invalid_seated_before_a_bowl_having_received_an_Wellcome_V0011187.jpg,C:\Documents\Projects\pharmavision\data\raw\balanced_authentic\BA_000117.jpg,1989,Category:Medicine bottles,,1280
,0.44319596886634827,BA_000118,File:A grimacing invalid seated before a bowl having received an Wellcome V0011188.jpg,pending_review,,1630139,JPEG,0.04953185096383095,1674,CC BY 4.0,14,1280,0.0,https://commons.wikimedia.org/wiki/File:A_grimacing_invalid_seated_before_a_bowl_having_received_an_Wellcome_V0011188.jpg,C:\Documents\Projects\pharmavision\data\raw\balanced_authentic\BA_000118.jpg,2161,Category:Medicine bottles,,1280
,0.362512469291687,BA_000119,File:A grimacing invalid seated before a bowl having received an Wellcome V0011189.jpg,pending_review,,1581485,JPEG,0.05174320191144943,1574,CC BY 4.0,16,1280,0.0,https://commons.wikimedia.org/wiki/File:A_grimacing_invalid_seated_before_a_bowl_having_received_an_Wellcome_V0011189.jpg,C:\Documents\Projects\pharmavision\data\raw\balanced_authentic\BA_000119.jpg,1151,Category:Medicine bottles,,1280
,0.4935224950313568,BA_000120,File:A grimacing invalid seated before a bowl having received an Wellcome V0011190EL.jpg,pending_review,,1429330,JPEG,0.048866480588912964,1720,CC BY 4.0,12,1280,0.0,https://commons.wikimedia.org/wiki/File:A_grimacing_invalid_seated_before_a_bowl_having_received_an_Wellcome_V0011190EL.jpg,C:\Documents\Projects\pharmavision\data\raw\balanced_authentic\BA_000120.jpg,1548,Category:Medicine bottles,,1280
,0.45156827569007874,BA_000121,File:A grimacing invalid seated before a bowl having received an Wellcome V0011191EL.jpg,pending_review,,1346967,JPEG,0.053514376282691956,1661,CC BY 4.0,14,1280,0.0,https://commons.wikimedia.org/wiki/File:A_grimacing_invalid_seated_before_a_bowl_having_received_an_Wellcome_V0011191EL.jpg,C:\Documents\Projects\pharmavision\data\raw\balanced_authentic\BA_000121.jpg,1026,Category:Medicine bottles,,1280
,0.2545605003833771,BA_000122,File:A grimacing invalid seated before a bowl having received an Wellcome V0011191ER.jpg,exclude,A_ACQUISITION_OUT_OF_BAND,1199505,JPEG,0.036126378923654556,1782,CC BY 4.0,,1280,0.0,https://commons.wikimedia.org/wiki/File:A_grimacing_invalid_seated_before_a_bowl_having_received_an_Wellcome_V0011191ER.jpg,C:\Documents\Projects\pharmavision\data\raw\balanced_authentic\BA_000122.jpg,871,Category:Medicine bottles,"brightness 0.255 outside the counterfeit support [0.341, 0.714]",1280
Redvelvetcake5,0.2593408524990082,BA_000151,File:A strip of antihistamine.jpg,exclude,A_ACQUISITION_OUT_OF_BAND,287978,JPEG,0.02635514922440052,890,CC BY-SA 4.0,,890,0.0,https://commons.wikimedia.org/wiki/File:A_strip_of_antihistamine.jpg,C:\Documents\Projects\pharmavision\data\raw\balanced_authentic\BA_000151.jpg,519,Category:Blister packs,"brightness 0.259 outside the counterfeit support [0.341, 0.714]",1280
"Sfakianoudis, K.; Rapani, A.; Grigoriadis, S.; Pantou, A.; Maziotis, E.; Kokkini, G.; Tsirligkani, C.; Bolaris, S.; Nikolettos, K.; Chronopoulou, M.; et al.",0.6898842453956604,BA_000152,File:A summary of the role of uterine natural killer (uNK) cells on the events entailed in successful embryo implantation and maintenance of a pregnancy.png,pending_review,,1096083,PNG,0.03280959650874138,961,CC BY 4.0,12,961,0.114593505859375,https://commons.wikimedia.org/wiki/File:A_summary_of_the_role_of_uterine_natural_killer_(uNK)_cells_on_the_events_entailed_in_successful_embryo_implantation_and_maintenance_of_a_pregnancy.png,C:\Documents\Projects\pharmavision\data\raw\balanced_authentic\BA_000152.jpg,2117,human normal immunoglobulin,,1280
Senior Airman Madeline Herzog (according to Exif data),0.714005708694458,BA_000154,File:A vial of Moderna COVID-19 vaccine 201229-F-ZB805-0008Y.jpg,pending_review,,106466,JPEG,0.014759527519345284,853,Public domain,16,853,0.000579833984375,https://commons.wikimedia.org/wiki/File:A_vial_of_Moderna_COVID-19_vaccine_201229-F-ZB805-0008Y.jpg,C:\Documents\Projects\pharmavision\data\raw\balanced_authentic\BA_000154.jpg,1349,COVID-19 vaccine vial,,1280
lancefisher,0.40117955207824707,BA_000156,File:A-DATA 2 x 2GB DDR2 IMG 1775.jpg,pending_review,,293134,JPEG,0.01852240413427353,960,CC BY-SA 2.0,16,960,0.0,https://commons.wikimedia.org/wiki/File:A-DATA_2_x_2GB_DDR2_IMG_1775.jpg,C:\Documents\Projects\pharmavision\data\raw\balanced_authentic\BA_000156.jpg,2147,Category:Blister packs,,1280
"Manyando C, Kayentao K, D’Alessandro U, Okafor H, Juma E, Hamed K",0.9649117588996887,BA_000157,File:A-systematic-review-of-the-safety-and-efficacy-of-artemether-lumefantrine-against-uncomplicated-1475-2875-11-141-1.jpg,exclude,A_NOT_PHOTOGRAPH,55686,JPEG,0.024590540677309036,848,CC BY 2.0,,600,0.8685760498046875,https://commons.wikimedia.org/wiki/File:A-systematic-review-of-the-safety-and-efficacy-of-artemether-lumefantrine-against-uncomplicated-1475-2875-11-141-1.jpg,C:\Documents\Projects\pharmavision\data\raw\balanced_authentic\BA_000157.jpg,31,artemether lumefantrine,"grad 0.0246, white 0.87, colours 31",600
Jim.henderson,0.40633201599121094,BA_000159,File:AC USB adapters jeh.JPG,pending_review,,278995,JPEG,0.033617258071899414,982,CC0,18,982,0.0164947509765625,https://commons.wikimedia.org/wiki/File:AC_USB_adapters_jeh.JPG,C:\Documents\Projects\pharmavision\data\raw\balanced_authentic\BA_000159.jpg,3466,Category:Blister packs,,1280
Abdsomod,0.5245803594589233,BA_000163,File:AMALAR.jpg,pending_review,,41844,JPEG,0.012849465012550354,1080,CC0,16,607,0.0,https://commons.wikimedia.org/wiki/File:AMALAR.jpg,C:\Documents\Projects\pharmavision\data\raw\balanced_authentic\BA_000163.jpg,733,Category:Tablets (pharmacy),,607
USN,0.44810593128204346,BA_000164,File:AN-APS-3 PV-2 NAN4-46.jpg,pending_review,,67517,JPEG,0.03062640130519867,500,Public domain,14,377,0.0,https://commons.wikimedia.org/wiki/File:AN-APS-3_PV-2_NAN4-46.jpg,C:\Documents\Projects\pharmavision\data\raw\balanced_authentic\BA_000164.jpg,78,penicillin V,,377
Luminal véranda,0.43728363513946533,BA_000165,File:ARRIERE.jpg,pending_review,,384020,JPEG,0.04857884347438812,960,CC BY-SA 4.0,18,960,0.0,https://commons.wikimedia.org/wiki/File:ARRIERE.jpg,C:\Documents\Projects\pharmavision\data\raw\balanced_authentic\BA_000165.jpg,1737,phenobarbital,,1280
User:Mateus2019,0.2820245325565338,BA_000167,File:AUT — Bundesland Salzburg — Salzburg (Stadt) — Kaffeebecher mit Inschrift “Bitte einen Café mit Schoko-Wodka-Valium-Latte to go” Mattes 2021.jpg,exclude,A_ACQUISITION_OUT_OF_BAND,196054,JPEG,0.021451013162732124,2493,Public domain,,1280,0.0,https://commons.wikimedia.org/wiki/File:AUT_%E2%80%94_Bundesland_Salzburg_%E2%80%94_Salzburg_(Stadt)_%E2%80%94_Kaffeebecher_mit_Inschrift_%E2%80%9CBitte_einen_Caf%C3%A9_mit_Schoko-Wodka-Valium-Latte_to_go%E2%80%9D_Mattes_2021.jpg,C:\Documents\Projects\pharmavision\data\raw\balanced_authentic\BA_000167.jpg,438,diazepam,"brightness 0.282 outside the counterfeit support [0.341, 0.714]",1280
Lebubu93,0.4746263027191162,BA_000168,File:AX 1909.JPG,pending_review,,431490,JPEG,0.042420774698257446,960,CC BY-SA 3.0,18,960,0.033416748046875,https://commons.wikimedia.org/wiki/File:AX_1909.JPG,C:\Documents\Projects\pharmavision\data\raw\balanced_authentic\BA_000168.jpg,2416,amoxicillin,,1280
Lebubu93,0.5343478322029114,BA_000169,File:AX GTi ar.jpg,pending_review,,177602,JPEG,0.037739723920822144,600,CC BY-SA 3.0,18,600,0.037567138671875,https://commons.wikimedia.org/wiki/File:AX_GTi_ar.jpg,C:\Documents\Projects\pharmavision\data\raw\balanced_authentic\BA_000169.jpg,2904,amoxicillin,,800
Lebubu93,0.4889144003391266,BA_000170,File:AX GTi av.jpg,pending_review,,181581,JPEG,0.03712727874517441,600,CC BY-SA 3.0,18,600,0.047882080078125,https://commons.wikimedia.org/wiki/File:AX_GTi_av.jpg,C:\Documents\Projects\pharmavision\data\raw\balanced_authentic\BA_000170.jpg,2453,amoxicillin,,800
Lebubu93,0.4686836302280426,BA_000171,File:AX Sport ar.jpg,pending_review,,161256,JPEG,0.034555669873952866,600,CC BY-SA 3.0,16,600,0.0033721923828125,https://commons.wikimedia.org/wiki/File:AX_Sport_ar.jpg,C:\Documents\Projects\pharmavision\data\raw\balanced_authentic\BA_000171.jpg,1232,amoxicillin,,800
Lebubu93,0.4582858085632324,BA_000172,File:AX Sport av.jpg,pending_review,,161480,JPEG,0.03182385861873627,600,CC BY-SA 3.0,18,600,0.00299072265625,https://commons.wikimedia.org/wiki/File:AX_Sport_av.jpg,C:\Documents\Projects\pharmavision\data\raw\balanced_authentic\BA_000172.jpg,825,amoxicillin,,800
Zde,0.4630833864212036,BA_000180,"File:Account of expenses for construction of Tholos, AM of Epidaruos, 202577.jpg",pending_review,,739382,JPEG,0.01680896058678627,1924,CC BY-SA 4.0,16,1280,0.0,"https://commons.wikimedia.org/wiki/File:Account_of_expenses_for_construction_of_Tholos,_AM_of_Epidaruos,_202577.jpg",C:\Documents\Projects\pharmavision\data\raw\balanced_authentic\BA_000180.jpg,929,human normal immunoglobulin,,1280
Zde,0.5641260743141174,BA_000181,"File:Account of expenses for construction of Tholos, AM of Epidaruos, 202578.jpg",pending_review,,554757,JPEG,0.038057535886764526,851,CC BY-SA 4.0,18,851,0.0,"https://commons.wikimedia.org/wiki/File:Account_of_expenses_for_construction_of_Tholos,_AM_of_Epidaruos,_202578.jpg",C:\Documents\Projects\pharmavision\data\raw\balanced_authentic\BA_000181.jpg,471,human normal immunoglobulin,,1280
Tomino de WS,0.7439749836921692,BA_000182,File:Acecor 400 mg tbl.jpg,exclude,A_ACQUISITION_OUT_OF_BAND,85550,JPEG,0.00814470462501049,895,CC BY-SA 4.0,,895,3.0517578125e-05,https://commons.wikimedia.org/wiki/File:Acecor_400_mg_tbl.jpg,C:\Documents\Projects\pharmavision\data\raw\balanced_authentic\BA_000182.jpg,521,Category:Blister packs,"brightness 0.744 outside the counterfeit support [0.341, 0.714]",1280
It's gonna be awesome,0.5999703407287598,BA_000185,File:Acetylcystein as effervescent tablet branded ACC by Sandoz.jpg,pending_review,,324720,JPEG,0.01715531200170517,1707,CC BY-SA 4.0,16,1280,0.0,https://commons.wikimedia.org/wiki/File:Acetylcystein_as_effervescent_tablet_branded_ACC_by_Sandoz.jpg,C:\Documents\Projects\pharmavision\data\raw\balanced_authentic\BA_000185.jpg,881,Category:Tablets (pharmacy),,1280
Marcus33,0.8018765449523926,BA_000191,File:Acylpyrin.jpg,exclude,A_ACQUISITION_OUT_OF_BAND,145731,JPEG,0.012220950797200203,753,Public domain,,753,0.1968994140625,https://commons.wikimedia.org/wiki/File:Acylpyrin.jpg,C:\Documents\Projects\pharmavision\data\raw\balanced_authentic\BA_000191.jpg,410,Category:Blister packs,"brightness 0.802 outside the counterfeit support [0.341, 0.714]",1004
Tomino de WS,0.752899706363678,BA_000192,"File:Adadut 0,5 mg cps.jpg",exclude,A_ACQUISITION_OUT_OF_BAND,156383,JPEG,0.016111481934785843,960,CC BY-SA 4.0,,960,0.00885009765625,"https://commons.wikimedia.org/wiki/File:Adadut_0,5_mg_cps.jpg",C:\Documents\Projects\pharmavision\data\raw\balanced_authentic\BA_000192.jpg,982,Category:Blister packs,"brightness 0.753 outside the counterfeit support [0.341, 0.714]",1280
Tomino de WS,0.7989373207092285,BA_000213,"File:Aerius 2,5 mg tbl.jpg",exclude,A_ACQUISITION_OUT_OF_BAND,136230,JPEG,0.017975948750972748,960,CC BY-SA 4.0,,960,0.1611328125,"https://commons.wikimedia.org/wiki/File:Aerius_2,5_mg_tbl.jpg",C:\Documents\Projects\pharmavision\data\raw\balanced_authentic\BA_000213.jpg,1486,Category:Blister packs,"brightness 0.799 outside the counterfeit support [0.341, 0.714]",1280
Tomino de WS,0.8453431725502014,BA_000214,File:Aerius 5 mg tbl.jpg,exclude,A_ACQUISITION_OUT_OF_BAND,143633,JPEG,0.010736186057329178,960,CC BY-SA 4.0,,960,0.2653656005859375,https://commons.wikimedia.org/wiki/File:Aerius_5_mg_tbl.jpg,C:\Documents\Projects\pharmavision\data\raw\balanced_authentic\BA_000214.jpg,1204,Category:Blister packs,"brightness 0.845 outside the counterfeit support [0.341, 0.714]",1280
2nd Lt. Karl Wiest,0.2684107720851898,BA_000215,"File:Afghan Doctors, PRT Make Huge House Call in Shewan DVIDS234069.jpg",exclude,A_ACQUISITION_OUT_OF_BAND,206178,JPEG,0.026476725935935974,850,Public domain,,850,9.1552734375e-05,"https://commons.wikimedia.org/wiki/File:Afghan_Doctors,_PRT_Make_Huge_House_Call_in_Shewan_DVIDS234069.jpg",C:\Documents\Projects\pharmavision\data\raw\balanced_authentic\BA_000215.jpg,1666,Augmentin,"brightness 0.268 outside the counterfeit support [0.341, 0.714]",1280
Tomino de WS,0.7738016247749329,BA_000217,File:Afonilum 125 mg cps.jpg,exclude,A_ACQUISITION_OUT_OF_BAND,146286,JPEG,0.012360069900751114,960,CC BY-SA 4.0,,960,0.000640869140625,https://commons.wikimedia.org/wiki/File:Afonilum_125_mg_cps.jpg,C:\Documents\Projects\pharmavision\data\raw\balanced_authentic\BA_000217.jpg,816,Category:Blister packs,"brightness 0.774 outside the counterfeit support [0.341, 0.714]",1280
Tomino de WS,0.7705607414245605,BA_000218,File:Afonilum 250 mg cps.jpg,exclude,A_ACQUISITION_OUT_OF_BAND,123431,JPEG,0.014843999408185482,960,CC BY-SA 4.0,,960,0.01043701171875,https://commons.wikimedia.org/wiki/File:Afonilum_250_mg_cps.jpg,C:\Documents\Projects\pharmavision\data\raw\balanced_authentic\BA_000218.jpg,894,Category:Blister packs,"brightness 0.771 outside the counterfeit support [0.341, 0.714]",1280
André Gerwing,0.47736290097236633,BA_000221,"File:Airbus A320-251N (c-n 7576, TF-PPD) 2024-10-11 Andre Gerwing Collection ID 022199.jpg",pending_review,,98452,JPEG,0.008988729678094387,853,CC BY-SA 4.0,16,853,0.0001220703125,"https://commons.wikimedia.org/wiki/File:Airbus_A320-251N_(c-n_7576,_TF-PPD)_2024-10-11_Andre_Gerwing_Collection_ID_022199.jpg",C:\Documents\Projects\pharmavision\data\raw\balanced_authentic\BA_000221.jpg,1233,propylene glycol,,1280
Miyuki Meinaka,0.5702087879180908,BA_000233,File:Alinamin A.jpg,pending_review,,101885,JPEG,0.008246898651123047,815,CC BY-SA 4.0,14,815,0.0,https://commons.wikimedia.org/wiki/File:Alinamin_A.jpg,C:\Documents\Projects\pharmavision\data\raw\balanced_authentic\BA_000233.jpg,539,Category:Tablets (pharmacy),,1280
Ebarella_R,0.359764963388443,BA_000234,File:Alka Seltzer (27862968001).jpg,pending_review,,144264,JPEG,0.015848683193325996,853,CC BY 2.0,16,853,0.0003814697265625,https://commons.wikimedia.org/wiki/File:Alka_Seltzer_(27862968001).jpg,C:\Documents\Projects\pharmavision\data\raw\balanced_authentic\BA_000234.jpg,208,Category:Tablets (pharmacy),,1280
Corn cheese,0.6690442562103271,BA_000235,File:Alka Seltzer Energy Boost tablet.jpg,pending_review,,229323,JPEG,0.003960265778005123,1707,CC BY 4.0,16,1280,0.0,https://commons.wikimedia.org/wiki/File:Alka_Seltzer_Energy_Boost_tablet.jpg,C:\Documents\Projects\pharmavision\data\raw\balanced_authentic\BA_000235.jpg,158,Category:Tablets (pharmacy),,1280
Henk Albert de Klerk,0.8159916996955872,BA_000237,File:Alka-Seltzer Ged Handelsmerk.JPG,exclude,A_NOT_PHOTOGRAPH,204147,JPEG,0.02157696709036827,960,CC BY-SA 4.0,,960,0.3271484375,https://commons.wikimedia.org/wiki/File:Alka-Seltzer_Ged_Handelsmerk.JPG,C:\Documents\Projects\pharmavision\data\raw\balanced_authentic\BA_000237.jpg,1940,Category:Tablets (pharmacy),"grad 0.0216, white 0.33, colours 1940",1280
goblinbox_(queen_of_ad_hoc_bento),0.4694259464740753,BA_000238,File:Alka-Seltzer Plus Cold and Cough Pill (5788678904).jpg,pending_review,,193779,JPEG,0.010633781552314758,960,CC BY 2.0,18,960,0.0,https://commons.wikimedia.org/wiki/File:Alka-Seltzer_Plus_Cold_and_Cough_Pill_(5788678904).jpg,C:\Documents\Projects\pharmavision\data\raw\balanced_authentic\BA_000238.jpg,420,Category:Tablets (pharmacy),,1280
Mysterymanblue,0.3290272057056427,BA_000239,File:Alka-Seltzer dissolving progression 1 - suspended.jpg,exclude,A_ACQUISITION_OUT_OF_BAND,211888,JPEG,0.015794426202774048,2127,CC BY 4.0,,1280,0.0,https://commons.wikimedia.org/wiki/File:Alka-Seltzer_dissolving_progression_1_-_suspended.jpg,C:\Documents\Projects\pharmavision\data\raw\balanced_authentic\BA_000239.jpg,1426,Category:Tablets (pharmacy),"brightness 0.329 outside the counterfeit support [0.341, 0.714]",1280
Mysterymanblue,0.3281448185443878,BA_000240,File:Alka-Seltzer dissolving progression 1 - suspended.png,exclude,A_ACQUISITION_OUT_OF_BAND,11632600,PNG,0.015521715395152569,2127,CC BY 4.0,,1280,0.0,https://commons.wikimedia.org/wiki/File:Alka-Seltzer_dissolving_progression_1_-_suspended.png,C:\Documents\Projects\pharmavision\data\raw\balanced_authentic\BA_000240.jpg,1447,Category:Tablets (pharmacy),"brightness 0.328 outside the counterfeit support [0.341, 0.714]",1280
Mysterymanblue,0.33533909916877747,BA_000241,File:Alka-Seltzer dissolving progression 2 - sinking 1.jpg,exclude,A_ACQUISITION_OUT_OF_BAND,212069,JPEG,0.015642400830984116,2127,CC BY 4.0,,1280,0.0,https://commons.wikimedia.org/wiki/File:Alka-Seltzer_dissolving_progression_2_-_sinking_1.jpg,C:\Documents\Projects\pharmavision\data\raw\balanced_authentic\BA_000241.jpg,1358,Category:Tablets (pharmacy),"brightness 0.335 outside the counterfeit support [0.341, 0.714]",1280
Mysterymanblue,0.33447107672691345,BA_000242,File:Alka-Seltzer dissolving progression 2 - sinking 1.png,exclude,A_ACQUISITION_OUT_OF_BAND,11658581,PNG,0.015358257107436657,2127,CC BY 4.0,,1280,0.0,https://commons.wikimedia.org/wiki/File:Alka-Seltzer_dissolving_progression_2_-_sinking_1.png,C:\Documents\Projects\pharmavision\data\raw\balanced_authentic\BA_000242.jpg,1338,Category:Tablets (pharmacy),"brightness 0.334 outside the counterfeit support [0.341, 0.714]",1280
Mysterymanblue,0.3489271104335785,BA_000243,File:Alka-Seltzer dissolving progression 3 - sinking 2.jpg,pending_review,,279566,JPEG,0.017204780131578445,2127,CC BY 4.0,16,1280,0.0,https://commons.wikimedia.org/wiki/File:Alka-Seltzer_dissolving_progression_3_-_sinking_2.jpg,C:\Documents\Projects\pharmavision\data\raw\balanced_authentic\BA_000243.jpg,1285,Category:Tablets (pharmacy),,1280
Mysterymanblue,0.3481311798095703,BA_000244,File:Alka-Seltzer dissolving progression 3 - sinking 2.png,exclude,A_NEAR_DUPLICATE_WITHIN,12107636,PNG,0.016810592263936996,2127,CC BY 4.0,16,1280,0.0,https://commons.wikimedia.org/wiki/File:Alka-Seltzer_dissolving_progression_3_-_sinking_2.png,C:\Documents\Projects\pharmavision\data\raw\balanced_authentic\BA_000244.jpg,1290,Category:Tablets (pharmacy),near-duplicate of BA_000243,1280
Mysterymanblue,0.3263445198535919,BA_000245,File:Alka-Seltzer dissolving progression 4 - dissolving 1.jpg,exclude,A_ACQUISITION_OUT_OF_BAND,327180,JPEG,0.01802719198167324,2127,CC BY 4.0,,1280,0.0,https://commons.wikimedia.org/wiki/File:Alka-Seltzer_dissolving_progression_4_-_dissolving_1.jpg,C:\Documents\Projects\pharmavision\data\raw\balanced_authentic\BA_000245.jpg,1242,Category:Tablets (pharmacy),"brightness 0.326 outside the counterfeit support [0.341, 0.714]",1280
Mysterymanblue,0.325460821390152,BA_000246,File:Alka-Seltzer dissolving progression 4 - dissolving 1.png,exclude,A_ACQUISITION_OUT_OF_BAND,12985868,PNG,0.01748819649219513,2127,CC BY 4.0,,1280,0.0,https://commons.wikimedia.org/wiki/File:Alka-Seltzer_dissolving_progression_4_-_dissolving_1.png,C:\Documents\Projects\pharmavision\data\raw\balanced_authentic\BA_000246.jpg,1226,Category:Tablets (pharmacy),"brightness 0.325 outside the counterfeit support [0.341, 0.714]",1280
Mysterymanblue,0.310422420501709,BA_000247,File:Alka-Seltzer dissolving progression 5 - dissolving 2.jpg,exclude,A_ACQUISITION_OUT_OF_BAND,344424,JPEG,0.018826203420758247,2127,CC BY 4.0,,1280,0.0,https://commons.wikimedia.org/wiki/File:Alka-Seltzer_dissolving_progression_5_-_dissolving_2.jpg,C:\Documents\Projects\pharmavision\data\raw\balanced_authentic\BA_000247.jpg,1132,Category:Tablets (pharmacy),"brightness 0.310 outside the counterfeit support [0.341, 0.714]",1280
Mysterymanblue,0.30953267216682434,BA_000248,File:Alka-Seltzer dissolving progression 5 - dissolving 2.png,exclude,A_ACQUISITION_OUT_OF_BAND,13302771,PNG,0.018201032653450966,2127,CC BY 4.0,,1280,0.0,https://commons.wikimedia.org/wiki/File:Alka-Seltzer_dissolving_progression_5_-_dissolving_2.png,C:\Documents\Projects\pharmavision\data\raw\balanced_authentic\BA_000248.jpg,1137,Category:Tablets (pharmacy),"brightness 0.310 outside the counterfeit support [0.341, 0.714]",1280
Mysterymanblue,0.28723451495170593,BA_000249,File:Alka-Seltzer dissolving progression 6 - dissolving 3.jpg,exclude,A_ACQUISITION_OUT_OF_BAND,385678,JPEG,0.018888039514422417,2127,CC BY 4.0,,1280,0.0,https://commons.wikimedia.org/wiki/File:Alka-Seltzer_dissolving_progression_6_-_dissolving_3.jpg,C:\Documents\Projects\pharmavision\data\raw\balanced_authentic\BA_000249.jpg,1032,Category:Tablets (pharmacy),"brightness 0.287 outside the counterfeit support [0.341, 0.714]",1280
Mysterymanblue,0.2863348424434662,BA_000250,File:Alka-Seltzer dissolving progression 6 - dissolving 3.png,exclude,A_ACQUISITION_OUT_OF_BAND,13282861,PNG,0.018149670213460922,2127,CC BY 4.0,,1280,0.0,https://commons.wikimedia.org/wiki/File:Alka-Seltzer_dissolving_progression_6_-_dissolving_3.png,C:\Documents\Projects\pharmavision\data\raw\balanced_authentic\BA_000250.jpg,1037,Category:Tablets (pharmacy),"brightness 0.286 outside the counterfeit support [0.341, 0.714]",1280
Mysterymanblue,0.27172279357910156,BA_000251,File:Alka-Seltzer dissolving progression 7 - dissolving 4.jpg,exclude,A_ACQUISITION_OUT_OF_BAND,404128,JPEG,0.015917636454105377,2127,CC BY 4.0,,1280,0.0,https://commons.wikimedia.org/wiki/File:Alka-Seltzer_dissolving_progression_7_-_dissolving_4.jpg,C:\Documents\Projects\pharmavision\data\raw\balanced_authentic\BA_000251.jpg,997,Category:Tablets (pharmacy),"brightness 0.272 outside the counterfeit support [0.341, 0.714]",1280
Mysterymanblue,0.2706986665725708,BA_000252,File:Alka-Seltzer dissolving progression 7 - dissolving 4.png,exclude,A_ACQUISITION_OUT_OF_BAND,13407021,PNG,0.01521986909210682,2127,CC BY 4.0,,1280,0.0,https://commons.wikimedia.org/wiki/File:Alka-Seltzer_dissolving_progression_7_-_dissolving_4.png,C:\Documents\Projects\pharmavision\data\raw\balanced_authentic\BA_000252.jpg,1016,Category:Tablets (pharmacy),"brightness 0.271 outside the counterfeit support [0.341, 0.714]",1280
Mysterymanblue,0.2978445589542389,BA_000253,File:Alka-Seltzer dissolving progression 8 - dissolving 5.jpg,exclude,A_ACQUISITION_OUT_OF_BAND,428544,JPEG,0.016527416184544563,2127,CC BY 4.0,,1280,0.0,https://commons.wikimedia.org/wiki/File:Alka-Seltzer_dissolving_progression_8_-_dissolving_5.jpg,C:\Documents\Projects\pharmavision\data\raw\balanced_authentic\BA_000253.jpg,1108,Category:Tablets (pharmacy),"brightness 0.298 outside the counterfeit support [0.341, 0.714]",1280
Mysterymanblue,0.29703840613365173,BA_000254,File:Alka-Seltzer dissolving progression 8 - dissolving 5.png,exclude,A_ACQUISITION_OUT_OF_BAND,13642529,PNG,0.01586485281586647,2127,CC BY 4.0,,1280,0.0,https://commons.wikimedia.org/wiki/File:Alka-Seltzer_dissolving_progression_8_-_dissolving_5.png,C:\Documents\Projects\pharmavision\data\raw\balanced_authentic\BA_000254.jpg,1109,Category:Tablets (pharmacy),"brightness 0.297 outside the counterfeit support [0.341, 0.714]",1280
Maksym Kozlenko,0.46158504486083984,BA_000274,File:Alkaline AA batteries.jpg,pending_review,,420074,JPEG,0.05203835666179657,960,CC BY-SA 4.0,18,960,0.004547119140625,https://commons.wikimedia.org/wiki/File:Alkaline_AA_batteries.jpg,C:\Documents\Projects\pharmavision\data\raw\balanced_authentic\BA_000274.jpg,3344,Category:Blister packs,,1280
Hanabishi,0.38228723406791687,BA_000275,File:AllegraFX.jpg,pending_review,,456873,JPEG,0.06620132178068161,1280,CC BY-SA 3.0,18,544,6.103515625e-05,https://commons.wikimedia.org/wiki/File:AllegraFX.jpg,C:\Documents\Projects\pharmavision\data\raw\balanced_authentic\BA_000275.jpg,1795,Category:Blister packs,,544
Gzzz,0.5287997126579285,BA_000279,File:Allergic exanthema amoxicillin.jpg,pending_review,,309500,JPEG,0.017618665471673012,1344,CC BY-SA 4.0,18,1280,1.52587890625e-05,https://commons.wikimedia.org/wiki/File:Allergic_exanthema_amoxicillin.jpg,C:\Documents\Projects\pharmavision\data\raw\balanced_authentic\BA_000279.jpg,1721,Augmentin,,1280
Jiří Dobrý,0.577272891998291,BA_000282,File:Alnagon - Spofa - krabička a blistr.JPG,pending_review,,176703,JPEG,0.01815209351480007,960,CC BY-SA 4.0,16,960,0.0087890625,https://commons.wikimedia.org/wiki/File:Alnagon_-_Spofa_-_krabi%C4%8Dka_a_blistr.JPG,C:\Documents\Projects\pharmavision\data\raw\balanced_authentic\BA_000282.jpg,545,phenobarbital,,1280
Jiří Dobrý,0.7232291102409363,BA_000283,File:Alnagon - Spofa - složení.JPG,exclude,A_ACQUISITION_OUT_OF_BAND,158188,JPEG,0.012173693627119064,960,CC BY-SA 4.0,,960,0.0,https://commons.wikimedia.org/wiki/File:Alnagon_-_Spofa_-_slo%C5%BEen%C3%AD.JPG,C:\Documents\Projects\pharmavision\data\raw\balanced_authentic\BA_000283.jpg,251,phenobarbital,"brightness 0.723 outside the counterfeit support [0.341, 0.714]",1280
Jiří Dobrý,0.7098971009254456,BA_000284,File:Alnagon - Spofa.JPG,pending_review,,204560,JPEG,0.012423217296600342,960,CC BY-SA 4.0,14,960,0.0,https://commons.wikimedia.org/wiki/File:Alnagon_-_Spofa.JPG,C:\Documents\Projects\pharmavision\data\raw\balanced_authentic\BA_000284.jpg,429,phenobarbital,,1280
Tmeers91,0.4476834237575531,BA_000290,"File:Alprazolam orally disintegrating tablets, blister packs.jpg",pending_review,,242668,JPEG,0.03283750265836716,826,CC0,16,826,0.0,"https://commons.wikimedia.org/wiki/File:Alprazolam_orally_disintegrating_tablets,_blister_packs.jpg",C:\Documents\Projects\pharmavision\data\raw\balanced_authentic\BA_000290.jpg,387,blister pack tablets,,1280
Philadelphia College of Pharmacy and Science,0.4965125024318695,BA_000298,File:American journal of pharmacy (1829) (14596396880).jpg,pending_review,,413640,JPEG,0.04047343507409096,3884,No restrictions,16,1248,0.0,https://commons.wikimedia.org/wiki/File:American_journal_of_pharmacy_(1829)_(14596396880).jpg,C:\Documents\Projects\pharmavision\data\raw\balanced_authentic\BA_000298.jpg,215,medicine box package,,1248
Roberta F.,0.43672609329223633,BA_000313,File:Amoksicilin 500 091208.jpg,pending_review,,242580,JPEG,0.021406352519989014,519,CC BY-SA 3.0,16,519,0.0659332275390625,https://commons.wikimedia.org/wiki/File:Amoksicilin_500_091208.jpg,C:\Documents\Projects\pharmavision\data\raw\balanced_authentic\BA_000313.jpg,2186,Augmentin,,640
Mvejr,0.4487828314304352,BA_000314,File:Amoksiklav.jpg,pending_review,,153516,JPEG,0.022368092089891434,893,CC BY-SA 4.0,18,819,0.0063323974609375,https://commons.wikimedia.org/wiki/File:Amoksiklav.jpg,C:\Documents\Projects\pharmavision\data\raw\balanced_authentic\BA_000314.jpg,1382,Augmentin,,819
Persia Salehi,0.4714636504650116,BA_000315,File:Amoxi-drops and amoxi-tabs.jpg,pending_review,,676327,JPEG,0.020208844915032387,1095,CC0,16,1000,0.0,https://commons.wikimedia.org/wiki/File:Amoxi-drops_and_amoxi-tabs.jpg,C:\Documents\Projects\pharmavision\data\raw\balanced_authentic\BA_000315.jpg,1474,Augmentin,,1000
Medicadoo,0.7833974957466125,BA_000316,File:Amoxicilina y ácido clavulanico dosificación.png,exclude,A_ACQUISITION_OUT_OF_BAND,818833,PNG,0.06340058147907257,800,CC BY-SA 4.0,,800,0.0,https://commons.wikimedia.org/wiki/File:Amoxicilina_y_%C3%A1cido_clavulanico_dosificaci%C3%B3n.png,C:\Documents\Projects\pharmavision\data\raw\balanced_authentic\BA_000316.jpg,632,Augmentin,"brightness 0.783 outside the counterfeit support [0.341, 0.714]",800
Henrysz,0.5502550005912781,BA_000318,File:Amoxicillin 500mg capsules on a plate (Sandoz).jpg,pending_review,,149658,JPEG,0.010538846254348755,1137,CC BY 4.0,16,1137,0.0,https://commons.wikimedia.org/wiki/File:Amoxicillin_500mg_capsules_on_a_plate_(Sandoz).jpg,C:\Documents\Projects\pharmavision\data\raw\balanced_authentic\BA_000318.jpg,1283,Augmentin,,1280
MarinaVladivostok,0.02411758340895176,BA_000319,File:Amoxicillin clavulanic acid ball-and-stick.png,exclude,A_ACQUISITION_OUT_OF_BAND,166457,PNG,0.010807662270963192,908,CC0,,908,0.0002288818359375,https://commons.wikimedia.org/wiki/File:Amoxicillin_clavulanic_acid_ball-and-stick.png,C:\Documents\Projects\pharmavision\data\raw\balanced_authentic\BA_000319.jpg,286,Augmentin,"brightness 0.024 outside the counterfeit support [0.341, 0.714]",1280
Bamjos,0.30904725193977356,BA_000320,File:Amoxicillin drug.jpg,exclude,A_ACQUISITION_OUT_OF_BAND,392906,JPEG,0.026414580643177032,1700,CC0,,1280,0.094940185546875,https://commons.wikimedia.org/wiki/File:Amoxicillin_drug.jpg,C:\Documents\Projects\pharmavision\data\raw\balanced_authentic\BA_000320.jpg,1692,amoxicillin,"brightness 0.309 outside the counterfeit support [0.341, 0.714]",1280
NIAID,0.5960015654563904,BA_000321,File:Amoxicillin pill.jpg,pending_review,,155788,JPEG,0.006053150165826082,1028,Public domain,16,1028,0.0,https://commons.wikimedia.org/wiki/File:Amoxicillin_pill.jpg,C:\Documents\Projects\pharmavision\data\raw\balanced_authentic\BA_000321.jpg,196,Augmentin,,1280
Skoch3,0.5952065587043762,BA_000322,File:Amoxicillin rash 11 hours after 17th dose.JPG,pending_review,,327479,JPEG,0.006840478628873825,1051,CC BY-SA 4.0,18,740,0.0,https://commons.wikimedia.org/wiki/File:Amoxicillin_rash_11_hours_after_17th_dose.JPG,C:\Documents\Projects\pharmavision\data\raw\balanced_authentic\BA_000322.jpg,264,Augmentin,,740
Skoch3,0.5917688012123108,BA_000323,File:Amoxicillin rash 26 hours after 17th dose.JPG,pending_review,,486807,JPEG,0.0051146503537893295,1264,CC BY-SA 4.0,14,1105,0.0,https://commons.wikimedia.org/wiki/File:Amoxicillin_rash_26_hours_after_17th_dose.JPG,C:\Documents\Projects\pharmavision\data\raw\balanced_authentic\BA_000323.jpg,441,Augmentin,,1105
Skoch3,0.5644010901451111,BA_000324,File:Amoxicillin rash 3 hours after 17th dose.JPG,pending_review,,329395,JPEG,0.004855304956436157,1242,CC BY-SA 4.0,20,762,0.0,https://commons.wikimedia.org/wiki/File:Amoxicillin_rash_3_hours_after_17th_dose.JPG,C:\Documents\Projects\pharmavision\data\raw\balanced_authentic\BA_000324.jpg,322,Augmentin,,762
Rillke,0.6642249226570129,BA_000325,File:Amoxicillin substance photo.jpg,pending_review,,181034,JPEG,0.017842348664999008,594,CC BY-SA 3.0,16,594,0.0026702880859375,https://commons.wikimedia.org/wiki/File:Amoxicillin_substance_photo.jpg,C:\Documents\Projects\pharmavision\data\raw\balanced_authentic\BA_000325.jpg,620,Augmentin,,1062
User:Benjah-bmm27,0.6304709911346436,BA_000327,File:Amoxicillin-3D-balls.png,exclude,A_NOT_PHOTOGRAPH,155483,PNG,0.020215261727571487,515,Public domain,,515,0.461639404296875,https://commons.wikimedia.org/wiki/File:Amoxicillin-3D-balls.png,C:\Documents\Projects\pharmavision\data\raw\balanced_authentic\BA_000327.jpg,468,Augmentin,"grad 0.0202, white 0.46, colours 468",1100
,0.6876429915428162,BA_000328,File:Amoxicillin-3D-vdW.png,exclude,A_NOT_PHOTOGRAPH,192490,PNG,0.019403474405407906,566,Public domain,,566,0.477325439453125,https://commons.wikimedia.org/wiki/File:Amoxicillin-3D-vdW.png,C:\Documents\Projects\pharmavision\data\raw\balanced_authentic\BA_000328.jpg,525,Augmentin,"grad 0.0194, white 0.48, colours 525",1100
Ben Mills,0.058657582849264145,BA_000329,File:Amoxicillin-from-xtal-3D-bs-17.png,exclude,A_ACQUISITION_OUT_OF_BAND,235715,PNG,0.014698654413223267,904,Public domain,,904,0.0001220703125,https://commons.wikimedia.org/wiki/File:Amoxicillin-from-xtal-3D-bs-17.png,C:\Documents\Projects\pharmavision\data\raw\balanced_authentic\BA_000329.jpg,537,Augmentin,"brightness 0.059 outside the counterfeit support [0.341, 0.714]",1280
Ben Mills,0.2510078251361847,BA_000330,File:Amoxicillin-from-xtal-3D-sf.png,exclude,A_ACQUISITION_OUT_OF_BAND,322970,PNG,0.0114976204931736,987,Public domain,,987,0.005035400390625,https://commons.wikimedia.org/wiki/File:Amoxicillin-from-xtal-3D-sf.png,C:\Documents\Projects\pharmavision\data\raw\balanced_authentic\BA_000330.jpg,762,Augmentin,"brightness 0.251 outside the counterfeit support [0.341, 0.714]",1280
Ben Mills,0.08143765479326248,BA_000331,File:Amoxicillin-from-xtal-Mercury-3D-balls.png,exclude,A_ACQUISITION_OUT_OF_BAND,259341,PNG,0.014162220992147923,952,Public domain,,952,0.0004730224609375,https://commons.wikimedia.org/wiki/File:Amoxicillin-from-xtal-Mercury-3D-balls.png,C:\Documents\Projects\pharmavision\data\raw\balanced_authentic\BA_000331.jpg,534,Augmentin,"brightness 0.081 outside the counterfeit support [0.341, 0.714]",1280
Torfanomazine,0.4747268259525299,BA_000333,File:Amoxicilline Mylan 1g.jpg,pending_review,,239265,JPEG,0.027167819440364838,960,CC0,16,960,0.0,https://commons.wikimedia.org/wiki/File:Amoxicilline_Mylan_1g.jpg,C:\Documents\Projects\pharmavision\data\raw\balanced_authentic\BA_000333.jpg,950,Augmentin,,1280
Barbirossa,0.5160149931907654,BA_000335,File:Amoxiclav Sandoz Mylan.JPG,pending_review,,251254,JPEG,0.017493532970547676,960,CC BY-SA 3.0,14,960,0.0,https://commons.wikimedia.org/wiki/File:Amoxiclav_Sandoz_Mylan.JPG,C:\Documents\Projects\pharmavision\data\raw\balanced_authentic\BA_000335.jpg,978,Augmentin,,1280
Styroks,0.37306317687034607,BA_000336,File:Amoxin.jpg,pending_review,,370162,JPEG,0.024177059531211853,1920,CC BY-SA 4.0,18,1280,0.0013427734375,https://commons.wikimedia.org/wiki/File:Amoxin.jpg,C:\Documents\Projects\pharmavision\data\raw\balanced_authentic\BA_000336.jpg,674,Augmentin,,1280
ignis,0.4441929757595062,BA_000338,File:Ampoule prefilled JPN.jpg,pending_review,,409360,JPEG,0.012414567172527313,855,CC BY-SA 3.0,16,855,0.0007171630859375,https://commons.wikimedia.org/wiki/File:Ampoule_prefilled_JPN.jpg,C:\Documents\Projects\pharmavision\data\raw\balanced_authentic\BA_000338.jpg,631,propofol Diprivan,,1280
President's Malaria Initiative,0.4588800370693207,BA_000339,"File:An Angolan women holds a box of Coartem, an anti-malarial drug.jpg",pending_review,,238657,JPEG,0.02362643927335739,859,Public domain,18,859,0.0054931640625,"https://commons.wikimedia.org/wiki/File:An_Angolan_women_holds_a_box_of_Coartem,_an_anti-malarial_drug.jpg",C:\Documents\Projects\pharmavision\data\raw\balanced_authentic\BA_000339.jpg,2373,artemether lumefantrine,,1280
Mikael Häggström,0.5064622759819031,BA_000352,File:Anesthesia medications.JPG,pending_review,,327914,JPEG,0.016666676849126816,1080,CC0,16,1080,0.0020294189453125,https://commons.wikimedia.org/wiki/File:Anesthesia_medications.JPG,C:\Documents\Projects\pharmavision\data\raw\balanced_authentic\BA_000352.jpg,1061,propofol Diprivan,,1229
NIH History Office from Bethesda,0.5011090040206909,BA_000355,File:Anna Pabst 1896-1935 (30794405487).jpg,pending_review,,607562,JPEG,0.05331052839756012,1829,Public domain,16,1280,0.0,https://commons.wikimedia.org/wiki/File:Anna_Pabst_1896-1935_(30794405487).jpg,C:\Documents\Projects\pharmavision\data\raw\balanced_authentic\BA_000355.jpg,231,meningitis vaccine,,1280
BlankEclair,0.572470486164093,BA_000360,"File:Anterone (cyproterone acetate) tablets in Australia, with three blister packs.jpg",pending_review,,225989,JPEG,0.017640821635723114,720,CC BY-SA 4.0,18,720,0.0,"https://commons.wikimedia.org/wiki/File:Anterone_(cyproterone_acetate)_tablets_in_Australia,_with_three_blister_packs.jpg",C:\Documents\Projects\pharmavision\data\raw\balanced_authentic\BA_000360.jpg,344,blister pack tablets,,1280
BlankEclair,0.5381609797477722,BA_000361,"File:Anterone (cyproterone acetate) tablets in Australia, with two obverse and one reverse blister packs.jpg",pending_review,,207906,JPEG,0.020912328734993935,720,CC BY-SA 4.0,14,720,0.0,"https://commons.wikimedia.org/wiki/File:Anterone_(cyproterone_acetate)_tablets_in_Australia,_with_two_obverse_and_one_reverse_blister_packs.jpg",C:\Documents\Projects\pharmavision\data\raw\balanced_authentic\BA_000361.jpg,369,blister pack tablets,,1280
Maksym Kozlenko,0.5944444537162781,BA_000364,File:Antibiotic pills.jpg,pending_review,,205013,JPEG,0.018186213448643684,789,CC BY-SA 4.0,16,789,0.0001983642578125,https://commons.wikimedia.org/wiki/File:Antibiotic_pills.jpg,C:\Documents\Projects\pharmavision\data\raw\balanced_authentic\BA_000364.jpg,2029,Augmentin,,1280
Courtesy of NIAID Ryan Kissinger,0.18562059104442596,BA_000367,File:Antibody (NIH BioArt 17 - 626774).png,exclude,A_ACQUISITION_OUT_OF_BAND,144227,PNG,0.010995810851454735,1254,Public domain,,1254,0.0,https://commons.wikimedia.org/wiki/File:Antibody_(NIH_BioArt_17_-_626774).png,C:\Documents\Projects\pharmavision\data\raw\balanced_authentic\BA_000367.jpg,68,human normal immunoglobulin,"brightness 0.186 outside the counterfeit support [0.341, 0.714]",1280
Courtesy of NIAID Ryan Kissinger,0.7825992703437805,BA_000368,File:Antibody (NIH BioArt 17 - 626784).png,exclude,A_NOT_PHOTOGRAPH,151097,PNG,0.0160079263150692,1254,Public domain,,1254,0.67083740234375,https://commons.wikimedia.org/wiki/File:Antibody_(NIH_BioArt_17_-_626784).png,C:\Documents\Projects\pharmavision\data\raw\balanced_authentic\BA_000368.jpg,116,human normal immunoglobulin,"grad 0.0160, white 0.67, colours 116",1280
Courtesy of NIAID Ryan Kissinger,0.9058725237846375,BA_000369,File:Antibody (NIH BioArt 17 - 626789).png,exclude,A_NOT_PHOTOGRAPH,153622,PNG,0.02584979496896267,1254,Public domain,,1254,0.6706085205078125,https://commons.wikimedia.org/wiki/File:Antibody_(NIH_BioArt_17_-_626789).png,C:\Documents\Projects\pharmavision\data\raw\balanced_authentic\BA_000369.jpg,80,human normal immunoglobulin,"grad 0.0258, white 0.67, colours 80",1280
Courtesy of NIAID Ryan Kissinger,0.9500117897987366,BA_000370,File:Antibody (NIH BioArt 17 - 626799).png,exclude,A_NOT_PHOTOGRAPH,139010,PNG,0.012656678445637226,1254,Public domain,,1254,0.6728515625,https://commons.wikimedia.org/wiki/File:Antibody_(NIH_BioArt_17_-_626799).png,C:\Documents\Projects\pharmavision\data\raw\balanced_authentic\BA_000370.jpg,49,human normal immunoglobulin,"grad 0.0127, white 0.67, colours 49",1280
Courtesy of NIAID Ryan Kissinger,0.14293907582759857,BA_000371,File:Antibody (NIH BioArt 17 - 626804).png,exclude,A_ACQUISITION_OUT_OF_BAND,141851,PNG,0.008332012221217155,1254,Public domain,,1254,0.0,https://commons.wikimedia.org/wiki/File:Antibody_(NIH_BioArt_17_-_626804).png,C:\Documents\Projects\pharmavision\data\raw\balanced_authentic\BA_000371.jpg,54,human normal immunoglobulin,"brightness 0.143 outside the counterfeit support [0.341, 0.714]",1280
Courtesy of NIAID Ryan Kissinger,0.16059666872024536,BA_000372,File:Antibody (NIH BioArt 17 - 626809).png,exclude,A_ACQUISITION_OUT_OF_BAND,141789,PNG,0.009433691389858723,1254,Public domain,,1254,0.0,https://commons.wikimedia.org/wiki/File:Antibody_(NIH_BioArt_17_-_626809).png,C:\Documents\Projects\pharmavision\data\raw\balanced_authentic\BA_000372.jpg,59,human normal immunoglobulin,"brightness 0.161 outside the counterfeit support [0.341, 0.714]",1280
Courtesy of NIAID Ryan Kissinger,0.10020903497934341,BA_000373,File:Antibody (NIH BioArt 17 - 626814).png,exclude,A_ACQUISITION_OUT_OF_BAND,131641,PNG,0.0056685530580580235,1254,Public domain,,1254,0.0,https://commons.wikimedia.org/wiki/File:Antibody_(NIH_BioArt_17_-_626814).png,C:\Documents\Projects\pharmavision\data\raw\balanced_authentic\BA_000373.jpg,35,human normal immunoglobulin,"brightness 0.100 outside the counterfeit support [0.341, 0.714]",1280
Tokenzero,0.18800966441631317,BA_000375,File:Antibody IgG1 surface.png,exclude,A_ACQUISITION_OUT_OF_BAND,905658,PNG,0.018771205097436905,1070,CC BY-SA 4.0,,1070,0.0,https://commons.wikimedia.org/wiki/File:Antibody_IgG1_surface.png,C:\Documents\Projects\pharmavision\data\raw\balanced_authentic\BA_000375.jpg,651,human normal immunoglobulin,"brightness 0.188 outside the counterfeit support [0.341, 0.714]",1280
TimVickers at English Wikipedia,0.8782501220703125,BA_000377,File:Antibody IgG2.png,exclude,A_NOT_PHOTOGRAPH,250040,PNG,0.03294325992465019,704,Public domain,,704,0.7459564208984375,https://commons.wikimedia.org/wiki/File:Antibody_IgG2.png,C:\Documents\Projects\pharmavision\data\raw\balanced_authentic\BA_000377.jpg,2184,human normal immunoglobulin,"grad 0.0329, white 0.75, colours 2184",960
,0.7556998133659363,BA_000390,File:Apothecary bottle used for scurvy-grass water Wellcome L0036652.jpg,exclude,A_ACQUISITION_OUT_OF_BAND,399497,JPEG,0.019583314657211304,1964,CC BY 4.0,,1280,0.0052490234375,https://commons.wikimedia.org/wiki/File:Apothecary_bottle_used_for_scurvy-grass_water_Wellcome_L0036652.jpg,C:\Documents\Projects\pharmavision\data\raw\balanced_authentic\BA_000390.jpg,913,medicine bottle label,"brightness 0.756 outside the counterfeit support [0.341, 0.714]",1280
Dylan Siriwardena and Thorsten E. Boroviak,0.743222177028656,BA_000413,File:Apposition and adhesion of blastocyst to luminal epithelium.jpg,exclude,A_ACQUISITION_OUT_OF_BAND,253288,JPEG,0.035591620951890945,865,CC BY 4.0,,865,0.0001068115234375,https://commons.wikimedia.org/wiki/File:Apposition_and_adhesion_of_blastocyst_to_luminal_epithelium.jpg,C:\Documents\Projects\pharmavision\data\raw\balanced_authentic\BA_000413.jpg,2019,phenobarbital,"brightness 0.743 outside the counterfeit support [0.341, 0.714]",1280
Peter H Charlton,0.9593313336372375,BA_000425,File:Arterial pulse waves.jpg,exclude,A_NOT_PHOTOGRAPH,154085,JPEG,0.02959982119500637,737,CC BY 4.0,,737,0.8210601806640625,https://commons.wikimedia.org/wiki/File:Arterial_pulse_waves.jpg,C:\Documents\Projects\pharmavision\data\raw\balanced_authentic\BA_000425.jpg,643,phenobarbital,"grad 0.0296, white 0.82, colours 643",1280
LadyofProcrastination,0.39539647102355957,BA_000436,File:Assorted pharmaceuticals by LadyofProcrastination.jpg,pending_review,,192805,JPEG,0.014671631157398224,951,CC BY-SA 2.0,18,951,0.0133056640625,https://commons.wikimedia.org/wiki/File:Assorted_pharmaceuticals_by_LadyofProcrastination.jpg,C:\Documents\Projects\pharmavision\data\raw\balanced_authentic\BA_000436.jpg,3065,vitamin A capsules,,1280
Adamu mc,0.512093722820282,BA_000437,File:Astamocil.jpg,pending_review,,288428,JPEG,0.010559240356087685,1707,CC BY-SA 4.0,14,1280,0.0,https://commons.wikimedia.org/wiki/File:Astamocil.jpg,C:\Documents\Projects\pharmavision\data\raw\balanced_authentic\BA_000437.jpg,651,pharmaceutical packaging photograph,,1280
Whispyhistory,0.4367465078830719,BA_000438,File:Astra Zeneca COVID-19 vaccines in package.jpg,pending_review,,718707,JPEG,0.02473929338157177,1707,CC BY-SA 4.0,18,1280,0.0,https://commons.wikimedia.org/wiki/File:Astra_Zeneca_COVID-19_vaccines_in_package.jpg,C:\Documents\Projects\pharmavision\data\raw\balanced_authentic\BA_000438.jpg,874,COVID-19 vaccine AstraZeneca,,1280
Whispyhistory,0.5205971598625183,BA_000441,File:AstraZeneca COVID-19 vaccine vials (4ml).jpg,pending_review,,623163,JPEG,0.034343939274549484,1223,CC BY-SA 4.0,14,1223,1.52587890625e-05,https://commons.wikimedia.org/wiki/File:AstraZeneca_COVID-19_vaccine_vials_(4ml).jpg,C:\Documents\Projects\pharmavision\data\raw\balanced_authentic\BA_000441.jpg,1366,COVID-19 vaccine AstraZeneca,,1280
Whispyhistory,0.5148941874504089,BA_000442,File:AstraZeneca Oxford University COVID-19 Vaccine 4ml vials.jpg,pending_review,,238947,JPEG,0.026527058333158493,827,CC BY-SA 4.0,18,827,0.0001068115234375,https://commons.wikimedia.org/wiki/File:AstraZeneca_Oxford_University_COVID-19_Vaccine_4ml_vials.jpg,C:\Documents\Projects\pharmavision\data\raw\balanced_authentic\BA_000442.jpg,518,COVID-19 vaccine AstraZeneca,,1280
E. W. Kemble,0.8096982836723328,BA_000443,File:At the sign of the dollar (1905) (14580752567).jpg,exclude,A_ACQUISITION_OUT_OF_BAND,355840,JPEG,0.01882956549525261,2160,Public domain,,1280,0.0,https://commons.wikimedia.org/wiki/File:At_the_sign_of_the_dollar_(1905)_(14580752567).jpg,C:\Documents\Projects\pharmavision\data\raw\balanced_authentic\BA_000443.jpg,284,tablet strip package,"brightness 0.810 outside the counterfeit support [0.341, 0.714]",1280
Fvasconcellos (talk · contribs),0.12366824597120285,BA_000447,File:Atezolizumab PD-L1 5X8L.png,exclude,A_ACQUISITION_OUT_OF_BAND,831932,PNG,0.027442950755357742,1280,Public domain,,1280,0.0,https://commons.wikimedia.org/wiki/File:Atezolizumab_PD-L1_5X8L.png,C:\Documents\Projects\pharmavision\data\raw\balanced_authentic\BA_000447.jpg,232,durvalumab,"brightness 0.124 outside the counterfeit support [0.341, 0.714]",1280
tales of a wandering youkai,0.3897888660430908,BA_000457,File:Automated Postal Center and new Priority Mail box display (5115759015).jpg,pending_review,,191228,JPEG,0.02777574583888054,717,CC BY 2.0,16,717,0.013916015625,https://commons.wikimedia.org/wiki/File:Automated_Postal_Center_and_new_Priority_Mail_box_display_(5115759015).jpg,C:\Documents\Projects\pharmavision\data\raw\balanced_authentic\BA_000457.jpg,2452,drug packaging box,,1280
Jorge Franganillo,0.4308217465877533,BA_000466,File:Ax-les-Thermes - 53230478005.jpg,pending_review,,389919,JPEG,0.049289047718048096,768,CC BY 2.0,20,768,0.0,https://commons.wikimedia.org/wiki/File:Ax-les-Thermes_-_53230478005.jpg,C:\Documents\Projects\pharmavision\data\raw\balanced_authentic\BA_000466.jpg,2023,amoxicillin,,1280
Jorge Franganillo,0.37211528420448303,BA_000467,File:Ax-les-Thermes - panoramio.jpg,pending_review,,335084,JPEG,0.047036003321409225,720,CC BY 3.0,18,720,0.00054931640625,https://commons.wikimedia.org/wiki/File:Ax-les-Thermes_-_panoramio.jpg,C:\Documents\Projects\pharmavision\data\raw\balanced_authentic\BA_000467.jpg,2074,amoxicillin,,1280
Ji-Elle,0.4120350182056427,BA_000468,File:Ax-les-Thermes Mairie.jpg,pending_review,,363569,JPEG,0.03499834984540939,899,Public domain,18,899,0.0005340576171875,https://commons.wikimedia.org/wiki/File:Ax-les-Thermes_Mairie.jpg,C:\Documents\Projects\pharmavision\data\raw\balanced_authentic\BA_000468.jpg,1618,amoxicillin,,1280
Jorge Franganillo,0.48600900173187256,BA_000470,File:Ax-les-Thermes.jpg,pending_review,,445445,JPEG,0.04823166877031326,854,CC BY 2.0,16,854,1.52587890625e-05,https://commons.wikimedia.org/wiki/File:Ax-les-Thermes.jpg,C:\Documents\Projects\pharmavision\data\raw\balanced_authentic\BA_000470.jpg,2272,amoxicillin,,1280
"Anna Zvereva from Tallinn, Estonia",0.6306331157684326,BA_000518,"File:Bangkok Airways, HS-PPD, Airbus A320-232 (40696867833).jpg",pending_review,,597803,JPEG,0.00919637456536293,800,CC BY-SA 2.0,16,800,0.0002593994140625,"https://commons.wikimedia.org/wiki/File:Bangkok_Airways,_HS-PPD,_Airbus_A320-232_(40696867833).jpg",C:\Documents\Projects\pharmavision\data\raw\balanced_authentic\BA_000518.jpg,759,propylene glycol,,1200
Agência Brasil Fotografias,0.4252837598323822,BA_000522,File:Barros inaugura linha de produção da vacina de febre amarela (26025962128).jpg,pending_review,,139448,JPEG,0.022799503058195114,852,CC BY 2.0,18,852,0.0042724609375,https://commons.wikimedia.org/wiki/File:Barros_inaugura_linha_de_produ%C3%A7%C3%A3o_da_vacina_de_febre_amarela_(26025962128).jpg,C:\Documents\Projects\pharmavision\data\raw\balanced_authentic\BA_000522.jpg,861,yellow fever vaccine,,1280
Agência Brasil Fotografias,0.41322699189186096,BA_000523,File:Barros inaugura linha de produção da vacina de febre amarela (26025964458).jpg,pending_review,,123922,JPEG,0.02046274207532406,852,CC BY 2.0,18,852,0.0001068115234375,https://commons.wikimedia.org/wiki/File:Barros_inaugura_linha_de_produ%C3%A7%C3%A3o_da_vacina_de_febre_amarela_(26025964458).jpg,C:\Documents\Projects\pharmavision\data\raw\balanced_authentic\BA_000523.jpg,736,yellow fever vaccine,,1280
Agência Brasil Fotografias,0.5206709504127502,BA_000524,File:Barros inaugura linha de produção da vacina de febre amarela (28118409009).jpg,pending_review,,143455,JPEG,0.02345658466219902,718,CC BY 2.0,16,718,0.0009002685546875,https://commons.wikimedia.org/wiki/File:Barros_inaugura_linha_de_produ%C3%A7%C3%A3o_da_vacina_de_febre_amarela_(28118409009).jpg,C:\Documents\Projects\pharmavision\data\raw\balanced_authentic\BA_000524.jpg,2512,yellow fever vaccine,,1280
Agência Brasil Fotografias,0.4450942277908325,BA_000525,File:Barros inaugura linha de produção da vacina de febre amarela (28118410229).jpg,pending_review,,111275,JPEG,0.012108955532312393,836,CC BY 2.0,18,836,0.001129150390625,https://commons.wikimedia.org/wiki/File:Barros_inaugura_linha_de_produ%C3%A7%C3%A3o_da_vacina_de_febre_amarela_(28118410229).jpg,C:\Documents\Projects\pharmavision\data\raw\balanced_authentic\BA_000525.jpg,1636,yellow fever vaccine,,1280
Agência Brasil Fotografias,0.36785927414894104,BA_000526,File:Barros inaugura linha de produção da vacina de febre amarela (28118412859).jpg,pending_review,,149442,JPEG,0.02407892979681492,852,CC BY 2.0,16,852,0.0001068115234375,https://commons.wikimedia.org/wiki/File:Barros_inaugura_linha_de_produ%C3%A7%C3%A3o_da_vacina_de_febre_amarela_(28118412859).jpg,C:\Documents\Projects\pharmavision\data\raw\balanced_authentic\BA_000526.jpg,1819,yellow fever vaccine,,1280
Agência Brasil Fotografias,0.4609394371509552,BA_000527,File:Barros inaugura linha de produção da vacina de febre amarela (39899292221).jpg,pending_review,,123767,JPEG,0.020428519695997238,852,CC BY 2.0,16,852,0.0047607421875,https://commons.wikimedia.org/wiki/File:Barros_inaugura_linha_de_produ%C3%A7%C3%A3o_da_vacina_de_febre_amarela_(39899292221).jpg,C:\Documents\Projects\pharmavision\data\raw\balanced_authentic\BA_000527.jpg,868,yellow fever vaccine,,1280
AusAID/Jim Holmes,0.334498792886734,BA_000528,"File:Batulechaur Health Post, Pokhara, Nepal (10676808455).jpg",exclude,A_ACQUISITION_OUT_OF_BAND,137180,JPEG,0.02272690460085869,853,CC BY 2.0,,853,0.0204010009765625,"https://commons.wikimedia.org/wiki/File:Batulechaur_Health_Post,_Pokhara,_Nepal_(10676808455).jpg",C:\Documents\Projects\pharmavision\data\raw\balanced_authentic\BA_000528.jpg,1499,drug packaging box,"brightness 0.334 outside the counterfeit support [0.341, 0.714]",1280
Daniel Case,0.456616073846817,BA_000529,File:Bayer Aspirin and store-brand generic on Canadian drugstore shelf.jpg,pending_review,,354335,JPEG,0.041811466217041016,1071,CC BY-SA 3.0,18,1071,0.0,https://commons.wikimedia.org/wiki/File:Bayer_Aspirin_and_store-brand_generic_on_Canadian_drugstore_shelf.jpg,C:\Documents\Projects\pharmavision\data\raw\balanced_authentic\BA_000529.jpg,2347,drug packaging box,,1280
Mpv_51 at English Wikipedia,0.8326018452644348,BA_000530,File:Bayer Heroin bottle (cropped).jpg,exclude,A_NOT_PHOTOGRAPH,170530,JPEG,0.019525963813066483,1534,Public domain,,1280,0.608612060546875,https://commons.wikimedia.org/wiki/File:Bayer_Heroin_bottle_(cropped).jpg,C:\Documents\Projects\pharmavision\data\raw\balanced_authentic\BA_000530.jpg,32,medicine bottle label,"grad 0.0195, white 0.61, colours 32",1280
Mpv_51 at English Wikipedia,0.8631587028503418,BA_000531,File:Bayer Heroin bottle.jpg,exclude,A_NOT_PHOTOGRAPH,173264,JPEG,0.01685403473675251,1876,Public domain,,1280,0.6787567138671875,https://commons.wikimedia.org/wiki/File:Bayer_Heroin_bottle.jpg,C:\Documents\Projects\pharmavision\data\raw\balanced_authentic\BA_000531.jpg,30,medicine bottle label,"grad 0.0169, white 0.68, colours 30",1280
melvil,0.6243231296539307,BA_000553,File:Bimmuge-Hepatitis B Vaccines.jpg,pending_review,,411022,JPEG,0.04380054026842117,1585,CC BY-SA 4.0,18,1280,0.0227813720703125,https://commons.wikimedia.org/wiki/File:Bimmuge-Hepatitis_B_Vaccines.jpg,C:\Documents\Projects\pharmavision\data\raw\balanced_authentic\BA_000553.jpg,1441,hepatitis B vaccine,,1280
The U.S. Food and Drug Administration,0.4121744930744171,BA_000554,File:Bio Threats- FDA's A-Team (6304) (9806908675).jpg,pending_review,,317365,JPEG,0.031272757798433304,850,Public domain,18,850,1.52587890625e-05,https://commons.wikimedia.org/wiki/File:Bio_Threats-_FDA%27s_A-Team_(6304)_(9806908675).jpg,C:\Documents\Projects\pharmavision\data\raw\balanced_authentic\BA_000554.jpg,1933,meningitis vaccine,,1280
The U.S. Food and Drug Administration,0.5533222556114197,BA_000555,File:Bio Threats- FDA's A-Team (6306) (9806933446).jpg,pending_review,,246765,JPEG,0.027188900858163834,850,Public domain,18,850,0.026519775390625,https://commons.wikimedia.org/wiki/File:Bio_Threats-_FDA%27s_A-Team_(6306)_(9806933446).jpg,C:\Documents\Projects\pharmavision\data\raw\balanced_authentic\BA_000555.jpg,1721,meningitis vaccine,,1280
The U.S. Food and Drug Administration,0.5796555876731873,BA_000556,File:Bio Threats- FDA's A-Team (6309) (9806913284).jpg,pending_review,,219395,JPEG,0.02391011267900467,850,Public domain,18,850,0.034210205078125,https://commons.wikimedia.org/wiki/File:Bio_Threats-_FDA%27s_A-Team_(6309)_(9806913284).jpg,C:\Documents\Projects\pharmavision\data\raw\balanced_authentic\BA_000556.jpg,1767,meningitis vaccine,,1280
"Joachim Delasoie, Philippe Schiel, Sandra Vojnovic, Jasmina Nikodinovic-Runic and Fabio Zobi",0.22675590217113495,BA_000557,File:Bio-inspired hybrid multifunctional drug delivery system (cropped).png,exclude,A_ACQUISITION_OUT_OF_BAND,1108983,PNG,0.023999322205781937,793,CC BY-SA 4.0,,793,0.00048828125,https://commons.wikimedia.org/wiki/File:Bio-inspired_hybrid_multifunctional_drug_delivery_system_(cropped).png,C:\Documents\Projects\pharmavision\data\raw\balanced_authentic\BA_000557.jpg,2515,vitamin A capsules,"brightness 0.227 outside the counterfeit support [0.341, 0.714]",1280
"Joachim Delasoie, Philippe Schiel, Sandra Vojnovic, Jasmina Nikodinovic-Runic and Fabio Zobi",0.28423553705215454,BA_000558,File:Bio-inspired hybrid multifunctional drug delivery system.png,exclude,A_ACQUISITION_OUT_OF_BAND,929553,PNG,0.03194287419319153,596,CC BY 4.0,,596,0.028594970703125,https://commons.wikimedia.org/wiki/File:Bio-inspired_hybrid_multifunctional_drug_delivery_system.png,C:\Documents\Projects\pharmavision\data\raw\balanced_authentic\BA_000558.jpg,2776,vitamin A capsules,"brightness 0.284 outside the counterfeit support [0.341, 0.714]",1280
BioNTech,0.49526849389076233,BA_000560,File:BioNTech COVID-19 Vaccine.jpg,pending_review,,168226,JPEG,0.00953860953450203,1280,CC BY-SA 3.0 de,18,1280,0.0013275146484375,https://commons.wikimedia.org/wiki/File:BioNTech_COVID-19_Vaccine.jpg,C:\Documents\Projects\pharmavision\data\raw\balanced_authentic\BA_000560.jpg,2433,Comirnaty,,1280
W.carter,0.25851941108703613,BA_000567,File:Black 1937 Volvo PV 51 in Lysekil 7 sepia.jpg,exclude,A_ACQUISITION_OUT_OF_BAND,293869,JPEG,0.04276648536324501,816,CC BY-SA 4.0,,816,0.0005035400390625,https://commons.wikimedia.org/wiki/File:Black_1937_Volvo_PV_51_in_Lysekil_7_sepia.jpg,C:\Documents\Projects\pharmavision\data\raw\balanced_authentic\BA_000567.jpg,362,penicillin V,"brightness 0.259 outside the counterfeit support [0.341, 0.714]",1280
"Photograph: Frank C. Müller, Baden-Baden",0.3793514668941498,BA_000569,File:Blister 1 (fcm).jpg,pending_review,,355264,JPEG,0.03773512691259384,1057,CC BY-SA 3.0,16,1057,0.001556396484375,https://commons.wikimedia.org/wiki/File:Blister_1_(fcm).jpg,C:\Documents\Projects\pharmavision\data\raw\balanced_authentic\BA_000569.jpg,1453,pharmaceutical packaging photograph,,1280
"Photograph: Frank C. Müller, Baden-Baden",0.4984349310398102,BA_000570,File:Blister 2 (fcm).jpg,pending_review,,422142,JPEG,0.024054601788520813,1408,CC BY-SA 3.0,18,1280,0.0088958740234375,https://commons.wikimedia.org/wiki/File:Blister_2_(fcm).jpg,C:\Documents\Projects\pharmavision\data\raw\balanced_authentic\BA_000570.jpg,805,pharmaceutical packaging photograph,,1280
"Photograph: Frank C. Müller, Baden-Baden",0.49601683020591736,BA_000571,File:Blister 3 (fcm).jpg,pending_review,,325457,JPEG,0.029228202998638153,1072,CC BY-SA 3.0,12,1072,0.0081634521484375,https://commons.wikimedia.org/wiki/File:Blister_3_(fcm).jpg,C:\Documents\Projects\pharmavision\data\raw\balanced_authentic\BA_000571.jpg,1027,pharmaceutical packaging photograph,,1280
Tarasna0922,0.33433958888053894,BA_000575,File:Blister of tablets.jpg,exclude,A_ACQUISITION_OUT_OF_BAND,578868,JPEG,0.03529053553938866,998,CC BY-SA 4.0,,998,0.0514984130859375,https://commons.wikimedia.org/wiki/File:Blister_of_tablets.jpg,C:\Documents\Projects\pharmavision\data\raw\balanced_authentic\BA_000575.jpg,1126,blister pack tablets,"brightness 0.334 outside the counterfeit support [0.341, 0.714]",1280
Internet Archive Book Images,0.5141834616661072,BA_000598,File:Boston register and business directory (1922) (14580853977).jpg,pending_review,,401968,JPEG,0.0632724016904831,780,No restrictions,16,780,0.0,https://commons.wikimedia.org/wiki/File:Boston_register_and_business_directory_(1922)_(14580853977).jpg,C:\Documents\Projects\pharmavision\data\raw\balanced_authentic\BA_000598.jpg,459,medicine box package,,1280
,0.374096542596817,BA_000604,"File:Bottle of 'Camoquin' tablets, England, 1947-1960 Wellcome L0058545.jpg",pending_review,,190844,JPEG,0.015747960656881332,948,CC BY 4.0,16,948,0.0085296630859375,"https://commons.wikimedia.org/wiki/File:Bottle_of_%27Camoquin%27_tablets,_England,_1947-1960_Wellcome_L0058545.jpg",C:\Documents\Projects\pharmavision\data\raw\balanced_authentic\BA_000604.jpg,555,medicine bottle label,,1280
,0.6018857955932617,BA_000611,"File:Bottle of Super-D oil capsules, London, England, 1940-1945 Wellcome L0057855.jpg",pending_review,,339697,JPEG,0.018785472959280014,1708,CC BY 4.0,16,1280,0.024200439453125,"https://commons.wikimedia.org/wiki/File:Bottle_of_Super-D_oil_capsules,_London,_England,_1940-1945_Wellcome_L0057855.jpg",C:\Documents\Projects\pharmavision\data\raw\balanced_authentic\BA_000611.jpg,1421,vitamin A capsules,,1280
,0.4865339994430542,BA_000616,"File:Bottle of quinine hydrochloride tablets, London, England, 19 Wellcome L0058217.jpg",pending_review,,449413,JPEG,0.02246818318963051,1876,CC BY 4.0,18,1280,0.0015106201171875,"https://commons.wikimedia.org/wiki/File:Bottle_of_quinine_hydrochloride_tablets,_London,_England,_19_Wellcome_L0058217.jpg",C:\Documents\Projects\pharmavision\data\raw\balanced_authentic\BA_000616.jpg,671,quinine sulfate,,1280
,0.5480475425720215,BA_000617,"File:Bottle of tetanus antitoxin, Germany. Full view, graduated g Wellcome L0058962 (cropped).jpg",pending_review,,402022,JPEG,0.02102889120578766,1753,CC BY 4.0,18,1280,0.0,"https://commons.wikimedia.org/wiki/File:Bottle_of_tetanus_antitoxin,_Germany._Full_view,_graduated_g_Wellcome_L0058962_(cropped).jpg",C:\Documents\Projects\pharmavision\data\raw\balanced_authentic\BA_000617.jpg,780,human normal immunoglobulin,,1280
,0.5229907035827637,BA_000618,"File:Bottle of tetanus antitoxin, Germany. Full view, graduated g Wellcome L0058962.jpg",pending_review,,336277,JPEG,0.015701252967119217,1753,CC BY 4.0,18,1280,0.0,"https://commons.wikimedia.org/wiki/File:Bottle_of_tetanus_antitoxin,_Germany._Full_view,_graduated_g_Wellcome_L0058962.jpg",C:\Documents\Projects\pharmavision\data\raw\balanced_authentic\BA_000618.jpg,727,human normal immunoglobulin,,1280
,0.5685862898826599,BA_000638,"File:Bottle, medical (AM 1962.96-1).jpg",pending_review,,252286,JPEG,0.01812325045466423,960,CC BY 4.0,12,960,0.0,"https://commons.wikimedia.org/wiki/File:Bottle,_medical_(AM_1962.96-1).jpg",C:\Documents\Projects\pharmavision\data\raw\balanced_authentic\BA_000638.jpg,331,medicine bottle label,,1280
,0.7072460055351257,BA_000639,"File:Bottle, medical (AM 1962.96-10).jpg",pending_review,,213830,JPEG,0.010775502771139145,1707,CC BY 4.0,18,1280,0.0,"https://commons.wikimedia.org/wiki/File:Bottle,_medical_(AM_1962.96-10).jpg",C:\Documents\Projects\pharmavision\data\raw\balanced_authentic\BA_000639.jpg,482,medicine bottle label,,1280
,0.630322277545929,BA_000640,"File:Bottle, medical (AM 1962.96-2).jpg",pending_review,,223995,JPEG,0.009382830932736397,1707,CC BY 4.0,16,1280,0.0,"https://commons.wikimedia.org/wiki/File:Bottle,_medical_(AM_1962.96-2).jpg",C:\Documents\Projects\pharmavision\data\raw\balanced_authentic\BA_000640.jpg,553,medicine bottle label,,1280
,0.612299919128418,BA_000641,"File:Bottle, medical (AM 1962.96-3).jpg",pending_review,,257345,JPEG,0.009510976262390614,1707,CC BY 4.0,16,1280,0.0,"https://commons.wikimedia.org/wiki/File:Bottle,_medical_(AM_1962.96-3).jpg",C:\Documents\Projects\pharmavision\data\raw\balanced_authentic\BA_000641.jpg,858,medicine bottle label,,1280
,0.6001484394073486,BA_000642,"File:Bottle, medical (AM 1962.96-4).jpg",pending_review,,233794,JPEG,0.0074496399611234665,1707,CC BY 4.0,14,1280,0.0,"https://commons.wikimedia.org/wiki/File:Bottle,_medical_(AM_1962.96-4).jpg",C:\Documents\Projects\pharmavision\data\raw\balanced_authentic\BA_000642.jpg,656,medicine bottle label,,1280
,0.6031932830810547,BA_000643,"File:Bottle, medical (AM 1962.96-5).jpg",exclude,A_NEAR_DUPLICATE_WITHIN,281401,JPEG,0.009062611497938633,1707,CC BY 4.0,16,1280,0.0,"https://commons.wikimedia.org/wiki/File:Bottle,_medical_(AM_1962.96-5).jpg",C:\Documents\Projects\pharmavision\data\raw\balanced_authentic\BA_000643.jpg,616,medicine bottle label,near-duplicate of BA_000640,1280
,0.5009395480155945,BA_000644,"File:Bottle, medical (AM 1962.96-6).jpg",pending_review,,342090,JPEG,0.02111472561955452,1707,CC BY 4.0,16,1280,0.0,"https://commons.wikimedia.org/wiki/File:Bottle,_medical_(AM_1962.96-6).jpg",C:\Documents\Projects\pharmavision\data\raw\balanced_authentic\BA_000644.jpg,698,medicine bottle label,,1280
,0.5094532370567322,BA_000645,"File:Bottle, medical (AM 1962.96-7).jpg",pending_review,,354915,JPEG,0.021796295419335365,1707,CC BY 4.0,18,1280,0.0,"https://commons.wikimedia.org/wiki/File:Bottle,_medical_(AM_1962.96-7).jpg",C:\Documents\Projects\pharmavision\data\raw\balanced_authentic\BA_000645.jpg,1153,medicine bottle label,,1280
,0.5349405407905579,BA_000646,"File:Bottle, medical (AM 1962.96-8).jpg",pending_review,,119996,JPEG,0.00836131814867258,960,CC BY 4.0,16,960,0.0,"https://commons.wikimedia.org/wiki/File:Bottle,_medical_(AM_1962.96-8).jpg",C:\Documents\Projects\pharmavision\data\raw\balanced_authentic\BA_000646.jpg,741,medicine bottle label,,1280
,0.7010385394096375,BA_000647,"File:Bottle, medical (AM 1962.96-9).jpg",pending_review,,162574,JPEG,0.01476193219423294,960,CC BY 4.0,16,960,0.0,"https://commons.wikimedia.org/wiki/File:Bottle,_medical_(AM_1962.96-9).jpg",C:\Documents\Projects\pharmavision\data\raw\balanced_authentic\BA_000647.jpg,535,medicine bottle label,,1280
Unknown authorUnknown author,0.42464479804039,BA_000651,"File:Bottle, medicine (AM 604099-1).jpg",pending_review,,436565,JPEG,0.016816608607769012,1707,CC BY 4.0,16,1280,0.0,"https://commons.wikimedia.org/wiki/File:Bottle,_medicine_(AM_604099-1).jpg",C:\Documents\Projects\pharmavision\data\raw\balanced_authentic\BA_000651.jpg,1140,medicine bottle label,,1280
Unknown authorUnknown author,0.39613208174705505,BA_000652,"File:Bottle, medicine (AM 604099-2).jpg",exclude,A_NEAR_DUPLICATE_WITHIN,430385,JPEG,0.016452055424451828,1707,CC BY 4.0,14,1280,0.0,"https://commons.wikimedia.org/wiki/File:Bottle,_medicine_(AM_604099-2).jpg",C:\Documents\Projects\pharmavision\data\raw\balanced_authentic\BA_000652.jpg,1021,medicine bottle label,near-duplicate of BA_000651,1280
Unknown authorUnknown author,0.37532714009284973,BA_000653,"File:Bottle, medicine (AM 604099-3).jpg",pending_review,,400364,JPEG,0.014625554904341698,1707,CC BY 4.0,16,1280,0.0,"https://commons.wikimedia.org/wiki/File:Bottle,_medicine_(AM_604099-3).jpg",C:\Documents\Projects\pharmavision\data\raw\balanced_authentic\BA_000653.jpg,1012,medicine bottle label,,1280
Furius,0.4285590648651123,BA_000666,"File:Boundary stone (horos) of Athena in Ag. Dionysios at Palechora, Aigina - IGIV(2)794 = IGI3 1488 (bottom).jpg",pending_review,,297789,JPEG,0.021801330149173737,853,CC0,20,853,0.0,"https://commons.wikimedia.org/wiki/File:Boundary_stone_(horos)_of_Athena_in_Ag._Dionysios_at_Palechora,_Aigina_-_IGIV(2)794_%3D_IGI3_1488_(bottom).jpg",C:\Documents\Projects\pharmavision\data\raw\balanced_authentic\BA_000666.jpg,452,human normal immunoglobulin,,1280
Furius,0.4861631393432617,BA_000667,"File:Boundary stone (horos) of Athena in Ag. Dionysios at Palechora, Aigina - IGIV(2)794 = IGI3 1488 (full view).jpg",pending_review,,329543,JPEG,0.02763148956000805,853,CC0,18,853,0.0,"https://commons.wikimedia.org/wiki/File:Boundary_stone_(horos)_of_Athena_in_Ag._Dionysios_at_Palechora,_Aigina_-_IGIV(2)794_%3D_IGI3_1488_(full_view).jpg",C:\Documents\Projects\pharmavision\data\raw\balanced_authentic\BA_000667.jpg,626,human normal immunoglobulin,,1280
Furius,0.45775794982910156,BA_000668,"File:Boundary stone (horos) of Athena in Ag. Dionysios at Palechora, Aigina - IGIV(2)794 = IGI3 1488 (middle).jpg",pending_review,,279312,JPEG,0.020648358389735222,853,CC0,20,853,0.0,"https://commons.wikimedia.org/wiki/File:Boundary_stone_(horos)_of_Athena_in_Ag._Dionysios_at_Palechora,_Aigina_-_IGIV(2)794_%3D_IGI3_1488_(middle).jpg",C:\Documents\Projects\pharmavision\data\raw\balanced_authentic\BA_000668.jpg,528,human normal immunoglobulin,,1280
Chris de Lisle,0.47814226150512695,BA_000669,"File:Boundary stone (horos) of Athena in Ag. Dionysios at Palechora, Aigina - IGIV(2)794 = IGI3 1488 (top).jpg",pending_review,,354262,JPEG,0.029889335855841637,853,CC0,18,853,0.0,"https://commons.wikimedia.org/wiki/File:Boundary_stone_(horos)_of_Athena_in_Ag._Dionysios_at_Palechora,_Aigina_-_IGIV(2)794_%3D_IGI3_1488_(top).jpg",C:\Documents\Projects\pharmavision\data\raw\balanced_authentic\BA_000669.jpg,453,human normal immunoglobulin,,1280
Unknown authorUnknown author,0.7678194046020508,BA_000672,"File:Box, medicine (AM 1967.15-10).jpg",exclude,A_ACQUISITION_OUT_OF_BAND,175267,JPEG,0.020003683865070343,1280,CC BY 4.0,,1280,0.1258087158203125,"https://commons.wikimedia.org/wiki/File:Box,_medicine_(AM_1967.15-10).jpg",C:\Documents\Projects\pharmavision\data\raw\balanced_authentic\BA_000672.jpg,851,medicine bottle label,"brightness 0.768 outside the counterfeit support [0.341, 0.714]",1280
Unknown authorUnknown author,0.7472602725028992,BA_000673,"File:Box, medicine (AM 1967.15-12).jpg",exclude,A_ACQUISITION_OUT_OF_BAND,176579,JPEG,0.014085227623581886,1455,CC BY 4.0,,1280,0.2140350341796875,"https://commons.wikimedia.org/wiki/File:Box,_medicine_(AM_1967.15-12).jpg",C:\Documents\Projects\pharmavision\data\raw\balanced_authentic\BA_000673.jpg,952,medicine bottle label,"brightness 0.747 outside the counterfeit support [0.341, 0.714]",1280
FDA/CDER,0.8601406216621399,BA_000690,File:Boxed warning in context FDA example.jpg,exclude,A_ACQUISITION_OUT_OF_BAND,240666,JPEG,0.057442761957645416,806,Public domain,,806,0.0005950927734375,https://commons.wikimedia.org/wiki/File:Boxed_warning_in_context_FDA_example.jpg,C:\Documents\Projects\pharmavision\data\raw\balanced_authentic\BA_000690.jpg,590,drug packaging box,"brightness 0.860 outside the counterfeit support [0.341, 0.714]",1280
Syd Storm,0.19212496280670166,BA_000714,File:Brintellix 5mg (Italian packaging).jpg,exclude,A_ACQUISITION_OUT_OF_BAND,185314,JPEG,0.012608321383595467,960,CC0,,960,0.0,https://commons.wikimedia.org/wiki/File:Brintellix_5mg_(Italian_packaging).jpg,C:\Documents\Projects\pharmavision\data\raw\balanced_authentic\BA_000714.jpg,630,pharmaceutical packaging photograph,"brightness 0.192 outside the counterfeit support [0.341, 0.714]",1280
Syd Storm,0.11761323362588882,BA_000715,File:Brintellix TL 5mg blister.jpg,exclude,A_ACQUISITION_OUT_OF_BAND,295000,JPEG,0.026242781430482864,960,CC0,,960,1.52587890625e-05,https://commons.wikimedia.org/wiki/File:Brintellix_TL_5mg_blister.jpg,C:\Documents\Projects\pharmavision\data\raw\balanced_authentic\BA_000715.jpg,388,blister pack tablets,"brightness 0.118 outside the counterfeit support [0.341, 0.714]",1280
KlausNahr,0.5385754704475403,BA_000731,File:Btx-Museum 1 mupid Btx-Decoder C2D mit Tastatur C2D-Keyboard 07.jpg,pending_review,,209123,JPEG,0.012637477368116379,960,CC BY-SA 2.0,16,960,0.0,https://commons.wikimedia.org/wiki/File:Btx-Museum_1_mupid_Btx-Decoder_C2D_mit_Tastatur_C2D-Keyboard_07.jpg,C:\Documents\Projects\pharmavision\data\raw\balanced_authentic\BA_000731.jpg,461,botulinum toxin Dysport,,1280
KlausNahr,0.5079752802848816,BA_000732,File:Btx-Museum 1 mupid Btx-Decoder C2D mit Tastatur C2D-Keyboard 11.jpg,pending_review,,226875,JPEG,0.014292540028691292,960,CC BY-SA 2.0,10,960,0.0,https://commons.wikimedia.org/wiki/File:Btx-Museum_1_mupid_Btx-Decoder_C2D_mit_Tastatur_C2D-Keyboard_11.jpg,C:\Documents\Projects\pharmavision\data\raw\balanced_authentic\BA_000732.jpg,300,botulinum toxin Dysport,,1280
KlausNahr,0.4991823732852936,BA_000733,File:Btx-Museum 19 Blaupunkt Btx-Decoder DC 36 01 (cropped).jpg,pending_review,,90306,JPEG,0.015436861664056778,409,CC BY-SA 2.0,16,409,0.0,https://commons.wikimedia.org/wiki/File:Btx-Museum_19_Blaupunkt_Btx-Decoder_DC_36_01_(cropped).jpg,C:\Documents\Projects\pharmavision\data\raw\balanced_authentic\BA_000733.jpg,406,botulinum toxin Dysport,,1280
KlausNahr,0.571590006351471,BA_000734,File:Btx-Museum 19 Blaupunkt Btx-Decoder DC 36 01.jpg,pending_review,,190633,JPEG,0.0128749068826437,960,CC BY-SA 2.0,18,960,0.0,https://commons.wikimedia.org/wiki/File:Btx-Museum_19_Blaupunkt_Btx-Decoder_DC_36_01.jpg,C:\Documents\Projects\pharmavision\data\raw\balanced_authentic\BA_000734.jpg,308,botulinum toxin Dysport,,1280
KlausNahr,0.5552693009376526,BA_000735,File:Btx-Museum 19 Blaupunkt Btx-Decoder DC 36 02.jpg,pending_review,,197867,JPEG,0.01598408818244934,960,CC BY-SA 2.0,16,960,0.0,https://commons.wikimedia.org/wiki/File:Btx-Museum_19_Blaupunkt_Btx-Decoder_DC_36_02.jpg,C:\Documents\Projects\pharmavision\data\raw\balanced_authentic\BA_000735.jpg,256,botulinum toxin Dysport,,1280
KlausNahr,0.5639176368713379,BA_000736,File:Btx-Museum 19 Blaupunkt Btx-Decoder DC 36 03.jpg,pending_review,,193348,JPEG,0.011718560941517353,960,CC BY-SA 2.0,16,960,0.0,https://commons.wikimedia.org/wiki/File:Btx-Museum_19_Blaupunkt_Btx-Decoder_DC_36_03.jpg,C:\Documents\Projects\pharmavision\data\raw\balanced_authentic\BA_000736.jpg,241,botulinum toxin Dysport,,1280
KlausNahr,0.4883626699447632,BA_000737,File:Btx-Museum 19 Blaupunkt Btx-Decoder DC 36 04.jpg,pending_review,,182507,JPEG,0.01078406348824501,960,CC BY-SA 2.0,18,960,0.0,https://commons.wikimedia.org/wiki/File:Btx-Museum_19_Blaupunkt_Btx-Decoder_DC_36_04.jpg,C:\Documents\Projects\pharmavision\data\raw\balanced_authentic\BA_000737.jpg,227,botulinum toxin Dysport,,1280
KlausNahr,0.4483468532562256,BA_000738,File:Btx-Museum 19 Blaupunkt Btx-Decoder DC 36 07.jpg,pending_review,,204430,JPEG,0.015518030151724815,960,CC BY-SA 2.0,16,960,0.0108642578125,https://commons.wikimedia.org/wiki/File:Btx-Museum_19_Blaupunkt_Btx-Decoder_DC_36_07.jpg,C:\Documents\Projects\pharmavision\data\raw\balanced_authentic\BA_000738.jpg,599,botulinum toxin Dysport,,1280
KlausNahr,0.48224636912345886,BA_000739,File:Btx-Museum 19 Blaupunkt Btx-Decoder DC 36 08.jpg,pending_review,,228974,JPEG,0.01672561839222908,960,CC BY-SA 2.0,10,960,0.0,https://commons.wikimedia.org/wiki/File:Btx-Museum_19_Blaupunkt_Btx-Decoder_DC_36_08.jpg,C:\Documents\Projects\pharmavision\data\raw\balanced_authentic\BA_000739.jpg,641,botulinum toxin Dysport,,1280
KlausNahr,0.24621565639972687,BA_000740,File:Btx-Museum 19 Blaupunkt Btx-Decoder DC 36 09.jpg,exclude,A_ACQUISITION_OUT_OF_BAND,167594,JPEG,0.010538564994931221,960,CC BY-SA 2.0,,960,0.0,https://commons.wikimedia.org/wiki/File:Btx-Museum_19_Blaupunkt_Btx-Decoder_DC_36_09.jpg,C:\Documents\Projects\pharmavision\data\raw\balanced_authentic\BA_000740.jpg,728,botulinum toxin Dysport,"brightness 0.246 outside the counterfeit support [0.341, 0.714]",1280
KlausNahr,0.5211524963378906,BA_000741,File:Btx-Museum 20-1+2 Nordmende Btx-Decoder BTX DC 1000-1 mit Infrarot-Fernbedienung BTX KP 1000 01.jpg,pending_review,,218654,JPEG,0.013732589781284332,960,CC BY-SA 2.0,16,960,0.0,https://commons.wikimedia.org/wiki/File:Btx-Museum_20-1%2B2_Nordmende_Btx-Decoder_BTX_DC_1000-1_mit_Infrarot-Fernbedienung_BTX_KP_1000_01.jpg,C:\Documents\Projects\pharmavision\data\raw\balanced_authentic\BA_000741.jpg,256,botulinum toxin Dysport,,1280
KlausNahr,0.564322292804718,BA_000742,File:Btx-Museum 20-1+2 Nordmende Btx-Decoder BTX DC 1000-1 mit Infrarot-Fernbedienung BTX KP 1000 02.jpg,pending_review,,202407,JPEG,0.011139585636556149,960,CC BY-SA 2.0,16,960,0.0,https://commons.wikimedia.org/wiki/File:Btx-Museum_20-1%2B2_Nordmende_Btx-Decoder_BTX_DC_1000-1_mit_Infrarot-Fernbedienung_BTX_KP_1000_02.jpg,C:\Documents\Projects\pharmavision\data\raw\balanced_authentic\BA_000742.jpg,240,botulinum toxin Dysport,,1280
KlausNahr,0.5268845558166504,BA_000743,File:Btx-Museum 20-1+2 Nordmende Btx-Decoder BTX DC 1000-1 mit Infrarot-Fernbedienung BTX KP 1000 03.jpg,pending_review,,190915,JPEG,0.012029288336634636,960,CC BY-SA 2.0,16,960,0.0,https://commons.wikimedia.org/wiki/File:Btx-Museum_20-1%2B2_Nordmende_Btx-Decoder_BTX_DC_1000-1_mit_Infrarot-Fernbedienung_BTX_KP_1000_03.jpg,C:\Documents\Projects\pharmavision\data\raw\balanced_authentic\BA_000743.jpg,270,botulinum toxin Dysport,,1280
KlausNahr,0.5400691032409668,BA_000744,File:Btx-Museum 20-1+2 Nordmende Btx-Decoder BTX DC 1000-1 mit Infrarot-Fernbedienung BTX KP 1000 04.jpg,pending_review,,215765,JPEG,0.01619570516049862,960,CC BY-SA 2.0,14,960,0.0,https://commons.wikimedia.org/wiki/File:Btx-Museum_20-1%2B2_Nordmende_Btx-Decoder_BTX_DC_1000-1_mit_Infrarot-Fernbedienung_BTX_KP_1000_04.jpg,C:\Documents\Projects\pharmavision\data\raw\balanced_authentic\BA_000744.jpg,323,botulinum toxin Dysport,,1280
KlausNahr,0.4613511264324188,BA_000745,File:Btx-Museum 20-1+2 Nordmende Btx-Decoder BTX DC 1000-1 mit Infrarot-Fernbedienung BTX KP 1000 05.jpg,pending_review,,210552,JPEG,0.018826592713594437,960,CC BY-SA 2.0,18,960,0.0015716552734375,https://commons.wikimedia.org/wiki/File:Btx-Museum_20-1%2B2_Nordmende_Btx-Decoder_BTX_DC_1000-1_mit_Infrarot-Fernbedienung_BTX_KP_1000_05.jpg,C:\Documents\Projects\pharmavision\data\raw\balanced_authentic\BA_000745.jpg,412,botulinum toxin Dysport,,1280
KlausNahr,0.5339751243591309,BA_000746,File:Btx-Museum 20-1+2 Nordmende Btx-Decoder BTX DC 1000-1 mit Infrarot-Fernbedienung BTX KP 1000 06.jpg,pending_review,,231455,JPEG,0.01661824807524681,960,CC BY-SA 2.0,18,960,0.0,https://commons.wikimedia.org/wiki/File:Btx-Museum_20-1%2B2_Nordmende_Btx-Decoder_BTX_DC_1000-1_mit_Infrarot-Fernbedienung_BTX_KP_1000_06.jpg,C:\Documents\Projects\pharmavision\data\raw\balanced_authentic\BA_000746.jpg,320,botulinum toxin Dysport,,1280
KlausNahr,0.45731115341186523,BA_000747,File:Btx-Museum 20-1+2 Nordmende Btx-Decoder BTX DC 1000-1 mit Infrarot-Fernbedienung BTX KP 1000 07.jpg,pending_review,,255928,JPEG,0.018994837999343872,960,CC BY-SA 2.0,16,960,0.0,https://commons.wikimedia.org/wiki/File:Btx-Museum_20-1%2B2_Nordmende_Btx-Decoder_BTX_DC_1000-1_mit_Infrarot-Fernbedienung_BTX_KP_1000_07.jpg,C:\Documents\Projects\pharmavision\data\raw\balanced_authentic\BA_000747.jpg,407,botulinum toxin Dysport,,1280
KlausNahr,0.39081040024757385,BA_000748,File:Btx-Museum 20-1+2 Nordmende Btx-Decoder BTX DC 1000-1 mit Infrarot-Fernbedienung BTX KP 1000 08.jpg,pending_review,,299151,JPEG,0.03267058730125427,960,CC BY-SA 2.0,18,960,0.013580322265625,https://commons.wikimedia.org/wiki/File:Btx-Museum_20-1%2B2_Nordmende_Btx-Decoder_BTX_DC_1000-1_mit_Infrarot-Fernbedienung_BTX_KP_1000_08.jpg,C:\Documents\Projects\pharmavision\data\raw\balanced_authentic\BA_000748.jpg,1201,botulinum toxin Dysport,,1280
KlausNahr,0.6340184807777405,BA_000749,File:Btx-Museum 20-1+2 Nordmende Btx-Decoder BTX DC 1000-1 mit Infrarot-Fernbedienung BTX KP 1000 09.jpg,pending_review,,291423,JPEG,0.022541169077157974,960,CC BY-SA 2.0,18,960,0.0,https://commons.wikimedia.org/wiki/File:Btx-Museum_20-1%2B2_Nordmende_Btx-Decoder_BTX_DC_1000-1_mit_Infrarot-Fernbedienung_BTX_KP_1000_09.jpg,C:\Documents\Projects\pharmavision\data\raw\balanced_authentic\BA_000749.jpg,371,botulinum toxin Dysport,,1280
KlausNahr,0.6230906248092651,BA_000750,File:Btx-Museum 20-1+2 Nordmende Btx-Decoder BTX DC 1000-1 mit Infrarot-Fernbedienung BTX KP 1000 10.jpg,pending_review,,285539,JPEG,0.022656479850411415,960,CC BY-SA 2.0,16,960,0.0,https://commons.wikimedia.org/wiki/File:Btx-Museum_20-1%2B2_Nordmende_Btx-Decoder_BTX_DC_1000-1_mit_Infrarot-Fernbedienung_BTX_KP_1000_10.jpg,C:\Documents\Projects\pharmavision\data\raw\balanced_authentic\BA_000750.jpg,368,botulinum toxin Dysport,,1280
KlausNahr,0.5258304476737976,BA_000751,File:Btx-Museum 20-1+2 Nordmende Btx-Decoder BTX DC 1000-1 mit Infrarot-Fernbedienung BTX KP 1000 11.jpg,pending_review,,172805,JPEG,0.01046296302229166,960,CC BY-SA 2.0,14,960,0.0,https://commons.wikimedia.org/wiki/File:Btx-Museum_20-1%2B2_Nordmende_Btx-Decoder_BTX_DC_1000-1_mit_Infrarot-Fernbedienung_BTX_KP_1000_11.jpg,C:\Documents\Projects\pharmavision\data\raw\balanced_authentic\BA_000751.jpg,256,botulinum toxin Dysport,,1280
KlausNahr,0.5262216925621033,BA_000752,File:Btx-Museum 20-1+2 Nordmende Btx-Decoder BTX DC 1000-1 mit Infrarot-Fernbedienung BTX KP 1000 12.jpg,pending_review,,177249,JPEG,0.011117098852992058,960,CC BY-SA 2.0,14,960,0.0,https://commons.wikimedia.org/wiki/File:Btx-Museum_20-1%2B2_Nordmende_Btx-Decoder_BTX_DC_1000-1_mit_Infrarot-Fernbedienung_BTX_KP_1000_12.jpg,C:\Documents\Projects\pharmavision\data\raw\balanced_authentic\BA_000752.jpg,240,botulinum toxin Dysport,,1280
Boghog2,0.9350174069404602,BA_000802,File:Bzr pm.png,exclude,A_NOT_PHOTOGRAPH,249538,PNG,0.020479422062635422,960,Public domain,,960,0.858551025390625,https://commons.wikimedia.org/wiki/File:Bzr_pm.png,C:\Documents\Projects\pharmavision\data\raw\balanced_authentic\BA_000802.jpg,1133,diazepam,"grad 0.0205, white 0.86, colours 1133",1280
U.S. Customs and Border Protection,0.34081554412841797,BA_000803,File:CBP Field Operations Seizes Close to $500K in Marijuana at the Pharr International Bridge (23120362504).jpg,exclude,A_ACQUISITION_OUT_OF_BAND,192355,JPEG,0.024099234491586685,960,Public domain,,960,0.0006866455078125,https://commons.wikimedia.org/wiki/File:CBP_Field_Operations_Seizes_Close_to_$500K_in_Marijuana_at_the_Pharr_International_Bridge_(23120362504).jpg,C:\Documents\Projects\pharmavision\data\raw\balanced_authentic\BA_000803.jpg,2849,drug packaging box,"brightness 0.341 outside the counterfeit support [0.341, 0.714]",1280
U.S. Customs and Border Protection,0.48542723059654236,BA_000804,File:CBP at JFK Seizes Cocaine in Beef Patties (32380740861).jpg,pending_review,,332619,JPEG,0.034056782722473145,1707,Public domain,16,1280,0.0027313232421875,https://commons.wikimedia.org/wiki/File:CBP_at_JFK_Seizes_Cocaine_in_Beef_Patties_(32380740861).jpg,C:\Documents\Projects\pharmavision\data\raw\balanced_authentic\BA_000804.jpg,3361,drug packaging box,,1280
The U.S. Food and Drug Administration,0.2970719039440155,BA_000805,File:CD-3- Fighting Counterfeit Drugs (8674379559).jpg,exclude,A_ACQUISITION_OUT_OF_BAND,88457,JPEG,0.01449647732079029,720,Public domain,,720,0.0,https://commons.wikimedia.org/wiki/File:CD-3-_Fighting_Counterfeit_Drugs_(8674379559).jpg,C:\Documents\Projects\pharmavision\data\raw\balanced_authentic\BA_000805.jpg,1331,Category:Drug packaging,"brightness 0.297 outside the counterfeit support [0.341, 0.714]",1280
The U.S. Food and Drug Administration,0.8252418637275696,BA_000806,File:CD-3- Fighting Counterfeit Drugs (8675484534).jpg,exclude,A_ACQUISITION_OUT_OF_BAND,143953,JPEG,0.014558042399585247,726,Public domain,,726,0.00067138671875,https://commons.wikimedia.org/wiki/File:CD-3-_Fighting_Counterfeit_Drugs_(8675484534).jpg,C:\Documents\Projects\pharmavision\data\raw\balanced_authentic\BA_000806.jpg,809,Category:Drug packaging,"brightness 0.825 outside the counterfeit support [0.341, 0.714]",1280
Epolk,0.4497562348842621,BA_000814,File:COVID 19 box 2024-25.jpg,pending_review,,150352,JPEG,0.014935711398720741,960,CC BY-SA 4.0,16,960,0.0,https://commons.wikimedia.org/wiki/File:COVID_19_box_2024-25.jpg,C:\Documents\Projects\pharmavision\data\raw\balanced_authentic\BA_000814.jpg,720,Comirnaty,,1280
Rwendland,0.6171664595603943,BA_000815,File:COVID-19 AstraZeneca Vaccine vial and NHS record card.jpg,pending_review,,239110,JPEG,0.019710268825292587,960,CC BY-SA 4.0,18,960,3.0517578125e-05,https://commons.wikimedia.org/wiki/File:COVID-19_AstraZeneca_Vaccine_vial_and_NHS_record_card.jpg,C:\Documents\Projects\pharmavision\data\raw\balanced_authentic\BA_000815.jpg,1639,COVID-19 vaccine vial,,1280
United States Census,0.3496396839618683,BA_000816,File:COVID-19 Vaccine vial and syringe - US Census.jpg,pending_review,,148901,JPEG,0.011797796934843063,577,Public domain,20,577,0.0,https://commons.wikimedia.org/wiki/File:COVID-19_Vaccine_vial_and_syringe_-_US_Census.jpg,C:\Documents\Projects\pharmavision\data\raw\balanced_authentic\BA_000816.jpg,861,COVID-19 vaccine vial,,1024
Raimond Spekking,0.7082149386405945,BA_000817,"File:COVID-19 vaccination center, fair grounds Cologne, 1st vaccination-8230.jpg",pending_review,,143091,JPEG,0.009456628933548927,960,CC BY-SA 4.0,20,960,0.0,"https://commons.wikimedia.org/wiki/File:COVID-19_vaccination_center,_fair_grounds_Cologne,_1st_vaccination-8230.jpg",C:\Documents\Projects\pharmavision\data\raw\balanced_authentic\BA_000817.jpg,325,Comirnaty,,1280
Raimond Spekking,0.7686433792114258,BA_000818,"File:COVID-19 vaccination center, fair grounds Cologne, 1st vaccination-8232.jpg",exclude,A_ACQUISITION_OUT_OF_BAND,100503,JPEG,0.01319676823914051,720,CC BY-SA 4.0,,720,0.0013427734375,"https://commons.wikimedia.org/wiki/File:COVID-19_vaccination_center,_fair_grounds_Cologne,_1st_vaccination-8232.jpg",C:\Documents\Projects\pharmavision\data\raw\balanced_authentic\BA_000818.jpg,738,vaccine vial box,"brightness 0.769 outside the counterfeit support [0.341, 0.714]",1280
Whispyhistory,0.4980127513408661,BA_000819,File:COVID-19 vaccine AstraZeneca Jan 2021 (vial).jpg,pending_review,,570561,JPEG,0.028060514479875565,1791,CC BY-SA 4.0,16,1280,0.0,https://commons.wikimedia.org/wiki/File:COVID-19_vaccine_AstraZeneca_Jan_2021_(vial).jpg,C:\Documents\Projects\pharmavision\data\raw\balanced_authentic\BA_000819.jpg,844,COVID-19 vaccine AstraZeneca,,1280
Whispyhistory,0.46071314811706543,BA_000820,File:COVID-19 vaccine AstraZeneca Jan 2021.jpg,pending_review,,240285,JPEG,0.015745818614959717,1478,CC BY-SA 4.0,18,1280,0.0,https://commons.wikimedia.org/wiki/File:COVID-19_vaccine_AstraZeneca_Jan_2021.jpg,C:\Documents\Projects\pharmavision\data\raw\balanced_authentic\BA_000820.jpg,1428,COVID-19 vaccine AstraZeneca,,1280
U.S. Air Force photo by Staff Sgt. Kelsey Owen,0.7332101464271545,BA_000821,File:COVID-19 vaccine arrives at Aviano (6475805).jpg,exclude,A_ACQUISITION_OUT_OF_BAND,170884,JPEG,0.035519570112228394,853,Public domain,,853,0.0423736572265625,https://commons.wikimedia.org/wiki/File:COVID-19_vaccine_arrives_at_Aviano_(6475805).jpg,C:\Documents\Projects\pharmavision\data\raw\balanced_authentic\BA_000821.jpg,1947,COVID-19 vaccine vial,"brightness 0.733 outside the counterfeit support [0.341, 0.714]",1280
Whispyhistory,0.7882110476493835,BA_000822,File:COVID-19 vaccine vial (2024).jpg,exclude,A_ACQUISITION_OUT_OF_BAND,465429,JPEG,0.01867792382836342,1707,CC0,,1280,0.000396728515625,https://commons.wikimedia.org/wiki/File:COVID-19_vaccine_vial_(2024).jpg,C:\Documents\Projects\pharmavision\data\raw\balanced_authentic\BA_000822.jpg,321,COVID-19 vaccine vial,"brightness 0.788 outside the counterfeit support [0.341, 0.714]",1280
Whispyhistory,0.46233534812927246,BA_000823,File:COVID-19 vaccine vial AstraZenaca 2021 (UK).jpg,pending_review,,357308,JPEG,0.019551843404769897,1849,CC BY-SA 4.0,18,1280,0.0,https://commons.wikimedia.org/wiki/File:COVID-19_vaccine_vial_AstraZenaca_2021_(UK).jpg,C:\Documents\Projects\pharmavision\data\raw\balanced_authentic\BA_000823.jpg,2392,COVID-19 vaccine vial,,1280
,0.4596421420574188,BA_000859,"File:Carton of 'Purgen-The New Aperient' tablets, London, England Wellcome L0058220.jpg",pending_review,,524136,JPEG,0.018790509551763535,1924,CC BY 4.0,14,1280,0.0,"https://commons.wikimedia.org/wiki/File:Carton_of_%27Purgen-The_New_Aperient%27_tablets,_London,_England_Wellcome_L0058220.jpg",C:\Documents\Projects\pharmavision\data\raw\balanced_authentic\BA_000859.jpg,1105,medicine box package,,1280
Evan-Amos,0.7155423164367676,BA_000861,File:Casio-PV-1000-Console-01.jpg,exclude,A_NOT_PHOTOGRAPH,88926,JPEG,0.01153624802827835,853,Public domain,,853,0.5570831298828125,https://commons.wikimedia.org/wiki/File:Casio-PV-1000-Console-01.jpg,C:\Documents\Projects\pharmavision\data\raw\balanced_authentic\BA_000861.jpg,319,penicillin V,"grad 0.0115, white 0.56, colours 319",1280
Evan-Amos,0.76267009973526,BA_000862,File:Casio-PV-1000-Console-02.jpg,exclude,A_NOT_PHOTOGRAPH,90247,JPEG,0.010776923969388008,936,Public domain,,936,0.6242828369140625,https://commons.wikimedia.org/wiki/File:Casio-PV-1000-Console-02.jpg,C:\Documents\Projects\pharmavision\data\raw\balanced_authentic\BA_000862.jpg,306,penicillin V,"grad 0.0108, white 0.62, colours 306",1280
Evan-Amos,0.9157080054283142,BA_000863,File:Casio-PV-1000-Controller-Open1.jpg,exclude,A_NOT_PHOTOGRAPH,78858,JPEG,0.018285933881998062,923,Public domain,,923,0.8549957275390625,https://commons.wikimedia.org/wiki/File:Casio-PV-1000-Controller-Open1.jpg,C:\Documents\Projects\pharmavision\data\raw\balanced_authentic\BA_000863.jpg,548,penicillin V,"grad 0.0183, white 0.85, colours 548",1280
Evan-Amos,0.8290498852729797,BA_000864,File:Casio-PV-1000-Controller-Open2.jpg,exclude,A_NOT_PHOTOGRAPH,81284,JPEG,0.01645546965301037,662,Public domain,,662,0.67962646484375,https://commons.wikimedia.org/wiki/File:Casio-PV-1000-Controller-Open2.jpg,C:\Documents\Projects\pharmavision\data\raw\balanced_authentic\BA_000864.jpg,811,penicillin V,"grad 0.0165, white 0.68, colours 811",1280
Evan-Amos,0.8599737286567688,BA_000865,File:Casio-PV-1000-Switch-Box.jpg,exclude,A_NOT_PHOTOGRAPH,94344,JPEG,0.017547518014907837,862,Public domain,,862,0.79974365234375,https://commons.wikimedia.org/wiki/File:Casio-PV-1000-Switch-Box.jpg,C:\Documents\Projects\pharmavision\data\raw\balanced_authentic\BA_000865.jpg,257,penicillin V,"grad 0.0175, white 0.80, colours 257",1280
"Richard, V.; Davey, M.G.; Annuk, H.; Miller, N.; Dwyer, R.M.; Lowery, A.; Kerin, M.J.",0.8759613037109375,BA_000871,File:Cellular landscape of normal breast tissue.png,exclude,A_NOT_PHOTOGRAPH,543816,PNG,0.05748720467090607,709,CC BY 4.0,,709,0.647705078125,https://commons.wikimedia.org/wiki/File:Cellular_landscape_of_normal_breast_tissue.png,C:\Documents\Projects\pharmavision\data\raw\balanced_authentic\BA_000871.jpg,1995,phenobarbital,"grad 0.0575, white 0.65, colours 1995",1280
The U.S. Food and Drug Administration,0.28691089153289795,BA_000890,"File:Chloramphenicol, ca. 1960s.jpg",exclude,A_ACQUISITION_OUT_OF_BAND,82764,JPEG,0.011522391811013222,960,Public domain,,960,0.000152587890625,"https://commons.wikimedia.org/wiki/File:Chloramphenicol,_ca._1960s.jpg",C:\Documents\Projects\pharmavision\data\raw\balanced_authentic\BA_000890.jpg,615,drug packaging box,"brightness 0.287 outside the counterfeit support [0.341, 0.714]",1280
SunflowerYuri,0.5438722372055054,BA_000911,File:Citroen AX 2023.jpg,pending_review,,290232,JPEG,0.02461840584874153,861,CC BY-SA 4.0,16,861,0.0217132568359375,https://commons.wikimedia.org/wiki/File:Citroen_AX_2023.jpg,C:\Documents\Projects\pharmavision\data\raw\balanced_authentic\BA_000911.jpg,2318,amoxicillin,,1280
Orlovic,0.4656747877597809,BA_000912,File:Citroen AX white 1.JPG,pending_review,,326573,JPEG,0.041365060955286026,655,CC BY-SA 4.0,16,655,0.0,https://commons.wikimedia.org/wiki/File:Citroen_AX_white_1.JPG,C:\Documents\Projects\pharmavision\data\raw\balanced_authentic\BA_000912.jpg,1988,amoxicillin,,1280
Rutger van der Maar,0.35007914900779724,BA_000914,File:Citroën AX First.jpg,pending_review,,359801,JPEG,0.04751762002706528,901,CC BY 2.0,18,901,0.032073974609375,https://commons.wikimedia.org/wiki/File:Citro%C3%ABn_AX_First.jpg,C:\Documents\Projects\pharmavision\data\raw\balanced_authentic\BA_000914.jpg,2311,amoxicillin,,1280
Tom.zeimet,0.4666628837585449,BA_000915,File:Citroën AX Wikimedia1.jpg,pending_review,,536448,JPEG,0.041244834661483765,960,CC BY-SA 4.0,16,960,6.103515625e-05,https://commons.wikimedia.org/wiki/File:Citro%C3%ABn_AX_Wikimedia1.jpg,C:\Documents\Projects\pharmavision\data\raw\balanced_authentic\BA_000915.jpg,3334,amoxicillin,,1280
Tom.zeimet,0.447608083486557,BA_000916,File:Citroën AX Wikimedia2.jpg,pending_review,,455108,JPEG,0.0349455364048481,960,CC BY-SA 4.0,16,960,0.0002288818359375,https://commons.wikimedia.org/wiki/File:Citro%C3%ABn_AX_Wikimedia2.jpg,C:\Documents\Projects\pharmavision\data\raw\balanced_authentic\BA_000916.jpg,2899,amoxicillin,,1280
Tom.zeimet,0.45189985632896423,BA_000917,File:Citroën AX Wikimedia3.jpg,pending_review,,512237,JPEG,0.03815300762653351,960,CC BY-SA 4.0,16,960,1.52587890625e-05,https://commons.wikimedia.org/wiki/File:Citro%C3%ABn_AX_Wikimedia3.jpg,C:\Documents\Projects\pharmavision\data\raw\balanced_authentic\BA_000917.jpg,2888,amoxicillin,,1280
Pachinini,0.5132822394371033,BA_000918,File:Citroën AX half parked on grass.jpg,pending_review,,373449,JPEG,0.03637220710515976,960,Public domain,20,960,0.1101837158203125,https://commons.wikimedia.org/wiki/File:Citro%C3%ABn_AX_half_parked_on_grass.jpg,C:\Documents\Projects\pharmavision\data\raw\balanced_authentic\BA_000918.jpg,2543,amoxicillin,,1280
Rutger van der Maar,0.27348506450653076,BA_000919,File:Citroën AX in Germany.jpg,exclude,A_ACQUISITION_OUT_OF_BAND,325904,JPEG,0.04241693764925003,867,CC BY 2.0,,867,0.04052734375,https://commons.wikimedia.org/wiki/File:Citro%C3%ABn_AX_in_Germany.jpg,C:\Documents\Projects\pharmavision\data\raw\balanced_authentic\BA_000919.jpg,1778,amoxicillin,"brightness 0.273 outside the counterfeit support [0.341, 0.714]",1280
AnonymousUnknown author,0.2263394445180893,BA_000920,File:Clandinjectkit.JPG,exclude,A_ACQUISITION_OUT_OF_BAND,297454,JPEG,0.02466372214257717,960,Public domain,,960,0.00054931640625,https://commons.wikimedia.org/wiki/File:Clandinjectkit.JPG,C:\Documents\Projects\pharmavision\data\raw\balanced_authentic\BA_000920.jpg,1901,oxycodone OxyContin,"brightness 0.226 outside the counterfeit support [0.341, 0.714]",1280
,0.4088411033153534,BA_000930,"File:Clear glass shop round for Quinine, England, 1801-1850 Wellcome L0058514.jpg",pending_review,,453517,JPEG,0.013093582354485989,1924,CC BY 4.0,20,1280,0.001190185546875,"https://commons.wikimedia.org/wiki/File:Clear_glass_shop_round_for_Quinine,_England,_1801-1850_Wellcome_L0058514.jpg",C:\Documents\Projects\pharmavision\data\raw\balanced_authentic\BA_000930.jpg,1018,quinine sulfate,,1280
"Rinda Devi Bachu, Mariam Abou-Dahech, Swapnaa Balaji, Sai H. S. Boddu, Samson Amos, Vishal Singh, R. Jayachandra Babu, Amit K. Tiwari",0.9414982199668884,BA_000939,File:Cnr21720-fig-0005-m.png,exclude,A_NOT_PHOTOGRAPH,104785,PNG,0.018108628690242767,450,CC BY 4.0,,450,0.4591217041015625,https://commons.wikimedia.org/wiki/File:Cnr21720-fig-0005-m.png,C:\Documents\Projects\pharmavision\data\raw\balanced_authentic\BA_000939.jpg,765,bevacizumab Avastin,"grad 0.0181, white 0.46, colours 765",500
Bamjos,0.43964684009552,BA_000955,File:Combiart drug.jpg,pending_review,,313323,JPEG,0.035394858568906784,964,CC0,16,964,0.0,https://commons.wikimedia.org/wiki/File:Combiart_drug.jpg,C:\Documents\Projects\pharmavision\data\raw\balanced_authentic\BA_000955.jpg,1694,artemether lumefantrine,,1280
Prefeitura de Olinda,0.6625800728797913,BA_000960,File:Comirnaty (2021) D.jpg,pending_review,,95026,JPEG,0.009488919749855995,853,CC BY 2.0,16,853,0.0,https://commons.wikimedia.org/wiki/File:Comirnaty_(2021)_D.jpg,C:\Documents\Projects\pharmavision\data\raw\balanced_authentic\BA_000960.jpg,847,Comirnaty,,1280
Whispyhistory,0.46654415130615234,BA_000962,File:Comirnaty Omicron XBB.1.5 vial and influenza vaccine 2023.jpg,pending_review,,387081,JPEG,0.03270482271909714,1081,CC BY-SA 4.0,12,1081,0.0,https://commons.wikimedia.org/wiki/File:Comirnaty_Omicron_XBB.1.5_vial_and_influenza_vaccine_2023.jpg,C:\Documents\Projects\pharmavision\data\raw\balanced_authentic\BA_000962.jpg,852,Comirnaty,,1280
Whispyhistory,0.4591924250125885,BA_000964,File:Comirnaty Omicron XBB.1.5 vials 2023.jpg,pending_review,,249459,JPEG,0.04881047457456589,986,CC BY-SA 4.0,16,986,0.0,https://commons.wikimedia.org/wiki/File:Comirnaty_Omicron_XBB.1.5_vials_2023.jpg,C:\Documents\Projects\pharmavision\data\raw\balanced_authentic\BA_000964.jpg,783,Comirnaty,,1280
Bautsch,0.567703902721405,BA_000968,File:Comirnaty.Phiole.unverduennt.P1127598.jpg,pending_review,,273544,JPEG,0.02573622763156891,2275,CC0,18,1280,0.0025177001953125,https://commons.wikimedia.org/wiki/File:Comirnaty.Phiole.unverduennt.P1127598.jpg,C:\Documents\Projects\pharmavision\data\raw\balanced_authentic\BA_000968.jpg,484,Comirnaty,,1280
Dr. Richard Feldmann (Photographer),0.6173796653747559,BA_000971,File:Computer immunoglobulin.jpg,pending_review,,528450,JPEG,0.024120831862092018,1162,Public domain,16,1162,0.0,https://commons.wikimedia.org/wiki/File:Computer_immunoglobulin.jpg,C:\Documents\Projects\pharmavision\data\raw\balanced_authentic\BA_000971.jpg,1655,human normal immunoglobulin,,1280
Zohang Yuriy,0.7984704375267029,BA_000974,File:Concerta tablets in Japan.jpg,exclude,A_ACQUISITION_OUT_OF_BAND,232284,JPEG,0.020476937294006348,853,CC BY-SA 4.0,,853,0.0054473876953125,https://commons.wikimedia.org/wiki/File:Concerta_tablets_in_Japan.jpg,C:\Documents\Projects\pharmavision\data\raw\balanced_authentic\BA_000974.jpg,1545,blister pack tablets,"brightness 0.798 outside the counterfeit support [0.341, 0.714]",1280
Ministerio de Defensa del Perú,0.4804407060146332,BA_000993,File:Corminaty (2021) A.jpg,pending_review,,105930,JPEG,0.011235913261771202,833,CC BY 2.0,18,833,0.0,https://commons.wikimedia.org/wiki/File:Corminaty_(2021)_A.jpg,C:\Documents\Projects\pharmavision\data\raw\balanced_authentic\BA_000993.jpg,1046,Comirnaty,,1280
Ministerio de Defensa del Perú,0.8140475153923035,BA_000994,File:Corminaty (2021) B.jpg,exclude,A_ACQUISITION_OUT_OF_BAND,75642,JPEG,0.007284708321094513,857,CC BY 2.0,,857,0.0,https://commons.wikimedia.org/wiki/File:Corminaty_(2021)_B.jpg,C:\Documents\Projects\pharmavision\data\raw\balanced_authentic\BA_000994.jpg,750,Comirnaty,"brightness 0.814 outside the counterfeit support [0.341, 0.714]",1280
Ministerio de Defensa del Perú,0.469774454832077,BA_000995,File:Corminaty (2021) C.jpg,pending_review,,106609,JPEG,0.012482849881052971,877,CC BY 2.0,18,877,0.086761474609375,https://commons.wikimedia.org/wiki/File:Corminaty_(2021)_C.jpg,C:\Documents\Projects\pharmavision\data\raw\balanced_authentic\BA_000995.jpg,1867,Comirnaty,,1280
Adville,0.561129629611969,BA_000996,File:Corona antibody test.jpg,pending_review,,348129,JPEG,0.013966603204607964,960,CC BY-SA 4.0,18,960,0.0,https://commons.wikimedia.org/wiki/File:Corona_antibody_test.jpg,C:\Documents\Projects\pharmavision\data\raw\balanced_authentic\BA_000996.jpg,496,human normal immunoglobulin,,1280
"Authors of the study: Melissa J. Barber, PhD; Dzintars Gotham, MBBS; Helen Bygrave, MBBS; Christa Cepuch, MPH",0.9713069796562195,BA_001001,File:Cost-Based Estimated Generic Price Algorithm for Sodium-Glucose Cotransporter 2 Inhibitors (SGLT2Is) and Oral Semaglutide.png,exclude,A_NOT_PHOTOGRAPH,175263,PNG,0.009413204155862331,837,CC BY 4.0,,837,0.7514190673828125,https://commons.wikimedia.org/wiki/File:Cost-Based_Estimated_Generic_Price_Algorithm_for_Sodium-Glucose_Cotransporter_2_Inhibitors_(SGLT2Is)_and_Oral_Semaglutide.png,C:\Documents\Projects\pharmavision\data\raw\balanced_authentic\BA_001001.jpg,61,semaglutide Ozempic,"grad 0.0094, white 0.75, colours 61",1280
Arne Müseler,0.11600286513566971,BA_001006,File:Covid19 vaccine biontech pfizer 2.jpg,exclude,A_ACQUISITION_OUT_OF_BAND,98892,JPEG,0.011476986110210419,658,CC BY-SA 3.0 de,,658,0.000213623046875,https://commons.wikimedia.org/wiki/File:Covid19_vaccine_biontech_pfizer_2.jpg,C:\Documents\Projects\pharmavision\data\raw\balanced_authentic\BA_001006.jpg,667,Comirnaty,"brightness 0.116 outside the counterfeit support [0.341, 0.714]",1280
Governo do Estado de São Paulo,0.5867474675178528,BA_001008,File:Covishield (2021) A.jpg,pending_review,,99644,JPEG,0.012182533740997314,767,CC BY 2.0,14,767,0.0,https://commons.wikimedia.org/wiki/File:Covishield_(2021)_A.jpg,C:\Documents\Projects\pharmavision\data\raw\balanced_authentic\BA_001008.jpg,792,Covishield,,1280
Governo do Estado de São Paulo,0.4795665740966797,BA_001009,File:Covishield (2021) B.jpg,pending_review,,143338,JPEG,0.018456842750310898,943,CC BY 2.0,12,943,1.52587890625e-05,https://commons.wikimedia.org/wiki/File:Covishield_(2021)_B.jpg,C:\Documents\Projects\pharmavision\data\raw\balanced_authentic\BA_001009.jpg,1016,Covishield,,1280
Governo do Estado de São Paulo,0.3775859773159027,BA_001010,File:Covishield (2021) C.jpg,pending_review,,97886,JPEG,0.011926272884011269,889,CC BY 2.0,18,889,0.0,https://commons.wikimedia.org/wiki/File:Covishield_(2021)_C.jpg,C:\Documents\Projects\pharmavision\data\raw\balanced_authentic\BA_001010.jpg,985,Covishield,,1280
Paula Mascarenhas,0.4740145206451416,BA_001011,File:Covishield (2021) D.jpg,pending_review,,183001,JPEG,0.013160062953829765,1920,Public domain,16,1280,0.0170135498046875,https://commons.wikimedia.org/wiki/File:Covishield_(2021)_D.jpg,C:\Documents\Projects\pharmavision\data\raw\balanced_authentic\BA_001011.jpg,2035,Covishield,,1280
Paula Mascarenhas,0.5437793731689453,BA_001012,File:Covishield (2021) E.jpg,pending_review,,201670,JPEG,0.011060729622840881,1920,Public domain,18,1280,1.52587890625e-05,https://commons.wikimedia.org/wiki/File:Covishield_(2021)_E.jpg,C:\Documents\Projects\pharmavision\data\raw\balanced_authentic\BA_001012.jpg,1672,Covishield,,1280
Paula Mascarenhas,0.5316447615623474,BA_001013,File:Covishield (2021) F.jpg,pending_review,,205106,JPEG,0.012540689669549465,1920,Public domain,18,1280,0.001373291015625,https://commons.wikimedia.org/wiki/File:Covishield_(2021)_F.jpg,C:\Documents\Projects\pharmavision\data\raw\balanced_authentic\BA_001013.jpg,2675,Covishield,,1280
Paula Mascarenhas,0.5112279057502747,BA_001014,File:Covishield (2021) G.jpg,exclude,A_NEAR_DUPLICATE_WITHIN,93117,JPEG,0.011701500043272972,853,Public domain,18,853,0.0,https://commons.wikimedia.org/wiki/File:Covishield_(2021)_G.jpg,C:\Documents\Projects\pharmavision\data\raw\balanced_authentic\BA_001014.jpg,1801,Covishield,near-duplicate of BA_001012,1280
Paula Mascarenhas,0.2744157016277313,BA_001015,File:Covishield (2021) H.jpg,exclude,A_ACQUISITION_OUT_OF_BAND,211811,JPEG,0.011596571654081345,1920,Public domain,,1280,0.0,https://commons.wikimedia.org/wiki/File:Covishield_(2021)_H.jpg,C:\Documents\Projects\pharmavision\data\raw\balanced_authentic\BA_001015.jpg,1645,Covishield,"brightness 0.274 outside the counterfeit support [0.341, 0.714]",1280
Prefeitura de Pelotas,0.37344488501548767,BA_001016,File:Covishield (2021) I.jpg,pending_review,,154350,JPEG,0.024324888363480568,853,Public domain,18,853,0.0130157470703125,https://commons.wikimedia.org/wiki/File:Covishield_(2021)_I.jpg,C:\Documents\Projects\pharmavision\data\raw\balanced_authentic\BA_001016.jpg,1829,Covishield,,1280
Prefeitura de Pelotas,0.4622536599636078,BA_001017,File:Covishield (2021) J.jpg,pending_review,,126894,JPEG,0.01901579275727272,853,Public domain,20,853,0.012481689453125,https://commons.wikimedia.org/wiki/File:Covishield_(2021)_J.jpg,C:\Documents\Projects\pharmavision\data\raw\balanced_authentic\BA_001017.jpg,1492,Covishield,,1280
Prefeitura de Pelotas,0.6990442276000977,BA_001018,File:Covishield (2021) K.jpg,pending_review,,106578,JPEG,0.016151821240782738,853,Public domain,16,853,0.1060638427734375,https://commons.wikimedia.org/wiki/File:Covishield_(2021)_K.jpg,C:\Documents\Projects\pharmavision\data\raw\balanced_authentic\BA_001018.jpg,1640,Covishield,,1280
Prefeitura de Pelotas,0.44192230701446533,BA_001019,File:Covishield (2021) L.jpg,pending_review,,122849,JPEG,0.016028812155127525,853,Public domain,18,853,0.0061798095703125,https://commons.wikimedia.org/wiki/File:Covishield_(2021)_L.jpg,C:\Documents\Projects\pharmavision\data\raw\balanced_authentic\BA_001019.jpg,1542,Covishield,,1280
Prefeitura de Pelotas,0.5960965752601624,BA_001020,File:Covishield (2021) M.jpg,pending_review,,128682,JPEG,0.020449096336960793,853,Public domain,18,853,3.0517578125e-05,https://commons.wikimedia.org/wiki/File:Covishield_(2021)_M.jpg,C:\Documents\Projects\pharmavision\data\raw\balanced_authentic\BA_001020.jpg,1632,Covishield,,1280
USAID in Africa,0.4789535105228424,BA_001022,File:Covishield (2021) N.jpg,pending_review,,98011,JPEG,0.014806174673140049,853,Public domain,18,853,0.0041351318359375,https://commons.wikimedia.org/wiki/File:Covishield_(2021)_N.jpg,C:\Documents\Projects\pharmavision\data\raw\balanced_authentic\BA_001022.jpg,2271,Covishield,,1280
Prefeitura de Pelotas,0.4745995104312897,BA_001023,File:Covishield (2021) O.jpg,pending_review,,169233,JPEG,0.02378089725971222,853,Public domain,18,853,0.0003814697265625,https://commons.wikimedia.org/wiki/File:Covishield_(2021)_O.jpg,C:\Documents\Projects\pharmavision\data\raw\balanced_authentic\BA_001023.jpg,2487,Covishield,,1280
Agência Brasília,0.33793020248413086,BA_001059,File:Delivery of Covishield COVID-19 vaccine from India to Brazil (2021) A.jpg,exclude,A_ACQUISITION_OUT_OF_BAND,597865,JPEG,0.029276028275489807,1927,CC BY 2.0,,1280,9.1552734375e-05,https://commons.wikimedia.org/wiki/File:Delivery_of_Covishield_COVID-19_vaccine_from_India_to_Brazil_(2021)_A.jpg,C:\Documents\Projects\pharmavision\data\raw\balanced_authentic\BA_001059.jpg,1927,Covishield,"brightness 0.338 outside the counterfeit support [0.341, 0.714]",1280
Agência Brasília,0.3190423250198364,BA_001060,File:Delivery of Covishield COVID-19 vaccine from India to Brazil (2021) B.jpg,exclude,A_ACQUISITION_OUT_OF_BAND,336184,JPEG,0.04265692085027695,850,CC BY 2.0,,850,1.52587890625e-05,https://commons.wikimedia.org/wiki/File:Delivery_of_Covishield_COVID-19_vaccine_from_India_to_Brazil_(2021)_B.jpg,C:\Documents\Projects\pharmavision\data\raw\balanced_authentic\BA_001060.jpg,4753,Covishield,"brightness 0.319 outside the counterfeit support [0.341, 0.714]",1280
Agência Brasília,0.7038440108299255,BA_001061,File:Delivery of Covishield COVID-19 vaccine from India to Brazil (2021) C.jpg,pending_review,,193866,JPEG,0.016579341143369675,850,CC BY 2.0,16,850,0.005767822265625,https://commons.wikimedia.org/wiki/File:Delivery_of_Covishield_COVID-19_vaccine_from_India_to_Brazil_(2021)_C.jpg,C:\Documents\Projects\pharmavision\data\raw\balanced_authentic\BA_001061.jpg,1231,Covishield,,1280
Agência Brasília,0.43443408608436584,BA_001062,File:Delivery of Covishield COVID-19 vaccine from India to Brazil (2021) D.jpg,pending_review,,287261,JPEG,0.03986001014709473,850,CC BY 2.0,18,850,0.01336669921875,https://commons.wikimedia.org/wiki/File:Delivery_of_Covishield_COVID-19_vaccine_from_India_to_Brazil_(2021)_D.jpg,C:\Documents\Projects\pharmavision\data\raw\balanced_authentic\BA_001062.jpg,4773,Covishield,,1280
Togabi,0.5359735488891602,BA_001095,File:Dextromethorphan Tablet-15.jpg,pending_review,,888878,JPEG,0.05960037559270859,2211,CC BY-SA 4.0,18,919,0.0024871826171875,https://commons.wikimedia.org/wiki/File:Dextromethorphan_Tablet-15.jpg,C:\Documents\Projects\pharmavision\data\raw\balanced_authentic\BA_001095.jpg,1804,blister pack tablets,,919
HualinXMN,0.4982109069824219,BA_001098,File:Dexzopiclone Tablets.jpg,pending_review,,313511,JPEG,0.01804324984550476,961,CC BY-SA 4.0,14,961,0.003265380859375,https://commons.wikimedia.org/wiki/File:Dexzopiclone_Tablets.jpg,C:\Documents\Projects\pharmavision\data\raw\balanced_authentic\BA_001098.jpg,649,blister pack tablets,,1280
Lukitus,0.2705892026424408,BA_001101,File:Diapam.jpg,exclude,A_ACQUISITION_OUT_OF_BAND,220976,JPEG,0.014980065636336803,720,Copyrighted free use,,720,0.0,https://commons.wikimedia.org/wiki/File:Diapam.jpg,C:\Documents\Projects\pharmavision\data\raw\balanced_authentic\BA_001101.jpg,981,diazepam,"brightness 0.271 outside the counterfeit support [0.341, 0.714]",1280
Wesalius,0.6073430776596069,BA_001105,File:Diazepam 10mg-2ml vials white background.jpg,pending_review,,272920,JPEG,0.027552694082260132,1127,CC BY 4.0,14,1127,0.00726318359375,https://commons.wikimedia.org/wiki/File:Diazepam_10mg-2ml_vials_white_background.jpg,C:\Documents\Projects\pharmavision\data\raw\balanced_authentic\BA_001105.jpg,1139,diazepam,,1280
Wesalius,0.5190742611885071,BA_001106,File:Diazepam 10mg-2ml vials yellow background.jpg,pending_review,,319864,JPEG,0.028882090002298355,1062,CC BY 4.0,16,1062,0.00836181640625,https://commons.wikimedia.org/wiki/File:Diazepam_10mg-2ml_vials_yellow_background.jpg,C:\Documents\Projects\pharmavision\data\raw\balanced_authentic\BA_001106.jpg,1686,diazepam,,1280
ZngZng,0.40924450755119324,BA_001107,File:Diazepam 10mg.jpg,pending_review,,191353,JPEG,0.01479426957666874,960,CC BY-SA 3.0,18,960,0.0,https://commons.wikimedia.org/wiki/File:Diazepam_10mg.jpg,C:\Documents\Projects\pharmavision\data\raw\balanced_authentic\BA_001107.jpg,999,diazepam,,1280
Stefan Bellini,0.5908117294311523,BA_001108,File:Diazepam Ampulle ratiopharm 10 mg. 2 ml.JPG,pending_review,,272561,JPEG,0.011024616658687592,1974,CC0,16,1280,0.0001983642578125,https://commons.wikimedia.org/wiki/File:Diazepam_Ampulle_ratiopharm_10_mg._2_ml.JPG,C:\Documents\Projects\pharmavision\data\raw\balanced_authentic\BA_001108.jpg,1467,diazepam,,1280
Tmeers91,0.4918792247772217,BA_001111,File:Diazepam stock bottle 10mg tabs.jpg,pending_review,,397196,JPEG,0.02571798488497734,1707,CC BY-SA 3.0,16,1280,0.0187530517578125,https://commons.wikimedia.org/wiki/File:Diazepam_stock_bottle_10mg_tabs.jpg,C:\Documents\Projects\pharmavision\data\raw\balanced_authentic\BA_001111.jpg,2341,diazepam,,1280
Aschwole,0.019338810816407204,BA_001113,File:Diazepam synthesis2.png,exclude,A_ACQUISITION_OUT_OF_BAND,58978,PNG,0.011007996276021004,228,CC BY-SA 3.0,,228,0.0,https://commons.wikimedia.org/wiki/File:Diazepam_synthesis2.png,C:\Documents\Projects\pharmavision\data\raw\balanced_authentic\BA_001113.jpg,31,diazepam,"brightness 0.019 outside the counterfeit support [0.341, 0.714]",1280
DMTrott,0.7118901610374451,BA_001116,"File:Diazepam, strips 10 mg (Valium).jpg",pending_review,,227875,JPEG,0.024994514882564545,661,CC BY-SA 4.0,14,661,0.0006866455078125,"https://commons.wikimedia.org/wiki/File:Diazepam,_strips_10_mg_(Valium).jpg",C:\Documents\Projects\pharmavision\data\raw\balanced_authentic\BA_001116.jpg,522,diazepam,,1280
Ben Mills,0.5376914739608765,BA_001118,File:Diazepam-from-xtal-3D-vdW.png,exclude,A_NOT_PHOTOGRAPH,204144,PNG,0.013250832445919514,1049,Public domain,,1049,0.3529205322265625,https://commons.wikimedia.org/wiki/File:Diazepam-from-xtal-3D-vdW.png,C:\Documents\Projects\pharmavision\data\raw\balanced_authentic\BA_001118.jpg,383,diazepam,"grad 0.0133, white 0.35, colours 383",1100
Jermund9,0.4702046811580658,BA_001120,File:Diazepam.png,pending_review,,366894,PNG,0.013382413424551487,417,CC BY-SA 4.0,18,417,0.0,https://commons.wikimedia.org/wiki/File:Diazepam.png,C:\Documents\Projects\pharmavision\data\raw\balanced_authentic\BA_001120.jpg,760,diazepam,,635
It is self created by myself with a camera,0.43445733189582825,BA_001121,File:Diazepam2mgand5mgtablets.JPG,pending_review,,265385,JPEG,0.011978426948189735,1613,CC BY-SA 4.0,18,1280,0.0,https://commons.wikimedia.org/wiki/File:Diazepam2mgand5mgtablets.JPG,C:\Documents\Projects\pharmavision\data\raw\balanced_authentic\BA_001121.jpg,1834,diazepam,,1280
Science Museum Group Studio,0.37645530700683594,BA_001160,File:Dispensing pot for powdered quinine 4.jpg,pending_review,,101566,JPEG,0.012807043269276619,854,CC BY-SA 4.0,18,854,0.0,https://commons.wikimedia.org/wiki/File:Dispensing_pot_for_powdered_quinine_4.jpg,C:\Documents\Projects\pharmavision\data\raw\balanced_authentic\BA_001160.jpg,1493,quinine sulfate,,1280
,0.34823644161224365,BA_001161,"File:Dispensing pot for powdered quinine, Italy, 1801-1830 Wellcome L0057459.jpg",pending_review,,305511,JPEG,0.018901806324720383,1924,CC BY 4.0,16,1280,0.004119873046875,"https://commons.wikimedia.org/wiki/File:Dispensing_pot_for_powdered_quinine,_Italy,_1801-1830_Wellcome_L0057459.jpg",C:\Documents\Projects\pharmavision\data\raw\balanced_authentic\BA_001161.jpg,1361,quinine sulfate,,1280
NASA on The Commons,0.36569109559059143,BA_001193,"File:Dr. Mae C. Jemison, First African-American Woman in Space - Flickr - NASA on The Commons.jpg",pending_review,,603397,JPEG,0.022992869839072227,1533,No restrictions,14,1280,0.0,"https://commons.wikimedia.org/wiki/File:Dr._Mae_C._Jemison,_First_African-American_Woman_in_Space_-_Flickr_-_NASA_on_The_Commons.jpg",C:\Documents\Projects\pharmavision\data\raw\balanced_authentic\BA_001193.jpg,1493,hepatitis B vaccine,,1280
Hirondus,0.6680855751037598,BA_001195,File:Drogues anesthésie.jpg,pending_review,,192289,JPEG,0.019870251417160034,960,CC BY-SA 4.0,18,960,9.1552734375e-05,https://commons.wikimedia.org/wiki/File:Drogues_anesth%C3%A9sie.jpg,C:\Documents\Projects\pharmavision\data\raw\balanced_authentic\BA_001195.jpg,1305,propofol Diprivan,,1280
Opanas Slastion,0.4514259099960327,BA_001218,File:Dubyna 1901.jpg,pending_review,,623256,JPEG,0.03526035696268082,1975,Public domain,16,1280,0.0,https://commons.wikimedia.org/wiki/File:Dubyna_1901.jpg,C:\Documents\Projects\pharmavision\data\raw\balanced_authentic\BA_001218.jpg,205,oxymorphone,,1280
Dvermeirre,0.5047733783721924,BA_001220,File:Dukoral package inside.jpg,pending_review,,255346,JPEG,0.013106046244502068,960,CC BY-SA 4.0,16,960,0.0,https://commons.wikimedia.org/wiki/File:Dukoral_package_inside.jpg,C:\Documents\Projects\pharmavision\data\raw\balanced_authentic\BA_001220.jpg,434,vaccine vial box,,1280
Dvermeirre,0.45405182242393494,BA_001222,File:Dukoral package.jpg,pending_review,,505404,JPEG,0.020339593291282654,1707,CC BY-SA 4.0,20,1280,0.0,https://commons.wikimedia.org/wiki/File:Dukoral_package.jpg,C:\Documents\Projects\pharmavision\data\raw\balanced_authentic\BA_001222.jpg,746,vaccine vial box,,1280
Pavel Dušek,0.6857361793518066,BA_001227,File:Duphalac 200 ml.jpg,pending_review,,229956,JPEG,0.009175349026918411,1307,CC BY-SA 4.0,16,1280,0.0,https://commons.wikimedia.org/wiki/File:Duphalac_200_ml.jpg,C:\Documents\Projects\pharmavision\data\raw\balanced_authentic\BA_001227.jpg,780,pharmaceutical packaging photograph,,1280
Fvasconcellos (talk · contribs),0.13865400850772858,BA_001230,File:Durvalumab PD-L1 5X8M.pdb.png,exclude,A_ACQUISITION_OUT_OF_BAND,939496,PNG,0.029554657638072968,1280,Public domain,,1280,0.0,https://commons.wikimedia.org/wiki/File:Durvalumab_PD-L1_5X8M.pdb.png,C:\Documents\Projects\pharmavision\data\raw\balanced_authentic\BA_001230.jpg,218,durvalumab,"brightness 0.139 outside the counterfeit support [0.341, 0.714]",1280
Dietmar Rabich,0.4974172115325928,BA_001232,"File:Dülmen, Merfeld, Volvo PV 544 B18 -- 2021 -- 0075-9.jpg",pending_review,,378127,JPEG,0.04032295197248459,800,CC BY-SA 4.0,18,800,0.0057525634765625,"https://commons.wikimedia.org/wiki/File:D%C3%BClmen,_Merfeld,_Volvo_PV_544_B18_--_2021_--_0075-9.jpg",C:\Documents\Projects\pharmavision\data\raw\balanced_authentic\BA_001232.jpg,2514,penicillin V,,1280
Anton0987654321,0.6293246150016785,BA_001242,File:Ebivol.jpg,pending_review,,124323,JPEG,0.01287600863724947,960,CC0,16,960,0.0,https://commons.wikimedia.org/wiki/File:Ebivol.jpg,C:\Documents\Projects\pharmavision\data\raw\balanced_authentic\BA_001242.jpg,873,drug packaging box,,1280
Print made by: Robert Seymour Published by: Thomas McLean,0.7892868518829346,BA_001267,"File:Elegant preventive of the cholera. (BM 1868,0808.12313).jpg",exclude,A_ACQUISITION_OUT_OF_BAND,352630,JPEG,0.035483527928590775,960,Public domain,,960,0.008392333984375,"https://commons.wikimedia.org/wiki/File:Elegant_preventive_of_the_cholera._(BM_1868,0808.12313).jpg",C:\Documents\Projects\pharmavision\data\raw\balanced_authentic\BA_001267.jpg,581,medicine box package,"brightness 0.789 outside the counterfeit support [0.341, 0.714]",1280
"Ed Uthman from Houston, TX, USA",0.7305536866188049,BA_001286,File:Endometriosis of the Fallopian Tube (Luminal Pattern) (7116632365).jpg,exclude,A_ACQUISITION_OUT_OF_BAND,418152,JPEG,0.025677945464849472,1280,CC BY 2.0,,1280,0.0,https://commons.wikimedia.org/wiki/File:Endometriosis_of_the_Fallopian_Tube_(Luminal_Pattern)_(7116632365).jpg,C:\Documents\Projects\pharmavision\data\raw\balanced_authentic\BA_001286.jpg,1650,phenobarbital,"brightness 0.731 outside the counterfeit support [0.341, 0.714]",1280
"Ed Uthman from Houston, TX, USA",0.7512836456298828,BA_001287,File:Endometriosis of the Fallopian Tube (Luminal Pattern) (7116632399).jpg,exclude,A_ACQUISITION_OUT_OF_BAND,255956,JPEG,0.021106086671352386,853,CC BY 2.0,,853,0.0,https://commons.wikimedia.org/wiki/File:Endometriosis_of_the_Fallopian_Tube_(Luminal_Pattern)_(7116632399).jpg,C:\Documents\Projects\pharmavision\data\raw\balanced_authentic\BA_001287.jpg,1118,phenobarbital,"brightness 0.751 outside the counterfeit support [0.341, 0.714]",1280
Whispyhistory,0.5888168215751648,BA_001290,File:Engerix B (Hepatitis B) vaccine.jpg,pending_review,,234454,JPEG,0.02285519242286682,679,CC BY-SA 4.0,14,679,0.0,https://commons.wikimedia.org/wiki/File:Engerix_B_(Hepatitis_B)_vaccine.jpg,C:\Documents\Projects\pharmavision\data\raw\balanced_authentic\BA_001290.jpg,419,hepatitis B vaccine,,1280
"Authors of the study: Melissa J. Barber, PhD; Dzintars Gotham, MBBS; Helen Bygrave, MBBS; Christa Cepuch, MPH",0.9317045211791992,BA_001314,"File:Estimated Sustainable Cost-Based Prices, per Month.png",exclude,A_ACQUISITION_OUT_OF_BAND,599300,PNG,0.024374110624194145,1591,CC BY 4.0,,1280,0.2915191650390625,"https://commons.wikimedia.org/wiki/File:Estimated_Sustainable_Cost-Based_Prices,_per_Month.png",C:\Documents\Projects\pharmavision\data\raw\balanced_authentic\BA_001314.jpg,61,semaglutide Ozempic,"brightness 0.932 outside the counterfeit support [0.341, 0.714]",1280
Jjfredregill,0.40768328309059143,BA_001318,File:Etizest-1 MD Blister Pill opened.jpeg,pending_review,,200112,JPEG,0.030843954533338547,960,CC BY-SA 4.0,14,960,0.0092315673828125,https://commons.wikimedia.org/wiki/File:Etizest-1_MD_Blister_Pill_opened.jpeg,C:\Documents\Projects\pharmavision\data\raw\balanced_authentic\BA_001318.jpg,1354,blister pack tablets,,1280
,0.33808469772338867,BA_001322,File:Eucodal P-FG-ES-06040.jpg,exclude,A_ACQUISITION_OUT_OF_BAND,832094,JPEG,0.02275208756327629,1810,Public domain,,1280,0.0,https://commons.wikimedia.org/wiki/File:Eucodal_P-FG-ES-06040.jpg,C:\Documents\Projects\pharmavision\data\raw\balanced_authentic\BA_001322.jpg,401,oxycodone OxyContin,"brightness 0.338 outside the counterfeit support [0.341, 0.714]",1280
"Raquel Baranow from Tucson, Arizona, U$A",0.5444967746734619,BA_001347,File:Fake Viagara Pills (22399093799).jpg,pending_review,,593895,JPEG,0.05900300666689873,960,CC BY-SA 2.0,16,960,0.0056304931640625,https://commons.wikimedia.org/wiki/File:Fake_Viagara_Pills_(22399093799).jpg,C:\Documents\Projects\pharmavision\data\raw\balanced_authentic\BA_001347.jpg,4323,drug packaging box,,1280
Allocer,0.45478901267051697,BA_001350,File:Fara PV maks2009.jpg,pending_review,,375535,JPEG,0.030627243220806122,1810,CC BY-SA 3.0,18,1280,0.014739990234375,https://commons.wikimedia.org/wiki/File:Fara_PV_maks2009.jpg,C:\Documents\Projects\pharmavision\data\raw\balanced_authentic\BA_001350.jpg,2523,penicillin V,,1280
Biswarup Ganguly,0.680957019329071,BA_001352,File:Favipill 800 - Favipiravir Tablets 800 mg - Howrah 2023-05-15 9871.jpg,pending_review,,783045,JPEG,0.05131811276078224,2061,CC BY 3.0,16,1280,0.0087738037109375,https://commons.wikimedia.org/wiki/File:Favipill_800_-_Favipiravir_Tablets_800_mg_-_Howrah_2023-05-15_9871.jpg,C:\Documents\Projects\pharmavision\data\raw\balanced_authentic\BA_001352.jpg,1494,blister pack tablets,,1280
"Charles K. Crawford , Amir Kol",0.8750775456428528,BA_001353,File:Fcimb-11-689401-g001.jpg,exclude,A_ACQUISITION_OUT_OF_BAND,215795,JPEG,0.02601160854101181,1140,CC BY 4.0,,1140,0.0,https://commons.wikimedia.org/wiki/File:Fcimb-11-689401-g001.jpg,C:\Documents\Projects\pharmavision\data\raw\balanced_authentic\BA_001353.jpg,1112,phenobarbital,"brightness 0.875 outside the counterfeit support [0.341, 0.714]",1280
Sarang,0.5957995057106018,BA_001356,File:Fenobarbital receta.jpg,pending_review,,183122,JPEG,0.024481602013111115,1048,Public domain,16,1048,0.0,https://commons.wikimedia.org/wiki/File:Fenobarbital_receta.jpg,C:\Documents\Projects\pharmavision\data\raw\balanced_authentic\BA_001356.jpg,516,phenobarbital,,1280
CHCl3 Drinker (MieszkoM),0.48865756392478943,BA_001357,File:Fenobarbital.jpg,pending_review,,61566,JPEG,0.01411915011703968,656,CC0,20,492,7.62939453125e-05,https://commons.wikimedia.org/wiki/File:Fenobarbital.jpg,C:\Documents\Projects\pharmavision\data\raw\balanced_authentic\BA_001357.jpg,1589,phenobarbital,,492
"U.S. Government Accountability Office from Washington, DC, United States",0.8659096360206604,BA_001367,File:Figure 1- Medicare Part D Beneficiary Visits Four Doctors to Obtain Oxycodone (6211353672).jpg,exclude,A_NOT_PHOTOGRAPH,117218,JPEG,0.03291250020265579,624,Public domain,,624,0.6748504638671875,https://commons.wikimedia.org/wiki/File:Figure_1-_Medicare_Part_D_Beneficiary_Visits_Four_Doctors_to_Obtain_Oxycodone_(6211353672).jpg,C:\Documents\Projects\pharmavision\data\raw\balanced_authentic\BA_001367.jpg,1056,oxycodone OxyContin,"grad 0.0329, white 0.67, colours 1056",1280
Vinayakkhattar,0.8902238011360168,BA_001368,File:Figure 4 TRPV6 transcellular pathway.png,exclude,A_NOT_PHOTOGRAPH,364551,PNG,0.024295102804899216,1325,CC BY-SA 4.0,,1280,0.4326171875,https://commons.wikimedia.org/wiki/File:Figure_4_TRPV6_transcellular_pathway.png,C:\Documents\Projects\pharmavision\data\raw\balanced_authentic\BA_001368.jpg,760,phenobarbital,"grad 0.0243, white 0.43, colours 760",1280
"Zelin Yun,Lizhi Duan,Xiangjun Liu,Qingmeng Cai,Chun Li",0.886991024017334,BA_001371,File:Fimmu-14-1145145-g001.jpg,exclude,A_ACQUISITION_OUT_OF_BAND,175564,JPEG,0.01980404369533062,905,CC BY 4.0,,905,0.0,https://commons.wikimedia.org/wiki/File:Fimmu-14-1145145-g001.jpg,C:\Documents\Projects\pharmavision\data\raw\balanced_authentic\BA_001371.jpg,1306,daratumumab,"brightness 0.887 outside the counterfeit support [0.341, 0.714]",1280
Israel Defense Forces,0.44186100363731384,BA_001383,File:Flickr - Israel Defense Forces - Expired Medicine Unloaded Off Gaza Flotillas (1).jpg,pending_review,,306948,JPEG,0.03380129113793373,960,CC BY 2.0,16,960,0.006134033203125,https://commons.wikimedia.org/wiki/File:Flickr_-_Israel_Defense_Forces_-_Expired_Medicine_Unloaded_Off_Gaza_Flotillas_(1).jpg,C:\Documents\Projects\pharmavision\data\raw\balanced_authentic\BA_001383.jpg,1690,medicine box package,,1280
Israel Defense Forces,0.6039244532585144,BA_001384,File:Flickr - Israel Defense Forces - Expired Medicine Unloaded Off Gaza Flotillas (2).jpg,pending_review,,204610,JPEG,0.025723271071910858,960,CC BY 2.0,18,960,0.0,https://commons.wikimedia.org/wiki/File:Flickr_-_Israel_Defense_Forces_-_Expired_Medicine_Unloaded_Off_Gaza_Flotillas_(2).jpg,C:\Documents\Projects\pharmavision\data\raw\balanced_authentic\BA_001384.jpg,1059,medicine box package,,1280
Israel Defense Forces,0.3988964557647705,BA_001386,File:Flickr - Israel Defense Forces - Expired Medicine Unloaded Off Gaza Flotillas (4).jpg,pending_review,,312823,JPEG,0.028247850015759468,960,CC BY 2.0,20,960,0.00018310546875,https://commons.wikimedia.org/wiki/File:Flickr_-_Israel_Defense_Forces_-_Expired_Medicine_Unloaded_Off_Gaza_Flotillas_(4).jpg,C:\Documents\Projects\pharmavision\data\raw\balanced_authentic\BA_001386.jpg,765,medicine box package,,1280
The chemistds,0.4381899833679199,BA_001395,File:Fluothane packaging 01.jpg,pending_review,,845057,JPEG,0.020600732415914536,2604,CC BY-SA 4.0,16,1280,0.0025634765625,https://commons.wikimedia.org/wiki/File:Fluothane_packaging_01.jpg,C:\Documents\Projects\pharmavision\data\raw\balanced_authentic\BA_001395.jpg,1216,pharmaceutical packaging photograph,,1280
Kimivanil,0.6680871844291687,BA_001404,File:Forxiga dapagliflozin.jpg,pending_review,,177086,JPEG,0.022860638797283173,832,CC BY-SA 4.0,16,832,3.0517578125e-05,https://commons.wikimedia.org/wiki/File:Forxiga_dapagliflozin.jpg,C:\Documents\Projects\pharmavision\data\raw\balanced_authentic\BA_001404.jpg,785,drug packaging box,,1280
User:Mateus2019,0.6771190762519836,BA_001427,File:GER — BY — München — Dokumentation Drei Impfungen gegen COVID-19 Anno 2021 Mattes.jpg,pending_review,,203104,JPEG,0.04574168473482132,528,Public domain,18,528,0.1151123046875,https://commons.wikimedia.org/wiki/File:GER_%E2%80%94_BY_%E2%80%94_M%C3%BCnchen_%E2%80%94_Dokumentation_Drei_Impfungen_gegen_COVID-19_Anno_2021_Mattes.jpg,C:\Documents\Projects\pharmavision\data\raw\balanced_authentic\BA_001427.jpg,1163,Comirnaty,,1280
GeoTrinity (Wikimedia Commons),0.4794982671737671,BA_001431,File:GT-Oxycodon-Sicherheitsblister.jpg,pending_review,,375968,JPEG,0.028767433017492294,1038,CC BY-SA 4.0,18,1038,0.017578125,https://commons.wikimedia.org/wiki/File:GT-Oxycodon-Sicherheitsblister.jpg,C:\Documents\Projects\pharmavision\data\raw\balanced_authentic\BA_001431.jpg,1065,oxycodone OxyContin,,1280
Chatsam,0.3988893926143646,BA_001438,File:Gardenal.JPG,pending_review,,188729,JPEG,0.014645829796791077,713,Public domain,16,713,0.0,https://commons.wikimedia.org/wiki/File:Gardenal.JPG,C:\Documents\Projects\pharmavision\data\raw\balanced_authentic\BA_001438.jpg,563,phenobarbital,,1280
Smiley.toerist,0.9672842025756836,BA_001441,File:Gele koorts blad van het certificaat.jpg,exclude,A_NOT_PHOTOGRAPH,91894,JPEG,0.01655687391757965,1076,CC BY-SA 4.0,,774,0.8133544921875,https://commons.wikimedia.org/wiki/File:Gele_koorts_blad_van_het_certificaat.jpg,C:\Documents\Projects\pharmavision\data\raw\balanced_authentic\BA_001441.jpg,480,yellow fever vaccine,"grad 0.0166, white 0.81, colours 480",774
,0.3531058728694916,BA_001462,"File:Glass pharmacy jar for powdered quinine, Europe, 1601-1700 Wellcome L0057596.jpg",pending_review,,424018,JPEG,0.014624894596636295,1924,CC BY 4.0,20,1280,0.0,"https://commons.wikimedia.org/wiki/File:Glass_pharmacy_jar_for_powdered_quinine,_Europe,_1601-1700_Wellcome_L0057596.jpg",C:\Documents\Projects\pharmavision\data\raw\balanced_authentic\BA_001462.jpg,909,quinine sulfate,,1280
Serogakievskiy,0.9092448353767395,BA_001474,File:Gretaciano.jpg,exclude,A_NOT_PHOTOGRAPH,23279,JPEG,0.014491651207208633,300,CC BY-SA 4.0,,300,0.5113677978515625,https://commons.wikimedia.org/wiki/File:Gretaciano.jpg,C:\Documents\Projects\pharmavision\data\raw\balanced_authentic\BA_001474.jpg,771,sofosbuvir,"grad 0.0145, white 0.51, colours 771",350
NIAID,0.14363957941532135,BA_001487,File:HIV Virus Particles - 53570039329.jpg,exclude,A_ACQUISITION_OUT_OF_BAND,367111,JPEG,0.024015825241804123,996,CC BY 2.0,,996,3.0517578125e-05,https://commons.wikimedia.org/wiki/File:HIV_Virus_Particles_-_53570039329.jpg,C:\Documents\Projects\pharmavision\data\raw\balanced_authentic\BA_001487.jpg,1517,semaglutide Ozempic,"brightness 0.144 outside the counterfeit support [0.341, 0.714]",1280
CK ALAN Lam Tsui,0.5416647791862488,BA_001490,File:HK 葵青區 Kwai Tsing MTR 青衣站 Tsing Yi Station stand up banners directory signs April 2022 Px3 01.jpg,pending_review,,297296,JPEG,0.02934865839779377,960,CC BY-SA 4.0,18,960,0.0006866455078125,https://commons.wikimedia.org/wiki/File:HK_%E8%91%B5%E9%9D%92%E5%8D%80_Kwai_Tsing_MTR_%E9%9D%92%E8%A1%A3%E7%AB%99_Tsing_Yi_Station_stand_up_banners_directory_signs_April_2022_Px3_01.jpg,C:\Documents\Projects\pharmavision\data\raw\balanced_authentic\BA_001490.jpg,1480,Comirnaty,,1280
"Alec Wilson from Hampton-in-Arden, UK",0.48779812455177307,BA_001491,File:HS-PPD (12627852323).jpg,pending_review,,167732,JPEG,0.013942185789346695,853,CC BY-SA 2.0,18,853,0.0,https://commons.wikimedia.org/wiki/File:HS-PPD_(12627852323).jpg,C:\Documents\Projects\pharmavision\data\raw\balanced_authentic\BA_001491.jpg,905,propylene glycol,,1280
"Alec Wilson from Khon Kaen, Thailand",0.6298703551292419,BA_001492,File:HS-PPD (21411688723).jpg,pending_review,,70496,JPEG,0.007599902339279652,853,CC BY-SA 2.0,18,853,0.0,https://commons.wikimedia.org/wiki/File:HS-PPD_(21411688723).jpg,C:\Documents\Projects\pharmavision\data\raw\balanced_authentic\BA_001492.jpg,684,propylene glycol,,1280
"Alec Wilson from Khon Kaen, Thailand",0.4165779650211334,BA_001493,File:HS-PPD (8876680741).jpg,pending_review,,181334,JPEG,0.016153212636709213,849,CC BY-SA 2.0,16,849,1.52587890625e-05,https://commons.wikimedia.org/wiki/File:HS-PPD_(8876680741).jpg,C:\Documents\Projects\pharmavision\data\raw\balanced_authentic\BA_001493.jpg,693,propylene glycol,,1280
Press Information Department,0.3880821168422699,BA_001513,File:Health Minister Zahid Maleque administering Vitamin A Plus capsule to child during campaign Dhaka Shishu Hospital 2019-06-22 (PID-0038147).jpg,pending_review,,264500,JPEG,0.03169996663928032,814,Public domain,18,814,0.0,https://commons.wikimedia.org/wiki/File:Health_Minister_Zahid_Maleque_administering_Vitamin_A_Plus_capsule_to_child_during_campaign_Dhaka_Shishu_Hospital_2019-06-22_(PID-0038147).jpg,C:\Documents\Projects\pharmavision\data\raw\balanced_authentic\BA_001513.jpg,2533,vitamin A capsules,,1280
Press Information Department,0.4569942057132721,BA_001514,"File:Health and Family Welfare Minister Zahid Maleque receiving Remdesivir, 2020-05-21 (PID-0033428).jpg",pending_review,,239048,JPEG,0.039164744317531586,740,Public domain,18,740,0.0132598876953125,"https://commons.wikimedia.org/wiki/File:Health_and_Family_Welfare_Minister_Zahid_Maleque_receiving_Remdesivir,_2020-05-21_(PID-0033428).jpg",C:\Documents\Projects\pharmavision\data\raw\balanced_authentic\BA_001514.jpg,2728,remdesivir,,1280
CDC,0.6703853011131287,BA_001523,File:Hepatitis-B virions.jpg,pending_review,,73076,JPEG,0.0598675012588501,458,Public domain,18,458,0.017852783203125,https://commons.wikimedia.org/wiki/File:Hepatitis-B_virions.jpg,C:\Documents\Projects\pharmavision\data\raw\balanced_authentic\BA_001523.jpg,31,hepatitis B vaccine,,700
owid,0.9715686440467834,BA_001524,File:Hepb3-of-one-year-old-children.png,exclude,A_NOT_PHOTOGRAPH,267576,PNG,0.01885334402322769,904,CC BY 4.0,,904,0.872772216796875,https://commons.wikimedia.org/wiki/File:Hepb3-of-one-year-old-children.png,C:\Documents\Projects\pharmavision\data\raw\balanced_authentic\BA_001524.jpg,484,hepatitis B vaccine,"grad 0.0189, white 0.87, colours 484",1280
Matthew T Rader,0.19828112423419952,BA_001526,File:Heroin paraphernalia.jpg,exclude,A_ACQUISITION_OUT_OF_BAND,275030,JPEG,0.02273602783679962,914,CC BY-SA 4.0,,914,0.0,https://commons.wikimedia.org/wiki/File:Heroin_paraphernalia.jpg,C:\Documents\Projects\pharmavision\data\raw\balanced_authentic\BA_001526.jpg,914,drug packaging box,"brightness 0.198 outside the counterfeit support [0.341, 0.714]",1280
"Keystone Laboratories, Inc",0.8827340602874756,BA_001530,File:Hi-Hat Jockey Club Face Powder - DPLA - ea64e7f95c7e917f7571bfd6a315cca3 (page 1).jpg,exclude,A_ACQUISITION_OUT_OF_BAND,83844,JPEG,0.0068331086076796055,916,Public domain,,916,0.0,https://commons.wikimedia.org/wiki/File:Hi-Hat_Jockey_Club_Face_Powder_-_DPLA_-_ea64e7f95c7e917f7571bfd6a315cca3_(page_1).jpg,C:\Documents\Projects\pharmavision\data\raw\balanced_authentic\BA_001530.jpg,1082,medicine box package,"brightness 0.883 outside the counterfeit support [0.341, 0.714]",1280
"Keystone Laboratories, Inc",0.8787238001823425,BA_001531,File:Hi-Hat Jockey Club Face Powder - DPLA - ea64e7f95c7e917f7571bfd6a315cca3 (page 2).jpg,exclude,A_ACQUISITION_OUT_OF_BAND,80289,JPEG,0.005919158458709717,916,Public domain,,916,0.0003204345703125,https://commons.wikimedia.org/wiki/File:Hi-Hat_Jockey_Club_Face_Powder_-_DPLA_-_ea64e7f95c7e917f7571bfd6a315cca3_(page_2).jpg,C:\Documents\Projects\pharmavision\data\raw\balanced_authentic\BA_001531.jpg,795,medicine box package,"brightness 0.879 outside the counterfeit support [0.341, 0.714]",1280
"Keystone Laboratories, Inc",0.8724925518035889,BA_001532,File:Hi-Hat Jockey Club Face Powder - DPLA - ea64e7f95c7e917f7571bfd6a315cca3 (page 3).jpg,exclude,A_ACQUISITION_OUT_OF_BAND,68179,JPEG,0.0037254600320011377,916,Public domain,,916,0.0,https://commons.wikimedia.org/wiki/File:Hi-Hat_Jockey_Club_Face_Powder_-_DPLA_-_ea64e7f95c7e917f7571bfd6a315cca3_(page_3).jpg,C:\Documents\Projects\pharmavision\data\raw\balanced_authentic\BA_001532.jpg,555,medicine box package,"brightness 0.872 outside the counterfeit support [0.341, 0.714]",1280
Whispyhistory,0.5316367745399475,BA_001533,File:Hib for infanrix hexa.jpg,pending_review,,484621,JPEG,0.04325110465288162,1280,CC BY-SA 4.0,18,1087,0.0,https://commons.wikimedia.org/wiki/File:Hib_for_infanrix_hexa.jpg,C:\Documents\Projects\pharmavision\data\raw\balanced_authentic\BA_001533.jpg,1407,hepatitis B vaccine,,1087
Pfeiffer Chemical Company,0.8953211903572083,BA_001540,"File:Hobson's Tolu Balsam with Lobelia, Tartar Emetic and Chloroform - DPLA - ac4fe19167e97b5e97ddd51d06c9f2e6.jpg",exclude,A_NOT_PHOTOGRAPH,171225,JPEG,0.011840447783470154,1553,CC BY 4.0,,1280,0.3431854248046875,"https://commons.wikimedia.org/wiki/File:Hobson%27s_Tolu_Balsam_with_Lobelia,_Tartar_Emetic_and_Chloroform_-_DPLA_-_ac4fe19167e97b5e97ddd51d06c9f2e6.jpg",C:\Documents\Projects\pharmavision\data\raw\balanced_authentic\BA_001540.jpg,334,medicine box package,"grad 0.0118, white 0.34, colours 334",1280
,0.33518847823143005,BA_001558,"File:Hypodermic syringe set, for quinine injection, with Record s Wellcome L0057253.jpg",exclude,A_ACQUISITION_OUT_OF_BAND,340464,JPEG,0.022886700928211212,1842,CC BY 4.0,,1280,0.03369140625,"https://commons.wikimedia.org/wiki/File:Hypodermic_syringe_set,_for_quinine_injection,_with_Record_s_Wellcome_L0057253.jpg",C:\Documents\Projects\pharmavision\data\raw\balanced_authentic\BA_001558.jpg,688,quinine sulfate,"brightness 0.335 outside the counterfeit support [0.341, 0.714]",1280
,0.4528719484806061,BA_001559,"File:Hypodermic syringe set, for quinine injection, with Record s Wellcome L0057254.jpg",pending_review,,211401,JPEG,0.018147768452763557,852,CC BY 4.0,18,852,6.103515625e-05,"https://commons.wikimedia.org/wiki/File:Hypodermic_syringe_set,_for_quinine_injection,_with_Record_s_Wellcome_L0057254.jpg",C:\Documents\Projects\pharmavision\data\raw\balanced_authentic\BA_001559.jpg,213,quinine sulfate,,1280
Omondi,0.7231828570365906,BA_001615,File:ICVP-CIVP.jpg,exclude,A_ACQUISITION_OUT_OF_BAND,212428,JPEG,0.02359330840408802,752,CC BY-SA 4.0,,752,0.0,https://commons.wikimedia.org/wiki/File:ICVP-CIVP.jpg,C:\Documents\Projects\pharmavision\data\raw\balanced_authentic\BA_001615.jpg,367,yellow fever vaccine,"brightness 0.723 outside the counterfeit support [0.341, 0.714]",1015
Rmosler2100,0.4324754774570465,BA_001616,File:IMAG0466.jpg,pending_review,,319785,JPEG,0.017391128465533257,1379,CC BY-SA 3.0,16,1280,4.57763671875e-05,https://commons.wikimedia.org/wiki/File:IMAG0466.jpg,C:\Documents\Projects\pharmavision\data\raw\balanced_authentic\BA_001616.jpg,1285,propofol Diprivan,,1280
Cindy Shebley,0.8910641074180603,BA_001625,File:Ibrutinib.jpg,exclude,A_NOT_PHOTOGRAPH,136858,JPEG,0.014921825379133224,952,CC BY 2.0,,952,0.36334228515625,https://commons.wikimedia.org/wiki/File:Ibrutinib.jpg,C:\Documents\Projects\pharmavision\data\raw\balanced_authentic\BA_001625.jpg,785,pharmaceutical packaging photograph,"grad 0.0149, white 0.36, colours 785",1280
Retired electrician,0.749324381351471,BA_001626,"File:Ibuprofen made in DE for the RU market in UA colours, May 2026 04.jpg",exclude,A_ACQUISITION_OUT_OF_BAND,202354,JPEG,0.0198042131960392,853,CC0,,853,0.016937255859375,"https://commons.wikimedia.org/wiki/File:Ibuprofen_made_in_DE_for_the_RU_market_in_UA_colours,_May_2026_04.jpg",C:\Documents\Projects\pharmavision\data\raw\balanced_authentic\BA_001626.jpg,1865,pharmaceutical packaging photograph,"brightness 0.749 outside the counterfeit support [0.341, 0.714]",1280
İmmortalance,0.4356764554977417,BA_001639,File:Ilaç dolu sepet.jpg,pending_review,,1593765,JPEG,0.027317669242620468,2276,CC0,20,1280,0.0,https://commons.wikimedia.org/wiki/File:Ila%C3%A7_dolu_sepet.jpg,C:\Documents\Projects\pharmavision\data\raw\balanced_authentic\BA_001639.jpg,2093,pharmaceutical packaging photograph,,1280
Our World in Data,0.917529284954071,BA_001643,File:Immunization-hepb3-of-one-year-old-children.png,exclude,A_NOT_PHOTOGRAPH,330422,PNG,0.019222434610128403,904,CC BY 4.0,,904,0.74688720703125,https://commons.wikimedia.org/wiki/File:Immunization-hepb3-of-one-year-old-children.png,C:\Documents\Projects\pharmavision\data\raw\balanced_authentic\BA_001643.jpg,631,hepatitis B vaccine,"grad 0.0192, white 0.75, colours 631",1280
"Nicola J. Nasser, Miguel Gorenberg, Abed Agbarya 3ORCID",0.8620006442070007,BA_001647,File:Immunotherapy + Durvalumab + Pembrolizumab + Ipilimumab + Atezolizumab mechanism of action.jpg,exclude,A_NOT_PHOTOGRAPH,110419,JPEG,0.018728043884038925,710,CC BY-SA 4.0,,710,0.6783599853515625,https://commons.wikimedia.org/wiki/File:Immunotherapy_%2B_Durvalumab_%2B_Pembrolizumab_%2B_Ipilimumab_%2B_Atezolizumab_mechanism_of_action.jpg,C:\Documents\Projects\pharmavision\data\raw\balanced_authentic\BA_001647.jpg,1656,durvalumab,"grad 0.0187, white 0.68, colours 1656",1280
Whispyhistory,0.5636913776397705,BA_001665,File:Infanrix hexa vaccine.jpg,pending_review,,634698,JPEG,0.0257362462580204,2236,CC BY-SA 4.0,18,1280,0.0,https://commons.wikimedia.org/wiki/File:Infanrix_hexa_vaccine.jpg,C:\Documents\Projects\pharmavision\data\raw\balanced_authentic\BA_001665.jpg,1019,hepatitis B vaccine,,1280
Julieth Méndez/Presidencia de la República de Costa Rica,0.4589862823486328,BA_001676,File:Inicio de la vacunación contra la COVID-19 en Costa Rica usando la dosis de AstraZeneca 02.jpg,pending_review,,117378,JPEG,0.01591487228870392,853,CC BY-SA 4.0,16,853,0.0,https://commons.wikimedia.org/wiki/File:Inicio_de_la_vacunaci%C3%B3n_contra_la_COVID-19_en_Costa_Rica_usando_la_dosis_de_AstraZeneca_02.jpg,C:\Documents\Projects\pharmavision\data\raw\balanced_authentic\BA_001676.jpg,1795,Covishield,,1280
Julieth Méndez/Presidencia de la República de Costa Rica,0.47730037569999695,BA_001677,File:Inicio de la vacunación contra la COVID-19 en Costa Rica usando la dosis de AstraZeneca 03.jpg,pending_review,,224056,JPEG,0.01585039496421814,1920,CC BY-SA 4.0,20,1280,0.0,https://commons.wikimedia.org/wiki/File:Inicio_de_la_vacunaci%C3%B3n_contra_la_COVID-19_en_Costa_Rica_usando_la_dosis_de_AstraZeneca_03.jpg,C:\Documents\Projects\pharmavision\data\raw\balanced_authentic\BA_001677.jpg,1948,Covishield,,1280
Julieth Méndez/Presidencia de la República de Costa Rica,0.560590922832489,BA_001678,File:Inicio de la vacunación contra la COVID-19 en Costa Rica usando la dosis de AstraZeneca 04.jpg,pending_review,,235089,JPEG,0.016232239082455635,1920,CC BY-SA 4.0,18,1280,0.0,https://commons.wikimedia.org/wiki/File:Inicio_de_la_vacunaci%C3%B3n_contra_la_COVID-19_en_Costa_Rica_usando_la_dosis_de_AstraZeneca_04.jpg,C:\Documents\Projects\pharmavision\data\raw\balanced_authentic\BA_001678.jpg,1982,Covishield,,1280
Julieth Méndez/Presidencia de la República de Costa Rica,0.6537118554115295,BA_001679,File:Inicio de la vacunación contra la COVID-19 en Costa Rica usando la dosis de AstraZeneca 05.jpg,pending_review,,231920,JPEG,0.012186088599264622,1920,CC BY-SA 4.0,18,1280,0.0,https://commons.wikimedia.org/wiki/File:Inicio_de_la_vacunaci%C3%B3n_contra_la_COVID-19_en_Costa_Rica_usando_la_dosis_de_AstraZeneca_05.jpg,C:\Documents\Projects\pharmavision\data\raw\balanced_authentic\BA_001679.jpg,1752,Covishield,,1280
Dutch86,0.5362942814826965,BA_001683,File:Integrated PV rooftop Alphen aan den Rijn Netherlands.jpg,pending_review,,344522,JPEG,0.04560355097055435,720,CC BY-SA 4.0,18,720,0.0005950927734375,https://commons.wikimedia.org/wiki/File:Integrated_PV_rooftop_Alphen_aan_den_Rijn_Netherlands.jpg,C:\Documents\Projects\pharmavision\data\raw\balanced_authentic\BA_001683.jpg,2631,penicillin V,,1280
,0.39126551151275635,BA_001686,"File:Interior of quinine extraction factory, Mangpoo. Wellcome M0001619.jpg",pending_review,,352709,JPEG,0.04264312610030174,931,CC BY 4.0,18,931,0.034912109375,"https://commons.wikimedia.org/wiki/File:Interior_of_quinine_extraction_factory,_Mangpoo._Wellcome_M0001619.jpg",C:\Documents\Projects\pharmavision\data\raw\balanced_authentic\BA_001686.jpg,32,quinine sulfate,,1280
Nederlandse Leeuw,0.6167241334915161,BA_001689,File:International Certificate of Vaccination or Prophylaxis (Netherlands) - proof of vaccination against COVID-19.png,pending_review,,1055001,PNG,0.0076749930158257484,898,CC BY-SA 4.0,18,898,0.0,https://commons.wikimedia.org/wiki/File:International_Certificate_of_Vaccination_or_Prophylaxis_(Netherlands)_-_proof_of_vaccination_against_COVID-19.png,C:\Documents\Projects\pharmavision\data\raw\balanced_authentic\BA_001689.jpg,312,Comirnaty,,1280
Smiley.toerist,0.9610552787780762,BA_001690,"File:International vaccination certificate for Yellow fever, NL 2007.jpg",exclude,A_NOT_PHOTOGRAPH,40470,JPEG,0.017414886504411697,713,CC BY-SA 4.0,,500,0.8201751708984375,"https://commons.wikimedia.org/wiki/File:International_vaccination_certificate_for_Yellow_fever,_NL_2007.jpg",C:\Documents\Projects\pharmavision\data\raw\balanced_authentic\BA_001690.jpg,188,yellow fever vaccine,"grad 0.0174, white 0.82, colours 188",500
User:Nthep,0.41464459896087646,BA_001704,File:Ipswich trolleybus PV 8270 at East Anglia Transport Musuem.jpg,pending_review,,352331,JPEG,0.04494693875312805,853,CC BY-SA 4.0,18,853,0.040863037109375,https://commons.wikimedia.org/wiki/File:Ipswich_trolleybus_PV_8270_at_East_Anglia_Transport_Musuem.jpg,C:\Documents\Projects\pharmavision\data\raw\balanced_authentic\BA_001704.jpg,2424,penicillin V,,1280
Pavel Dušek,0.7611083388328552,BA_001708,File:Isolyte 500 ml.jpg,exclude,A_ACQUISITION_OUT_OF_BAND,470992,JPEG,0.016676589846611023,2138,CC BY-SA 4.0,,1280,0.0009918212890625,https://commons.wikimedia.org/wiki/File:Isolyte_500_ml.jpg,C:\Documents\Projects\pharmavision\data\raw\balanced_authentic\BA_001708.jpg,672,pharmaceutical packaging photograph,"brightness 0.761 outside the counterfeit support [0.341, 0.714]",1280
Tni fans111,0.576225221157074,BA_001719,File:JA Connexion PPD 529.jpg,pending_review,,318882,JPEG,0.03218609839677811,853,CC BY-SA 4.0,16,853,6.103515625e-05,https://commons.wikimedia.org/wiki/File:JA_Connexion_PPD_529.jpg,C:\Documents\Projects\pharmavision\data\raw\balanced_authentic\BA_001719.jpg,2239,propylene glycol,,1280
海上自衛隊,0.5859046578407288,BA_001723,File:JS Shirataka (PG-829) 01.jpg,pending_review,,231549,JPEG,0.01997026428580284,851,CC BY 4.0,18,851,0.0383453369140625,https://commons.wikimedia.org/wiki/File:JS_Shirataka_(PG-829)_01.jpg,C:\Documents\Projects\pharmavision\data\raw\balanced_authentic\BA_001723.jpg,449,propylene glycol,,1280
"Fabio Venni from London, UK; modified by anetode",0.25521087646484375,BA_001728,"File:Jack & Meg, The White Stripes (Meg crop).jpg",exclude,A_ACQUISITION_OUT_OF_BAND,320198,JPEG,0.02383321151137352,1747,CC BY-SA 2.0,,1280,4.57763671875e-05,"https://commons.wikimedia.org/wiki/File:Jack_%26_Meg,_The_White_Stripes_(Meg_crop).jpg",C:\Documents\Projects\pharmavision\data\raw\balanced_authentic\BA_001728.jpg,2011,propylene glycol,"brightness 0.255 outside the counterfeit support [0.341, 0.714]",1280
Kimivanil,0.5739219784736633,BA_001731,File:Januvia sitagliptin.jpg,pending_review,,180919,JPEG,0.020799484103918076,804,CC BY-SA 4.0,16,804,0.000701904296875,https://commons.wikimedia.org/wiki/File:Januvia_sitagliptin.jpg,C:\Documents\Projects\pharmavision\data\raw\balanced_authentic\BA_001731.jpg,933,drug packaging box,,1280
Japanexperterna.se from Japan,0.557435929775238,BA_001734,"File:Japanese female scientist wearing plastic gloves holding syringe and vial, researching a coronavirus vaccine (50739007612).jpg",pending_review,,96587,JPEG,0.01417507790029049,853,CC BY 2.0,18,853,0.0,"https://commons.wikimedia.org/wiki/File:Japanese_female_scientist_wearing_plastic_gloves_holding_syringe_and_vial,_researching_a_coronavirus_vaccine_(50739007612).jpg",C:\Documents\Projects\pharmavision\data\raw\balanced_authentic\BA_001734.jpg,1146,COVID-19 vaccine vial,,1280
Grendelkhan,0.5595393776893616,BA_001738,"File:Jardiance 10mg box, angle view.jpg",pending_review,,298418,JPEG,0.018352817744016647,1707,CC BY-SA 4.0,18,1280,0.0,"https://commons.wikimedia.org/wiki/File:Jardiance_10mg_box,_angle_view.jpg",C:\Documents\Projects\pharmavision\data\raw\balanced_authentic\BA_001738.jpg,477,pharmaceutical packaging photograph,,1280
Grendelkhan,0.6368910670280457,BA_001739,"File:Jardiance 10mg box, front view.jpg",pending_review,,287914,JPEG,0.022140763700008392,1707,CC BY-SA 4.0,16,1280,0.0034332275390625,"https://commons.wikimedia.org/wiki/File:Jardiance_10mg_box,_front_view.jpg",C:\Documents\Projects\pharmavision\data\raw\balanced_authentic\BA_001739.jpg,599,pharmaceutical packaging photograph,,1280
"CEphoto, Uwe Aranas",0.6255980730056763,BA_001741,File:Jext300-Autoinjektor+Box.jpg,pending_review,,172184,JPEG,0.020807620137929916,853,CC BY-SA 3.0,12,853,0.0,https://commons.wikimedia.org/wiki/File:Jext300-Autoinjektor%2BBox.jpg,C:\Documents\Projects\pharmavision\data\raw\balanced_authentic\BA_001741.jpg,1115,drug packaging box,,1280
Internet Archive Book Images,0.5746840834617615,BA_001749,"File:Journal of ophthalmology, otology and laryngology (1913) (14765663901).jpg",pending_review,,288695,JPEG,0.013195286504924297,1451,No restrictions,16,1280,0.0,"https://commons.wikimedia.org/wiki/File:Journal_of_ophthalmology,_otology_and_laryngology_(1913)_(14765663901).jpg",C:\Documents\Projects\pharmavision\data\raw\balanced_authentic\BA_001749.jpg,153,meningitis vaccine,,1280
Pavel Dušek,0.6774778366088867,BA_001779,File:Keppra 100 mg-ml.jpg,pending_review,,382234,JPEG,0.024104110896587372,1434,CC BY-SA 4.0,16,1280,0.0,https://commons.wikimedia.org/wiki/File:Keppra_100_mg-ml.jpg,C:\Documents\Projects\pharmavision\data\raw\balanced_authentic\BA_001779.jpg,1236,pharmaceutical packaging photograph,,1280
Pavel Dušek,0.7533090710639954,BA_001780,File:Keppra 500 mg tbl.jpg,exclude,A_ACQUISITION_OUT_OF_BAND,211715,JPEG,0.01471296139061451,1246,CC BY-SA 4.0,,1246,0.0,https://commons.wikimedia.org/wiki/File:Keppra_500_mg_tbl.jpg,C:\Documents\Projects\pharmavision\data\raw\balanced_authentic\BA_001780.jpg,939,pharmaceutical packaging photograph,"brightness 0.753 outside the counterfeit support [0.341, 0.714]",1280
Opanas Slastion,0.6129819750785828,BA_001798,File:Kravchenko 1903.jpg,pending_review,,612671,JPEG,0.03728218376636505,1904,Public domain,16,1280,0.0,https://commons.wikimedia.org/wiki/File:Kravchenko_1903.jpg,C:\Documents\Projects\pharmavision\data\raw\balanced_authentic\BA_001798.jpg,169,oxymorphone,,1280
,0.4926004409790039,BA_001803,File:LABEL; Orange Quinine Wine. Prepared accord Wellcome L0031626.jpg,pending_review,,868998,JPEG,0.054225631058216095,1635,CC BY 4.0,14,1280,0.0,https://commons.wikimedia.org/wiki/File:LABEL;_Orange_Quinine_Wine._Prepared_accord_Wellcome_L0031626.jpg,C:\Documents\Projects\pharmavision\data\raw\balanced_authentic\BA_001803.jpg,629,quinine sulfate,,1280
The U.S. Food and Drug Administration,0.5854262709617615,BA_001808,File:LOVION Chocolate with Ginseng Carton back (55077022979).jpg,pending_review,,1159102,JPEG,0.0375782735645771,3640,Public domain,16,1280,0.0,https://commons.wikimedia.org/wiki/File:LOVION_Chocolate_with_Ginseng_Carton_back_(55077022979).jpg,C:\Documents\Projects\pharmavision\data\raw\balanced_authentic\BA_001808.jpg,964,medication carton,,1280
The U.S. Food and Drug Administration,0.5791870951652527,BA_001809,File:LOVION Chocolate with Ginseng Carton front (55077023024).jpg,pending_review,,435082,JPEG,0.017603926360607147,1707,Public domain,18,1280,0.0,https://commons.wikimedia.org/wiki/File:LOVION_Chocolate_with_Ginseng_Carton_front_(55077023024).jpg,C:\Documents\Projects\pharmavision\data\raw\balanced_authentic\BA_001809.jpg,1225,medication carton,,1280
National Museum of the U.S. Navy,0.33959516882896423,BA_001813,"File:Laboratory chemist tests purity of gelatin used for such vitamin capsules, WWII (22573376628).jpg",exclude,A_ACQUISITION_OUT_OF_BAND,269942,JPEG,0.028851713985204697,952,Public domain,,952,0.0,"https://commons.wikimedia.org/wiki/File:Laboratory_chemist_tests_purity_of_gelatin_used_for_such_vitamin_capsules,_WWII_(22573376628).jpg",C:\Documents\Projects\pharmavision\data\raw\balanced_authentic\BA_001813.jpg,248,vitamin A capsules,"brightness 0.340 outside the counterfeit support [0.341, 0.714]",1280
LHcheM,0.5091295838356018,BA_001831,"File:Layers of glycerine, propylene glycol, ethylene glycol and water.jpg",pending_review,,330565,JPEG,0.01721329055726528,1929,CC BY-SA 3.0,18,1280,0.00067138671875,"https://commons.wikimedia.org/wiki/File:Layers_of_glycerine,_propylene_glycol,_ethylene_glycol_and_water.jpg",C:\Documents\Projects\pharmavision\data\raw\balanced_authentic\BA_001831.jpg,727,propylene glycol,,1280
No machine-readable author provided. Ctavano assumed (based on copyright claims).,0.5902350544929504,BA_001855,File:Lexotan.jpg,pending_review,,212044,JPEG,0.025729287415742874,924,Public domain,16,924,0.00030517578125,https://commons.wikimedia.org/wiki/File:Lexotan.jpg,C:\Documents\Projects\pharmavision\data\raw\balanced_authentic\BA_001855.jpg,1289,drug packaging box,,1280
Colin,0.6455366015434265,BA_001859,File:Liquigen.jpg,pending_review,,308852,JPEG,0.014897767454385757,1920,Public domain,12,1280,0.0,https://commons.wikimedia.org/wiki/File:Liquigen.jpg,C:\Documents\Projects\pharmavision\data\raw\balanced_authentic\BA_001859.jpg,546,pharmaceutical packaging photograph,,1280
"Bureau of Aeronautics, U.S. Navy",0.9631280899047852,BA_001865,File:Lockheed PV-1 Ventura BuAer 3 side view.jpg,exclude,A_NOT_PHOTOGRAPH,167976,JPEG,0.026124747470021248,1730,Public domain,,1280,0.8291168212890625,https://commons.wikimedia.org/wiki/File:Lockheed_PV-1_Ventura_BuAer_3_side_view.jpg,C:\Documents\Projects\pharmavision\data\raw\balanced_authentic\BA_001865.jpg,31,penicillin V,"grad 0.0261, white 0.83, colours 31",1280
,0.5999732613563538,BA_001866,"File:Lockheed PV-1 Ventura in flight, circa in late 1943 (NH 94917).jpg",pending_review,,202722,JPEG,0.028481952846050262,954,Public domain,18,954,0.0,"https://commons.wikimedia.org/wiki/File:Lockheed_PV-1_Ventura_in_flight,_circa_in_late_1943_(NH_94917).jpg",C:\Documents\Projects\pharmavision\data\raw\balanced_authentic\BA_001866.jpg,29,penicillin V,,1280
USN,0.953728199005127,BA_001868,File:Lockheed PV-2 Harpoon 3 view drawing.jpg,exclude,A_NOT_PHOTOGRAPH,89964,JPEG,0.02856266126036644,802,Public domain,,802,0.830963134765625,https://commons.wikimedia.org/wiki/File:Lockheed_PV-2_Harpoon_3_view_drawing.jpg,C:\Documents\Projects\pharmavision\data\raw\balanced_authentic\BA_001868.jpg,29,penicillin V,"grad 0.0286, white 0.83, colours 29",1280
USN,0.8055462837219238,BA_001869,File:Lockheed PV-2 Harpoon in flight c1944.jpg,exclude,A_ACQUISITION_OUT_OF_BAND,73674,JPEG,0.008705876767635345,955,Public domain,,955,0.0368194580078125,https://commons.wikimedia.org/wiki/File:Lockheed_PV-2_Harpoon_in_flight_c1944.jpg,C:\Documents\Projects\pharmavision\data\raw\balanced_authentic\BA_001869.jpg,30,penicillin V,"brightness 0.806 outside the counterfeit support [0.341, 0.714]",1280
victoryvalley,0.4906802177429199,BA_001873,File:Lok 19 PV Villablino.jpg,pending_review,,420698,JPEG,0.06266240030527115,950,Public domain,16,950,0.0853271484375,https://commons.wikimedia.org/wiki/File:Lok_19_PV_Villablino.jpg,C:\Documents\Projects\pharmavision\data\raw\balanced_authentic\BA_001873.jpg,2774,penicillin V,,1280
victoryvalley,0.5168218016624451,BA_001874,File:Lok 19 PV rangiert IMG 0706.jpg,pending_review,,369982,JPEG,0.05458968132734299,870,CC0,14,870,0.0004730224609375,https://commons.wikimedia.org/wiki/File:Lok_19_PV_rangiert_IMG_0706.jpg,C:\Documents\Projects\pharmavision\data\raw\balanced_authentic\BA_001874.jpg,2269,penicillin V,,1280
Biochemistry&amp;Love,0.5165830254554749,BA_001892,File:Loxapine.jpg,pending_review,,267473,JPEG,0.020108012482523918,1707,CC BY-SA 4.0,20,1280,0.0,https://commons.wikimedia.org/wiki/File:Loxapine.jpg,C:\Documents\Projects\pharmavision\data\raw\balanced_authentic\BA_001892.jpg,1153,pharmaceutical packaging photograph,,1280
Fenerli1978,0.4832589626312256,BA_001940,File:Maaloxx New package.JPG,pending_review,,513779,JPEG,0.015417508780956268,2276,CC BY-SA 4.0,18,1280,0.0,https://commons.wikimedia.org/wiki/File:Maaloxx_New_package.JPG,C:\Documents\Projects\pharmavision\data\raw\balanced_authentic\BA_001940.jpg,1266,pharmaceutical packaging photograph,,1280
Fenerli1978,0.37158870697021484,BA_001941,File:Maaloxx Old Package.JPG,pending_review,,564318,JPEG,0.0158529169857502,2276,CC BY-SA 4.0,12,1280,0.0,https://commons.wikimedia.org/wiki/File:Maaloxx_Old_Package.JPG,C:\Documents\Projects\pharmavision\data\raw\balanced_authentic\BA_001941.jpg,1058,pharmaceutical packaging photograph,,1280
"Julien Harneis from Sana'a, Yemen",0.19184698164463043,BA_002011,File:Medicines for nutrition (13920566665).jpg,exclude,A_ACQUISITION_OUT_OF_BAND,80616,JPEG,0.01097315363585949,855,CC BY-SA 2.0,,855,0.0,https://commons.wikimedia.org/wiki/File:Medicines_for_nutrition_(13920566665).jpg,C:\Documents\Projects\pharmavision\data\raw\balanced_authentic\BA_002011.jpg,1153,pharmaceutical packaging photograph,"brightness 0.192 outside the counterfeit support [0.341, 0.714]",1280
Sarah Stierch,0.24205859005451202,BA_002021,File:Meg Bellinger of Yale A - Stierch.jpg,exclude,A_ACQUISITION_OUT_OF_BAND,418768,JPEG,0.023478470742702484,1707,CC BY 4.0,,1280,0.0,https://commons.wikimedia.org/wiki/File:Meg_Bellinger_of_Yale_A_-_Stierch.jpg,C:\Documents\Projects\pharmavision\data\raw\balanced_authentic\BA_002021.jpg,1747,propylene glycol,"brightness 0.242 outside the counterfeit support [0.341, 0.714]",1280
Matty,0.4634035527706146,BA_002023,File:Meg Donnelly in 2018.jpg,pending_review,,114097,JPEG,0.023160383105278015,883,CC0,16,704,0.0006256103515625,https://commons.wikimedia.org/wiki/File:Meg_Donnelly_in_2018.jpg,C:\Documents\Projects\pharmavision\data\raw\balanced_authentic\BA_002023.jpg,868,propylene glycol,,704
Hoxon Councillors,0.38541924953460693,BA_002026,File:Meg Hillier.jpg,pending_review,,291828,JPEG,0.033607546240091324,1024,CC BY 2.0,14,768,0.008209228515625,https://commons.wikimedia.org/wiki/File:Meg_Hillier.jpg,C:\Documents\Projects\pharmavision\data\raw\balanced_authentic\BA_002026.jpg,1438,propylene glycol,,768
300 Entertainment,0.11158790439367294,BA_002027,File:Meg Mac.png,exclude,A_ACQUISITION_OUT_OF_BAND,2138075,PNG,0.005283605307340622,1707,CC BY-SA 3.0,,1280,0.0,https://commons.wikimedia.org/wiki/File:Meg_Mac.png,C:\Documents\Projects\pharmavision\data\raw\balanced_authentic\BA_002027.jpg,261,propylene glycol,"brightness 0.112 outside the counterfeit support [0.341, 0.714]",1280
Rhododendrites,0.4777407646179199,BA_002028,File:Meg Medina (11591).jpg,pending_review,,193438,JPEG,0.018338650465011597,945,CC BY-SA 4.0,16,945,0.0,https://commons.wikimedia.org/wiki/File:Meg_Medina_(11591).jpg,C:\Documents\Projects\pharmavision\data\raw\balanced_authentic\BA_002028.jpg,2749,propylene glycol,,1280
Danielle2093,0.4633147716522217,BA_002029,File:Meg Meyers - 15318857471.jpg,pending_review,,297081,JPEG,0.041249148547649384,960,CC BY 2.0,18,960,0.06475830078125,https://commons.wikimedia.org/wiki/File:Meg_Meyers_-_15318857471.jpg,C:\Documents\Projects\pharmavision\data\raw\balanced_authentic\BA_002029.jpg,3486,propylene glycol,,1280
Danielle2093,0.47775450348854065,BA_002030,File:Meg Meyers.jpg,pending_review,,297740,JPEG,0.042075157165527344,960,CC BY 2.0,18,960,0.052886962890625,https://commons.wikimedia.org/wiki/File:Meg_Meyers.jpg,C:\Documents\Projects\pharmavision\data\raw\balanced_authentic\BA_002030.jpg,3288,propylene glycol,,1280
Unodotter,0.5190269947052002,BA_002033,File:Meg Rosoff.jpg,pending_review,,259768,JPEG,0.01905745454132557,1190,CC BY-SA 4.0,16,1190,0.0010223388671875,https://commons.wikimedia.org/wiki/File:Meg_Rosoff.jpg,C:\Documents\Projects\pharmavision\data\raw\balanced_authentic\BA_002033.jpg,3540,propylene glycol,,1280
Megthalken,0.5228981971740723,BA_002034,File:Meg Thalken.jpg,pending_review,,295180,JPEG,0.011726349592208862,1920,CC BY-SA 4.0,14,1280,0.000518798828125,https://commons.wikimedia.org/wiki/File:Meg_Thalken.jpg,C:\Documents\Projects\pharmavision\data\raw\balanced_authentic\BA_002034.jpg,717,propylene glycol,,1280
Atelier Reutlinger,0.7348154187202454,BA_002035,"File:Meg Villars, btv1b8596902k-p011, 1.jpg",exclude,A_ACQUISITION_OUT_OF_BAND,281629,JPEG,0.01616040989756584,1808,Public domain,,1280,0.0,"https://commons.wikimedia.org/wiki/File:Meg_Villars,_btv1b8596902k-p011,_1.jpg",C:\Documents\Projects\pharmavision\data\raw\balanced_authentic\BA_002035.jpg,164,propylene glycol,"brightness 0.735 outside the counterfeit support [0.341, 0.714]",1280
Benno Rothenberg,0.45109274983406067,BA_002049,File:Meitar Collection (997008136729205171).jpg,pending_review,,714263,JPEG,0.03291943669319153,1826,CC BY 4.0,18,1280,0.00592041015625,https://commons.wikimedia.org/wiki/File:Meitar_Collection_(997008136729205171).jpg,C:\Documents\Projects\pharmavision\data\raw\balanced_authentic\BA_002049.jpg,198,pharmaceutical packaging photograph,,1280
Benno Rothenberg,0.5201389193534851,BA_002050,File:Meitar Collection (997008136729305171).jpg,pending_review,,342035,JPEG,0.0443042628467083,889,CC BY 4.0,14,889,0.0015869140625,https://commons.wikimedia.org/wiki/File:Meitar_Collection_(997008136729305171).jpg,C:\Documents\Projects\pharmavision\data\raw\balanced_authentic\BA_002050.jpg,202,pharmaceutical packaging photograph,,1280
Marie-Lan Nguyen,0.3799399435520172,BA_002055,File:Men decathlon PV French Athletics Championships 2013 t141910a.jpg,pending_review,,285692,JPEG,0.03260485827922821,1918,CC BY-SA 3.0,18,1280,0.0002288818359375,https://commons.wikimedia.org/wiki/File:Men_decathlon_PV_French_Athletics_Championships_2013_t141910a.jpg,C:\Documents\Projects\pharmavision\data\raw\balanced_authentic\BA_002055.jpg,2312,penicillin V,,1280
Marie-Lan Nguyen,0.3937391936779022,BA_002056,File:Men decathlon PV French Athletics Championships 2013 t141910b.jpg,pending_review,,293463,JPEG,0.032958775758743286,1918,CC BY-SA 3.0,18,1280,0.0009002685546875,https://commons.wikimedia.org/wiki/File:Men_decathlon_PV_French_Athletics_Championships_2013_t141910b.jpg,C:\Documents\Projects\pharmavision\data\raw\balanced_authentic\BA_002056.jpg,2347,penicillin V,,1280
Marie-Lan Nguyen,0.4232766628265381,BA_002057,File:Men decathlon PV French Athletics Championships 2013 t141910c.jpg,pending_review,,265443,JPEG,0.028907952830195427,1918,CC BY-SA 3.0,18,1280,0.00225830078125,https://commons.wikimedia.org/wiki/File:Men_decathlon_PV_French_Athletics_Championships_2013_t141910c.jpg,C:\Documents\Projects\pharmavision\data\raw\balanced_authentic\BA_002057.jpg,1915,penicillin V,,1280
Marie-Lan Nguyen,0.43958911299705505,BA_002058,File:Men decathlon PV French Athletics Championships 2013 t141911a.jpg,pending_review,,264773,JPEG,0.029783137142658234,1918,CC BY-SA 3.0,18,1280,0.0010528564453125,https://commons.wikimedia.org/wiki/File:Men_decathlon_PV_French_Athletics_Championships_2013_t141911a.jpg,C:\Documents\Projects\pharmavision\data\raw\balanced_authentic\BA_002058.jpg,1711,penicillin V,,1280
HardyNathan,0.41626521944999695,BA_002060,File:MenB Vaccine Rollout Queue.jpg,pending_review,,506263,JPEG,0.040509387850761414,960,CC0,18,960,1.52587890625e-05,https://commons.wikimedia.org/wiki/File:MenB_Vaccine_Rollout_Queue.jpg,C:\Documents\Projects\pharmavision\data\raw\balanced_authentic\BA_002060.jpg,1644,meningococcal vaccine,,1280
Whispyhistory,0.4591158628463745,BA_002061,File:MenQuadfi box.jpg,pending_review,,732665,JPEG,0.02328966185450554,1280,CC0,16,1280,0.0006256103515625,https://commons.wikimedia.org/wiki/File:MenQuadfi_box.jpg,C:\Documents\Projects\pharmavision\data\raw\balanced_authentic\BA_002061.jpg,591,meningococcal vaccine,,1280
Whispyhistory,0.6033624410629272,BA_002062,File:MenQuadfi vial.jpg,pending_review,,928880,MPO,0.06404609233140945,2120,CC0,16,1083,0.0364532470703125,https://commons.wikimedia.org/wiki/File:MenQuadfi_vial.jpg,C:\Documents\Projects\pharmavision\data\raw\balanced_authentic\BA_002062.jpg,2714,meningococcal vaccine,,1083
Peter grotzinger,0.9638738632202148,BA_002063,File:MenW135.jpg,exclude,A_NOT_PHOTOGRAPH,91925,JPEG,0.023735102266073227,723,Public domain,,723,0.889678955078125,https://commons.wikimedia.org/wiki/File:MenW135.jpg,C:\Documents\Projects\pharmavision\data\raw\balanced_authentic\BA_002063.jpg,30,meningococcal vaccine,"grad 0.0237, white 0.89, colours 30",1280
Whispyhistory,0.4727092683315277,BA_002066,File:Meningococcal B vaccine.jpg,pending_review,,319623,JPEG,0.06557061523199081,1280,CC BY-SA 4.0,12,674,0.0005035400390625,https://commons.wikimedia.org/wiki/File:Meningococcal_B_vaccine.jpg,C:\Documents\Projects\pharmavision\data\raw\balanced_authentic\BA_002066.jpg,298,meningococcal vaccine,,674
Whispyhistory,0.745337963104248,BA_002069,File:Menitorix Hib&meningitis.jpg,exclude,A_ACQUISITION_OUT_OF_BAND,260604,JPEG,0.01832887902855873,1138,CC BY-SA 4.0,,1138,3.0517578125e-05,https://commons.wikimedia.org/wiki/File:Menitorix_Hib%26meningitis.jpg,C:\Documents\Projects\pharmavision\data\raw\balanced_authentic\BA_002069.jpg,946,meningococcal vaccine,"brightness 0.745 outside the counterfeit support [0.341, 0.714]",1280
Whispyhistory,0.5350225567817688,BA_002072,File:Menitorix.jpg,pending_review,,415231,JPEG,0.02562505006790161,978,CC BY-SA 4.0,16,978,0.0,https://commons.wikimedia.org/wiki/File:Menitorix.jpg,C:\Documents\Projects\pharmavision\data\raw\balanced_authentic\BA_002072.jpg,1472,meningococcal vaccine,,1280
"Photo Credit: James Gathany Content Providers(s): CDC/ Maryam I. Daneshvar, Ph.D. Transwiki approved by: w:en:User:Dmcdevit",0.43366554379463196,BA_002091,File:Microbiologist 01.jpg,pending_review,,289334,JPEG,0.031103312969207764,848,Public domain,16,848,0.015594482421875,https://commons.wikimedia.org/wiki/File:Microbiologist_01.jpg,C:\Documents\Projects\pharmavision\data\raw\balanced_authentic\BA_002091.jpg,1665,meningitis vaccine,,1280
Compynerd255,0.484295517206192,BA_002094,File:Midol Modern Packaging 2023.jpg,pending_review,,502689,JPEG,0.026436135172843933,1202,CC BY-SA 4.0,16,1202,4.57763671875e-05,https://commons.wikimedia.org/wiki/File:Midol_Modern_Packaging_2023.jpg,C:\Documents\Projects\pharmavision\data\raw\balanced_authentic\BA_002094.jpg,1559,drug packaging box,,1280
Richard W. Pollay,0.5563895106315613,BA_002096,File:Miles Nervine Effervescent Tablets.jpg,pending_review,,216422,JPEG,0.006452356930822134,1707,CC BY 4.0,16,1280,0.0,https://commons.wikimedia.org/wiki/File:Miles_Nervine_Effervescent_Tablets.jpg,C:\Documents\Projects\pharmavision\data\raw\balanced_authentic\BA_002096.jpg,514,drug packaging box,,1280
WassermanLab,0.9401957392692566,BA_002116,File:Model of Avastin inhibition.jpg,exclude,A_NOT_PHOTOGRAPH,295270,JPEG,0.03175390139222145,1394,CC BY-SA 4.0,,700,0.7359771728515625,https://commons.wikimedia.org/wiki/File:Model_of_Avastin_inhibition.jpg,C:\Documents\Projects\pharmavision\data\raw\balanced_authentic\BA_002116.jpg,1127,bevacizumab Avastin,"grad 0.0318, white 0.74, colours 1127",700
Navy Medicine,0.43982329964637756,BA_002119,File:Moderna COVID-19 vaccine (2020) B.jpg,pending_review,,414056,JPEG,0.04383421689271927,1121,Public domain,16,1121,0.0165557861328125,https://commons.wikimedia.org/wiki/File:Moderna_COVID-19_vaccine_(2020)_B.jpg,C:\Documents\Projects\pharmavision\data\raw\balanced_authentic\BA_002119.jpg,1756,COVID-19 vaccine vial,,1280
"Commander, U.S. Naval Forces Europe-Africa/U.S. 6th Fleet",0.39189133048057556,BA_002120,File:Moderna COVID-19 vaccine (2021) (cropped).jpg,pending_review,,165092,JPEG,0.014769980683922768,1536,Public domain,18,1280,0.0,https://commons.wikimedia.org/wiki/File:Moderna_COVID-19_vaccine_(2021)_(cropped).jpg,C:\Documents\Projects\pharmavision\data\raw\balanced_authentic\BA_002120.jpg,1304,COVID-19 vaccine vial,,1280
Navy Medicine,0.4795343577861786,BA_002121,File:Moderna COVID-19 vaccine (2021) C.jpg,pending_review,,138259,JPEG,0.021202431991696358,852,Public domain,16,852,0.0654449462890625,https://commons.wikimedia.org/wiki/File:Moderna_COVID-19_vaccine_(2021)_C.jpg,C:\Documents\Projects\pharmavision\data\raw\balanced_authentic\BA_002121.jpg,2204,COVID-19 vaccine vial,,1280
Pavel Dušek,0.8150084614753723,BA_002128,File:Morphin 1% 1 ml amp.jpg,exclude,A_ACQUISITION_OUT_OF_BAND,258834,JPEG,0.02751440927386284,1062,CC BY-SA 4.0,,1062,0.0,https://commons.wikimedia.org/wiki/File:Morphin_1%25_1_ml_amp.jpg,C:\Documents\Projects\pharmavision\data\raw\balanced_authentic\BA_002128.jpg,884,pharmaceutical packaging photograph,"brightness 0.815 outside the counterfeit support [0.341, 0.714]",1280
Nataliya Shestakova,0.42037734389305115,BA_002146,File:Myrhorod Independence Str. 2 Memorial Table of Founder of Myrhorod Local History Museum - Opanas Slastion (YDS 6989).jpg,pending_review,,184118,JPEG,0.021643327549099922,721,CC BY-SA 4.0,12,721,0.0,https://commons.wikimedia.org/wiki/File:Myrhorod_Independence_Str._2_Memorial_Table_of_Founder_of_Myrhorod_Local_History_Museum_-_Opanas_Slastion_(YDS_6989).jpg,C:\Documents\Projects\pharmavision\data\raw\balanced_authentic\BA_002146.jpg,313,oxymorphone,,1280
Adoscam,0.46009787917137146,BA_002151,File:Médicament̠ coartem contre paludisme (Malaria) 01.jpg,pending_review,,460530,JPEG,0.03715948387980461,960,CC BY-SA 4.0,18,960,0.0029296875,https://commons.wikimedia.org/wiki/File:M%C3%A9dicament%CC%A0_coartem_contre_paludisme_(Malaria)_01.jpg,C:\Documents\Projects\pharmavision\data\raw\balanced_authentic\BA_002151.jpg,2132,artemether lumefantrine,,1280
Adoscam,0.5629333853721619,BA_002152,File:Médicament̠ coartem contre paludisme (Malaria) 02.jpg,pending_review,,765150,JPEG,0.05446729063987732,1707,CC BY-SA 4.0,20,1280,0.0142669677734375,https://commons.wikimedia.org/wiki/File:M%C3%A9dicament%CC%A0_coartem_contre_paludisme_(Malaria)_02.jpg,C:\Documents\Projects\pharmavision\data\raw\balanced_authentic\BA_002152.jpg,2116,artemether lumefantrine,,1280
Adoscam,0.6014744639396667,BA_002153,File:Médicament̠ coartem contre paludisme (Malaria) 03.jpg,pending_review,,735160,JPEG,0.05108976364135742,1707,CC BY-SA 4.0,18,1280,0.00445556640625,https://commons.wikimedia.org/wiki/File:M%C3%A9dicament%CC%A0_coartem_contre_paludisme_(Malaria)_03.jpg,C:\Documents\Projects\pharmavision\data\raw\balanced_authentic\BA_002153.jpg,1885,artemether lumefantrine,,1280
Adoscam,0.5987474322319031,BA_002154,File:Médicament̠ coartem contre paludisme (Malaria) 04.jpg,pending_review,,441772,JPEG,0.05428512021899223,960,CC BY-SA 4.0,18,960,0.0007476806640625,https://commons.wikimedia.org/wiki/File:M%C3%A9dicament%CC%A0_coartem_contre_paludisme_(Malaria)_04.jpg,C:\Documents\Projects\pharmavision\data\raw\balanced_authentic\BA_002154.jpg,1871,artemether lumefantrine,,1280
Adoscam,0.5737317204475403,BA_002155,File:Médicament̠ coartem contre paludisme (Malaria) 05.jpg,pending_review,,306471,JPEG,0.030700720846652985,960,CC BY-SA 4.0,14,960,0.0007476806640625,https://commons.wikimedia.org/wiki/File:M%C3%A9dicament%CC%A0_coartem_contre_paludisme_(Malaria)_05.jpg,C:\Documents\Projects\pharmavision\data\raw\balanced_authentic\BA_002155.jpg,804,artemether lumefantrine,,1280
Adoscam,0.686138927936554,BA_002156,File:Médicament̠ coartem contre paludisme (Malaria) 06.jpg,pending_review,,289036,JPEG,0.03779512643814087,928,CC BY-SA 4.0,18,928,0.0010223388671875,https://commons.wikimedia.org/wiki/File:M%C3%A9dicament%CC%A0_coartem_contre_paludisme_(Malaria)_06.jpg,C:\Documents\Projects\pharmavision\data\raw\balanced_authentic\BA_002156.jpg,858,artemether lumefantrine,,1280
Press Information Department,0.4031623601913452,BA_002176,File:National Vitamin A Plus Campaign 2020 Children's Hospital Dhaka 2020-01-11 (PID-0034826).jpg,pending_review,,289938,JPEG,0.0319565013051033,960,Public domain,16,960,0.0020904541015625,https://commons.wikimedia.org/wiki/File:National_Vitamin_A_Plus_Campaign_2020_Children%27s_Hospital_Dhaka_2020-01-11_(PID-0034826).jpg,C:\Documents\Projects\pharmavision\data\raw\balanced_authentic\BA_002176.jpg,3843,vitamin A capsules,,1280
Smiley.toerist,0.7725991606712341,BA_002179,File:Nederlands inentingsbewijs voor gele koorts.jpg,exclude,A_ACQUISITION_OUT_OF_BAND,254917,JPEG,0.018425535410642624,910,CC BY-SA 4.0,,910,0.00054931640625,https://commons.wikimedia.org/wiki/File:Nederlands_inentingsbewijs_voor_gele_koorts.jpg,C:\Documents\Projects\pharmavision\data\raw\balanced_authentic\BA_002179.jpg,603,yellow fever vaccine,"brightness 0.773 outside the counterfeit support [0.341, 0.714]",1280
NIAID,0.25890013575553894,BA_002181,File:Neisseria gonorrhoeae Bacteria (53712276600).jpg,exclude,A_ACQUISITION_OUT_OF_BAND,208583,JPEG,0.026106705889105797,995,CC BY 2.0,,995,0.0,https://commons.wikimedia.org/wiki/File:Neisseria_gonorrhoeae_Bacteria_(53712276600).jpg,C:\Documents\Projects\pharmavision\data\raw\balanced_authentic\BA_002181.jpg,962,meningitis vaccine,"brightness 0.259 outside the counterfeit support [0.341, 0.714]",1280
Master Sgt. Carlos Claudio,0.39699438214302063,BA_002188,File:New adjutant general visits the 192nd Fighter Wing 140607-Z-VT953-118.jpg,pending_review,,236679,JPEG,0.03388117998838425,850,Public domain,18,850,0.01519775390625,https://commons.wikimedia.org/wiki/File:New_adjutant_general_visits_the_192nd_Fighter_Wing_140607-Z-VT953-118.jpg,C:\Documents\Projects\pharmavision\data\raw\balanced_authentic\BA_002188.jpg,1742,hepatitis B vaccine,,1280
Whispyhistory,0.4858708381652832,BA_002191,File:Nimenrix (Pfizer).jpg,pending_review,,403781,JPEG,0.030983304604887962,924,CC BY-SA 4.0,14,924,1.52587890625e-05,https://commons.wikimedia.org/wiki/File:Nimenrix_(Pfizer).jpg,C:\Documents\Projects\pharmavision\data\raw\balanced_authentic\BA_002191.jpg,1601,meningococcal vaccine,,1280
Whispyhistory,0.5146012306213379,BA_002192,File:Nimenrix.jpg,pending_review,,219709,JPEG,0.039105601608753204,1280,CC BY-SA 4.0,18,853,0.0001220703125,https://commons.wikimedia.org/wiki/File:Nimenrix.jpg,C:\Documents\Projects\pharmavision\data\raw\balanced_authentic\BA_002192.jpg,1060,meningococcal vaccine,,853
"NIH Image Gallery from Bethesda, Maryland, USA",0.11053571105003357,BA_002196,File:Nipah Virus (47965850372).jpg,exclude,A_ACQUISITION_OUT_OF_BAND,142269,JPEG,0.01176682859659195,898,Public domain,,898,0.0,https://commons.wikimedia.org/wiki/File:Nipah_Virus_(47965850372).jpg,C:\Documents\Projects\pharmavision\data\raw\balanced_authentic\BA_002196.jpg,479,remdesivir,"brightness 0.111 outside the counterfeit support [0.341, 0.714]",1280
Praetorian11,0.3785686194896698,BA_002336,File:OnyNorm förpackning.jpg,pending_review,,145522,JPEG,0.01620779000222683,853,CC BY-SA 4.0,18,853,0.0,https://commons.wikimedia.org/wiki/File:OnyNorm_f%C3%B6rpackning.jpg,C:\Documents\Projects\pharmavision\data\raw\balanced_authentic\BA_002336.jpg,1094,oxycodone OxyContin,,1280
Andrew Corbin,0.5185955166816711,BA_002339,File:Opana Radar Site.jpg,pending_review,,332039,JPEG,0.0349765419960022,853,CC BY-SA 4.0,18,853,0.0084075927734375,https://commons.wikimedia.org/wiki/File:Opana_Radar_Site.jpg,C:\Documents\Projects\pharmavision\data\raw\balanced_authentic\BA_002339.jpg,2163,oxymorphone,,1280
Carol VanHook,0.4782695770263672,BA_002345,File:Open Wide (Explored) - Flickr - Carol (vanhookc).jpg,pending_review,,119574,JPEG,0.020481565967202187,853,CC BY-SA 2.0,18,853,7.62939453125e-05,https://commons.wikimedia.org/wiki/File:Open_Wide_(Explored)_-_Flickr_-_Carol_(vanhookc).jpg,C:\Documents\Projects\pharmavision\data\raw\balanced_authentic\BA_002345.jpg,1064,vitamin A capsules,,1280
Evopure,0.32038751244544983,BA_002358,File:Organic CBD capsules.jpg,exclude,A_ACQUISITION_OUT_OF_BAND,244484,JPEG,0.04374902695417404,853,CC BY-SA 2.0,,853,1.52587890625e-05,https://commons.wikimedia.org/wiki/File:Organic_CBD_capsules.jpg,C:\Documents\Projects\pharmavision\data\raw\balanced_authentic\BA_002358.jpg,3059,vitamin A capsules,"brightness 0.320 outside the counterfeit support [0.341, 0.714]",1280
Overton Hygienic Manufacturing Co,0.8490058779716492,BA_002368,File:Overton's High Brown La Petite Face Powder - DPLA - 7dc2d27ad7bd071fa88040201ae96c0c (page 1).jpg,exclude,A_ACQUISITION_OUT_OF_BAND,74221,JPEG,0.0047233435325324535,916,Public domain,,916,0.0,https://commons.wikimedia.org/wiki/File:Overton%27s_High_Brown_La_Petite_Face_Powder_-_DPLA_-_7dc2d27ad7bd071fa88040201ae96c0c_(page_1).jpg,C:\Documents\Projects\pharmavision\data\raw\balanced_authentic\BA_002368.jpg,321,drug packaging box,"brightness 0.849 outside the counterfeit support [0.341, 0.714]",1280
Overton Hygienic Manufacturing Co,0.8880042433738708,BA_002369,File:Overton's High Brown La Petite Face Powder - DPLA - 7dc2d27ad7bd071fa88040201ae96c0c (page 2).jpg,exclude,A_ACQUISITION_OUT_OF_BAND,71835,JPEG,0.004168177954852581,916,Public domain,,916,0.0,https://commons.wikimedia.org/wiki/File:Overton%27s_High_Brown_La_Petite_Face_Powder_-_DPLA_-_7dc2d27ad7bd071fa88040201ae96c0c_(page_2).jpg,C:\Documents\Projects\pharmavision\data\raw\balanced_authentic\BA_002369.jpg,432,drug packaging box,"brightness 0.888 outside the counterfeit support [0.341, 0.714]",1280
Overton Hygienic Manufacturing Co,0.8626359105110168,BA_002370,File:Overton's High Brown La Petite Face Powder - DPLA - 7dc2d27ad7bd071fa88040201ae96c0c (page 3).jpg,exclude,A_ACQUISITION_OUT_OF_BAND,83039,JPEG,0.005492689087986946,916,Public domain,,916,0.0,https://commons.wikimedia.org/wiki/File:Overton%27s_High_Brown_La_Petite_Face_Powder_-_DPLA_-_7dc2d27ad7bd071fa88040201ae96c0c_(page_3).jpg,C:\Documents\Projects\pharmavision\data\raw\balanced_authentic\BA_002370.jpg,297,drug packaging box,"brightness 0.863 outside the counterfeit support [0.341, 0.714]",1280
gencat cat,0.5012628436088562,BA_002371,File:Oxford AstraZeneca COVID-19 vaccine (2021) A.jpeg,pending_review,,187876,JPEG,0.017833324149250984,853,CC0,16,853,0.0,https://commons.wikimedia.org/wiki/File:Oxford_AstraZeneca_COVID-19_vaccine_(2021)_A.jpeg,C:\Documents\Projects\pharmavision\data\raw\balanced_authentic\BA_002371.jpg,1951,COVID-19 vaccine AstraZeneca,,1280
gencat cat,0.6372377276420593,BA_002373,File:Oxford AstraZeneca COVID-19 vaccine (2021) B.jpeg,pending_review,,185134,JPEG,0.009007502347230911,853,CC0,18,853,0.00140380859375,https://commons.wikimedia.org/wiki/File:Oxford_AstraZeneca_COVID-19_vaccine_(2021)_B.jpeg,C:\Documents\Projects\pharmavision\data\raw\balanced_authentic\BA_002373.jpg,1014,COVID-19 vaccine AstraZeneca,,1280
gencat cat,0.6652889847755432,BA_002374,File:Oxford AstraZeneca COVID-19 vaccine (2021) C.jpeg,pending_review,,172782,JPEG,0.013967674225568771,853,CC0,14,853,0.002838134765625,https://commons.wikimedia.org/wiki/File:Oxford_AstraZeneca_COVID-19_vaccine_(2021)_C.jpeg,C:\Documents\Projects\pharmavision\data\raw\balanced_authentic\BA_002374.jpg,2062,COVID-19 vaccine AstraZeneca,,1280
gencat cat,0.5584903359413147,BA_002375,File:Oxford AstraZeneca COVID-19 vaccine (2021) D.jpeg,pending_review,,208849,JPEG,0.01641710288822651,853,CC0,18,853,0.0,https://commons.wikimedia.org/wiki/File:Oxford_AstraZeneca_COVID-19_vaccine_(2021)_D.jpeg,C:\Documents\Projects\pharmavision\data\raw\balanced_authentic\BA_002375.jpg,1600,COVID-19 vaccine AstraZeneca,,1280
gencat cat,0.5337925553321838,BA_002376,File:Oxford AstraZeneca COVID-19 vaccine (2021) E.jpeg,pending_review,,192341,JPEG,0.01568314991891384,853,CC0,14,853,0.0,https://commons.wikimedia.org/wiki/File:Oxford_AstraZeneca_COVID-19_vaccine_(2021)_E.jpeg,C:\Documents\Projects\pharmavision\data\raw\balanced_authentic\BA_002376.jpg,1950,COVID-19 vaccine AstraZeneca,,1280
gencat cat,0.6832963824272156,BA_002377,File:Oxford AstraZeneca COVID-19 vaccine (2021) F.jpeg,pending_review,,109362,JPEG,0.011170852929353714,853,CC0,18,853,0.0020294189453125,https://commons.wikimedia.org/wiki/File:Oxford_AstraZeneca_COVID-19_vaccine_(2021)_F.jpeg,C:\Documents\Projects\pharmavision\data\raw\balanced_authentic\BA_002377.jpg,1595,COVID-19 vaccine AstraZeneca,,1280
gencat cat,0.5559293031692505,BA_002378,File:Oxford AstraZeneca COVID-19 vaccine (2021) G.jpeg,pending_review,,114292,JPEG,0.008279718458652496,853,CC0,18,853,0.0,https://commons.wikimedia.org/wiki/File:Oxford_AstraZeneca_COVID-19_vaccine_(2021)_G.jpeg,C:\Documents\Projects\pharmavision\data\raw\balanced_authentic\BA_002378.jpg,1143,COVID-19 vaccine AstraZeneca,,1280
Gencat,0.7304661870002747,BA_002379,File:Oxford AstraZeneca COVID-19 vaccine (2021) H.jpg,exclude,A_ACQUISITION_OUT_OF_BAND,100300,JPEG,0.010845739394426346,853,CC0,,853,0.009521484375,https://commons.wikimedia.org/wiki/File:Oxford_AstraZeneca_COVID-19_vaccine_(2021)_H.jpg,C:\Documents\Projects\pharmavision\data\raw\balanced_authentic\BA_002379.jpg,1917,COVID-19 vaccine AstraZeneca,"brightness 0.730 outside the counterfeit support [0.341, 0.714]",1280
Gencat,0.639232337474823,BA_002381,File:Oxford AstraZeneca COVID-19 vaccine (2021) I.jpg,pending_review,,105864,JPEG,0.011924240738153458,853,CC0,18,853,0.0,https://commons.wikimedia.org/wiki/File:Oxford_AstraZeneca_COVID-19_vaccine_(2021)_I.jpg,C:\Documents\Projects\pharmavision\data\raw\balanced_authentic\BA_002381.jpg,1489,COVID-19 vaccine AstraZeneca,,1280
bratislavskysamospravnykraj,0.5017208456993103,BA_002382,File:Oxford AstraZeneca COVID-19 vaccine (2021) J.jpg,pending_review,,121792,JPEG,0.013167761266231537,853,CC BY 2.0,18,853,0.000732421875,https://commons.wikimedia.org/wiki/File:Oxford_AstraZeneca_COVID-19_vaccine_(2021)_J.jpg,C:\Documents\Projects\pharmavision\data\raw\balanced_authentic\BA_002382.jpg,1533,COVID-19 vaccine AstraZeneca,,1280
bratislavskysamospravnykraj,0.45138096809387207,BA_002383,File:Oxford AstraZeneca COVID-19 vaccine (2021) K.jpg,pending_review,,142756,JPEG,0.018050851300358772,853,CC BY 2.0,18,853,0.0,https://commons.wikimedia.org/wiki/File:Oxford_AstraZeneca_COVID-19_vaccine_(2021)_K.jpg,C:\Documents\Projects\pharmavision\data\raw\balanced_authentic\BA_002383.jpg,2244,COVID-19 vaccine AstraZeneca,,1280
bratislavskysamospravnykraj,0.5246474146842957,BA_002384,File:Oxford AstraZeneca COVID-19 vaccine (2021) L.jpg,pending_review,,115061,JPEG,0.016388097777962685,853,CC BY 2.0,14,853,0.0029296875,https://commons.wikimedia.org/wiki/File:Oxford_AstraZeneca_COVID-19_vaccine_(2021)_L.jpg,C:\Documents\Projects\pharmavision\data\raw\balanced_authentic\BA_002384.jpg,2193,COVID-19 vaccine AstraZeneca,,1280
bratislavskysamospravnykraj,0.474189430475235,BA_002385,File:Oxford AstraZeneca COVID-19 vaccine (2021) M.jpg,pending_review,,129701,JPEG,0.017063729465007782,853,CC BY 2.0,16,853,0.0012664794921875,https://commons.wikimedia.org/wiki/File:Oxford_AstraZeneca_COVID-19_vaccine_(2021)_M.jpg,C:\Documents\Projects\pharmavision\data\raw\balanced_authentic\BA_002385.jpg,2165,COVID-19 vaccine AstraZeneca,,1280
ŽupaBA VUCBA,0.6537045836448669,BA_002386,File:Oxford AstraZeneca COVID-19 vaccine (2021) N.jpg,pending_review,,177618,JPEG,0.02008236199617386,853,CC BY 2.0,16,853,0.0003509521484375,https://commons.wikimedia.org/wiki/File:Oxford_AstraZeneca_COVID-19_vaccine_(2021)_N.jpg,C:\Documents\Projects\pharmavision\data\raw\balanced_authentic\BA_002386.jpg,2444,COVID-19 vaccine AstraZeneca,,1280
ŽupaBA VUCBA,0.6600863337516785,BA_002387,File:Oxford AstraZeneca COVID-19 vaccine (2021) O.jpg,pending_review,,82592,JPEG,0.008292023092508316,853,CC BY 2.0,20,853,0.0,https://commons.wikimedia.org/wiki/File:Oxford_AstraZeneca_COVID-19_vaccine_(2021)_O.jpg,C:\Documents\Projects\pharmavision\data\raw\balanced_authentic\BA_002387.jpg,993,COVID-19 vaccine AstraZeneca,,1280
ŽupaBA VUCBA,0.5529692769050598,BA_002388,File:Oxford AstraZeneca COVID-19 vaccine (2021) P.jpg,pending_review,,130966,JPEG,0.014069778844714165,853,CC BY 2.0,16,853,0.0001068115234375,https://commons.wikimedia.org/wiki/File:Oxford_AstraZeneca_COVID-19_vaccine_(2021)_P.jpg,C:\Documents\Projects\pharmavision\data\raw\balanced_authentic\BA_002388.jpg,2352,COVID-19 vaccine AstraZeneca,,1280
ŽupaBA VUCBA,0.6512708067893982,BA_002389,File:Oxford AstraZeneca COVID-19 vaccine (2021) Q.jpg,pending_review,,332750,JPEG,0.013424013741314411,1922,CC BY 2.0,18,1280,0.0003204345703125,https://commons.wikimedia.org/wiki/File:Oxford_AstraZeneca_COVID-19_vaccine_(2021)_Q.jpg,C:\Documents\Projects\pharmavision\data\raw\balanced_authentic\BA_002389.jpg,1229,COVID-19 vaccine AstraZeneca,,1280
The National Guard,0.4545074999332428,BA_002391,File:Oxford AstraZeneca COVID-19 vaccine (2021) T.jpg,pending_review,,136449,JPEG,0.020044473931193352,853,CC BY 2.0,16,853,0.003662109375,https://commons.wikimedia.org/wiki/File:Oxford_AstraZeneca_COVID-19_vaccine_(2021)_T.jpg,C:\Documents\Projects\pharmavision\data\raw\balanced_authentic\BA_002391.jpg,1921,Comirnaty,,1280
Psiĥedelisto,0.656550943851471,BA_002431,File:OxyContin branded oxycodone 10mg (OC side).jpg,pending_review,,139833,JPEG,0.00860929861664772,960,CC0,14,960,0.0,https://commons.wikimedia.org/wiki/File:OxyContin_branded_oxycodone_10mg_(OC_side).jpg,C:\Documents\Projects\pharmavision\data\raw\balanced_authentic\BA_002431.jpg,172,oxycodone OxyContin,,1280
Psiĥedelisto,0.678999125957489,BA_002432,File:OxyContin branded oxycodone 10mg (number side).jpg,exclude,A_NEAR_DUPLICATE_WITHIN,138408,JPEG,0.00871250405907631,960,CC0,16,960,4.57763671875e-05,https://commons.wikimedia.org/wiki/File:OxyContin_branded_oxycodone_10mg_(number_side).jpg,C:\Documents\Projects\pharmavision\data\raw\balanced_authentic\BA_002432.jpg,176,oxycodone OxyContin,near-duplicate of BA_002431,1280
User:51fifty,0.5352804064750671,BA_002433,File:OxyContin setup.jpg,pending_review,,69703,JPEG,0.00728834280744195,620,CC BY-SA 3.0,14,620,0.0,https://commons.wikimedia.org/wiki/File:OxyContin_setup.jpg,C:\Documents\Projects\pharmavision\data\raw\balanced_authentic\BA_002433.jpg,568,oxycodone OxyContin,,725
FPZKL,0.14993873238563538,BA_002435,File:Oxycocet.jpg,exclude,A_ACQUISITION_OUT_OF_BAND,234353,JPEG,0.007097460795193911,1417,CC BY-SA 4.0,,1280,0.0,https://commons.wikimedia.org/wiki/File:Oxycocet.jpg,C:\Documents\Projects\pharmavision\data\raw\balanced_authentic\BA_002435.jpg,403,oxycodone OxyContin,"brightness 0.150 outside the counterfeit support [0.341, 0.714]",1280
"Coastal Elite from Halifax, Canada",0.5692293047904968,BA_002436,File:Oxycodone (40139364063).jpg,pending_review,,218604,JPEG,0.021120553836226463,922,CC BY-SA 2.0,16,922,0.0008392333984375,https://commons.wikimedia.org/wiki/File:Oxycodone_(40139364063).jpg,C:\Documents\Projects\pharmavision\data\raw\balanced_authentic\BA_002436.jpg,1497,oxycodone OxyContin,,1280
Cindy Shebley,0.22142885625362396,BA_002439,File:Oxycodone Medicine Bottle with Pills Spilling Out (49749849143).jpg,exclude,A_ACQUISITION_OUT_OF_BAND,268441,JPEG,0.013491656631231308,1920,CC BY 2.0,,1280,0.0015411376953125,https://commons.wikimedia.org/wiki/File:Oxycodone_Medicine_Bottle_with_Pills_Spilling_Out_(49749849143).jpg,C:\Documents\Projects\pharmavision\data\raw\balanced_authentic\BA_002439.jpg,1864,oxycodone OxyContin,"brightness 0.221 outside the counterfeit support [0.341, 0.714]",1280
The Drug Users Bible,0.7111225724220276,BA_002440,File:Oxycodone Pill (cropped).jpg,pending_review,,131740,JPEG,0.00984514132142067,687,CC BY 2.0,12,687,0.0,https://commons.wikimedia.org/wiki/File:Oxycodone_Pill_(cropped).jpg,C:\Documents\Projects\pharmavision\data\raw\balanced_authentic\BA_002440.jpg,589,oxycodone OxyContin,,1280
The Drug Users Bible,0.7438840270042419,BA_002441,File:Oxycodone Pill.jpg,exclude,A_ACQUISITION_OUT_OF_BAND,120874,JPEG,0.008247648365795612,687,CC BY 2.0,,687,0.0,https://commons.wikimedia.org/wiki/File:Oxycodone_Pill.jpg,C:\Documents\Projects\pharmavision\data\raw\balanced_authentic\BA_002441.jpg,481,oxycodone OxyContin,"brightness 0.744 outside the counterfeit support [0.341, 0.714]",1280
Cindy Shebley,0.5014795660972595,BA_002442,File:Oxycodone Prescription Bottle with Pills Spilling Out. (39390810310).jpg,pending_review,,152941,JPEG,0.009416241198778152,853,CC BY 2.0,20,853,0.0,https://commons.wikimedia.org/wiki/File:Oxycodone_Prescription_Bottle_with_Pills_Spilling_Out._(39390810310).jpg,C:\Documents\Projects\pharmavision\data\raw\balanced_authentic\BA_002442.jpg,1858,oxycodone OxyContin,,1280
Cindy Shebley,0.5728068947792053,BA_002443,File:Oxycodone Prescription Bottle with Pills Spilling Out. (41201105871).jpg,pending_review,,98526,JPEG,0.008736062794923782,853,CC BY 2.0,18,853,0.0,https://commons.wikimedia.org/wiki/File:Oxycodone_Prescription_Bottle_with_Pills_Spilling_Out._(41201105871).jpg,C:\Documents\Projects\pharmavision\data\raw\balanced_authentic\BA_002443.jpg,1584,oxycodone OxyContin,,1280
DanielTahar,0.5525773763656616,BA_002444,File:Oxycodone Syrup 10mg per ml.jpg,pending_review,,190167,JPEG,0.01732698082923889,960,CC BY-SA 4.0,18,960,0.0,https://commons.wikimedia.org/wiki/File:Oxycodone_Syrup_10mg_per_ml.jpg,C:\Documents\Projects\pharmavision\data\raw\balanced_authentic\BA_002444.jpg,1664,oxycodone OxyContin,,1280
Praetorian11,0.38598504662513733,BA_002445,File:Oxycodone Teva 5 mg .jpg,pending_review,,174300,JPEG,0.017371512949466705,853,CC BY-SA 4.0,20,853,0.00054931640625,https://commons.wikimedia.org/wiki/File:Oxycodone_Teva_5_mg_.jpg,C:\Documents\Projects\pharmavision\data\raw\balanced_authentic\BA_002445.jpg,888,oxycodone OxyContin,,1280
Jovan.gec,0.07924262434244156,BA_002460,File:Oxymorphone 3D.png,exclude,A_ACQUISITION_OUT_OF_BAND,301850,PNG,0.014197763055562973,921,CC BY-SA 4.0,,921,0.003692626953125,https://commons.wikimedia.org/wiki/File:Oxymorphone_3D.png,C:\Documents\Projects\pharmavision\data\raw\balanced_authentic\BA_002460.jpg,284,oxymorphone,"brightness 0.079 outside the counterfeit support [0.341, 0.714]",1280
Dennis Sylvester Hurd,0.46373605728149414,BA_002465,File:Ozempic (53899794358).jpg,pending_review,,448938,JPEG,0.05527689680457115,720,CC0,14,720,0.0,https://commons.wikimedia.org/wiki/File:Ozempic_(53899794358).jpg,C:\Documents\Projects\pharmavision\data\raw\balanced_authentic\BA_002465.jpg,1494,semaglutide Ozempic,,1280
Chemist4U,0.5390353798866272,BA_002466,File:Ozempic Semaglutide 0.5mg.jpg,pending_review,,174744,JPEG,0.027346834540367126,960,CC BY-SA 2.0,18,960,0.01715087890625,https://commons.wikimedia.org/wiki/File:Ozempic_Semaglutide_0.5mg.jpg,C:\Documents\Projects\pharmavision\data\raw\balanced_authentic\BA_002466.jpg,1152,semaglutide Ozempic,,1280
HualinXMN,0.6038108468055725,BA_002467,File:Ozempic® 3ml.jpg,pending_review,,149256,JPEG,0.00896015577018261,833,CC BY-SA 4.0,12,833,6.103515625e-05,https://commons.wikimedia.org/wiki/File:Ozempic%C2%AE_3ml.jpg,C:\Documents\Projects\pharmavision\data\raw\balanced_authentic\BA_002467.jpg,619,semaglutide Ozempic,,1280
Abdsomod,0.5092326998710632,BA_002468,File:P ALAXIN TS TABLET.jpg,pending_review,,52109,JPEG,0.013944877311587334,1080,CC0,16,607,0.0,https://commons.wikimedia.org/wiki/File:P_ALAXIN_TS_TABLET.jpg,C:\Documents\Projects\pharmavision\data\raw\balanced_authentic\BA_002468.jpg,1059,antimalarial tablets,,607
U.S. Navy photo by Petty Officer 1st Class Ryan McLearnon,0.3392616808414459,BA_002516,File:Pacific Partnership 2024-2 in Yap (8634076).jpg,exclude,A_ACQUISITION_OUT_OF_BAND,126364,JPEG,0.012336261570453644,853,Public domain,,853,0.0085906982421875,https://commons.wikimedia.org/wiki/File:Pacific_Partnership_2024-2_in_Yap_(8634076).jpg,C:\Documents\Projects\pharmavision\data\raw\balanced_authentic\BA_002516.jpg,1277,propofol Diprivan,"brightness 0.339 outside the counterfeit support [0.341, 0.714]",1280
U.S. Navy photo by Petty Officer 1st Class Ryan McLearnon,0.4676722586154938,BA_002517,File:Pacific Partnership 2024-2 in Yap (8634078).jpg,pending_review,,173020,JPEG,0.025959966704249382,853,Public domain,18,853,0.017852783203125,https://commons.wikimedia.org/wiki/File:Pacific_Partnership_2024-2_in_Yap_(8634078).jpg,C:\Documents\Projects\pharmavision\data\raw\balanced_authentic\BA_002517.jpg,1865,propofol Diprivan,,1280
U.S. Navy photo by Petty Officer 1st Class Ryan McLearnon,0.27342602610588074,BA_002518,File:Pacific Partnership 2024-2 in Yap (8634107).jpg,exclude,A_ACQUISITION_OUT_OF_BAND,132029,JPEG,0.015644673258066177,853,Public domain,,853,0.001068115234375,https://commons.wikimedia.org/wiki/File:Pacific_Partnership_2024-2_in_Yap_(8634107).jpg,C:\Documents\Projects\pharmavision\data\raw\balanced_authentic\BA_002518.jpg,1816,propofol Diprivan,"brightness 0.273 outside the counterfeit support [0.341, 0.714]",1280
Luc Propofol,0.2169424295425415,BA_002529,File:Page de titre de la traduction des Elements d'Euclide par Pierre Le Mardele..jpg,exclude,A_ACQUISITION_OUT_OF_BAND,363435,JPEG,0.03065922111272812,1707,CC BY-SA 4.0,,1280,0.0,https://commons.wikimedia.org/wiki/File:Page_de_titre_de_la_traduction_des_Elements_d%27Euclide_par_Pierre_Le_Mardele..jpg,C:\Documents\Projects\pharmavision\data\raw\balanced_authentic\BA_002529.jpg,268,propofol Diprivan,"brightness 0.217 outside the counterfeit support [0.341, 0.714]",1280
The original uploader was Centpacrr at English Wikipedia.,0.7809404730796814,BA_002542,File:Panama RR Opens 1855.jpg,exclude,A_ACQUISITION_OUT_OF_BAND,219637,JPEG,0.09040987491607666,611,Public domain,,611,0.0621490478515625,https://commons.wikimedia.org/wiki/File:Panama_RR_Opens_1855.jpg,C:\Documents\Projects\pharmavision\data\raw\balanced_authentic\BA_002542.jpg,683,medicine box package,"brightness 0.781 outside the counterfeit support [0.341, 0.714]",735
NIAID,0.6361867785453796,BA_002544,"File:Pandemic Preparedness- examples of High-Priority ""Prototype Pathogens"" (left to right)- hantavirus, yellow fever virus, Nipah virus, picornavirus, and Chikungunya - 1.jpg",pending_review,,637791,JPEG,0.0626884326338768,996,CC BY 2.0,16,996,0.024749755859375,"https://commons.wikimedia.org/wiki/File:Pandemic_Preparedness-_examples_of_High-Priority_%22Prototype_Pathogens%22_(left_to_right)-_hantavirus,_yellow_fever_virus,_Nipah_virus,_picornavirus,_and_Chikungunya_-_1.jpg",C:\Documents\Projects\pharmavision\data\raw\balanced_authentic\BA_002544.jpg,2822,yellow fever vaccine,,1280
NIAID,0.6089518666267395,BA_002545,"File:Pandemic Preparedness- examples of High-Priority ""Prototype Pathogens"" (left to right)- hantavirus, yellow fever virus, Nipah virus, picornavirus, and Chikungunya - 2.jpg",exclude,A_NEAR_DUPLICATE_WITHIN,625397,JPEG,0.06402575969696045,996,CC BY 2.0,16,996,0.0290985107421875,"https://commons.wikimedia.org/wiki/File:Pandemic_Preparedness-_examples_of_High-Priority_%22Prototype_Pathogens%22_(left_to_right)-_hantavirus,_yellow_fever_virus,_Nipah_virus,_picornavirus,_and_Chikungunya_-_2.jpg",C:\Documents\Projects\pharmavision\data\raw\balanced_authentic\BA_002545.jpg,1251,yellow fever vaccine,near-duplicate of BA_002544,1280
NIAID,0.29725638031959534,BA_002546,"File:Pandemic Preparedness- examples of High-Priority ""Prototype Pathogens"" (left to right)- hantavirus, yellow fever virus, Nipah virus, picornavirus, and Chikungunya - 3.jpg",exclude,A_ACQUISITION_OUT_OF_BAND,568573,JPEG,0.05969109386205673,996,CC BY 2.0,,996,0.0,"https://commons.wikimedia.org/wiki/File:Pandemic_Preparedness-_examples_of_High-Priority_%22Prototype_Pathogens%22_(left_to_right)-_hantavirus,_yellow_fever_virus,_Nipah_virus,_picornavirus,_and_Chikungunya_-_3.jpg",C:\Documents\Projects\pharmavision\data\raw\balanced_authentic\BA_002546.jpg,1901,yellow fever vaccine,"brightness 0.297 outside the counterfeit support [0.341, 0.714]",1280
Opanas Slastion,0.808990478515625,BA_002600,File:Pasiuha 1910.jpg,exclude,A_NOT_PHOTOGRAPH,49186,JPEG,0.03856021910905838,481,Public domain,,355,0.473846435546875,https://commons.wikimedia.org/wiki/File:Pasiuha_1910.jpg,C:\Documents\Projects\pharmavision\data\raw\balanced_authentic\BA_002600.jpg,755,oxymorphone,"grad 0.0386, white 0.47, colours 755",355
Kalman Slater,0.5751950144767761,BA_002638,File:Pfizer COVID-19 vaccine for ages 5 to 11 years.jpg,pending_review,,178793,JPEG,0.017112279310822487,960,CC BY-SA 4.0,18,960,0.0,https://commons.wikimedia.org/wiki/File:Pfizer_COVID-19_vaccine_for_ages_5_to_11_years.jpg,C:\Documents\Projects\pharmavision\data\raw\balanced_authentic\BA_002638.jpg,1766,Comirnaty,,1280
U.S. Secretary of Defense,0.6773660778999329,BA_002643,File:Pfizer-BioNTech COVID-19 vaccine (2020) A.jpg,pending_review,,76444,JPEG,0.007265014573931694,852,Public domain,20,852,0.0002288818359375,https://commons.wikimedia.org/wiki/File:Pfizer-BioNTech_COVID-19_vaccine_(2020)_A.jpg,C:\Documents\Projects\pharmavision\data\raw\balanced_authentic\BA_002643.jpg,566,Comirnaty,,1280
U.S. Secretary of Defense,0.3916389048099518,BA_002646,File:Pfizer-BioNTech COVID-19 vaccine (2020) C-beschnitten.jpg,pending_review,,726602,JPEG,0.015213138423860073,1066,CC BY 2.0,18,1066,0.0023040771484375,https://commons.wikimedia.org/wiki/File:Pfizer-BioNTech_COVID-19_vaccine_(2020)_C-beschnitten.jpg,C:\Documents\Projects\pharmavision\data\raw\balanced_authentic\BA_002646.jpg,1174,COVID-19 vaccine vial,,1066
U.S. Secretary of Defense,0.4989159107208252,BA_002648,File:Pfizer-BioNTech COVID-19 vaccine (2020) D (cropped).jpg,pending_review,,239534,JPEG,0.01349392905831337,1172,CC BY 2.0,18,1172,0.0,https://commons.wikimedia.org/wiki/File:Pfizer-BioNTech_COVID-19_vaccine_(2020)_D_(cropped).jpg,C:\Documents\Projects\pharmavision\data\raw\balanced_authentic\BA_002648.jpg,902,COVID-19 vaccine vial,,1280
U.S. Secretary of Defense,0.5889384150505066,BA_002652,File:Pfizer-BioNTech COVID-19 vaccine (2020) G (cropped).jpg,pending_review,,403083,JPEG,0.01916522905230522,1160,CC BY 2.0,16,674,0.000457763671875,https://commons.wikimedia.org/wiki/File:Pfizer-BioNTech_COVID-19_vaccine_(2020)_G_(cropped).jpg,C:\Documents\Projects\pharmavision\data\raw\balanced_authentic\BA_002652.jpg,306,COVID-19 vaccine vial,,674
Stevepb,0.7989774346351624,BA_002751,File:Pill Organizer With Vitamins And Medicines.jpg,exclude,A_ACQUISITION_OUT_OF_BAND,152059,JPEG,0.020016420632600784,853,CC0,,853,0.015594482421875,https://commons.wikimedia.org/wiki/File:Pill_Organizer_With_Vitamins_And_Medicines.jpg,C:\Documents\Projects\pharmavision\data\raw\balanced_authentic\BA_002751.jpg,2008,vitamin A capsules,"brightness 0.799 outside the counterfeit support [0.341, 0.714]",1280
Revital Salomon,0.7336563467979431,BA_002759,File:Pills Vitamines Capsules.JPG,exclude,A_ACQUISITION_OUT_OF_BAND,100828,JPEG,0.009289316833019257,853,CC BY-SA 4.0,,853,0.0001068115234375,https://commons.wikimedia.org/wiki/File:Pills_Vitamines_Capsules.JPG,C:\Documents\Projects\pharmavision\data\raw\balanced_authentic\BA_002759.jpg,466,vitamin A capsules,"brightness 0.734 outside the counterfeit support [0.341, 0.714]",1280
"Pioneer UAV, Inc",0.13036982715129852,BA_002768,File:Pioneer RQ-2A UAV - DPLA - 39ae1debb9104de2cf6865743a07d180 (page 1).jpg,exclude,A_ACQUISITION_OUT_OF_BAND,95553,JPEG,0.017209026962518692,792,CC0,,792,0.0002288818359375,https://commons.wikimedia.org/wiki/File:Pioneer_RQ-2A_UAV_-_DPLA_-_39ae1debb9104de2cf6865743a07d180_(page_1).jpg,C:\Documents\Projects\pharmavision\data\raw\balanced_authentic\BA_002768.jpg,488,drug packaging box,"brightness 0.130 outside the counterfeit support [0.341, 0.714]",1280
"Pioneer UAV, Inc",0.14525027573108673,BA_002769,File:Pioneer RQ-2A UAV - DPLA - 39ae1debb9104de2cf6865743a07d180 (page 2).jpg,exclude,A_ACQUISITION_OUT_OF_BAND,110532,JPEG,0.01938168704509735,829,CC0,,829,0.000213623046875,https://commons.wikimedia.org/wiki/File:Pioneer_RQ-2A_UAV_-_DPLA_-_39ae1debb9104de2cf6865743a07d180_(page_2).jpg,C:\Documents\Projects\pharmavision\data\raw\balanced_authentic\BA_002769.jpg,521,drug packaging box,"brightness 0.145 outside the counterfeit support [0.341, 0.714]",1280
Waddie96,0.662904679775238,BA_002780,File:Pneumovax 23.jpg,pending_review,,327147,JPEG,0.01595478132367134,1280,Public domain,14,1280,0.0,https://commons.wikimedia.org/wiki/File:Pneumovax_23.jpg,C:\Documents\Projects\pharmavision\data\raw\balanced_authentic\BA_002780.jpg,813,vaccine vial box,,1280
Behzad39,0.41525545716285706,BA_002783,File:Pofol.JPG,pending_review,,458729,JPEG,0.026741337031126022,1815,CC BY-SA 4.0,16,1280,0.0,https://commons.wikimedia.org/wiki/File:Pofol.JPG,C:\Documents\Projects\pharmavision\data\raw\balanced_authentic\BA_002783.jpg,903,propofol Diprivan,,1280
Joalpe,0.6314740180969238,BA_002795,File:Posto de vacinação da febre amarela.jpg,pending_review,,207464,JPEG,0.02518916130065918,720,CC BY-SA 4.0,18,720,0.076446533203125,https://commons.wikimedia.org/wiki/File:Posto_de_vacina%C3%A7%C3%A3o_da_febre_amarela.jpg,C:\Documents\Projects\pharmavision\data\raw\balanced_authentic\BA_002795.jpg,1839,yellow fever vaccine,,1280
"The White House from Washington, DC",0.6031844019889832,BA_002824,File:President Trump meets with the Gilead CEO (49854752361).jpg,pending_review,,349978,JPEG,0.03933721408247948,853,Public domain,14,853,0.0532073974609375,https://commons.wikimedia.org/wiki/File:President_Trump_meets_with_the_Gilead_CEO_(49854752361).jpg,C:\Documents\Projects\pharmavision\data\raw\balanced_authentic\BA_002824.jpg,2298,remdesivir,,1280
"The White House from Washington, DC",0.5278138518333435,BA_002825,File:President Trump meets with the Gilead CEO (49854752376).jpg,pending_review,,355597,JPEG,0.0426950678229332,853,Public domain,18,853,0.0262908935546875,https://commons.wikimedia.org/wiki/File:President_Trump_meets_with_the_Gilead_CEO_(49854752376).jpg,C:\Documents\Projects\pharmavision\data\raw\balanced_authentic\BA_002825.jpg,1985,remdesivir,,1280
"The White House from Washington, DC",0.5242835879325867,BA_002826,File:President Trump meets with the Gilead CEO (49855054497).jpg,pending_review,,371493,JPEG,0.04704125225543976,853,Public domain,20,853,0.0364532470703125,https://commons.wikimedia.org/wiki/File:President_Trump_meets_with_the_Gilead_CEO_(49855054497).jpg,C:\Documents\Projects\pharmavision\data\raw\balanced_authentic\BA_002826.jpg,2389,remdesivir,,1280
Jeangagnon,0.395357221364975,BA_002845,File:Propofol 01.jpg,pending_review,,263047,JPEG,0.03389767184853554,960,CC BY-SA 4.0,18,960,0.0077056884765625,https://commons.wikimedia.org/wiki/File:Propofol_01.jpg,C:\Documents\Projects\pharmavision\data\raw\balanced_authentic\BA_002845.jpg,4573,propofol Diprivan,,1280
Jeangagnon,0.326116681098938,BA_002846,File:Propofol 02.jpg,exclude,A_ACQUISITION_OUT_OF_BAND,266453,JPEG,0.03485775738954544,960,CC BY-SA 4.0,,960,0.004058837890625,https://commons.wikimedia.org/wiki/File:Propofol_02.jpg,C:\Documents\Projects\pharmavision\data\raw\balanced_authentic\BA_002846.jpg,3789,propofol Diprivan,"brightness 0.326 outside the counterfeit support [0.341, 0.714]",1280
Jeangagnon,0.3635352849960327,BA_002847,File:Propofol 03.jpg,pending_review,,258461,JPEG,0.035336948931217194,960,CC BY-SA 4.0,16,960,0.0127410888671875,https://commons.wikimedia.org/wiki/File:Propofol_03.jpg,C:\Documents\Projects\pharmavision\data\raw\balanced_authentic\BA_002847.jpg,4249,propofol Diprivan,,1280
Jeangagnon,0.31117430329322815,BA_002848,File:Propofol 04.jpg,exclude,A_ACQUISITION_OUT_OF_BAND,334798,JPEG,0.03266800194978714,960,CC BY-SA 4.0,,960,0.0173797607421875,https://commons.wikimedia.org/wiki/File:Propofol_04.jpg,C:\Documents\Projects\pharmavision\data\raw\balanced_authentic\BA_002848.jpg,2557,propofol Diprivan,"brightness 0.311 outside the counterfeit support [0.341, 0.714]",1280
Jeangagnon,0.2944297790527344,BA_002849,File:Propofol 05.jpg,exclude,A_ACQUISITION_OUT_OF_BAND,313041,JPEG,0.032850898802280426,960,CC BY-SA 4.0,,960,0.0019683837890625,https://commons.wikimedia.org/wiki/File:Propofol_05.jpg,C:\Documents\Projects\pharmavision\data\raw\balanced_authentic\BA_002849.jpg,2900,propofol Diprivan,"brightness 0.294 outside the counterfeit support [0.341, 0.714]",1280
Jeangagnon,0.3205024003982544,BA_002850,File:Propofol 06.jpg,exclude,A_ACQUISITION_OUT_OF_BAND,330729,JPEG,0.03704749047756195,960,CC BY-SA 4.0,,960,0.005401611328125,https://commons.wikimedia.org/wiki/File:Propofol_06.jpg,C:\Documents\Projects\pharmavision\data\raw\balanced_authentic\BA_002850.jpg,3622,propofol Diprivan,"brightness 0.321 outside the counterfeit support [0.341, 0.714]",1280
Jeangagnon,0.31576353311538696,BA_002851,File:Propofol 07.jpg,exclude,A_ACQUISITION_OUT_OF_BAND,318359,JPEG,0.03545066714286804,960,CC BY-SA 4.0,,960,0.0002899169921875,https://commons.wikimedia.org/wiki/File:Propofol_07.jpg,C:\Documents\Projects\pharmavision\data\raw\balanced_authentic\BA_002851.jpg,4054,propofol Diprivan,"brightness 0.316 outside the counterfeit support [0.341, 0.714]",1280
Jeangagnon,0.302394837141037,BA_002852,File:Propofol 08.jpg,exclude,A_ACQUISITION_OUT_OF_BAND,327660,JPEG,0.033822089433670044,960,CC BY-SA 4.0,,960,0.0029144287109375,https://commons.wikimedia.org/wiki/File:Propofol_08.jpg,C:\Documents\Projects\pharmavision\data\raw\balanced_authentic\BA_002852.jpg,3544,propofol Diprivan,"brightness 0.302 outside the counterfeit support [0.341, 0.714]",1280
Jeangagnon,0.36313414573669434,BA_002853,File:Propofol 09.jpg,pending_review,,317696,JPEG,0.03650030493736267,960,CC BY-SA 4.0,18,960,0.0067138671875,https://commons.wikimedia.org/wiki/File:Propofol_09.jpg,C:\Documents\Projects\pharmavision\data\raw\balanced_authentic\BA_002853.jpg,3709,propofol Diprivan,,1280
Jeangagnon,0.3819020092487335,BA_002854,File:Propofol 10.jpg,pending_review,,318977,JPEG,0.03664636239409447,960,CC BY-SA 4.0,18,960,0.00628662109375,https://commons.wikimedia.org/wiki/File:Propofol_10.jpg,C:\Documents\Projects\pharmavision\data\raw\balanced_authentic\BA_002854.jpg,4310,propofol Diprivan,,1280
Jeangagnon,0.21009819209575653,BA_002855,File:Propofol 11.jpg,exclude,A_ACQUISITION_OUT_OF_BAND,228323,JPEG,0.022207334637641907,960,CC BY-SA 4.0,,960,0.0,https://commons.wikimedia.org/wiki/File:Propofol_11.jpg,C:\Documents\Projects\pharmavision\data\raw\balanced_authentic\BA_002855.jpg,1939,propofol Diprivan,"brightness 0.210 outside the counterfeit support [0.341, 0.714]",1280
Jeangagnon,0.21008317172527313,BA_002856,File:Propofol 12.jpg,exclude,A_ACQUISITION_OUT_OF_BAND,422245,JPEG,0.019645821303129196,1707,CC BY-SA 4.0,,1280,0.0,https://commons.wikimedia.org/wiki/File:Propofol_12.jpg,C:\Documents\Projects\pharmavision\data\raw\balanced_authentic\BA_002856.jpg,2023,propofol Diprivan,"brightness 0.210 outside the counterfeit support [0.341, 0.714]",1280
Opanas Slastion,0.5119271278381348,BA_002895,File:Provody na Sich.jpg,pending_review,,333414,JPEG,0.025656338781118393,720,Public domain,16,720,0.0,https://commons.wikimedia.org/wiki/File:Provody_na_Sich.jpg,C:\Documents\Projects\pharmavision\data\raw\balanced_authentic\BA_002895.jpg,1347,oxymorphone,,1280
Victor Claessen / Victorclaessen,0.3728426396846771,BA_002914,File:Quenching of Quinine fluorescence by chloride ions.JPG,pending_review,,112710,JPEG,0.013691909611225128,852,CC BY-SA 3.0,16,852,0.000152587890625,https://commons.wikimedia.org/wiki/File:Quenching_of_Quinine_fluorescence_by_chloride_ions.JPG,C:\Documents\Projects\pharmavision\data\raw\balanced_authentic\BA_002914.jpg,2604,quinine sulfate,,1280
Iwona Tesarowicz,0.9290600419044495,BA_002925,File:Quinine 3-D.png,exclude,A_NOT_PHOTOGRAPH,27995,PNG,0.01927141286432743,444,Public domain,,358,0.869659423828125,https://commons.wikimedia.org/wiki/File:Quinine_3-D.png,C:\Documents\Projects\pharmavision\data\raw\balanced_authentic\BA_002925.jpg,321,quinine sulfate,"grad 0.0193, white 0.87, colours 321",358
"Rothstein, Arthur Wolcott, Marion Post",0.516721248626709,BA_002926,File:Quinine Advertisement.jpg,pending_review,,369568,JPEG,0.03862961381673813,782,Public domain,18,782,0.0,https://commons.wikimedia.org/wiki/File:Quinine_Advertisement.jpg,C:\Documents\Projects\pharmavision\data\raw\balanced_authentic\BA_002926.jpg,30,quinine sulfate,,1024
Tzning,0.053664665669202805,BA_002927,File:Quinine Biosynthesis.png,exclude,A_ACQUISITION_OUT_OF_BAND,585585,PNG,0.030759036540985107,1572,CC BY-SA 4.0,,1280,0.0,https://commons.wikimedia.org/wiki/File:Quinine_Biosynthesis.png,C:\Documents\Projects\pharmavision\data\raw\balanced_authentic\BA_002927.jpg,33,quinine sulfate,"brightness 0.054 outside the counterfeit support [0.341, 0.714]",1280
Catlemur,0.3539796769618988,BA_002928,File:Quinine INH Gennadius.jpg,pending_review,,480260,JPEG,0.03122873604297638,1707,CC BY-SA 4.0,18,1280,9.1552734375e-05,https://commons.wikimedia.org/wiki/File:Quinine_INH_Gennadius.jpg,C:\Documents\Projects\pharmavision\data\raw\balanced_authentic\BA_002928.jpg,1448,quinine sulfate,,1280
Lemur12,0.2240256667137146,BA_002930,File:Quinine hydrochloride 40 50.jpg,exclude,A_ACQUISITION_OUT_OF_BAND,230755,JPEG,0.017001383006572723,1707,CC BY-SA 3.0,,1280,0.00604248046875,https://commons.wikimedia.org/wiki/File:Quinine_hydrochloride_40_50.jpg,C:\Documents\Projects\pharmavision\data\raw\balanced_authentic\BA_002930.jpg,1300,quinine sulfate,"brightness 0.224 outside the counterfeit support [0.341, 0.714]",1280
,0.5950801968574524,BA_002934,File:Quinine specialists of the 19th century. Wellcome V0027531.jpg,pending_review,,936247,JPEG,0.04135068506002426,931,CC BY 4.0,16,931,0.0,https://commons.wikimedia.org/wiki/File:Quinine_specialists_of_the_19th_century._Wellcome_V0027531.jpg,C:\Documents\Projects\pharmavision\data\raw\balanced_authentic\BA_002934.jpg,478,quinine sulfate,,1280
,0.4366309940814972,BA_002936,"File:Quinine sulphate bottle, London, England, 1860-1910 Wellcome L0058980.jpg",pending_review,,447523,JPEG,0.014700166881084442,1924,CC BY 4.0,20,1280,1.52587890625e-05,"https://commons.wikimedia.org/wiki/File:Quinine_sulphate_bottle,_London,_England,_1860-1910_Wellcome_L0058980.jpg",C:\Documents\Projects\pharmavision\data\raw\balanced_authentic\BA_002936.jpg,697,quinine sulfate,,1280
Ben Mills,0.6253319382667542,BA_002937,File:Quinine-3D-balls.png,exclude,A_NOT_PHOTOGRAPH,217440,PNG,0.021114155650138855,1100,Public domain,,907,0.4656982421875,https://commons.wikimedia.org/wiki/File:Quinine-3D-balls.png,C:\Documents\Projects\pharmavision\data\raw\balanced_authentic\BA_002937.jpg,282,quinine sulfate,"grad 0.0211, white 0.47, colours 282",907
PHScomms,0.39035406708717346,BA_002953,File:RADM Childs Japan.jpg,pending_review,,223290,JPEG,0.03544314205646515,720,CC BY-SA 4.0,18,720,1.52587890625e-05,https://commons.wikimedia.org/wiki/File:RADM_Childs_Japan.jpg,C:\Documents\Projects\pharmavision\data\raw\balanced_authentic\BA_002953.jpg,2598,remdesivir,,1280
OChemski,0.016929956153035164,BA_002968,File:Reaktionsschema.png,exclude,A_ACQUISITION_OUT_OF_BAND,73906,PNG,0.010939902625977993,477,CC BY-SA 4.0,,477,0.0,https://commons.wikimedia.org/wiki/File:Reaktionsschema.png,C:\Documents\Projects\pharmavision\data\raw\balanced_authentic\BA_002968.jpg,18,remdesivir,"brightness 0.017 outside the counterfeit support [0.341, 0.714]",1280
OChemski,0.11242245882749557,BA_002983,File:Remdesivir Potentialkarte4.png,exclude,A_ACQUISITION_OUT_OF_BAND,1636403,PNG,0.029523780569434166,975,CC BY-SA 4.0,,975,0.006317138671875,https://commons.wikimedia.org/wiki/File:Remdesivir_Potentialkarte4.png,C:\Documents\Projects\pharmavision\data\raw\balanced_authentic\BA_002983.jpg,1031,remdesivir,"brightness 0.112 outside the counterfeit support [0.341, 0.714]",1280
Ben Mills,0.07001250982284546,BA_002985,File:Remdesivir-from-xtal-Mercury-3D-ball-and-stick-with-bond-orders.png,exclude,A_ACQUISITION_OUT_OF_BAND,332836,PNG,0.017462633550167084,1089,Public domain,,1089,0.0001220703125,https://commons.wikimedia.org/wiki/File:Remdesivir-from-xtal-Mercury-3D-ball-and-stick-with-bond-orders.png,C:\Documents\Projects\pharmavision\data\raw\balanced_authentic\BA_002985.jpg,561,remdesivir,"brightness 0.070 outside the counterfeit support [0.341, 0.714]",1280
Ben Mills,0.9321755766868591,BA_002986,File:Remdesivir-from-xtal-Mercury-3D-balls.png,exclude,A_NOT_PHOTOGRAPH,295534,PNG,0.018324561417102814,1087,Public domain,,1087,0.843536376953125,https://commons.wikimedia.org/wiki/File:Remdesivir-from-xtal-Mercury-3D-balls.png,C:\Documents\Projects\pharmavision\data\raw\balanced_authentic\BA_002986.jpg,645,remdesivir,"grad 0.0183, white 0.84, colours 645",1280
Doc James,0.6672261357307434,BA_002987,File:Remdesivir.jpg,pending_review,,374791,JPEG,0.04014892131090164,1686,CC BY-SA 4.0,18,1280,0.0003204345703125,https://commons.wikimedia.org/wiki/File:Remdesivir.jpg,C:\Documents\Projects\pharmavision\data\raw\balanced_authentic\BA_002987.jpg,340,remdesivir,,1280
"Geindreau, M.; Ghiringhelli, F.; Bruchard, M.",0.9217489361763,BA_002992,File:Representation of the different bindings between VEGFVEGFR and the molecules inhibiting their signaling pathways.png,exclude,A_NOT_PHOTOGRAPH,743931,PNG,0.022975608706474304,1102,CC BY 4.0,,1102,0.7755889892578125,https://commons.wikimedia.org/wiki/File:Representation_of_the_different_bindings_between_VEGFVEGFR_and_the_molecules_inhibiting_their_signaling_pathways.png,C:\Documents\Projects\pharmavision\data\raw\balanced_authentic\BA_002992.jpg,986,bevacizumab Avastin,"grad 0.0230, white 0.78, colours 986",1280
Grendelkhan,0.6192664504051208,BA_003030,File:Rybelsus 14mg bottle angle view.jpg,pending_review,,315748,JPEG,0.016783427447080612,1707,CC BY-SA 4.0,16,1280,0.0004730224609375,https://commons.wikimedia.org/wiki/File:Rybelsus_14mg_bottle_angle_view.jpg,C:\Documents\Projects\pharmavision\data\raw\balanced_authentic\BA_003030.jpg,1222,semaglutide Ozempic,,1280
Grendelkhan,0.5315349698066711,BA_003031,File:Rybelsus 14mg bottle front view.jpg,pending_review,,308331,JPEG,0.015238259918987751,1707,CC BY-SA 4.0,18,1280,0.0,https://commons.wikimedia.org/wiki/File:Rybelsus_14mg_bottle_front_view.jpg,C:\Documents\Projects\pharmavision\data\raw\balanced_authentic\BA_003031.jpg,1262,semaglutide Ozempic,,1280
Grendelkhan,0.5847803354263306,BA_003032,File:Rybelsus 14mg box angle view.jpg,pending_review,,313511,JPEG,0.018489401787519455,1707,CC BY-SA 4.0,18,1280,0.0,https://commons.wikimedia.org/wiki/File:Rybelsus_14mg_box_angle_view.jpg,C:\Documents\Projects\pharmavision\data\raw\balanced_authentic\BA_003032.jpg,859,semaglutide Ozempic,,1280
Grendelkhan,0.5993030071258545,BA_003033,File:Rybelsus 14mg box front view.jpg,pending_review,,294763,JPEG,0.022069266065955162,1707,CC BY-SA 4.0,16,1280,0.0,https://commons.wikimedia.org/wiki/File:Rybelsus_14mg_box_front_view.jpg,C:\Documents\Projects\pharmavision\data\raw\balanced_authentic\BA_003033.jpg,597,semaglutide Ozempic,,1280
Windshear,0.45377638936042786,BA_003034,File:Rybelsus 3mg 7mg.jpg,pending_review,,295517,JPEG,0.023829486221075058,960,CC BY-SA 4.0,16,960,0.0,https://commons.wikimedia.org/wiki/File:Rybelsus_3mg_7mg.jpg,C:\Documents\Projects\pharmavision\data\raw\balanced_authentic\BA_003034.jpg,1570,semaglutide Ozempic,,1280
Grendelkhan,0.5350844860076904,BA_003035,File:Rybelsus 3mg bottle angle view.jpg,pending_review,,316583,JPEG,0.018286027014255524,1707,CC BY-SA 4.0,14,1280,0.0,https://commons.wikimedia.org/wiki/File:Rybelsus_3mg_bottle_angle_view.jpg,C:\Documents\Projects\pharmavision\data\raw\balanced_authentic\BA_003035.jpg,1618,semaglutide Ozempic,,1280
Grendelkhan,0.5475640296936035,BA_003036,File:Rybelsus 3mg box angle view.jpg,pending_review,,319214,JPEG,0.018269948661327362,1707,CC BY-SA 4.0,16,1280,0.0,https://commons.wikimedia.org/wiki/File:Rybelsus_3mg_box_angle_view.jpg,C:\Documents\Projects\pharmavision\data\raw\balanced_authentic\BA_003036.jpg,998,semaglutide Ozempic,,1280
Grendelkhan,0.5954676270484924,BA_003037,File:Rybelsus 7mg bottle angle view.jpg,exclude,A_NEAR_DUPLICATE_WITHIN,320380,JPEG,0.016485847532749176,1707,CC BY-SA 4.0,16,1280,0.0001068115234375,https://commons.wikimedia.org/wiki/File:Rybelsus_7mg_bottle_angle_view.jpg,C:\Documents\Projects\pharmavision\data\raw\balanced_authentic\BA_003037.jpg,1271,semaglutide Ozempic,near-duplicate of BA_003035,1280
Grendelkhan,0.556583821773529,BA_003038,File:Rybelsus 7mg bottle front view.jpg,pending_review,,311238,JPEG,0.014305345714092255,1707,CC BY-SA 4.0,16,1280,0.0,https://commons.wikimedia.org/wiki/File:Rybelsus_7mg_bottle_front_view.jpg,C:\Documents\Projects\pharmavision\data\raw\balanced_authentic\BA_003038.jpg,1247,semaglutide Ozempic,,1280
Grendelkhan,0.5627045631408691,BA_003039,File:Rybelsus 7mg box angle view.jpg,exclude,A_NEAR_DUPLICATE_WITHIN,349575,JPEG,0.01628769561648369,1707,CC BY-SA 4.0,18,1280,0.0,https://commons.wikimedia.org/wiki/File:Rybelsus_7mg_box_angle_view.jpg,C:\Documents\Projects\pharmavision\data\raw\balanced_authentic\BA_003039.jpg,828,semaglutide Ozempic,near-duplicate of BA_003032,1280
Grendelkhan,0.6261562705039978,BA_003040,File:Rybelsus 7mg box front view.jpg,pending_review,,296952,JPEG,0.01968475803732872,1707,CC BY-SA 4.0,16,1280,0.0,https://commons.wikimedia.org/wiki/File:Rybelsus_7mg_box_front_view.jpg,C:\Documents\Projects\pharmavision\data\raw\balanced_authentic\BA_003040.jpg,602,semaglutide Ozempic,,1280
AnonymousUnknown author,0.6689772605895996,BA_003066,File:Sandoz.Methylprednisolone.4mg.jpg,pending_review,,250321,JPEG,0.015138108283281326,949,Public domain,16,949,0.0,https://commons.wikimedia.org/wiki/File:Sandoz.Methylprednisolone.4mg.jpg,C:\Documents\Projects\pharmavision\data\raw\balanced_authentic\BA_003066.jpg,621,medicine box package,,1280
Press Information Department,0.5620481371879578,BA_003071,File:Sardar Md. Sakhawat Hossain administering Vitamin A capsules at Vitamin A Plus Campaign inauguration in Dhaka 2026-06-28.jpg,pending_review,,295066,JPEG,0.03922955319285393,883,Public domain,18,883,0.0645751953125,https://commons.wikimedia.org/wiki/File:Sardar_Md._Sakhawat_Hossain_administering_Vitamin_A_capsules_at_Vitamin_A_Plus_Campaign_inauguration_in_Dhaka_2026-06-28.jpg,C:\Documents\Projects\pharmavision\data\raw\balanced_authentic\BA_003071.jpg,4194,vitamin A capsules,,1280
Kingherbsgrace,0.47945037484169006,BA_003078,File:Sea buckthorn seed oil gel.JPEG,pending_review,,22732,JPEG,0.01810728758573532,384,CC BY-SA 3.0,18,384,0.0,https://commons.wikimedia.org/wiki/File:Sea_buckthorn_seed_oil_gel.JPEG,C:\Documents\Projects\pharmavision\data\raw\balanced_authentic\BA_003078.jpg,1978,vitamin A capsules,,449
Vanwa71,0.04437519237399101,BA_003090,File:Semaglutide Pharmacokinetics for Once Weekly Subcutaneous Injection.png,exclude,A_ACQUISITION_OUT_OF_BAND,290893,PNG,0.026114895939826965,929,CC BY-SA 4.0,,929,0.0,https://commons.wikimedia.org/wiki/File:Semaglutide_Pharmacokinetics_for_Once_Weekly_Subcutaneous_Injection.png,C:\Documents\Projects\pharmavision\data\raw\balanced_authentic\BA_003090.jpg,144,semaglutide Ozempic,"brightness 0.044 outside the counterfeit support [0.341, 0.714]",1280
Luketheslovak,0.9564609527587891,BA_003091,File:Semaglutide vs. liraglutide v01 SVK.png,exclude,A_NOT_PHOTOGRAPH,163362,PNG,0.020230280235409737,640,CC BY-SA 4.0,,640,0.8329315185546875,https://commons.wikimedia.org/wiki/File:Semaglutide_vs._liraglutide_v01_SVK.png,C:\Documents\Projects\pharmavision\data\raw\balanced_authentic\BA_003091.jpg,342,semaglutide Ozempic,"grad 0.0202, white 0.83, colours 342",1280
U2em,0.5571062564849854,BA_003096,File:Seoul National University Hospital Morning Patient Meal Covered.jpg,pending_review,,204592,JPEG,0.02001066505908966,960,CC BY-SA 3.0,20,960,0.0008087158203125,https://commons.wikimedia.org/wiki/File:Seoul_National_University_Hospital_Morning_Patient_Meal_Covered.jpg,C:\Documents\Projects\pharmavision\data\raw\balanced_authentic\BA_003096.jpg,1399,medication carton,,1280
Nafis Fuad Ayon,0.45402050018310547,BA_003119,"File:Sinopharm BBIBP-CorV COVID-19 vaccine vial from Nikli, Bangladesh.jpg",pending_review,,627751,JPEG,0.015184473246335983,1953,CC BY-SA 4.0,16,1280,0.00115966796875,"https://commons.wikimedia.org/wiki/File:Sinopharm_BBIBP-CorV_COVID-19_vaccine_vial_from_Nikli,_Bangladesh.jpg",C:\Documents\Projects\pharmavision\data\raw\balanced_authentic\BA_003119.jpg,1251,COVID-19 vaccine vial,,1280
HualinXMN,0.48834607005119324,BA_003120,File:Sinopharm Star Shark VE Soft Capsules.jpg,pending_review,,176708,JPEG,0.018705707043409348,961,CC BY-SA 4.0,12,961,0.000152587890625,https://commons.wikimedia.org/wiki/File:Sinopharm_Star_Shark_VE_Soft_Capsules.jpg,C:\Documents\Projects\pharmavision\data\raw\balanced_authentic\BA_003120.jpg,630,vitamin A capsules,,1280
Opanas Slastion,0.49569007754325867,BA_003126,File:Slastion-Bandurist Samiylo Yasnij.jpg,pending_review,,738934,JPEG,0.04676157236099243,1966,Public domain,16,1280,0.0,https://commons.wikimedia.org/wiki/File:Slastion-Bandurist_Samiylo_Yasnij.jpg,C:\Documents\Projects\pharmavision\data\raw\balanced_authentic\BA_003126.jpg,176,oxymorphone,,1280
Opanas Slastion,0.8332500457763672,BA_003128,File:Slastion-Illustration 1.jpg,exclude,A_ACQUISITION_OUT_OF_BAND,509093,JPEG,0.022649090737104416,977,Public domain,,977,0.0052642822265625,https://commons.wikimedia.org/wiki/File:Slastion-Illustration_1.jpg,C:\Documents\Projects\pharmavision\data\raw\balanced_authentic\BA_003128.jpg,1587,oxymorphone,"brightness 0.833 outside the counterfeit support [0.341, 0.714]",1280
Opanas Slastion,0.7785437703132629,BA_003129,File:Slastion-Illustration 2.jpg,exclude,A_ACQUISITION_OUT_OF_BAND,781588,JPEG,0.025896770879626274,1738,Public domain,,1280,0.0106353759765625,https://commons.wikimedia.org/wiki/File:Slastion-Illustration_2.jpg,C:\Documents\Projects\pharmavision\data\raw\balanced_authentic\BA_003129.jpg,2934,oxymorphone,"brightness 0.779 outside the counterfeit support [0.341, 0.714]",1280
Opanas Slastion,0.8456907272338867,BA_003130,File:Slastion-Illustration 6.jpg,exclude,A_ACQUISITION_OUT_OF_BAND,644760,JPEG,0.017890606075525284,1826,Public domain,,1280,0.0218353271484375,https://commons.wikimedia.org/wiki/File:Slastion-Illustration_6.jpg,C:\Documents\Projects\pharmavision\data\raw\balanced_authentic\BA_003130.jpg,1960,oxymorphone,"brightness 0.846 outside the counterfeit support [0.341, 0.714]",1280
Opanas Slastion,0.3568573296070099,BA_003131,File:Slastion-Kobzar Hovtvan.jpg,pending_review,,75730,JPEG,0.06354577839374542,480,Public domain,18,336,0.0040740966796875,https://commons.wikimedia.org/wiki/File:Slastion-Kobzar_Hovtvan.jpg,C:\Documents\Projects\pharmavision\data\raw\balanced_authentic\BA_003131.jpg,893,oxymorphone,,336
Opanas Slastion,0.6883676648139954,BA_003132,File:Slastion-Kobzar P. Tkachenko.jpg,pending_review,,59573,JPEG,0.04803590103983879,480,Public domain,16,320,0.1312408447265625,https://commons.wikimedia.org/wiki/File:Slastion-Kobzar_P._Tkachenko.jpg,C:\Documents\Projects\pharmavision\data\raw\balanced_authentic\BA_003132.jpg,741,oxymorphone,,320
Akaddour,0.9722394943237305,BA_003139,File:Sofos2.JPG,exclude,A_NOT_PHOTOGRAPH,38191,JPEG,0.018236353993415833,471,CC BY-SA 4.0,,471,0.922943115234375,https://commons.wikimedia.org/wiki/File:Sofos2.JPG,C:\Documents\Projects\pharmavision\data\raw\balanced_authentic\BA_003139.jpg,387,sofosbuvir,"grad 0.0182, white 0.92, colours 387",965
Akaddour,0.9549450874328613,BA_003140,File:Sofosbuvir 3D.png,exclude,A_NOT_PHOTOGRAPH,10398,PNG,0.014773804694414139,387,CC BY-SA 4.0,,369,0.8933868408203125,https://commons.wikimedia.org/wiki/File:Sofosbuvir_3D.png,C:\Documents\Projects\pharmavision\data\raw\balanced_authentic\BA_003140.jpg,771,sofosbuvir,"grad 0.0148, white 0.89, colours 771",369
Akaddour,0.9809088706970215,BA_003141,File:Sofosbuvir Synthese 1.png,exclude,A_NOT_PHOTOGRAPH,164787,PNG,0.014016363769769669,712,CC BY-SA 4.0,,712,0.9260406494140625,https://commons.wikimedia.org/wiki/File:Sofosbuvir_Synthese_1.png,C:\Documents\Projects\pharmavision\data\raw\balanced_authentic\BA_003141.jpg,249,sofosbuvir,"grad 0.0140, white 0.93, colours 249",1280
Akaddour,0.9862189888954163,BA_003142,File:Sofosbuvir Synthese 2.png,exclude,A_NOT_PHOTOGRAPH,114457,PNG,0.009832996875047684,690,CC BY-SA 4.0,,690,0.9452362060546875,https://commons.wikimedia.org/wiki/File:Sofosbuvir_Synthese_2.png,C:\Documents\Projects\pharmavision\data\raw\balanced_authentic\BA_003142.jpg,189,sofosbuvir,"grad 0.0098, white 0.95, colours 189",1280
Akaddour,0.9582018852233887,BA_003143,File:Sofosbuvir chiral.JPG,exclude,A_NOT_PHOTOGRAPH,33345,JPEG,0.026651110500097275,546,CC BY-SA 4.0,,546,0.9033660888671875,https://commons.wikimedia.org/wiki/File:Sofosbuvir_chiral.JPG,C:\Documents\Projects\pharmavision\data\raw\balanced_authentic\BA_003143.jpg,874,sofosbuvir,"grad 0.0267, white 0.90, colours 874",556
Ավետիսյան91,0.9744964241981506,BA_003144,File:Sofosbuvir prodrug chemistry Armenian.png,exclude,A_NOT_PHOTOGRAPH,48472,PNG,0.01657436415553093,636,CC BY-SA 4.0,,636,0.912567138671875,https://commons.wikimedia.org/wiki/File:Sofosbuvir_prodrug_chemistry_Armenian.png,C:\Documents\Projects\pharmavision\data\raw\balanced_authentic\BA_003144.jpg,31,sofosbuvir,"grad 0.0166, white 0.91, colours 31",1280
Sigridure,0.9726278781890869,BA_003145,File:Sofosbuvir struct.png,exclude,A_NOT_PHOTOGRAPH,76933,PNG,0.01931614801287651,450,CC BY-SA 4.0,,450,0.9308624267578125,https://commons.wikimedia.org/wiki/File:Sofosbuvir_struct.png,C:\Documents\Projects\pharmavision\data\raw\balanced_authentic\BA_003145.jpg,94,sofosbuvir,"grad 0.0193, white 0.93, colours 94",582
Lepav,0.5603235363960266,BA_003146,File:Sofosbuvir-Taraz.jpg,pending_review,,338153,JPEG,0.040351755917072296,720,CC BY-SA 4.0,20,720,0.0012969970703125,https://commons.wikimedia.org/wiki/File:Sofosbuvir-Taraz.jpg,C:\Documents\Projects\pharmavision\data\raw\balanced_authentic\BA_003146.jpg,1414,sofosbuvir,,1280
"Daniela Gabbia, Marco Roverso, Samantha Sarcognato, Ilaria Zanotto, Nicola Ferri, Francesco Paolo Russo, Maria Guido, Sara Bogialli, and Sara De Martin",0.821941077709198,BA_003147,File:Sofosbuvir-hepatic-metabolism-and-activation-to-GS-331007-TP.png,exclude,A_ACQUISITION_OUT_OF_BAND,196346,PNG,0.02280629239976406,641,CC BY-SA 4.0,,641,0.0505218505859375,https://commons.wikimedia.org/wiki/File:Sofosbuvir-hepatic-metabolism-and-activation-to-GS-331007-TP.png,C:\Documents\Projects\pharmavision\data\raw\balanced_authentic\BA_003147.jpg,1234,sofosbuvir,"brightness 0.822 outside the counterfeit support [0.341, 0.714]",850
Pallafatu,0.974035918712616,BA_003148,File:Sofosbuvir-protide-example.png,exclude,A_NOT_PHOTOGRAPH,20126,PNG,0.01979617215692997,1229,CC BY-SA 4.0,,1212,0.9423370361328125,https://commons.wikimedia.org/wiki/File:Sofosbuvir-protide-example.png,C:\Documents\Projects\pharmavision\data\raw\balanced_authentic\BA_003148.jpg,32,sofosbuvir,"grad 0.0198, white 0.94, colours 32",1212
Spencerbdavis,0.7968501448631287,BA_003151,File:Solo-Protein Subunit-vaccine-14.jpg,exclude,A_ACQUISITION_OUT_OF_BAND,72591,JPEG,0.007801877334713936,848,CC BY 4.0,,848,0.018035888671875,https://commons.wikimedia.org/wiki/File:Solo-Protein_Subunit-vaccine-14.jpg,C:\Documents\Projects\pharmavision\data\raw\balanced_authentic\BA_003151.jpg,812,COVID-19 vaccine vial,"brightness 0.797 outside the counterfeit support [0.341, 0.714]",1280
Spencerbdavis,0.8159757256507874,BA_003152,File:Solo-Protein Subunit-vaccine-15.jpg,exclude,A_ACQUISITION_OUT_OF_BAND,64562,JPEG,0.004198205657303333,848,CC BY 4.0,,848,0.0027008056640625,https://commons.wikimedia.org/wiki/File:Solo-Protein_Subunit-vaccine-15.jpg,C:\Documents\Projects\pharmavision\data\raw\balanced_authentic\BA_003152.jpg,576,COVID-19 vaccine vial,"brightness 0.816 outside the counterfeit support [0.341, 0.714]",1280
Spencerbdavis,0.7905915379524231,BA_003153,File:Solo-Protein Subunit-vaccine-16.jpg,exclude,A_ACQUISITION_OUT_OF_BAND,56753,JPEG,0.0057871174067258835,848,CC BY 4.0,,848,0.0,https://commons.wikimedia.org/wiki/File:Solo-Protein_Subunit-vaccine-16.jpg,C:\Documents\Projects\pharmavision\data\raw\balanced_authentic\BA_003153.jpg,512,COVID-19 vaccine vial,"brightness 0.791 outside the counterfeit support [0.341, 0.714]",1280
Spencerbdavis,0.7611692547798157,BA_003154,File:Solo-Protein Subunit-vaccine-18.jpg,exclude,A_ACQUISITION_OUT_OF_BAND,85232,JPEG,0.005466696806252003,848,CC BY 4.0,,848,0.0023956298828125,https://commons.wikimedia.org/wiki/File:Solo-Protein_Subunit-vaccine-18.jpg,C:\Documents\Projects\pharmavision\data\raw\balanced_authentic\BA_003154.jpg,639,COVID-19 vaccine vial,"brightness 0.761 outside the counterfeit support [0.341, 0.714]",1280
Spencerbdavis,0.7808670401573181,BA_003155,File:Solo-Protein Subunit-vaccine-19.jpg,exclude,A_ACQUISITION_OUT_OF_BAND,259992,JPEG,0.00450539868324995,1933,CC BY 4.0,,1280,0.0023193359375,https://commons.wikimedia.org/wiki/File:Solo-Protein_Subunit-vaccine-19.jpg,C:\Documents\Projects\pharmavision\data\raw\balanced_authentic\BA_003155.jpg,635,COVID-19 vaccine vial,"brightness 0.781 outside the counterfeit support [0.341, 0.714]",1280
Spencerbdavis,0.7359725832939148,BA_003156,File:Solo-Protein Subunit-vaccine-20.jpg,exclude,A_ACQUISITION_OUT_OF_BAND,186707,JPEG,0.005406884476542473,1594,CC BY 4.0,,1280,0.00140380859375,https://commons.wikimedia.org/wiki/File:Solo-Protein_Subunit-vaccine-20.jpg,C:\Documents\Projects\pharmavision\data\raw\balanced_authentic\BA_003156.jpg,785,COVID-19 vaccine vial,"brightness 0.736 outside the counterfeit support [0.341, 0.714]",1280
Spencerbdavis,0.83534836769104,BA_003157,File:Solo-Protein Subunit-vaccine-21.jpg,exclude,A_ACQUISITION_OUT_OF_BAND,91216,JPEG,0.006168159656226635,848,CC BY 4.0,,848,0.0322113037109375,https://commons.wikimedia.org/wiki/File:Solo-Protein_Subunit-vaccine-21.jpg,C:\Documents\Projects\pharmavision\data\raw\balanced_authentic\BA_003157.jpg,846,COVID-19 vaccine vial,"brightness 0.835 outside the counterfeit support [0.341, 0.714]",1280
Internet Archive Book Images,0.6143098473548889,BA_003181,File:Southern medicine and surgery (serial) (1942) (14579348097).jpg,pending_review,,219452,JPEG,0.03534160554409027,938,No restrictions,20,938,0.0,https://commons.wikimedia.org/wiki/File:Southern_medicine_and_surgery_(serial)_(1942)_(14579348097).jpg,C:\Documents\Projects\pharmavision\data\raw\balanced_authentic\BA_003181.jpg,221,medication carton,,1280
Insomniac70,0.5617934465408325,BA_003182,File:Sovaldi 400mg.jpg,pending_review,,157093,JPEG,0.007272323593497276,1107,CC BY-SA 4.0,18,1107,0.0,https://commons.wikimedia.org/wiki/File:Sovaldi_400mg.jpg,C:\Documents\Projects\pharmavision\data\raw\balanced_authentic\BA_003182.jpg,324,sofosbuvir,,1163
Грищук ЮН,0.4812838137149811,BA_003184,File:Soviet International Certificate of Vaccination or Revaccination Against Yellow Fever.jpg,pending_review,,378068,JPEG,0.017811261117458344,1724,CC BY-SA 3.0,16,1280,0.0,https://commons.wikimedia.org/wiki/File:Soviet_International_Certificate_of_Vaccination_or_Revaccination_Against_Yellow_Fever.jpg,C:\Documents\Projects\pharmavision\data\raw\balanced_authentic\BA_003184.jpg,356,yellow fever vaccine,,1280
Shahin Merat,0.3913504183292389,BA_003185,File:Sovodak.jpg,pending_review,,309975,JPEG,0.019722161814570427,693,CC0,18,693,0.000274658203125,https://commons.wikimedia.org/wiki/File:Sovodak.jpg,C:\Documents\Projects\pharmavision\data\raw\balanced_authentic\BA_003185.jpg,935,sofosbuvir,,800
Whispyhistory,0.39182817935943604,BA_003190,File:Stamaril (Yellow fever vaccine).jpg,pending_review,,704716,JPEG,0.04232942312955856,2026,CC BY-SA 4.0,16,1280,0.0,https://commons.wikimedia.org/wiki/File:Stamaril_(Yellow_fever_vaccine).jpg,C:\Documents\Projects\pharmavision\data\raw\balanced_authentic\BA_003190.jpg,1439,yellow fever vaccine,,1280
Xepheid,0.5596593022346497,BA_003191,File:Stamaril FIN.jpg,pending_review,,309808,JPEG,0.027696799486875534,798,CC BY-SA 4.0,12,798,0.04010009765625,https://commons.wikimedia.org/wiki/File:Stamaril_FIN.jpg,C:\Documents\Projects\pharmavision\data\raw\balanced_authentic\BA_003191.jpg,2237,yellow fever vaccine,,1280
Whispyhistory,0.5281713008880615,BA_003192,File:Stamaril.jpg,pending_review,,384315,JPEG,0.03998761624097824,1544,CC BY-SA 4.0,18,1090,0.0009002685546875,https://commons.wikimedia.org/wiki/File:Stamaril.jpg,C:\Documents\Projects\pharmavision\data\raw\balanced_authentic\BA_003192.jpg,2131,yellow fever vaccine,,1090
Doctors Without Borders / MSF-USA,0.24388660490512848,BA_003227,File:Suresh Jadhav for Doctors Without Borders.jpg,exclude,A_ACQUISITION_OUT_OF_BAND,119641,JPEG,0.014855533838272095,1034,CC BY 3.0,,1034,0.0001678466796875,https://commons.wikimedia.org/wiki/File:Suresh_Jadhav_for_Doctors_Without_Borders.jpg,C:\Documents\Projects\pharmavision\data\raw\balanced_authentic\BA_003227.jpg,776,meningitis vaccine,"brightness 0.244 outside the counterfeit support [0.341, 0.714]",1280
Sputink,0.5791791081428528,BA_003320,File:Tanzania issued yellow fever certificate.jpg,pending_review,,452617,JPEG,0.03292118012905121,1660,CC BY-SA 4.0,18,1280,0.0008544921875,https://commons.wikimedia.org/wiki/File:Tanzania_issued_yellow_fever_certificate.jpg,C:\Documents\Projects\pharmavision\data\raw\balanced_authentic\BA_003320.jpg,862,yellow fever vaccine,,1280
Canadian Nurses' Association,0.7982137799263,BA_003335,File:The Canadian nurse (1939) (14584707080).jpg,exclude,A_ACQUISITION_OUT_OF_BAND,442065,JPEG,0.028106579557061195,1917,No restrictions,,1280,0.0,https://commons.wikimedia.org/wiki/File:The_Canadian_nurse_(1939)_(14584707080).jpg,C:\Documents\Projects\pharmavision\data\raw\balanced_authentic\BA_003335.jpg,305,vitamin A capsules,"brightness 0.798 outside the counterfeit support [0.341, 0.714]",1280
Canadian Nurses' Association,0.7596724033355713,BA_003336,File:The Canadian nurse (1939) (14584740730).jpg,exclude,A_ACQUISITION_OUT_OF_BAND,525285,JPEG,0.035234205424785614,1862,No restrictions,,1280,0.0,https://commons.wikimedia.org/wiki/File:The_Canadian_nurse_(1939)_(14584740730).jpg,C:\Documents\Projects\pharmavision\data\raw\balanced_authentic\BA_003336.jpg,296,vitamin A capsules,"brightness 0.760 outside the counterfeit support [0.341, 0.714]",1280
Canadian Nurses' Association,0.4372695982456207,BA_003337,File:The Canadian nurse (1939) (14584765199).jpg,pending_review,,184238,JPEG,0.021757517009973526,844,No restrictions,18,844,0.0,https://commons.wikimedia.org/wiki/File:The_Canadian_nurse_(1939)_(14584765199).jpg,C:\Documents\Projects\pharmavision\data\raw\balanced_authentic\BA_003337.jpg,269,vitamin A capsules,,1280
Canadian Nurses' Association,0.5611159205436707,BA_003338,File:The Canadian nurse (1939) (14584775149).jpg,pending_review,,222172,JPEG,0.02421419508755207,933,No restrictions,16,933,0.0,https://commons.wikimedia.org/wiki/File:The_Canadian_nurse_(1939)_(14584775149).jpg,C:\Documents\Projects\pharmavision\data\raw\balanced_authentic\BA_003338.jpg,232,vitamin A capsules,,1280
Canadian Nurses' Association,0.3706246316432953,BA_003339,File:The Canadian nurse (1939) (14769100424).jpg,pending_review,,268111,JPEG,0.030120357871055603,940,No restrictions,16,940,0.0,https://commons.wikimedia.org/wiki/File:The_Canadian_nurse_(1939)_(14769100424).jpg,C:\Documents\Projects\pharmavision\data\raw\balanced_authentic\BA_003339.jpg,297,vitamin A capsules,,1280
Canadian Nurses' Association,0.38617876172065735,BA_003340,File:The Canadian nurse (1939) (14771451385).jpg,exclude,A_NEAR_DUPLICATE_WITHIN,266398,JPEG,0.029159456491470337,935,No restrictions,16,935,0.0,https://commons.wikimedia.org/wiki/File:The_Canadian_nurse_(1939)_(14771451385).jpg,C:\Documents\Projects\pharmavision\data\raw\balanced_authentic\BA_003340.jpg,277,vitamin A capsules,near-duplicate of BA_003339,1280
Internet Archive Book Images,0.2932020425796509,BA_003341,File:The Carolina medical journal (serial) (1902) (14579934730).jpg,exclude,A_ACQUISITION_OUT_OF_BAND,516642,JPEG,0.06815440207719803,1037,No restrictions,,1037,0.0,https://commons.wikimedia.org/wiki/File:The_Carolina_medical_journal_(serial)_(1902)_(14579934730).jpg,C:\Documents\Projects\pharmavision\data\raw\balanced_authentic\BA_003341.jpg,371,medicine box package,"brightness 0.293 outside the counterfeit support [0.341, 0.714]",1280
Internet Archive Book Images,0.25901469588279724,BA_003342,File:The Carolina medical journal (serial) (1902) (14743657986).jpg,exclude,A_ACQUISITION_OUT_OF_BAND,509891,JPEG,0.07131455838680267,956,No restrictions,,956,0.0,https://commons.wikimedia.org/wiki/File:The_Carolina_medical_journal_(serial)_(1902)_(14743657986).jpg,C:\Documents\Projects\pharmavision\data\raw\balanced_authentic\BA_003342.jpg,353,medicine box package,"brightness 0.259 outside the counterfeit support [0.341, 0.714]",1280
Internet Archive Book Images,0.32837459444999695,BA_003343,File:The Carolina medical journal (serial) (1902) (14766652295).jpg,exclude,A_ACQUISITION_OUT_OF_BAND,474532,JPEG,0.06956981122493744,900,No restrictions,,900,0.0,https://commons.wikimedia.org/wiki/File:The_Carolina_medical_journal_(serial)_(1902)_(14766652295).jpg,C:\Documents\Projects\pharmavision\data\raw\balanced_authentic\BA_003343.jpg,343,medicine box package,"brightness 0.328 outside the counterfeit support [0.341, 0.714]",1280
Ministry of Health and Family Welfare,0.4329564571380615,BA_003367,"File:The Secretary, Ministry of Health and Family Welfare, Shri Prasanna Hota at the Launch of Tyfex Vaccine for Typhoid and Hivac-B vaccine for Hepatitis-B, in New Delhi on October 30, 2006.jpg",pending_review,,260054,JPEG,0.023128004744648933,821,GODL-India,18,821,0.000946044921875,"https://commons.wikimedia.org/wiki/File:The_Secretary,_Ministry_of_Health_and_Family_Welfare,_Shri_Prasanna_Hota_at_the_Launch_of_Tyfex_Vaccine_for_Typhoid_and_Hivac-B_vaccine_for_Hepatitis-B,_in_New_Delhi_on_October_30,_2006.jpg",C:\Documents\Projects\pharmavision\data\raw\balanced_authentic\BA_003367.jpg,1813,hepatitis B vaccine,,1280
Internet Archive Book Images,0.5344554781913757,BA_003368,File:The World almanac and encyclopedia (1915) (14596556437).jpg,pending_review,,814552,JPEG,0.051081396639347076,1947,No restrictions,16,1280,0.0,https://commons.wikimedia.org/wiki/File:The_World_almanac_and_encyclopedia_(1915)_(14596556437).jpg,C:\Documents\Projects\pharmavision\data\raw\balanced_authentic\BA_003368.jpg,293,medicine box package,,1280
Exilexi,0.3809998035430908,BA_003428,File:Tube de lysopaine.jpg,pending_review,,260302,JPEG,0.02076982706785202,960,CC BY 4.0,16,960,0.0003814697265625,https://commons.wikimedia.org/wiki/File:Tube_de_lysopaine.jpg,C:\Documents\Projects\pharmavision\data\raw\balanced_authentic\BA_003428.jpg,2057,Category:Drug packaging,,1280
Bios,0.569464921951294,BA_003434,File:Twinrix GlaxoSmithKline - i-hepA & r-hepB-S-Ag - doos Terumo-naald spuiten.JPG,pending_review,,233416,JPEG,0.017034875229001045,960,CC BY-SA 3.0,18,960,0.0,https://commons.wikimedia.org/wiki/File:Twinrix_GlaxoSmithKline_-_i-hepA_%26_r-hepB-S-Ag_-_doos_Terumo-naald_spuiten.JPG,C:\Documents\Projects\pharmavision\data\raw\balanced_authentic\BA_003434.jpg,742,hepatitis B vaccine,,1280
Whispyhistory,0.5876889824867249,BA_003435,File:Twinrix.jpg,pending_review,,209597,JPEG,0.01433897577226162,718,CC BY-SA 4.0,16,718,0.0,https://commons.wikimedia.org/wiki/File:Twinrix.jpg,C:\Documents\Projects\pharmavision\data\raw\balanced_authentic\BA_003435.jpg,506,hepatitis B vaccine,,1280
,0.3036949932575226,BA_003441,"File:Two metal pill boxes, United States, 1880-1935 Wellcome L0058979.jpg",exclude,A_ACQUISITION_OUT_OF_BAND,226154,JPEG,0.02008311077952385,852,CC BY 4.0,,852,0.0,"https://commons.wikimedia.org/wiki/File:Two_metal_pill_boxes,_United_States,_1880-1935_Wellcome_L0058979.jpg",C:\Documents\Projects\pharmavision\data\raw\balanced_authentic\BA_003441.jpg,1898,medicine box package,"brightness 0.304 outside the counterfeit support [0.341, 0.714]",1280
"U.S. Army Southern European Task Force, Africa",0.3482396602630615,BA_003454,"File:U.S. Army medical researchers take part in World Malaria Day 2010, Kisumu, Kenya April 25, 2010.jpg",pending_review,,251244,JPEG,0.02811727114021778,853,CC BY 2.0,16,853,0.00616455078125,"https://commons.wikimedia.org/wiki/File:U.S._Army_medical_researchers_take_part_in_World_Malaria_Day_2010,_Kisumu,_Kenya_April_25,_2010.jpg",C:\Documents\Projects\pharmavision\data\raw\balanced_authentic\BA_003454.jpg,2149,yellow fever vaccine,,1280
DFID - UK Department for International Development,0.3579963147640228,BA_003455,File:UK Government urges business to boost vaccines effort.jpg,pending_review,,216327,JPEG,0.02413785271346569,932,CC BY 2.0,18,932,0.0334930419921875,https://commons.wikimedia.org/wiki/File:UK_Government_urges_business_to_boost_vaccines_effort.jpg,C:\Documents\Projects\pharmavision\data\raw\balanced_authentic\BA_003455.jpg,1627,hepatitis B vaccine,,1280
Christopher D. Blachly,0.4139591157436371,BA_003456,File:US Navy 050602-N-0555B-006 Hospital Corpsman 3rd Class Natasha Wooden administers a Hepatitis-B vaccine to a Sailors aboard the Nimitz class aircraft carrier USS Ronald Reagan (CVN 76).jpg,pending_review,,242323,JPEG,0.02539992704987526,851,Public domain,18,851,0.008331298828125,https://commons.wikimedia.org/wiki/File:US_Navy_050602-N-0555B-006_Hospital_Corpsman_3rd_Class_Natasha_Wooden_administers_a_Hepatitis-B_vaccine_to_a_Sailors_aboard_the_Nimitz_class_aircraft_carrier_USS_Ronald_Reagan_(CVN_76).jpg,C:\Documents\Projects\pharmavision\data\raw\balanced_authentic\BA_003456.jpg,1656,hepatitis B vaccine,,1280
U.S. Navy Photo by Mass Communication Specialist 3rd Class Joanna M. Rippee,0.3761281669139862,BA_003457,"File:US Navy 070406-N-5627R-326 Airman Sandra Valdovinos, from Delano, Calif., administers Airman Adam Helton, from Mesa, Ariz., a Hepatitis B vaccine.jpg",pending_review,,254313,JPEG,0.02358139678835869,850,Public domain,18,850,0.004974365234375,"https://commons.wikimedia.org/wiki/File:US_Navy_070406-N-5627R-326_Airman_Sandra_Valdovinos,_from_Delano,_Calif.,_administers_Airman_Adam_Helton,_from_Mesa,_Ariz.,_a_Hepatitis_B_vaccine.jpg",C:\Documents\Projects\pharmavision\data\raw\balanced_authentic\BA_003457.jpg,2295,hepatitis B vaccine,,1280
Nicolas Richoffer,0.5530126690864563,BA_003504,File:Vaccin infections invasives à méningocoque.jpg,pending_review,,203813,JPEG,0.02269735187292099,854,CC BY-SA 4.0,16,854,0.0019073486328125,https://commons.wikimedia.org/wiki/File:Vaccin_infections_invasives_%C3%A0_m%C3%A9ningocoque.jpg,C:\Documents\Projects\pharmavision\data\raw\balanced_authentic\BA_003504.jpg,1592,meningococcal vaccine,,1280
Whispyhistory,0.6080700755119324,BA_003505,File:Vaccines UK 16 weeks 2022.jpg,pending_review,,754603,JPEG,0.025688335299491882,1976,CC BY-SA 4.0,18,1280,0.0,https://commons.wikimedia.org/wiki/File:Vaccines_UK_16_weeks_2022.jpg,C:\Documents\Projects\pharmavision\data\raw\balanced_authentic\BA_003505.jpg,659,hepatitis B vaccine,,1280
Valter Campanato/ABr,0.444644570350647,BA_003506,File:Vacina febreamarela.jpg,pending_review,,215941,JPEG,0.03227123245596886,807,CC BY 3.0 br,18,807,0.005584716796875,https://commons.wikimedia.org/wiki/File:Vacina_febreamarela.jpg,C:\Documents\Projects\pharmavision\data\raw\balanced_authentic\BA_003506.jpg,956,yellow fever vaccine,,1280
Press Information Department,0.5202282071113586,BA_003526,"File:Vitamin A Capsule Feeding Program Inauguration, Bauphal Upazila, Patuakhali, 2016-07-16.jpg",pending_review,,154090,JPEG,0.033420149236917496,562,Public domain,18,562,0.0571136474609375,"https://commons.wikimedia.org/wiki/File:Vitamin_A_Capsule_Feeding_Program_Inauguration,_Bauphal_Upazila,_Patuakhali,_2016-07-16.jpg",C:\Documents\Projects\pharmavision\data\raw\balanced_authentic\BA_003526.jpg,3680,vitamin A capsules,,1000
Viki.hola,0.46388569474220276,BA_003527,File:Vitamin B12 B-komplex.jpg,pending_review,,201915,JPEG,0.013888098299503326,1280,CC BY-SA 4.0,14,1280,0.0,https://commons.wikimedia.org/wiki/File:Vitamin_B12_B-komplex.jpg,C:\Documents\Projects\pharmavision\data\raw\balanced_authentic\BA_003527.jpg,797,vitamin A capsules,,1280
Épine,0.33079203963279724,BA_003528,File:Vitamin B12 capsule.jpg,exclude,A_ACQUISITION_OUT_OF_BAND,147244,JPEG,0.01837139017879963,817,CC0,,640,0.0135650634765625,https://commons.wikimedia.org/wiki/File:Vitamin_B12_capsule.jpg,C:\Documents\Projects\pharmavision\data\raw\balanced_authentic\BA_003528.jpg,758,vitamin A capsules,"brightness 0.331 outside the counterfeit support [0.341, 0.714]",640
"Silvestre, Israël (Nancy, 03–08–1621 - Paris, 11–10–1691), graveur",0.6824541091918945,BA_003545,"File:Vue de l'Hostel de Mr. le Mareschal Daumont, du costé du Jardin a Paris, G.435(2).jpg",pending_review,,447950,JPEG,0.05247994512319565,789,CC0,16,789,0.0,"https://commons.wikimedia.org/wiki/File:Vue_de_l%27Hostel_de_Mr._le_Mareschal_Daumont,_du_cost%C3%A9_du_Jardin_a_Paris,_G.435(2).jpg",C:\Documents\Projects\pharmavision\data\raw\balanced_authentic\BA_003545.jpg,239,bevacizumab Avastin,,1280
"Silvestre, Israël (Nancy, 03–08–1621 - Paris, 11–10–1691), graveur",0.6161694526672363,BA_003546,"File:Vue de l'Hostel de Mr. le Mareschal Daumont, du costé du Jardin a Paris, G.435(3).jpg",pending_review,,401588,JPEG,0.053348392248153687,714,CC0,14,714,0.0,"https://commons.wikimedia.org/wiki/File:Vue_de_l%27Hostel_de_Mr._le_Mareschal_Daumont,_du_cost%C3%A9_du_Jardin_a_Paris,_G.435(3).jpg",C:\Documents\Projects\pharmavision\data\raw\balanced_authentic\BA_003546.jpg,267,bevacizumab Avastin,,1280
"Silvestre, Israël (Nancy, 03–08–1621 - Paris, 11–10–1691), graveur",0.6887657046318054,BA_003547,"File:Vue de l'Hostel de Mr. le Mareschal Daumont, du costé du Jardin a Paris, G.435.jpg",exclude,A_NEAR_DUPLICATE_WITHIN,383968,JPEG,0.03486490994691849,849,CC0,12,849,0.0,"https://commons.wikimedia.org/wiki/File:Vue_de_l%27Hostel_de_Mr._le_Mareschal_Daumont,_du_cost%C3%A9_du_Jardin_a_Paris,_G.435.jpg",C:\Documents\Projects\pharmavision\data\raw\balanced_authentic\BA_003547.jpg,256,bevacizumab Avastin,near-duplicate of BA_003545,1280
Wikisanchez,0.955035388469696,BA_003551,File:WHO-UNICEF estimates of YFV coverage in African countries.png,exclude,A_NOT_PHOTOGRAPH,173111,PNG,0.03310617431998253,1045,CC BY-SA 4.0,,807,0.7940826416015625,https://commons.wikimedia.org/wiki/File:WHO-UNICEF_estimates_of_YFV_coverage_in_African_countries.png,C:\Documents\Projects\pharmavision\data\raw\balanced_authentic\BA_003551.jpg,1336,yellow fever vaccine,"grad 0.0331, white 0.79, colours 1336",807
Nelson R. de Lima Filho,0.5983714461326599,BA_003575,File:Wegovy - Semaglutide.jpg,pending_review,,455396,JPEG,0.031056394800543785,1707,CC BY 4.0,18,1280,0.0013885498046875,https://commons.wikimedia.org/wiki/File:Wegovy_-_Semaglutide.jpg,C:\Documents\Projects\pharmavision\data\raw\balanced_authentic\BA_003575.jpg,1667,semaglutide Ozempic,,1280
