image_id,pool,class_label,capture_pattern,modality,width,height,min_side,file_size_bytes,brightness,mean_r,mean_g,mean_b
kaggle_fake_real_medicine_abe9a0392b,kaggle_modeling_pool,counterfeit,Screenshot*.png,blister,410,624,410,339822,0.6347289681434631,0.7078220844268799,0.6560134887695312,0.540351152420044
kaggle_fake_real_medicine_f8bd42c191,kaggle_modeling_pool,counterfeit,Screenshot*.png,blister,509,637,509,496030,0.5178021788597107,0.540703535079956,0.5188859701156616,0.493817001581192
kaggle_fake_real_medicine_37f2de3e47,kaggle_modeling_pool,counterfeit,Screenshot*.png,blister,500,591,500,443273,0.5578336119651794,0.5817354321479797,0.5527008771896362,0.5390644073486328
kaggle_fake_real_medicine_bb072fcacf,kaggle_modeling_pool,counterfeit,Screenshot*.png,blister,367,556,367,299354,0.3773587644100189,0.3636718988418579,0.379154235124588,0.38925015926361084
kaggle_fake_real_medicine_9194880064,kaggle_modeling_pool,counterfeit,Screenshot*.png,blister,330,626,330,410100,0.5279211401939392,0.5424652099609375,0.5161564350128174,0.525141716003418
kaggle_fake_real_medicine_25067d5759,kaggle_modeling_pool,counterfeit,Screenshot*.png,blister,286,600,286,279735,0.4541771709918976,0.46135109663009644,0.45590150356292725,0.44527900218963623
kaggle_fake_real_medicine_b1ef0bed1a,kaggle_modeling_pool,counterfeit,Screenshot*.png,blister,339,355,339,168102,0.7301211953163147,0.8247338533401489,0.6505802273750305,0.7150496244430542
kaggle_fake_real_medicine_396d1f8c90,kaggle_modeling_pool,counterfeit,Screenshot*.png,blister,315,346,315,147001,0.6486873626708984,0.6665977835655212,0.642827033996582,0.6366373896598816
kaggle_fake_real_medicine_b309605a66,kaggle_modeling_pool,counterfeit,Screenshot*.png,packaging,497,268,268,145595,0.5505645871162415,0.5760847926139832,0.556679904460907,0.518929123878479
kaggle_fake_real_medicine_5c8597c371,kaggle_modeling_pool,counterfeit,Screenshot*.png,packaging,434,564,434,214698,0.66145259141922,0.6208027005195618,0.6729990243911743,0.6905560493469238
kaggle_fake_real_medicine_34ab2f2d9a,kaggle_modeling_pool,counterfeit,Screenshot*.png,blister,533,716,533,740760,0.48701557517051697,0.47067058086395264,0.48017483949661255,0.5102012753486633
kaggle_fake_real_medicine_11604ed3c3,kaggle_modeling_pool,counterfeit,Screenshot*.png,blister,546,704,546,613898,0.5465893745422363,0.541587233543396,0.5418217778205872,0.5563591718673706
kaggle_fake_real_medicine_58801704ed,kaggle_modeling_pool,counterfeit,Screenshot*.png,blister,184,576,184,180621,0.6786761283874512,0.6889839768409729,0.6826267242431641,0.6644177436828613
kaggle_fake_real_medicine_1dc53f3866,kaggle_modeling_pool,counterfeit,Screenshot*.png,blister,154,561,154,161236,0.596876323223114,0.5942392349243164,0.6099188327789307,0.5864708423614502
kaggle_fake_real_medicine_cef5c75a62,kaggle_modeling_pool,counterfeit,Screenshot*.png,blister,605,396,396,414076,0.49959659576416016,0.5005581974983215,0.5064884424209595,0.491743266582489
kaggle_fake_real_medicine_4c0e6ed34f,kaggle_modeling_pool,counterfeit,Screenshot*.png,blister,600,385,385,400200,0.4780815839767456,0.47691580653190613,0.47897905111312866,0.4783500134944916
kaggle_fake_real_medicine_a81e5a0d51,kaggle_modeling_pool,counterfeit,Screenshot*.png,blister,323,483,323,204237,0.4590839445590973,0.5078545808792114,0.44339385628700256,0.4260033965110779
kaggle_fake_real_medicine_cc8cf2a429,kaggle_modeling_pool,counterfeit,Screenshot*.png,blister,368,570,368,244166,0.4751107692718506,0.5109987854957581,0.47044461965560913,0.4438888430595398
kaggle_fake_real_medicine_ee08abeab4,kaggle_modeling_pool,counterfeit,Screenshot*.png,blister,368,571,368,258507,0.39598336815834045,0.4436255395412445,0.3785759508609772,0.3657485246658325
kaggle_fake_real_medicine_64dd03edff,kaggle_modeling_pool,counterfeit,Screenshot*.png,blister,438,687,438,336856,0.49892768263816833,0.5331686735153198,0.49227941036224365,0.4713350534439087
kaggle_fake_real_medicine_bb65355f8c,kaggle_modeling_pool,counterfeit,Screenshot*.png,packaging,750,360,360,359514,0.38728365302085876,0.32221776247024536,0.48762446641921997,0.3520086705684662
kaggle_fake_real_medicine_fe44cc5e9d,kaggle_modeling_pool,counterfeit,Screenshot*.png,packaging,782,372,372,361010,0.3891563415527344,0.35026806592941284,0.4745940566062927,0.34260687232017517
kaggle_fake_real_medicine_bdd667d804,kaggle_modeling_pool,counterfeit,Screenshot*.png,packaging,619,376,376,355475,0.419335275888443,0.36266374588012695,0.47634899616241455,0.41899317502975464
kaggle_fake_real_medicine_e0ee096bd4,kaggle_modeling_pool,counterfeit,Screenshot*.png,packaging,786,441,441,410706,0.5810046195983887,0.7377145290374756,0.6448750495910645,0.36042433977127075
kaggle_fake_real_medicine_5051676f43,kaggle_modeling_pool,counterfeit,Screenshot*.png,blister,432,263,263,212587,0.5422408580780029,0.545036792755127,0.5455853939056396,0.5361002683639526
kaggle_fake_real_medicine_82c705d9a3,kaggle_modeling_pool,counterfeit,Screenshot*.png,blister,440,278,278,219856,0.5632483959197998,0.5185441970825195,0.5716279745101929,0.599573016166687
kaggle_fake_real_medicine_06b6d37f6b,kaggle_modeling_pool,counterfeit,Screenshot*.png,packaging,322,532,322,216322,0.5803296566009521,0.5913019180297852,0.6421032547950745,0.5075836777687073
kaggle_fake_real_medicine_02fb0de709,kaggle_modeling_pool,counterfeit,Screenshot*.png,packaging,335,546,335,242365,0.49781012535095215,0.37163758277893066,0.5583381056785583,0.5634545683860779
kaggle_fake_real_medicine_b480e1c8f2,kaggle_modeling_pool,counterfeit,Screenshot*.png,packaging,328,333,328,133920,0.3546479642391205,0.6283471584320068,0.2232278287410736,0.21236884593963623
kaggle_fake_real_medicine_e54f1413e6,kaggle_modeling_pool,counterfeit,Screenshot*.png,packaging,327,244,244,118811,0.33170926570892334,0.5679247379302979,0.21468961238861084,0.21251341700553894
kaggle_fake_real_medicine_ceca214aef,kaggle_modeling_pool,counterfeit,Screenshot*.png,packaging,747,541,541,417777,0.3601367771625519,0.6097216606140137,0.24422681331634521,0.2264619767665863
kaggle_fake_real_medicine_d888730101,kaggle_modeling_pool,counterfeit,Screenshot*.png,packaging,659,518,518,376496,0.35214877128601074,0.6221105456352234,0.22120673954486847,0.21312904357910156
kaggle_fake_real_medicine_df4942e36c,kaggle_modeling_pool,counterfeit,Screenshot*.png,blister,1056,681,681,768018,0.7013171315193176,0.7139983177185059,0.700730562210083,0.6892223954200745
kaggle_fake_real_medicine_397d25585e,kaggle_modeling_pool,counterfeit,Screenshot*.png,blister,1012,655,655,531664,0.6833081245422363,0.6933086514472961,0.6825166940689087,0.6740990877151489
kaggle_fake_real_medicine_ed50ba731d,kaggle_modeling_pool,counterfeit,Screenshot*.png,blister,922,607,607,557680,0.6855525970458984,0.7012092471122742,0.6810891628265381,0.6743595004081726
kaggle_fake_real_medicine_1f137669d8,kaggle_modeling_pool,counterfeit,Screenshot*.png,blister,961,634,634,774351,0.6566205024719238,0.6711981296539307,0.6478678584098816,0.650795578956604
kaggle_fake_real_medicine_4908070dd8,kaggle_modeling_pool,counterfeit,Screenshot*.png,blister,587,738,587,697012,0.5810977816581726,0.5889313220977783,0.5926594734191895,0.5617024898529053
kaggle_fake_real_medicine_28de2a6574,kaggle_modeling_pool,counterfeit,Screenshot*.png,blister,621,744,621,652077,0.5930635333061218,0.6081141233444214,0.5964001417160034,0.5746763944625854
kaggle_fake_real_medicine_eb40c5afee,kaggle_modeling_pool,counterfeit,Screenshot*.png,blister,451,674,451,345034,0.4218829870223999,0.7286467552185059,0.4952215552330017,0.04178059846162796
kaggle_fake_real_medicine_a877ae06a7,kaggle_modeling_pool,counterfeit,Screenshot*.png,blister,437,686,437,258780,0.6247351765632629,0.6248401403427124,0.6221794486045837,0.6271858215332031
kaggle_fake_real_medicine_9a1295c310,kaggle_modeling_pool,counterfeit,Screenshot*.png,packaging,422,644,422,389602,0.4249148368835449,0.2728094458580017,0.4684264361858368,0.5335085391998291
kaggle_fake_real_medicine_18d048cab3,kaggle_modeling_pool,counterfeit,Screenshot*.png,packaging,391,637,391,400072,0.3887420892715454,0.23355066776275635,0.430539608001709,0.5021359920501709
kaggle_fake_real_medicine_5ee8edd1a9,kaggle_modeling_pool,counterfeit,Screenshot*.png,packaging,552,633,552,472370,0.33893516659736633,0.2116900384426117,0.3507448732852936,0.4543706178665161
kaggle_fake_real_medicine_0a680b1608,kaggle_modeling_pool,counterfeit,Screenshot*.png,packaging,555,654,555,488632,0.33914610743522644,0.20824335515499115,0.3511948585510254,0.45800015330314636
kaggle_fake_real_medicine_73a6ece8e9,kaggle_modeling_pool,counterfeit,Screenshot*.png,packaging,855,629,629,667321,0.31809958815574646,0.21227693557739258,0.3187662959098816,0.4232556223869324
kaggle_fake_real_medicine_7446e607cc,kaggle_modeling_pool,counterfeit,Screenshot*.png,packaging,829,626,626,608228,0.3058325946331024,0.21504385769367218,0.3091586232185364,0.3932952284812927
kaggle_fake_real_medicine_33b679aa91,kaggle_modeling_pool,counterfeit,Screenshot*.png,packaging,565,589,565,422001,0.3523019850254059,0.22411632537841797,0.36117303371429443,0.4716165065765381
kaggle_fake_real_medicine_c6e7f52827,kaggle_modeling_pool,counterfeit,Screenshot*.png,packaging,504,595,504,408563,0.3476591110229492,0.22683537006378174,0.35523706674575806,0.460904985666275
kaggle_fake_real_medicine_5aea38a804,kaggle_modeling_pool,counterfeit,Screenshot*.png,packaging,370,589,370,350215,0.40400394797325134,0.2630600929260254,0.4431918263435364,0.5057598352432251
kaggle_fake_real_medicine_177fc57119,kaggle_modeling_pool,counterfeit,Screenshot*.png,blister,472,736,472,471566,0.6125019192695618,0.6708458065986633,0.6082749366760254,0.5583850145339966
kaggle_fake_real_medicine_bed27cb29b,kaggle_modeling_pool,counterfeit,Screenshot*.png,blister,453,723,453,586600,0.49115511775016785,0.7297545671463013,0.48703280091285706,0.2566779851913452
kaggle_fake_real_medicine_155d6ed1b1,kaggle_modeling_pool,counterfeit,Screenshot*.png,blister,551,711,551,479991,0.7025930285453796,0.7072993516921997,0.7092361450195312,0.6912435293197632
kaggle_fake_real_medicine_988dbe3d3d,kaggle_modeling_pool,counterfeit,Screenshot*.png,blister,491,718,491,328424,0.7473815083503723,0.7635550498962402,0.7433450222015381,0.7352443337440491
kaggle_fake_real_medicine_ca0154ce9b,kaggle_modeling_pool,counterfeit,Screenshot*.png,blister,454,700,454,438653,0.6343271732330322,0.6952378153800964,0.6068732738494873,0.6008703112602234
kaggle_fake_real_medicine_1815be2b4b,kaggle_modeling_pool,counterfeit,Screenshot*.png,blister,440,684,440,468346,0.6646475195884705,0.7020900249481201,0.6571605205535889,0.6346919536590576
kaggle_fake_real_medicine_e6f009da18,kaggle_modeling_pool,counterfeit,Screenshot*.png,blister,667,611,611,263560,0.7106652855873108,0.7201822996139526,0.7135847806930542,0.6982288360595703
kaggle_fake_real_medicine_5469052ee7,kaggle_modeling_pool,counterfeit,Screenshot*.png,blister,629,613,613,282106,0.5607785582542419,0.6840341687202454,0.44572708010673523,0.5525745153427124
kaggle_fake_real_medicine_1f8b2ac73f,kaggle_modeling_pool,counterfeit,Screenshot*.png,blister,532,694,532,499292,0.4788108170032501,0.7646063566207886,0.49797219038009644,0.17385397851467133
kaggle_fake_real_medicine_baaa90a0db,kaggle_modeling_pool,counterfeit,Screenshot*.png,blister,498,719,498,458678,0.6177335381507874,0.6314032077789307,0.6171329021453857,0.6046645641326904
kaggle_fake_real_medicine_ae2efd1c6c,kaggle_modeling_pool,counterfeit,Screenshot*.png,blister,327,482,327,222377,0.5653438568115234,0.5433852672576904,0.5879940390586853,0.5646523237228394
kaggle_fake_real_medicine_77d7798a4a,kaggle_modeling_pool,counterfeit,Screenshot*.png,blister,414,613,414,336505,0.4871859848499298,0.20047298073768616,0.5776166915893555,0.6834683418273926
kaggle_fake_real_medicine_89a3cb0f36,kaggle_modeling_pool,counterfeit,Screenshot*.png,blister,287,551,287,250893,0.5484400391578674,0.5582845211029053,0.5456141233444214,0.5414215326309204
kaggle_fake_real_medicine_c934d254bd,kaggle_modeling_pool,counterfeit,Screenshot*.png,blister,305,552,305,352272,0.5856748223304749,0.6327943205833435,0.5821959376335144,0.5420343279838562
kaggle_fake_real_medicine_c4de85a2db,kaggle_modeling_pool,counterfeit,Screenshot*.png,blister,274,582,274,345587,0.6735262274742126,0.706230878829956,0.6849408149719238,0.6294069886207581
kaggle_fake_real_medicine_20c4a33635,kaggle_modeling_pool,counterfeit,Screenshot*.png,blister,276,596,276,310139,0.6470773220062256,0.645383358001709,0.6471248865127563,0.6487237811088562
kaggle_fake_real_medicine_ad08294037,kaggle_modeling_pool,counterfeit,Screenshot*.png,blister,480,523,480,383952,0.46464142203330994,0.5667356252670288,0.3659687042236328,0.4612199664115906
kaggle_fake_real_medicine_8375bf7fdb,kaggle_modeling_pool,counterfeit,Screenshot*.png,blister,472,518,472,358051,0.4831319749355316,0.4955068826675415,0.4878982901573181,0.46599072217941284
kaggle_fake_real_medicine_046bd91b0a,kaggle_modeling_pool,counterfeit,Screenshot*.png,blister,497,530,497,404678,0.5096354484558105,0.5957069396972656,0.418576717376709,0.5146225690841675
kaggle_fake_real_medicine_f4ed8cc19a,kaggle_modeling_pool,counterfeit,Screenshot*.png,blister,513,541,513,379970,0.6073191165924072,0.6165690422058105,0.6140931844711304,0.5912952423095703
kaggle_fake_real_medicine_506ede5841,kaggle_modeling_pool,counterfeit,Screenshot*.png,blister,464,723,464,628291,0.6596523523330688,0.698813796043396,0.6522796154022217,0.6278636455535889
kaggle_fake_real_medicine_25387c207b,kaggle_modeling_pool,counterfeit,Screenshot*.png,blister,494,739,494,712299,0.6302179098129272,0.6918036341667175,0.6021685600280762,0.5966816544532776
kaggle_fake_real_medicine_000e488d37,kaggle_modeling_pool,counterfeit,Screenshot*.png,blister,360,541,360,332855,0.4043543338775635,0.37641793489456177,0.4157063961029053,0.4209386706352234
kaggle_fake_real_medicine_270967078e,kaggle_modeling_pool,counterfeit,Screenshot*.png,blister,343,519,343,266877,0.46157869696617126,0.33798736333847046,0.5102185010910034,0.5365301370620728
kaggle_fake_real_medicine_e4d1e5b8f5,kaggle_modeling_pool,counterfeit,Screenshot*.png,blister,337,517,337,307005,0.3872915804386139,0.374223530292511,0.38979971408843994,0.3978515863418579
kaggle_fake_real_medicine_8bee079fd4,kaggle_modeling_pool,counterfeit,Screenshot*.png,blister,339,498,339,266521,0.39093711972236633,0.28449660539627075,0.43400830030441284,0.4543064832687378
kaggle_fake_real_medicine_22d308b24a,kaggle_modeling_pool,counterfeit,Screenshot*.png,blister,518,767,518,562442,0.7430041432380676,0.740361750125885,0.7477635145187378,0.7408873438835144
kaggle_fake_real_medicine_234a3dbd69,kaggle_modeling_pool,counterfeit,Screenshot*.png,blister,589,778,589,595535,0.7019863128662109,0.5319278836250305,0.7474714517593384,0.8265596628189087
kaggle_fake_real_medicine_974bfcd4fb,kaggle_modeling_pool,counterfeit,Screenshot*.png,packaging,289,683,289,155907,0.6958994269371033,0.7048847675323486,0.7012513279914856,0.6815621256828308
kaggle_fake_real_medicine_032068ff32,kaggle_modeling_pool,counterfeit,Screenshot*.png,packaging,895,514,514,328739,0.7534964680671692,0.8304927349090576,0.7698233127593994,0.6601734757423401
kaggle_fake_real_medicine_9abd16be2c,kaggle_modeling_pool,counterfeit,Screenshot*.png,blister,429,621,429,387525,0.6026900410652161,0.6570073366165161,0.6369715332984924,0.5140912532806396
kaggle_fake_real_medicine_98d158b5a6,kaggle_modeling_pool,counterfeit,Screenshot*.png,packaging,860,499,499,420240,0.7433928847312927,0.8115789294242859,0.7047305107116699,0.7138691544532776
kaggle_fake_real_medicine_b18a8265f3,kaggle_modeling_pool,counterfeit,Screenshot*.png,packaging,436,668,436,295024,0.6989343762397766,0.6892252564430237,0.7090542316436768,0.6985237002372742
kaggle_fake_real_medicine_dbde84d79d,kaggle_modeling_pool,counterfeit,Screenshot*.png,packaging,794,488,488,404113,0.632152259349823,0.618455171585083,0.6463177800178528,0.6316837072372437
kaggle_fake_real_medicine_3bf4bb75f4,kaggle_modeling_pool,counterfeit,Screenshot*.png,packaging,463,779,463,352632,0.3272790014743805,0.46937522292137146,0.30075159668922424,0.2117101401090622
kaggle_fake_real_medicine_f0cae78738,kaggle_modeling_pool,counterfeit,Screenshot*.png,packaging,431,734,431,249742,0.7657048106193542,0.721923828125,0.7914014458656311,0.7837890386581421
kaggle_fake_real_medicine_4e37e908bb,kaggle_modeling_pool,counterfeit,Screenshot*.png,packaging,996,387,387,318218,0.6797437071800232,0.703872799873352,0.6780350208282471,0.6573233008384705
kaggle_fake_real_medicine_da2df27cc4,kaggle_modeling_pool,counterfeit,Screenshot*.png,packaging,767,457,457,388415,0.4240964949131012,0.6622998714447021,0.37548065185546875,0.23450905084609985
kaggle_fake_real_medicine_012f2d2f27,kaggle_modeling_pool,counterfeit,Screenshot*.png,packaging,814,444,444,466308,0.4589167535305023,0.6566435098648071,0.42416226863861084,0.2959443926811218
kaggle_fake_real_medicine_8fd20d7ff6,kaggle_modeling_pool,counterfeit,Screenshot*.png,packaging,675,648,648,498892,0.4446142017841339,0.6565209627151489,0.4428299367427826,0.23449182510375977
kaggle_fake_real_medicine_78cf259e7e,kaggle_modeling_pool,counterfeit,Screenshot*.png,packaging,587,324,324,256090,0.46795153617858887,0.6777842044830322,0.4250708520412445,0.3009995222091675
kaggle_fake_real_medicine_a9fbc36030,kaggle_modeling_pool,counterfeit,Screenshot*.png,packaging,591,334,334,298731,0.44949960708618164,0.6774797439575195,0.4099934995174408,0.261025607585907
kaggle_fake_real_medicine_e8f66141b9,kaggle_modeling_pool,counterfeit,Screenshot*.png,packaging,840,443,443,249402,0.7205295562744141,0.7184474468231201,0.7363874912261963,0.7067536115646362
kaggle_fake_real_medicine_423916758c,kaggle_modeling_pool,counterfeit,Screenshot*.png,packaging,818,384,384,288658,0.7463743090629578,0.762410044670105,0.7269119620323181,0.7498009204864502
kaggle_fake_real_medicine_fb41370788,kaggle_modeling_pool,counterfeit,Screenshot*.png,blister,200,501,200,142784,0.5382477641105652,0.7106043100357056,0.6070715188980103,0.29706746339797974
kaggle_fake_real_medicine_56baf2ccf3,kaggle_modeling_pool,counterfeit,Screenshot*.png,packaging,458,745,458,522375,0.3942481577396393,0.2706523835659027,0.48282209038734436,0.42927008867263794
kaggle_fake_real_medicine_8084abfeac,kaggle_modeling_pool,counterfeit,Screenshot*.png,blister,468,719,468,442605,0.6240589022636414,0.643017590045929,0.6260273456573486,0.6031317114830017
kaggle_fake_real_medicine_24e0fae4e3,kaggle_modeling_pool,counterfeit,Screenshot*.png,blister,450,722,450,430982,0.42754319310188293,0.2606962323188782,0.5365790128707886,0.4853544235229492
kaggle_fake_real_medicine_680234b7cf,kaggle_modeling_pool,counterfeit,Screenshot*.png,blister,426,697,426,374313,0.6316856145858765,0.6471536159515381,0.6371046304702759,0.610798716545105
kaggle_fake_real_medicine_13f55e7bae,kaggle_modeling_pool,counterfeit,Screenshot*.png,packaging,604,390,390,192017,0.7881153225898743,0.8006960153579712,0.7879145741462708,0.7757353186607361
kaggle_fake_real_medicine_12a224b226,kaggle_modeling_pool,counterfeit,Screenshot*.png,packaging,616,412,412,260108,0.6345243453979492,0.8533682227134705,0.7576746344566345,0.29253023862838745
kaggle_fake_real_medicine_96200fd98f,kaggle_modeling_pool,counterfeit,Screenshot*.png,packaging,690,434,434,434582,0.5631721019744873,0.609167218208313,0.5380687713623047,0.542280375957489
kaggle_fake_real_medicine_0bd80c0685,kaggle_modeling_pool,counterfeit,Screenshot*.png,packaging,638,425,425,331055,0.46435070037841797,0.612096905708313,0.30203738808631897,0.4789177477359772
kaggle_fake_real_medicine_a6073ba2ac,kaggle_modeling_pool,counterfeit,Screenshot*.png,packaging,530,663,530,532334,0.6027554869651794,0.6486060619354248,0.6601610779762268,0.49949929118156433
kaggle_fake_real_medicine_84a5c72682,kaggle_modeling_pool,counterfeit,Screenshot*.png,packaging,313,805,313,270024,0.39805006980895996,0.5915738344192505,0.48645931482315063,0.11611711978912354
kaggle_fake_real_medicine_eb34751b20,kaggle_modeling_pool,counterfeit,Screenshot*.png,packaging,840,691,691,582793,0.4330451488494873,0.6484767198562622,0.4945322275161743,0.1561264991760254
kaggle_fake_real_medicine_04c5e557b8,kaggle_modeling_pool,counterfeit,Screenshot*.png,packaging,853,689,689,642179,0.42629382014274597,0.6403358578681946,0.4978659152984619,0.14067958295345306
kaggle_fake_real_medicine_99dc72e0c5,kaggle_modeling_pool,counterfeit,Screenshot*.png,packaging,831,251,251,275570,0.38705897331237793,0.5785702466964722,0.47604453563690186,0.10656213015317917
kaggle_fake_real_medicine_6bf967cf84,kaggle_modeling_pool,counterfeit,Screenshot*.png,packaging,828,256,256,282703,0.41228973865509033,0.5559839010238647,0.4779507517814636,0.20293448865413666
kaggle_fake_real_medicine_4d4cf4a7d4,kaggle_modeling_pool,counterfeit,Screenshot*.png,packaging,398,684,398,310427,0.3889584541320801,0.730661153793335,0.2848508358001709,0.15136337280273438
kaggle_fake_real_medicine_0328be33cf,kaggle_modeling_pool,counterfeit,Screenshot*.png,packaging,821,421,421,385239,0.5639613270759583,0.5388528108596802,0.6461818218231201,0.5068493485450745
kaggle_fake_real_medicine_657978f2b5,kaggle_modeling_pool,counterfeit,Screenshot*.png,packaging,396,699,396,431012,0.46960973739624023,0.656933605670929,0.385990172624588,0.3659055233001709
kaggle_fake_real_medicine_edd956a181,kaggle_modeling_pool,counterfeit,Screenshot*.png,packaging,660,493,493,486430,0.634040892124176,0.7907887697219849,0.6009392738342285,0.5103946328163147
kaggle_fake_real_medicine_f61949b1d3,kaggle_modeling_pool,counterfeit,Screenshot*.png,packaging,824,471,471,367582,0.7027557492256165,0.6770842671394348,0.7142951488494873,0.7168878316879272
kaggle_fake_real_medicine_a8e282a356,kaggle_modeling_pool,counterfeit,Screenshot*.png,blister,426,576,426,384978,0.4717508554458618,0.564568042755127,0.45232459902763367,0.3983599841594696
kaggle_fake_real_medicine_a7da985656,kaggle_modeling_pool,counterfeit,Screenshot*.png,blister,406,550,406,372929,0.49105969071388245,0.8279938697814941,0.4425934851169586,0.20259171724319458
kaggle_fake_real_medicine_c3c3d47e1c,kaggle_modeling_pool,counterfeit,Screenshot*.png,packaging,303,561,303,199541,0.34713542461395264,0.34021908044815063,0.41697877645492554,0.28420841693878174
kaggle_fake_real_medicine_87cff291d4,kaggle_modeling_pool,counterfeit,Screenshot*.png,packaging,417,549,417,235295,0.7438623309135437,0.780185341835022,0.7268985509872437,0.7245031595230103
kaggle_fake_real_medicine_089048438e,kaggle_modeling_pool,counterfeit,Screenshot*.png,packaging,327,537,327,256862,0.4328010082244873,0.5710890293121338,0.5038727521896362,0.22344133257865906
kaggle_fake_real_medicine_8f4cadab06,kaggle_modeling_pool,counterfeit,Screenshot*.png,packaging,349,559,349,263865,0.3617851734161377,0.3176940083503723,0.370449423789978,0.39721202850341797
kaggle_fake_real_medicine_c2c11d3bdd,kaggle_modeling_pool,counterfeit,Screenshot*.png,packaging,401,564,401,320379,0.35110676288604736,0.37571805715560913,0.417163610458374,0.2604387104511261
kaggle_fake_real_medicine_c8e1ccb599,kaggle_modeling_pool,counterfeit,Screenshot*.png,packaging,867,337,337,250074,0.7056536078453064,0.7278243899345398,0.704268217086792,0.6848680973052979
kaggle_fake_real_medicine_2bf66badab,kaggle_modeling_pool,counterfeit,Screenshot*.png,packaging,361,630,361,191450,0.774528980255127,0.7324802875518799,0.7991546392440796,0.7919519543647766
kaggle_fake_real_medicine_e7b0b553a2,kaggle_modeling_pool,counterfeit,Screenshot*.png,packaging,378,641,378,256041,0.31024911999702454,0.4565477669239044,0.28319644927978516,0.19100318849086761
kaggle_fake_real_medicine_62fb730310,kaggle_modeling_pool,counterfeit,Screenshot*.png,packaging,652,387,387,292394,0.6181809902191162,0.6060748100280762,0.6312547922134399,0.6172133684158325
kaggle_fake_real_medicine_9d0ac488eb,kaggle_modeling_pool,counterfeit,Screenshot*.png,blister,354,482,354,286909,0.4105331599712372,0.652639627456665,0.3851926326751709,0.1937672346830368
kaggle_fake_real_medicine_8e01740418,kaggle_modeling_pool,counterfeit,Screenshot*.png,blister,339,480,339,260553,0.6065956950187683,0.6576238870620728,0.6038402318954468,0.5583227872848511
kaggle_fake_real_medicine_a7129b711b,kaggle_modeling_pool,counterfeit,Screenshot*.png,blister,446,730,446,684150,0.6089333891868591,0.592937171459198,0.6239008903503418,0.6099619269371033
kaggle_fake_real_medicine_b332587f57,kaggle_modeling_pool,counterfeit,Screenshot*.png,packaging,875,538,538,416737,0.6903183460235596,0.7072314023971558,0.7526616454124451,0.6110619902610779
kaggle_fake_real_medicine_7019b8e00b,kaggle_modeling_pool,counterfeit,Screenshot*.png,blister,400,610,400,308637,0.7259950637817383,0.7446471452713013,0.7360255718231201,0.697312593460083
kaggle_fake_real_medicine_26d1582ee3,kaggle_modeling_pool,counterfeit,Screenshot*.png,packaging,591,520,520,207283,0.8095623850822449,0.8592514991760254,0.7936906814575195,0.7757448554039001
kaggle_fake_real_medicine_7b74b77c17,kaggle_modeling_pool,counterfeit,Screenshot*.png,blister,528,736,528,470953,0.7157009243965149,0.7149280309677124,0.731733500957489,0.7004413604736328
kaggle_fake_real_medicine_1dbf78ab67,kaggle_modeling_pool,counterfeit,Screenshot*.png,blister,501,721,501,660360,0.44403791427612305,0.28626590967178345,0.6315267086029053,0.41432100534439087
kaggle_fake_real_medicine_e0787b76d6,kaggle_modeling_pool,counterfeit,Screenshot*.png,blister,480,712,480,560204,0.4265469014644623,0.7385866641998291,0.5051767826080322,0.03587718307971954
kaggle_fake_real_medicine_2fb956eb5f,kaggle_modeling_pool,counterfeit,Screenshot*.png,blister,471,710,471,596568,0.6335462331771851,0.6320111751556396,0.6343271732330322,0.6343003511428833
kaggle_fake_real_medicine_41708c1798,kaggle_modeling_pool,counterfeit,Screenshot*.png,blister,450,501,450,339918,0.70713210105896,0.7763509154319763,0.6856110095977783,0.6594343185424805
kaggle_fake_real_medicine_e1c5225193,kaggle_modeling_pool,counterfeit,Screenshot*.png,blister,408,500,408,350355,0.45519495010375977,0.3782983124256134,0.41834118962287903,0.5689453482627869
kaggle_fake_real_medicine_93e23b7ec2,kaggle_modeling_pool,counterfeit,Screenshot*.png,blister,332,464,332,197960,0.30499163269996643,0.30073243379592896,0.29104724526405334,0.32319527864456177
kaggle_fake_real_medicine_eae6b71ab1,kaggle_modeling_pool,counterfeit,Screenshot*.png,blister,319,466,319,194990,0.393653005361557,0.3965418338775635,0.38742342591285706,0.3969936966896057
kaggle_fake_real_medicine_9c31a23b9a,kaggle_modeling_pool,counterfeit,Screenshot*.png,blister,451,683,451,519366,0.4873340427875519,0.5351725220680237,0.485720157623291,0.44110944867134094
kaggle_fake_real_medicine_c81ed5b421,kaggle_modeling_pool,counterfeit,Screenshot*.png,blister,457,697,457,593969,0.42985573410987854,0.6483551263809204,0.4135167598724365,0.22769513726234436
kaggle_fake_real_medicine_06940a3932,kaggle_modeling_pool,counterfeit,Screenshot*.png,packaging,388,649,388,280860,0.7004292607307434,0.6937155723571777,0.6554304361343384,0.7521417140960693
kaggle_fake_real_medicine_ad95e5821c,kaggle_modeling_pool,counterfeit,Screenshot*.png,packaging,429,640,429,320437,0.6937509179115295,0.8157906532287598,0.6548330187797546,0.6106293201446533
kaggle_fake_real_medicine_e7ed41a132,kaggle_modeling_pool,counterfeit,Screenshot*.png,packaging,493,293,293,179263,0.7484691143035889,0.7451229095458984,0.7737582325935364,0.726526141166687
kaggle_fake_real_medicine_e6c7f05541,kaggle_modeling_pool,counterfeit,Screenshot*.png,packaging,547,314,314,250314,0.6592936515808105,0.7484738826751709,0.6317756175994873,0.5976313948631287
kaggle_fake_real_medicine_036597d7b3,kaggle_modeling_pool,counterfeit,Screenshot*.png,packaging,622,301,301,209742,0.6804834008216858,0.7455021142959595,0.7439376711845398,0.5520105361938477
kaggle_fake_real_medicine_01b3ab801c,kaggle_modeling_pool,counterfeit,Screenshot*.png,blister,419,642,419,498890,0.49530771374702454,0.47508713603019714,0.5104358196258545,0.5004002451896667
kaggle_fake_real_medicine_8ebb9a5eba,kaggle_modeling_pool,counterfeit,Screenshot*.png,blister,407,617,407,441385,0.27964699268341064,0.19774338603019714,0.37537628412246704,0.26582127809524536
kaggle_fake_real_medicine_0876d989f5,kaggle_modeling_pool,counterfeit,Screenshot*.png,blister,556,515,515,508261,0.3636281490325928,0.2795256972312927,0.29773378372192383,0.5136249661445618
kaggle_fake_real_medicine_584654950e,kaggle_modeling_pool,counterfeit,Screenshot*.png,blister,540,504,504,347677,0.5411334037780762,0.6001359224319458,0.5257123112678528,0.49755191802978516
kaggle_fake_real_medicine_e833313f43,kaggle_modeling_pool,counterfeit,Screenshot*.png,blister,358,550,358,299889,0.4815720021724701,0.38034430146217346,0.46442729234695435,0.5999444723129272
kaggle_fake_real_medicine_d8e6635430,kaggle_modeling_pool,counterfeit,Screenshot*.png,blister,366,544,366,335718,0.47897711396217346,0.48872262239456177,0.4629088342189789,0.48529988527297974
kaggle_fake_real_medicine_347e282f41,kaggle_modeling_pool,counterfeit,Screenshot*.png,packaging,517,451,451,30511,0.42946091294288635,0.42416897416114807,0.5113195180892944,0.35289427638053894
kaggle_fake_real_medicine_b94b13518f,kaggle_modeling_pool,counterfeit,Screenshot*.png,packaging,741,421,421,37863,0.6758413314819336,0.6357383728027344,0.6813725829124451,0.710412859916687
kaggle_fake_real_medicine_b1b14a8a60,kaggle_modeling_pool,counterfeit,Screenshot*.png,packaging,294,484,294,47766,0.5097857117652893,0.5310393571853638,0.49302908778190613,0.50528883934021
kaggle_fake_real_medicine_afdedb67c8,kaggle_modeling_pool,counterfeit,Screenshot*.png,packaging,298,215,215,31827,0.42516469955444336,0.49043163657188416,0.4334941804409027,0.3515682816505432
kaggle_fake_real_medicine_2883b7e45b,kaggle_modeling_pool,counterfeit,Screenshot*.png,packaging,344,215,215,29996,0.5022333264350891,0.4628255367279053,0.4791877567768097,0.5646867752075195
kaggle_fake_real_medicine_abbb61cce5,kaggle_modeling_pool,counterfeit,Screenshot*.png,packaging,459,731,459,143816,0.8008747100830078,0.8044624924659729,0.8155675530433655,0.7825942039489746
kaggle_fake_real_medicine_f77e826fc2,kaggle_modeling_pool,counterfeit,Screenshot*.png,packaging,427,703,427,172723,0.7542157769203186,0.761594295501709,0.7686523795127869,0.7324008941650391
kaggle_fake_real_medicine_f20b141abd,kaggle_modeling_pool,counterfeit,Screenshot*.png,packaging,834,387,387,134724,0.8050382733345032,0.8791226148605347,0.8151702284812927,0.7208218574523926
kaggle_fake_real_medicine_af054412f5,kaggle_modeling_pool,counterfeit,Screenshot*.png,packaging,765,375,375,147950,0.8333770632743835,0.8571643233299255,0.8355163335800171,0.8074506521224976
kaggle_fake_real_medicine_4581f49ec4,kaggle_modeling_pool,counterfeit,Screenshot*.png,blister,456,339,339,110912,0.6545305252075195,0.6689558625221252,0.658010721206665,0.6366249322891235
kaggle_fake_real_medicine_828e34ae84,kaggle_modeling_pool,counterfeit,Screenshot*.png,blister,426,356,356,107648,0.46852120757102966,0.5847283005714417,0.5597359538078308,0.26109930872917175
kaggle_fake_real_medicine_10200a9a29,kaggle_modeling_pool,counterfeit,Screenshot*.png,blister,543,543,543,611058,0.5758185982704163,0.6489966511726379,0.5714116096496582,0.5070475339889526
kaggle_fake_real_medicine_a52f4729ef,kaggle_modeling_pool,counterfeit,Screenshot*.png,blister,586,560,560,774845,0.3830317556858063,0.217817485332489,0.3536984920501709,0.5775793194770813
kaggle_fake_real_medicine_c316aa2e72,kaggle_modeling_pool,counterfeit,Screenshot*.png,blister,468,714,468,590760,0.46601566672325134,0.5317248702049255,0.4697687029838562,0.3965533375740051
kaggle_fake_real_medicine_7b8afa42b4,kaggle_modeling_pool,counterfeit,Screenshot*.png,blister,472,714,472,602444,0.4623449146747589,0.5286735892295837,0.4637044072151184,0.3946566879749298
kaggle_fake_real_medicine_702b301e99,kaggle_modeling_pool,counterfeit,Screenshot*.png,blister,455,717,455,586372,0.43381014466285706,0.6363645195960999,0.4156498908996582,0.24941599369049072
kaggle_fake_real_medicine_8883b37d74,kaggle_modeling_pool,counterfeit,Screenshot*.png,packaging,1106,346,346,296142,0.7743611335754395,0.8621275424957275,0.7829858064651489,0.6779699325561523
kaggle_fake_real_medicine_745c17f03e,kaggle_modeling_pool,counterfeit,Screenshot*.png,packaging,377,607,377,231877,0.6317494511604309,0.8310164213180542,0.6120260953903198,0.4522058665752411
kaggle_fake_real_medicine_f8ee1fba3f,kaggle_modeling_pool,counterfeit,Screenshot*.png,blister,349,520,349,261666,0.40792420506477356,0.4178117513656616,0.40770816802978516,0.3982527256011963
kaggle_fake_real_medicine_32d9b40ac6,kaggle_modeling_pool,counterfeit,Screenshot*.png,blister,814,470,470,407534,0.5585088729858398,0.5065908432006836,0.5621620416641235,0.6067737340927124
kaggle_fake_real_medicine_6a0d82961a,kaggle_modeling_pool,counterfeit,Screenshot*.png,blister,604,745,604,345823,0.7932780385017395,0.7838129997253418,0.8035366535186768,0.7924843430519104
kaggle_fake_real_medicine_c16bf3536a,kaggle_modeling_pool,counterfeit,Screenshot*.png,blister,588,706,588,385476,0.7500954270362854,0.7773418426513672,0.7664684653282166,0.7064759731292725
kaggle_fake_real_medicine_2f4f6735e2,kaggle_modeling_pool,counterfeit,Screenshot*.png,blister,423,552,423,351030,0.6572919487953186,0.6738463044166565,0.663891077041626,0.6341385245323181
kaggle_fake_real_medicine_78e572ee28,kaggle_modeling_pool,counterfeit,Screenshot*.png,blister,425,542,425,280397,0.7004749178886414,0.7168676853179932,0.7062270641326904,0.6783299446105957
kaggle_fake_real_medicine_bd0cfe0cb4,kaggle_modeling_pool,counterfeit,Screenshot*.png,packaging,390,618,390,249414,0.6723489761352539,0.8391659259796143,0.5739028453826904,0.6039780378341675
kaggle_fake_real_medicine_b98d6afd80,kaggle_modeling_pool,counterfeit,Screenshot*.png,packaging,395,613,395,380034,0.6482620239257812,0.5342313647270203,0.6367618441581726,0.7737927436828613
kaggle_fake_real_medicine_a0fa4531d3,kaggle_modeling_pool,counterfeit,Screenshot*.png,blister,483,647,483,426123,0.557042121887207,0.6159869432449341,0.5849676728248596,0.4701717495918274
kaggle_fake_real_medicine_8713e32afa,kaggle_modeling_pool,counterfeit,Screenshot*.png,blister,464,674,464,551848,0.5704050660133362,0.5659265518188477,0.5687050223350525,0.5765835642814636
kaggle_fake_real_medicine_3bdedf3bd4,kaggle_modeling_pool,counterfeit,Screenshot*.png,blister,497,537,497,402876,0.5796897411346436,0.621540904045105,0.5754193663597107,0.5421090126037598
kaggle_fake_real_medicine_9747a801ed,kaggle_modeling_pool,counterfeit,Screenshot*.png,blister,496,555,496,588226,0.4475812613964081,0.2608417868614197,0.3838752508163452,0.6980267763137817
kaggle_fake_real_medicine_259d2e2e43,kaggle_modeling_pool,counterfeit,Screenshot*.png,blister,579,773,579,608274,0.37766799330711365,0.5848757028579712,0.43659621477127075,0.111532062292099
kaggle_fake_real_medicine_12842db162,kaggle_modeling_pool,counterfeit,Screenshot*.png,blister,588,763,588,608545,0.5358181595802307,0.5824257135391235,0.5800790786743164,0.4449496567249298
kaggle_fake_real_medicine_11467496c6,kaggle_modeling_pool,counterfeit,Screenshot*.png,blister,572,783,572,650419,0.3590271472930908,0.53434818983078,0.43773651123046875,0.10499675571918488
kaggle_fake_real_medicine_c261f83794,kaggle_modeling_pool,counterfeit,Screenshot*.png,blister,575,749,575,522519,0.5017971396446228,0.5726667642593384,0.5386048555374146,0.3941195607185364
kaggle_fake_real_medicine_375a6dabfd,kaggle_modeling_pool,counterfeit,Screenshot*.png,packaging,447,194,194,28906,0.7337389588356018,0.7473881840705872,0.7254279851913452,0.7284007668495178
kaggle_fake_real_medicine_50444f4c85,kaggle_modeling_pool,counterfeit,Screenshot*.png,packaging,356,204,204,30792,0.7356979250907898,0.7101753950119019,0.7414053082466125,0.7555128335952759
kaggle_fake_real_medicine_6c48c2b073,kaggle_modeling_pool,counterfeit,Screenshot*.png,packaging,385,207,207,27271,0.7377511858940125,0.7188677787780762,0.737231969833374,0.7571538090705872
kaggle_fake_real_medicine_030573fd98,kaggle_modeling_pool,counterfeit,Screenshot*.png,packaging,405,197,197,31886,0.7755737900733948,0.7843606472015381,0.7716193199157715,0.7707414627075195
kaggle_fake_real_medicine_61643b3aef,kaggle_modeling_pool,counterfeit,Screenshot*.png,packaging,417,199,199,26550,0.8132808804512024,0.8101524114608765,0.8157848715782166,0.8139055371284485
kaggle_fake_real_medicine_d4758e32c8,kaggle_modeling_pool,counterfeit,Screenshot*.png,blister,431,560,431,377383,0.4838334321975708,0.603644847869873,0.38554689288139343,0.46230852603912354
kaggle_fake_real_medicine_f0e9f37ae0,kaggle_modeling_pool,counterfeit,Screenshot*.png,blister,426,560,426,362595,0.5899567604064941,0.6106052398681641,0.5908499956130981,0.5684149265289307
kaggle_fake_real_medicine_00b0378aeb,kaggle_modeling_pool,counterfeit,Screenshot*.png,blister,336,160,160,106795,0.5728282928466797,0.3204513192176819,0.7062586545944214,0.6917749047279358
kaggle_fake_real_medicine_589075e46a,kaggle_modeling_pool,counterfeit,Screenshot*.png,blister,317,260,260,168064,0.603841245174408,0.27629828453063965,0.7723221182823181,0.762903094291687
kaggle_fake_real_medicine_a31563869e,kaggle_modeling_pool,counterfeit,Screenshot*.png,packaging,479,320,320,186743,0.6522186994552612,0.6377460956573486,0.6720617413520813,0.646848201751709
kaggle_fake_real_medicine_5d72b67a63,kaggle_modeling_pool,counterfeit,Screenshot*.png,packaging,402,303,303,154446,0.7094851136207581,0.6480698585510254,0.7282245755195618,0.752160906791687
kaggle_fake_real_medicine_8ee3b228c9,kaggle_modeling_pool,counterfeit,Screenshot*.png,packaging,246,446,246,119385,0.345791220664978,0.4732239842414856,0.34170305728912354,0.22244659066200256
kaggle_fake_real_medicine_4838ecb268,kaggle_modeling_pool,counterfeit,Screenshot*.png,packaging,308,405,308,146690,0.30850568413734436,0.3933326005935669,0.2735849618911743,0.25859948992729187
kaggle_fake_real_medicine_cbe26aa03b,kaggle_modeling_pool,counterfeit,Screenshot*.png,packaging,379,574,379,220475,0.691544771194458,0.7099743485450745,0.6942986249923706,0.670361340045929
kaggle_fake_real_medicine_7b30644c5b,kaggle_modeling_pool,counterfeit,Screenshot*.png,packaging,350,602,350,186425,0.7172845005989075,0.7103534936904907,0.7355114221572876,0.7059886455535889
kaggle_fake_real_medicine_e560d3d930,kaggle_modeling_pool,counterfeit,Screenshot*.png,packaging,481,296,296,206676,0.6301372051239014,0.7228477597236633,0.6278923153877258,0.5396714210510254
kaggle_fake_real_medicine_4f839114d5,kaggle_modeling_pool,counterfeit,Screenshot*.png,packaging,511,257,257,114934,0.7957008481025696,0.8208352327346802,0.790322482585907,0.7759449481964111
kaggle_fake_real_medicine_012dbfbc36,kaggle_modeling_pool,counterfeit,Screenshot*.png,packaging,300,494,300,133682,0.7891547083854675,0.8055261969566345,0.8084683418273926,0.753469705581665
kaggle_fake_real_medicine_7b470e559a,kaggle_modeling_pool,counterfeit,Screenshot*.png,packaging,397,301,301,137313,0.6179923415184021,0.6368451118469238,0.5959281325340271,0.6212038993835449
kaggle_fake_real_medicine_2101e29cad,kaggle_modeling_pool,counterfeit,Screenshot*.png,packaging,456,303,303,197708,0.6238769888877869,0.814333438873291,0.6983073353767395,0.3589901328086853
kaggle_fake_real_medicine_079f320fd3,kaggle_modeling_pool,counterfeit,Screenshot*.png,packaging,304,490,304,133106,0.7917819023132324,0.8080346584320068,0.8109978437423706,0.7563132047653198
kaggle_fake_real_medicine_48ac2ce440,kaggle_modeling_pool,counterfeit,Screenshot*.png,packaging,350,269,269,101185,0.7642868161201477,0.8143085837364197,0.750447154045105,0.7281048893928528
kaggle_fake_real_medicine_25654c7f24,kaggle_modeling_pool,counterfeit,Screenshot*.png,blister,220,278,220,111125,0.6386616826057434,0.6778406500816345,0.6304170489311218,0.6077272891998291
kaggle_fake_real_medicine_8d48cabbe1,kaggle_modeling_pool,counterfeit,Screenshot*.png,packaging,394,259,259,143291,0.6515404582023621,0.6096765995025635,0.7004576921463013,0.6444872617721558
kaggle_fake_real_medicine_112dc1a750,kaggle_modeling_pool,counterfeit,Screenshot*.png,packaging,206,269,206,86806,0.691929042339325,0.6819374561309814,0.6973087787628174,0.6965408325195312
kaggle_fake_real_medicine_d799f1d48c,kaggle_modeling_pool,counterfeit,Screenshot*.png,blister,363,552,363,367029,0.33101990818977356,0.5673397779464722,0.3355746567249298,0.09014534950256348
kaggle_fake_real_medicine_7c0daeaa30,kaggle_modeling_pool,counterfeit,Screenshot*.png,blister,363,568,363,389950,0.4907035529613495,0.49643170833587646,0.4948797821998596,0.4807990789413452
kaggle_fake_real_medicine_4a172a5783,kaggle_modeling_pool,counterfeit,Screenshot*.png,blister,539,356,356,350555,0.5430992841720581,0.4911046624183655,0.535268247127533,0.6029249429702759
kaggle_fake_real_medicine_edbb207b2e,kaggle_modeling_pool,counterfeit,Screenshot*.png,packaging,833,546,546,414715,0.6816461086273193,0.6996725797653198,0.6791120767593384,0.6661535501480103
kaggle_fake_real_medicine_08ba7974f3,kaggle_modeling_pool,counterfeit,Screenshot*.png,packaging,365,240,240,116416,0.7677550315856934,0.7780340313911438,0.7702100872993469,0.7550206780433655
kaggle_fake_real_medicine_b70df6e629,kaggle_modeling_pool,counterfeit,Screenshot*.png,packaging,389,218,218,104518,0.7164626717567444,0.7904718518257141,0.7471373081207275,0.6117790937423706
kaggle_fake_real_medicine_2eadeabb23,kaggle_modeling_pool,counterfeit,Screenshot*.png,packaging,473,439,439,232781,0.7385292053222656,0.803918719291687,0.6985284090042114,0.7131405472755432
kaggle_fake_real_medicine_005ffbaf2f,kaggle_modeling_pool,counterfeit,Screenshot*.png,blister,293,664,293,309550,0.3296651840209961,0.5406346321105957,0.24299843609333038,0.2053624987602234
kaggle_fake_real_medicine_9d267b5e7c,kaggle_modeling_pool,counterfeit,Screenshot*.png,blister,282,666,282,270894,0.32607361674308777,0.5884439945220947,0.22790288925170898,0.16187386214733124
kaggle_fake_real_medicine_d34b172d99,kaggle_modeling_pool,counterfeit,Screenshot*.png,blister,408,664,408,466252,0.5124008059501648,0.5026874542236328,0.5195599794387817,0.5149548053741455
kaggle_fake_real_medicine_27f3e0a05e,kaggle_modeling_pool,counterfeit,Screenshot*.png,blister,407,668,407,445465,0.5311453342437744,0.5452398061752319,0.5348728895187378,0.5133233666419983
kaggle_fake_real_medicine_f412adfac6,kaggle_modeling_pool,counterfeit,Screenshot*.png,packaging,740,401,401,387362,0.35899749398231506,0.3804323971271515,0.4870012104511261,0.20955882966518402
kaggle_fake_real_medicine_a5c91851cb,kaggle_modeling_pool,counterfeit,Screenshot*.png,packaging,744,391,391,375846,0.3260209262371063,0.3435824513435364,0.4495213031768799,0.1849590241909027
kaggle_fake_real_medicine_625c4e1122,kaggle_modeling_pool,counterfeit,Screenshot*.png,packaging,442,382,382,238516,0.29048845171928406,0.2728486955165863,0.3547602593898773,0.243856281042099
kaggle_fake_real_medicine_f62a70d32b,kaggle_modeling_pool,counterfeit,Screenshot*.png,packaging,433,372,372,238988,0.2445124387741089,0.23096758127212524,0.3073385953903198,0.1952311396598816
kaggle_fake_real_medicine_431e9ec70d,kaggle_modeling_pool,counterfeit,Screenshot*.png,packaging,766,383,383,387638,0.34633374214172363,0.3581150770187378,0.4673502743244171,0.21353593468666077
kaggle_fake_real_medicine_d97567946f,kaggle_modeling_pool,counterfeit,Screenshot*.png,blister,396,671,396,444017,0.40421009063720703,0.4177485406398773,0.4075329303741455,0.3873487412929535
kaggle_fake_real_medicine_b54b7ff396,kaggle_modeling_pool,counterfeit,Screenshot*.png,blister,403,649,403,443938,0.48883143067359924,0.502353310585022,0.49411481618881226,0.47002625465393066
kaggle_fake_real_medicine_d0e874750d,kaggle_modeling_pool,counterfeit,Screenshot*.png,packaging,447,699,447,332711,0.6129710674285889,0.7924699783325195,0.7140998840332031,0.3323433995246887
kaggle_fake_real_medicine_85cc0519d6,kaggle_modeling_pool,counterfeit,Screenshot*.png,packaging,758,417,417,330026,0.666236162185669,0.7930539846420288,0.546511173248291,0.659143328666687
kaggle_fake_real_medicine_12c43a7eaa,kaggle_modeling_pool,counterfeit,Screenshot*.png,packaging,1172,341,341,440106,0.614785373210907,0.40666359663009644,0.6773896813392639,0.760302722454071
kaggle_fake_real_medicine_d740f92d0d,kaggle_modeling_pool,counterfeit,Screenshot*.png,packaging,387,756,387,262940,0.6191489100456238,0.6196222305297852,0.6218864917755127,0.6159380674362183
kaggle_fake_real_medicine_ffe122a56c,kaggle_modeling_pool,counterfeit,Screenshot*.png,packaging,824,496,496,432481,0.6537891030311584,0.6952024102210999,0.6615866422653198,0.6045783758163452
kaggle_fake_real_medicine_845ee248b9,kaggle_modeling_pool,counterfeit,Screenshot*.png,blister,402,539,402,361073,0.44119563698768616,0.5707347393035889,0.3346344828605652,0.4182176887989044
kaggle_fake_real_medicine_b26f3d1fe0,kaggle_modeling_pool,counterfeit,Screenshot*.png,blister,404,540,404,325261,0.5551049709320068,0.5778148174285889,0.5553807020187378,0.5321193933486938
kaggle_fake_real_medicine_02169db735,kaggle_modeling_pool,counterfeit,Screenshot*.png,packaging,492,281,281,161622,0.6761952042579651,0.847544252872467,0.6225481033325195,0.5584931969642639
kaggle_fake_real_medicine_cc88c993f0,kaggle_modeling_pool,counterfeit,Screenshot*.png,packaging,764,408,408,244593,0.7944572567939758,0.7856780290603638,0.8113827109336853,0.7863109111785889
kaggle_fake_real_medicine_da9f2b55ac,kaggle_modeling_pool,counterfeit,Screenshot*.png,other,401,476,401,192738,0.7909629940986633,0.8389734625816345,0.7846086025238037,0.749306857585907
kaggle_fake_real_medicine_3a04e11088,kaggle_modeling_pool,authentic,images*.jpg,other,225,224,224,6634,0.8206549286842346,0.8105306029319763,0.7817555665969849,0.8696786761283875
kaggle_fake_real_medicine_779c1196eb,kaggle_modeling_pool,authentic,images*.jpg,blister,225,225,225,8564,0.661928117275238,0.5733896493911743,0.671438455581665,0.7409563064575195
kaggle_fake_real_medicine_10225ffb67,kaggle_modeling_pool,authentic,images*.jpg,other,225,225,225,5266,0.8702356219291687,0.8662282228469849,0.8577138781547546,0.8867647051811218
kaggle_fake_real_medicine_22aa194522,kaggle_modeling_pool,authentic,images*.jpg,blister,223,226,223,6629,0.7180047631263733,0.7077895402908325,0.6652927398681641,0.7809321880340576
kaggle_fake_real_medicine_44fd0f757a,kaggle_modeling_pool,authentic,images*.jpg,blister,215,235,215,12039,0.5778499245643616,0.41372454166412354,0.5961444973945618,0.7236807346343994
kaggle_fake_real_medicine_bcdf79c558,kaggle_modeling_pool,authentic,images*.jpg,blister,225,225,225,7058,0.8176869750022888,0.8367637395858765,0.7739640474319458,0.8423330783843994
kaggle_fake_real_medicine_65a1725371,kaggle_modeling_pool,authentic,images*.jpg,blister,207,243,207,10059,0.7394623756408691,0.6682463884353638,0.738447904586792,0.8116929531097412
kaggle_fake_real_medicine_811363f6de,kaggle_modeling_pool,authentic,images*.jpg,blister,225,225,225,3278,0.9565632939338684,0.9587814211845398,0.9481426477432251,0.962766170501709
kaggle_fake_real_medicine_93d7311fc9,kaggle_modeling_pool,authentic,images*.jpg,other,283,178,178,5733,0.8440372347831726,0.8518928289413452,0.8291360139846802,0.8510828018188477
kaggle_fake_real_medicine_fd039f994c,kaggle_modeling_pool,authentic,images*.jpg,other,225,225,225,5287,0.8702349662780762,0.8662176728248596,0.8577263355255127,0.8867608904838562
kaggle_fake_real_medicine_788dd6b226,kaggle_modeling_pool,authentic,images*.jpg,other,225,225,225,8486,0.7389881610870361,0.6794146299362183,0.7324085235595703,0.8051413297653198
kaggle_fake_real_medicine_1fb3ce9b13,kaggle_modeling_pool,authentic,images*.jpg,blister,225,225,225,7993,0.7349832653999329,0.6148016452789307,0.7425915002822876,0.8475567102432251
kaggle_fake_real_medicine_2132e7ceb4,kaggle_modeling_pool,authentic,images*.jpg,other,248,203,203,11421,0.7091072201728821,0.5914435982704163,0.719089925289154,0.8167883157730103
kaggle_fake_real_medicine_cb3b65a489,kaggle_modeling_pool,authentic,images*.jpg,blister,225,225,225,7480,0.7339010238647461,0.6134124398231506,0.7416954040527344,0.8465954065322876
kaggle_fake_real_medicine_d276dd4088,kaggle_modeling_pool,authentic,images*.jpg,other,230,219,219,7126,0.8506044745445251,0.7851581573486328,0.8587862253189087,0.9078689813613892
kaggle_fake_real_medicine_15bd27eba4,kaggle_modeling_pool,authentic,images*.jpg,other,225,225,225,9852,0.7389383316040039,0.6605545282363892,0.7456763386726379,0.8105842471122742
kaggle_fake_real_medicine_6f072f285c,kaggle_modeling_pool,authentic,images*.jpg,other,168,300,168,5946,0.41676464676856995,0.38811370730400085,0.38550668954849243,0.47667357325553894
kaggle_fake_real_medicine_097d8595eb,kaggle_modeling_pool,authentic,images*.jpg,other,220,229,220,5317,0.7717416286468506,0.7570168972015381,0.756399393081665,0.8018085956573486
kaggle_fake_real_medicine_8ab00bce96,kaggle_modeling_pool,authentic,images*.jpg,other,275,183,183,6446,0.6563636660575867,0.4692239463329315,0.6401214599609375,0.8597455024719238
kaggle_fake_real_medicine_ec12cfda16,kaggle_modeling_pool,authentic,images*.jpg,other,224,224,224,5575,0.7711636424064636,0.7145259380340576,0.7641113996505737,0.8348537683486938
kaggle_fake_real_medicine_d3c6fa2ded,kaggle_modeling_pool,authentic,images*.jpg,other,225,225,225,4936,0.680380642414093,0.6791379451751709,0.6932100057601929,0.6687940359115601
kaggle_fake_real_medicine_e7d479caa3,kaggle_modeling_pool,authentic,images*.jpg,other,286,176,176,6553,0.7424271702766418,0.6491076946258545,0.7423091530799866,0.8358647227287292
kaggle_fake_real_medicine_0e4fbd29c5,kaggle_modeling_pool,authentic,images*.jpg,packaging,225,225,225,7277,0.7937636971473694,0.7492398023605347,0.7754748463630676,0.8565765023231506
kaggle_fake_real_medicine_bc3f3f4d6a,kaggle_modeling_pool,authentic,images*.jpg,blister,225,225,225,7063,0.5939338803291321,0.38859912753105164,0.6265299320220947,0.7666724324226379
kaggle_fake_real_medicine_1761000c09,kaggle_modeling_pool,authentic,images*.jpg,other,168,300,168,5694,0.41707324981689453,0.38870829343795776,0.3857575058937073,0.47675400972366333
kaggle_fake_real_medicine_63bc3c7d29,kaggle_modeling_pool,authentic,images*.jpg,other,224,225,224,5621,0.8523871302604675,0.8623018264770508,0.8501972556114197,0.8446624279022217
kaggle_fake_real_medicine_af7e1cb823,kaggle_modeling_pool,authentic,images*.jpg,other,182,276,182,9036,0.49036717414855957,0.3718462884426117,0.5173187255859375,0.5819364786148071
kaggle_fake_real_medicine_393b5f4602,kaggle_modeling_pool,authentic,images*.jpg,blister,100,100,100,2088,0.7325285077095032,0.7566741704940796,0.7239764928817749,0.7169348001480103
kaggle_fake_real_medicine_40c7abeb62,kaggle_modeling_pool,authentic,images*.jpg,blister,100,100,100,2080,0.8923380970954895,0.9077780246734619,0.848547637462616,0.9206887483596802
kaggle_fake_real_medicine_aee89a8f04,kaggle_modeling_pool,authentic,images*.jpg,blister,100,100,100,1702,0.9093670845031738,0.9138269424438477,0.8922803997993469,0.9219937324523926
kaggle_fake_real_medicine_5c5acf8bbd,kaggle_modeling_pool,authentic,images*.jpg,other,225,225,225,5997,0.7887539267539978,0.8325779438018799,0.7803710699081421,0.7533127069473267
kaggle_fake_real_medicine_be2c540b63,kaggle_modeling_pool,authentic,images*.jpg,other,275,183,183,4892,0.8086566925048828,0.769047737121582,0.8078498244285583,0.849072277545929
kaggle_fake_real_medicine_cc1c50541a,kaggle_modeling_pool,authentic,images*.jpg,other,172,293,172,7949,0.5267552733421326,0.44528377056121826,0.5262638330459595,0.6087182760238647
kaggle_fake_real_medicine_eded2385a3,kaggle_modeling_pool,authentic,images*.jpg,other,225,225,225,6717,0.623580813407898,0.5758119225502014,0.6371926665306091,0.6577378511428833
kaggle_fake_real_medicine_d2635ccf33,kaggle_modeling_pool,authentic,images*.jpg,blister,225,225,225,8567,0.7513761520385742,0.7459779381752014,0.7495471239089966,0.7586033344268799
kaggle_fake_real_medicine_ff8bb608ba,kaggle_modeling_pool,authentic,images*.jpg,other,251,200,200,4890,0.8843408226966858,0.8819584846496582,0.8843041658401489,0.8867599368095398
kaggle_fake_real_medicine_88e760ec67,kaggle_modeling_pool,authentic,images*.jpg,other,194,259,194,5753,0.5803433060646057,0.5506730675697327,0.572837233543396,0.617519736289978
kaggle_fake_real_medicine_48b77d4b79,kaggle_modeling_pool,authentic,images*.jpg,other,225,225,225,9978,0.6899053454399109,0.5806085467338562,0.6971468925476074,0.791960597038269
kaggle_fake_real_medicine_21720344fd,kaggle_modeling_pool,authentic,images*.jpg,blister,225,225,225,6309,0.8611388206481934,0.859370231628418,0.8376790285110474,0.8863673806190491
kaggle_fake_real_medicine_a0fd053475,kaggle_modeling_pool,authentic,images*.jpg,other,227,222,222,6595,0.8693209290504456,0.8152401447296143,0.8775850534439087,0.9151377081871033
kaggle_fake_real_medicine_47ef3972b2,kaggle_modeling_pool,authentic,images*.jpg,blister,225,225,225,7193,0.7518733143806458,0.6852587461471558,0.7591605186462402,0.8112007975578308
kaggle_fake_real_medicine_e59a892262,kaggle_modeling_pool,authentic,images*.jpg,blister,225,225,225,5264,0.8272626996040344,0.8580566644668579,0.7958955764770508,0.8278358578681946
kaggle_fake_real_medicine_3eb2fc376e,kaggle_modeling_pool,authentic,images*.jpg,other,192,263,192,9065,0.5360156893730164,0.4916178584098816,0.5264083743095398,0.5900208950042725
kaggle_fake_real_medicine_c10951a964,kaggle_modeling_pool,authentic,images*.jpg,packaging,225,225,225,9851,0.690519392490387,0.6411142349243164,0.6924335360527039,0.7380102872848511
kaggle_fake_real_medicine_895c45b293,kaggle_modeling_pool,authentic,images*.jpg,other,300,168,168,9433,0.5054132342338562,0.45466646552085876,0.5051681995391846,0.5564051270484924
kaggle_fake_real_medicine_163b95ff77,kaggle_modeling_pool,authentic,images*.jpg,other,275,183,183,10520,0.7029715180397034,0.5898370742797852,0.6830757856369019,0.8360016345977783
kaggle_fake_real_medicine_bf3ebad111,kaggle_modeling_pool,authentic,images*.jpg,blister,225,225,225,6924,0.8622143268585205,0.860434889793396,0.838446855545044,0.8877613544464111
kaggle_fake_real_medicine_d6cfd57100,kaggle_modeling_pool,authentic,images*.jpg,other,217,232,217,9510,0.4457494020462036,0.28795671463012695,0.476645827293396,0.5726457238197327
kaggle_fake_real_medicine_5914cbca30,kaggle_modeling_pool,authentic,images*.jpg,blister,225,225,225,6863,0.7514176368713379,0.6850461959838867,0.7586397528648376,0.8105669617652893
kaggle_fake_real_medicine_2df01fd6a7,kaggle_modeling_pool,authentic,images*.jpg,other,273,184,184,4443,0.8420183062553406,0.810105562210083,0.8412559628486633,0.8746936321258545
kaggle_fake_real_medicine_3e84e186df,kaggle_modeling_pool,authentic,images*.jpg,other,100,100,100,2531,0.44050851464271545,0.3854386806488037,0.41468867659568787,0.5213981866836548
kaggle_fake_real_medicine_e6863a1b30,kaggle_modeling_pool,authentic,images*.jpg,other,224,225,224,7540,0.546951949596405,0.4668639302253723,0.5761221051216125,0.5978697538375854
kaggle_fake_real_medicine_ea41431d21,kaggle_modeling_pool,authentic,images*.jpg,other,250,188,188,6513,0.7896191477775574,0.7302390336990356,0.7961924076080322,0.8424259424209595
kaggle_fake_real_medicine_3baea330b8,kaggle_modeling_pool,authentic,images*.jpg,other,225,225,225,5040,0.7536388039588928,0.7435786724090576,0.7385091185569763,0.7788286805152893
kaggle_fake_real_medicine_30ea2d910c,kaggle_modeling_pool,authentic,images*.jpg,blister,299,168,168,12173,0.6143596172332764,0.4412607252597809,0.6020029783248901,0.7998152375221252
kaggle_fake_real_medicine_65d087cfbb,kaggle_modeling_pool,authentic,images*.jpg,other,241,209,209,10168,0.6733877062797546,0.7287616729736328,0.652304470539093,0.6390969753265381
kaggle_fake_real_medicine_d63a3f8849,kaggle_modeling_pool,authentic,images*.jpg,other,199,254,199,7222,0.7404513955116272,0.7403723001480103,0.7306593060493469,0.7503226399421692
kaggle_fake_real_medicine_562e07a19f,kaggle_modeling_pool,authentic,images*.jpg,other,298,169,169,7281,0.6902937889099121,0.6215303540229797,0.6800637245178223,0.769287109375
kaggle_fake_real_medicine_70cdac1306,kaggle_modeling_pool,authentic,images*.jpg,other,225,225,225,5856,0.7842936515808105,0.7557224631309509,0.7897336483001709,0.807424783706665
kaggle_fake_real_medicine_54689e6460,kaggle_modeling_pool,authentic,images*.jpg,other,225,225,225,3668,0.897163450717926,0.8788248300552368,0.8980669975280762,0.9145987033843994
kaggle_fake_real_medicine_2dd077811c,kaggle_modeling_pool,authentic,images*.jpg,other,225,225,225,7298,0.8492254614830017,0.7959932088851929,0.8429151773452759,0.9087680578231812
kaggle_fake_real_medicine_898366a687,kaggle_modeling_pool,authentic,images*.jpg,other,225,225,225,6169,0.8399040699005127,0.8216720819473267,0.8377106189727783,0.8603295087814331
kaggle_fake_real_medicine_3f1d338410,kaggle_modeling_pool,authentic,images*.jpg,other,225,225,225,5311,0.8818196654319763,0.8651166558265686,0.8643832206726074,0.9159591197967529
kaggle_fake_real_medicine_dc3993fda4,kaggle_modeling_pool,authentic,images*.jpg,blister,225,225,225,6655,0.7408908009529114,0.6706647872924805,0.7494782209396362,0.802529513835907
kaggle_fake_real_medicine_091c494ecf,kaggle_modeling_pool,authentic,images*.jpg,other,212,234,212,8768,0.6366443634033203,0.6678107976913452,0.6289273500442505,0.6131951212882996
kaggle_fake_real_medicine_47ae255318,kaggle_modeling_pool,authentic,images*.jpg,other,251,201,201,7431,0.6832950711250305,0.4907657504081726,0.7052878141403198,0.8538315892219543
kaggle_fake_real_medicine_c44a75d8f8,kaggle_modeling_pool,authentic,images*.jpg,other,198,155,155,6960,0.5374891757965088,0.6622769832611084,0.5515663623809814,0.3986242115497589
kaggle_fake_real_medicine_27d07dc99e,kaggle_modeling_pool,authentic,images*.jpg,other,259,194,194,6559,0.83247971534729,0.7648686170578003,0.8456456661224365,0.8869246244430542
kaggle_fake_real_medicine_7f56d83a9f,kaggle_modeling_pool,authentic,images*.jpg,other,225,225,225,5766,0.7820417881011963,0.7406402826309204,0.7958562970161438,0.8096287250518799
kaggle_fake_real_medicine_090a07494d,kaggle_modeling_pool,authentic,images*.jpg,other,225,225,225,4515,0.8585551381111145,0.8246849775314331,0.8599532842636108,0.8910270929336548
kaggle_fake_real_medicine_c3a9245fc7,kaggle_modeling_pool,authentic,images*.jpg,other,100,100,100,2070,0.676322877407074,0.7056822776794434,0.6511958241462708,0.672090470790863
kaggle_fake_real_medicine_f57956b7d9,kaggle_modeling_pool,authentic,images*.jpg,other,100,100,100,2435,0.5339742302894592,0.47335997223854065,0.5346038341522217,0.5939587354660034
kaggle_fake_real_medicine_ef75337a14,kaggle_modeling_pool,authentic,images*.jpg,packaging,225,225,225,3700,0.8466934561729431,0.823764979839325,0.8431650400161743,0.8731503486633301
kaggle_fake_real_medicine_17675193fc,kaggle_modeling_pool,authentic,images*.jpg,other,250,201,201,14469,0.7495848536491394,0.622033953666687,0.7519502639770508,0.8747702836990356
kaggle_fake_real_medicine_c0f5cceee8,kaggle_modeling_pool,authentic,images*.jpg,"other (box+blister combo, surfaced after re-dedup, tagged directly)",224,224,224,9930,0.8039196133613586,0.902515172958374,0.7479626536369324,0.7612811923027039
kaggle_fake_real_medicine_ef1ae610a6,kaggle_modeling_pool,authentic,images*.jpg,other,225,225,225,6119,0.8596165776252747,0.8803433179855347,0.8570810556411743,0.8414254188537598
kaggle_fake_real_medicine_30517f4e2f,kaggle_modeling_pool,authentic,images*.jpg,other,225,225,225,7138,0.7746419906616211,0.8242101669311523,0.762295126914978,0.7374205589294434
kaggle_fake_real_medicine_3069cf426e,kaggle_modeling_pool,authentic,images*.jpg,other,225,225,225,7523,0.8104472756385803,0.8272183537483215,0.7921597361564636,0.8119638562202454
kaggle_fake_real_medicine_9dac883126,kaggle_modeling_pool,authentic,images*.jpg,other,225,225,225,5442,0.8579816818237305,0.8642989993095398,0.8563409447669983,0.8533049821853638
kaggle_fake_real_medicine_1c18e06090,kaggle_modeling_pool,authentic,images*.jpg,other,225,225,225,6868,0.6554132103919983,0.6739009022712708,0.655158519744873,0.6371802091598511
kaggle_fake_real_medicine_23f9ab233c,kaggle_modeling_pool,authentic,images*.jpg,other,225,225,225,4967,0.6157041192054749,0.6055061221122742,0.608357310295105,0.6332491040229797
kaggle_fake_real_medicine_77084dd8f1,kaggle_modeling_pool,authentic,images*.jpg,other,219,231,219,7049,0.6957688331604004,0.7249090671539307,0.6889514923095703,0.6734461188316345
kaggle_fake_real_medicine_07c1f58abd,kaggle_modeling_pool,authentic,images*.jpg,other,238,212,212,5963,0.7651450634002686,0.797355592250824,0.7606368660926819,0.7374425530433655
kaggle_fake_real_medicine_c6a07c9eb4,kaggle_modeling_pool,authentic,images*.jpg,other,246,205,205,7275,0.5781911015510559,0.5836387872695923,0.5722618103027344,0.5786727070808411
kaggle_fake_real_medicine_c4c9b1741a,kaggle_modeling_pool,authentic,images*.jpg,other,225,225,225,7416,0.8480488657951355,0.8631146550178528,0.8224283456802368,0.8586033582687378
kaggle_fake_real_medicine_ff5a2e775f,kaggle_modeling_pool,authentic,images*.jpg,other,203,248,203,7804,0.8183999061584473,0.8194872140884399,0.8383942246437073,0.7973182797431946
kaggle_fake_real_medicine_6d89951497,kaggle_modeling_pool,authentic,images*.jpg,other,225,225,225,7580,0.7589709758758545,0.7779152989387512,0.7527564167976379,0.7462412118911743
kaggle_fake_real_medicine_206e0e85c6,kaggle_modeling_pool,authentic,images*.jpg,other,300,168,168,5834,0.8231452107429504,0.8413947820663452,0.8196049928665161,0.8084357976913452
kaggle_fake_real_medicine_33b1a93842,kaggle_modeling_pool,authentic,images*.jpg,other,220,229,220,6780,0.5989580154418945,0.6677811145782471,0.5927552580833435,0.5363377332687378
kaggle_fake_real_medicine_edcc3c3143,kaggle_modeling_pool,authentic,images*.jpg,other,225,225,225,5324,0.8383998870849609,0.8365167379379272,0.8361548185348511,0.8425283432006836
kaggle_fake_real_medicine_bebec028a3,kaggle_modeling_pool,authentic,images*.jpg,other,225,225,225,6901,0.7542865872383118,0.7458821535110474,0.7402238845825195,0.7767539620399475
kaggle_fake_real_medicine_74a661dac3,kaggle_modeling_pool,authentic,images*.jpg,other,269,187,187,6761,0.4151242673397064,0.40471529960632324,0.40391677618026733,0.43674078583717346
kaggle_fake_real_medicine_39d4f4c626,kaggle_modeling_pool,authentic,images*.jpg,blister,231,219,219,10756,0.6664100885391235,0.6810585260391235,0.6206093430519104,0.6975624561309814
kaggle_fake_real_medicine_63cd8b80df,kaggle_modeling_pool,authentic,images*.jpg,other,312,162,162,7457,0.8170645833015442,0.8126129508018494,0.8098068237304688,0.828774094581604
kaggle_fake_real_medicine_92c018207d,kaggle_modeling_pool,authentic,images*.jpg,other,194,259,194,4672,0.8510923385620117,0.8560068607330322,0.8456849455833435,0.8515855073928833
kaggle_fake_real_medicine_6e9b1afdc8,kaggle_modeling_pool,authentic,images*.jpg,other,266,190,190,4873,0.9035475254058838,0.8982555866241455,0.9019837379455566,0.9104032516479492
kaggle_fake_real_medicine_d5eb39581a,kaggle_modeling_pool,authentic,images*.jpg,other,256,197,197,5063,0.8338934779167175,0.8472464680671692,0.828361451625824,0.8260722756385803
kaggle_fake_real_medicine_a8786eab14,kaggle_modeling_pool,authentic,images*.jpg,other,225,225,225,6353,0.8737158179283142,0.9019129276275635,0.8705260157585144,0.84870845079422
kaggle_fake_real_medicine_6134763660,kaggle_modeling_pool,authentic,images*.jpg,other,100,100,100,2362,0.6915642619132996,0.7201554775238037,0.6844698190689087,0.6700674295425415
kaggle_fake_real_medicine_fc089361eb,kaggle_modeling_pool,authentic,images*.jpg,other,100,100,100,1919,0.6525959372520447,0.6449314951896667,0.6422793865203857,0.6705767512321472
kaggle_fake_real_medicine_3a353638dd,kaggle_modeling_pool,authentic,images*.jpg,other,221,228,221,5241,0.6655027866363525,0.6711119413375854,0.6574180126190186,0.6679783463478088
kaggle_fake_real_medicine_8cb4cbdda1,kaggle_modeling_pool,authentic,images*.jpg,blister,225,225,225,6308,0.8051767349243164,0.8135119676589966,0.7785587310791016,0.8234595060348511
kaggle_fake_real_medicine_69380164fc,kaggle_modeling_pool,authentic,images*.jpg,other,225,225,225,5178,0.7852442860603333,0.7838340401649475,0.7847216129302979,0.787177324295044
kaggle_fake_real_medicine_d6620e5f3d,kaggle_modeling_pool,authentic,images*.jpg,other,188,250,188,7140,0.7777617573738098,0.7847656011581421,0.7779057621955872,0.7706140875816345
kaggle_fake_real_medicine_95e18e95c4,kaggle_modeling_pool,authentic,images*.jpg,other,275,183,183,4858,0.8707806468009949,0.8983705043792725,0.8594411015510559,0.8545304536819458
kaggle_fake_real_medicine_983a5ad5ee,kaggle_modeling_pool,authentic,images*.jpg,other,209,241,209,7510,0.6548492908477783,0.6424077153205872,0.664218544960022,0.6579216718673706
kaggle_fake_real_medicine_a4a572b09a,kaggle_modeling_pool,authentic,images*.jpg,other,225,225,225,7332,0.7861290574073792,0.8006414771080017,0.7909141778945923,0.7668313384056091
kaggle_fake_real_medicine_79e456adb5,kaggle_modeling_pool,authentic,images*.jpg,other,225,225,225,7288,0.8763577342033386,0.8666704893112183,0.8518334627151489,0.9105689525604248
kaggle_fake_real_medicine_b7d27bf9c8,kaggle_modeling_pool,authentic,images*.jpg,other,259,194,194,5316,0.8560897707939148,0.8672401905059814,0.8557665348052979,0.8452627062797546
kaggle_fake_real_medicine_a5db8402c3,kaggle_modeling_pool,authentic,images*.jpg,other,168,300,168,6009,0.7459156513214111,0.687458872795105,0.7090408802032471,0.8412473201751709
kaggle_fake_real_medicine_e820f60a77,kaggle_modeling_pool,authentic,images*.jpg,other,225,225,225,4296,0.9087977409362793,0.904375433921814,0.9074687957763672,0.9145488739013672
kaggle_fake_real_medicine_a430fcbb79,kaggle_modeling_pool,authentic,images*.jpg,other,225,225,225,4871,0.8857405781745911,0.8786841630935669,0.8863673806190491,0.892170250415802
kaggle_fake_real_medicine_01e4e1d6d6,kaggle_modeling_pool,authentic,images*.jpg,other,225,225,225,5110,0.8270909786224365,0.8393880128860474,0.8252872228622437,0.8165978193283081
kaggle_fake_real_medicine_0b5fcdf5de,kaggle_modeling_pool,authentic,images*.jpg,other,226,223,223,7635,0.6281623840332031,0.6552562117576599,0.6278119683265686,0.6014189124107361
kaggle_fake_real_medicine_d01124d05c,kaggle_modeling_pool,authentic,images*.jpg,other,225,225,225,4969,0.8280662894248962,0.8374272584915161,0.8270057439804077,0.8197658061981201
kaggle_fake_real_medicine_98abc79a1f,kaggle_modeling_pool,authentic,images*.jpg,other,194,259,194,7581,0.6685716509819031,0.5759373307228088,0.6821585893630981,0.7476189732551575
kaggle_fake_real_medicine_651e0f0a85,kaggle_modeling_pool,authentic,images*.jpg,other,245,206,206,7739,0.7256669998168945,0.7460823059082031,0.7312557697296143,0.6996630430221558
kaggle_fake_real_medicine_0c82ad12c5,kaggle_modeling_pool,authentic,images*.jpg,blister,225,225,225,5878,0.870002269744873,0.8493412733078003,0.8483283519744873,0.9123372435569763
kaggle_fake_real_medicine_4760d382d1,kaggle_modeling_pool,authentic,images*.jpg,other,220,229,220,5503,0.7718130946159363,0.7569297552108765,0.7563371658325195,0.8021724224090576
kaggle_fake_real_medicine_0ef14de6d2,kaggle_modeling_pool,authentic,images*.jpg,other,224,224,224,8394,0.7632072567939758,0.7494015693664551,0.711057186126709,0.8291628360748291
kaggle_fake_real_medicine_d1265ddcbd,kaggle_modeling_pool,authentic,images*.jpg,other,298,169,169,6617,0.6629228591918945,0.46577438712120056,0.6443321704864502,0.878662109375
kaggle_fake_real_medicine_7a68815b9b,kaggle_modeling_pool,authentic,images*.jpg,blister,225,225,225,8826,0.6334807872772217,0.6336292028427124,0.5668763518333435,0.6999368071556091
kaggle_fake_real_medicine_6d4f727882,kaggle_modeling_pool,authentic,images*.jpg,blister,100,100,100,2553,0.6873213648796082,0.7167231440544128,0.6880131959915161,0.6572275161743164
kaggle_fake_real_medicine_5322bc4ec3,kaggle_modeling_pool,authentic,images*.jpg,blister,100,100,100,1634,0.8947364687919617,0.9097397923469543,0.8876321315765381,0.8868374824523926
kaggle_fake_real_medicine_b98a85d09c,kaggle_modeling_pool,authentic,images*.jpg,blister,100,100,100,1202,0.9547519683837891,0.9600672125816345,0.9568771123886108,0.9473115801811218
kaggle_fake_real_medicine_f7458d4cd8,kaggle_modeling_pool,authentic,images*.jpg,other,100,100,100,2687,0.8780768513679504,0.9566865563392639,0.8352615833282471,0.8422822952270508
kaggle_fake_real_medicine_3845e77d89,kaggle_modeling_pool,authentic,images*.jpg,packaging,100,100,100,1811,0.8119779229164124,0.8793572187423706,0.7875421047210693,0.7690343856811523
kaggle_fake_real_medicine_247ecd4994,kaggle_modeling_pool,authentic,images*.jpg,blister,100,100,100,1427,0.919969379901886,0.9230258464813232,0.9172181487083435,0.9196643829345703
kaggle_fake_real_medicine_e9f169b3d8,kaggle_modeling_pool,authentic,images*.jpg,blister,100,100,100,1632,0.8997864723205566,0.9094133377075195,0.8927016258239746,0.8972445726394653
kaggle_fake_real_medicine_b714580e6b,kaggle_modeling_pool,authentic,images*.jpg,blister,100,100,100,3202,0.7872488498687744,0.7863185405731201,0.7808679938316345,0.7945600152015686
kaggle_fake_real_medicine_ca5bc0dac8,kaggle_modeling_pool,authentic,images*.jpg,blister,100,100,100,1321,0.9057123064994812,0.9016879200935364,0.9029976725578308,0.9124512076377869
kaggle_fake_real_medicine_d437febf42,kaggle_modeling_pool,authentic,images*.jpg,other,100,100,100,1956,0.7262156009674072,0.7289618253707886,0.7402315139770508,0.7094535231590271
kaggle_fake_real_medicine_bb91f40451,kaggle_modeling_pool,authentic,images*.jpg,other,100,100,100,1726,0.8784964680671692,0.836249589920044,0.8739659786224365,0.9252738356590271
kaggle_fake_real_medicine_fc393de9c2,kaggle_modeling_pool,authentic,images*.jpg,packaging,100,100,100,1177,0.9467594623565674,0.9307531118392944,0.9416522979736328,0.9678729772567749
kaggle_fake_real_medicine_6b9bb704af,kaggle_modeling_pool,authentic,images*.jpg,blister,100,100,100,2181,0.394366592168808,0.40079373121261597,0.386150062084198,0.39615598320961
kaggle_fake_real_medicine_a9944ece10,kaggle_modeling_pool,authentic,images*.jpg,blister,100,100,100,2298,0.8871827125549316,0.904961347579956,0.8758578300476074,0.8807291984558105
kaggle_fake_real_medicine_8adaecea99,kaggle_modeling_pool,authentic,images*.jpg,other,100,100,100,1814,0.9443410038948059,0.941889762878418,0.9441319704055786,0.9470013976097107
kaggle_fake_real_medicine_c5bfaa546a,kaggle_modeling_pool,authentic,images*.jpg,blister,100,100,100,1407,0.9180437922477722,0.9267204999923706,0.9078019857406616,0.9196087718009949
kaggle_fake_real_medicine_e503454d41,kaggle_modeling_pool,authentic,images*.jpg,other,100,100,100,2137,0.8451423645019531,0.9050915241241455,0.789971113204956,0.8403645753860474
kaggle_fake_real_medicine_4fcc86b614,kaggle_modeling_pool,authentic,images*.jpg,packaging,100,100,100,2671,0.6558449864387512,0.7952234745025635,0.6068148612976074,0.5654966831207275
kaggle_fake_real_medicine_debe5dc6f5,kaggle_modeling_pool,authentic,images*.jpg,packaging,100,100,100,2842,0.8624474406242371,0.8334826827049255,0.865446925163269,0.8884124159812927
kaggle_fake_real_medicine_fd79efc55c,kaggle_modeling_pool,authentic,images*.jpg,blister,100,100,100,2778,0.39828625321388245,0.4182550311088562,0.39938825368881226,0.37721550464630127
kaggle_fake_real_medicine_0d6c0cec82,kaggle_modeling_pool,authentic,images*.jpg,blister,225,225,225,5624,0.8942810893058777,0.9095722436904907,0.8868346214294434,0.8864363431930542
kaggle_fake_real_medicine_e7219cbc9d,kaggle_modeling_pool,authentic,images*.jpg,blister,205,246,205,6472,0.8635815978050232,0.8822131752967834,0.8557301163673401,0.8528013229370117
kaggle_fake_real_medicine_b1e4bc1d13,kaggle_modeling_pool,authentic,images*.jpg,blister,225,225,225,13047,0.6447533965110779,0.6960641145706177,0.623242199420929,0.614953875541687
kaggle_fake_real_medicine_0e5c6674ac,kaggle_modeling_pool,authentic,images*.jpg,other,225,225,225,9035,0.7723173499107361,0.9333640336990356,0.8063572645187378,0.5772308111190796
kaggle_fake_real_medicine_6bda05ca54,kaggle_modeling_pool,authentic,images*.jpg,blister,225,225,225,4067,0.9370877146720886,0.9407265186309814,0.93425053358078,0.9362859725952148
kaggle_fake_real_medicine_cd59615cfe,kaggle_modeling_pool,authentic,images*.jpg,blister,225,225,225,5455,0.8996617197990417,0.9100078344345093,0.8918150663375854,0.8971621990203857
kaggle_fake_real_medicine_34759d3aff,kaggle_modeling_pool,authentic,images*.jpg,blister,225,225,225,5779,0.895851194858551,0.9034504890441895,0.8944087028503418,0.8896943926811218
kaggle_fake_real_medicine_bf7cc7e301,kaggle_modeling_pool,authentic,images*.jpg,other,225,225,225,5396,0.9368531107902527,0.9292155504226685,0.9363032579421997,0.9450405836105347
kaggle_fake_real_medicine_50d898328e,kaggle_modeling_pool,authentic,images*.jpg,other,225,225,225,6373,0.9483886361122131,0.9791092872619629,0.9366191625595093,0.9294376373291016
kaggle_fake_real_medicine_627585c336,kaggle_modeling_pool,authentic,images*.jpg,other,225,225,225,7733,0.8794816136360168,0.9269254207611084,0.8520421981811523,0.8594775199890137
kaggle_fake_real_medicine_36670914db,kaggle_modeling_pool,authentic,images*.jpg,other,225,225,225,9412,0.7085879445075989,0.8787367343902588,0.7634018659591675,0.4836253523826599
kaggle_fake_real_medicine_ef4bd64707,kaggle_modeling_pool,authentic,images*.jpg,other,100,100,100,2687,0.8780768513679504,0.9566865563392639,0.8352615833282471,0.8422822952270508
kaggle_fake_real_medicine_1df50870ca,kaggle_modeling_pool,authentic,images*.jpg,blister,100,100,100,3329,0.6678216457366943,0.6988741159439087,0.6553950905799866,0.6491957902908325
kaggle_fake_real_medicine_3db3ffd711,kaggle_modeling_pool,authentic,images*.jpg,blister,100,100,100,1678,0.8585414886474609,0.8544031381607056,0.8535874485969543,0.8676337003707886
kaggle_fake_real_medicine_28623dc5d3,kaggle_modeling_pool,authentic,images*.jpg,other,281,180,180,7146,0.8029883503913879,0.858232855796814,0.812334418296814,0.7383980751037598
kaggle_fake_real_medicine_f0d335f51a,kaggle_modeling_pool,authentic,images*.jpg,blister,223,226,223,5329,0.8598712086677551,0.855344295501709,0.8550551533699036,0.8692143559455872
kaggle_fake_real_medicine_188e0dcabe,kaggle_modeling_pool,authentic,images*.jpg,blister,205,246,205,6766,0.8857662081718445,0.9025218486785889,0.8776577711105347,0.8771187663078308
kaggle_fake_real_medicine_8b91640ed8,kaggle_modeling_pool,authentic,images*.jpg,blister,225,225,225,4568,0.9540964961051941,0.9596967101097107,0.9563438296318054,0.9462488889694214
kaggle_fake_real_medicine_960b0a0e1f,kaggle_modeling_pool,authentic,images*.jpg,blister,225,225,225,5868,0.9290494918823242,0.9352998733520508,0.9311705231666565,0.9206782579421997
kaggle_fake_real_medicine_d9868033be,kaggle_modeling_pool,authentic,images*.jpg,other,225,225,225,6118,0.9264310002326965,0.9217284917831421,0.9237821698188782,0.9337823390960693
kaggle_fake_real_medicine_cd5e5e7124,kaggle_modeling_pool,authentic,images*.jpg,packaging,225,225,225,4184,0.9445357322692871,0.9356656074523926,0.9500325918197632,0.9479089975357056
kaggle_fake_real_medicine_b02526af81,kaggle_modeling_pool,authentic,images*.jpg,blister,225,225,225,5975,0.9348757266998291,0.9409639239311218,0.9370825886726379,0.9265806674957275
kaggle_fake_real_medicine_92bbb36447,kaggle_modeling_pool,authentic,images*.jpg,blister,225,225,225,13241,0.7437414526939392,0.7460008859634399,0.7389706373214722,0.7462526559829712
kaggle_fake_real_medicine_b7dabf39ff,kaggle_modeling_pool,authentic,images*.jpg,other,225,225,225,4879,0.8970667719841003,0.8960573673248291,0.8873525857925415,0.90779048204422
kaggle_fake_real_medicine_28eb803e0f,kaggle_modeling_pool,authentic,images*.jpg,other,259,195,195,7123,0.7933452725410461,0.718390941619873,0.7833985090255737,0.878246545791626
kaggle_fake_real_medicine_51e4cdba65,kaggle_modeling_pool,authentic,images*.jpg,other,225,225,225,5969,0.911233127117157,0.9214211702346802,0.8944767117500305,0.9178012013435364
kaggle_fake_real_medicine_fc15974a00,kaggle_modeling_pool,authentic,images*.jpg,blister,100,100,100,3105,0.7448806762695312,0.7740799784660339,0.7305951118469238,0.7299671173095703
kaggle_fake_real_medicine_c7404298d4,kaggle_modeling_pool,authentic,images*.jpg,blister,100,100,100,2115,0.8910118937492371,0.9124311208724976,0.8792394399642944,0.8813648819923401
kaggle_fake_real_medicine_d850d8b22d,kaggle_modeling_pool,authentic,images*.jpg,other,100,100,100,2007,0.8792483806610107,0.9253485202789307,0.8527114391326904,0.8596852421760559
kaggle_fake_real_medicine_67b01e63ae,kaggle_modeling_pool,authentic,images*.jpg,blister,225,225,225,7349,0.8855759501457214,0.888059139251709,0.8838896155357361,0.8847790360450745
kaggle_fake_real_medicine_3d60fe1980,kaggle_modeling_pool,authentic,images*.jpg,blister,183,275,183,7921,0.2848339378833771,0.2894071936607361,0.28201785683631897,0.28307676315307617
kaggle_fake_real_medicine_7e0914619a,kaggle_modeling_pool,authentic,images*.jpg,other,225,225,225,3105,0.9496231079101562,0.9526175260543823,0.9432195425033569,0.9530321359634399
kaggle_fake_real_medicine_6b129e49a0,kaggle_modeling_pool,authentic,images*.jpg,packaging,225,225,225,9020,0.6574698090553284,0.7979195713996887,0.6081781983375549,0.5663114786148071
kaggle_fake_real_medicine_db083d21fd,kaggle_modeling_pool,authentic,images*.jpg,blister,223,226,223,5150,0.9011728167533875,0.8986395597457886,0.8987410068511963,0.9061379432678223
kaggle_fake_real_medicine_1c2176cbfd,kaggle_modeling_pool,authentic,images*.jpg,packaging,248,203,203,4774,0.9502488970756531,0.9655043482780457,0.9461292028427124,0.9391132593154907
kaggle_fake_real_medicine_fb273df5b9,kaggle_modeling_pool,authentic,images*.jpg,other,225,225,225,7136,0.8445469737052917,0.8950779438018799,0.8294615745544434,0.8091011643409729
kaggle_fake_real_medicine_077563b376,kaggle_modeling_pool,authentic,images*.jpg,packaging,237,213,213,3638,0.7232322692871094,0.7271244525909424,0.7313476800918579,0.7112247347831726
kaggle_fake_real_medicine_9bcfb18427,kaggle_modeling_pool,authentic,images*.jpg,packaging,225,225,225,8074,0.6170870065689087,0.7956801652908325,0.5578412413597107,0.4977395534515381
kaggle_fake_real_medicine_71d5cc700b,kaggle_modeling_pool,authentic,images*.jpg,blister,205,246,205,7402,0.8902978897094727,0.9107651710510254,0.8811255693435669,0.8790029883384705
kaggle_fake_real_medicine_d04b0fc4a5,kaggle_modeling_pool,authentic,images*.jpg,other,194,259,194,5753,0.5803433060646057,0.5506730675697327,0.572837233543396,0.617519736289978
kaggle_fake_real_medicine_e390352f04,kaggle_modeling_pool,authentic,images*.jpg,packaging,225,225,225,5865,0.8893057703971863,0.9181420207023621,0.8794845342636108,0.8702905178070068
kaggle_fake_real_medicine_d491fa0f15,kaggle_modeling_pool,authentic,images*.jpg,blister,225,225,225,7792,0.8093702793121338,0.8302667737007141,0.8023821115493774,0.795461893081665
kaggle_fake_real_medicine_85674a9efd,kaggle_modeling_pool,authentic,images*.jpg,blister,100,100,100,3367,0.7052779197692871,0.7265453338623047,0.7053874135017395,0.6839010715484619
kaggle_fake_real_medicine_7df3596d02,kaggle_modeling_pool,authentic,images*.jpg,blister,225,225,225,8242,0.8699018359184265,0.8729300498962402,0.8678988814353943,0.8688763976097107
kaggle_fake_real_medicine_a5b0f12046,kaggle_modeling_pool,authentic,images*.jpg,blister,225,225,225,8281,0.772968053817749,0.7826315760612488,0.7690793871879578,0.7671931982040405
kaggle_fake_real_medicine_9f1c62d7f7,kaggle_modeling_pool,authentic,images*.jpg,other,294,172,172,6320,0.6411975622177124,0.6449304819107056,0.6268430352210999,0.651819109916687
kaggle_fake_real_medicine_fb6eba5f37,kaggle_modeling_pool,authentic,images*.jpg,blister,225,225,225,12091,0.7445449829101562,0.7584472894668579,0.7289416790008545,0.7462459802627563
kaggle_fake_real_medicine_713faf6038,kaggle_modeling_pool,authentic,images*.jpg,other,225,225,225,6028,0.8926677703857422,0.942385733127594,0.8700961470603943,0.8655216097831726
kaggle_fake_real_medicine_6ea9d947e6,kaggle_modeling_pool,authentic,images*.jpg,packaging,252,200,200,2989,0.9579519629478455,0.9450501203536987,0.9534916877746582,0.9753140211105347
kaggle_fake_real_medicine_50281df9ba,kaggle_modeling_pool,authentic,images*.jpg,other,223,226,223,3957,0.9020118713378906,0.925622284412384,0.9062950015068054,0.8741182088851929
kaggle_fake_real_medicine_7f2e2f16ab,kaggle_modeling_pool,authentic,images*.jpg,blister,225,225,225,8890,0.8010703921318054,0.806684672832489,0.7962421178817749,0.8002843856811523
kaggle_fake_real_medicine_ed97c2b4a0,kaggle_modeling_pool,authentic,images*.jpg,blister,225,225,225,5287,0.8923336863517761,0.9068454504013062,0.8864516019821167,0.8837038278579712
kaggle_fake_real_medicine_95182d0829,kaggle_modeling_pool,authentic,images*.jpg,blister,168,300,168,7901,0.46631529927253723,0.48983514308929443,0.4723537266254425,0.43675708770751953
kaggle_fake_real_medicine_b083b75233,kaggle_modeling_pool,authentic,images*.jpg,packaging,225,225,225,6888,0.8327295184135437,0.9163191318511963,0.8944833874702454,0.6873860955238342
kaggle_fake_real_medicine_f183243f66,kaggle_modeling_pool,authentic,images*.jpg,other,275,183,183,4795,0.8807374835014343,0.8926393985748291,0.8741057515144348,0.8754672408103943
kaggle_fake_real_medicine_64892427cd,kaggle_modeling_pool,authentic,images*.jpg,blister,225,225,225,5922,0.881151020526886,0.882988691329956,0.8821021318435669,0.8783624172210693
kaggle_fake_real_medicine_8b88b9e618,kaggle_modeling_pool,authentic,images*.jpg,packaging,225,225,225,4562,0.8426907658576965,0.8864238262176514,0.8486759066581726,0.7929726243019104
kaggle_fake_real_medicine_97b7ba7093,kaggle_modeling_pool,authentic,images*.jpg,packaging,223,226,223,7116,0.8733426928520203,0.8660376071929932,0.8529622554779053,0.9010282754898071
kaggle_fake_real_medicine_70c0c79496,kaggle_modeling_pool,authentic,images*.jpg,packaging,225,225,225,3869,0.9509555697441101,0.9442899823188782,0.9518028497695923,0.9567737579345703
kaggle_fake_real_medicine_6985b98bf9,kaggle_modeling_pool,authentic,images*.jpg,blister,243,207,207,8515,0.8070325255393982,0.8281393647193909,0.7984490394592285,0.7945092916488647
kaggle_fake_real_medicine_4a4c49b22a,kaggle_modeling_pool,authentic,images*.jpg,blister,225,225,225,8397,0.6845406889915466,0.5880476236343384,0.693291425704956,0.7722828984260559
kaggle_fake_real_medicine_578b78be70,kaggle_modeling_pool,authentic,images*.jpg,blister,225,225,225,7620,0.5942153334617615,0.38837411999702454,0.6269100904464722,0.7673617601394653
kaggle_fake_real_medicine_f73305e65f,kaggle_modeling_pool,authentic,images*.jpg,blister,225,225,225,5252,0.910302460193634,0.9147393703460693,0.8928088545799255,0.9233589768409729
kaggle_fake_real_medicine_87a04fc40a,kaggle_modeling_pool,authentic,images*.jpg,blister,208,242,208,4369,0.22829382121562958,0.2238549292087555,0.2222273349761963,0.23879921436309814
kaggle_fake_real_medicine_d19535b707,kaggle_modeling_pool,authentic,images*.jpg,other,223,226,223,3668,0.9376819133758545,0.9418007135391235,0.9310910701751709,0.940153956413269
kaggle_fake_real_medicine_a58ecabd64,kaggle_modeling_pool,authentic,images*.jpg,blister,100,100,100,1776,0.8813403248786926,0.885529637336731,0.8788430690765381,0.8796482682228088
kaggle_fake_real_medicine_723e06f544,kaggle_modeling_pool,authentic,images*.jpg,other,100,100,100,1729,0.9060611128807068,0.9033040404319763,0.8953890800476074,0.9194900989532471
kaggle_fake_real_medicine_14a03230bc,kaggle_modeling_pool,authentic,images*.jpg,other,100,100,100,2021,0.9076433777809143,0.9146168828010559,0.9027554988861084,0.9055577516555786
kaggle_fake_real_medicine_7fc16503ca,kaggle_modeling_pool,authentic,images*.jpg,packaging,100,100,100,1818,0.8501755595207214,0.8540288209915161,0.8379231691360474,0.858574628829956
kaggle_fake_real_medicine_c6ba8a80c3,kaggle_modeling_pool,authentic,images*.jpg,other,100,100,100,1971,0.8343076705932617,0.8140605688095093,0.8164387941360474,0.8724235892295837
kaggle_fake_real_medicine_f6acf6a716,kaggle_modeling_pool,authentic,images*.jpg,packaging,100,100,100,2596,0.7970304489135742,0.756432831287384,0.755487859249115,0.8791704773902893
kaggle_fake_real_medicine_37dd21b625,kaggle_modeling_pool,authentic,images*.jpg,other,100,100,100,1791,0.8852217197418213,0.8957538604736328,0.8896446228027344,0.8702665567398071
kaggle_fake_real_medicine_634b90547f,kaggle_modeling_pool,authentic,images*.jpg,blister,100,100,100,2088,0.7750204205513,0.7989124059677124,0.7708544135093689,0.7552945017814636
kaggle_fake_real_medicine_f54ad28d36,kaggle_modeling_pool,authentic,images*.jpg,blister,100,100,100,2796,0.7356697916984558,0.6524519920349121,0.7511967420578003,0.8033605217933655
kaggle_fake_real_medicine_03758866d1,kaggle_modeling_pool,authentic,images*.jpg,blister,100,100,100,2480,0.7837478518486023,0.811894953250885,0.7768487930297852,0.762499988079071
kaggle_fake_real_medicine_a92fedd746,kaggle_modeling_pool,authentic,images*.jpg,packaging,100,100,100,2018,0.7958703637123108,0.7699477672576904,0.7960564494132996,0.8216069340705872
kaggle_fake_real_medicine_3889901ff7,kaggle_modeling_pool,authentic,images*.jpg,blister,225,225,225,6826,0.8447447419166565,0.8511872291564941,0.8396589756011963,0.8433880805969238
kaggle_fake_real_medicine_c9ccae27b6,kaggle_modeling_pool,authentic,images*.jpg,blister,205,246,205,10147,0.738942563533783,0.732128918170929,0.744392454624176,0.7403061389923096
kaggle_fake_real_medicine_064eef0a38,kaggle_modeling_pool,authentic,images*.jpg,blister,225,225,225,11851,0.6920690536499023,0.6981809139251709,0.6897777318954468,0.6882486939430237
kaggle_fake_real_medicine_4e1528088f,kaggle_modeling_pool,authentic,images*.jpg,blister,225,225,225,10036,0.827862560749054,0.832155704498291,0.8200951814651489,0.8313371539115906
kaggle_fake_real_medicine_41d91fd70e,kaggle_modeling_pool,authentic,images*.jpg,blister,100,100,100,2798,0.485574334859848,0.5634172558784485,0.45629021525382996,0.4370155334472656
kaggle_fake_real_medicine_08629202de,kaggle_modeling_pool,authentic,images*.jpg,blister,100,100,100,2336,0.7172685265541077,0.7060480117797852,0.7066320180892944,0.7391257286071777
kaggle_fake_real_medicine_52a8894c41,kaggle_modeling_pool,authentic,images*.jpg,blister,259,194,194,7572,0.4321005344390869,0.42905083298683167,0.43527305126190186,0.43197762966156006
kaggle_fake_real_medicine_dd92c2e4a5,kaggle_modeling_pool,authentic,images*.jpg,packaging,225,225,225,4205,0.7921023368835449,0.7757295966148376,0.7932924032211304,0.807284951210022
kaggle_fake_real_medicine_5f48d16d3e,kaggle_modeling_pool,authentic,images*.jpg,blister,241,209,209,14467,0.6012356877326965,0.6071557402610779,0.6009775400161743,0.595573902130127
kaggle_fake_real_medicine_498236eef1,kaggle_modeling_pool,authentic,images*.jpg,packaging,225,225,225,7443,0.7645587921142578,0.7226773500442505,0.7290891408920288,0.8419098854064941
kaggle_fake_real_medicine_c6b95f95ba,kaggle_modeling_pool,authentic,images*.jpg,packaging,245,206,206,6079,0.6426955461502075,0.5744025707244873,0.6117034554481506,0.7419806718826294
kaggle_fake_real_medicine_0da2fb4dcb,kaggle_modeling_pool,authentic,images*.jpg,other,281,180,180,4930,0.8550739884376526,0.8865531086921692,0.8301987648010254,0.8484700918197632
kaggle_fake_real_medicine_e62479c215,kaggle_modeling_pool,authentic,images*.jpg,packaging,223,226,223,6568,0.6972848773002625,0.6718894243240356,0.6923618316650391,0.7276032567024231
kaggle_fake_real_medicine_9634cbbb20,kaggle_modeling_pool,authentic,images*.jpg,blister,225,225,225,6922,0.7863715291023254,0.8753073215484619,0.7941473722457886,0.6896599531173706
kaggle_fake_real_medicine_145d2c296f,kaggle_modeling_pool,authentic,images*.jpg,packaging,225,225,225,6695,0.7905222773551941,0.7585439682006836,0.7563610672950745,0.8566617369651794
kaggle_fake_real_medicine_723bdb51d5,kaggle_modeling_pool,authentic,images*.jpg,packaging,225,225,225,3874,0.8799239993095398,0.875927746295929,0.8806257843971252,0.8832184076309204
kaggle_fake_real_medicine_931d335b95,kaggle_modeling_pool,authentic,images*.jpg,packaging,225,225,225,4102,0.9220518469810486,0.9121859669685364,0.9231665134429932,0.9308028817176819
kaggle_fake_real_medicine_6dc1adea82,kaggle_modeling_pool,authentic,images*.jpg,packaging,281,180,180,5333,0.8369143605232239,0.8255754113197327,0.8303059935569763,0.8548617959022522
kaggle_fake_real_medicine_0f1da8661b,kaggle_modeling_pool,authentic,images*.jpg,blister,225,225,225,10481,0.7499971389770508,0.7927064299583435,0.7332155704498291,0.724069356918335
kaggle_fake_real_medicine_260aa8b769,kaggle_modeling_pool,authentic,images*.jpg,blister,225,225,225,6906,0.813960075378418,0.7967371940612793,0.8092610836029053,0.8358820080757141
kaggle_fake_real_medicine_a20ef0b473,kaggle_modeling_pool,authentic,images*.jpg,blister,225,225,225,11314,0.710483729839325,0.7332931160926819,0.695796012878418,0.7023619413375854
kaggle_fake_real_medicine_87f5f98f0c,kaggle_modeling_pool,authentic,images*.jpg,blister,222,227,222,13537,0.5873302817344666,0.5896915197372437,0.5819575786590576,0.5903416275978088
kaggle_fake_real_medicine_567fc3ef14,kaggle_modeling_pool,authentic,images*.jpg,blister,100,100,100,3489,0.5910513997077942,0.5951219797134399,0.592004656791687,0.5860275030136108
kaggle_fake_real_medicine_90afd1731c,kaggle_modeling_pool,authentic,images*.jpg,other,225,225,225,3438,0.924009382724762,0.9256070256233215,0.9209358096122742,0.925485372543335
kaggle_fake_real_medicine_d0816cba6c,kaggle_modeling_pool,authentic,images*.jpg,other,225,225,225,6621,0.7630348801612854,0.759890079498291,0.7584223747253418,0.7707921862602234
kaggle_fake_real_medicine_6782864159,kaggle_modeling_pool,authentic,images*.jpg,other,259,194,194,6742,0.9165472984313965,0.9511604309082031,0.8863712549209595,0.9121103286743164
kaggle_fake_real_medicine_c883f02b57,kaggle_modeling_pool,authentic,images*.jpg,other,223,226,223,4831,0.8917391300201416,0.8824285864830017,0.8857976794242859,0.9069910645484924
kaggle_fake_real_medicine_8d5b23aaf2,kaggle_modeling_pool,authentic,images*.jpg,blister,225,225,225,5812,0.786803662776947,0.7550839185714722,0.7799086570739746,0.8254183530807495
kaggle_fake_real_medicine_7f88abef70,kaggle_modeling_pool,authentic,images*.jpg,packaging,225,225,225,4929,0.8863731026649475,0.8611529469490051,0.8732556104660034,0.9247108697891235
kaggle_fake_real_medicine_32d9964ea4,kaggle_modeling_pool,authentic,images*.jpg,packaging,223,226,223,3854,0.8066298365592957,0.8152257204055786,0.8062759041786194,0.7983877658843994
kaggle_fake_real_medicine_274547355e,kaggle_modeling_pool,authentic,images*.jpg,packaging,225,225,225,6704,0.845928430557251,0.8104769587516785,0.829293966293335,0.8980143070220947
kaggle_fake_real_medicine_8ba1bbcf93,kaggle_modeling_pool,authentic,images*.jpg,blister,300,168,168,15570,0.4870899021625519,0.5124310851097107,0.4849197566509247,0.46391889452934265
kaggle_fake_real_medicine_9c1aa55ecd,kaggle_modeling_pool,authentic,images*.jpg,blister,225,225,225,11354,0.6506159901618958,0.6611624956130981,0.6513403654098511,0.6393449306488037
kaggle_fake_real_medicine_5c6752c37c,kaggle_modeling_pool,authentic,images*.jpg,other,223,226,223,4093,0.9033408164978027,0.8935077786445618,0.9024758338928223,0.9140385985374451
kaggle_fake_real_medicine_fd0f521efb,kaggle_modeling_pool,authentic,images*.jpg,blister,225,225,225,9270,0.6920745372772217,0.6915709376335144,0.6796377301216125,0.7050149440765381
kaggle_fake_real_medicine_85c7cfa357,kaggle_modeling_pool,authentic,images*.jpg,packaging,237,213,213,7162,0.8542518615722656,0.9088819026947021,0.8235198259353638,0.830353856086731
kaggle_fake_real_medicine_eb8ba6c808,kaggle_modeling_pool,authentic,images*.jpg,blister,100,100,100,2856,0.5847107172012329,0.5850394368171692,0.5781919956207275,0.5909007787704468
kaggle_fake_real_medicine_af8a40e59f,kaggle_modeling_pool,authentic,images*.jpg,blister,100,100,100,2537,0.4873832166194916,0.607754111289978,0.41525930166244507,0.43913623690605164
kaggle_fake_real_medicine_f88e912cf7,kaggle_modeling_pool,authentic,images*.jpg,other,225,225,225,5160,0.8127824664115906,0.8168724775314331,0.8093999028205872,0.8120748996734619
kaggle_fake_real_medicine_a802339ac8,kaggle_modeling_pool,authentic,images*.jpg,blister,225,225,225,6163,0.88779616355896,0.885674238204956,0.890464186668396,0.8872501254081726
kaggle_fake_real_medicine_6a91088f08,kaggle_modeling_pool,authentic,images*.jpg,blister,225,225,225,9787,0.7664346694946289,0.7680960893630981,0.7578201293945312,0.7733877301216125
kaggle_fake_real_medicine_1a4671782c,kaggle_modeling_pool,authentic,images*.jpg,packaging,225,225,225,4430,0.8833029866218567,0.8767884969711304,0.8821423649787903,0.8909783363342285
kaggle_fake_real_medicine_bc430dd8f0,kaggle_modeling_pool,authentic,images*.jpg,packaging,225,224,224,6647,0.6949521899223328,0.6704446077346802,0.6740837693214417,0.7403281927108765
kaggle_fake_real_medicine_e33cdd1fc3,kaggle_modeling_pool,authentic,images*.jpg,blister,167,302,167,9240,0.6435368061065674,0.8514562249183655,0.5447543263435364,0.5343999266624451
kaggle_fake_real_medicine_970808fae3,kaggle_modeling_pool,authentic,images*.jpg,packaging,225,225,225,1571,0.9715089797973633,0.9696518778800964,0.9715973138809204,0.9732775688171387
kaggle_fake_real_medicine_95ff935025,kaggle_modeling_pool,authentic,images*.jpg,packaging,225,225,225,7301,0.7712233662605286,0.7314893007278442,0.7328613996505737,0.849319338798523
kaggle_fake_real_medicine_378059a366,kaggle_modeling_pool,authentic,images*.jpg,blister,205,246,205,7529,0.631462574005127,0.8523476123809814,0.6619226932525635,0.38011738657951355
kaggle_fake_real_medicine_6e3f150413,kaggle_modeling_pool,authentic,images*.jpg,blister,221,228,221,14370,0.5321486592292786,0.531853199005127,0.5127297639846802,0.5518631935119629
kaggle_fake_real_medicine_293391e3c5,kaggle_modeling_pool,authentic,images*.jpg,blister,300,168,168,5769,0.7818490862846375,0.8113223910331726,0.7742503881454468,0.7599743604660034
kaggle_fake_real_medicine_e9a3909e2a,kaggle_modeling_pool,authentic,images*.jpg,packaging,224,224,224,6913,0.7284655570983887,0.5785414576530457,0.7161783576011658,0.8906766772270203
kaggle_fake_real_medicine_e8624b6733,kaggle_modeling_pool,authentic,images*.jpg,blister,225,225,225,3925,0.9014153480529785,0.9119915962219238,0.899853527545929,0.8924009799957275
kaggle_fake_real_medicine_634456e7d6,kaggle_modeling_pool,authentic,images*.jpg,blister,100,100,100,3191,0.5860405564308167,0.5886116027832031,0.5807531476020813,0.5887570977210999
kaggle_fake_real_medicine_a9d0136474,kaggle_modeling_pool,authentic,images*.jpg,blister,223,226,223,6173,0.3964706361293793,0.4035022258758545,0.421550452709198,0.3643593192100525
kaggle_fake_real_medicine_0222936a5e,kaggle_modeling_pool,authentic,images*.jpg,blister,187,270,187,8015,0.8133246302604675,0.8839278817176819,0.7832672595977783,0.7727787494659424
mendeley_split_c_00000,split_c_external,authentic,external_photo,,2448,3264,2448,1395167,0.19683192670345306,0.1988128125667572,0.20146197080612183,0.19022098183631897
mendeley_split_c_00001,split_c_external,authentic,external_photo,,3264,2448,2448,1846760,0.1604485958814621,0.16615542769432068,0.15764784812927246,0.15754252672195435
mendeley_split_c_00002,split_c_external,authentic,external_photo,,3264,2448,2448,1486795,0.2671080529689789,0.27735811471939087,0.2636776268482208,0.26028838753700256
mendeley_split_c_00003,split_c_external,authentic,external_photo,,2448,3264,2448,1576216,0.19163604080677032,0.186931312084198,0.18693801760673523,0.20103880763053894
mendeley_split_c_00004,split_c_external,authentic,external_photo,,2448,3264,2448,1833137,0.1896257847547531,0.15860429406166077,0.19589079916477203,0.21438229084014893
mendeley_split_c_00005,split_c_external,authentic,external_photo,,3264,2448,2448,2393296,0.16024401783943176,0.14700904488563538,0.16248756647109985,0.17123545706272125
mendeley_split_c_00006,split_c_external,authentic,external_photo,,3264,2448,2448,1473554,0.17018355429172516,0.16505151987075806,0.17232690751552582,0.17317229509353638
mendeley_split_c_00007,split_c_external,authentic,external_photo,,3264,2448,2448,1933492,0.17817670106887817,0.17740407586097717,0.168705016374588,0.18842105567455292
mendeley_split_c_00008,split_c_external,authentic,external_photo,,3264,2448,2448,1417661,0.17539286613464355,0.18913337588310242,0.17928731441497803,0.1577579379081726
mendeley_split_c_00009,split_c_external,authentic,external_photo,,3264,2448,2448,2022059,0.1985466480255127,0.26184704899787903,0.16139325499534607,0.17239966988563538
mendeley_split_c_00010,split_c_external,authentic,external_photo,,2448,3264,2448,1380377,0.13598282635211945,0.1393229365348816,0.13539274036884308,0.13323281705379486
mendeley_split_c_00011,split_c_external,authentic,external_photo,,3264,2448,2448,1787019,0.1604785919189453,0.2150658816099167,0.1801777184009552,0.08619218319654465
mendeley_split_c_00012,split_c_external,authentic,external_photo,,2448,3264,2448,1434899,0.1763008087873459,0.164266437292099,0.17902785539627075,0.1856081485748291
mendeley_split_c_00013,split_c_external,authentic,external_photo,,2448,3264,2448,1630760,0.13319642841815948,0.12583965063095093,0.1494121551513672,0.12433747947216034
mendeley_split_c_00014,split_c_external,authentic,external_photo,,3264,2448,2448,1669397,0.06733430922031403,0.05745251849293709,0.05729358643293381,0.08725681900978088
mendeley_split_c_00015,split_c_external,authentic,external_photo,,2448,3264,2448,1924706,0.1510285884141922,0.14668160676956177,0.14791379868984222,0.1584903597831726
mendeley_split_c_00016,split_c_external,authentic,external_photo,,2448,3264,2448,1341317,0.11922360211610794,0.12333028763532639,0.11877873539924622,0.1155618205666542
mendeley_split_c_00017,split_c_external,authentic,external_photo,,2448,3264,2448,1263501,0.11898360401391983,0.1177973747253418,0.11665134131908417,0.12250210344791412
mendeley_split_c_00018,split_c_external,authentic,external_photo,,2448,3264,2448,1467677,0.11493790149688721,0.11763845384120941,0.11474993824958801,0.11242533475160599
mendeley_split_c_00019,split_c_external,authentic,external_photo,,2448,3264,2448,1564514,0.14527995884418488,0.15682445466518402,0.14222484827041626,0.13679055869579315
mendeley_split_c_00020,split_c_external,authentic,external_photo,,3264,2448,2448,1827384,0.15594138205051422,0.16981273889541626,0.1482958197593689,0.14971566200256348
mendeley_split_c_00021,split_c_external,authentic,external_photo,,3264,2448,2448,1996885,0.1539171189069748,0.1621926724910736,0.14812251925468445,0.15143613517284393
mendeley_split_c_00022,split_c_external,authentic,external_photo,,3264,2448,2448,1564378,0.2144486904144287,0.28726065158843994,0.19214250147342682,0.1639428436756134
mendeley_split_c_00023,split_c_external,authentic,external_photo,,3264,2448,2448,1488717,0.09400945901870728,0.09658108651638031,0.08955079317092896,0.09589652717113495
mendeley_split_c_00024,split_c_external,authentic,external_photo,,2448,3264,2448,1608174,0.17777873575687408,0.18478575348854065,0.17492055892944336,0.17362995445728302
mendeley_split_c_00025,split_c_external,authentic,external_photo,,2448,3264,2448,1585546,0.12495245784521103,0.1312662810087204,0.11847618967294693,0.12511490285396576
mendeley_split_c_00026,split_c_external,authentic,external_photo,,3264,2448,2448,1424978,0.12219575047492981,0.12315316498279572,0.11967296153306961,0.1237611249089241
mendeley_split_c_00027,split_c_external,authentic,external_photo,,3264,2448,2448,1481805,0.1452094316482544,0.15164196491241455,0.1426566243171692,0.14132966101169586
mendeley_split_c_00028,split_c_external,authentic,external_photo,,2448,3264,2448,1685336,0.09948012977838516,0.10417241603136063,0.09859451651573181,0.09567344933748245
mendeley_split_c_00029,split_c_external,authentic,external_photo,,3264,2448,2448,1499676,0.09390190988779068,0.09322438389062881,0.09146753698587418,0.09701383113861084
mendeley_split_c_00030,split_c_external,authentic,external_photo,,3264,2448,2448,2060918,0.118680439889431,0.11905063688755035,0.11222235858440399,0.12476831674575806
mendeley_split_c_00031,split_c_external,authentic,external_photo,,3264,2448,2448,1264337,0.11661401391029358,0.12117131799459457,0.11435548216104507,0.11431527137756348
mendeley_split_c_00032,split_c_external,authentic,external_photo,,3264,2448,2448,1533912,0.1014690026640892,0.10911938548088074,0.0993460938334465,0.09594152867794037
mendeley_split_c_00033,split_c_external,authentic,external_photo,,3264,2448,2448,1880642,0.11619722098112106,0.11524299532175064,0.16683614253997803,0.06651253253221512
mendeley_split_c_00034,split_c_external,authentic,external_photo,,2448,3264,2448,1554048,0.17903582751750946,0.17870041728019714,0.17157533764839172,0.18683172762393951
mendeley_split_c_00035,split_c_external,authentic,external_photo,,2448,3264,2448,1784307,0.09591439366340637,0.09590993821620941,0.08718214929103851,0.10465112328529358
mendeley_split_c_00036,split_c_external,authentic,external_photo,,3264,2448,2448,1517992,0.20429719984531403,0.20287129282951355,0.19937099516391754,0.21064932644367218
mendeley_split_c_00037,split_c_external,authentic,external_photo,,3264,2448,2448,1664379,0.19611258804798126,0.22226852178573608,0.16251245141029358,0.20355680584907532
mendeley_split_c_00038,split_c_external,authentic,external_photo,,3264,2448,2448,1624873,0.20767782628536224,0.21805013716220856,0.20634575188159943,0.19863760471343994
mendeley_split_c_00039,split_c_external,authentic,external_photo,,3264,2448,2448,1429449,0.18889784812927246,0.22405025362968445,0.17577743530273438,0.16686582565307617
mendeley_split_c_00040,split_c_external,authentic,external_photo,,3264,2448,2448,2004960,0.16340923309326172,0.11245118081569672,0.15974457561969757,0.21803194284439087
mendeley_split_c_00041,split_c_external,authentic,external_photo,,3264,2448,2448,2222514,0.21960626542568207,0.22612114250659943,0.2139064520597458,0.2187911719083786
mendeley_split_c_00042,split_c_external,authentic,external_photo,,3264,2448,2448,2074061,0.14341843128204346,0.14728668332099915,0.16398879885673523,0.1189797893166542
mendeley_split_c_00043,split_c_external,authentic,external_photo,,2448,3264,2448,1609422,0.18280740082263947,0.1908586025238037,0.179485484957695,0.1780780851840973
mendeley_split_c_00044,split_c_external,authentic,external_photo,,3264,2448,2448,1685207,0.16759152710437775,0.1862017810344696,0.1497616171836853,0.1668112576007843
mendeley_split_c_00045,split_c_external,authentic,external_photo,,3264,2448,2448,1696309,0.17759586870670319,0.15995998680591583,0.17106503248214722,0.2017626166343689
mendeley_split_c_00046,split_c_external,authentic,external_photo,,3264,2448,2448,1962904,0.13179126381874084,0.15151941776275635,0.12055665999650955,0.12329772114753723
mendeley_split_c_00047,split_c_external,authentic,external_photo,,3264,2448,2448,1622198,0.1450134664773941,0.14644896984100342,0.13890933990478516,0.1496821641921997
mendeley_split_c_00048,split_c_external,authentic,external_photo,,3264,2448,2448,1346548,0.09475050121545792,0.09324545413255692,0.09907898306846619,0.09192709624767303
mendeley_split_c_00049,split_c_external,authentic,external_photo,,3264,2448,2448,2177885,0.19300194084644318,0.21982517838478088,0.19503962993621826,0.16414101421833038
mendeley_split_c_00050,split_c_external,authentic,external_photo,,3264,2448,2448,1452103,0.0891655907034874,0.091758593916893,0.08640950918197632,0.08932867646217346
mendeley_split_c_00051,split_c_external,authentic,external_photo,,3264,2448,2448,1370334,0.140096515417099,0.1225796639919281,0.14922162890434265,0.14848825335502625
mendeley_split_c_00052,split_c_external,authentic,external_photo,,3264,2448,2448,1734042,0.1421613246202469,0.1480095535516739,0.13557368516921997,0.14290079474449158
mendeley_split_c_00053,split_c_external,authentic,external_photo,,3264,2448,2448,1327317,0.15153281390666962,0.15385742485523224,0.14839249849319458,0.15234853327274323
mendeley_split_c_00054,split_c_external,authentic,external_photo,,2448,3264,2448,1704985,0.17703993618488312,0.18432235717773438,0.16165173053741455,0.18514573574066162
mendeley_split_c_00055,split_c_external,authentic,external_photo,,2448,3264,2448,1443169,0.2181873768568039,0.23206764459609985,0.20899108052253723,0.2135033905506134
mendeley_split_c_00056,split_c_external,authentic,external_photo,,2448,3264,2448,1251323,0.12881562113761902,0.13819317519664764,0.12432694435119629,0.12392674386501312
mendeley_split_c_00057,split_c_external,authentic,external_photo,,2448,3264,2448,1521879,0.15249279141426086,0.1605650633573532,0.14812061190605164,0.14879271388053894
mendeley_split_c_00058,split_c_external,authentic,external_photo,,2448,3264,2448,1327408,0.12653760612010956,0.12950848042964935,0.128173828125,0.12193053215742111
mendeley_split_c_00059,split_c_external,authentic,external_photo,,2448,3264,2448,1071914,0.058961719274520874,0.05162952095270157,0.05125325918197632,0.07400237768888474
mendeley_split_c_00060,split_c_external,authentic,external_photo,,3264,2448,2448,1634798,0.10135123878717422,0.06207874417304993,0.10602597892284393,0.1359490156173706
mendeley_split_c_00061,split_c_external,authentic,external_photo,,2448,3264,2448,1604300,0.14853323996067047,0.23115330934524536,0.10510781407356262,0.10933862626552582
mendeley_split_c_00062,split_c_external,authentic,external_photo,,2448,3264,2448,1857063,0.2290821075439453,0.22668218612670898,0.22824564576148987,0.23231849074363708
mendeley_split_c_00063,split_c_external,authentic,external_photo,,3264,2448,2448,1487223,0.12197043746709824,0.12753523886203766,0.11776961386203766,0.1206064224243164
mendeley_split_c_00064,split_c_external,authentic,external_photo,,3264,2448,2448,1501178,0.11581744998693466,0.1250593662261963,0.11076134443283081,0.11163163930177689
mendeley_split_c_00065,split_c_external,authentic,external_photo,,2448,3264,2448,1547646,0.22062557935714722,0.22355718910694122,0.21764898300170898,0.22067058086395264
mendeley_split_c_00066,split_c_external,authentic,external_photo,,2448,3264,2448,1650870,0.11496981978416443,0.10823185741901398,0.14954811334609985,0.08712949603796005
mendeley_split_c_00067,split_c_external,authentic,external_photo,,2448,3264,2448,1274410,0.18455243110656738,0.19813017547130585,0.17961281538009644,0.17591434717178345
mendeley_split_c_00068,split_c_external,authentic,external_photo,,2448,3264,2448,1557102,0.15266640484333038,0.15961340069770813,0.1471373438835144,0.1512484848499298
mendeley_split_c_00069,split_c_external,authentic,external_photo,,2448,3264,2448,1493472,0.14631204307079315,0.16729378700256348,0.12267445027828217,0.1489679217338562
mendeley_split_c_00070,split_c_external,authentic,external_photo,,2448,3264,2448,1494723,0.15938521921634674,0.16931679844856262,0.15418103337287903,0.15465784072875977
mendeley_split_c_00071,split_c_external,authentic,external_photo,,2448,3264,2448,1524528,0.15322840213775635,0.1626369208097458,0.14887313544750214,0.1481751799583435
mendeley_split_c_00072,split_c_external,authentic,external_photo,,2448,3264,2448,1712179,0.1300002485513687,0.1339738517999649,0.13642290234565735,0.11960402131080627
mendeley_split_c_00073,split_c_external,authentic,external_photo,,2448,3264,2448,1726756,0.17736323177814484,0.18125000596046448,0.17491766810417175,0.17592200636863708
mendeley_split_c_00074,split_c_external,authentic,external_photo,,3264,2448,2448,1420387,0.18018312752246857,0.1846938133239746,0.17844286561012268,0.17741268873214722
mendeley_split_c_00075,split_c_external,authentic,external_photo,,3264,2448,2448,1691226,0.12000072002410889,0.1256749927997589,0.1158241555094719,0.11850299686193466
mendeley_split_c_00076,split_c_external,authentic,external_photo,,2448,3264,2448,1755035,0.1737445443868637,0.1955595314502716,0.1767989993095398,0.14887505769729614
mendeley_split_c_00077,split_c_external,authentic,external_photo,,3264,2448,2448,1775593,0.19375161826610565,0.19253504276275635,0.18695810437202454,0.2017616331577301
mendeley_split_c_00078,split_c_external,authentic,external_photo,,3264,2448,2448,1498881,0.12237317115068436,0.0963532105088234,0.12495787441730499,0.14580844342708588
mendeley_split_c_00079,split_c_external,authentic,external_photo,,2448,3264,2448,1415456,0.2488574981689453,0.2572667896747589,0.2505916655063629,0.23871400952339172
mendeley_split_c_00080,split_c_external,authentic,external_photo,,2448,3264,2448,1516270,0.22426247596740723,0.22798332571983337,0.2221890389919281,0.2226150929927826
mendeley_split_c_00081,split_c_external,authentic,external_photo,,2448,3264,2448,1499893,0.1595935970544815,0.1947830617427826,0.16463792324066162,0.11935988068580627
mendeley_split_c_00082,split_c_external,authentic,external_photo,,2448,3264,2448,2017525,0.16341786086559296,0.17233839631080627,0.15641947090625763,0.16149568557739258
mendeley_split_c_00083,split_c_external,authentic,external_photo,,2448,3264,2448,1660569,0.2372022420167923,0.2736031413078308,0.22212010622024536,0.2158835232257843
mendeley_split_c_00084,split_c_external,authentic,external_photo,,2448,3264,2448,1425422,0.18496127426624298,0.22228479385375977,0.15876896679401398,0.1738300621509552
mendeley_split_c_00085,split_c_external,authentic,external_photo,,2448,3264,2448,1904600,0.10143420845270157,0.09664618968963623,0.10100242495536804,0.10665403306484222
mendeley_split_c_00086,split_c_external,authentic,external_photo,,2448,3264,2448,1482648,0.26934167742729187,0.28642770648002625,0.26392465829849243,0.2576727271080017
mendeley_split_c_00087,split_c_external,authentic,external_photo,,2448,3264,2448,1276081,0.14243707060813904,0.14507314562797546,0.14169827103614807,0.14053979516029358
mendeley_split_c_00088,split_c_external,authentic,external_photo,,2448,3264,2448,1431345,0.16633956134319305,0.17719152569770813,0.1587306559085846,0.16309648752212524
mendeley_split_c_00089,split_c_external,authentic,external_photo,,2448,3264,2448,1790265,0.15790091454982758,0.21112900972366333,0.13139553368091583,0.13117820024490356
mendeley_split_c_00090,split_c_external,authentic,external_photo,,2448,3264,2448,2084122,0.20096413791179657,0.2069929540157318,0.193315327167511,0.20258405804634094
mendeley_split_c_00091,split_c_external,authentic,external_photo,,2448,3264,2448,1677703,0.1578584760427475,0.16582128405570984,0.191165953874588,0.11658816039562225
mendeley_split_c_00092,split_c_external,authentic,external_photo,,2448,3264,2448,1457484,0.17110270261764526,0.19616270065307617,0.18730279803276062,0.129842609167099
mendeley_split_c_00093,split_c_external,authentic,external_photo,,2448,3264,2448,1549710,0.21865840256214142,0.23158413171768188,0.20985564589500427,0.21453547477722168
mendeley_split_c_00094,split_c_external,authentic,external_photo,,2448,3264,2448,1570147,0.15769954025745392,0.16105911135673523,0.15548503398895264,0.1565544754266739
mendeley_split_c_00095,split_c_external,authentic,external_photo,,2448,3264,2448,1932123,0.14270387589931488,0.16041092574596405,0.13489776849746704,0.13280293345451355
mendeley_split_c_00096,split_c_external,authentic,external_photo,,2448,3264,2448,2111266,0.15103305876255035,0.12891295552253723,0.14356139302253723,0.1806248277425766
mendeley_split_c_00097,split_c_external,authentic,external_photo,,2448,3264,2448,1925031,0.15051095187664032,0.16155217587947845,0.15400582551956177,0.13597485423088074
mendeley_split_c_00098,split_c_external,authentic,external_photo,,2448,3264,2448,1445796,0.16334158182144165,0.17098844051361084,0.1584482192993164,0.16058805584907532
mendeley_split_c_00099,split_c_external,authentic,external_photo,,2448,3264,2448,2313711,0.1854351907968521,0.22459980845451355,0.18468809127807617,0.14701765775680542
mendeley_split_c_00100,split_c_external,authentic,external_photo,,2448,3264,2448,1973234,0.15934054553508759,0.22076058387756348,0.19379213452339172,0.06346890330314636
mendeley_split_c_00101,split_c_external,authentic,external_photo,,3264,2448,2448,1908031,0.18696705996990204,0.19456572830677032,0.17975164949893951,0.1865837723016739
mendeley_split_c_00102,split_c_external,authentic,external_photo,,3264,2448,2448,1543308,0.15833844244480133,0.1635771095752716,0.15466740727424622,0.15677082538604736
mendeley_split_c_00103,split_c_external,authentic,external_photo,,2448,3264,2448,1749211,0.1952611207962036,0.20084252953529358,0.19019415974617004,0.19474667310714722
mendeley_split_c_00104,split_c_external,authentic,external_photo,,3264,2448,2448,1521481,0.16060911118984222,0.1857699602842331,0.14921875298023224,0.14683863520622253
mendeley_split_c_00105,split_c_external,authentic,external_photo,,3264,2448,2448,1552615,0.18258816003799438,0.19208025932312012,0.17990387976169586,0.1757802963256836
mendeley_split_c_00106,split_c_external,authentic,external_photo,,3264,2448,2448,1464019,0.10218417644500732,0.12132830917835236,0.09391946345567703,0.09130477160215378
mendeley_split_c_00107,split_c_external,authentic,external_photo,,2448,3264,2448,1962345,0.18750320374965668,0.18785712122917175,0.17863626778125763,0.19601619243621826
mendeley_split_c_00108,split_c_external,authentic,external_photo,,2448,3264,2448,1438590,0.11213970184326172,0.13599112629890442,0.10168218612670898,0.09874580055475235
mendeley_split_c_00109,split_c_external,authentic,external_photo,,3264,2448,2448,1630424,0.16059060394763947,0.17116650938987732,0.1557646095752716,0.15484070777893066
mendeley_split_c_00110,split_c_external,authentic,external_photo,,3264,2448,2448,1726730,0.25334009528160095,0.2870682179927826,0.24348098039627075,0.2294711470603943
mendeley_split_c_00111,split_c_external,authentic,external_photo,,3264,2448,2448,1621472,0.21487407386302948,0.22341549396514893,0.2090284377336502,0.2121783345937729
mendeley_split_c_00112,split_c_external,authentic,external_photo,,3264,2448,2448,1557769,0.1572878509759903,0.16956286132335663,0.15066541731357574,0.1516352742910385
mendeley_split_c_00113,split_c_external,authentic,external_photo,,3264,2448,2448,2043208,0.16778142750263214,0.2096756398677826,0.15056297183036804,0.1431056708097458
mendeley_split_c_00114,split_c_external,authentic,external_photo,,3264,2448,2448,1595535,0.18180595338344574,0.20393404364585876,0.17085441946983337,0.17062941193580627
mendeley_split_c_00115,split_c_external,authentic,external_photo,,2448,3264,2448,2006470,0.21203981339931488,0.2173234522342682,0.20763252675533295,0.2111634612083435
mendeley_split_c_00116,split_c_external,authentic,external_photo,,3264,2448,2448,2194720,0.19405032694339752,0.20575883984565735,0.18589921295642853,0.1904928833246231
mendeley_split_c_00117,split_c_external,authentic,external_photo,,3264,2448,2448,2077774,0.17998462915420532,0.18427638709545135,0.1780196875333786,0.17765779793262482
mendeley_split_c_00118,split_c_external,authentic,external_photo,,2448,3264,2448,1493731,0.12264668196439743,0.11992475390434265,0.12062175571918488,0.12739354372024536
mendeley_split_c_00119,split_c_external,authentic,external_photo,,2448,3264,2448,1780721,0.1773255616426468,0.18512848019599915,0.17239679396152496,0.17445141077041626
mendeley_split_c_00120,split_c_external,authentic,external_photo,,2448,3264,2448,1678341,0.12643389403820038,0.08056832104921341,0.12321251630783081,0.17552083730697632
mendeley_split_c_00121,split_c_external,authentic,external_photo,,2448,3264,2448,1726611,0.17130149900913239,0.18336591124534607,0.16086378693580627,0.16967488825321198
mendeley_split_c_00122,split_c_external,authentic,external_photo,,2448,3264,2448,1947180,0.16788578033447266,0.1650591790676117,0.16568246483802795,0.1729157269001007
mendeley_split_c_00123,split_c_external,authentic,external_photo,,2448,3264,2448,2112790,0.15396083891391754,0.1576353907585144,0.14729054272174835,0.15695658326148987
mendeley_split_c_00124,split_c_external,authentic,external_photo,,2448,3264,2448,1605166,0.18386535346508026,0.18854455649852753,0.18099629878997803,0.18205520510673523
mendeley_split_c_00125,split_c_external,authentic,external_photo,,2448,3264,2448,1636407,0.12833116948604584,0.12698663771152496,0.12443514168262482,0.13357174396514893
mendeley_split_c_00126,split_c_external,authentic,external_photo,,2448,3264,2448,3262889,0.24036043882369995,0.2027362883090973,0.19315451383590698,0.32519054412841797
mendeley_split_c_00127,split_c_external,authentic,external_photo,,2448,3264,2448,1566412,0.1653735190629959,0.1289043426513672,0.17002145946025848,0.19719478487968445
mendeley_split_c_00128,split_c_external,authentic,external_photo,,2448,3264,2448,1357081,0.1674290895462036,0.1595655381679535,0.1666877269744873,0.17603400349617004
mendeley_split_c_00129,split_c_external,authentic,external_photo,,2448,3264,2448,1632856,0.19097350537776947,0.19558633863925934,0.18840189278125763,0.18893229961395264
mendeley_split_c_00130,split_c_external,authentic,external_photo,,2448,3264,2448,1097800,0.08074767887592316,0.07413258403539658,0.07396025210618973,0.09415020048618317
mendeley_split_c_00131,split_c_external,authentic,external_photo,,2448,3264,2448,1627769,0.15811409056186676,0.16865044832229614,0.1658959686756134,0.13979589939117432
mendeley_split_c_00132,split_c_external,authentic,external_photo,,2448,3264,2448,1630519,0.24836666882038116,0.30973976850509644,0.25977903604507446,0.175581157207489
mendeley_split_c_00133,split_c_external,authentic,external_photo,,2448,3264,2448,1560179,0.15372978150844574,0.14719191193580627,0.15414944291114807,0.15984797477722168
mendeley_split_c_00134,split_c_external,authentic,external_photo,,2448,3264,2448,1426328,0.16703911125659943,0.16986922919750214,0.16496917605400085,0.1662789285182953
mendeley_split_c_00135,split_c_external,authentic,external_photo,,2448,3264,2448,1644543,0.20748507976531982,0.21812674403190613,0.1821308434009552,0.22219766676425934
mendeley_split_c_00136,split_c_external,authentic,external_photo,,2448,3264,2448,2414332,0.12429025024175644,0.15143996477127075,0.10592448711395264,0.11550629138946533
mendeley_split_c_00137,split_c_external,authentic,external_photo,,3264,2448,2448,1301054,0.13879826664924622,0.11501418054103851,0.1363319605588913,0.16504865884780884
mendeley_split_c_00138,split_c_external,authentic,external_photo,,3264,2448,2448,1585196,0.08997174352407455,0.12820926308631897,0.07116939127445221,0.0705365389585495
mendeley_split_c_00139,split_c_external,authentic,external_photo,,2448,3264,2448,1517488,0.12775449454784393,0.06356751918792725,0.13935452699661255,0.1803414225578308
mendeley_split_c_00140,split_c_external,authentic,external_photo,,2448,3264,2448,1556891,0.13999982178211212,0.1853209286928177,0.1471555382013321,0.08752298355102539
mendeley_split_c_00141,split_c_external,authentic,external_photo,,3264,2448,2448,1506126,0.17811095714569092,0.19518804550170898,0.17713984847068787,0.16200502216815948
mendeley_split_c_00142,split_c_external,authentic,external_photo,,2448,3264,2448,1575371,0.2413133978843689,0.2531977891921997,0.2342735230922699,0.23646888136863708
mendeley_split_c_00143,split_c_external,authentic,external_photo,,2448,3264,2448,1484577,0.2084057778120041,0.22858074307441711,0.19723021984100342,0.19940641522407532
mendeley_split_c_00144,split_c_external,authentic,external_photo,,3264,2448,2448,1557542,0.16962318122386932,0.17352557182312012,0.16763940453529358,0.1677044928073883
mendeley_split_c_00145,split_c_external,authentic,external_photo,,3264,2448,2448,1457138,0.1380750983953476,0.14417031407356262,0.13270048797130585,0.13735447824001312
mendeley_split_c_00146,split_c_external,authentic,external_photo,,3264,2448,2448,1505235,0.2224702090024948,0.2570216655731201,0.21103516221046448,0.19935375452041626
mendeley_split_c_00147,split_c_external,authentic,external_photo,,3264,2448,2448,1701963,0.20912961661815643,0.17451652884483337,0.21273651719093323,0.2401357740163803
mendeley_split_c_00148,split_c_external,authentic,external_photo,,3264,2448,2448,1601339,0.18272091448307037,0.1808076947927475,0.18093407154083252,0.1864210069179535
mendeley_split_c_00149,split_c_external,authentic,external_photo,,2448,3264,2448,1647744,0.1380932778120041,0.14718139171600342,0.13780543208122253,0.1292930543422699
synthetic_counterfeit_00000__synth,split_c_synthetic,counterfeit,synthetic_perturbed,,2448,3264,2448,1028927,0.2289065718650818,0.22276538610458374,0.24150392413139343,0.2224504053592682
synthetic_counterfeit_00001__synth,split_c_synthetic,counterfeit,synthetic_perturbed,,3264,2448,2448,1801356,0.13274548947811127,0.18857039511203766,0.08841338008642197,0.12125269323587418
synthetic_counterfeit_00002__synth,split_c_synthetic,counterfeit,synthetic_perturbed,,3264,2448,2448,868365,0.2457994967699051,0.25151368975639343,0.24431967735290527,0.24156519770622253
synthetic_counterfeit_00003__synth,split_c_synthetic,counterfeit,synthetic_perturbed,,2448,3264,2448,950103,0.22577296197414398,0.2275189757347107,0.22073473036289215,0.2290651947259903
synthetic_counterfeit_00004__synth,split_c_synthetic,counterfeit,synthetic_perturbed,,2448,3264,2448,1073358,0.16985070705413818,0.14077436923980713,0.20550036430358887,0.16327743232250214
synthetic_counterfeit_00005__synth,split_c_synthetic,counterfeit,synthetic_perturbed,,3264,2448,2448,1135495,0.15921735763549805,0.16672125458717346,0.1730363517999649,0.13789446651935577
synthetic_counterfeit_00006__synth,split_c_synthetic,counterfeit,synthetic_perturbed,,3264,2448,2448,1127609,0.19922704994678497,0.1807655543088913,0.20100146532058716,0.21591416001319885
synthetic_counterfeit_00007__synth,split_c_synthetic,counterfeit,synthetic_perturbed,,3264,2448,2448,1809217,0.16408580541610718,0.16338083148002625,0.15892024338245392,0.16995635628700256
synthetic_counterfeit_00008__synth,split_c_synthetic,counterfeit,synthetic_perturbed,,3264,2448,2448,851821,0.16600893437862396,0.17883923649787903,0.17009039223194122,0.14909717440605164
synthetic_counterfeit_00009__synth,split_c_synthetic,counterfeit,synthetic_perturbed,,3264,2448,2448,1114663,0.22061920166015625,0.28192880749702454,0.16198588907718658,0.21794292330741882
synthetic_counterfeit_00010__synth,split_c_synthetic,counterfeit,synthetic_perturbed,,2448,3264,2448,1106039,0.11868363618850708,0.10957798361778259,0.1351313591003418,0.11134153604507446
synthetic_counterfeit_00011__synth,split_c_synthetic,counterfeit,synthetic_perturbed,,3264,2448,2448,725224,0.1684158593416214,0.206948921084404,0.17977558076381683,0.11852310597896576
synthetic_counterfeit_00012__synth,split_c_synthetic,counterfeit,synthetic_perturbed,,2448,3264,2448,956516,0.18066662549972534,0.18913814425468445,0.11045114696025848,0.2424106001853943
synthetic_counterfeit_00013__synth,split_c_synthetic,counterfeit,synthetic_perturbed,,2448,3264,2448,1283746,0.12647219002246857,0.1495184302330017,0.15292394161224365,0.07697419822216034
synthetic_counterfeit_00014__synth,split_c_synthetic,counterfeit,synthetic_perturbed,,3264,2448,2448,925478,0.06969911605119705,0.04444125294685364,0.06799843162298203,0.09665767848491669
synthetic_counterfeit_00015__synth,split_c_synthetic,counterfeit,synthetic_perturbed,,2448,3264,2448,1360620,0.16509683430194855,0.11461780965328217,0.18183498084545135,0.19883772730827332
synthetic_counterfeit_00016__synth,split_c_synthetic,counterfeit,synthetic_perturbed,,2448,3264,2448,1114331,0.1256810575723648,0.1540364772081375,0.14727425575256348,0.07573242485523224
synthetic_counterfeit_00017__synth,split_c_synthetic,counterfeit,synthetic_perturbed,,2448,3264,2448,455617,0.12879040837287903,0.13006281852722168,0.11256511509418488,0.14374330639839172
synthetic_counterfeit_00018__synth,split_c_synthetic,counterfeit,synthetic_perturbed,,2448,3264,2448,1281998,0.09497612714767456,0.08907973766326904,0.12126991897821426,0.07457874715328217
synthetic_counterfeit_00019__synth,split_c_synthetic,counterfeit,synthetic_perturbed,,2448,3264,2448,866711,0.15379966795444489,0.10117188096046448,0.18448320031166077,0.17574390769004822
synthetic_counterfeit_00020__synth,split_c_synthetic,counterfeit,synthetic_perturbed,,3264,2448,2448,725167,0.1561092585325241,0.18700119853019714,0.12075483053922653,0.16057178378105164
synthetic_counterfeit_00021__synth,split_c_synthetic,counterfeit,synthetic_perturbed,,3264,2448,2448,1240059,0.1355041116476059,0.21009021997451782,0.09445083141326904,0.10197132080793381
synthetic_counterfeit_00022__synth,split_c_synthetic,counterfeit,synthetic_perturbed,,3264,2448,2448,1584980,0.21354103088378906,0.33313611149787903,0.11827513575553894,0.18921184539794922
synthetic_counterfeit_00023__synth,split_c_synthetic,counterfeit,synthetic_perturbed,,3264,2448,2448,721728,0.06037391349673271,0.06246745213866234,0.04916226863861084,0.06949200481176376
synthetic_counterfeit_00024__synth,split_c_synthetic,counterfeit,synthetic_perturbed,,2448,3264,2448,1224176,0.10730794817209244,0.10793697834014893,0.10531940311193466,0.10866747796535492
synthetic_counterfeit_00025__synth,split_c_synthetic,counterfeit,synthetic_perturbed,,2448,3264,2448,762663,0.11646880954504013,0.12004251778125763,0.11287148296833038,0.11649242043495178
synthetic_counterfeit_00026__synth,split_c_synthetic,counterfeit,synthetic_perturbed,,3264,2448,2448,499365,0.09992086887359619,0.08488243818283081,0.07460267841815948,0.14027747511863708
synthetic_counterfeit_00027__synth,split_c_synthetic,counterfeit,synthetic_perturbed,,3264,2448,2448,527314,0.11879724264144897,0.14086437225341797,0.10438495874404907,0.11114239692687988
synthetic_counterfeit_00028__synth,split_c_synthetic,counterfeit,synthetic_perturbed,,2448,3264,2448,1153050,0.09423988312482834,0.0628245621919632,0.10082913190126419,0.11906595528125763
synthetic_counterfeit_00029__synth,split_c_synthetic,counterfeit,synthetic_perturbed,,3264,2448,2448,749332,0.0847439244389534,0.0694575384259224,0.11034581810235977,0.07442843168973923
synthetic_counterfeit_00030__synth,split_c_synthetic,counterfeit,synthetic_perturbed,,3264,2448,2448,1763429,0.11475694924592972,0.11921818554401398,0.09337757527828217,0.1316751092672348
synthetic_counterfeit_00031__synth,split_c_synthetic,counterfeit,synthetic_perturbed,,3264,2448,2448,1142258,0.10418007522821426,0.10541131347417831,0.10402019321918488,0.1031087338924408
synthetic_counterfeit_00032__synth,split_c_synthetic,counterfeit,synthetic_perturbed,,3264,2448,2448,558151,0.0620126836001873,0.07171320170164108,0.06137983128428459,0.052945010364055634
synthetic_counterfeit_00033__synth,split_c_synthetic,counterfeit,synthetic_perturbed,,3264,2448,2448,1029815,0.10233195871114731,0.09343022853136063,0.146648108959198,0.06691750884056091
synthetic_counterfeit_00034__synth,split_c_synthetic,counterfeit,synthetic_perturbed,,2448,3264,2448,534673,0.16802044212818146,0.19351160526275635,0.15027958154678345,0.16027018427848816
synthetic_counterfeit_00035__synth,split_c_synthetic,counterfeit,synthetic_perturbed,,2448,3264,2448,974870,0.10612171143293381,0.10650084912776947,0.10157495737075806,0.11028933525085449
synthetic_counterfeit_00036__synth,split_c_synthetic,counterfeit,synthetic_perturbed,,3264,2448,2448,1938866,0.2175784558057785,0.2534016966819763,0.24303767085075378,0.15629597008228302
synthetic_counterfeit_00037__synth,split_c_synthetic,counterfeit,synthetic_perturbed,,3264,2448,2448,740073,0.19797413051128387,0.14964959025382996,0.1887637972831726,0.2555089592933655
synthetic_counterfeit_00038__synth,split_c_synthetic,counterfeit,synthetic_perturbed,,3264,2448,2448,1453965,0.20026808977127075,0.22815853357315063,0.15087127685546875,0.22177448868751526
synthetic_counterfeit_00039__synth,split_c_synthetic,counterfeit,synthetic_perturbed,,3264,2448,2448,1469186,0.19531762599945068,0.2742694914340973,0.19355660676956177,0.11812673509120941
synthetic_counterfeit_00040__synth,split_c_synthetic,counterfeit,synthetic_perturbed,,3264,2448,2448,1452238,0.16270394623279572,0.11792759597301483,0.16721336543560028,0.20297086238861084
synthetic_counterfeit_00041__synth,split_c_synthetic,counterfeit,synthetic_perturbed,,3264,2448,2448,751228,0.2043616771697998,0.20655351877212524,0.20280906558036804,0.20372244715690613
synthetic_counterfeit_00042__synth,split_c_synthetic,counterfeit,synthetic_perturbed,,3264,2448,2448,853548,0.1336684376001358,0.1354176253080368,0.14415499567985535,0.12143268436193466
synthetic_counterfeit_00043__synth,split_c_synthetic,counterfeit,synthetic_perturbed,,2448,3264,2448,1511014,0.1813352108001709,0.20501494407653809,0.20763538777828217,0.13135531544685364
synthetic_counterfeit_00044__synth,split_c_synthetic,counterfeit,synthetic_perturbed,,3264,2448,2448,646536,0.1750801056623459,0.1574716567993164,0.1788938194513321,0.18887487053871155
synthetic_counterfeit_00045__synth,split_c_synthetic,counterfeit,synthetic_perturbed,,3264,2448,2448,529052,0.12661930918693542,0.11837853491306305,0.12848690152168274,0.13299250602722168
synthetic_counterfeit_00046__synth,split_c_synthetic,counterfeit,synthetic_perturbed,,3264,2448,2448,542604,0.10171282291412354,0.12532839179039001,0.09284046292304993,0.08696959912776947
synthetic_counterfeit_00047__synth,split_c_synthetic,counterfeit,synthetic_perturbed,,3264,2448,2448,394767,0.09226728230714798,0.0861615389585495,0.10153377801179886,0.08910655230283737
synthetic_counterfeit_00048__synth,split_c_synthetic,counterfeit,synthetic_perturbed,,3264,2448,2448,528717,0.10823408514261246,0.11581648886203766,0.10578662157058716,0.10309915989637375
synthetic_counterfeit_00049__synth,split_c_synthetic,counterfeit,synthetic_perturbed,,3264,2448,2448,1776943,0.18434245884418488,0.21931679546833038,0.23403224349021912,0.09967832267284393
synthetic_counterfeit_00050__synth,split_c_synthetic,counterfeit,synthetic_perturbed,,3264,2448,2448,356089,0.08640345185995102,0.08728554844856262,0.08565028011798859,0.08627451956272125
synthetic_counterfeit_00051__synth,split_c_synthetic,counterfeit,synthetic_perturbed,,3264,2448,2448,1490311,0.13003729283809662,0.14571845531463623,0.0853276401758194,0.15906576812267303
synthetic_counterfeit_00052__synth,split_c_synthetic,counterfeit,synthetic_perturbed,,3264,2448,2448,1319133,0.11242500692605972,0.16169577836990356,0.0860188901424408,0.0895603597164154
synthetic_counterfeit_00053__synth,split_c_synthetic,counterfeit,synthetic_perturbed,,3264,2448,2448,616707,0.14894334971904755,0.14994065463542938,0.1475834995508194,0.14930588006973267
synthetic_counterfeit_00054__synth,split_c_synthetic,counterfeit,synthetic_perturbed,,2448,3264,2448,711170,0.1609349399805069,0.16393804550170898,0.1542183756828308,0.16464845836162567
synthetic_counterfeit_00055__synth,split_c_synthetic,counterfeit,synthetic_perturbed,,2448,3264,2448,1297094,0.19045330584049225,0.1795467734336853,0.13290250301361084,0.2589106559753418
synthetic_counterfeit_00056__synth,split_c_synthetic,counterfeit,synthetic_perturbed,,2448,3264,2448,753764,0.13136424124240875,0.10361519455909729,0.14753849804401398,0.14293907582759857
synthetic_counterfeit_00057__synth,split_c_synthetic,counterfeit,synthetic_perturbed,,2448,3264,2448,1290484,0.15665371716022491,0.1803174763917923,0.18664218485355377,0.10300149768590927
synthetic_counterfeit_00058__synth,split_c_synthetic,counterfeit,synthetic_perturbed,,2448,3264,2448,1351182,0.11438802629709244,0.11518172919750214,0.11527267843484879,0.11270968616008759
synthetic_counterfeit_00059__synth,split_c_synthetic,counterfeit,synthetic_perturbed,,2448,3264,2448,812153,0.061136964708566666,0.056811049580574036,0.057976216077804565,0.0686236321926117
synthetic_counterfeit_00060__synth,split_c_synthetic,counterfeit,synthetic_perturbed,,3264,2448,2448,581496,0.09869920462369919,0.07532169669866562,0.10193876922130585,0.1188371405005455
synthetic_counterfeit_00061__synth,split_c_synthetic,counterfeit,synthetic_perturbed,,2448,3264,2448,1274855,0.1267501562833786,0.13953930139541626,0.15257737040519714,0.0881338119506836
synthetic_counterfeit_00062__synth,split_c_synthetic,counterfeit,synthetic_perturbed,,2448,3264,2448,1959775,0.2112087607383728,0.2096172273159027,0.2112055867910385,0.21280351281166077
synthetic_counterfeit_00063__synth,split_c_synthetic,counterfeit,synthetic_perturbed,,3264,2448,2448,459513,0.1314300000667572,0.13869774341583252,0.14134210348129272,0.11425016820430756
synthetic_counterfeit_00064__synth,split_c_synthetic,counterfeit,synthetic_perturbed,,3264,2448,2448,778590,0.11245756596326828,0.1414799988269806,0.06788737326860428,0.12800534069538116
synthetic_counterfeit_00065__synth,split_c_synthetic,counterfeit,synthetic_perturbed,,2448,3264,2448,1575449,0.17805194854736328,0.21430857479572296,0.15825483202934265,0.16159237921237946
synthetic_counterfeit_00066__synth,split_c_synthetic,counterfeit,synthetic_perturbed,,2448,3264,2448,1338474,0.10401284694671631,0.08288048207759857,0.16543927788734436,0.06371879577636719
synthetic_counterfeit_00067__synth,split_c_synthetic,counterfeit,synthetic_perturbed,,2448,3264,2448,449533,0.18231719732284546,0.18991461396217346,0.1800149530172348,0.1770220696926117
synthetic_counterfeit_00068__synth,split_c_synthetic,counterfeit,synthetic_perturbed,,2448,3264,2448,968996,0.1591946929693222,0.19172793626785278,0.10808058083057404,0.1777755618095398
synthetic_counterfeit_00069__synth,split_c_synthetic,counterfeit,synthetic_perturbed,,2448,3264,2448,465815,0.12495245784521103,0.11722772568464279,0.10486271232366562,0.15276694297790527
synthetic_counterfeit_00070__synth,split_c_synthetic,counterfeit,synthetic_perturbed,,2448,3264,2448,533621,0.16502885520458221,0.20084157586097717,0.12344899773597717,0.1707960069179535
synthetic_counterfeit_00071__synth,split_c_synthetic,counterfeit,synthetic_perturbed,,2448,3264,2448,463567,0.14179719984531403,0.13176892697811127,0.16306200623512268,0.13056066632270813
synthetic_counterfeit_00072__synth,split_c_synthetic,counterfeit,synthetic_perturbed,,2448,3264,2448,956528,0.10699647665023804,0.0996304452419281,0.13100969791412354,0.09034927189350128
synthetic_counterfeit_00073__synth,split_c_synthetic,counterfeit,synthetic_perturbed,,2448,3264,2448,1336880,0.17669111490249634,0.1520613431930542,0.19088159501552582,0.18713045120239258
synthetic_counterfeit_00074__synth,split_c_synthetic,counterfeit,synthetic_perturbed,,3264,2448,2448,810076,0.17548508942127228,0.14565718173980713,0.1905120313167572,0.1902860850095749
synthetic_counterfeit_00075__synth,split_c_synthetic,counterfeit,synthetic_perturbed,,3264,2448,2448,1686850,0.10464570671319962,0.09020470827817917,0.1364334523677826,0.08729895204305649
synthetic_counterfeit_00076__synth,split_c_synthetic,counterfeit,synthetic_perturbed,,2448,3264,2448,1807872,0.17202116549015045,0.12071271240711212,0.2150093913078308,0.180341437458992
synthetic_counterfeit_00077__synth,split_c_synthetic,counterfeit,synthetic_perturbed,,3264,2448,2448,1104240,0.17836564779281616,0.17737248539924622,0.17504021525382996,0.18268421292304993
synthetic_counterfeit_00078__synth,split_c_synthetic,counterfeit,synthetic_perturbed,,3264,2448,2448,832855,0.11478567123413086,0.11530715227127075,0.1302083432674408,0.09884153306484222
synthetic_counterfeit_00079__synth,split_c_synthetic,counterfeit,synthetic_perturbed,,2448,3264,2448,1484944,0.29890474677085876,0.3054400682449341,0.2786314785480499,0.3126426935195923
synthetic_counterfeit_00080__synth,split_c_synthetic,counterfeit,synthetic_perturbed,,2448,3264,2448,836991,0.26302435994148254,0.27172279357910156,0.25961533188819885,0.2577349543571472
synthetic_counterfeit_00081__synth,split_c_synthetic,counterfeit,synthetic_perturbed,,2448,3264,2448,434005,0.14616332948207855,0.14809858798980713,0.17162704467773438,0.11876437067985535
synthetic_counterfeit_00082__synth,split_c_synthetic,counterfeit,synthetic_perturbed,,2448,3264,2448,1174141,0.17067091166973114,0.21975529193878174,0.18669290840625763,0.10556449741125107
synthetic_counterfeit_00083__synth,split_c_synthetic,counterfeit,synthetic_perturbed,,2448,3264,2448,988656,0.2862604856491089,0.31971412897109985,0.24826613068580627,0.29080116748809814
synthetic_counterfeit_00084__synth,split_c_synthetic,counterfeit,synthetic_perturbed,,2448,3264,2448,1097901,0.16372103989124298,0.16972850263118744,0.18013271689414978,0.14130191504955292
synthetic_counterfeit_00085__synth,split_c_synthetic,counterfeit,synthetic_perturbed,,2448,3264,2448,538132,0.10363435745239258,0.11202704906463623,0.1096612811088562,0.0892147347331047
synthetic_counterfeit_00086__synth,split_c_synthetic,counterfeit,synthetic_perturbed,,2448,3264,2448,1065994,0.24278239905834198,0.18997398018836975,0.36693572998046875,0.17143747210502625
synthetic_counterfeit_00087__synth,split_c_synthetic,counterfeit,synthetic_perturbed,,2448,3264,2448,896239,0.16883234679698944,0.1798311173915863,0.17733611166477203,0.14932981133460999
synthetic_counterfeit_00088__synth,split_c_synthetic,counterfeit,synthetic_perturbed,,2448,3264,2448,1318768,0.16930468380451202,0.18762065470218658,0.13307102024555206,0.18722236156463623
synthetic_counterfeit_00089__synth,split_c_synthetic,counterfeit,synthetic_perturbed,,2448,3264,2448,901200,0.14780306816101074,0.1803012192249298,0.13170669972896576,0.13140128552913666
synthetic_counterfeit_00090__synth,split_c_synthetic,counterfeit,synthetic_perturbed,,2448,3264,2448,1886679,0.1633479744195938,0.15301969647407532,0.13876762986183167,0.19825658202171326
synthetic_counterfeit_00091__synth,split_c_synthetic,counterfeit,synthetic_perturbed,,2448,3264,2448,728912,0.178899884223938,0.21297872066497803,0.23886528611183167,0.08485562354326248
synthetic_counterfeit_00092__synth,split_c_synthetic,counterfeit,synthetic_perturbed,,2448,3264,2448,981713,0.16659167408943176,0.13573549687862396,0.21633541584014893,0.1477041244506836
synthetic_counterfeit_00093__synth,split_c_synthetic,counterfeit,synthetic_perturbed,,2448,3264,2448,1060463,0.20325426757335663,0.21517214179039001,0.1952933669090271,0.1992972493171692
synthetic_counterfeit_00094__synth,split_c_synthetic,counterfeit,synthetic_perturbed,,2448,3264,2448,1059602,0.1689804196357727,0.18323186039924622,0.18492935597896576,0.13878007233142853
synthetic_counterfeit_00095__synth,split_c_synthetic,counterfeit,synthetic_perturbed,,2448,3264,2448,1591090,0.13228465616703033,0.14191175997257233,0.12831264734268188,0.1266295164823532
synthetic_counterfeit_00096__synth,split_c_synthetic,counterfeit,synthetic_perturbed,,2448,3264,2448,738776,0.1489047259092331,0.17066389322280884,0.1795046329498291,0.09654565155506134
synthetic_counterfeit_00097__synth,split_c_synthetic,counterfeit,synthetic_perturbed,,2448,3264,2448,1443942,0.12877221405506134,0.12037473917007446,0.12174957990646362,0.14419233798980713
synthetic_counterfeit_00098__synth,split_c_synthetic,counterfeit,synthetic_perturbed,,2448,3264,2448,1086543,0.14328725636005402,0.11318552494049072,0.20200006663799286,0.11467621475458145
synthetic_counterfeit_00099__synth,split_c_synthetic,counterfeit,synthetic_perturbed,,2448,3264,2448,578995,0.19087107479572296,0.24944472312927246,0.11062252521514893,0.2125459760427475
synthetic_counterfeit_00100__synth,split_c_synthetic,counterfeit,synthetic_perturbed,,2448,3264,2448,875694,0.11656519025564194,0.12086111307144165,0.09704159945249557,0.13179287314414978
synthetic_counterfeit_00101__synth,split_c_synthetic,counterfeit,synthetic_perturbed,,3264,2448,2448,1574674,0.18692557513713837,0.10907725244760513,0.22603020071983337,0.2256692349910736
synthetic_counterfeit_00102__synth,split_c_synthetic,counterfeit,synthetic_perturbed,,3264,2448,2448,1273790,0.1263250708580017,0.12040825188159943,0.08864986151456833,0.16991709172725677
synthetic_counterfeit_00103__synth,split_c_synthetic,counterfeit,synthetic_perturbed,,2448,3264,2448,508182,0.17540816962718964,0.14125213027000427,0.2306535392999649,0.1543188989162445
synthetic_counterfeit_00104__synth,split_c_synthetic,counterfeit,synthetic_perturbed,,3264,2448,2448,1178078,0.1484183669090271,0.17162224650382996,0.1381252110004425,0.13550762832164764
synthetic_counterfeit_00105__synth,split_c_synthetic,counterfeit,synthetic_perturbed,,3264,2448,2448,1139679,0.1079181432723999,0.11261872947216034,0.10876034200191498,0.1023753434419632
synthetic_counterfeit_00106__synth,split_c_synthetic,counterfeit,synthetic_perturbed,,3264,2448,2448,775815,0.08486392349004745,0.13402554392814636,0.06523342430591583,0.05533280223608017
synthetic_counterfeit_00107__synth,split_c_synthetic,counterfeit,synthetic_perturbed,,2448,3264,2448,1925254,0.15757347643375397,0.12435279786586761,0.12611156702041626,0.22225604951381683
synthetic_counterfeit_00108__synth,split_c_synthetic,counterfeit,synthetic_perturbed,,2448,3264,2448,1165400,0.09520431607961655,0.12366824597120285,0.08339940011501312,0.07854530960321426
synthetic_counterfeit_00109__synth,split_c_synthetic,counterfeit,synthetic_perturbed,,3264,2448,2448,1377775,0.14657437801361084,0.15255822241306305,0.14420384168624878,0.14296111464500427
synthetic_counterfeit_00110__synth,split_c_synthetic,counterfeit,synthetic_perturbed,,3264,2448,2448,1648911,0.24060650169849396,0.27239009737968445,0.23176893591880798,0.21766047179698944
synthetic_counterfeit_00111__synth,split_c_synthetic,counterfeit,synthetic_perturbed,,3264,2448,2448,791735,0.1488734483718872,0.15785464644432068,0.12709292769432068,0.16167280077934265
synthetic_counterfeit_00112__synth,split_c_synthetic,counterfeit,synthetic_perturbed,,3264,2448,2448,671966,0.18809998035430908,0.1886422038078308,0.18695619702339172,0.1887015700340271
synthetic_counterfeit_00113__synth,split_c_synthetic,counterfeit,synthetic_perturbed,,3264,2448,2448,708207,0.19996492564678192,0.21588543057441711,0.1955595314502716,0.18844977021217346
synthetic_counterfeit_00114__synth,split_c_synthetic,counterfeit,synthetic_perturbed,,3264,2448,2448,603810,0.17906232178211212,0.1882142424583435,0.17501820623874664,0.17395451664924622
synthetic_counterfeit_00115__synth,split_c_synthetic,counterfeit,synthetic_perturbed,,2448,3264,2448,1084228,0.20060861110687256,0.2232086956501007,0.16238991916179657,0.2162272334098816
synthetic_counterfeit_00116__synth,split_c_synthetic,counterfeit,synthetic_perturbed,,3264,2448,2448,1701652,0.17739959061145782,0.1818053126335144,0.17457109689712524,0.1758224219083786
synthetic_counterfeit_00117__synth,split_c_synthetic,counterfeit,synthetic_perturbed,,3264,2448,2448,770334,0.21568788588047028,0.20885322988033295,0.20779815316200256,0.23041227459907532
synthetic_counterfeit_00118__synth,split_c_synthetic,counterfeit,synthetic_perturbed,,2448,3264,2448,1170136,0.07816202193498611,0.07741555571556091,0.08109873533248901,0.07597178220748901
synthetic_counterfeit_00119__synth,split_c_synthetic,counterfeit,synthetic_perturbed,,2448,3264,2448,744532,0.16476428508758545,0.16812291741371155,0.1631079614162445,0.16306200623512268
synthetic_counterfeit_00120__synth,split_c_synthetic,counterfeit,synthetic_perturbed,,2448,3264,2448,994931,0.10859758406877518,0.058297909796237946,0.14934417605400085,0.11815066635608673
synthetic_counterfeit_00121__synth,split_c_synthetic,counterfeit,synthetic_perturbed,,2448,3264,2448,500738,0.16853809356689453,0.17512065172195435,0.16322094202041626,0.16727273166179657
synthetic_counterfeit_00122__synth,split_c_synthetic,counterfeit,synthetic_perturbed,,2448,3264,2448,1179483,0.10292426496744156,0.0904555469751358,0.11269629001617432,0.10562099516391754
synthetic_counterfeit_00123__synth,split_c_synthetic,counterfeit,synthetic_perturbed,,2448,3264,2448,642370,0.13424353301525116,0.11656326800584793,0.09718520939350128,0.18898209929466248
synthetic_counterfeit_00124__synth,split_c_synthetic,counterfeit,synthetic_perturbed,,2448,3264,2448,1319077,0.14895962178707123,0.10584406554698944,0.11299978196620941,0.22803500294685364
synthetic_counterfeit_00125__synth,split_c_synthetic,counterfeit,synthetic_perturbed,,2448,3264,2448,618589,0.13037174940109253,0.10906480252742767,0.13901177048683167,0.14303866028785706
synthetic_counterfeit_00126__synth,split_c_synthetic,counterfeit,synthetic_perturbed,,2448,3264,2448,831647,0.3031633198261261,0.2782437205314636,0.274862140417099,0.3563840389251709
synthetic_counterfeit_00127__synth,split_c_synthetic,counterfeit,synthetic_perturbed,,2448,3264,2448,499999,0.10226843506097794,0.09737956523895264,0.09567153453826904,0.11375421285629272
synthetic_counterfeit_00128__synth,split_c_synthetic,counterfeit,synthetic_perturbed,,2448,3264,2448,1348644,0.19368873536586761,0.20224514603614807,0.18342812359333038,0.19539295136928558
synthetic_counterfeit_00129__synth,split_c_synthetic,counterfeit,synthetic_perturbed,,2448,3264,2448,956071,0.16238224506378174,0.20210155844688416,0.14110276103019714,0.1439424604177475
synthetic_counterfeit_00130__synth,split_c_synthetic,counterfeit,synthetic_perturbed,,2448,3264,2448,832121,0.07400716096162796,0.06768056750297546,0.06792758405208588,0.08641333878040314
synthetic_counterfeit_00131__synth,split_c_synthetic,counterfeit,synthetic_perturbed,,2448,3264,2448,1884574,0.1576203852891922,0.11522097885608673,0.18992707133293152,0.16771313548088074
synthetic_counterfeit_00132__synth,split_c_synthetic,counterfeit,synthetic_perturbed,,2448,3264,2448,867659,0.21740899980068207,0.20229588449001312,0.24331916868686676,0.20661190152168274
synthetic_counterfeit_00133__synth,split_c_synthetic,counterfeit,synthetic_perturbed,,2448,3264,2448,500613,0.16497428715229034,0.10788144171237946,0.20937788486480713,0.17766353487968445
synthetic_counterfeit_00134__synth,split_c_synthetic,counterfeit,synthetic_perturbed,,2448,3264,2448,758333,0.16676878929138184,0.177734375,0.13201402127742767,0.19055798649787903
synthetic_counterfeit_00135__synth,split_c_synthetic,counterfeit,synthetic_perturbed,,2448,3264,2448,2033688,0.24804721772670746,0.26592278480529785,0.24548965692520142,0.2327292263507843
synthetic_counterfeit_00136__synth,split_c_synthetic,counterfeit,synthetic_perturbed,,2448,3264,2448,959412,0.14094574749469757,0.15824143588542938,0.13265645503997803,0.1319393515586853
synthetic_counterfeit_00137__synth,split_c_synthetic,counterfeit,synthetic_perturbed,,3264,2448,2448,433189,0.08165115863084793,0.07577838003635406,0.0807100236415863,0.08846507966518402
synthetic_counterfeit_00138__synth,split_c_synthetic,counterfeit,synthetic_perturbed,,3264,2448,2448,675947,0.06182853505015373,0.08654450625181198,0.05156441777944565,0.047376688569784164
synthetic_counterfeit_00139__synth,split_c_synthetic,counterfeit,synthetic_perturbed,,2448,3264,2448,469897,0.133262500166893,0.12050207704305649,0.15151941776275635,0.1277659684419632
synthetic_counterfeit_00140__synth,split_c_synthetic,counterfeit,synthetic_perturbed,,2448,3264,2448,895001,0.13055621087551117,0.15452763438224792,0.13484030961990356,0.10230067372322083
synthetic_counterfeit_00141__synth,split_c_synthetic,counterfeit,synthetic_perturbed,,3264,2448,2448,1127545,0.16657893359661102,0.18250900506973267,0.16595149040222168,0.15127623081207275
synthetic_counterfeit_00142__synth,split_c_synthetic,counterfeit,synthetic_perturbed,,2448,3264,2448,656466,0.16656869649887085,0.1857498586177826,0.1497012972831726,0.16425494849681854
synthetic_counterfeit_00143__synth,split_c_synthetic,counterfeit,synthetic_perturbed,,2448,3264,2448,928106,0.1936124563217163,0.20393019914627075,0.1883348822593689,0.18857231736183167
synthetic_counterfeit_00144__synth,split_c_synthetic,counterfeit,synthetic_perturbed,,3264,2448,2448,971335,0.20731942355632782,0.21890318393707275,0.2042030692100525,0.1988520622253418
synthetic_counterfeit_00145__synth,split_c_synthetic,counterfeit,synthetic_perturbed,,3264,2448,2448,886985,0.11829778552055359,0.10468846559524536,0.07941751182079315,0.17078737914562225
synthetic_counterfeit_00146__synth,split_c_synthetic,counterfeit,synthetic_perturbed,,3264,2448,2448,975944,0.20303916931152344,0.21875382959842682,0.19802486896514893,0.19233879446983337
synthetic_counterfeit_00147__synth,split_c_synthetic,counterfeit,synthetic_perturbed,,3264,2448,2448,1235696,0.19824571907520294,0.16515493392944336,0.2019684612751007,0.22761374711990356
synthetic_counterfeit_00148__synth,split_c_synthetic,counterfeit,synthetic_perturbed,,3264,2448,2448,1330186,0.16867150366306305,0.16665615141391754,0.1672765612602234,0.1720818132162094
synthetic_counterfeit_00149__synth,split_c_synthetic,counterfeit,synthetic_perturbed,,2448,3264,2448,778047,0.11158663034439087,0.10769379138946533,0.10518918931484222,0.12187691777944565
