source,orig_relpath,class_label,shipped_split,width,height,format,filesize_bytes,excluded,exclusion_reason,source_stem
roboflow_counterfeit_med_detection,roboflow\train\images4110_jpg.rf.a51e0991684677a14b9133060d820f1f.jpg,authentic,train,640,640,JPEG,86916,False,,images4110
roboflow_counterfeit_med_detection,roboflow\train\images239_jpg.rf.a540397ce79b45d1f9bb91b4662815e1.jpg,authentic,train,640,640,JPEG,41346,False,,images239
roboflow_counterfeit_med_detection,roboflow\train\images342_jpg.rf.a4eb8f802f5a983da235655539bb2cff.jpg,authentic,train,640,640,JPEG,21150,False,,images342
roboflow_counterfeit_med_detection,roboflow\train\images349_jpg.rf.a45a8680d4a5970bba93346bad1ed1b9.jpg,authentic,train,640,640,JPEG,42227,False,,images349
roboflow_counterfeit_med_detection,roboflow\train\images314_jpg.rf.a5086ebc5a1623d5efdbb3d7391d1649.jpg,authentic,train,640,640,JPEG,42167,False,,images314
roboflow_counterfeit_med_detection,roboflow\train\images5097_jpg.rf.a4df7443dac11baeb0b36b3965d6c94b.jpg,authentic,train,640,640,JPEG,30019,False,,images5097
roboflow_counterfeit_med_detection,roboflow\train\images36_jpg.rf.a48f22d8fdf91da130c454497de884ea.jpg,authentic,train,640,640,JPEG,33526,False,,images36
roboflow_counterfeit_med_detection,roboflow\train\images02_jpg.rf.a52f743680b9c9b5c64582a70139e3eb.jpg,authentic,train,640,640,JPEG,39366,False,,images02
roboflow_counterfeit_med_detection,roboflow\train\images15_jpg.rf.a490747ae66eb8b3075407a8c3ee1b9f.jpg,authentic,train,640,640,JPEG,30612,False,,images15
roboflow_counterfeit_med_detection,roboflow\train\images5034_jpg.rf.a49699cbfbc9b6b1d1173a59dfe2728b.jpg,authentic,train,640,640,JPEG,57902,False,,images5034
roboflow_counterfeit_med_detection,roboflow\train\images4060_jpg.rf.a4ce4bfe3ef3a874aa01866abc2132ab.jpg,authentic,train,640,640,JPEG,63328,False,,images4060
roboflow_counterfeit_med_detection,roboflow\train\images5041_jpg.rf.a526102f3fcdf9b3dba445669a264078.jpg,authentic,train,640,640,JPEG,78277,False,,images5041
roboflow_counterfeit_med_detection,roboflow\train\images4031_jpg.rf.a51b0a1065129520d6ad2cb49efb2d3e.jpg,authentic,train,640,640,JPEG,58907,False,,images4031
roboflow_counterfeit_med_detection,roboflow\train\images5032_jpg.rf.a51bdf9d50613304f305581f8151e894.jpg,authentic,train,640,640,JPEG,84528,False,,images5032
roboflow_counterfeit_med_detection,roboflow\train\images5044_jpg.rf.a505cbc20eb4cab11ffc39bd7b73f8bf.jpg,authentic,train,640,640,JPEG,60576,False,,images5044
roboflow_counterfeit_med_detection,roboflow\train\FDA-Advisory-No-2022-0611-24_png.rf.a54aeca3de86f9eeed22f1f8d555ea96.jpg,counterfeit,train,640,640,JPEG,51553,True,bulletin_graphic_with_baked_in_label_text,FDA-Advisory-No-2022-0611-24
roboflow_counterfeit_med_detection,roboflow\train\images5127_jpg.rf.a57bc5e91475e321b22f04c7e2059d5d.jpg,authentic,train,640,640,JPEG,48494,False,,images5127
roboflow_counterfeit_med_detection,roboflow\train\images5127_jpg.rf.a4fa2276745964ac01a537ba99b48b4f.jpg,authentic,train,640,640,JPEG,49806,False,,images5127
roboflow_counterfeit_med_detection,roboflow\train\images252_jpg.rf.a581a9434dc7cbfa7d9a6976b3bd8d44.jpg,authentic,train,640,640,JPEG,57522,False,,images252
roboflow_counterfeit_med_detection,roboflow\train\images4048_jpg.rf.a4c17d7c984bf7560dbfb1faed201c5e.jpg,authentic,train,640,640,JPEG,43260,False,,images4048
roboflow_counterfeit_med_detection,roboflow\train\images302_jpg.rf.a5558bea247c2d6babaa37fdd6ba7e64.jpg,authentic,train,640,640,JPEG,36302,False,,images302
roboflow_counterfeit_med_detection,roboflow\train\images264_jpg.rf.a57ce9bdca6feb2c39fa01b0372a38c6.jpg,authentic,train,640,640,JPEG,23881,False,,images264
roboflow_counterfeit_med_detection,roboflow\train\images351_jpg.rf.a47be2687a17ae7c12b66da50e3b3651.jpg,authentic,train,640,640,JPEG,36840,False,,images351
roboflow_counterfeit_med_detection,roboflow\train\images5085_jpg.rf.a552e5697b00220f2d64d6c836829b6a.jpg,authentic,train,640,640,JPEG,48868,False,,images5085
roboflow_counterfeit_med_detection,roboflow\train\images4040_jpg.rf.a5a603fc1817f8e46647741d1f94a0f1.jpg,authentic,train,640,640,JPEG,68496,False,,images4040
roboflow_counterfeit_med_detection,roboflow\train\2020-1348_33-1-_jpg.rf.a4d36fa10b3571a72a577caedcf65542.jpg,counterfeit,train,640,640,JPEG,57913,True,bulletin_graphic_with_baked_in_label_text,2020-1348_33-1-
roboflow_counterfeit_med_detection,roboflow\train\images323_jpg.rf.a5d43742007667bc9965f8edc4c1764a.jpg,authentic,train,640,640,JPEG,26513,False,,images323
roboflow_counterfeit_med_detection,roboflow\train\images23_jpg.rf.a4cc85b4859398e2a28fa6a107a1796c.jpg,authentic,train,640,640,JPEG,29288,False,,images23
roboflow_counterfeit_med_detection,roboflow\train\images4094_jpg.rf.a5b10555833d1873e1307b44e07bb382.jpg,authentic,train,640,640,JPEG,26150,False,,images4094
roboflow_counterfeit_med_detection,roboflow\train\images4081_jpg.rf.a5cd2836ac37680e83e0cbd1b966f659.jpg,authentic,train,640,640,JPEG,26736,False,,images4081
roboflow_counterfeit_med_detection,roboflow\train\images266_jpg.rf.a5e9885104ba4f7b06323b17e1e7ff23.jpg,authentic,train,640,640,JPEG,29043,False,,images266
roboflow_counterfeit_med_detection,roboflow\train\images4054_jpg.rf.a5eafa610705e6ce1ca5e8918701631f.jpg,authentic,train,640,640,JPEG,56598,False,,images4054
roboflow_counterfeit_med_detection,roboflow\train\images5090_jpg.rf.a5f568846e1e54f6cf42469bb31079cd.jpg,authentic,train,640,640,JPEG,33923,False,,images5090
roboflow_counterfeit_med_detection,roboflow\train\images210_jpg.rf.a5ef21a4c25edb110418abd2074edb02.jpg,authentic,train,640,640,JPEG,34110,False,,images210
roboflow_counterfeit_med_detection,roboflow\train\images257_jpg.rf.a6986385aa9b3885cc059a73cf729d28.jpg,authentic,train,640,640,JPEG,24845,False,,images257
roboflow_counterfeit_med_detection,roboflow\train\images4054_jpg.rf.a620a74484eab33ee9fdd9038d98d742.jpg,authentic,train,640,640,JPEG,64511,False,,images4054
roboflow_counterfeit_med_detection,roboflow\train\images210_jpg.rf.a630442f099713a0b8ff693c1b3020a6.jpg,authentic,train,640,640,JPEG,34852,False,,images210
roboflow_counterfeit_med_detection,roboflow\train\images4095_jpg.rf.a6be4d5c0aa28f3972d96c2e79ea5a72.jpg,authentic,train,640,640,JPEG,31203,False,,images4095
roboflow_counterfeit_med_detection,roboflow\train\images5045_jpg.rf.a6c8f1aac711e0a698c0fdbfc1fa6ceb.jpg,authentic,train,640,640,JPEG,43411,False,,images5045
roboflow_counterfeit_med_detection,roboflow\train\images08_jpg.rf.a66cb524410ddfbdd648f66f82911829.jpg,authentic,train,640,640,JPEG,61782,False,,images08
roboflow_counterfeit_med_detection,roboflow\train\images5112_jpg.rf.a64f5b2041b17283124fcdd51aa7325e.jpg,authentic,train,640,640,JPEG,45582,False,,images5112
roboflow_counterfeit_med_detection,roboflow\train\images5051_jpg.rf.a6be84a962a88aec51aa76578bbfb53f.jpg,authentic,train,640,640,JPEG,25359,False,,images5051
roboflow_counterfeit_med_detection,roboflow\train\images5052_jpg.rf.a69e81ca1951eb9ab6a098c00b3c17b8.jpg,authentic,train,640,640,JPEG,90510,False,,images5052
roboflow_counterfeit_med_detection,roboflow\train\images348_jpg.rf.a6c193d8d91f56ea8b3f3ad90ed7a96f.jpg,authentic,train,640,640,JPEG,33322,False,,images348
roboflow_counterfeit_med_detection,roboflow\train\images351_jpg.rf.a6e47e56db944d584f0ef198fa736d48.jpg,authentic,train,640,640,JPEG,45382,False,,images351
roboflow_counterfeit_med_detection,roboflow\train\images5097_jpg.rf.a6eaa300239181c9700b1fb1ab3c63b9.jpg,authentic,train,640,640,JPEG,32917,False,,images5097
roboflow_counterfeit_med_detection,roboflow\train\images212_jpg.rf.a6dd53a8c682d97defcdf8040bc88433.jpg,authentic,train,640,640,JPEG,32524,False,,images212
roboflow_counterfeit_med_detection,roboflow\train\images38_jpg.rf.a6c10d0b2e79affd3812f0f83e6c8dac.jpg,authentic,train,640,640,JPEG,36146,False,,images38
roboflow_counterfeit_med_detection,roboflow\train\images301_jpg.rf.a757fd75656aad57c32819faf7b0fbcf.jpg,authentic,train,640,640,JPEG,30896,False,,images301
roboflow_counterfeit_med_detection,roboflow\train\images349_jpg.rf.a75a26fa80bcee968ecd6f40b5ea2702.jpg,authentic,train,640,640,JPEG,45444,False,,images349
roboflow_counterfeit_med_detection,roboflow\train\images4116_jpg.rf.a6dc1a1f6315a164fbe5123a012f97f6.jpg,authentic,train,640,640,JPEG,33612,False,,images4116
roboflow_counterfeit_med_detection,roboflow\train\images08_jpg.rf.a75c8f64ef265722cb3d6a0a1462ee30.jpg,authentic,train,640,640,JPEG,55023,False,,images08
roboflow_counterfeit_med_detection,roboflow\train\images09_jpg.rf.a70859fe65fc117002e52843bf82a48d.jpg,authentic,train,640,640,JPEG,42762,False,,images09
roboflow_counterfeit_med_detection,roboflow\train\109956533_3244497725606259_3458066695358260920_n_jpg.rf.a71bd9782d5d1ac7bd7daeb108bad400.jpg,counterfeit,train,640,640,JPEG,61897,True,bulletin_graphic_with_baked_in_label_text,109956533_3244497725606259_3458066695358260920_n
roboflow_counterfeit_med_detection,roboflow\train\images4116_jpg.rf.a6d04fb6edb7dec0f50431cc0c6a3cc5.jpg,authentic,train,640,640,JPEG,27103,False,,images4116
roboflow_counterfeit_med_detection,roboflow\train\FDA-Advisory-No-2022-0135_png.rf.a7a83d2f54c7e80e817ac014e25de343.jpg,authentic,train,640,640,JPEG,47133,True,bulletin_graphic_with_baked_in_label_text,FDA-Advisory-No-2022-0135
roboflow_counterfeit_med_detection,roboflow\train\images352_jpg.rf.a717e8d39eca233ab0c6e96c72c4e41f.jpg,authentic,train,640,640,JPEG,48365,False,,images352
roboflow_counterfeit_med_detection,roboflow\train\images4100_jpg.rf.a7c8dba42241c072d710c6d9c101f3b9.jpg,authentic,train,640,640,JPEG,70765,False,,images4100
roboflow_counterfeit_med_detection,roboflow\train\images339_jpg.rf.a7895f15a30ebd74065818f02aa04a4f.jpg,authentic,train,640,640,JPEG,53345,False,,images339
roboflow_counterfeit_med_detection,roboflow\train\images5024_jpg.rf.a7c73ce399a84f6f310a2e7ed7ddc6d4.jpg,authentic,train,640,640,JPEG,51283,False,,images5024
roboflow_counterfeit_med_detection,roboflow\train\images36_jpg.rf.a8429ab31a1575adcf3fccaa6332cdce.jpg,authentic,train,640,640,JPEG,32825,False,,images36
roboflow_counterfeit_med_detection,roboflow\train\images4040_jpg.rf.a82a124b519aa1ba0f8663b8ecfe8d6a.jpg,authentic,train,640,640,JPEG,78686,False,,images4040
roboflow_counterfeit_med_detection,roboflow\train\images4061_jpg.rf.a83205936613954e4e5a492f1440abaf.jpg,authentic,train,640,640,JPEG,24312,False,,images4061
roboflow_counterfeit_med_detection,roboflow\train\images346_jpg.rf.a7e37e7797854749dddb28ace9e41521.jpg,authentic,train,640,640,JPEG,21202,False,,images346
roboflow_counterfeit_med_detection,roboflow\train\images5034_jpg.rf.a86e3253929eb7a474c9851d9db8f00a.jpg,authentic,train,640,640,JPEG,50387,False,,images5034
roboflow_counterfeit_med_detection,roboflow\train\images21_jpg.rf.a883ba59475a1757c54c8d6a28473847.jpg,authentic,train,640,640,JPEG,35074,False,,images21
roboflow_counterfeit_med_detection,roboflow\train\images5024_jpg.rf.a89d66ad78116080ea01ad1a122be51b.jpg,authentic,train,640,640,JPEG,62640,False,,images5024
roboflow_counterfeit_med_detection,roboflow\train\images208_jpg.rf.a8cd88a4b83aba4f6825831235326a94.jpg,authentic,train,640,640,JPEG,58172,False,,images208
roboflow_counterfeit_med_detection,roboflow\train\images338_jpg.rf.a8be5b785c9588bfd66a1f74ffc2a6bd.jpg,authentic,train,640,640,JPEG,39253,False,,images338
roboflow_counterfeit_med_detection,roboflow\train\images4038_jpg.rf.a8b67bb0a5a401e93a469841ddb02b43.jpg,authentic,train,640,640,JPEG,47680,False,,images4038
roboflow_counterfeit_med_detection,roboflow\train\images219_jpg.rf.a88eef173ae13d043a2d2f48d653c7cf.jpg,authentic,train,640,640,JPEG,52465,False,,images219
roboflow_counterfeit_med_detection,roboflow\train\images315_jpg.rf.a8c420bac9cbf27961c1cd6f028988cc.jpg,authentic,train,640,640,JPEG,34844,False,,images315
roboflow_counterfeit_med_detection,roboflow\train\images4029_jpg.rf.a8cfdf9b8a3ff9ab0d72fd25269993b0.jpg,authentic,train,640,640,JPEG,69964,False,,images4029
roboflow_counterfeit_med_detection,roboflow\train\images4033_jpg.rf.a8cdbe682a5713190071a9c077a0cd74.jpg,authentic,train,640,640,JPEG,66328,False,,images4033
roboflow_counterfeit_med_detection,roboflow\train\images209_jpg.rf.a8d0dfb5a55da75f8d58f7ce5ea6e6be.jpg,authentic,train,640,640,JPEG,39778,False,,images209
roboflow_counterfeit_med_detection,roboflow\train\images5115_jpg.rf.a7f5662d45e98933f30e1fe16c8d3998.jpg,authentic,train,640,640,JPEG,33567,False,,images5115
roboflow_counterfeit_med_detection,roboflow\train\images316_jpg.rf.a8e38b69595cde4faa73de5ed631d35c.jpg,authentic,train,640,640,JPEG,35479,False,,images316
roboflow_counterfeit_med_detection,roboflow\train\images4079_jpg.rf.a8eb5285431668ae00d01c3b626b157d.jpg,authentic,train,640,640,JPEG,30401,False,,images4079
roboflow_counterfeit_med_detection,roboflow\train\images4116_jpg.rf.a8eec3c40442a04516399b468ff8118e.jpg,authentic,train,640,640,JPEG,23690,False,,images4116
roboflow_counterfeit_med_detection,roboflow\train\images256_jpg.rf.a97523dac2a325e24add956506c976c0.jpg,authentic,train,640,640,JPEG,48133,False,,images256
roboflow_counterfeit_med_detection,roboflow\train\images219_jpg.rf.a93a71204d9c23578c39acf795481cad.jpg,authentic,train,640,640,JPEG,48105,False,,images219
roboflow_counterfeit_med_detection,roboflow\train\images222_jpg.rf.a9cb05f505b23dd616a61ece5776b0b5.jpg,authentic,train,640,640,JPEG,44988,False,,images222
roboflow_counterfeit_med_detection,roboflow\train\images5052_jpg.rf.a97f963868f757e83142fd09f390500c.jpg,authentic,train,640,640,JPEG,86898,False,,images5052
roboflow_counterfeit_med_detection,roboflow\train\images4039_jpg.rf.a999931e8aa019c0b691a3328ee2fdd4.jpg,authentic,train,640,640,JPEG,52208,False,,images4039
roboflow_counterfeit_med_detection,roboflow\train\images252_jpg.rf.a95a81a7c4171d26cbcb31de44b990b5.jpg,authentic,train,640,640,JPEG,61179,False,,images252
roboflow_counterfeit_med_detection,roboflow\train\images4045_jpg.rf.aa4b04bab14bff900690b764499e1f91.jpg,authentic,train,640,640,JPEG,43681,False,,images4045
roboflow_counterfeit_med_detection,roboflow\train\images262_jpg.rf.a92f3715f3689f1247ede77b6276c362.jpg,authentic,train,640,640,JPEG,32327,False,,images262
roboflow_counterfeit_med_detection,roboflow\train\images35_jpg.rf.a92a60d752563a85eca89690d8698ce8.jpg,authentic,train,640,640,JPEG,43342,False,,images35
roboflow_counterfeit_med_detection,roboflow\train\images321_jpg.rf.aa1cf2e20ca3b6f61cd5edcfaec7d118.jpg,authentic,train,640,640,JPEG,28209,False,,images321
roboflow_counterfeit_med_detection,roboflow\train\FDA-Advisory-No-2022-0611-27_png.rf.a9da991a30ed056b01d9de632fd855dc.jpg,authentic,train,640,640,JPEG,46497,True,bulletin_graphic_with_baked_in_label_text,FDA-Advisory-No-2022-0611-27
roboflow_counterfeit_med_detection,roboflow\train\images37_jpg.rf.aa09590e998147e85e4031e904b050d7.jpg,authentic,train,640,640,JPEG,28926,False,,images37
roboflow_counterfeit_med_detection,roboflow\train\images4039_jpg.rf.a90266a7d70a3850c6160de7be710c5e.jpg,authentic,train,640,640,JPEG,61939,False,,images4039
roboflow_counterfeit_med_detection,roboflow\train\images4039_jpg.rf.a945afbf88f906e807a9b56541bfe64d.jpg,authentic,train,640,640,JPEG,39450,False,,images4039
roboflow_counterfeit_med_detection,roboflow\train\FDA-Advisory-No-2021-0607_png.rf.aa7c5d5f5ce56b5220a365cb9a439545.jpg,counterfeit,train,640,640,JPEG,65985,True,bulletin_graphic_with_baked_in_label_text,FDA-Advisory-No-2021-0607
roboflow_counterfeit_med_detection,roboflow\train\images209_jpg.rf.a983f2b33ba114fae9fa09b5a95329c4.jpg,authentic,train,640,640,JPEG,40276,False,,images209
roboflow_counterfeit_med_detection,roboflow\train\images4068_jpg.rf.aa32938fd4ab899b4c7cc6b998d7c944.jpg,authentic,train,640,640,JPEG,68612,False,,images4068
roboflow_counterfeit_med_detection,roboflow\train\images4058_jpg.rf.aa2ec254c6703085527f4c0f9b0d76cb.jpg,authentic,train,640,640,JPEG,42209,False,,images4058
roboflow_counterfeit_med_detection,roboflow\train\images210_jpg.rf.aa85a674bd4bc6f25497fa05cc0d44e4.jpg,authentic,train,640,640,JPEG,37423,False,,images210
roboflow_counterfeit_med_detection,roboflow\train\images240_jpg.rf.aa4d256e4194df9b10b1558eb74f8796.jpg,authentic,train,640,640,JPEG,54498,False,,images240
roboflow_counterfeit_med_detection,roboflow\train\images4063_jpg.rf.aaf89781ec1aef91c298498803cfbc5d.jpg,authentic,train,640,640,JPEG,23962,False,,images4063
roboflow_counterfeit_med_detection,roboflow\train\images213_jpg.rf.aab222844af06ddd63a24c660891c090.jpg,authentic,train,640,640,JPEG,48848,False,,images213
roboflow_counterfeit_med_detection,roboflow\train\images268_jpg.rf.aaed47461b9313079b6fc19bc50f97e3.jpg,authentic,train,640,640,JPEG,61565,False,,images268
roboflow_counterfeit_med_detection,roboflow\train\images242_jpg.rf.aac3045f52a9846b6a018cda3a72d143.jpg,authentic,train,640,640,JPEG,36952,False,,images242
roboflow_counterfeit_med_detection,roboflow\train\images214_jpg.rf.aa4f3e95bc4764251be187971d782393.jpg,authentic,train,640,640,JPEG,36245,False,,images214
roboflow_counterfeit_med_detection,roboflow\train\images4029_jpg.rf.aad47efff46053c214daa3bcc32aa63e.jpg,authentic,train,640,640,JPEG,69966,False,,images4029
roboflow_counterfeit_med_detection,roboflow\train\images4090_jpg.rf.ab95c16b0af8d66b55253b4b1a9a8481.jpg,authentic,train,640,640,JPEG,24322,False,,images4090
roboflow_counterfeit_med_detection,roboflow\train\images5107_jpg.rf.ab34c0c85a9c4c13daf8923dac5cc269.jpg,authentic,train,640,640,JPEG,21981,False,,images5107
roboflow_counterfeit_med_detection,roboflow\train\109956533_3244497725606259_3458066695358260920_n_jpg.rf.ab0c261de296b3718394e9f2de2320a9.jpg,counterfeit,train,640,640,JPEG,58832,True,bulletin_graphic_with_baked_in_label_text,109956533_3244497725606259_3458066695358260920_n
roboflow_counterfeit_med_detection,roboflow\train\images4035_jpg.rf.ab18df9e8af1fdd5525c2efb9f34366c.jpg,authentic,train,640,640,JPEG,74449,False,,images4035
roboflow_counterfeit_med_detection,roboflow\train\images4046_jpg.rf.abbf76455cccd847bf95e5b65adaec3b.jpg,authentic,train,640,640,JPEG,98148,False,,images4046
roboflow_counterfeit_med_detection,roboflow\train\images5111_jpg.rf.ac28487c7f1d77805684ddc4d85b0fdd.jpg,authentic,train,640,640,JPEG,28387,False,,images5111
roboflow_counterfeit_med_detection,roboflow\train\images4068_jpg.rf.ab672406fac552546887879b2fcad08c.jpg,authentic,train,640,640,JPEG,68310,False,,images4068
roboflow_counterfeit_med_detection,roboflow\train\images342_jpg.rf.ac8cf1d31ec4f90a6335501e911962ba.jpg,authentic,train,640,640,JPEG,17322,False,,images342
roboflow_counterfeit_med_detection,roboflow\train\images231_jpg.rf.ababd88d0753cf0be2d47110ed5b8ac5.jpg,authentic,train,640,640,JPEG,38223,False,,images231
roboflow_counterfeit_med_detection,roboflow\train\images5062_jpg.rf.ac0724254e0ac49fa009816a2fb5f7e9.jpg,authentic,train,640,640,JPEG,23848,False,,images5062
roboflow_counterfeit_med_detection,roboflow\train\images5097_jpg.rf.ab353b67dd8c3a2281432740b7f653e1.jpg,authentic,train,640,640,JPEG,32179,False,,images5097
roboflow_counterfeit_med_detection,roboflow\train\images4060_jpg.rf.ac717862b4be6b47a9a6bfd5fd9ab4f8.jpg,authentic,train,640,640,JPEG,56802,False,,images4060
roboflow_counterfeit_med_detection,roboflow\train\images4100_jpg.rf.aba9cf743f66771b894c318a928cab49.jpg,authentic,train,640,640,JPEG,77923,False,,images4100
roboflow_counterfeit_med_detection,roboflow\train\images4042_jpg.rf.ac6e3b7b5db301a8650c34576c74ab58.jpg,authentic,train,640,640,JPEG,42618,False,,images4042
roboflow_counterfeit_med_detection,roboflow\train\images4069_jpg.rf.ac01ba66ef9a006c8619dddbcae126af.jpg,authentic,train,640,640,JPEG,26875,False,,images4069
roboflow_counterfeit_med_detection,roboflow\train\images263_jpg.rf.ac9c4bc957ea8225c384e3bbd6e5165a.jpg,authentic,train,640,640,JPEG,36386,False,,images263
roboflow_counterfeit_med_detection,roboflow\train\images4060_jpg.rf.ac79f5ab24cc5f9391361be5f9c35d76.jpg,authentic,train,640,640,JPEG,77686,False,,images4060
roboflow_counterfeit_med_detection,roboflow\train\images210_jpg.rf.ac469894b7bfefdaadea27136e5f4411.jpg,authentic,train,640,640,JPEG,35591,False,,images210
roboflow_counterfeit_med_detection,roboflow\train\images5023_jpg.rf.abc587777620c4a61d1b56d2bb87b4b9.jpg,authentic,train,640,640,JPEG,34366,False,,images5023
roboflow_counterfeit_med_detection,roboflow\train\images4061_jpg.rf.abfa052be1ca405564057145f265f0a8.jpg,authentic,train,640,640,JPEG,21495,False,,images4061
roboflow_counterfeit_med_detection,roboflow\train\images4107_jpg.rf.abc28e075448cb42a1edf5da5a08c38d.jpg,authentic,train,640,640,JPEG,35545,False,,images4107
roboflow_counterfeit_med_detection,roboflow\train\images5040_jpg.rf.ac8640d2141b222f78cf4f20a57e80d7.jpg,authentic,train,640,640,JPEG,91831,False,,images5040
roboflow_counterfeit_med_detection,roboflow\train\images13_jpg.rf.ac0341374cfb04be28a4b7b22a2d3513.jpg,authentic,train,640,640,JPEG,18470,False,,images13
roboflow_counterfeit_med_detection,roboflow\train\images338_jpg.rf.abba598057a3b2ebbee8dfcfeb966e67.jpg,authentic,train,640,640,JPEG,43346,False,,images338
roboflow_counterfeit_med_detection,roboflow\train\images258_jpg.rf.ac62fe0819a0de0fdb9a9b1af2174147.jpg,authentic,train,640,640,JPEG,69430,False,,images258
roboflow_counterfeit_med_detection,roboflow\train\images5052_jpg.rf.ac9d279de6a872f35272420252a03f26.jpg,authentic,train,640,640,JPEG,90516,False,,images5052
roboflow_counterfeit_med_detection,roboflow\train\images4079_jpg.rf.acd7375c1833a0deeb1df579940645d4.jpg,authentic,train,640,640,JPEG,45997,False,,images4079
roboflow_counterfeit_med_detection,roboflow\train\images4110_jpg.rf.acae9a4fb59ca2239dae7cbf7a2260ad.jpg,authentic,train,640,640,JPEG,74671,False,,images4110
roboflow_counterfeit_med_detection,roboflow\train\images4067_jpg.rf.acc88fd2ae80eb517a6b1cec8d38fece.jpg,authentic,train,640,640,JPEG,35428,False,,images4067
roboflow_counterfeit_med_detection,roboflow\train\images07_jpg.rf.ace6377076399c138a31cfb40ee69015.jpg,authentic,train,640,640,JPEG,70204,False,,images07
roboflow_counterfeit_med_detection,roboflow\train\images212_jpg.rf.ad799fe8e6ebf168301cfd6ba9934e02.jpg,authentic,train,640,640,JPEG,33748,False,,images212
roboflow_counterfeit_med_detection,roboflow\train\images307_jpg.rf.ad89999007a7d388f55465e628a3b6c5.jpg,authentic,train,640,640,JPEG,25824,False,,images307
roboflow_counterfeit_med_detection,roboflow\train\images275_jpg.rf.ad546e3ae417ed2d06993aaaeb70885a.jpg,authentic,train,640,640,JPEG,33064,False,,images275
roboflow_counterfeit_med_detection,roboflow\train\images5090_jpg.rf.acf0d9eb7d6cd9f9480f8827f5ef1d41.jpg,authentic,train,640,640,JPEG,30852,False,,images5090
roboflow_counterfeit_med_detection,roboflow\train\images4090_jpg.rf.ad3145545a304c239924910d11107e49.jpg,authentic,train,640,640,JPEG,21265,False,,images4090
roboflow_counterfeit_med_detection,roboflow\train\images222_jpg.rf.ad78208e937d55cb6517e5bab7b4e73a.jpg,authentic,train,640,640,JPEG,44534,False,,images222
roboflow_counterfeit_med_detection,roboflow\train\images242_jpg.rf.acfd28974f8c8533e0f32235b77e0785.jpg,authentic,train,640,640,JPEG,40725,False,,images242
roboflow_counterfeit_med_detection,roboflow\train\images268_jpg.rf.ad9945d9f92c150e289c0c3ab6644466.jpg,authentic,train,640,640,JPEG,54094,False,,images268
roboflow_counterfeit_med_detection,roboflow\train\images4047_jpg.rf.ad7b04cc0f20b1767830241bf899c12b.jpg,authentic,train,640,640,JPEG,42003,False,,images4047
roboflow_counterfeit_med_detection,roboflow\train\images283_jpg.rf.ad507df30184157dc00d122faa06965b.jpg,authentic,train,640,640,JPEG,66182,False,,images283
roboflow_counterfeit_med_detection,roboflow\train\images349_jpg.rf.adaef565250d63f6528cc4f63a72de4a.jpg,authentic,train,640,640,JPEG,44337,False,,images349
roboflow_counterfeit_med_detection,roboflow\train\2020-1348_23_jpg.rf.adc5d63b530f61f5621086931d5c5b88.jpg,counterfeit,train,640,640,JPEG,54890,True,bulletin_graphic_with_baked_in_label_text,2020-1348_23
roboflow_counterfeit_med_detection,roboflow\train\110657861_3244497582272940_2325276206631652556_n_jpg.rf.adb34fb2574c779275583ec27759734e.jpg,counterfeit,train,640,640,JPEG,51714,True,bulletin_graphic_with_baked_in_label_text,110657861_3244497582272940_2325276206631652556_n
roboflow_counterfeit_med_detection,roboflow\train\images303_jpg.rf.adc889f4ce153ecbc276a1a7512f8de8.jpg,authentic,train,640,640,JPEG,44265,False,,images303
roboflow_counterfeit_med_detection,roboflow\train\images316_jpg.rf.ae00faa010b7145221c6e61794651dee.jpg,authentic,train,640,640,JPEG,37948,False,,images316
roboflow_counterfeit_med_detection,roboflow\train\images19_jpg.rf.ae26fc70cdc75a822bb15b2759032baa.jpg,authentic,train,640,640,JPEG,50909,False,,images19
roboflow_counterfeit_med_detection,roboflow\train\images5106_jpg.rf.ad4f9a71590bbc8b3f7199d59bdde08d.jpg,authentic,train,640,640,JPEG,59954,False,,images5106
roboflow_counterfeit_med_detection,roboflow\train\images31_jpg.rf.adee911c344b5dd548c07c76bc4fe7a4.jpg,authentic,train,640,640,JPEG,32281,False,,images31
roboflow_counterfeit_med_detection,roboflow\train\images4029_jpg.rf.ad3622238bb0e845acad50ab32ac5de1.jpg,authentic,train,640,640,JPEG,72278,False,,images4029
roboflow_counterfeit_med_detection,roboflow\train\FDA-Advisory-No-2022-0611-11_png.rf.ae024a367254f2d263331934c2d1c1e1.jpg,authentic,train,640,640,JPEG,46693,True,bulletin_graphic_with_baked_in_label_text,FDA-Advisory-No-2022-0611-11
roboflow_counterfeit_med_detection,roboflow\train\images4042_jpg.rf.addf216773162b54193ff365e2f4ec71.jpg,authentic,train,640,640,JPEG,41033,False,,images4042
roboflow_counterfeit_med_detection,roboflow\train\images5056_jpg.rf.ae4780cad821ebb6701a4bf760bd2385.jpg,authentic,train,640,640,JPEG,39173,False,,images5056
roboflow_counterfeit_med_detection,roboflow\train\images4042_jpg.rf.ae6985a54d4c15349c4472b411b15b15.jpg,authentic,train,640,640,JPEG,35540,False,,images4042
roboflow_counterfeit_med_detection,roboflow\train\images5053_jpg.rf.ae3f67c6c2f8f5173bb7c047a95d81de.jpg,authentic,train,640,640,JPEG,23747,False,,images5053
roboflow_counterfeit_med_detection,roboflow\train\images4060_jpg.rf.aefa339d42c1f543b091bf00556917e5.jpg,authentic,train,640,640,JPEG,47782,False,,images4060
roboflow_counterfeit_med_detection,roboflow\train\images347_jpg.rf.aec905cea22e968ca9a1a2fed8b5a808.jpg,authentic,train,640,640,JPEG,30410,False,,images347
roboflow_counterfeit_med_detection,roboflow\train\images315_jpg.rf.af4c9aac87a01e829a459ad434205d6a.jpg,authentic,train,640,640,JPEG,31151,False,,images315
roboflow_counterfeit_med_detection,roboflow\train\images210_jpg.rf.aea00a9e8f7bde7079f90cc1bc781571.jpg,authentic,train,640,640,JPEG,35428,False,,images210
roboflow_counterfeit_med_detection,roboflow\train\images342_jpg.rf.aeeed21426fca8022487bd11d1f5ed52.jpg,authentic,train,640,640,JPEG,19643,False,,images342
roboflow_counterfeit_med_detection,roboflow\train\images222_jpg.rf.afc60a1e72ded2305f51fab5c8342d0f.jpg,authentic,train,640,640,JPEG,42677,False,,images222
roboflow_counterfeit_med_detection,roboflow\train\images5044_jpg.rf.afc930f4ba33af7c29bf61f6229d0ff8.jpg,authentic,train,640,640,JPEG,56357,False,,images5044
roboflow_counterfeit_med_detection,roboflow\train\images303_jpg.rf.afe05df5811a1061fad04cf4472af9f5.jpg,authentic,train,640,640,JPEG,45906,False,,images303
roboflow_counterfeit_med_detection,roboflow\train\images232_jpg.rf.af489ee56c22b72c1002bc5b7d924b20.jpg,authentic,train,640,640,JPEG,48180,False,,images232
roboflow_counterfeit_med_detection,roboflow\train\images5059_jpg.rf.aec52beff2e8ccd113237956a7c08e69.jpg,authentic,train,640,640,JPEG,41929,False,,images5059
roboflow_counterfeit_med_detection,roboflow\train\images4116_jpg.rf.af5e570d6319c41c3d4d5a5ae86f255b.jpg,authentic,train,640,640,JPEG,26372,False,,images4116
roboflow_counterfeit_med_detection,roboflow\train\images4039_jpg.rf.afb9a2fd25742b5b49ab21fe83f93ddc.jpg,authentic,train,640,640,JPEG,51095,False,,images4039
roboflow_counterfeit_med_detection,roboflow\train\images311_jpg.rf.af83361db885d946dacbb417a8a4343b.jpg,authentic,train,640,640,JPEG,46693,False,,images311
roboflow_counterfeit_med_detection,roboflow\train\images4060_jpg.rf.ae816962ea6f98482d348c1b970f65c5.jpg,authentic,train,640,640,JPEG,75854,False,,images4060
roboflow_counterfeit_med_detection,roboflow\train\images4063_jpg.rf.ae4e91b7a91b35cce05020975e661f05.jpg,authentic,train,640,640,JPEG,22049,False,,images4063
roboflow_counterfeit_med_detection,roboflow\train\images19_jpg.rf.afa772ae5103b2d1bda3ae3ed3802da9.jpg,authentic,train,640,640,JPEG,48430,False,,images19
roboflow_counterfeit_med_detection,roboflow\train\images5059_jpg.rf.b024351c21492275464fef9f3aadfd46.jpg,authentic,train,640,640,JPEG,40517,False,,images5059
roboflow_counterfeit_med_detection,roboflow\train\images13_jpg.rf.b00ac3f7b9bcd9083099fd4d5085d976.jpg,authentic,train,640,640,JPEG,21543,False,,images13
roboflow_counterfeit_med_detection,roboflow\train\images311_jpg.rf.b0171bfc1223d160d2e6f6db4604769c.jpg,authentic,train,640,640,JPEG,43509,False,,images311
roboflow_counterfeit_med_detection,roboflow\train\images5097_jpg.rf.aff16a2d883b89504f56bc17dfb7e891.jpg,authentic,train,640,640,JPEG,29682,False,,images5097
roboflow_counterfeit_med_detection,roboflow\train\images5060_jpg.rf.afa7dae2bbcb7cf472f66edcced2affd.jpg,authentic,train,640,640,JPEG,39284,False,,images5060
roboflow_counterfeit_med_detection,roboflow\train\images5035_jpg.rf.afe8bde03d295abcc3a759da975d343b.jpg,authentic,train,640,640,JPEG,35060,False,,images5035
roboflow_counterfeit_med_detection,roboflow\train\images283_jpg.rf.af301b74fd77907cf9a38f6d3f9776cd.jpg,authentic,train,640,640,JPEG,54193,False,,images283
roboflow_counterfeit_med_detection,roboflow\train\images5116_jpg.rf.b0740cae329eb256bb0c973c14b90b23.jpg,authentic,train,640,640,JPEG,90095,False,,images5116
roboflow_counterfeit_med_detection,roboflow\train\images351_jpg.rf.b0161117552cd0abaede0b3e36975977.jpg,authentic,train,640,640,JPEG,47839,False,,images351
roboflow_counterfeit_med_detection,roboflow\train\images4025_jpg.rf.b08122030d9c62eb284352c14eea3144.jpg,authentic,train,640,640,JPEG,26488,False,,images4025
roboflow_counterfeit_med_detection,roboflow\train\images4047_jpg.rf.afd65075f5f885d6a2e5531db19cc91d.jpg,authentic,train,640,640,JPEG,59132,False,,images4047
roboflow_counterfeit_med_detection,roboflow\train\images4046_jpg.rf.b168f729ad16ce1dd3eaf3750fffc06e.jpg,authentic,train,640,640,JPEG,103722,False,,images4046
roboflow_counterfeit_med_detection,roboflow\train\images235_jpg.rf.b0584ce211b113f8203b53f92a9c0855.jpg,authentic,train,640,640,JPEG,59002,False,,images235
roboflow_counterfeit_med_detection,roboflow\train\images5031_jpg.rf.b07ffa0ca515ce8dd2ba63edc60bfc4c.jpg,authentic,train,640,640,JPEG,40514,False,,images5031
roboflow_counterfeit_med_detection,roboflow\train\images4110_jpg.rf.b0dbb4e43eafd6936264a01faaf5b2be.jpg,authentic,train,640,640,JPEG,91830,False,,images4110
roboflow_counterfeit_med_detection,roboflow\train\images14_jpg.rf.b0621a13f9252e3539120be8fb9fa77a.jpg,authentic,train,640,640,JPEG,45058,False,,images14
roboflow_counterfeit_med_detection,roboflow\train\images339_jpg.rf.b12a755e5ede8b4e1d80d0e5e8b0e76f.jpg,authentic,train,640,640,JPEG,55194,False,,images339
roboflow_counterfeit_med_detection,roboflow\train\FDA-Advisory-No-2022-0611-23_png.rf.b0300224283944514ef6960899e89c66.jpg,authentic,train,640,640,JPEG,55021,True,bulletin_graphic_with_baked_in_label_text,FDA-Advisory-No-2022-0611-23
roboflow_counterfeit_med_detection,roboflow\train\images02_jpg.rf.b176ea33e99f5d7df042d10b47de29fd.jpg,authentic,train,640,640,JPEG,39962,False,,images02
roboflow_counterfeit_med_detection,roboflow\train\images242_jpg.rf.b10341b87f5abe84ccef36a6d56a96b0.jpg,authentic,train,640,640,JPEG,52446,False,,images242
roboflow_counterfeit_med_detection,roboflow\train\images5104_jpg.rf.b168be55ba936e956b07dd392fcc1b4d.jpg,authentic,train,640,640,JPEG,28874,False,,images5104
roboflow_counterfeit_med_detection,roboflow\train\images4107_jpg.rf.b104fd4be817fc3e13592f1ad102f856.jpg,authentic,train,640,640,JPEG,26279,False,,images4107
roboflow_counterfeit_med_detection,roboflow\train\images4061_jpg.rf.b11d22ca9d260fecc81c8ad43153fa63.jpg,authentic,train,640,640,JPEG,30557,False,,images4061
roboflow_counterfeit_med_detection,roboflow\train\images335_jpg.rf.b0bfe8a68c5dc65d49a0f51a68fda1d6.jpg,authentic,train,640,640,JPEG,34675,False,,images335
roboflow_counterfeit_med_detection,roboflow\train\images4100_jpg.rf.b0cb6b40430427fbcabb104292d4858c.jpg,authentic,train,640,640,JPEG,66986,False,,images4100
roboflow_counterfeit_med_detection,roboflow\train\images4087_jpg.rf.b15a9f75c549e20969e6216c30e93b45.jpg,authentic,train,640,640,JPEG,36241,False,,images4087
roboflow_counterfeit_med_detection,roboflow\train\images31_jpg.rf.b0c79335811a59f92ab2d202b05bc790.jpg,authentic,train,640,640,JPEG,31893,False,,images31
roboflow_counterfeit_med_detection,roboflow\train\images218_jpg.rf.b135b93e2903936572c859b1bb11922f.jpg,authentic,train,640,640,JPEG,31684,False,,images218
roboflow_counterfeit_med_detection,roboflow\train\images339_jpg.rf.b16ae25acbac4882b7bd5fb9bcc97045.jpg,authentic,train,640,640,JPEG,56592,False,,images339
roboflow_counterfeit_med_detection,roboflow\train\images4035_jpg.rf.b178ed9a36fd074d931efbb6f3da2d2b.jpg,authentic,train,640,640,JPEG,63383,False,,images4035
roboflow_counterfeit_med_detection,roboflow\train\images01_jpg.rf.b18c76bac44fd8f956e949728711644d.jpg,authentic,train,640,640,JPEG,38707,False,,images01
roboflow_counterfeit_med_detection,roboflow\train\images266_jpg.rf.b1826ff1afbf50495ef192eb5432e02a.jpg,authentic,train,640,640,JPEG,31001,False,,images266
roboflow_counterfeit_med_detection,roboflow\train\images4033_jpg.rf.b0fb93a29fe41293a92540e43b914f8d.jpg,authentic,train,640,640,JPEG,71930,False,,images4033
roboflow_counterfeit_med_detection,roboflow\train\191764997_4121888921200464_8342069514000311514_n_jpg.rf.b1752cafb2c834bdb2fac64f0e65c27d.jpg,counterfeit,train,640,640,JPEG,56244,True,bulletin_graphic_with_baked_in_label_text,191764997_4121888921200464_8342069514000311514_n
roboflow_counterfeit_med_detection,roboflow\train\images05_jpg.rf.b12770237ceb947672c6ea5e21382e8b.jpg,authentic,train,640,640,JPEG,24929,False,,images05
roboflow_counterfeit_med_detection,roboflow\train\FDA-Advisory-No-2022-0611-24_png.rf.b19b16127f13e5f74bf297e037af7aac.jpg,counterfeit,train,640,640,JPEG,38696,True,bulletin_graphic_with_baked_in_label_text,FDA-Advisory-No-2022-0611-24
roboflow_counterfeit_med_detection,roboflow\train\images4044_jpg.rf.b1d9e548942fdab4373cdc05b48b185d.jpg,authentic,train,640,640,JPEG,66840,False,,images4044
roboflow_counterfeit_med_detection,roboflow\train\images5097_jpg.rf.b1d5fb5e764122e9026b97157925075f.jpg,authentic,train,640,640,JPEG,29267,False,,images5097
roboflow_counterfeit_med_detection,roboflow\train\images5096_jpg.rf.b22aabb7f4a311d5f1668cb5d85cde3f.jpg,authentic,train,640,640,JPEG,55586,False,,images5096
roboflow_counterfeit_med_detection,roboflow\train\images338_jpg.rf.b2a3cc40296998153ca4045a26a55cf7.jpg,authentic,train,640,640,JPEG,40275,False,,images338
roboflow_counterfeit_med_detection,roboflow\train\images5044_jpg.rf.b269e0aabf13187de549d2d7065ad665.jpg,authentic,train,640,640,JPEG,63068,False,,images5044
roboflow_counterfeit_med_detection,roboflow\train\images352_jpg.rf.b1d403dee0a56c9873c1155c3578710a.jpg,authentic,train,640,640,JPEG,38476,False,,images352
roboflow_counterfeit_med_detection,roboflow\train\images263_jpg.rf.b27696988fb4f7bc994681d0520ed8b0.jpg,authentic,train,640,640,JPEG,40302,False,,images263
roboflow_counterfeit_med_detection,roboflow\train\images5110_jpg.rf.b2df56adee9bc64bb74f413927b08d21.jpg,authentic,train,640,640,JPEG,11693,False,,images5110
roboflow_counterfeit_med_detection,roboflow\train\images5098_jpg.rf.b20b95ddf2784afece8561f1d8522c6c.jpg,authentic,train,640,640,JPEG,71395,False,,images5098
roboflow_counterfeit_med_detection,roboflow\train\FDA-Advisory-No-2022-0611-36_png.rf.b2bda860223b13d74300187216137cab.jpg,counterfeit,train,640,640,JPEG,52189,True,bulletin_graphic_with_baked_in_label_text,FDA-Advisory-No-2022-0611-36
roboflow_counterfeit_med_detection,roboflow\train\images210_jpg.rf.b2742a851818c4556c5cfa7f39f2484d.jpg,authentic,train,640,640,JPEG,35850,False,,images210
roboflow_counterfeit_med_detection,roboflow\train\images239_jpg.rf.b26bc5dd3b9edc6af020c931b9d623fb.jpg,authentic,train,640,640,JPEG,39676,False,,images239
roboflow_counterfeit_med_detection,roboflow\train\images314_jpg.rf.b1ea59226c6410313ee9365d128b1781.jpg,authentic,train,640,640,JPEG,49728,False,,images314
roboflow_counterfeit_med_detection,roboflow\train\images4035_jpg.rf.b28b48738f093f6d145d2cdfac7053c7.jpg,authentic,train,640,640,JPEG,105699,False,,images4035
roboflow_counterfeit_med_detection,roboflow\train\images4048_jpg.rf.b239a706184ba0f53feb3caba9981289.jpg,authentic,train,640,640,JPEG,31875,False,,images4048
roboflow_counterfeit_med_detection,roboflow\train\images5061_jpg.rf.b2ea20a7cc1f67a22c47e01f926c85f3.jpg,authentic,train,640,640,JPEG,24746,False,,images5061
roboflow_counterfeit_med_detection,roboflow\train\images4033_jpg.rf.b1d6f2c9973912820d297067f2fa22b5.jpg,authentic,train,640,640,JPEG,60087,False,,images4033
roboflow_counterfeit_med_detection,roboflow\train\images252_jpg.rf.b28225cfca3d3555e7881ac390141af2.jpg,authentic,train,640,640,JPEG,55599,False,,images252
roboflow_counterfeit_med_detection,roboflow\train\images4048_jpg.rf.b293fdf0b1939cc5d204ab8bbabaeaf9.jpg,authentic,train,640,640,JPEG,45392,False,,images4048
roboflow_counterfeit_med_detection,roboflow\train\images4044_jpg.rf.b308c6f29ddfae1d532e0993f518727c.jpg,authentic,train,640,640,JPEG,62453,False,,images4044
roboflow_counterfeit_med_detection,roboflow\train\images5095_jpg.rf.b1f1ea839f63cefe336eabaf0d23800b.jpg,authentic,train,640,640,JPEG,54722,False,,images5095
roboflow_counterfeit_med_detection,roboflow\train\images5035_jpg.rf.b2fb9779454f4848c5453d1ec4acd64d.jpg,authentic,train,640,640,JPEG,36144,False,,images5035
roboflow_counterfeit_med_detection,roboflow\train\images263_jpg.rf.b2bd57c3d8e32b8a03201f3c8675da70.jpg,authentic,train,640,640,JPEG,35160,False,,images263
roboflow_counterfeit_med_detection,roboflow\train\images209_jpg.rf.b18e795a67026cf467806caacefe303d.jpg,authentic,train,640,640,JPEG,40439,False,,images209
roboflow_counterfeit_med_detection,roboflow\train\images262_jpg.rf.b2a58bd314ca35fce46de6f5331502f1.jpg,authentic,train,640,640,JPEG,32753,False,,images262
roboflow_counterfeit_med_detection,roboflow\train\images338_jpg.rf.b32b30b2f88abe1ef5b0e2e28a4b309b.jpg,authentic,train,640,640,JPEG,28229,False,,images338
roboflow_counterfeit_med_detection,roboflow\train\images4044_jpg.rf.b329b8f330729967d72492a8a564baf2.jpg,authentic,train,640,640,JPEG,54138,False,,images4044
roboflow_counterfeit_med_detection,roboflow\train\images01_jpg.rf.b32beed514e8f70161a08b1a1334b56e.jpg,authentic,train,640,640,JPEG,29177,False,,images01
roboflow_counterfeit_med_detection,roboflow\train\images312_jpg.rf.b3432bd2be8137691ae9b43bace4baf9.jpg,authentic,train,640,640,JPEG,61061,False,,images312
roboflow_counterfeit_med_detection,roboflow\train\images307_jpg.rf.b363ed7a54b42813cdc2a54d90112e38.jpg,authentic,train,640,640,JPEG,32526,False,,images307
roboflow_counterfeit_med_detection,roboflow\train\images4029_jpg.rf.b3662f67ee7b7b4b7b70817ed8a39885.jpg,authentic,train,640,640,JPEG,81134,False,,images4029
roboflow_counterfeit_med_detection,roboflow\train\images236_jpg.rf.b3a11b88a0bfda1f7b316287496cefd0.jpg,authentic,train,640,640,JPEG,48844,False,,images236
roboflow_counterfeit_med_detection,roboflow\train\images38_jpg.rf.b38f6aa9631cffe191c200b250c266ca.jpg,authentic,train,640,640,JPEG,47596,False,,images38
roboflow_counterfeit_med_detection,roboflow\train\images255_jpg.rf.b423a3e1410ed7fc2e7873b406bd9e3d.jpg,authentic,train,640,640,JPEG,34079,False,,images255
roboflow_counterfeit_med_detection,roboflow\train\images4124_jpg.rf.b414d7d8cc7797dfbcea6b5be1c2caf0.jpg,authentic,train,640,640,JPEG,45526,False,,images4124
roboflow_counterfeit_med_detection,roboflow\train\images231_jpg.rf.b462239282bf2e00c058b19ab692a748.jpg,authentic,train,640,640,JPEG,38816,False,,images231
roboflow_counterfeit_med_detection,roboflow\train\images4079_jpg.rf.b3d732096a4977c8720a28cbfdd490e6.jpg,authentic,train,640,640,JPEG,37877,False,,images4079
roboflow_counterfeit_med_detection,roboflow\train\images5111_jpg.rf.b41e0bca095c9f77b43979d0a55c2c68.jpg,authentic,train,640,640,JPEG,41341,False,,images5111
roboflow_counterfeit_med_detection,roboflow\train\images5062_jpg.rf.b413abfbd7132ab3a8f0b2f740da8acf.jpg,authentic,train,640,640,JPEG,18504,False,,images5062
roboflow_counterfeit_med_detection,roboflow\train\images4082_jpg.rf.b443ea9a5d66e32f33fbb41eb396e9a8.jpg,authentic,train,640,640,JPEG,43256,False,,images4082
roboflow_counterfeit_med_detection,roboflow\train\images258_jpg.rf.b40dd98f4d524e1fef10992bd55ccd9f.jpg,authentic,train,640,640,JPEG,72894,False,,images258
roboflow_counterfeit_med_detection,roboflow\train\images4067_jpg.rf.b3fc5c7fbbe005891ed740e48f6b2c63.jpg,authentic,train,640,640,JPEG,50060,False,,images4067
roboflow_counterfeit_med_detection,roboflow\train\images4081_jpg.rf.b499e0740ccfb554c8fec310899dff9e.jpg,authentic,train,640,640,JPEG,33599,False,,images4081
roboflow_counterfeit_med_detection,roboflow\train\images4110_jpg.rf.b330214ef1970b2be753106ad6ecaef8.jpg,authentic,train,640,640,JPEG,91170,False,,images4110
roboflow_counterfeit_med_detection,roboflow\train\images242_jpg.rf.b44dbf4c8171b0d5b97d3baa3453b409.jpg,authentic,train,640,640,JPEG,43840,False,,images242
roboflow_counterfeit_med_detection,roboflow\train\images335_jpg.rf.b469f478aabd6e58c65c124a9555ec3e.jpg,authentic,train,640,640,JPEG,41900,False,,images335
roboflow_counterfeit_med_detection,roboflow\train\images307_jpg.rf.b470666e5659f9964376f30752937bdf.jpg,authentic,train,640,640,JPEG,27779,False,,images307
roboflow_counterfeit_med_detection,roboflow\train\images5098_jpg.rf.b483fb92f2937c67d8900b35f0301ab1.jpg,authentic,train,640,640,JPEG,63843,False,,images5098
roboflow_counterfeit_med_detection,roboflow\train\images5060_jpg.rf.b39cab44a97978d6212f08e55d54b1a5.jpg,authentic,train,640,640,JPEG,41043,False,,images5060
roboflow_counterfeit_med_detection,roboflow\train\images02_jpg.rf.b3d36dd5f30e02bf8ce9b855ee8df0d5.jpg,authentic,train,640,640,JPEG,39722,False,,images02
roboflow_counterfeit_med_detection,roboflow\train\images4035_jpg.rf.b3819709e7b2751e893401b833b5d0a8.jpg,authentic,train,640,640,JPEG,66821,False,,images4035
roboflow_counterfeit_med_detection,roboflow\train\images339_jpg.rf.b4317221d63e17a9e5cf7a77917a9a8a.jpg,authentic,train,640,640,JPEG,57285,False,,images339
roboflow_counterfeit_med_detection,roboflow\train\images227_jpg.rf.b5ec3b0ee5dea2f4870b55c82c46577e.jpg,authentic,train,640,640,JPEG,18935,False,,images227
roboflow_counterfeit_med_detection,roboflow\train\2020-1348_23_jpg.rf.b51efb82d98a450d2c375669cf623ac1.jpg,counterfeit,train,640,640,JPEG,54879,True,bulletin_graphic_with_baked_in_label_text,2020-1348_23
roboflow_counterfeit_med_detection,roboflow\train\images342_jpg.rf.b4cf2293d4e529a8d3752be149150691.jpg,authentic,train,640,640,JPEG,24858,False,,images342
roboflow_counterfeit_med_detection,roboflow\train\images4047_jpg.rf.b6308f41efcdd02cc6ee92a45ee123b4.jpg,authentic,train,640,640,JPEG,50021,False,,images4047
roboflow_counterfeit_med_detection,roboflow\train\images43_jpg.rf.b682686d23e4aeff470a2b558551eedc.jpg,authentic,train,640,640,JPEG,41649,False,,images43
roboflow_counterfeit_med_detection,roboflow\train\110080868_3244497848939580_2970928293483393329_n_jpg.rf.b5bcf2237d0bb6bb400c235d2fb3db72.jpg,counterfeit,train,640,640,JPEG,49490,True,bulletin_graphic_with_baked_in_label_text,110080868_3244497848939580_2970928293483393329_n
roboflow_counterfeit_med_detection,roboflow\train\images4058_jpg.rf.b58cafdf2c0eeb89f4373ce3f0bb59cd.jpg,authentic,train,640,640,JPEG,36683,False,,images4058
roboflow_counterfeit_med_detection,roboflow\train\images5056_jpg.rf.b4b3eb5715ee79f6fec2497310581d2c.jpg,authentic,train,640,640,JPEG,40403,False,,images5056
roboflow_counterfeit_med_detection,roboflow\train\images256_jpg.rf.b5ff234e82dff518ece3d3544ca39c65.jpg,authentic,train,640,640,JPEG,48977,False,,images256
roboflow_counterfeit_med_detection,roboflow\train\images5103_jpg.rf.b62a19773bafcec2e3211759d0d603ef.jpg,authentic,train,640,640,JPEG,23250,False,,images5103
roboflow_counterfeit_med_detection,roboflow\train\images15_jpg.rf.b69b6584735311d3883cd590ceb49f6f.jpg,authentic,train,640,640,JPEG,35543,False,,images15
roboflow_counterfeit_med_detection,roboflow\train\images07_jpg.rf.b693db2a5102a8116223055d101652b8.jpg,authentic,train,640,640,JPEG,69291,False,,images07
roboflow_counterfeit_med_detection,roboflow\train\images256_jpg.rf.b4b69e03f7b4b67454b07cfadd2f9386.jpg,authentic,train,640,640,JPEG,41877,False,,images256
roboflow_counterfeit_med_detection,roboflow\train\images31_jpg.rf.b634db02c8afb566124372968e7d7d0e.jpg,authentic,train,640,640,JPEG,34674,False,,images31
roboflow_counterfeit_med_detection,roboflow\train\images4025_jpg.rf.b5317c714c5c405fee701ed597f090af.jpg,authentic,train,640,640,JPEG,28220,False,,images4025
roboflow_counterfeit_med_detection,roboflow\train\images260_jpg.rf.b68bdeff889631fe49a57cbc0cc452c5.jpg,authentic,train,640,640,JPEG,41579,False,,images260
roboflow_counterfeit_med_detection,roboflow\train\images21_jpg.rf.b524d1c53a7a2867513af013c364fa4f.jpg,authentic,train,640,640,JPEG,36420,False,,images21
roboflow_counterfeit_med_detection,roboflow\train\images5127_jpg.rf.b564eb19e0a6b71ec971f198ed3933ac.jpg,authentic,train,640,640,JPEG,55075,False,,images5127
roboflow_counterfeit_med_detection,roboflow\train\images01_jpg.rf.b6dc4cea853915cf98611d81e4892638.jpg,authentic,train,640,640,JPEG,43847,False,,images01
roboflow_counterfeit_med_detection,roboflow\train\images4060_jpg.rf.b6617fbec97763bf23f0b47d756eb163.jpg,authentic,train,640,640,JPEG,56420,False,,images4060
roboflow_counterfeit_med_detection,roboflow\train\images5126_jpg.rf.b6e0567352c515cefbe81894a1833d7d.jpg,authentic,train,640,640,JPEG,41277,False,,images5126
roboflow_counterfeit_med_detection,roboflow\train\images256_jpg.rf.b636f4edbca13575cf6bf702597f80d1.jpg,authentic,train,640,640,JPEG,43279,False,,images256
roboflow_counterfeit_med_detection,roboflow\train\FDA-Advisory-No-2021-0139_png.rf.b5ea4ce129fe2f366c342becb1ffedab.jpg,counterfeit,train,640,640,JPEG,65358,True,bulletin_graphic_with_baked_in_label_text,FDA-Advisory-No-2021-0139
roboflow_counterfeit_med_detection,roboflow\train\maxresdefault-1-_jpg.rf.b6ef846b7069174782452a9c943297c7.jpg,ambiguous,train,640,640,JPEG,102806,True,dual_label_contradiction,maxresdefault-1-
roboflow_counterfeit_med_detection,roboflow\train\images4047_jpg.rf.b454b03c0d6ee450513fea961be149f7.jpg,authentic,train,640,640,JPEG,41543,False,,images4047
roboflow_counterfeit_med_detection,roboflow\train\images5045_jpg.rf.b69c67dbb8da5ad8c31fd510097f4952.jpg,authentic,train,640,640,JPEG,38608,False,,images5045
roboflow_counterfeit_med_detection,roboflow\train\images4045_jpg.rf.b70142111c1726188f095307c2d627ad.jpg,authentic,train,640,640,JPEG,40188,False,,images4045
roboflow_counterfeit_med_detection,roboflow\train\images4042_jpg.rf.b51591de907cd8776f94bc6d14e3a61b.jpg,authentic,train,640,640,JPEG,43024,False,,images4042
roboflow_counterfeit_med_detection,roboflow\train\images5023_jpg.rf.b5750ea9deb70cc12d410a1826776ccd.jpg,authentic,train,640,640,JPEG,28984,False,,images5023
roboflow_counterfeit_med_detection,roboflow\train\images4063_jpg.rf.b73b4b59bd911d1ff703a494729f9a64.jpg,authentic,train,640,640,JPEG,19110,False,,images4063
roboflow_counterfeit_med_detection,roboflow\train\images342_jpg.rf.b79e1f670efab8b2a4edd98ce378c299.jpg,authentic,train,640,640,JPEG,25652,False,,images342
roboflow_counterfeit_med_detection,roboflow\train\images5107_jpg.rf.b7c9db0e756a71cdcf583e65895ead69.jpg,authentic,train,640,640,JPEG,19887,False,,images5107
roboflow_counterfeit_med_detection,roboflow\train\images5116_jpg.rf.b70b71852ae594f17b9cbf11f09920ec.jpg,authentic,train,640,640,JPEG,87662,False,,images5116
roboflow_counterfeit_med_detection,roboflow\train\images4040_jpg.rf.b7527e8323a9fde6937617413c9a2e2b.jpg,authentic,train,640,640,JPEG,83095,False,,images4040
roboflow_counterfeit_med_detection,roboflow\train\images4038_jpg.rf.b7de7d93d9c74938281ff533f8f674ab.jpg,authentic,train,640,640,JPEG,59964,False,,images4038
roboflow_counterfeit_med_detection,roboflow\train\images4087_jpg.rf.b844e0651805a2ed5127f67c3cc4e861.jpg,authentic,train,640,640,JPEG,36375,False,,images4087
roboflow_counterfeit_med_detection,roboflow\train\images5090_jpg.rf.b713b856f88449b3ea373803b3401fc7.jpg,authentic,train,640,640,JPEG,37118,False,,images5090
roboflow_counterfeit_med_detection,roboflow\train\images227_jpg.rf.b85602a1f1dd1194e5f8fd83973c04ce.jpg,authentic,train,640,640,JPEG,24692,False,,images227
roboflow_counterfeit_med_detection,roboflow\train\images07_jpg.rf.b85e0ab014fd607983c0a6bd16bbd34a.jpg,authentic,train,640,640,JPEG,66916,False,,images07
roboflow_counterfeit_med_detection,roboflow\train\maxresdefault_jpg.rf.b7e743e5778e060196956b9d184ba60f.jpg,ambiguous,train,640,640,JPEG,84863,True,dual_label_contradiction,maxresdefault
roboflow_counterfeit_med_detection,roboflow\train\images230_jpg.rf.b8cbdf1fd3ce7978cfc661c16b30cd0a.jpg,authentic,train,640,640,JPEG,46017,False,,images230
roboflow_counterfeit_med_detection,roboflow\train\images4100_jpg.rf.b9184318287f6c76561ca5d6664a5e4a.jpg,authentic,train,640,640,JPEG,68312,False,,images4100
roboflow_counterfeit_med_detection,roboflow\train\images340_jpg.rf.b8af933f138786ca7339affaa458ce74.jpg,authentic,train,640,640,JPEG,57113,False,,images340
roboflow_counterfeit_med_detection,roboflow\train\images311_jpg.rf.b904a20b3aacbd7ce643f136d7227380.jpg,authentic,train,640,640,JPEG,45795,False,,images311
roboflow_counterfeit_med_detection,roboflow\train\images4044_jpg.rf.b8241aa6bd7f670d5032caad9478e7e3.jpg,authentic,train,640,640,JPEG,65635,False,,images4044
roboflow_counterfeit_med_detection,roboflow\train\images257_jpg.rf.b8f3e4e83e27a04815a2485d2dcf34fd.jpg,authentic,train,640,640,JPEG,26786,False,,images257
roboflow_counterfeit_med_detection,roboflow\train\images225_jpg.rf.b82368bb20e065499ef4db68758ae53f.jpg,authentic,train,640,640,JPEG,47790,False,,images225
roboflow_counterfeit_med_detection,roboflow\train\images5041_jpg.rf.b8defd383ad537c15658074c737211cc.jpg,authentic,train,640,640,JPEG,76187,False,,images5041
roboflow_counterfeit_med_detection,roboflow\train\images5117_jpg.rf.b80f29904933e457412c9b086326132f.jpg,authentic,train,640,640,JPEG,66454,False,,images5117
roboflow_counterfeit_med_detection,roboflow\train\images4033_jpg.rf.b94dc430ea2062d02e674eaa5e8969b6.jpg,authentic,train,640,640,JPEG,71813,False,,images4033
roboflow_counterfeit_med_detection,roboflow\train\images5056_jpg.rf.b733d46c62eed86fcb2c662b8acc6b91.jpg,authentic,train,640,640,JPEG,49667,False,,images5056
roboflow_counterfeit_med_detection,roboflow\train\images4061_jpg.rf.b938e70814c546be7beee1a4ea633d24.jpg,authentic,train,640,640,JPEG,29623,False,,images4061
roboflow_counterfeit_med_detection,roboflow\train\images5071_jpg.rf.b95d7be16f08d96ddccaef12cb183b7e.jpg,authentic,train,640,640,JPEG,36019,False,,images5071
roboflow_counterfeit_med_detection,roboflow\train\images348_jpg.rf.b8d7077c2721c3b60a5cc4461fde2a82.jpg,authentic,train,640,640,JPEG,28577,False,,images348
roboflow_counterfeit_med_detection,roboflow\train\images4058_jpg.rf.b9602baa36a8979e234f5c6d476d6d4a.jpg,authentic,train,640,640,JPEG,34319,False,,images4058
roboflow_counterfeit_med_detection,roboflow\train\images5024_jpg.rf.b913b8111d503a00f36f84b1721ded6d.jpg,authentic,train,640,640,JPEG,47313,False,,images5024
roboflow_counterfeit_med_detection,roboflow\train\images5061_jpg.rf.b966fdba09596293622fee385fd4c853.jpg,authentic,train,640,640,JPEG,38198,False,,images5061
roboflow_counterfeit_med_detection,roboflow\train\images303_jpg.rf.b960aeadedabe17de6d781c41d8c8dca.jpg,authentic,train,640,640,JPEG,58549,False,,images303
roboflow_counterfeit_med_detection,roboflow\train\images5059_jpg.rf.b9154d38aceb89506ad5ab64be324969.jpg,authentic,train,640,640,JPEG,41639,False,,images5059
roboflow_counterfeit_med_detection,roboflow\train\images338_jpg.rf.b90240310220408d8d74d2212c4f2d64.jpg,authentic,train,640,640,JPEG,39514,False,,images338
roboflow_counterfeit_med_detection,roboflow\train\images5031_jpg.rf.b9d42573b0d15a914b55f016cad2957e.jpg,authentic,train,640,640,JPEG,36603,False,,images5031
roboflow_counterfeit_med_detection,roboflow\train\2020-1348_18_jpg.rf.b9749ccca5930267f5a319dc4e0e9bd6.jpg,counterfeit,train,640,640,JPEG,69929,True,bulletin_graphic_with_baked_in_label_text,2020-1348_18
roboflow_counterfeit_med_detection,roboflow\train\images4063_jpg.rf.b9f9b1b979cf2a2977f04d73dfdec432.jpg,authentic,train,640,640,JPEG,19697,False,,images4063
roboflow_counterfeit_med_detection,roboflow\train\images4063_jpg.rf.b9d6b92565a687799d24e2ec473d90ac.jpg,authentic,train,640,640,JPEG,25843,False,,images4063
roboflow_counterfeit_med_detection,roboflow\train\images4054_jpg.rf.baaf4b661f8de7136f3993c32efcddde.jpg,authentic,train,640,640,JPEG,61101,False,,images4054
roboflow_counterfeit_med_detection,roboflow\train\images5097_jpg.rf.bab21fe87d22e4b502c5032e75498797.jpg,authentic,train,640,640,JPEG,29790,False,,images5097
roboflow_counterfeit_med_detection,roboflow\train\images38_jpg.rf.baa9f9824cf90bd455a84f3ce26a7c9c.jpg,authentic,train,640,640,JPEG,49071,False,,images38
roboflow_counterfeit_med_detection,roboflow\train\images4081_jpg.rf.ba416e942de63089ed977c7e2899b42c.jpg,authentic,train,640,640,JPEG,35960,False,,images4081
roboflow_counterfeit_med_detection,roboflow\train\images245_jpg.rf.b99e0e95aadb0d3e8402c133c845d769.jpg,authentic,train,640,640,JPEG,33912,False,,images245
roboflow_counterfeit_med_detection,roboflow\train\images4035_jpg.rf.baa24c79adaa20dae04dbb2e9f7f3ba0.jpg,authentic,train,640,640,JPEG,66424,False,,images4035
roboflow_counterfeit_med_detection,roboflow\train\images08_jpg.rf.bb61106d76631e67e35b9b90345eaa2b.jpg,authentic,train,640,640,JPEG,61556,False,,images08
roboflow_counterfeit_med_detection,roboflow\train\images47_jpg.rf.b9d6bbcbab05692fe73df5bf27f81d9f.jpg,authentic,train,640,640,JPEG,29444,False,,images47
roboflow_counterfeit_med_detection,roboflow\train\2020-1348_24_jpg.rf.b9feec1f68f85b83aeba4c6aa42fe931.jpg,counterfeit,train,640,640,JPEG,55653,True,bulletin_graphic_with_baked_in_label_text,2020-1348_24
roboflow_counterfeit_med_detection,roboflow\train\images5085_jpg.rf.ba5d85e0e20a4c9e98736b07233dec59.jpg,authentic,train,640,640,JPEG,48158,False,,images5085
roboflow_counterfeit_med_detection,roboflow\train\images348_jpg.rf.ba4e6fb1432f7fdf9d6a1e6bd44b1056.jpg,authentic,train,640,640,JPEG,30423,False,,images348
roboflow_counterfeit_med_detection,roboflow\train\images4046_jpg.rf.baf7fb9026a43ccd4872c2535ce623c0.jpg,authentic,train,640,640,JPEG,78424,False,,images4046
roboflow_counterfeit_med_detection,roboflow\train\images260_jpg.rf.bb84a4853e3045b03beec7b9f4091786.jpg,authentic,train,640,640,JPEG,28198,False,,images260
roboflow_counterfeit_med_detection,roboflow\train\images241_jpg.rf.ba2fd6722a52f33d1c08682a59cc2c29.jpg,authentic,train,640,640,JPEG,48544,False,,images241
roboflow_counterfeit_med_detection,roboflow\train\images4035_jpg.rf.baf3930fd1b8030fe2b86803df792d30.jpg,authentic,train,640,640,JPEG,67171,False,,images4035
roboflow_counterfeit_med_detection,roboflow\train\images4029_jpg.rf.bae0920ee9a4598d4cc4d61c787f9d48.jpg,authentic,train,640,640,JPEG,63174,False,,images4029
roboflow_counterfeit_med_detection,roboflow\train\images19_jpg.rf.bb4e85daf3758d13d4d606b43a43077c.jpg,authentic,train,640,640,JPEG,45627,False,,images19
roboflow_counterfeit_med_detection,roboflow\train\images5051_jpg.rf.babd74b839304372a1d7a3a707068a85.jpg,authentic,train,640,640,JPEG,24481,False,,images5051
roboflow_counterfeit_med_detection,roboflow\train\images254_jpg.rf.bb3b28e8dbebc53f7dd45c24280bf7d6.jpg,authentic,train,640,640,JPEG,45030,False,,images254
roboflow_counterfeit_med_detection,roboflow\train\images235_jpg.rf.bb9d7e66ab74a8059746db5ac8fb2b54.jpg,authentic,train,640,640,JPEG,60243,False,,images235
roboflow_counterfeit_med_detection,roboflow\train\images227_jpg.rf.bbb719ad639c25fb74b4e548e4c4d18d.jpg,authentic,train,640,640,JPEG,26114,False,,images227
roboflow_counterfeit_med_detection,roboflow\train\images4033_jpg.rf.baf79bad826e43e3c49399ff0fe55f5a.jpg,authentic,train,640,640,JPEG,66578,False,,images4033
roboflow_counterfeit_med_detection,roboflow\train\images4058_jpg.rf.bb935e9ef2e62eccecd0dbcd4c1ee8fa.jpg,authentic,train,640,640,JPEG,35378,False,,images4058
roboflow_counterfeit_med_detection,roboflow\train\images252_jpg.rf.bbb8f439082bfe24da8927252cc75a6d.jpg,authentic,train,640,640,JPEG,54302,False,,images252
roboflow_counterfeit_med_detection,roboflow\train\images338_jpg.rf.bb29897cf9fd7837b556bb03478565b6.jpg,authentic,train,640,640,JPEG,39147,False,,images338
roboflow_counterfeit_med_detection,roboflow\train\images5041_jpg.rf.bbf0e8e7ce1e9816493676da03543638.jpg,authentic,train,640,640,JPEG,76900,False,,images5041
roboflow_counterfeit_med_detection,roboflow\train\images35_jpg.rf.bbe212c192f4cc74e0acb75e09eb039c.jpg,authentic,train,640,640,JPEG,40600,False,,images35
roboflow_counterfeit_med_detection,roboflow\train\images5112_jpg.rf.bc9792e098b78f1729c835a6d16b0906.jpg,authentic,train,640,640,JPEG,43880,False,,images5112
roboflow_counterfeit_med_detection,roboflow\train\images210_jpg.rf.bbf10343d5c82a111a2996fc71f853fc.jpg,authentic,train,640,640,JPEG,38340,False,,images210
roboflow_counterfeit_med_detection,roboflow\train\images5087_jpg.rf.bc610afa2b9dc2bab2a3e9bea8594870.jpg,authentic,train,640,640,JPEG,22965,False,,images5087
roboflow_counterfeit_med_detection,roboflow\train\images5104_jpg.rf.bc9b6043c18b7d9272de3c2f60c19bb1.jpg,authentic,train,640,640,JPEG,30582,False,,images5104
roboflow_counterfeit_med_detection,roboflow\train\2020-1348_33-1-_jpg.rf.bcbf6bddb127ec918453abf3b31e463c.jpg,counterfeit,train,640,640,JPEG,54760,True,bulletin_graphic_with_baked_in_label_text,2020-1348_33-1-
roboflow_counterfeit_med_detection,roboflow\train\images244_jpg.rf.bc2912f8affb442cc31dc8c93490901a.jpg,authentic,train,640,640,JPEG,51012,False,,images244
roboflow_counterfeit_med_detection,roboflow\train\images36_jpg.rf.bd31988f05b9a77fe6b6c482c2a0bd3b.jpg,authentic,train,640,640,JPEG,34869,False,,images36
roboflow_counterfeit_med_detection,roboflow\train\images265_jpg.rf.bd5c57d6d66d98b20f731bfe6ae8bf0a.jpg,authentic,train,640,640,JPEG,40013,False,,images265
roboflow_counterfeit_med_detection,roboflow\train\images219_jpg.rf.bbd3906e46192b9a128a14382f468c05.jpg,authentic,train,640,640,JPEG,51399,False,,images219
roboflow_counterfeit_med_detection,roboflow\train\images29_jpg.rf.bcdea5a6907bac55de40c7563a30e519.jpg,authentic,train,640,640,JPEG,33306,False,,images29
roboflow_counterfeit_med_detection,roboflow\train\images321_jpg.rf.bcdbf3904d599b121bbe4ad4760d0536.jpg,authentic,train,640,640,JPEG,32593,False,,images321
roboflow_counterfeit_med_detection,roboflow\train\images4088_jpg.rf.bcb0006664f2f21a17378def68e095f0.jpg,authentic,train,640,640,JPEG,26805,False,,images4088
roboflow_counterfeit_med_detection,roboflow\train\images5098_jpg.rf.bd088f41c6a2bdca6ab5cfca114683e0.jpg,authentic,train,640,640,JPEG,74877,False,,images5098
roboflow_counterfeit_med_detection,roboflow\train\images07_jpg.rf.bd4b86479a96cee3a3a8806e8067a0d8.jpg,authentic,train,640,640,JPEG,70789,False,,images07
roboflow_counterfeit_med_detection,roboflow\train\images5032_jpg.rf.bd69b48494fbae7f39f1be5ee83a3dd2.jpg,authentic,train,640,640,JPEG,57649,False,,images5032
roboflow_counterfeit_med_detection,roboflow\train\images4040_jpg.rf.bcfc993285309ea93aeba26c95b398fb.jpg,authentic,train,640,640,JPEG,66354,False,,images4040
roboflow_counterfeit_med_detection,roboflow\train\images4087_jpg.rf.bd5f736b803d0ccc9e6a46227a645735.jpg,authentic,train,640,640,JPEG,28027,False,,images4087
roboflow_counterfeit_med_detection,roboflow\train\images31_jpg.rf.bccd42c7fcb0477409d62251d45b8973.jpg,authentic,train,640,640,JPEG,42129,False,,images31
roboflow_counterfeit_med_detection,roboflow\train\images5051_jpg.rf.bce3c18c3c94c7f71d7689098eadffcc.jpg,authentic,train,640,640,JPEG,29228,False,,images5051
roboflow_counterfeit_med_detection,roboflow\train\images236_jpg.rf.bd86a682bcedb42d4d14a8eb47d2e31b.jpg,authentic,train,640,640,JPEG,49106,False,,images236
roboflow_counterfeit_med_detection,roboflow\train\images4061_jpg.rf.bd6c3cd4a3609d47953218f2ceb009c5.jpg,authentic,train,640,640,JPEG,19153,False,,images4061
roboflow_counterfeit_med_detection,roboflow\train\images283_jpg.rf.bd34432d3fc5e5b13b0cd90bc341dc25.jpg,authentic,train,640,640,JPEG,62249,False,,images283
roboflow_counterfeit_med_detection,roboflow\train\images5112_jpg.rf.bd86f87623f5a9764e119125551c02f8.jpg,authentic,train,640,640,JPEG,46712,False,,images5112
roboflow_counterfeit_med_detection,roboflow\train\images31_jpg.rf.bc64fbfa6f1423fc7855a8b1b2600335.jpg,authentic,train,640,640,JPEG,30147,False,,images31
roboflow_counterfeit_med_detection,roboflow\train\images5110_jpg.rf.bd34cd9d3f355df539ed5066ffccafb6.jpg,authentic,train,640,640,JPEG,14116,False,,images5110
roboflow_counterfeit_med_detection,roboflow\train\images4040_jpg.rf.bd9dc9cd850ebd8516f973b9f61bcef5.jpg,authentic,train,640,640,JPEG,78085,False,,images4040
roboflow_counterfeit_med_detection,roboflow\train\images38_jpg.rf.bdae3c741db169c50a2015962a39e1aa.jpg,authentic,train,640,640,JPEG,41509,False,,images38
roboflow_counterfeit_med_detection,roboflow\train\images226_jpg.rf.be305812fd8abf50fc0e9e211a8a7af9.jpg,authentic,train,640,640,JPEG,33500,False,,images226
roboflow_counterfeit_med_detection,roboflow\train\images35_jpg.rf.bdd27564585fe905f5ad07da12bdf727.jpg,authentic,train,640,640,JPEG,45086,False,,images35
roboflow_counterfeit_med_detection,roboflow\train\images5100_jpg.rf.bd86b1d528191b4c7e1b8692afd5ec7c.jpg,authentic,train,640,640,JPEG,46049,False,,images5100
roboflow_counterfeit_med_detection,roboflow\train\images242_jpg.rf.bdf4eb746cb47273e5f22509f0e192b3.jpg,authentic,train,640,640,JPEG,46574,False,,images242
roboflow_counterfeit_med_detection,roboflow\train\FDA-Advisory-No-2022-0611-3_png.rf.be3066a3a094982ef3528deaf71d40ba.jpg,authentic,train,640,640,JPEG,51721,True,bulletin_graphic_with_baked_in_label_text,FDA-Advisory-No-2022-0611-3
roboflow_counterfeit_med_detection,roboflow\train\FDA-Advisory-No-2022-0611-20_png.rf.bde747f13a02b85e0a22c87fead26772.jpg,counterfeit,train,640,640,JPEG,50853,True,bulletin_graphic_with_baked_in_label_text,FDA-Advisory-No-2022-0611-20
roboflow_counterfeit_med_detection,roboflow\train\images346_jpg.rf.be9f6290007a79c9e053180077190887.jpg,authentic,train,640,640,JPEG,25371,False,,images346
roboflow_counterfeit_med_detection,roboflow\train\images352_jpg.rf.be24b598ffa8a2cdf625257888ffa126.jpg,authentic,train,640,640,JPEG,44009,False,,images352
roboflow_counterfeit_med_detection,roboflow\train\images4048_jpg.rf.be214804ba863622c8b66c59bca0d1fa.jpg,authentic,train,640,640,JPEG,39396,False,,images4048
roboflow_counterfeit_med_detection,roboflow\train\images4090_jpg.rf.be8dee29db3eaed08bbea0023ac807b0.jpg,authentic,train,640,640,JPEG,22758,False,,images4090
roboflow_counterfeit_med_detection,roboflow\train\images4100_jpg.rf.bdfe606755a87fb065823881321e7997.jpg,authentic,train,640,640,JPEG,63641,False,,images4100
roboflow_counterfeit_med_detection,roboflow\train\images310_jpg.rf.bde33ef86749d5a893dccc1f50e7394c.jpg,authentic,train,640,640,JPEG,44250,False,,images310
roboflow_counterfeit_med_detection,roboflow\train\images5062_jpg.rf.be079d072826760318669d41a37cdf5f.jpg,authentic,train,640,640,JPEG,17083,False,,images5062
roboflow_counterfeit_med_detection,roboflow\train\images339_jpg.rf.bd9bfd73acd64a6cdbd3cedcfbf279d2.jpg,authentic,train,640,640,JPEG,51546,False,,images339
roboflow_counterfeit_med_detection,roboflow\train\images4045_jpg.rf.be0742898a62de0660403621a260636a.jpg,authentic,train,640,640,JPEG,51895,False,,images4045
roboflow_counterfeit_med_detection,roboflow\train\images05_jpg.rf.bdbfa1272f76f52b6083517d33a5efb4.jpg,authentic,train,640,640,JPEG,23986,False,,images05
roboflow_counterfeit_med_detection,roboflow\train\images219_jpg.rf.be8f28e17df2f1352c1ec5c84a2fc965.jpg,authentic,train,640,640,JPEG,48389,False,,images219
roboflow_counterfeit_med_detection,roboflow\train\images5126_jpg.rf.be9ac58df75e7ad7347488679417789e.jpg,authentic,train,640,640,JPEG,39391,False,,images5126
roboflow_counterfeit_med_detection,roboflow\train\images5067_jpg.rf.bdb380d3ddb4f9fb6038fb07350ee681.jpg,authentic,train,640,640,JPEG,49047,False,,images5067
roboflow_counterfeit_med_detection,roboflow\train\images5103_jpg.rf.beb6ca54153f0a615994ecd977c00a6e.jpg,authentic,train,640,640,JPEG,29298,False,,images5103
roboflow_counterfeit_med_detection,roboflow\train\images338_jpg.rf.bea8b303b7c29a718edb0dad3822c832.jpg,authentic,train,640,640,JPEG,40778,False,,images338
roboflow_counterfeit_med_detection,roboflow\train\images42_jpg.rf.be0e2d5c8a99f1e3aa2a25104cebf382.jpg,authentic,train,640,640,JPEG,46820,False,,images42
roboflow_counterfeit_med_detection,roboflow\train\images4067_jpg.rf.be42f2c405d1fe5bff0997a697cb0adb.jpg,authentic,train,640,640,JPEG,60668,False,,images4067
roboflow_counterfeit_med_detection,roboflow\train\images236_jpg.rf.beb87078007bf1da3478ec06b8328799.jpg,authentic,train,640,640,JPEG,48792,False,,images236
roboflow_counterfeit_med_detection,roboflow\train\images5045_jpg.rf.bedae4ee90bd1d71353c44f60000a28f.jpg,authentic,train,640,640,JPEG,41370,False,,images5045
roboflow_counterfeit_med_detection,roboflow\train\images5062_jpg.rf.bef14e78f8d6669fe79ba5a279d84893.jpg,authentic,train,640,640,JPEG,19910,False,,images5062
roboflow_counterfeit_med_detection,roboflow\train\images5090_jpg.rf.bf5a658f0e24a570bcc2516450adf621.jpg,authentic,train,640,640,JPEG,33764,False,,images5090
roboflow_counterfeit_med_detection,roboflow\train\images352_jpg.rf.bee1a82a763aa9ba88cc0464a15c11bb.jpg,authentic,train,640,640,JPEG,47593,False,,images352
roboflow_counterfeit_med_detection,roboflow\train\images346_jpg.rf.bef459e77d9ab604bd77f18366749495.jpg,authentic,train,640,640,JPEG,26835,False,,images346
roboflow_counterfeit_med_detection,roboflow\train\images4068_jpg.rf.beb7754cbf28e4f094a6a4c3d560b871.jpg,authentic,train,640,640,JPEG,63049,False,,images4068
roboflow_counterfeit_med_detection,roboflow\train\images4124_jpg.rf.bfea956d5b0b509db2c260aa76024c92.jpg,authentic,train,640,640,JPEG,45148,False,,images4124
roboflow_counterfeit_med_detection,roboflow\train\images4038_jpg.rf.bf771ae3a553bdc20019133485090f2b.jpg,authentic,train,640,640,JPEG,48260,False,,images4038
roboflow_counterfeit_med_detection,roboflow\train\images35_jpg.rf.bfbdc79bde9664c15b52bdff2460a5da.jpg,authentic,train,640,640,JPEG,44295,False,,images35
roboflow_counterfeit_med_detection,roboflow\train\FDA-Advisory-No-2021-0607_png.rf.bed03dc320e6ca4013f52ff492fbb4f3.jpg,counterfeit,train,640,640,JPEG,64136,True,bulletin_graphic_with_baked_in_label_text,FDA-Advisory-No-2021-0607
roboflow_counterfeit_med_detection,roboflow\train\images5062_jpg.rf.bf079d71cca38b46d45692298109e674.jpg,authentic,train,640,640,JPEG,24287,False,,images5062
roboflow_counterfeit_med_detection,roboflow\train\images262_jpg.rf.bfa4ef859942755ec60ce0cc5c95393c.jpg,authentic,train,640,640,JPEG,33245,False,,images262
roboflow_counterfeit_med_detection,roboflow\train\images5031_jpg.rf.bfa8b8b677205c73383a9f0855f0bbdc.jpg,authentic,train,640,640,JPEG,34476,False,,images5031
roboflow_counterfeit_med_detection,roboflow\train\images264_jpg.rf.beda0401153f8e9d1cbb529bdba2af30.jpg,authentic,train,640,640,JPEG,22607,False,,images264
roboflow_counterfeit_med_detection,roboflow\train\images5058_jpg.rf.bfef52dc7ac0f9bdb3b18351bd7a4130.jpg,authentic,train,640,640,JPEG,72089,False,,images5058
roboflow_counterfeit_med_detection,roboflow\train\images5085_jpg.rf.bfc0fde23d6b3c314347ad865c111d36.jpg,authentic,train,640,640,JPEG,57200,False,,images5085
roboflow_counterfeit_med_detection,roboflow\train\images4088_jpg.rf.bfa86e7a29bf2af2a30ed10ba0f4461c.jpg,authentic,train,640,640,JPEG,24645,False,,images4088
roboflow_counterfeit_med_detection,roboflow\train\images4025_jpg.rf.bf5d237f6afd239e86fd6043cddcb45f.jpg,authentic,train,640,640,JPEG,33419,False,,images4025
roboflow_counterfeit_med_detection,roboflow\train\images33_jpg.rf.bf8d23c30ae037507dffd4cd2a77ec29.jpg,authentic,train,640,640,JPEG,30415,False,,images33
roboflow_counterfeit_med_detection,roboflow\train\images245_jpg.rf.bfaab83efac950ef332dccdbcc9a378f.jpg,authentic,train,640,640,JPEG,34102,False,,images245
roboflow_counterfeit_med_detection,roboflow\train\images256_jpg.rf.bf2f4f102bc28e36a03dac1ebe8f053f.jpg,authentic,train,640,640,JPEG,46475,False,,images256
roboflow_counterfeit_med_detection,roboflow\train\images5098_jpg.rf.bffab0d58faaef88df8d449a75b78521.jpg,authentic,train,640,640,JPEG,70890,False,,images5098
roboflow_counterfeit_med_detection,roboflow\train\images4093_jpg.rf.bfeaead003104c10e71b8c9c9b83f8e1.jpg,authentic,train,640,640,JPEG,32418,False,,images4093
roboflow_counterfeit_med_detection,roboflow\train\images4031_jpg.rf.bfdd5aaa2a3ebf3b4f3c85ad2862bf42.jpg,authentic,train,640,640,JPEG,41510,False,,images4031
roboflow_counterfeit_med_detection,roboflow\train\images35_jpg.rf.bfb2882b7a7b1b02d02c6cdfe8cc5cfc.jpg,authentic,train,640,640,JPEG,46151,False,,images35
roboflow_counterfeit_med_detection,roboflow\train\images5107_jpg.rf.bebce1ae4d48934d7618c671c5fa6aaa.jpg,authentic,train,640,640,JPEG,19887,False,,images5107
roboflow_counterfeit_med_detection,roboflow\train\images254_jpg.rf.c01f9b72a354c5265794cbcf94da0ac3.jpg,authentic,train,640,640,JPEG,48949,False,,images254
roboflow_counterfeit_med_detection,roboflow\train\images4046_jpg.rf.bff166b5e26cf9a4114f3e2bc7a34658.jpg,authentic,train,640,640,JPEG,81870,False,,images4046
roboflow_counterfeit_med_detection,roboflow\train\images5080_jpg.rf.c02b533c522ea2d806e75bd3ef4a50a4.jpg,authentic,train,640,640,JPEG,49330,False,,images5080
roboflow_counterfeit_med_detection,roboflow\train\images236_jpg.rf.c0839ea8a2fe00ffa87a21dd8c3da190.jpg,authentic,train,640,640,JPEG,49571,False,,images236
roboflow_counterfeit_med_detection,roboflow\train\images4045_jpg.rf.c089dfb8c45292a224fb450f52414b97.jpg,authentic,train,640,640,JPEG,44959,False,,images4045
roboflow_counterfeit_med_detection,roboflow\train\images09_jpg.rf.c1415e36007016816bbced6ff05d117a.jpg,authentic,train,640,640,JPEG,46093,False,,images09
roboflow_counterfeit_med_detection,roboflow\train\images4087_jpg.rf.c0e7661c07d7b0ed053ee03964d421e8.jpg,authentic,train,640,640,JPEG,38440,False,,images4087
roboflow_counterfeit_med_detection,roboflow\train\images213_jpg.rf.c12c649a0cfb2a2abc0d7e925493ea9b.jpg,authentic,train,640,640,JPEG,47121,False,,images213
roboflow_counterfeit_med_detection,roboflow\train\FDA-Advisory-No-2022-0273-1_png.rf.c13ca43584cfff66069d642e5719ce0a.jpg,ambiguous,train,640,640,JPEG,86330,True,dual_label_contradiction,FDA-Advisory-No-2022-0273-1
roboflow_counterfeit_med_detection,roboflow\train\images347_jpg.rf.c072659a9099ab9f38180076aee05aed.jpg,authentic,train,640,640,JPEG,28237,False,,images347
roboflow_counterfeit_med_detection,roboflow\train\images307_jpg.rf.c02eac1b2c6185db49a610cd9c46d5ee.jpg,authentic,train,640,640,JPEG,29373,False,,images307
roboflow_counterfeit_med_detection,roboflow\train\images37_jpg.rf.c0f7df958a87523722b9a103c3d586cb.jpg,authentic,train,640,640,JPEG,32342,False,,images37
roboflow_counterfeit_med_detection,roboflow\train\2020-1348_10-1-_jpg.rf.c0b8c3e35378146ea389987cb00fdf13.jpg,counterfeit,train,640,640,JPEG,67722,True,bulletin_graphic_with_baked_in_label_text,2020-1348_10-1-
roboflow_counterfeit_med_detection,roboflow\train\images5056_jpg.rf.c11435780c8cd4fe0b5f223e7c949169.jpg,authentic,train,640,640,JPEG,43068,False,,images5056
roboflow_counterfeit_med_detection,roboflow\train\images4031_jpg.rf.c057c31d9f5cb62226f041d2f8f4a7ee.jpg,authentic,train,640,640,JPEG,40374,False,,images4031
roboflow_counterfeit_med_detection,roboflow\train\images4047_jpg.rf.c0b2a1c66b7efff3e5dc10cc64006833.jpg,authentic,train,640,640,JPEG,52532,False,,images4047
roboflow_counterfeit_med_detection,roboflow\train\images339_jpg.rf.c145d304499538d4bd94cbc232465a32.jpg,authentic,train,640,640,JPEG,50843,False,,images339
roboflow_counterfeit_med_detection,roboflow\train\images37_jpg.rf.c0cb17a7b5f4b0215beab3d4b489e8b9.jpg,authentic,train,640,640,JPEG,30365,False,,images37
roboflow_counterfeit_med_detection,roboflow\train\images268_jpg.rf.c09a7357eab9601fd4cc383efe05dfc4.jpg,authentic,train,640,640,JPEG,48600,False,,images268
roboflow_counterfeit_med_detection,roboflow\train\images5035_jpg.rf.c19605ae2664101fcc9816a607e459fc.jpg,authentic,train,640,640,JPEG,33387,False,,images5035
roboflow_counterfeit_med_detection,roboflow\train\images35_jpg.rf.c190a40b1e8613234ecd0e673bcaef3b.jpg,authentic,train,640,640,JPEG,41465,False,,images35
roboflow_counterfeit_med_detection,roboflow\train\images4088_jpg.rf.c1603aa0dd4d32a910501ab2261e9387.jpg,authentic,train,640,640,JPEG,14993,False,,images4088
roboflow_counterfeit_med_detection,roboflow\train\images4029_jpg.rf.c1a86d66ccae6c8daa6f9dcb2404be7e.jpg,authentic,train,640,640,JPEG,82510,False,,images4029
roboflow_counterfeit_med_detection,roboflow\train\images346_jpg.rf.c1e91179a0399b93558408590423d1ec.jpg,authentic,train,640,640,JPEG,25783,False,,images346
roboflow_counterfeit_med_detection,roboflow\train\images5060_jpg.rf.c145866a71fac0415f6ab9df9500ce91.jpg,authentic,train,640,640,JPEG,42964,False,,images5060
roboflow_counterfeit_med_detection,roboflow\train\images5053_jpg.rf.c1dff54392ea63538950a10af89c342f.jpg,authentic,train,640,640,JPEG,23481,False,,images5053
roboflow_counterfeit_med_detection,roboflow\train\images321_jpg.rf.c17be086f18376945424123b5962daa0.jpg,authentic,train,640,640,JPEG,29607,False,,images321
roboflow_counterfeit_med_detection,roboflow\train\images4042_jpg.rf.c14dc1c64b46982cd584743e0d388a21.jpg,authentic,train,640,640,JPEG,38951,False,,images4042
roboflow_counterfeit_med_detection,roboflow\train\images352_jpg.rf.c096581dc78ca55c7ee9ebe0ebd88883.jpg,authentic,train,640,640,JPEG,41234,False,,images352
roboflow_counterfeit_med_detection,roboflow\train\images314_jpg.rf.c0cc75bcfbd96ab19a94390876d6663c.jpg,authentic,train,640,640,JPEG,52662,False,,images314
roboflow_counterfeit_med_detection,roboflow\train\images5056_jpg.rf.c1ee66086c61955354a492a177904a2e.jpg,authentic,train,640,640,JPEG,45426,False,,images5056
roboflow_counterfeit_med_detection,roboflow\train\images260_jpg.rf.c207ab161c85efee63b85073b902f9a6.jpg,authentic,train,640,640,JPEG,40837,False,,images260
roboflow_counterfeit_med_detection,roboflow\train\images4046_jpg.rf.c210aebd541de4495c4aee3f55240ab1.jpg,authentic,train,640,640,JPEG,99649,False,,images4046
roboflow_counterfeit_med_detection,roboflow\train\images5114_jpg.rf.c239e8a45becb797349c3c083791bf41.jpg,authentic,train,640,640,JPEG,29724,False,,images5114
roboflow_counterfeit_med_detection,roboflow\train\images239_jpg.rf.c2658d2455ca2fb3d9d35c708563aa34.jpg,authentic,train,640,640,JPEG,43497,False,,images239
roboflow_counterfeit_med_detection,roboflow\train\images351_jpg.rf.c29f2e070ae7c1ef6f83309e636cebf3.jpg,authentic,train,640,640,JPEG,45057,False,,images351
roboflow_counterfeit_med_detection,roboflow\train\images5052_jpg.rf.c342456d071d69f92bc2089dc1d8df36.jpg,authentic,train,640,640,JPEG,90859,False,,images5052
roboflow_counterfeit_med_detection,roboflow\train\images4116_jpg.rf.c2e62cebcd925d517702f11616ee4c6c.jpg,authentic,train,640,640,JPEG,33450,False,,images4116
roboflow_counterfeit_med_detection,roboflow\train\images5031_jpg.rf.c2b30f9a6db80605b932acc75234b12b.jpg,authentic,train,640,640,JPEG,41851,False,,images5031
roboflow_counterfeit_med_detection,roboflow\train\images4033_jpg.rf.c26b9c58342f7e37dc7d50411c239bd4.jpg,authentic,train,640,640,JPEG,57198,False,,images4033
roboflow_counterfeit_med_detection,roboflow\train\images5039_jpg.rf.c32dd85ee384a8366a4298f3319dd50c.jpg,authentic,train,640,640,JPEG,45089,False,,images5039
roboflow_counterfeit_med_detection,roboflow\train\images4079_jpg.rf.c30f261d4e73a795bc3543bd27ae81e9.jpg,authentic,train,640,640,JPEG,42255,False,,images4079
roboflow_counterfeit_med_detection,roboflow\train\images46_jpg.rf.c283ea6bf8517b98d47b938b1fde34e6.jpg,authentic,train,640,640,JPEG,28048,False,,images46
roboflow_counterfeit_med_detection,roboflow\train\images5107_jpg.rf.c30e01d7e379fc56abb8ebf9307aeb84.jpg,authentic,train,640,640,JPEG,25269,False,,images5107
roboflow_counterfeit_med_detection,roboflow\train\images347_jpg.rf.c2123a35109834dc6a839b66368a8b01.jpg,authentic,train,640,640,JPEG,23556,False,,images347
roboflow_counterfeit_med_detection,roboflow\train\images4046_jpg.rf.c25cb6e697fd87a95626f7b1d0e21710.jpg,authentic,train,640,640,JPEG,70558,False,,images4046
roboflow_counterfeit_med_detection,roboflow\train\images35_jpg.rf.c28566d28ec6be0ddc08dce2ec5309a6.jpg,authentic,train,640,640,JPEG,39841,False,,images35
roboflow_counterfeit_med_detection,roboflow\train\images258_jpg.rf.c22bffbbc7238dcec213770e84774915.jpg,authentic,train,640,640,JPEG,64640,False,,images258
roboflow_counterfeit_med_detection,roboflow\train\images4040_jpg.rf.c26692fb85999078cb41e98502c869a8.jpg,authentic,train,640,640,JPEG,68125,False,,images4040
roboflow_counterfeit_med_detection,roboflow\train\images347_jpg.rf.c3150d48774b06ae2d06689edbb51401.jpg,authentic,train,640,640,JPEG,26750,False,,images347
roboflow_counterfeit_med_detection,roboflow\train\images4044_jpg.rf.c2d40f2d9431f3bd82439235b8d75d4e.jpg,authentic,train,640,640,JPEG,54839,False,,images4044
roboflow_counterfeit_med_detection,roboflow\train\110334045_3244498002272898_7054935609460571205_n_jpg.rf.c3120d39c49ee32937501d0f357b5bad.jpg,counterfeit,train,640,640,JPEG,44638,True,bulletin_graphic_with_baked_in_label_text,110334045_3244498002272898_7054935609460571205_n
roboflow_counterfeit_med_detection,roboflow\train\images5114_jpg.rf.c32633ae4e5d88790db0dd57bd27cb00.jpg,authentic,train,640,640,JPEG,31031,False,,images5114
roboflow_counterfeit_med_detection,roboflow\train\images4064_jpg.rf.c3341d25f6135b8197093b284dacbb41.jpg,authentic,train,640,640,JPEG,28990,False,,images4064
roboflow_counterfeit_med_detection,roboflow\train\images340_jpg.rf.c35397cf3a66458e2402e18d106fae57.jpg,authentic,train,640,640,JPEG,50178,False,,images340
roboflow_counterfeit_med_detection,roboflow\train\images348_jpg.rf.c32c5f7ed56d2de41bf8953d094ea3de.jpg,authentic,train,640,640,JPEG,32550,False,,images348
roboflow_counterfeit_med_detection,roboflow\train\images4088_jpg.rf.c278bcc8c70b35be23b212aa0a7e96d7.jpg,authentic,train,640,640,JPEG,30200,False,,images4088
roboflow_counterfeit_med_detection,roboflow\train\images252_jpg.rf.c362075dca09260f48846d6aaf6c42d8.jpg,authentic,train,640,640,JPEG,61931,False,,images252
roboflow_counterfeit_med_detection,roboflow\train\images38_jpg.rf.c35522e220136ef32c94a036c9077077.jpg,authentic,train,640,640,JPEG,47442,False,,images38
roboflow_counterfeit_med_detection,roboflow\train\images47_jpg.rf.c38a45f2c5d1822738d595bb351015fb.jpg,authentic,train,640,640,JPEG,27680,False,,images47
roboflow_counterfeit_med_detection,roboflow\train\images213_jpg.rf.c35316cb4d2a06cdfef111e8d1d2066a.jpg,authentic,train,640,640,JPEG,49764,False,,images213
roboflow_counterfeit_med_detection,roboflow\train\images4054_jpg.rf.c3da08cbd37f392d4870630586dfa655.jpg,authentic,train,640,640,JPEG,60825,False,,images4054
roboflow_counterfeit_med_detection,roboflow\train\images4067_jpg.rf.c3e254e26dfb671bb2576ccfeb0cfd83.jpg,authentic,train,640,640,JPEG,49152,False,,images4067
roboflow_counterfeit_med_detection,roboflow\train\images303_jpg.rf.c3bb7d1b3a982fc21c5a20dfa057f3d0.jpg,authentic,train,640,640,JPEG,58290,False,,images303
roboflow_counterfeit_med_detection,roboflow\train\images4047_jpg.rf.c3748364bfea5f776d3576462ace9510.jpg,authentic,train,640,640,JPEG,52634,False,,images4047
roboflow_counterfeit_med_detection,roboflow\train\images307_jpg.rf.c3f0d04585088c79fa849d7cc1f3da02.jpg,authentic,train,640,640,JPEG,35874,False,,images307
roboflow_counterfeit_med_detection,roboflow\train\images5034_jpg.rf.c40795f156ed0209bf29ca8361de808d.jpg,authentic,train,640,640,JPEG,43738,False,,images5034
roboflow_counterfeit_med_detection,roboflow\train\FDA-Advisory-No-2022-0273-7_png.rf.c410d405ee8bb5868b4100ac9de672af.jpg,ambiguous,train,640,640,JPEG,52359,True,dual_label_contradiction,FDA-Advisory-No-2022-0273-7
roboflow_counterfeit_med_detection,roboflow\train\images4082_jpg.rf.c421b30b26461a04199dea1e05ad3c91.jpg,authentic,train,640,640,JPEG,29785,False,,images4082
roboflow_counterfeit_med_detection,roboflow\train\images4064_jpg.rf.c38c0b35f1c253d7e1af61fe84968fb7.jpg,authentic,train,640,640,JPEG,26581,False,,images4064
roboflow_counterfeit_med_detection,roboflow\train\images5104_jpg.rf.c486b20ceb7d4c3918151906e7bb388d.jpg,authentic,train,640,640,JPEG,30237,False,,images5104
roboflow_counterfeit_med_detection,roboflow\train\images5100_jpg.rf.c4a92a2f764ebdae84ae0f7f1be75b70.jpg,authentic,train,640,640,JPEG,51440,False,,images5100
roboflow_counterfeit_med_detection,roboflow\train\images222_jpg.rf.c47a663379d8072ad7fb036714496c91.jpg,authentic,train,640,640,JPEG,43553,False,,images222
roboflow_counterfeit_med_detection,roboflow\train\images314_jpg.rf.c3dcc47ba27abddb282f5bfb5934a146.jpg,authentic,train,640,640,JPEG,48344,False,,images314
roboflow_counterfeit_med_detection,roboflow\train\images4035_jpg.rf.c3ccd8188432da4dfc66558f086dde0d.jpg,authentic,train,640,640,JPEG,61541,False,,images4035
roboflow_counterfeit_med_detection,roboflow\train\images5098_jpg.rf.c3dbe9a9eb667c9428c03f8e454a2f2c.jpg,authentic,train,640,640,JPEG,74925,False,,images5098
roboflow_counterfeit_med_detection,roboflow\train\images4063_jpg.rf.c44d48d4905222e59e6581865afb7670.jpg,authentic,train,640,640,JPEG,23419,False,,images4063
roboflow_counterfeit_med_detection,roboflow\train\images218_jpg.rf.c407954450d4e77a3de07bda2af9a088.jpg,authentic,train,640,640,JPEG,38189,False,,images218
roboflow_counterfeit_med_detection,roboflow\train\images5069_jpg.rf.c3aabf0057e6904ffc3d11569548d607.jpg,authentic,train,640,640,JPEG,69135,False,,images5069
roboflow_counterfeit_med_detection,roboflow\train\images5107_jpg.rf.c42fea866ed9d80893a37d960394b0ec.jpg,authentic,train,640,640,JPEG,31374,False,,images5107
roboflow_counterfeit_med_detection,roboflow\train\images5024_jpg.rf.c42f3c4386ea168e299d3cdb15fa174c.jpg,authentic,train,640,640,JPEG,50855,False,,images5024
roboflow_counterfeit_med_detection,roboflow\train\images01_jpg.rf.c4160a9c94b64951409371c6c936cc1b.jpg,authentic,train,640,640,JPEG,42398,False,,images01
roboflow_counterfeit_med_detection,roboflow\train\images4093_jpg.rf.c49bc59c46cf8be0ade60b5919d89d95.jpg,authentic,train,640,640,JPEG,31033,False,,images4093
roboflow_counterfeit_med_detection,roboflow\train\images266_jpg.rf.c399a57e9a7325a162a49072012af53d.jpg,authentic,train,640,640,JPEG,31979,False,,images266
roboflow_counterfeit_med_detection,roboflow\train\images240_jpg.rf.c486fe5355fbfbb8ef063c129909d5fc.jpg,authentic,train,640,640,JPEG,53242,False,,images240
roboflow_counterfeit_med_detection,roboflow\train\images342_jpg.rf.c4d20f99bc82aaf873333e8897446ab7.jpg,authentic,train,640,640,JPEG,23093,False,,images342
roboflow_counterfeit_med_detection,roboflow\train\images4107_jpg.rf.c4f292270d5d3067f509e472631ecf5a.jpg,authentic,train,640,640,JPEG,34067,False,,images4107
roboflow_counterfeit_med_detection,roboflow\train\images256_jpg.rf.c53b4e98ae58992f71e8f2c0bcbc8edb.jpg,authentic,train,640,640,JPEG,43298,False,,images256
roboflow_counterfeit_med_detection,roboflow\train\images5063_jpg.rf.c4ec6e7f3fdd0429829c07555a3a1a88.jpg,authentic,train,640,640,JPEG,26612,False,,images5063
roboflow_counterfeit_med_detection,roboflow\train\images346_jpg.rf.c4ddfa5891190705747acfc5e9631510.jpg,authentic,train,640,640,JPEG,30116,False,,images346
roboflow_counterfeit_med_detection,roboflow\train\images5041_jpg.rf.c55718502afe182ebad07be839577871.jpg,authentic,train,640,640,JPEG,78857,False,,images5041
roboflow_counterfeit_med_detection,roboflow\train\images206_jpg.rf.c4bc97d78c3f4214214990dfecdc2dc0.jpg,authentic,train,640,640,JPEG,37850,False,,images206
roboflow_counterfeit_med_detection,roboflow\train\images5030_jpg.rf.c568907115f513c6d8b9580266cd7358.jpg,authentic,train,640,640,JPEG,33827,False,,images5030
roboflow_counterfeit_med_detection,roboflow\train\images5035_jpg.rf.c5a3a57738758bb4799d1465dc05c9e0.jpg,authentic,train,640,640,JPEG,35283,False,,images5035
roboflow_counterfeit_med_detection,roboflow\train\images339_jpg.rf.c4db6ff30c00f041e74a144941351ae2.jpg,authentic,train,640,640,JPEG,48079,False,,images339
roboflow_counterfeit_med_detection,roboflow\train\images338_jpg.rf.c4fde0a9ffeea97c2665dc6973731a74.jpg,authentic,train,640,640,JPEG,42579,False,,images338
roboflow_counterfeit_med_detection,roboflow\train\images4045_jpg.rf.c5022e74fe353f20c8ec960a0cb43043.jpg,authentic,train,640,640,JPEG,44094,False,,images4045
roboflow_counterfeit_med_detection,roboflow\train\images346_jpg.rf.c4f3ff27c7110a63c2f54820e39ca6ff.jpg,authentic,train,640,640,JPEG,23757,False,,images346
roboflow_counterfeit_med_detection,roboflow\train\images31_jpg.rf.c59e5cb6c753fd87490e44faeff7e0a0.jpg,authentic,train,640,640,JPEG,43414,False,,images31
roboflow_counterfeit_med_detection,roboflow\train\images314_jpg.rf.c57a075722239cde667963feed4902dd.jpg,authentic,train,640,640,JPEG,44177,False,,images314
roboflow_counterfeit_med_detection,roboflow\train\images260_jpg.rf.c5ac1a3cdc3191f93edf88a8466e7a27.jpg,authentic,train,640,640,JPEG,39551,False,,images260
roboflow_counterfeit_med_detection,roboflow\train\images311_jpg.rf.c5b37250d2f18149899caebe40ef3aec.jpg,authentic,train,640,640,JPEG,47879,False,,images311
roboflow_counterfeit_med_detection,roboflow\train\images301_jpg.rf.869efa703467ee2e398ff66c022f6307.jpg,authentic,train,640,640,JPEG,33590,False,,images301
roboflow_counterfeit_med_detection,roboflow\train\images13_jpg.rf.85ed235cb6ff8cc231157f5f5662e638.jpg,authentic,train,640,640,JPEG,22379,False,,images13
roboflow_counterfeit_med_detection,roboflow\train\images11_jpg.rf.865ddbc9c869ea2989bd51e88401707d.jpg,authentic,train,640,640,JPEG,53981,False,,images11
roboflow_counterfeit_med_detection,roboflow\train\images01_jpg.rf.85d05e7e6d4f6eedf1daaa07ceed16cd.jpg,authentic,train,640,640,JPEG,41738,False,,images01
roboflow_counterfeit_med_detection,roboflow\train\FDA-Advisory-No-2022-0611-9_png.rf.86c39a9f6812c4cfb6902d63a0b51ddd.jpg,authentic,train,640,640,JPEG,53050,True,bulletin_graphic_with_baked_in_label_text,FDA-Advisory-No-2022-0611-9
roboflow_counterfeit_med_detection,roboflow\train\images5098_jpg.rf.8639061f1d8722cb542e89841e470b61.jpg,authentic,train,640,640,JPEG,71981,False,,images5098
roboflow_counterfeit_med_detection,roboflow\train\FDA-Advisory-No-2022-0611-35_png.rf.86fc79ec99533c78b4089ee1b1912bbb.jpg,authentic,train,640,640,JPEG,47144,True,bulletin_graphic_with_baked_in_label_text,FDA-Advisory-No-2022-0611-35
roboflow_counterfeit_med_detection,roboflow\train\images4060_jpg.rf.858642828a875755c3e7ea3f6c142c77.jpg,authentic,train,640,640,JPEG,55134,False,,images4060
roboflow_counterfeit_med_detection,roboflow\train\images340_jpg.rf.8701a860ec3f0a656fbf0518783497bc.jpg,authentic,train,640,640,JPEG,31941,False,,images340
roboflow_counterfeit_med_detection,roboflow\train\images347_jpg.rf.868076cd20b6213d5fa29ce338b00a7c.jpg,authentic,train,640,640,JPEG,30404,False,,images347
roboflow_counterfeit_med_detection,roboflow\train\images262_jpg.rf.861cab206f9a3dd1406b461a2fde47ed.jpg,authentic,train,640,640,JPEG,32274,False,,images262
roboflow_counterfeit_med_detection,roboflow\train\images05_jpg.rf.86499703d20002ed800e06a8cafa776e.jpg,authentic,train,640,640,JPEG,23145,False,,images05
roboflow_counterfeit_med_detection,roboflow\train\images263_jpg.rf.86a3a045168759f8820d7f0ad74154b5.jpg,authentic,train,640,640,JPEG,33286,False,,images263
roboflow_counterfeit_med_detection,roboflow\train\images232_jpg.rf.85c99ad1d928a7df2563e09312e3fa71.jpg,authentic,train,640,640,JPEG,49140,False,,images232
roboflow_counterfeit_med_detection,roboflow\train\images4064_jpg.rf.8707851fc3758f24d3d63840111ace30.jpg,authentic,train,640,640,JPEG,30050,False,,images4064
roboflow_counterfeit_med_detection,roboflow\train\images37_jpg.rf.863f75c5c4acd86699c8631a92b9dbd5.jpg,authentic,train,640,640,JPEG,33393,False,,images37
roboflow_counterfeit_med_detection,roboflow\train\images38_jpg.rf.871d4b98b581cb0bf773992351a5f9c2.jpg,authentic,train,640,640,JPEG,45167,False,,images38
roboflow_counterfeit_med_detection,roboflow\train\images5063_jpg.rf.8612ad959b1a5432bf9bba5f165e4cc8.jpg,authentic,train,640,640,JPEG,22617,False,,images5063
roboflow_counterfeit_med_detection,roboflow\train\images5058_jpg.rf.86bcae13747dab91216e74fd714e2a71.jpg,authentic,train,640,640,JPEG,84738,False,,images5058
roboflow_counterfeit_med_detection,roboflow\train\images226_jpg.rf.868725eb08a64265a06643b20945db37.jpg,authentic,train,640,640,JPEG,32710,False,,images226
roboflow_counterfeit_med_detection,roboflow\train\images5112_jpg.rf.8681f6f33490d55c77dbc1431b12c7ee.jpg,authentic,train,640,640,JPEG,46772,False,,images5112
roboflow_counterfeit_med_detection,roboflow\train\images21_jpg.rf.85c37307a3634b2c1eeb4a1b50f49542.jpg,authentic,train,640,640,JPEG,34849,False,,images21
roboflow_counterfeit_med_detection,roboflow\train\images5041_jpg.rf.8758e0374d07c12f0aadf634bad32667.jpg,authentic,train,640,640,JPEG,77699,False,,images5041
roboflow_counterfeit_med_detection,roboflow\train\images5045_jpg.rf.8683761b29a09cd9b1530884ba5cc088.jpg,authentic,train,640,640,JPEG,44577,False,,images5045
roboflow_counterfeit_med_detection,roboflow\train\images09_jpg.rf.8615de273b7d5780e6d87829d464d169.jpg,authentic,train,640,640,JPEG,42453,False,,images09
roboflow_counterfeit_med_detection,roboflow\train\images5046_jpg.rf.872792617e90505731b12174f09ebd0d.jpg,authentic,train,640,640,JPEG,42031,False,,images5046
roboflow_counterfeit_med_detection,roboflow\train\images5085_jpg.rf.85fa4d1560e60f5114bf5049228c2904.jpg,authentic,train,640,640,JPEG,44267,False,,images5085
roboflow_counterfeit_med_detection,roboflow\train\images352_jpg.rf.8719f832c98271a76c696563648b9932.jpg,authentic,train,640,640,JPEG,45370,False,,images352
roboflow_counterfeit_med_detection,roboflow\train\images5044_jpg.rf.860e072d377fb51eb9b816f339ca386a.jpg,authentic,train,640,640,JPEG,45779,False,,images5044
roboflow_counterfeit_med_detection,roboflow\train\images264_jpg.rf.876c82a0fa35597a2ca00f4ed25fbc9f.jpg,authentic,train,640,640,JPEG,21009,False,,images264
roboflow_counterfeit_med_detection,roboflow\train\images4063_jpg.rf.876e3aad3d80a7167a7e09b6ba57be82.jpg,authentic,train,640,640,JPEG,17814,False,,images4063
roboflow_counterfeit_med_detection,roboflow\train\images5030_jpg.rf.8770ec0a48c8e34d8278f474b6c9db01.jpg,authentic,train,640,640,JPEG,33116,False,,images5030
roboflow_counterfeit_med_detection,roboflow\train\images5023_jpg.rf.876e2374c30349f0fddd4dc06474f8fe.jpg,authentic,train,640,640,JPEG,28692,False,,images5023
roboflow_counterfeit_med_detection,roboflow\train\images283_jpg.rf.8760b58e045e9176c235139338acd664.jpg,authentic,train,640,640,JPEG,58254,False,,images283
roboflow_counterfeit_med_detection,roboflow\train\images208_jpg.rf.877a35323ace2f370f1c1d77479b2c20.jpg,authentic,train,640,640,JPEG,55579,False,,images208
roboflow_counterfeit_med_detection,roboflow\train\images5126_jpg.rf.8779e1ccf677d42344e84d26061288e6.jpg,authentic,train,640,640,JPEG,40518,False,,images5126
roboflow_counterfeit_med_detection,roboflow\train\images5117_jpg.rf.8795328ff1820798bc7d8962bfd7bd0d.jpg,authentic,train,640,640,JPEG,64241,False,,images5117
roboflow_counterfeit_med_detection,roboflow\train\images11_jpg.rf.879a5af7f341a094500c2615f161d77d.jpg,authentic,train,640,640,JPEG,51831,False,,images11
roboflow_counterfeit_med_detection,roboflow\train\images262_jpg.rf.87b16b5becc8792668bbed6f3748cb6f.jpg,authentic,train,640,640,JPEG,31856,False,,images262
roboflow_counterfeit_med_detection,roboflow\train\images4065_jpg.rf.87c4c518c98f403d945ef43d5bf32e01.jpg,authentic,train,640,640,JPEG,14819,False,,images4065
roboflow_counterfeit_med_detection,roboflow\train\images226_jpg.rf.87e6d5be635148fa4b1d16133d2b76d9.jpg,authentic,train,640,640,JPEG,32556,False,,images226
roboflow_counterfeit_med_detection,roboflow\train\images31_jpg.rf.8863fee701f9aa9f4b8ca0b77bd2d31e.jpg,authentic,train,640,640,JPEG,30533,False,,images31
roboflow_counterfeit_med_detection,roboflow\train\images302_jpg.rf.88c4040d95ec8f7ffa031d110efc911f.jpg,authentic,train,640,640,JPEG,44588,False,,images302
roboflow_counterfeit_med_detection,roboflow\train\images222_jpg.rf.886d08e4e4dd3d76d9932d3bc06c750c.jpg,authentic,train,640,640,JPEG,42335,False,,images222
roboflow_counterfeit_med_detection,roboflow\train\images4061_jpg.rf.8808b1fc8c431d81593eda77a1ee625a.jpg,authentic,train,640,640,JPEG,22506,False,,images4061
roboflow_counterfeit_med_detection,roboflow\train\images5044_jpg.rf.88a76dff28178a28b2f80b3ac904bdd4.jpg,authentic,train,640,640,JPEG,63977,False,,images5044
roboflow_counterfeit_med_detection,roboflow\train\images214_jpg.rf.881c3bb7e57f7436b51a439d8b888ea4.jpg,authentic,train,640,640,JPEG,34671,False,,images214
roboflow_counterfeit_med_detection,roboflow\train\images4044_jpg.rf.88344e7130d6713ee1229dca302b3fbd.jpg,authentic,train,640,640,JPEG,63762,False,,images4044
roboflow_counterfeit_med_detection,roboflow\train\images09_jpg.rf.88c59f90d044a8432bf672f7123bcffe.jpg,authentic,train,640,640,JPEG,46627,False,,images09
roboflow_counterfeit_med_detection,roboflow\train\images212_jpg.rf.88f5735882e6290a5b09fbe352acac51.jpg,authentic,train,640,640,JPEG,33170,False,,images212
roboflow_counterfeit_med_detection,roboflow\train\images4085_jpg.rf.8806be0a0f400c6ed7b3cf9ae28c43c1.jpg,authentic,train,640,640,JPEG,52320,False,,images4085
roboflow_counterfeit_med_detection,roboflow\train\images5114_jpg.rf.891953ae9322413d6a8334d49ad739af.jpg,authentic,train,640,640,JPEG,30923,False,,images5114
roboflow_counterfeit_med_detection,roboflow\train\images5090_jpg.rf.89342f149e39f936e317227ab11e51b5.jpg,authentic,train,640,640,JPEG,27251,False,,images5090
roboflow_counterfeit_med_detection,roboflow\train\images5069_jpg.rf.87eb295fd00d18244bc5690874eeb09f.jpg,authentic,train,640,640,JPEG,70856,False,,images5069
roboflow_counterfeit_med_detection,roboflow\train\images339_jpg.rf.89251519a87d4a4f8382b3f00bc02831.jpg,authentic,train,640,640,JPEG,40168,False,,images339
roboflow_counterfeit_med_detection,roboflow\train\images4040_jpg.rf.894c5f3ea8c585716002b702ba378e8a.jpg,authentic,train,640,640,JPEG,70403,False,,images4040
roboflow_counterfeit_med_detection,roboflow\train\images227_jpg.rf.890ed45e7b4f41f56276a480334bba48.jpg,authentic,train,640,640,JPEG,24591,False,,images227
roboflow_counterfeit_med_detection,roboflow\train\images263_jpg.rf.8921e37b0fb1e29ac67fd27d0a9b1a37.jpg,authentic,train,640,640,JPEG,37310,False,,images263
roboflow_counterfeit_med_detection,roboflow\train\images340_jpg.rf.89742bb64623be9617e27d797a089f5b.jpg,authentic,train,640,640,JPEG,38711,False,,images340
roboflow_counterfeit_med_detection,roboflow\train\images320_jpg.rf.892e3211c2f1e75b5beacd2ba19b68e8.jpg,authentic,train,640,640,JPEG,42477,False,,images320
roboflow_counterfeit_med_detection,roboflow\train\images4029_jpg.rf.893528b2cdad2ae50752d0aa54bf72cf.jpg,authentic,train,640,640,JPEG,69454,False,,images4029
roboflow_counterfeit_med_detection,roboflow\train\images4085_jpg.rf.896f0987ef8bed14aa49c3a30841c9d3.jpg,authentic,train,640,640,JPEG,67333,False,,images4085
roboflow_counterfeit_med_detection,roboflow\train\images241_jpg.rf.89868553452eb7758c8e54c955228543.jpg,authentic,train,640,640,JPEG,57239,False,,images241
roboflow_counterfeit_med_detection,roboflow\train\images5023_jpg.rf.893b27856d8e5a1f0f3a326af91e52d6.jpg,authentic,train,640,640,JPEG,33251,False,,images5023
roboflow_counterfeit_med_detection,roboflow\train\images36_jpg.rf.898aaa85dc5b22220755557cf59f9ebd.jpg,authentic,train,640,640,JPEG,34482,False,,images36
roboflow_counterfeit_med_detection,roboflow\train\images4060_jpg.rf.8960d9ffa0d6d005a5e019f7c09c4151.jpg,authentic,train,640,640,JPEG,55700,False,,images4060
roboflow_counterfeit_med_detection,roboflow\train\images5117_jpg.rf.89c337865de7d4b426bcec76de8bd379.jpg,authentic,train,640,640,JPEG,75037,False,,images5117
roboflow_counterfeit_med_detection,roboflow\train\images07_jpg.rf.89e47ee0b3f174b83703f9a1ad28f01e.jpg,authentic,train,640,640,JPEG,74713,False,,images07
roboflow_counterfeit_med_detection,roboflow\train\images310_jpg.rf.89f3653a8e683919220bbcaa826c35c1.jpg,authentic,train,640,640,JPEG,46059,False,,images310
roboflow_counterfeit_med_detection,roboflow\train\images4048_jpg.rf.89cb7bf7c0c1facd0c4e3e42eb0f3e28.jpg,authentic,train,640,640,JPEG,34868,False,,images4048
roboflow_counterfeit_med_detection,roboflow\train\images346_jpg.rf.8a2a6f36bb292651c3c7503a5605c21a.jpg,authentic,train,640,640,JPEG,28281,False,,images346
roboflow_counterfeit_med_detection,roboflow\train\images301_jpg.rf.89bf5b8b2977046df065287895b0ec2c.jpg,authentic,train,640,640,JPEG,36596,False,,images301
roboflow_counterfeit_med_detection,roboflow\train\images263_jpg.rf.898e6f329c11d06f823b0936da97efee.jpg,authentic,train,640,640,JPEG,40893,False,,images263
roboflow_counterfeit_med_detection,roboflow\train\FDA-Advisory-No-2022-0611-31_png.rf.89516a73c7e70b732ebe575a6bc936a5.jpg,authentic,train,640,640,JPEG,47758,True,bulletin_graphic_with_baked_in_label_text,FDA-Advisory-No-2022-0611-31
roboflow_counterfeit_med_detection,roboflow\train\images338_jpg.rf.8a544b370143b6dcbc339f099f704534.jpg,authentic,train,640,640,JPEG,39384,False,,images338
roboflow_counterfeit_med_detection,roboflow\train\fake-buscopan-2048x1150_jpg.rf.89ea0832efe38a88dfdb529a5b8a9817.jpg,counterfeit,train,640,640,JPEG,42799,True,bulletin_graphic_with_baked_in_label_text,fake-buscopan-2048x1150
roboflow_counterfeit_med_detection,roboflow\train\images04_jpg.rf.8a43c3f2692c9dbf9ac9eeb41debc311.jpg,authentic,train,640,640,JPEG,25485,False,,images04
roboflow_counterfeit_med_detection,roboflow\train\FDA-Advisory-No-2021-0363-1_png.rf.8a7e6c99032a04cb268e1c0519cdaabe.jpg,counterfeit,train,640,640,JPEG,56635,True,bulletin_graphic_with_baked_in_label_text,FDA-Advisory-No-2021-0363-1
roboflow_counterfeit_med_detection,roboflow\train\images307_jpg.rf.8a5975af4b59ec2e8385cd9498b07021.jpg,authentic,train,640,640,JPEG,25360,False,,images307
roboflow_counterfeit_med_detection,roboflow\train\images15_jpg.rf.8a61ea51208b7a1cd480fe85f14b63b7.jpg,authentic,train,640,640,JPEG,35200,False,,images15
roboflow_counterfeit_med_detection,roboflow\train\images4095_jpg.rf.8ad5891d5ab3a2e0ef496fae568d534f.jpg,authentic,train,640,640,JPEG,38022,False,,images4095
roboflow_counterfeit_med_detection,roboflow\train\images4048_jpg.rf.8ad57db3ba1c00abcec9ceedc93251ee.jpg,authentic,train,640,640,JPEG,34868,False,,images4048
roboflow_counterfeit_med_detection,roboflow\train\images5112_jpg.rf.8aed0ff2474bf2d746fc85b5b6f4ef9d.jpg,authentic,train,640,640,JPEG,37925,False,,images5112
roboflow_counterfeit_med_detection,roboflow\train\images4048_jpg.rf.8b023ce8e2e383c6164f377cc4a75bd0.jpg,authentic,train,640,640,JPEG,35765,False,,images4048
roboflow_counterfeit_med_detection,roboflow\train\images4031_jpg.rf.8aaf7b87c15179d79f97cf6989c46803.jpg,authentic,train,640,640,JPEG,43673,False,,images4031
roboflow_counterfeit_med_detection,roboflow\train\images11_jpg.rf.8b0f032c1dc0227f66d6649fa6062671.jpg,authentic,train,640,640,JPEG,61494,False,,images11
roboflow_counterfeit_med_detection,roboflow\train\images5127_jpg.rf.8a85284f5cc4571c1b9a8e8a805d6230.jpg,authentic,train,640,640,JPEG,55277,False,,images5127
roboflow_counterfeit_med_detection,roboflow\train\images5085_jpg.rf.8aee912580a1bd2e39276e415b39063c.jpg,authentic,train,640,640,JPEG,55003,False,,images5085
roboflow_counterfeit_med_detection,roboflow\train\images210_jpg.rf.8b347fdbeb8d42b8b280b4ee528fec2a.jpg,authentic,train,640,640,JPEG,36648,False,,images210
roboflow_counterfeit_med_detection,roboflow\train\images07_jpg.rf.8b4addc215933d177f419e820469ec19.jpg,authentic,train,640,640,JPEG,81452,False,,images07
roboflow_counterfeit_med_detection,roboflow\train\images351_jpg.rf.8b23e0382f08970e4b96333cca9dce03.jpg,authentic,train,640,640,JPEG,50178,False,,images351
roboflow_counterfeit_med_detection,roboflow\train\images227_jpg.rf.8b5c5f481ddb58aef67fa2e2df197754.jpg,authentic,train,640,640,JPEG,27963,False,,images227
roboflow_counterfeit_med_detection,roboflow\train\images352_jpg.rf.8b4471813849f39ccb2fb7fb35a5e428.jpg,authentic,train,640,640,JPEG,40159,False,,images352
roboflow_counterfeit_med_detection,roboflow\train\images35_jpg.rf.8b6cfb341dcc7aecf4bc326954cafd52.jpg,authentic,train,640,640,JPEG,43631,False,,images35
roboflow_counterfeit_med_detection,roboflow\train\Authentic-vs-fake-Medicol-Advance-2048x1150_jpg.rf.8b481afcbadfcfff10a84f061f7db88b.jpg,ambiguous,train,640,640,JPEG,83965,True,dual_label_contradiction,Authentic-vs-fake-Medicol-Advance-2048x1150
roboflow_counterfeit_med_detection,roboflow\train\images21_jpg.rf.8b50eec1d6ff0613f4de74ff2812ae82.jpg,authentic,train,640,640,JPEG,39937,False,,images21
roboflow_counterfeit_med_detection,roboflow\train\images5031_jpg.rf.8b97b32365730e047cd4c4ea53a83867.jpg,authentic,train,640,640,JPEG,35078,False,,images5031
roboflow_counterfeit_med_detection,roboflow\train\images264_jpg.rf.8b713c17d2a8d5acb5a98c58fe17e4f7.jpg,authentic,train,640,640,JPEG,21212,False,,images264
roboflow_counterfeit_med_detection,roboflow\train\images4033_jpg.rf.8b7559bc930192c115f46418fcb116a1.jpg,authentic,train,640,640,JPEG,75385,False,,images4033
roboflow_counterfeit_med_detection,roboflow\train\images5103_jpg.rf.8bcc0426148da253e23a11082eab0973.jpg,authentic,train,640,640,JPEG,27983,False,,images5103
roboflow_counterfeit_med_detection,roboflow\train\images335_jpg.rf.8b983df84cf506683ace119bed5d5f4c.jpg,authentic,train,640,640,JPEG,38530,False,,images335
roboflow_counterfeit_med_detection,roboflow\train\images4042_jpg.rf.8bc943825b5b5a848745a733c76918b5.jpg,authentic,train,640,640,JPEG,43086,False,,images4042
roboflow_counterfeit_med_detection,roboflow\train\images4033_jpg.rf.8be04bfd7dcc7c37a8a25fde8b185def.jpg,authentic,train,640,640,JPEG,70191,False,,images4033
roboflow_counterfeit_med_detection,roboflow\train\images4033_jpg.rf.8bdec93401f5ce72ccb741e655e678d7.jpg,authentic,train,640,640,JPEG,45982,False,,images4033
roboflow_counterfeit_med_detection,roboflow\train\images05_jpg.rf.8b88adbf50b6122db28edc61829df8f0.jpg,authentic,train,640,640,JPEG,24274,False,,images05
roboflow_counterfeit_med_detection,roboflow\train\images347_jpg.rf.8bed60edbd58c7950ff7337c9da30154.jpg,authentic,train,640,640,JPEG,27823,False,,images347
roboflow_counterfeit_med_detection,roboflow\train\images5097_jpg.rf.8c54dbdb61f40106c98cd3e5d6219747.jpg,authentic,train,640,640,JPEG,22305,False,,images5097
roboflow_counterfeit_med_detection,roboflow\train\images5096_jpg.rf.8ba17a4b68fb036abb5e750dd6f5ff85.jpg,authentic,train,640,640,JPEG,52126,False,,images5096
roboflow_counterfeit_med_detection,roboflow\train\images225_jpg.rf.8c31f9989ddc73a2551b60a37710c9ce.jpg,authentic,train,640,640,JPEG,50428,False,,images225
roboflow_counterfeit_med_detection,roboflow\train\images4046_jpg.rf.8c4e06e976bc99ac710f89d66487200a.jpg,authentic,train,640,640,JPEG,97116,False,,images4046
roboflow_counterfeit_med_detection,roboflow\train\images5110_jpg.rf.8bcc85e7ab6765b9bde4a5d7980a993e.jpg,authentic,train,640,640,JPEG,12619,False,,images5110
roboflow_counterfeit_med_detection,roboflow\train\images4042_jpg.rf.8c6f81bc4e1745081b06f9bef2ffb864.jpg,authentic,train,640,640,JPEG,33180,False,,images4042
roboflow_counterfeit_med_detection,roboflow\train\FAKENEOZEP-AA_jpg.rf.8c5c808905511f0dd836caeaffa7cde3.jpg,ambiguous,train,640,640,JPEG,66011,True,dual_label_contradiction,FAKENEOZEP-AA
roboflow_counterfeit_med_detection,roboflow\train\images4094_jpg.rf.8bdab80f9791189e850633cc44a11e35.jpg,authentic,train,640,640,JPEG,23958,False,,images4094
roboflow_counterfeit_med_detection,roboflow\train\images242_jpg.rf.8ca1b60ca50af4c8be30402ede846f05.jpg,authentic,train,640,640,JPEG,46146,False,,images242
roboflow_counterfeit_med_detection,roboflow\train\images5044_jpg.rf.8c9a58b86201e88ae48c2fdf6674493b.jpg,authentic,train,640,640,JPEG,59323,False,,images5044
roboflow_counterfeit_med_detection,roboflow\train\images5059_jpg.rf.8c6372c91b7006866f9bb101b4ff4b19.jpg,authentic,train,640,640,JPEG,39474,False,,images5059
roboflow_counterfeit_med_detection,roboflow\train\images4082_jpg.rf.8cbb69e484e35fd5f60bd5f7af306a15.jpg,authentic,train,640,640,JPEG,34722,False,,images4082
roboflow_counterfeit_med_detection,roboflow\train\images4042_jpg.rf.8c7ebe4d0092c827dad05195678da31f.jpg,authentic,train,640,640,JPEG,47711,False,,images4042
roboflow_counterfeit_med_detection,roboflow\train\images5052_jpg.rf.8ce003b68ea64b9f883fd3e811b32872.jpg,authentic,train,640,640,JPEG,66326,False,,images5052
roboflow_counterfeit_med_detection,roboflow\train\images08_jpg.rf.8cf374b38893fa28dc90451cefb27914.jpg,authentic,train,640,640,JPEG,52552,False,,images08
roboflow_counterfeit_med_detection,roboflow\train\images228_jpg.rf.8cd49f3210766e594740d4d3e14b397e.jpg,authentic,train,640,640,JPEG,26526,False,,images228
roboflow_counterfeit_med_detection,roboflow\train\images241_jpg.rf.8ccfb71f12c2c9ba9044765481c98167.jpg,authentic,train,640,640,JPEG,53596,False,,images241
roboflow_counterfeit_med_detection,roboflow\train\images265_jpg.rf.8c9f90c789824efcefb1ca0dbbde8c37.jpg,authentic,train,640,640,JPEG,50306,False,,images265
roboflow_counterfeit_med_detection,roboflow\train\images38_jpg.rf.8cd3755b679fbed796a3a08b4532dcc1.jpg,authentic,train,640,640,JPEG,50245,False,,images38
roboflow_counterfeit_med_detection,roboflow\train\images316_jpg.rf.8c97e170c3550d75dd08320c4b96ca83.jpg,authentic,train,640,640,JPEG,39011,False,,images316
roboflow_counterfeit_med_detection,roboflow\train\images21_jpg.rf.8c9d1329b8bd9fe8891c44dac1292e9a.jpg,authentic,train,640,640,JPEG,39331,False,,images21
roboflow_counterfeit_med_detection,roboflow\train\images5030_jpg.rf.8d017893cb4c04133afdd021fe049abc.jpg,authentic,train,640,640,JPEG,34799,False,,images5030
roboflow_counterfeit_med_detection,roboflow\train\images303_jpg.rf.8d0c04abc491e23973d0f845e053a39d.jpg,authentic,train,640,640,JPEG,57184,False,,images303
roboflow_counterfeit_med_detection,roboflow\train\images35_jpg.rf.8d1c54b2ac361459c10f4a23e5833552.jpg,authentic,train,640,640,JPEG,41666,False,,images35
roboflow_counterfeit_med_detection,roboflow\train\images5126_jpg.rf.8d14b037ace49ef0e158cc5fc9fb226c.jpg,authentic,train,640,640,JPEG,39968,False,,images5126
roboflow_counterfeit_med_detection,roboflow\train\images213_jpg.rf.8ce33eec6f0572abf9954f890006599e.jpg,authentic,train,640,640,JPEG,52257,False,,images213
roboflow_counterfeit_med_detection,roboflow\train\images5034_jpg.rf.8d746083211394136ae32bfe6f25f463.jpg,authentic,train,640,640,JPEG,43212,False,,images5034
roboflow_counterfeit_med_detection,roboflow\train\FDA-Advisory-No-2022-0611-30_png.rf.8d4ac102bbd468b6cac08635ac1d97f7.jpg,counterfeit,train,640,640,JPEG,55659,True,bulletin_graphic_with_baked_in_label_text,FDA-Advisory-No-2022-0611-30
roboflow_counterfeit_med_detection,roboflow\train\images4060_jpg.rf.8d78f23fa0ff97ddda17052c51b8941f.jpg,authentic,train,640,640,JPEG,64191,False,,images4060
roboflow_counterfeit_med_detection,roboflow\train\images5067_jpg.rf.8e4ccceff664a76018f88985aaa2af2f.jpg,authentic,train,640,640,JPEG,33783,False,,images5067
roboflow_counterfeit_med_detection,roboflow\train\images4067_jpg.rf.8d47f55a474f4b1a21b31417a2d8f526.jpg,authentic,train,640,640,JPEG,42949,False,,images4067
roboflow_counterfeit_med_detection,roboflow\train\images4038_jpg.rf.8e3131160dfe6c9380e81d0556df5c21.jpg,authentic,train,640,640,JPEG,45720,False,,images4038
roboflow_counterfeit_med_detection,roboflow\train\images213_jpg.rf.8e39d4d0d9fc4471a0748fe1d97fdc45.jpg,authentic,train,640,640,JPEG,42324,False,,images213
roboflow_counterfeit_med_detection,roboflow\train\images4054_jpg.rf.8e26db9d0a8f7d652e710d57edea1bfe.jpg,authentic,train,640,640,JPEG,73781,False,,images4054
roboflow_counterfeit_med_detection,roboflow\train\images4045_jpg.rf.8d7c6e03183417b895adc8a2df646256.jpg,authentic,train,640,640,JPEG,34101,False,,images4045
roboflow_counterfeit_med_detection,roboflow\train\images335_jpg.rf.8d4758b8cd158d92d6bfdacaea68d7ab.jpg,authentic,train,640,640,JPEG,44022,False,,images335
roboflow_counterfeit_med_detection,roboflow\train\images4031_jpg.rf.8dddfb3eaf8cd3eccec3422ff01cc270.jpg,authentic,train,640,640,JPEG,29671,False,,images4031
roboflow_counterfeit_med_detection,roboflow\train\images240_jpg.rf.8e656f2757ff987e33e4d187049d04e5.jpg,authentic,train,640,640,JPEG,54564,False,,images240
roboflow_counterfeit_med_detection,roboflow\train\images342_jpg.rf.8db501239e7cc77d79da21f369cd3a5c.jpg,authentic,train,640,640,JPEG,25014,False,,images342
roboflow_counterfeit_med_detection,roboflow\train\images240_jpg.rf.8e36731a904d4795de8b6484c8796cd6.jpg,authentic,train,640,640,JPEG,50874,False,,images240
roboflow_counterfeit_med_detection,roboflow\train\images4029_jpg.rf.8e7a30e7dc6bcdee63c3e2aad0de4df6.jpg,authentic,train,640,640,JPEG,75450,False,,images4029
roboflow_counterfeit_med_detection,roboflow\train\images5095_jpg.rf.8ec0282f9fce179ef439d50922be5831.jpg,authentic,train,640,640,JPEG,38499,False,,images5095
roboflow_counterfeit_med_detection,roboflow\train\images36_jpg.rf.8ecbb1e5d0ea28d522db0439813370f4.jpg,authentic,train,640,640,JPEG,31344,False,,images36
roboflow_counterfeit_med_detection,roboflow\train\images05_jpg.rf.8e6e66c0009cf5aa9e473c175c620398.jpg,authentic,train,640,640,JPEG,26480,False,,images05
roboflow_counterfeit_med_detection,roboflow\train\images209_jpg.rf.8e6658a95952891e450521d3bda7c300.jpg,authentic,train,640,640,JPEG,40566,False,,images209
roboflow_counterfeit_med_detection,roboflow\train\images36_jpg.rf.8e63619e990bb2bcb9f1e5bd24258d44.jpg,authentic,train,640,640,JPEG,33469,False,,images36
roboflow_counterfeit_med_detection,roboflow\train\images209_jpg.rf.8e4c4230e6370de21434e4c6ea6dc8be.jpg,authentic,train,640,640,JPEG,40973,False,,images209
roboflow_counterfeit_med_detection,roboflow\train\images5071_jpg.rf.8ea6ccc9c55ea3d6ddceeddad841c3c6.jpg,authentic,train,640,640,JPEG,34335,False,,images5071
roboflow_counterfeit_med_detection,roboflow\train\images5031_jpg.rf.8e3f9e152b8eaab839e56008ad02b3c7.jpg,authentic,train,640,640,JPEG,38274,False,,images5031
roboflow_counterfeit_med_detection,roboflow\train\images230_jpg.rf.8ef169d53fb61e73a3df8a2b31ec64cd.jpg,authentic,train,640,640,JPEG,45965,False,,images230
roboflow_counterfeit_med_detection,roboflow\train\images4093_jpg.rf.8f45b36a75616a7b62f9629f23e97220.jpg,authentic,train,640,640,JPEG,40901,False,,images4093
roboflow_counterfeit_med_detection,roboflow\train\images252_jpg.rf.8f10c1e77ce8565887ce93e300b93343.jpg,authentic,train,640,640,JPEG,66900,False,,images252
roboflow_counterfeit_med_detection,roboflow\train\images5064_jpg.rf.8f744992144f92869dee5c7c30bf87e3.jpg,authentic,train,640,640,JPEG,51125,False,,images5064
roboflow_counterfeit_med_detection,roboflow\train\images4054_jpg.rf.8f62f3b19f7d00f0cc1fe238944ce998.jpg,authentic,train,640,640,JPEG,60151,False,,images4054
roboflow_counterfeit_med_detection,roboflow\train\images4081_jpg.rf.8f9ccf8d8ffc97f51b1f357ce983dd3a.jpg,authentic,train,640,640,JPEG,39967,False,,images4081
roboflow_counterfeit_med_detection,roboflow\train\images314_jpg.rf.8eb368577a849c410b69f9c917fe8655.jpg,authentic,train,640,640,JPEG,44370,False,,images314
roboflow_counterfeit_med_detection,roboflow\train\maxresdefault_jpg.rf.8f9aba9c234bcbde8bbc864cec4669b5.jpg,ambiguous,train,640,640,JPEG,84178,True,dual_label_contradiction,maxresdefault
roboflow_counterfeit_med_detection,roboflow\train\images46_jpg.rf.8fd987a142795287d6c652a642a0ae4b.jpg,authentic,train,640,640,JPEG,25461,False,,images46
roboflow_counterfeit_med_detection,roboflow\train\images4085_jpg.rf.8f25276696c36b399536fb4917317694.jpg,authentic,train,640,640,JPEG,52188,False,,images4085
roboflow_counterfeit_med_detection,roboflow\train\images254_jpg.rf.8efc1452f4f7ecef87cbb76b9b37904a.jpg,authentic,train,640,640,JPEG,43157,False,,images254
roboflow_counterfeit_med_detection,roboflow\train\images4033_jpg.rf.8fefb9ce55713aa4162ec213af14eb6d.jpg,authentic,train,640,640,JPEG,61119,False,,images4033
roboflow_counterfeit_med_detection,roboflow\train\images276_jpg.rf.8fa5bbe7de8be7a9abb3cacc720716da.jpg,authentic,train,640,640,JPEG,24684,False,,images276
roboflow_counterfeit_med_detection,roboflow\train\images208_jpg.rf.8fa7b73a4f8edcd39460471dccd3353a.jpg,authentic,train,640,640,JPEG,53981,False,,images208
roboflow_counterfeit_med_detection,roboflow\train\images29_jpg.rf.90076687167585e48f5f8bf3b9d49444.jpg,authentic,train,640,640,JPEG,33592,False,,images29
roboflow_counterfeit_med_detection,roboflow\train\images4038_jpg.rf.8ff13fd8758eb62d8a46095365e5f29a.jpg,authentic,train,640,640,JPEG,53074,False,,images4038
roboflow_counterfeit_med_detection,roboflow\train\images245_jpg.rf.90116d2318eb625472adb3fca6fa1f44.jpg,authentic,train,640,640,JPEG,27827,False,,images245
roboflow_counterfeit_med_detection,roboflow\train\images4065_jpg.rf.8fe3dc6b5db114e5d6ec4a5452f8378f.jpg,authentic,train,640,640,JPEG,18578,False,,images4065
roboflow_counterfeit_med_detection,roboflow\train\images07_jpg.rf.8fa1922f735ce4bae5728fb32db1318a.jpg,authentic,train,640,640,JPEG,73146,False,,images07
roboflow_counterfeit_med_detection,roboflow\train\images302_jpg.rf.9057b8982e0841a987847937788a5142.jpg,authentic,train,640,640,JPEG,43041,False,,images302
roboflow_counterfeit_med_detection,roboflow\train\images4033_jpg.rf.9071444ed303ad570347c64efa34506c.jpg,authentic,train,640,640,JPEG,62353,False,,images4033
roboflow_counterfeit_med_detection,roboflow\train\images4031_jpg.rf.903d9edd21779e264a45f3e8b10d3807.jpg,authentic,train,640,640,JPEG,37785,False,,images4031
roboflow_counterfeit_med_detection,roboflow\train\images4082_jpg.rf.905a3a9862a202f4e62841f639a7fe46.jpg,authentic,train,640,640,JPEG,39030,False,,images4082
roboflow_counterfeit_med_detection,roboflow\train\images268_jpg.rf.905441f23d9acbee4a12ec6fc7216616.jpg,authentic,train,640,640,JPEG,48501,False,,images268
roboflow_counterfeit_med_detection,roboflow\train\2020-1348_29-1-_jpg.rf.9073c452eb726c65df14c797a717f985.jpg,counterfeit,train,640,640,JPEG,69452,True,bulletin_graphic_with_baked_in_label_text,2020-1348_29-1-
roboflow_counterfeit_med_detection,roboflow\train\images5104_jpg.rf.90773dd84820fa4a4dc309e89427d328.jpg,authentic,train,640,640,JPEG,50568,False,,images5104
roboflow_counterfeit_med_detection,roboflow\train\images15_jpg.rf.8f9f6e18b94f3a8e6f9d530e1c0d4d1d.jpg,authentic,train,640,640,JPEG,35736,False,,images15
roboflow_counterfeit_med_detection,roboflow\train\images36_jpg.rf.90a363163f8bba1916482100c7627ab8.jpg,authentic,train,640,640,JPEG,32543,False,,images36
roboflow_counterfeit_med_detection,roboflow\train\images349_jpg.rf.900258c60c71fed18bd6830476afb558.jpg,authentic,train,640,640,JPEG,47614,False,,images349
roboflow_counterfeit_med_detection,roboflow\train\images302_jpg.rf.90874c50fca0318d2bbcc7271e147ff3.jpg,authentic,train,640,640,JPEG,41760,False,,images302
roboflow_counterfeit_med_detection,roboflow\train\images316_jpg.rf.9084d72242a78ac246ebf6c3efddcefd.jpg,authentic,train,640,640,JPEG,35945,False,,images316
roboflow_counterfeit_med_detection,roboflow\train\images4092_jpg.rf.908e2b65c982c04fff9ec7871d36caa5.jpg,authentic,train,640,640,JPEG,30915,False,,images4092
roboflow_counterfeit_med_detection,roboflow\train\images5087_jpg.rf.90885914eee2aa0f30c07848271363b9.jpg,authentic,train,640,640,JPEG,25164,False,,images5087
roboflow_counterfeit_med_detection,roboflow\train\images351_jpg.rf.90ad5ced771f35f602c3fb2b67e84c50.jpg,authentic,train,640,640,JPEG,48586,False,,images351
roboflow_counterfeit_med_detection,roboflow\train\images15_jpg.rf.90a3850b6eac9aec7802515bcebd8751.jpg,authentic,train,640,640,JPEG,33429,False,,images15
roboflow_counterfeit_med_detection,roboflow\train\images4060_jpg.rf.90bb8ac01db88d7afca82759754f899f.jpg,authentic,train,640,640,JPEG,65790,False,,images4060
roboflow_counterfeit_med_detection,roboflow\train\images206_jpg.rf.90b7848a63c39e347d229a4e2200b350.jpg,authentic,train,640,640,JPEG,34608,False,,images206
roboflow_counterfeit_med_detection,roboflow\train\images5126_jpg.rf.90c045aa3b97c54f12b7853d6924afe5.jpg,authentic,train,640,640,JPEG,21405,False,,images5126
roboflow_counterfeit_med_detection,roboflow\train\images08_jpg.rf.90c91a1889621da4b79645034b7a9941.jpg,authentic,train,640,640,JPEG,61171,False,,images08
roboflow_counterfeit_med_detection,roboflow\train\images42_jpg.rf.90df9ed618df91d94ef957f5e5ba1f0f.jpg,authentic,train,640,640,JPEG,44982,False,,images42
roboflow_counterfeit_med_detection,roboflow\train\images5040_jpg.rf.911f428ceb743016033eac77810fcfe1.jpg,authentic,train,640,640,JPEG,91831,False,,images5040
roboflow_counterfeit_med_detection,roboflow\train\images4082_jpg.rf.9167ff29d8116c2a79cc6752de100155.jpg,authentic,train,640,640,JPEG,43443,False,,images4082
roboflow_counterfeit_med_detection,roboflow\train\images5060_jpg.rf.9136a6279364310d2d1e69ffc4b94144.jpg,authentic,train,640,640,JPEG,43206,False,,images5060
roboflow_counterfeit_med_detection,roboflow\train\images352_jpg.rf.90e001e610d8baeab3ac5db0f327ce50.jpg,authentic,train,640,640,JPEG,43407,False,,images352
roboflow_counterfeit_med_detection,roboflow\train\190794092_4121936044529085_8971199346508043266_n_jpg.rf.90c9ad93ff0b3b626b2f0c26b9a8e3b3.jpg,counterfeit,train,640,640,JPEG,53167,True,bulletin_graphic_with_baked_in_label_text,190794092_4121936044529085_8971199346508043266_n
roboflow_counterfeit_med_detection,roboflow\train\images346_jpg.rf.911945423fe08fbff33a66174706f2d0.jpg,authentic,train,640,640,JPEG,26706,False,,images346
roboflow_counterfeit_med_detection,roboflow\train\images232_jpg.rf.910f25067cf87f0d8d833db5d3beef68.jpg,authentic,train,640,640,JPEG,44648,False,,images232
roboflow_counterfeit_med_detection,roboflow\train\images235_jpg.rf.9173db1b6630da143888a36285c1b540.jpg,authentic,train,640,640,JPEG,58147,False,,images235
roboflow_counterfeit_med_detection,roboflow\train\images15_jpg.rf.90d5c312f5c71b44f44cb01ebbd6c9ab.jpg,authentic,train,640,640,JPEG,34110,False,,images15
roboflow_counterfeit_med_detection,roboflow\train\images348_jpg.rf.91c6cac0bc2719d143d397437b42e86f.jpg,authentic,train,640,640,JPEG,35020,False,,images348
roboflow_counterfeit_med_detection,roboflow\train\images4039_jpg.rf.912ea38aa9845109ea92b8776549f741.jpg,authentic,train,640,640,JPEG,63878,False,,images4039
roboflow_counterfeit_med_detection,roboflow\train\images5024_jpg.rf.919dba02242fe542dc8d36c96ce72cae.jpg,authentic,train,640,640,JPEG,55170,False,,images5024
roboflow_counterfeit_med_detection,roboflow\train\FDA-Advisory-No-2021-3535-3_png.rf.91a65bce321bb145f7837147072fdeba.jpg,ambiguous,train,640,640,JPEG,62669,True,dual_label_contradiction,FDA-Advisory-No-2021-3535-3
roboflow_counterfeit_med_detection,roboflow\train\images5113_jpg.rf.91d3a845e32135744f7035f660d10fa2.jpg,authentic,train,640,640,JPEG,39423,False,,images5113
roboflow_counterfeit_med_detection,roboflow\train\images228_jpg.rf.915007da43e27876ef415938678619e1.jpg,authentic,train,640,640,JPEG,25399,False,,images228
roboflow_counterfeit_med_detection,roboflow\train\images4035_jpg.rf.912d752a3aaf6ba1f6a42ef1403cb078.jpg,authentic,train,640,640,JPEG,105026,False,,images4035
roboflow_counterfeit_med_detection,roboflow\train\images5061_jpg.rf.919689427f376b50c253ab3f30b1260f.jpg,authentic,train,640,640,JPEG,34965,False,,images5061
roboflow_counterfeit_med_detection,roboflow\train\images4082_jpg.rf.915afed420dca92becc7acbcc1768d4b.jpg,authentic,train,640,640,JPEG,27779,False,,images4082
roboflow_counterfeit_med_detection,roboflow\train\images212_jpg.rf.91e0c5d843686e5d363e63d2480a8eab.jpg,authentic,train,640,640,JPEG,30406,False,,images212
roboflow_counterfeit_med_detection,roboflow\train\images5107_jpg.rf.91b96fafe8f621eacd4a54eed3949971.jpg,authentic,train,640,640,JPEG,24264,False,,images5107
roboflow_counterfeit_med_detection,roboflow\train\images4087_jpg.rf.91dfa06fd2aff43383894220e6459d97.jpg,authentic,train,640,640,JPEG,36136,False,,images4087
roboflow_counterfeit_med_detection,roboflow\train\images5098_jpg.rf.917745387f17f2d95abcd604d777e427.jpg,authentic,train,640,640,JPEG,71471,False,,images5098
roboflow_counterfeit_med_detection,roboflow\train\images4045_jpg.rf.91b7dedb67979bc4b1e615f6a126afab.jpg,authentic,train,640,640,JPEG,43076,False,,images4045
roboflow_counterfeit_med_detection,roboflow\train\images352_jpg.rf.91e1b4059f2522dd94e7d2c986b0cd32.jpg,authentic,train,640,640,JPEG,39098,False,,images352
roboflow_counterfeit_med_detection,roboflow\train\images242_jpg.rf.914bcaef818e776dcdedfdf718612e82.jpg,authentic,train,640,640,JPEG,32016,False,,images242
roboflow_counterfeit_med_detection,roboflow\train\images301_jpg.rf.916fe311121120b16ab2386638fc56c9.jpg,authentic,train,640,640,JPEG,37275,False,,images301
roboflow_counterfeit_med_detection,roboflow\train\images349_jpg.rf.91e5e9c119424f5a699de13ab231c0bf.jpg,authentic,train,640,640,JPEG,44944,False,,images349
roboflow_counterfeit_med_detection,roboflow\train\images236_jpg.rf.91e2b39d504a88acb069704e592c6daa.jpg,authentic,train,640,640,JPEG,46969,False,,images236
roboflow_counterfeit_med_detection,roboflow\train\images4054_jpg.rf.91eda2efe005b63862f37171392af6c5.jpg,authentic,train,640,640,JPEG,65035,False,,images4054
roboflow_counterfeit_med_detection,roboflow\train\images244_jpg.rf.91eee7475a48daed9317659968500b43.jpg,authentic,train,640,640,JPEG,57933,False,,images244
roboflow_counterfeit_med_detection,roboflow\train\images219_jpg.rf.91f18ebb8e80e04626cd776035d60ce5.jpg,authentic,train,640,640,JPEG,51611,False,,images219
roboflow_counterfeit_med_detection,roboflow\train\images35_jpg.rf.91ffbb0bdb882b71b8695aacd19851ff.jpg,authentic,train,640,640,JPEG,41388,False,,images35
roboflow_counterfeit_med_detection,roboflow\train\images346_jpg.rf.9248bf3caafe22f1490702490e43bfb3.jpg,authentic,train,640,640,JPEG,22061,False,,images346
roboflow_counterfeit_med_detection,roboflow\train\images4045_jpg.rf.91f2944731b6768df872f12547fb8c0e.jpg,authentic,train,640,640,JPEG,39420,False,,images4045
roboflow_counterfeit_med_detection,roboflow\train\images5040_jpg.rf.9238ebc5aa339f09535dcc21e6602397.jpg,authentic,train,640,640,JPEG,69941,False,,images5040
roboflow_counterfeit_med_detection,roboflow\train\images239_jpg.rf.92aa11846b0c0ee3e97c95399ae083dd.jpg,authentic,train,640,640,JPEG,44156,False,,images239
roboflow_counterfeit_med_detection,roboflow\train\images5116_jpg.rf.9211cba29f213a8435ffbcfa9d9dc22e.jpg,authentic,train,640,640,JPEG,85691,False,,images5116
roboflow_counterfeit_med_detection,roboflow\train\images35_jpg.rf.91fcebc612293afcb8a150e51298483a.jpg,authentic,train,640,640,JPEG,40578,False,,images35
roboflow_counterfeit_med_detection,roboflow\train\images4120_jpg.rf.9290410596c437c2d92f5e8fe0399bfd.jpg,authentic,train,640,640,JPEG,27156,False,,images4120
roboflow_counterfeit_med_detection,roboflow\train\FDA-Advisory-No-2022-0611-7_png.rf.92422d751cdfe97edc851964b1911d2a.jpg,ambiguous,train,640,640,JPEG,60511,True,dual_label_contradiction,FDA-Advisory-No-2022-0611-7
roboflow_counterfeit_med_detection,roboflow\train\images4025_jpg.rf.9273ba243d841792e7fd4d14d5192cd7.jpg,authentic,train,640,640,JPEG,29136,False,,images4025
roboflow_counterfeit_med_detection,roboflow\train\images4067_jpg.rf.92c3bd5c9c025df01458464544920578.jpg,authentic,train,640,640,JPEG,56239,False,,images4067
roboflow_counterfeit_med_detection,roboflow\train\images239_jpg.rf.924870db86577c273395ebdcb754b001.jpg,authentic,train,640,640,JPEG,43746,False,,images239
roboflow_counterfeit_med_detection,roboflow\train\FDA-Advisory-No-2022-0611-36_png.rf.92dfeefc3412c24a3d6906cb21e1f56c.jpg,counterfeit,train,640,640,JPEG,52857,True,bulletin_graphic_with_baked_in_label_text,FDA-Advisory-No-2022-0611-36
roboflow_counterfeit_med_detection,roboflow\train\images4038_jpg.rf.92bd06822dd19378f32c67f264ac2896.jpg,authentic,train,640,640,JPEG,46014,False,,images4038
roboflow_counterfeit_med_detection,roboflow\train\images226_jpg.rf.92ba26598fb8efde511220836537c5e0.jpg,authentic,train,640,640,JPEG,31753,False,,images226
roboflow_counterfeit_med_detection,roboflow\train\images4029_jpg.rf.92320965d539a19d5a52256a0fad48d9.jpg,authentic,train,640,640,JPEG,67189,False,,images4029
roboflow_counterfeit_med_detection,roboflow\train\images4033_jpg.rf.9270740ae186312573907e70ad6ddc2c.jpg,authentic,train,640,640,JPEG,66989,False,,images4033
roboflow_counterfeit_med_detection,roboflow\train\images4061_jpg.rf.929ac4fe85c79855471a2bfeee8524ee.jpg,authentic,train,640,640,JPEG,19568,False,,images4061
roboflow_counterfeit_med_detection,roboflow\train\images4039_jpg.rf.9296247190ae25300dc0212177be4e08.jpg,authentic,train,640,640,JPEG,37656,False,,images4039
roboflow_counterfeit_med_detection,roboflow\train\images4085_jpg.rf.929976d6a5f5c4be4937cc6e0060bf6c.jpg,authentic,train,640,640,JPEG,53100,False,,images4085
roboflow_counterfeit_med_detection,roboflow\train\images23_jpg.rf.92fd6e3709a95e34e20fd8bb8361d9b0.jpg,authentic,train,640,640,JPEG,27397,False,,images23
roboflow_counterfeit_med_detection,roboflow\train\images4087_jpg.rf.930bae01642aaa90f323d9c167c35d3e.jpg,authentic,train,640,640,JPEG,38018,False,,images4087
roboflow_counterfeit_med_detection,roboflow\train\images5116_jpg.rf.91f145384b2bb44e50d58c94d1e4f881.jpg,authentic,train,640,640,JPEG,84998,False,,images5116
roboflow_counterfeit_med_detection,roboflow\train\images01_jpg.rf.92b953fc57f2d13aaa201f00883077bc.jpg,authentic,train,640,640,JPEG,45504,False,,images01
roboflow_counterfeit_med_detection,roboflow\train\images5100_jpg.rf.931b364261cba66de14c5294052dc899.jpg,authentic,train,640,640,JPEG,50087,False,,images5100
roboflow_counterfeit_med_detection,roboflow\train\images339_jpg.rf.931c6ba7a5543659b67702439c5bc7d1.jpg,authentic,train,640,640,JPEG,56956,False,,images339
roboflow_counterfeit_med_detection,roboflow\train\images4040_jpg.rf.930231ef1403172b7c5b07680f71a330.jpg,authentic,train,640,640,JPEG,72048,False,,images4040
roboflow_counterfeit_med_detection,roboflow\train\images5104_jpg.rf.932fd12810812c4c5b4ec85466fa2f00.jpg,authentic,train,640,640,JPEG,45586,False,,images5104
roboflow_counterfeit_med_detection,roboflow\train\images5069_jpg.rf.9351ffe877821f782772eeba1d1776b4.jpg,authentic,train,640,640,JPEG,76249,False,,images5069
roboflow_counterfeit_med_detection,roboflow\train\images5112_jpg.rf.9363f7058b7ef2f49f8995e196085d56.jpg,authentic,train,640,640,JPEG,42785,False,,images5112
roboflow_counterfeit_med_detection,roboflow\train\images43_jpg.rf.9385d1836a8298e37809edf53df4119d.jpg,authentic,train,640,640,JPEG,44640,False,,images43
roboflow_counterfeit_med_detection,roboflow\train\images5046_jpg.rf.9352ec5692278c37ac5b3aac46fc15a0.jpg,authentic,train,640,640,JPEG,42419,False,,images5046
roboflow_counterfeit_med_detection,roboflow\train\images04_jpg.rf.9360523a17cdcada4553c0a22698777f.jpg,authentic,train,640,640,JPEG,37115,False,,images04
roboflow_counterfeit_med_detection,roboflow\train\images241_jpg.rf.93db866f485c28796e64d30aff2535ea.jpg,authentic,train,640,640,JPEG,54082,False,,images241
roboflow_counterfeit_med_detection,roboflow\train\images348_jpg.rf.937a7dccaae4045e0cd122f49d29f7f6.jpg,authentic,train,640,640,JPEG,32589,False,,images348
roboflow_counterfeit_med_detection,roboflow\train\images4046_jpg.rf.933cd156e8224e03138e8feebaa838ca.jpg,authentic,train,640,640,JPEG,101056,False,,images4046
roboflow_counterfeit_med_detection,roboflow\train\images4039_jpg.rf.935caf5705dfc702e091b8951705d0c5.jpg,authentic,train,640,640,JPEG,54413,False,,images4039
roboflow_counterfeit_med_detection,roboflow\train\images5051_jpg.rf.93cb42a7430022af515d9b665ac87b34.jpg,authentic,train,640,640,JPEG,22089,False,,images5051
roboflow_counterfeit_med_detection,roboflow\train\images219_jpg.rf.93d99bf9d6047a6e917547a2fe450711.jpg,authentic,train,640,640,JPEG,48117,False,,images219
roboflow_counterfeit_med_detection,roboflow\train\images262_jpg.rf.93ff91dd63b8ff0e495a55b43faadb97.jpg,authentic,train,640,640,JPEG,32281,False,,images262
roboflow_counterfeit_med_detection,roboflow\train\images4066_jpg.rf.93e9a87ed5414fcdf47015a88ca62254.jpg,authentic,train,640,640,JPEG,28036,False,,images4066
roboflow_counterfeit_med_detection,roboflow\train\images5112_jpg.rf.9367f216cbfd7c332e7e05010a02fda0.jpg,authentic,train,640,640,JPEG,43397,False,,images5112
roboflow_counterfeit_med_detection,roboflow\train\images4068_jpg.rf.94531239e6cbe7dede44821d543a3cc0.jpg,authentic,train,640,640,JPEG,65272,False,,images4068
roboflow_counterfeit_med_detection,roboflow\train\images4092_jpg.rf.9342f67c4348b16b60673933bcf0b47e.jpg,authentic,train,640,640,JPEG,24426,False,,images4092
roboflow_counterfeit_med_detection,roboflow\train\images01_jpg.rf.9363993f428259087f3b8381820f7b2a.jpg,authentic,train,640,640,JPEG,39742,False,,images01
roboflow_counterfeit_med_detection,roboflow\train\images275_jpg.rf.947219db37097a9f697e5c998afdee37.jpg,authentic,train,640,640,JPEG,30501,False,,images275
roboflow_counterfeit_med_detection,roboflow\train\images5056_jpg.rf.93de90eedb20e86324ed7e78fd68139a.jpg,authentic,train,640,640,JPEG,39354,False,,images5056
roboflow_counterfeit_med_detection,roboflow\train\images4063_jpg.rf.9410a27d86fc2e50a63280c7c7b7442e.jpg,authentic,train,640,640,JPEG,20717,False,,images4063
roboflow_counterfeit_med_detection,roboflow\train\images4116_jpg.rf.9468a34e0303a99319bc16ad2e096472.jpg,authentic,train,640,640,JPEG,28150,False,,images4116
roboflow_counterfeit_med_detection,roboflow\train\images349_jpg.rf.93eda52ba82b106e99a68ada6d7051b4.jpg,authentic,train,640,640,JPEG,48066,False,,images349
roboflow_counterfeit_med_detection,roboflow\train\images230_jpg.rf.9480194a40cc6169f760e062298f80e4.jpg,authentic,train,640,640,JPEG,46131,False,,images230
roboflow_counterfeit_med_detection,roboflow\train\images4110_jpg.rf.947f9c926ead1f7a4953340f22d6bd33.jpg,authentic,train,640,640,JPEG,70489,False,,images4110
roboflow_counterfeit_med_detection,roboflow\train\images351_jpg.rf.9450dc4f7a3152f69348f5d2e96b7d15.jpg,authentic,train,640,640,JPEG,48064,False,,images351
roboflow_counterfeit_med_detection,roboflow\train\FDA-Advisory-No-2022-0611-24_png.rf.945fec3d0e29be1763978d04095aeeab.jpg,counterfeit,train,640,640,JPEG,41688,True,bulletin_graphic_with_baked_in_label_text,FDA-Advisory-No-2022-0611-24
roboflow_counterfeit_med_detection,roboflow\train\images4054_jpg.rf.945410b2c3b0c67cc691d76d8c1306de.jpg,authentic,train,640,640,JPEG,57357,False,,images4054
roboflow_counterfeit_med_detection,roboflow\train\images347_jpg.rf.94831db67712b58d6269c3c96cd6bf42.jpg,authentic,train,640,640,JPEG,23913,False,,images347
roboflow_counterfeit_med_detection,roboflow\train\images09_jpg.rf.94b85b352f78f1fe95fd428224e54fdd.jpg,authentic,train,640,640,JPEG,45469,False,,images09
roboflow_counterfeit_med_detection,roboflow\train\images5046_jpg.rf.94838addd9914ea02e2de8a477d1f67f.jpg,authentic,train,640,640,JPEG,30916,False,,images5046
roboflow_counterfeit_med_detection,roboflow\train\images4038_jpg.rf.94ad516166b49e0e5a94561c2e35c0fc.jpg,authentic,train,640,640,JPEG,63588,False,,images4038
roboflow_counterfeit_med_detection,roboflow\train\images4087_jpg.rf.94d79acdf33d4b303d06783134845da6.jpg,authentic,train,640,640,JPEG,36569,False,,images4087
roboflow_counterfeit_med_detection,roboflow\train\images4039_jpg.rf.94b7e438c0a112680f25e61d75616a8d.jpg,authentic,train,640,640,JPEG,38860,False,,images4039
roboflow_counterfeit_med_detection,roboflow\train\images241_jpg.rf.94f9cdeda21623bbd1be6937c010a7f9.jpg,authentic,train,640,640,JPEG,54238,False,,images241
roboflow_counterfeit_med_detection,roboflow\train\images265_jpg.rf.955914a3c669a0f3f534824a63c1adca.jpg,authentic,train,640,640,JPEG,45403,False,,images265
roboflow_counterfeit_med_detection,roboflow\train\images4054_jpg.rf.9488e52aee9b213adb8f79b9d6778eec.jpg,authentic,train,640,640,JPEG,70209,False,,images4054
roboflow_counterfeit_med_detection,roboflow\train\images339_jpg.rf.9577b7262d913bf5824147a175205c75.jpg,authentic,train,640,640,JPEG,40168,False,,images339
roboflow_counterfeit_med_detection,roboflow\train\images240_jpg.rf.94a3903b3620c7a37b59ca04c7745cef.jpg,authentic,train,640,640,JPEG,52288,False,,images240
roboflow_counterfeit_med_detection,roboflow\train\images351_jpg.rf.953f42e39d0e102adb4f021c374b34d5.jpg,authentic,train,640,640,JPEG,51206,False,,images351
roboflow_counterfeit_med_detection,roboflow\train\images5062_jpg.rf.95f41028266b62acb2110a34ed6b5ff7.jpg,authentic,train,640,640,JPEG,18284,False,,images5062
roboflow_counterfeit_med_detection,roboflow\train\images5115_jpg.rf.961d1c0ac3d7e1d9d97d3104cdff6ced.jpg,authentic,train,640,640,JPEG,47021,False,,images5115
roboflow_counterfeit_med_detection,roboflow\train\images4054_jpg.rf.950575027d810b0330940e32b90e1e3c.jpg,authentic,train,640,640,JPEG,71188,False,,images4054
roboflow_counterfeit_med_detection,roboflow\train\images4040_jpg.rf.94ee6b448a903e9da3a67ce2b068ad13.jpg,authentic,train,640,640,JPEG,43503,False,,images4040
roboflow_counterfeit_med_detection,roboflow\train\images245_jpg.rf.955a5c9e43435b527d818de045ba0c4c.jpg,authentic,train,640,640,JPEG,31022,False,,images245
roboflow_counterfeit_med_detection,roboflow\train\images5032_jpg.rf.95169cd1382f723d9a47ea741f6bff16.jpg,authentic,train,640,640,JPEG,55102,False,,images5032
roboflow_counterfeit_med_detection,roboflow\train\FDA-Advisory-No-2022-0611-14_png.rf.95897a01591a05847d94f41d3166e854.jpg,counterfeit,train,640,640,JPEG,55055,True,bulletin_graphic_with_baked_in_label_text,FDA-Advisory-No-2022-0611-14
roboflow_counterfeit_med_detection,roboflow\train\images5095_jpg.rf.95ffd3f7aad430d61d27d7a4a05719df.jpg,authentic,train,640,640,JPEG,43270,False,,images5095
roboflow_counterfeit_med_detection,roboflow\train\images08_jpg.rf.95d073d9cd17a3700a035db8ec47b811.jpg,authentic,train,640,640,JPEG,58732,False,,images08
roboflow_counterfeit_med_detection,roboflow\train\images4063_jpg.rf.95aec5f4421381f4dd886ce50714e302.jpg,authentic,train,640,640,JPEG,21534,False,,images4063
roboflow_counterfeit_med_detection,roboflow\train\images218_jpg.rf.95bb5bb85dbd5949a776f1067af06b21.jpg,authentic,train,640,640,JPEG,38578,False,,images218
roboflow_counterfeit_med_detection,roboflow\train\images4088_jpg.rf.95afb6b6c4e977dd53601fbc622443be.jpg,authentic,train,640,640,JPEG,18922,False,,images4088
roboflow_counterfeit_med_detection,roboflow\train\images5060_jpg.rf.9651c0d01d0948dd8aae2feb0ea409ce.jpg,authentic,train,640,640,JPEG,40769,False,,images5060
roboflow_counterfeit_med_detection,roboflow\train\images5110_jpg.rf.965a2ba153e05675aff84e0e82032018.jpg,authentic,train,640,640,JPEG,11531,False,,images5110
roboflow_counterfeit_med_detection,roboflow\train\images303_jpg.rf.9648eddf97a652a9e1189c3d65ff2439.jpg,authentic,train,640,640,JPEG,41794,False,,images303
roboflow_counterfeit_med_detection,roboflow\train\images208_jpg.rf.958d775f0d3bab887ff6046727f047bb.jpg,authentic,train,640,640,JPEG,57648,False,,images208
roboflow_counterfeit_med_detection,roboflow\train\images4031_jpg.rf.9680db8c2c4f66d5aee0e711e6f39618.jpg,authentic,train,640,640,JPEG,58305,False,,images4031
roboflow_counterfeit_med_detection,roboflow\train\images303_jpg.rf.9623e79d57fee5d1fe7821b38efb7031.jpg,authentic,train,640,640,JPEG,46844,False,,images303
roboflow_counterfeit_med_detection,roboflow\train\images5052_jpg.rf.9557f383b470f723a8a3f59c5de4dc05.jpg,authentic,train,640,640,JPEG,76090,False,,images5052
roboflow_counterfeit_med_detection,roboflow\train\images252_jpg.rf.96836c355ebe35d52987910a0d247aac.jpg,authentic,train,640,640,JPEG,62861,False,,images252
roboflow_counterfeit_med_detection,roboflow\train\images5030_jpg.rf.968384f74d37665f585fc983f36b94af.jpg,authentic,train,640,640,JPEG,35020,False,,images5030
roboflow_counterfeit_med_detection,roboflow\train\images214_jpg.rf.9681a9874201d6df9ded092fea542721.jpg,authentic,train,640,640,JPEG,35312,False,,images214
roboflow_counterfeit_med_detection,roboflow\train\images05_jpg.rf.96975e86a078e3d8050178bd310b2bf6.jpg,authentic,train,640,640,JPEG,25039,False,,images05
roboflow_counterfeit_med_detection,roboflow\train\images4045_jpg.rf.9700c064e0fd1928bb1623283ec961a1.jpg,authentic,train,640,640,JPEG,44035,False,,images4045
roboflow_counterfeit_med_detection,roboflow\train\images14_jpg.rf.97ea5150863de68f2e210d086c6a8746.jpg,authentic,train,640,640,JPEG,41522,False,,images14
roboflow_counterfeit_med_detection,roboflow\train\images323_jpg.rf.971dca9ec1f41989bbae7b1a72850ba7.jpg,authentic,train,640,640,JPEG,23664,False,,images323
roboflow_counterfeit_med_detection,roboflow\train\images19_jpg.rf.96e087f3af02ba75ed07ad1c0bdd2e8e.jpg,authentic,train,640,640,JPEG,47081,False,,images19
roboflow_counterfeit_med_detection,roboflow\train\images43_jpg.rf.97d4c6d4b96d7c64509ac7ae21b9be2b.jpg,authentic,train,640,640,JPEG,45350,False,,images43
roboflow_counterfeit_med_detection,roboflow\train\images4029_jpg.rf.979e9adf823d54dacd50632325c79e80.jpg,authentic,train,640,640,JPEG,61569,False,,images4029
roboflow_counterfeit_med_detection,roboflow\train\images4045_jpg.rf.97f6d4f5c7f97c3ed9ef903f3ad8df0a.jpg,authentic,train,640,640,JPEG,39007,False,,images4045
roboflow_counterfeit_med_detection,roboflow\train\images268_jpg.rf.97b6e83334b07e271f973265f83adf2f.jpg,authentic,train,640,640,JPEG,48746,False,,images268
roboflow_counterfeit_med_detection,roboflow\train\images5104_jpg.rf.973860a5dcff04c80ccbd991547dfd6f.jpg,authentic,train,640,640,JPEG,33472,False,,images5104
roboflow_counterfeit_med_detection,roboflow\train\images347_jpg.rf.97902b24646d2f1041147843f5facfde.jpg,authentic,train,640,640,JPEG,28461,False,,images347
roboflow_counterfeit_med_detection,roboflow\train\images222_jpg.rf.97b5a728665bd3bf5db7122aa54b847f.jpg,authentic,train,640,640,JPEG,42178,False,,images222
roboflow_counterfeit_med_detection,roboflow\train\190360375_4121964301192926_5836747406893149139_n_jpg.rf.981448aaf8b1e21cc6226a7ae218fd48.jpg,counterfeit,train,640,640,JPEG,57862,True,bulletin_graphic_with_baked_in_label_text,190360375_4121964301192926_5836747406893149139_n
roboflow_counterfeit_med_detection,roboflow\train\images4045_jpg.rf.9744c3af61bbe8733283ee0acbe22c4b.jpg,authentic,train,640,640,JPEG,37997,False,,images4045
roboflow_counterfeit_med_detection,roboflow\train\images210_jpg.rf.97fc60bbcad239fa205850aca95e82da.jpg,authentic,train,640,640,JPEG,36109,False,,images210
roboflow_counterfeit_med_detection,roboflow\train\images5059_jpg.rf.9823b7d04f6ff3dda51efd68517bcf3c.jpg,authentic,train,640,640,JPEG,41985,False,,images5059
roboflow_counterfeit_med_detection,roboflow\train\images5061_jpg.rf.97abec28f0722c05edf71dfdbc28b097.jpg,authentic,train,640,640,JPEG,30330,False,,images5061
roboflow_counterfeit_med_detection,roboflow\train\images210_jpg.rf.980ec74fb9e4769e9692704b9e8cca15.jpg,authentic,train,640,640,JPEG,35358,False,,images210
roboflow_counterfeit_med_detection,roboflow\train\images5064_jpg.rf.97ef8b0393f284cd0a0d7f3e8b37a1a2.jpg,authentic,train,640,640,JPEG,52247,False,,images5064
roboflow_counterfeit_med_detection,roboflow\train\images5080_jpg.rf.97e4cfd33de7b22d5949959682a27fbe.jpg,authentic,train,640,640,JPEG,48606,False,,images5080
roboflow_counterfeit_med_detection,roboflow\train\images268_jpg.rf.96ad6f21a5402f3c1bed88e62555c79f.jpg,authentic,train,640,640,JPEG,53154,False,,images268
roboflow_counterfeit_med_detection,roboflow\train\images266_jpg.rf.97cfdb9e9f9f764d680008da26fbada7.jpg,authentic,train,640,640,JPEG,34005,False,,images266
roboflow_counterfeit_med_detection,roboflow\train\images210_jpg.rf.96cdf5440788b59b3e72d180360517e5.jpg,authentic,train,640,640,JPEG,31899,False,,images210
roboflow_counterfeit_med_detection,roboflow\train\images4066_jpg.rf.97f0036a813457f0ac39c471cdfe2633.jpg,authentic,train,640,640,JPEG,28423,False,,images4066
roboflow_counterfeit_med_detection,roboflow\train\images4068_jpg.rf.98063c3d284aacfa2371f6da956ab003.jpg,authentic,train,640,640,JPEG,71985,False,,images4068
roboflow_counterfeit_med_detection,roboflow\train\images46_jpg.rf.98267557a9b608d731d39813157c9790.jpg,authentic,train,640,640,JPEG,25349,False,,images46
roboflow_counterfeit_med_detection,roboflow\train\images5034_jpg.rf.983a437550d91f5c9a0f5f7f0f768fcd.jpg,authentic,train,640,640,JPEG,41244,False,,images5034
roboflow_counterfeit_med_detection,roboflow\train\authentic-vs-fake-imodium-2048x1150_jpg.rf.973f002b49d60309aa8d17d6b4f4b166.jpg,ambiguous,train,640,640,JPEG,68952,True,dual_label_contradiction,authentic-vs-fake-imodium-2048x1150
roboflow_counterfeit_med_detection,roboflow\train\FDA-Advisory-No-2022-0611-2_png.rf.9856aaa2fed6d6f3a982104c504fe3fb.jpg,counterfeit,train,640,640,JPEG,58419,True,bulletin_graphic_with_baked_in_label_text,FDA-Advisory-No-2022-0611-2
roboflow_counterfeit_med_detection,roboflow\train\images212_jpg.rf.984f598dff53afba0c3807ef150f5b36.jpg,authentic,train,640,640,JPEG,28159,False,,images212
roboflow_counterfeit_med_detection,roboflow\train\images4042_jpg.rf.989958eefb89c46a43c6a55577d96330.jpg,authentic,train,640,640,JPEG,48754,False,,images4042
roboflow_counterfeit_med_detection,roboflow\train\images5100_jpg.rf.98cded38f135caad2ab696d291ccbfb1.jpg,authentic,train,640,640,JPEG,48671,False,,images5100
roboflow_counterfeit_med_detection,roboflow\train\images4107_jpg.rf.986147213cfcf9374bd26b0505228817.jpg,authentic,train,640,640,JPEG,39089,False,,images4107
roboflow_counterfeit_med_detection,roboflow\train\images4107_jpg.rf.987a6208b4e2189ee2f0f57621e6c6c7.jpg,authentic,train,640,640,JPEG,32370,False,,images4107
roboflow_counterfeit_med_detection,roboflow\train\images29_jpg.rf.9907485fdbb16601da366d24c853e0ed.jpg,authentic,train,640,640,JPEG,28645,False,,images29
roboflow_counterfeit_med_detection,roboflow\train\images352_jpg.rf.9866ca02605e53979f85845e1eb4a97c.jpg,authentic,train,640,640,JPEG,44089,False,,images352
roboflow_counterfeit_med_detection,roboflow\train\images5039_jpg.rf.98f92b427a731ad2d65f69cb68888d35.jpg,authentic,train,640,640,JPEG,51923,False,,images5039
roboflow_counterfeit_med_detection,roboflow\train\images35_jpg.rf.9993f5e0cc79e05d598cd291251c1246.jpg,authentic,train,640,640,JPEG,42622,False,,images35
roboflow_counterfeit_med_detection,roboflow\train\images37_jpg.rf.9978a81f16b1d98076982c7b78fdfbc5.jpg,authentic,train,640,640,JPEG,30181,False,,images37
roboflow_counterfeit_med_detection,roboflow\train\images5087_jpg.rf.99096c34887d68d91ca6eba1235d9243.jpg,authentic,train,640,640,JPEG,27999,False,,images5087
roboflow_counterfeit_med_detection,roboflow\train\images5046_jpg.rf.9949169823add8ac89373990576f169b.jpg,authentic,train,640,640,JPEG,38903,False,,images5046
roboflow_counterfeit_med_detection,roboflow\train\images33_jpg.rf.99e6fad673713e72ffb71980342b8e70.jpg,authentic,train,640,640,JPEG,34197,False,,images33
roboflow_counterfeit_med_detection,roboflow\train\images275_jpg.rf.99162b45be86e0886f0c7d0f7881e557.jpg,authentic,train,640,640,JPEG,34405,False,,images275
roboflow_counterfeit_med_detection,roboflow\train\images260_jpg.rf.98d33001632b511f94f003ce5d8d1aed.jpg,authentic,train,640,640,JPEG,43046,False,,images260
roboflow_counterfeit_med_detection,roboflow\train\images4120_jpg.rf.9936bbfbf1ba964a4d59c67829878ab7.jpg,authentic,train,640,640,JPEG,28732,False,,images4120
roboflow_counterfeit_med_detection,roboflow\train\images232_jpg.rf.98e1b2c747935982fd34a77ad78c678d.jpg,authentic,train,640,640,JPEG,40519,False,,images232
roboflow_counterfeit_med_detection,roboflow\train\images4046_jpg.rf.984a5dba7460c41840a6ae7a04efad37.jpg,authentic,train,640,640,JPEG,102688,False,,images4046
roboflow_counterfeit_med_detection,roboflow\train\images256_jpg.rf.9a0da8234e0c9d7823f88033534c9f0e.jpg,authentic,train,640,640,JPEG,46836,False,,images256
roboflow_counterfeit_med_detection,roboflow\train\images5034_jpg.rf.9a04f2940d8b2dadff7b3bd2235bfa4a.jpg,authentic,train,640,640,JPEG,42375,False,,images5034
roboflow_counterfeit_med_detection,roboflow\train\images5062_jpg.rf.994f9424a7ef749d7988682b340e5046.jpg,authentic,train,640,640,JPEG,21851,False,,images5062
roboflow_counterfeit_med_detection,roboflow\train\images228_jpg.rf.99e4ab56580acddd4e66e3bbf7d629de.jpg,authentic,train,640,640,JPEG,26417,False,,images228
roboflow_counterfeit_med_detection,roboflow\train\images4120_jpg.rf.99959ee9cd740e0e645e36da468a007d.jpg,authentic,train,640,640,JPEG,28436,False,,images4120
roboflow_counterfeit_med_detection,roboflow\train\images268_jpg.rf.9941b0ef0deaf4fca0968a49fd535490.jpg,authentic,train,640,640,JPEG,57703,False,,images268
roboflow_counterfeit_med_detection,roboflow\train\images5061_jpg.rf.9a2d9723a2c6e802a62d8a457c65fdb1.jpg,authentic,train,640,640,JPEG,33140,False,,images5061
roboflow_counterfeit_med_detection,roboflow\train\images4047_jpg.rf.998698810d12b0a0c26a555dbd916fba.jpg,authentic,train,640,640,JPEG,39260,False,,images4047
roboflow_counterfeit_med_detection,roboflow\train\images4082_jpg.rf.99f4d33f2d5d18f1a2f3f47532754c10.jpg,authentic,train,640,640,JPEG,42494,False,,images4082
roboflow_counterfeit_med_detection,roboflow\train\images225_jpg.rf.9a23be3e4d9bb8f37fb0cc11b3f63a43.jpg,authentic,train,640,640,JPEG,49670,False,,images225
roboflow_counterfeit_med_detection,roboflow\train\images4040_jpg.rf.9a06102388b731502ee241d3f307beed.jpg,authentic,train,640,640,JPEG,80185,False,,images4040
roboflow_counterfeit_med_detection,roboflow\train\images321_jpg.rf.9a36fd022bf6392a20b4fde6ea0ce8de.jpg,authentic,train,640,640,JPEG,28522,False,,images321
roboflow_counterfeit_med_detection,roboflow\train\images4025_jpg.rf.9a4a50be063a6d94843c101ee5290b16.jpg,authentic,train,640,640,JPEG,34912,False,,images4025
roboflow_counterfeit_med_detection,roboflow\train\images4094_jpg.rf.9a7d18a4dca5b1951a9609f6fb02f393.jpg,authentic,train,640,640,JPEG,15871,False,,images4094
roboflow_counterfeit_med_detection,roboflow\train\images4042_jpg.rf.9a39aa9d3ea29ec0fad0596559ab07e0.jpg,authentic,train,640,640,JPEG,38672,False,,images4042
roboflow_counterfeit_med_detection,roboflow\train\images5051_jpg.rf.9a08bb493b06389fdbfcbeb4ee030f45.jpg,authentic,train,640,640,JPEG,29650,False,,images5051
roboflow_counterfeit_med_detection,roboflow\train\images4060_jpg.rf.9a361171547e01a03a7d57efcb087782.jpg,authentic,train,640,640,JPEG,52962,False,,images4060
roboflow_counterfeit_med_detection,roboflow\train\images316_jpg.rf.9a8ad5047c043c3e828e8e7dce08520c.jpg,authentic,train,640,640,JPEG,36318,False,,images316
roboflow_counterfeit_med_detection,roboflow\train\images228_jpg.rf.9adbbc76ba30afced56db566d4dd4ea9.jpg,authentic,train,640,640,JPEG,26721,False,,images228
roboflow_counterfeit_med_detection,roboflow\train\images5095_jpg.rf.9aaa704c99d84de739c74e09cb1c7dac.jpg,authentic,train,640,640,JPEG,42975,False,,images5095
roboflow_counterfeit_med_detection,roboflow\train\images4040_jpg.rf.9ab04e83e3502eaab3dfbb45322c82ff.jpg,authentic,train,640,640,JPEG,64211,False,,images4040
roboflow_counterfeit_med_detection,roboflow\train\images218_jpg.rf.9aa23fd6529bf49a28e995c006ebcd8f.jpg,authentic,train,640,640,JPEG,37253,False,,images218
roboflow_counterfeit_med_detection,roboflow\train\images5046_jpg.rf.9ad3346335815c2bce90a63063f3eb3f.jpg,authentic,train,640,640,JPEG,35208,False,,images5046
roboflow_counterfeit_med_detection,roboflow\train\images5080_jpg.rf.9ab85ad635c7b2f5ea3dd3f77a227f71.jpg,authentic,train,640,640,JPEG,36917,False,,images5080
roboflow_counterfeit_med_detection,roboflow\train\images5103_jpg.rf.9b906c0f3063ad5ec3c23a2d9aa43310.jpg,authentic,train,640,640,JPEG,24421,False,,images5103
roboflow_counterfeit_med_detection,roboflow\train\images4090_jpg.rf.9b2698dec05de1902abc5feb846f3d75.jpg,authentic,train,640,640,JPEG,15894,False,,images4090
roboflow_counterfeit_med_detection,roboflow\train\images33_jpg.rf.9b311bbfa92aa1ac7301d76ebd104b01.jpg,authentic,train,640,640,JPEG,38683,False,,images33
roboflow_counterfeit_med_detection,roboflow\train\images4068_jpg.rf.9b2f72146acc79e9905ebf47c7baa340.jpg,authentic,train,640,640,JPEG,68705,False,,images4068
roboflow_counterfeit_med_detection,roboflow\train\images4090_jpg.rf.9afc19ed62b038cd2aaa209b215e5d1a.jpg,authentic,train,640,640,JPEG,20004,False,,images4090
roboflow_counterfeit_med_detection,roboflow\train\images275_jpg.rf.9b755dcf1456ae90d3cc77f3de9e1d69.jpg,authentic,train,640,640,JPEG,29693,False,,images275
roboflow_counterfeit_med_detection,roboflow\train\images235_jpg.rf.9acdeedeb55b4043b573e69cff36cda6.jpg,authentic,train,640,640,JPEG,55954,False,,images235
roboflow_counterfeit_med_detection,roboflow\train\images5039_jpg.rf.9ba349d46a08a5ba9bb62969e85201b1.jpg,authentic,train,640,640,JPEG,53284,False,,images5039
roboflow_counterfeit_med_detection,roboflow\train\images5062_jpg.rf.9b65e6f902d1ab8e76e41d88b12884da.jpg,authentic,train,640,640,JPEG,20575,False,,images5062
roboflow_counterfeit_med_detection,roboflow\train\images5110_jpg.rf.9b1e177405065c7e9100f7d4945a70b7.jpg,authentic,train,640,640,JPEG,12504,False,,images5110
roboflow_counterfeit_med_detection,roboflow\train\images244_jpg.rf.9b1c753e763b2984bab59c6b99ac1887.jpg,authentic,train,640,640,JPEG,56726,False,,images244
roboflow_counterfeit_med_detection,roboflow\train\images263_jpg.rf.9af20def6563038b57f41177366ebb41.jpg,authentic,train,640,640,JPEG,40015,False,,images263
roboflow_counterfeit_med_detection,roboflow\train\images11_jpg.rf.9b195f844a248075883c0ab64116f617.jpg,authentic,train,640,640,JPEG,73052,False,,images11
roboflow_counterfeit_med_detection,roboflow\train\images5056_jpg.rf.9b42f499d43ed639fc835817c8e37e21.jpg,authentic,train,640,640,JPEG,48810,False,,images5056
roboflow_counterfeit_med_detection,roboflow\train\images352_jpg.rf.9afc9d6e42e4c06b85d7cf3dd15159da.jpg,authentic,train,640,640,JPEG,47800,False,,images352
roboflow_counterfeit_med_detection,roboflow\train\images5113_jpg.rf.9b991ad653a3d6c9c826cf1132f1c288.jpg,authentic,train,640,640,JPEG,38782,False,,images5113
roboflow_counterfeit_med_detection,roboflow\train\images4092_jpg.rf.9baef308ad77f549f3541bf2e45ef8f6.jpg,authentic,train,640,640,JPEG,43268,False,,images4092
roboflow_counterfeit_med_detection,roboflow\train\images4074_jpg.rf.9b0b1bbb726ab03914adc60262ad94b8.jpg,authentic,train,640,640,JPEG,44411,False,,images4074
roboflow_counterfeit_med_detection,roboflow\train\images4040_jpg.rf.9b9ef6bbb3ada1f1b102d86364dfe5df.jpg,authentic,train,640,640,JPEG,72616,False,,images4040
roboflow_counterfeit_med_detection,roboflow\train\images310_jpg.rf.9b8cfda7fa922dcc4da05989eb505895.jpg,authentic,train,640,640,JPEG,42794,False,,images310
roboflow_counterfeit_med_detection,roboflow\train\images4060_jpg.rf.9b2ea994efbc93f07c6dfbcf9d946bcf.jpg,authentic,train,640,640,JPEG,78957,False,,images4060
roboflow_counterfeit_med_detection,roboflow\train\images4107_jpg.rf.9ba844158e19dc7fca282784bd239fff.jpg,authentic,train,640,640,JPEG,36931,False,,images4107
roboflow_counterfeit_med_detection,roboflow\train\images5056_jpg.rf.9ba4c3964df2421b4b3f99b898c00a5d.jpg,authentic,train,640,640,JPEG,50817,False,,images5056
roboflow_counterfeit_med_detection,roboflow\train\images5106_jpg.rf.9bb72382a08ed857106aeb57f8074b40.jpg,authentic,train,640,640,JPEG,61421,False,,images5106
roboflow_counterfeit_med_detection,roboflow\train\images43_jpg.rf.9bc93e141a0c6743121ea3b24af01cfe.jpg,authentic,train,640,640,JPEG,43830,False,,images43
roboflow_counterfeit_med_detection,roboflow\train\images5058_jpg.rf.9bcb0547efc14aa55faf0ab420876084.jpg,authentic,train,640,640,JPEG,82871,False,,images5058
roboflow_counterfeit_med_detection,roboflow\train\images4095_jpg.rf.9c6bdfcbdf9d46b541a024e4d04989d2.jpg,authentic,train,640,640,JPEG,39291,False,,images4095
roboflow_counterfeit_med_detection,roboflow\train\images349_jpg.rf.9be1ae70c13485ef09935956c19c952d.jpg,authentic,train,640,640,JPEG,45093,False,,images349
roboflow_counterfeit_med_detection,roboflow\train\images4044_jpg.rf.9c044bc9629d531b79b35f3f59316ce9.jpg,authentic,train,640,640,JPEG,59408,False,,images4044
roboflow_counterfeit_med_detection,roboflow\train\images4040_jpg.rf.9c2fee1c67296ac1cd2dca66e9d13f75.jpg,authentic,train,640,640,JPEG,83073,False,,images4040
roboflow_counterfeit_med_detection,roboflow\train\FDA-Advisory-No-2022-0611-17_png.rf.9bdf1c14db787195ede24b3b57a42464.jpg,authentic,train,640,640,JPEG,51400,True,bulletin_graphic_with_baked_in_label_text,FDA-Advisory-No-2022-0611-17
roboflow_counterfeit_med_detection,roboflow\train\images4029_jpg.rf.9d3755f2435dbddb681526176b3fd789.jpg,authentic,train,640,640,JPEG,72154,False,,images4029
roboflow_counterfeit_med_detection,roboflow\train\images4047_jpg.rf.9ce512ef8051804d70c898ba27953eef.jpg,authentic,train,640,640,JPEG,59260,False,,images4047
roboflow_counterfeit_med_detection,roboflow\train\images4069_jpg.rf.9c3a8f3cda618ba18fc8d6508497a372.jpg,authentic,train,640,640,JPEG,31256,False,,images4069
roboflow_counterfeit_med_detection,roboflow\train\images245_jpg.rf.9bb4b2bf69fc5dbfcfa909b86066ef22.jpg,authentic,train,640,640,JPEG,32395,False,,images245
roboflow_counterfeit_med_detection,roboflow\train\images235_jpg.rf.9bfb4de0487f77232ccaed8fdcc9e160.jpg,authentic,train,640,640,JPEG,59322,False,,images235
roboflow_counterfeit_med_detection,roboflow\train\images23_jpg.rf.9bed6a4a56183e76f08125f4acc91b55.jpg,authentic,train,640,640,JPEG,30115,False,,images23
roboflow_counterfeit_med_detection,roboflow\train\images255_jpg.rf.9d9d538046e991c1b3e81bdc47bc71cf.jpg,authentic,train,640,640,JPEG,26898,False,,images255
roboflow_counterfeit_med_detection,roboflow\train\images4081_jpg.rf.9cbbffc2098c415d3c5a11ac64721de6.jpg,authentic,train,640,640,JPEG,31448,False,,images4081
roboflow_counterfeit_med_detection,roboflow\train\images5040_jpg.rf.9d8a008735f30d8e3b618b4cf43531d4.jpg,authentic,train,640,640,JPEG,86754,False,,images5040
roboflow_counterfeit_med_detection,roboflow\train\images4065_jpg.rf.9ce9249c3fcaa5f5002cf7c50832dbf9.jpg,authentic,train,640,640,JPEG,15843,False,,images4065
roboflow_counterfeit_med_detection,roboflow\train\images264_jpg.rf.9be9ceba60b24d5ffc9f1c7a5bc523d1.jpg,authentic,train,640,640,JPEG,21254,False,,images264
roboflow_counterfeit_med_detection,roboflow\train\images4025_jpg.rf.9dad6a4757c96bcd801a9d1a9ce2e5c1.jpg,authentic,train,640,640,JPEG,26224,False,,images4025
roboflow_counterfeit_med_detection,roboflow\train\images5104_jpg.rf.9d897738856a29df1d5e815facce9fcf.jpg,authentic,train,640,640,JPEG,32114,False,,images5104
roboflow_counterfeit_med_detection,roboflow\train\images5061_jpg.rf.9dcb5540fa5ef9c97613c7c23d8d0e5d.jpg,authentic,train,640,640,JPEG,32102,False,,images5061
roboflow_counterfeit_med_detection,roboflow\train\images235_jpg.rf.9c0aa6b1953c264142eb0f31a97c9a46.jpg,authentic,train,640,640,JPEG,61094,False,,images235
roboflow_counterfeit_med_detection,roboflow\train\images4092_jpg.rf.9cd2ab263561626f33d91a957939cb2e.jpg,authentic,train,640,640,JPEG,30293,False,,images4092
roboflow_counterfeit_med_detection,roboflow\train\images5071_jpg.rf.9cffd55b27e6c1d860932cb46d10a45c.jpg,authentic,train,640,640,JPEG,44439,False,,images5071
roboflow_counterfeit_med_detection,roboflow\train\images4066_jpg.rf.9c6fe3d18b7f23e726afd1935b57aa78.jpg,authentic,train,640,640,JPEG,27792,False,,images4066
roboflow_counterfeit_med_detection,roboflow\train\images301_jpg.rf.9e16831d0f25d73fd3f25e4c26e70f27.jpg,authentic,train,640,640,JPEG,37275,False,,images301
roboflow_counterfeit_med_detection,roboflow\train\images245_jpg.rf.9df807bc6a3bc7eaba3a197d814f9502.jpg,authentic,train,640,640,JPEG,29639,False,,images245
roboflow_counterfeit_med_detection,roboflow\train\images225_jpg.rf.9cf6e020a20756ff34d3a21903100b6d.jpg,authentic,train,640,640,JPEG,49270,False,,images225
roboflow_counterfeit_med_detection,roboflow\train\2020-1348_14_jpg.rf.9e2ba611c8ef580e38b4ce3a755e081a.jpg,counterfeit,train,640,640,JPEG,57733,True,bulletin_graphic_with_baked_in_label_text,2020-1348_14
roboflow_counterfeit_med_detection,roboflow\train\images4095_jpg.rf.9e48eb75ba1a4295a78d7eab392967ed.jpg,authentic,train,640,640,JPEG,35866,False,,images4095
roboflow_counterfeit_med_detection,roboflow\train\images5113_jpg.rf.9ebd7f75f1f0705fc36b284e4e59c0bc.jpg,authentic,train,640,640,JPEG,36203,False,,images5113
roboflow_counterfeit_med_detection,roboflow\train\images47_jpg.rf.9e4f7fe2413b9a2a66c6c49f0a67e89d.jpg,authentic,train,640,640,JPEG,30516,False,,images47
roboflow_counterfeit_med_detection,roboflow\train\images230_jpg.rf.9e4c4156da0d8d9878e490c481d90f40.jpg,authentic,train,640,640,JPEG,44252,False,,images230
roboflow_counterfeit_med_detection,roboflow\train\images230_jpg.rf.9e7befa01f223067da0542d341ddc201.jpg,authentic,train,640,640,JPEG,49526,False,,images230
roboflow_counterfeit_med_detection,roboflow\train\images5096_jpg.rf.9f300a28a2a0d1fba43ea6a43ccceacb.jpg,authentic,train,640,640,JPEG,56645,False,,images5096
roboflow_counterfeit_med_detection,roboflow\train\images07_jpg.rf.9ea563ef0782f4a2645d048e75c0949b.jpg,authentic,train,640,640,JPEG,78907,False,,images07
roboflow_counterfeit_med_detection,roboflow\train\images5041_jpg.rf.9eace1d7caf7dcde53ea7b88a7e77218.jpg,authentic,train,640,640,JPEG,79336,False,,images5041
roboflow_counterfeit_med_detection,roboflow\train\images4058_jpg.rf.9e3ba375df88c09ddd52d2ae71036a83.jpg,authentic,train,640,640,JPEG,33539,False,,images4058
roboflow_counterfeit_med_detection,roboflow\train\FDA-Advisory-No-2021-0363-1_png.rf.9f05e5ed98cb90503c71f5ac8986cdc2.jpg,counterfeit,train,640,640,JPEG,63256,True,bulletin_graphic_with_baked_in_label_text,FDA-Advisory-No-2021-0363-1
roboflow_counterfeit_med_detection,roboflow\train\images348_jpg.rf.9ed6c8776ed75722b51033d832b7b938.jpg,authentic,train,640,640,JPEG,33420,False,,images348
roboflow_counterfeit_med_detection,roboflow\train\images4074_jpg.rf.9f13ec228c1c12db57d4dffbbb31387b.jpg,authentic,train,640,640,JPEG,33286,False,,images4074
roboflow_counterfeit_med_detection,roboflow\train\images35_jpg.rf.9ee57b0f920ca1449c19476578e499ee.jpg,authentic,train,640,640,JPEG,44492,False,,images35
roboflow_counterfeit_med_detection,roboflow\train\images5103_jpg.rf.9e7f72fa6bd5498af59ab629c8eb42d5.jpg,authentic,train,640,640,JPEG,24789,False,,images5103
roboflow_counterfeit_med_detection,roboflow\train\FDA-Advisory-No-2022-0273-9-1-_png.rf.9f229e5c12981370395df10aeddfdb48.jpg,ambiguous,train,640,640,JPEG,61713,True,dual_label_contradiction,FDA-Advisory-No-2022-0273-9-1-
roboflow_counterfeit_med_detection,roboflow\train\images36_jpg.rf.9ec9040b24d5b0b2d7e279bd9e3143b7.jpg,authentic,train,640,640,JPEG,35078,False,,images36
roboflow_counterfeit_med_detection,roboflow\train\images209_jpg.rf.9f93d416275e0b39408db275985d7e86.jpg,authentic,train,640,640,JPEG,39874,False,,images209
roboflow_counterfeit_med_detection,roboflow\train\images07_jpg.rf.9f779aecc06fcdfc4af9181fba732ad8.jpg,authentic,train,640,640,JPEG,62550,False,,images07
roboflow_counterfeit_med_detection,roboflow\train\images4124_jpg.rf.9f57d7f6d29bfec8400e7a6c1dfa0525.jpg,authentic,train,640,640,JPEG,21919,False,,images4124
roboflow_counterfeit_med_detection,roboflow\train\images4069_jpg.rf.9f54874769bc1e714275413fbf659f02.jpg,authentic,train,640,640,JPEG,32386,False,,images4069
roboflow_counterfeit_med_detection,roboflow\train\images4031_jpg.rf.9f8ef2e043c17e57bfa667a10c072d07.jpg,authentic,train,640,640,JPEG,44964,False,,images4031
roboflow_counterfeit_med_detection,roboflow\train\images340_jpg.rf.9fa5adf1fbb3e14baa0946973ceb8665.jpg,authentic,train,640,640,JPEG,48829,False,,images340
roboflow_counterfeit_med_detection,roboflow\train\110087553_3244497862272912_6330145168259268761_n_jpg.rf.9fc235cae462f4158f4950dc2d4cd17b.jpg,counterfeit,train,640,640,JPEG,39407,True,bulletin_graphic_with_baked_in_label_text,110087553_3244497862272912_6330145168259268761_n
roboflow_counterfeit_med_detection,roboflow\train\images258_jpg.rf.9fb180ac5f1421d573f962a16ca9a9f3.jpg,authentic,train,640,640,JPEG,72225,False,,images258
roboflow_counterfeit_med_detection,roboflow\train\images240_jpg.rf.9fb336dee11e1b4ce95a4bc02e5b1aaf.jpg,authentic,train,640,640,JPEG,54002,False,,images240
roboflow_counterfeit_med_detection,roboflow\train\images38_jpg.rf.9e9c95b181d1575729b98907696f6322.jpg,authentic,train,640,640,JPEG,52994,False,,images38
roboflow_counterfeit_med_detection,roboflow\train\images4065_jpg.rf.9fcc183331659f4f78b0ef0242ca0516.jpg,authentic,train,640,640,JPEG,18366,False,,images4065
roboflow_counterfeit_med_detection,roboflow\train\images210_jpg.rf.9fdb7d277308ff72d1eb31f916815041.jpg,authentic,train,640,640,JPEG,36884,False,,images210
roboflow_counterfeit_med_detection,roboflow\train\images352_jpg.rf.9ff0afc1f1e24e0d85e1ac8eda64bab4.jpg,authentic,train,640,640,JPEG,43854,False,,images352
roboflow_counterfeit_med_detection,roboflow\train\images5060_jpg.rf.a039108701ef5698f6265997908c0462.jpg,authentic,train,640,640,JPEG,40403,False,,images5060
roboflow_counterfeit_med_detection,roboflow\train\images13_jpg.rf.a02dd76733b64588cbaf323268aea716.jpg,authentic,train,640,640,JPEG,18396,False,,images13
roboflow_counterfeit_med_detection,roboflow\train\images5052_jpg.rf.a00b3752037ede53f91a54ebaef2eb63.jpg,authentic,train,640,640,JPEG,75342,False,,images5052
roboflow_counterfeit_med_detection,roboflow\train\images4031_jpg.rf.a045a74a302d15d085f8ad1d5062dc30.jpg,authentic,train,640,640,JPEG,30939,False,,images4031
roboflow_counterfeit_med_detection,roboflow\train\images264_jpg.rf.a0552ceedafbac2d20173ec6d998cf90.jpg,authentic,train,640,640,JPEG,22385,False,,images264
roboflow_counterfeit_med_detection,roboflow\train\images4046_jpg.rf.a03eda5b56bd2145cee1b4460c8b7945.jpg,authentic,train,640,640,JPEG,91609,False,,images4046
roboflow_counterfeit_med_detection,roboflow\train\images228_jpg.rf.a0927dd82e1b2c1c07a4f1b20c0d33aa.jpg,authentic,train,640,640,JPEG,35231,False,,images228
roboflow_counterfeit_med_detection,roboflow\train\images4082_jpg.rf.a04486d94f9068b4a8288542bcb955a6.jpg,authentic,train,640,640,JPEG,31108,False,,images4082
roboflow_counterfeit_med_detection,roboflow\train\images5080_jpg.rf.a14a1373eee3085eac0d25b08db3d5ec.jpg,authentic,train,640,640,JPEG,44237,False,,images5080
roboflow_counterfeit_med_detection,roboflow\train\images209_jpg.rf.a0ad0dbab7f20970d6bd0a0817dc5248.jpg,authentic,train,640,640,JPEG,40186,False,,images209
roboflow_counterfeit_med_detection,roboflow\train\images5117_jpg.rf.a0d7068e86b88f3950980728e4675312.jpg,authentic,train,640,640,JPEG,82999,False,,images5117
roboflow_counterfeit_med_detection,roboflow\train\images5052_jpg.rf.a115f510afa4018a4f50aa94f60e1db8.jpg,authentic,train,640,640,JPEG,80876,False,,images5052
roboflow_counterfeit_med_detection,roboflow\train\images5062_jpg.rf.a12ac0847ba3d3ce54108f8bb5ff4a6e.jpg,authentic,train,640,640,JPEG,21616,False,,images5062
roboflow_counterfeit_med_detection,roboflow\train\images47_jpg.rf.a06d8c43938307378f1745a80f901e20.jpg,authentic,train,640,640,JPEG,26638,False,,images47
roboflow_counterfeit_med_detection,roboflow\train\images4063_jpg.rf.a1616d5dbad3e681053f224e3c5a5ac2.jpg,authentic,train,640,640,JPEG,22456,False,,images4063
roboflow_counterfeit_med_detection,roboflow\train\1434-2020_png.rf.a0ec63d49fb9d801fc14d36706a1af4a.jpg,counterfeit,train,640,640,JPEG,41330,True,bulletin_graphic_with_baked_in_label_text,1434-2020
roboflow_counterfeit_med_detection,roboflow\train\images5058_jpg.rf.a0f583907adfdb1599349b2801282fa2.jpg,authentic,train,640,640,JPEG,74332,False,,images5058
roboflow_counterfeit_med_detection,roboflow\train\images4040_jpg.rf.a0a4fa12ec6fb29e7cf34e878fae9a03.jpg,authentic,train,640,640,JPEG,72616,False,,images4040
roboflow_counterfeit_med_detection,roboflow\train\images5041_jpg.rf.a143a2d7d9f8325fc8e94634d58c7ab6.jpg,authentic,train,640,640,JPEG,55177,False,,images5041
roboflow_counterfeit_med_detection,roboflow\train\images4090_jpg.rf.a10842a3cce1b297f0fc36b2f8aef76e.jpg,authentic,train,640,640,JPEG,18538,False,,images4090
roboflow_counterfeit_med_detection,roboflow\train\images4074_jpg.rf.a061ddddfd4f28833d7850ab1c5276c9.jpg,authentic,train,640,640,JPEG,36140,False,,images4074
roboflow_counterfeit_med_detection,roboflow\train\images5060_jpg.rf.a0b108775f31df85d6d0386b07674070.jpg,authentic,train,640,640,JPEG,47730,False,,images5060
roboflow_counterfeit_med_detection,roboflow\train\images5030_jpg.rf.a0f566ba9ee6d91bae8d2359252f543d.jpg,authentic,train,640,640,JPEG,29329,False,,images5030
roboflow_counterfeit_med_detection,roboflow\train\images320_jpg.rf.a172a89d723e721621d92fb017245750.jpg,authentic,train,640,640,JPEG,39186,False,,images320
roboflow_counterfeit_med_detection,roboflow\train\images5111_jpg.rf.a0c2dd952dc020e2b5191c2577979aec.jpg,authentic,train,640,640,JPEG,39343,False,,images5111
roboflow_counterfeit_med_detection,roboflow\train\images14_jpg.rf.a16de8dc7c8993098ff7cedb97495c0a.jpg,authentic,train,640,640,JPEG,39067,False,,images14
roboflow_counterfeit_med_detection,roboflow\train\images5080_jpg.rf.a0c2ec6b6f78fb3c3b72de542c5eb98f.jpg,authentic,train,640,640,JPEG,38921,False,,images5080
roboflow_counterfeit_med_detection,roboflow\train\images340_jpg.rf.a1c5886c99f585daddac9d39b2de2bd9.jpg,authentic,train,640,640,JPEG,53137,False,,images340
roboflow_counterfeit_med_detection,roboflow\train\images4081_jpg.rf.a12de139564f92a406bfaa3883e1e16f.jpg,authentic,train,640,640,JPEG,24170,False,,images4081
roboflow_counterfeit_med_detection,roboflow\train\images349_jpg.rf.a1feeb33a02642ef1afdf920475ccdcf.jpg,authentic,train,640,640,JPEG,50257,False,,images349
roboflow_counterfeit_med_detection,roboflow\train\images4116_jpg.rf.a180c774f0a11a86a6b0a51ef5b19812.jpg,authentic,train,640,640,JPEG,28900,False,,images4116
roboflow_counterfeit_med_detection,roboflow\train\images312_jpg.rf.a1f9a11be41f48a74711da8c3ca010ab.jpg,authentic,train,640,640,JPEG,57700,False,,images312
roboflow_counterfeit_med_detection,roboflow\train\images323_jpg.rf.a20c1b5cf2b647b6e9a6628e911dbf94.jpg,authentic,train,640,640,JPEG,25819,False,,images323
roboflow_counterfeit_med_detection,roboflow\train\FDA-Advisory-No-2021-3535-3_png.rf.a20eebfbc7b997d73bf283036126906b.jpg,ambiguous,train,640,640,JPEG,69310,True,dual_label_contradiction,FDA-Advisory-No-2021-3535-3
roboflow_counterfeit_med_detection,roboflow\train\images4031_jpg.rf.a2412176a4ea1a49f685def158950262.jpg,authentic,train,640,640,JPEG,50255,False,,images4031
roboflow_counterfeit_med_detection,roboflow\train\images5039_jpg.rf.a264a1513d2168d40a14220a3d4175f9.jpg,authentic,train,640,640,JPEG,55622,False,,images5039
roboflow_counterfeit_med_detection,roboflow\train\images5069_jpg.rf.a2d2b3e4a4549966dfdb20a953b094dd.jpg,authentic,train,640,640,JPEG,68932,False,,images5069
roboflow_counterfeit_med_detection,roboflow\train\images4044_jpg.rf.a26daeb60e4559953519398e2be23990.jpg,authentic,train,640,640,JPEG,63152,False,,images4044
roboflow_counterfeit_med_detection,roboflow\train\images5126_jpg.rf.a2f56b29b0667aa7e398f479c876a61f.jpg,authentic,train,640,640,JPEG,41729,False,,images5126
roboflow_counterfeit_med_detection,roboflow\train\images5126_jpg.rf.a2ca6dab8de8c8e32ca51dcc54af245e.jpg,authentic,train,640,640,JPEG,25345,False,,images5126
roboflow_counterfeit_med_detection,roboflow\train\images315_jpg.rf.a2c4c27e9ef3faf9de455da4bce3531b.jpg,authentic,train,640,640,JPEG,32120,False,,images315
roboflow_counterfeit_med_detection,roboflow\train\images4039_jpg.rf.a2bd69c397ae242f47a2062c3a65d814.jpg,authentic,train,640,640,JPEG,52022,False,,images4039
roboflow_counterfeit_med_detection,roboflow\train\images5044_jpg.rf.a2c1d47d2dc7ef2b4fb64eaf570335b9.jpg,authentic,train,640,640,JPEG,62097,False,,images5044
roboflow_counterfeit_med_detection,roboflow\train\images232_jpg.rf.a31463bd0ec2c127f839ef077499c9e5.jpg,authentic,train,640,640,JPEG,58004,False,,images232
roboflow_counterfeit_med_detection,roboflow\train\images230_jpg.rf.a325621b2bb00ea57a1e72e08319948c.jpg,authentic,train,640,640,JPEG,42177,False,,images230
roboflow_counterfeit_med_detection,roboflow\train\images303_jpg.rf.a35b900b302bc3301749503054eedee0.jpg,authentic,train,640,640,JPEG,52068,False,,images303
roboflow_counterfeit_med_detection,roboflow\train\images302_jpg.rf.a2a22c365e0b1a89cae197662d94dc47.jpg,authentic,train,640,640,JPEG,38591,False,,images302
roboflow_counterfeit_med_detection,roboflow\train\fake-buscopan-2048x1150_jpg.rf.a37e015a4f6c6e763231f1a2cdf6d638.jpg,counterfeit,train,640,640,JPEG,44593,True,bulletin_graphic_with_baked_in_label_text,fake-buscopan-2048x1150
roboflow_counterfeit_med_detection,roboflow\train\images5110_jpg.rf.a3112129108bbca46003528475663cdd.jpg,authentic,train,640,640,JPEG,14040,False,,images5110
roboflow_counterfeit_med_detection,roboflow\train\images307_jpg.rf.a2fd88981a4f6008172ccc76b334b5bf.jpg,authentic,train,640,640,JPEG,35656,False,,images307
roboflow_counterfeit_med_detection,roboflow\train\images5062_jpg.rf.a368f4b88d5d3187db87723b18b75c82.jpg,authentic,train,640,640,JPEG,17638,False,,images5062
roboflow_counterfeit_med_detection,roboflow\train\images5053_jpg.rf.a32e3961c2feeb33c3da490834048f99.jpg,authentic,train,640,640,JPEG,29615,False,,images5053
roboflow_counterfeit_med_detection,roboflow\train\images262_jpg.rf.a3ef678f4131bda02c3c3a707759bb3d.jpg,authentic,train,640,640,JPEG,33298,False,,images262
roboflow_counterfeit_med_detection,roboflow\train\images4029_jpg.rf.a33456008cb345501beb65df8bc0d70f.jpg,authentic,train,640,640,JPEG,76217,False,,images4029
roboflow_counterfeit_med_detection,roboflow\train\images256_jpg.rf.a42637ca2721b5a26c98445b969e71ec.jpg,authentic,train,640,640,JPEG,46833,False,,images256
roboflow_counterfeit_med_detection,roboflow\train\images33_jpg.rf.a361b98301a67fa6862528994a277a69.jpg,authentic,train,640,640,JPEG,36964,False,,images33
roboflow_counterfeit_med_detection,roboflow\train\images219_jpg.rf.a2af82cfb6e15f9861ad0b1f3c553f26.jpg,authentic,train,640,640,JPEG,47772,False,,images219
roboflow_counterfeit_med_detection,roboflow\train\images4094_jpg.rf.a3ea3321122f7495d991bc7f5016ce41.jpg,authentic,train,640,640,JPEG,28358,False,,images4094
roboflow_counterfeit_med_detection,roboflow\train\images244_jpg.rf.a3d49f75473891533b6f60358b6c37d8.jpg,authentic,train,640,640,JPEG,52784,False,,images244
roboflow_counterfeit_med_detection,roboflow\train\images266_jpg.rf.a421e7f46db66a8baf84b37179ef488c.jpg,authentic,train,640,640,JPEG,34337,False,,images266
roboflow_counterfeit_med_detection,roboflow\train\images5071_jpg.rf.a3825a5fafcd10484c7c8a8ecf2b8f7e.jpg,authentic,train,640,640,JPEG,39635,False,,images5071
roboflow_counterfeit_med_detection,roboflow\train\images29_jpg.rf.a42818789d1e172d3b5b8358b43aa820.jpg,authentic,train,640,640,JPEG,33767,False,,images29
roboflow_counterfeit_med_detection,roboflow\train\images5030_jpg.rf.a42e0e26f4546ea4862caf8627a8b48c.jpg,authentic,train,640,640,JPEG,33231,False,,images5030
roboflow_counterfeit_med_detection,roboflow\train\images5113_jpg.rf.a43a36c76e6eb3a9f0a822614aa40400.jpg,authentic,train,640,640,JPEG,39071,False,,images5113
roboflow_counterfeit_med_detection,roboflow\train\images4068_jpg.rf.a440de5c6afd2ec31ef0116d7dd43ec8.jpg,authentic,train,640,640,JPEG,65984,False,,images4068
roboflow_counterfeit_med_detection,roboflow\train\images351_jpg.rf.001d4f1485fc83651ce782f1efb5a9d2.jpg,authentic,train,640,640,JPEG,47977,False,,images351
roboflow_counterfeit_med_detection,roboflow\train\images4087_jpg.rf.0047bf63efcbfa7d8bd493caf51f1c4c.jpg,authentic,train,640,640,JPEG,37388,False,,images4087
roboflow_counterfeit_med_detection,roboflow\train\images5052_jpg.rf.00150e7ff9e4e806dbaa7a8a5d01edaf.jpg,authentic,train,640,640,JPEG,66257,False,,images5052
roboflow_counterfeit_med_detection,roboflow\train\images5106_jpg.rf.01032d597387d49b9effbf3eff8a4427.jpg,authentic,train,640,640,JPEG,59028,False,,images5106
roboflow_counterfeit_med_detection,roboflow\train\images4092_jpg.rf.00520cc9d40483afa1a5d30ac3bd5384.jpg,authentic,train,640,640,JPEG,48689,False,,images4092
roboflow_counterfeit_med_detection,roboflow\train\images4058_jpg.rf.00ff337b2831e1c71da4a596134375cf.jpg,authentic,train,640,640,JPEG,33641,False,,images4058
roboflow_counterfeit_med_detection,roboflow\train\images4093_jpg.rf.00cd23425ed95db13aa7de045af8d8ef.jpg,authentic,train,640,640,JPEG,31217,False,,images4093
roboflow_counterfeit_med_detection,roboflow\train\images5046_jpg.rf.006b30c0ba3b01574a5319a513e47020.jpg,authentic,train,640,640,JPEG,44356,False,,images5046
roboflow_counterfeit_med_detection,roboflow\train\images236_jpg.rf.00d30cbb04322974838dc3bb8cae6c98.jpg,authentic,train,640,640,JPEG,50075,False,,images236
roboflow_counterfeit_med_detection,roboflow\train\images303_jpg.rf.01036ec07ec9085cd3daed88d9ee5e3c.jpg,authentic,train,640,640,JPEG,54165,False,,images303
roboflow_counterfeit_med_detection,roboflow\train\images5045_jpg.rf.005b54235b5dc212200fd13d2c718e0a.jpg,authentic,train,640,640,JPEG,40324,False,,images5045
roboflow_counterfeit_med_detection,roboflow\train\images35_jpg.rf.00a0aac5685a9fd967db0b9d27602077.jpg,authentic,train,640,640,JPEG,46141,False,,images35
roboflow_counterfeit_med_detection,roboflow\train\images339_jpg.rf.0098f42d321e49c230cc07209eade34d.jpg,authentic,train,640,640,JPEG,48469,False,,images339
roboflow_counterfeit_med_detection,roboflow\train\images11_jpg.rf.00554a51059083f2f3b64a9107b6b63f.jpg,authentic,train,640,640,JPEG,60900,False,,images11
roboflow_counterfeit_med_detection,roboflow\train\images21_jpg.rf.0094900be4fb50210442e818cfda1087.jpg,authentic,train,640,640,JPEG,35378,False,,images21
roboflow_counterfeit_med_detection,roboflow\train\images4025_jpg.rf.011978da50471cf410ae38ed1047f1fc.jpg,authentic,train,640,640,JPEG,27951,False,,images4025
roboflow_counterfeit_med_detection,roboflow\train\images206_jpg.rf.011717393b4f178af091da2bab86bdd4.jpg,authentic,train,640,640,JPEG,36444,False,,images206
roboflow_counterfeit_med_detection,roboflow\train\images351_jpg.rf.010ac2a28847da71f451c150fa8d05d5.jpg,authentic,train,640,640,JPEG,47748,False,,images351
roboflow_counterfeit_med_detection,roboflow\train\images08_jpg.rf.01a23dc4b7b6f7215a94c5e565d960ac.jpg,authentic,train,640,640,JPEG,61745,False,,images08
roboflow_counterfeit_med_detection,roboflow\train\images4029_jpg.rf.0174991dd217442bd70086f98af6cd00.jpg,authentic,train,640,640,JPEG,79388,False,,images4029
roboflow_counterfeit_med_detection,roboflow\train\images4079_jpg.rf.002a29dbf10dd429831ccda2a2f86b65.jpg,authentic,train,640,640,JPEG,57076,False,,images4079
roboflow_counterfeit_med_detection,roboflow\train\images33_jpg.rf.00ff60ffb880b5d0f4b8206da9ad2136.jpg,authentic,train,640,640,JPEG,29428,False,,images33
roboflow_counterfeit_med_detection,roboflow\train\images5115_jpg.rf.00e03cc94cd55d7c8aec4225cb836394.jpg,authentic,train,640,640,JPEG,50722,False,,images5115
roboflow_counterfeit_med_detection,roboflow\train\images214_jpg.rf.0158dbd7db6138b215cd10cb9d165cfa.jpg,authentic,train,640,640,JPEG,35184,False,,images214
roboflow_counterfeit_med_detection,roboflow\train\images265_jpg.rf.015d546eb9abaa8bb026a31bc73e52ba.jpg,authentic,train,640,640,JPEG,44091,False,,images265
roboflow_counterfeit_med_detection,roboflow\train\images320_jpg.rf.01978a80befe01187b07af68433154f7.jpg,authentic,train,640,640,JPEG,31992,False,,images320
roboflow_counterfeit_med_detection,roboflow\train\images347_jpg.rf.014739888a6a160031bef267dbf41d35.jpg,authentic,train,640,640,JPEG,28586,False,,images347
roboflow_counterfeit_med_detection,roboflow\train\images5110_jpg.rf.01c4e3db3c0a14137a7ec020c507b58b.jpg,authentic,train,640,640,JPEG,12752,False,,images5110
roboflow_counterfeit_med_detection,roboflow\train\images5106_jpg.rf.01bfc455c12c6e11421a0e14aa64c2a1.jpg,authentic,train,640,640,JPEG,63807,False,,images5106
roboflow_counterfeit_med_detection,roboflow\train\images275_jpg.rf.01a292b74751cd91fd80f1b0a49ef22d.jpg,authentic,train,640,640,JPEG,34111,False,,images275
roboflow_counterfeit_med_detection,roboflow\train\images4061_jpg.rf.02235148190b3a42be8ae5c5c3ac0a8c.jpg,authentic,train,640,640,JPEG,18911,False,,images4061
roboflow_counterfeit_med_detection,roboflow\train\images4035_jpg.rf.01f3631ca1d8bcd2162702536b1e7b82.jpg,authentic,train,640,640,JPEG,94051,False,,images4035
roboflow_counterfeit_med_detection,roboflow\train\images4042_jpg.rf.024f647a35aef1b8c9871bc07ae6f31e.jpg,authentic,train,640,640,JPEG,35155,False,,images4042
roboflow_counterfeit_med_detection,roboflow\train\images5063_jpg.rf.0276702df4691f46dd58991cad6c1ada.jpg,authentic,train,640,640,JPEG,24627,False,,images5063
roboflow_counterfeit_med_detection,roboflow\train\images5114_jpg.rf.02de251244c514f3d3c1cd0473ff3182.jpg,authentic,train,640,640,JPEG,31978,False,,images5114
roboflow_counterfeit_med_detection,roboflow\train\images5080_jpg.rf.01f31b2b33b8993610b543cca8fbb57d.jpg,authentic,train,640,640,JPEG,49641,False,,images5080
roboflow_counterfeit_med_detection,roboflow\train\images5080_jpg.rf.035014f006c826409d759d3c7c647aec.jpg,authentic,train,640,640,JPEG,37054,False,,images5080
roboflow_counterfeit_med_detection,roboflow\train\images4038_jpg.rf.021bbbde0d7d02f620c7b28b77028904.jpg,authentic,train,640,640,JPEG,58337,False,,images4038
roboflow_counterfeit_med_detection,roboflow\train\images323_jpg.rf.02b972c77823cdcc7ed8617669d402cb.jpg,authentic,train,640,640,JPEG,33451,False,,images323
roboflow_counterfeit_med_detection,roboflow\train\images05_jpg.rf.033ab55a6c5a042c42a53bd51c421a2b.jpg,authentic,train,640,640,JPEG,24565,False,,images05
roboflow_counterfeit_med_detection,roboflow\train\images5111_jpg.rf.02e94091e3d1801112e2e31c2e920eaf.jpg,authentic,train,640,640,JPEG,41854,False,,images5111
roboflow_counterfeit_med_detection,roboflow\train\images5116_jpg.rf.027cfa700da4e0bc731ae6778fbfd045.jpg,authentic,train,640,640,JPEG,67188,False,,images5116
roboflow_counterfeit_med_detection,roboflow\train\images5114_jpg.rf.0340cf40b40466e17a1aae6468e235be.jpg,authentic,train,640,640,JPEG,29414,False,,images5114
roboflow_counterfeit_med_detection,roboflow\train\maxresdefault_jpg.rf.033a94b0cac5156d223fc81a540afe45.jpg,ambiguous,train,640,640,JPEG,83221,True,dual_label_contradiction,maxresdefault
roboflow_counterfeit_med_detection,roboflow\train\images265_jpg.rf.02184fe9c66b6c5998d7d51cdfbb9581.jpg,authentic,train,640,640,JPEG,52552,False,,images265
roboflow_counterfeit_med_detection,roboflow\train\images4063_jpg.rf.02819c2a8a46911ac5abc3a367b5b3f7.jpg,authentic,train,640,640,JPEG,24041,False,,images4063
roboflow_counterfeit_med_detection,roboflow\train\FDA-Advisory-No-2022-0611-30_png.rf.027f8757d9c3caf6b05e7911651a1aa8.jpg,counterfeit,train,640,640,JPEG,59299,True,bulletin_graphic_with_baked_in_label_text,FDA-Advisory-No-2022-0611-30
roboflow_counterfeit_med_detection,roboflow\train\images4038_jpg.rf.02d18318593390e6ea2c5eac0b3bad72.jpg,authentic,train,640,640,JPEG,50827,False,,images4038
roboflow_counterfeit_med_detection,roboflow\train\images219_jpg.rf.0349b401907a59181111b399b902e318.jpg,authentic,train,640,640,JPEG,50599,False,,images219
roboflow_counterfeit_med_detection,roboflow\train\images4046_jpg.rf.0342cb6bccc34b8ee6138b15605667c1.jpg,authentic,train,640,640,JPEG,82287,False,,images4046
roboflow_counterfeit_med_detection,roboflow\train\images5063_jpg.rf.039bcbe5dc67a3cd89b69bfdd4924d42.jpg,authentic,train,640,640,JPEG,24377,False,,images5063
roboflow_counterfeit_med_detection,roboflow\train\images227_jpg.rf.038d6511c1ae92301210c1c6514a5baa.jpg,authentic,train,640,640,JPEG,27646,False,,images227
roboflow_counterfeit_med_detection,roboflow\train\images346_jpg.rf.03ae366188eb11f56244959330f2f421.jpg,authentic,train,640,640,JPEG,27150,False,,images346
roboflow_counterfeit_med_detection,roboflow\train\FDA-Advisory-No-2021-0607_png.rf.039ece852f9b286247a0631487a471ea.jpg,counterfeit,train,640,640,JPEG,61412,True,bulletin_graphic_with_baked_in_label_text,FDA-Advisory-No-2021-0607
roboflow_counterfeit_med_detection,roboflow\train\images5127_jpg.rf.03a4e1f5488636d3c84ffde609fe40e4.jpg,authentic,train,640,640,JPEG,47053,False,,images5127
roboflow_counterfeit_med_detection,roboflow\train\images37_jpg.rf.0435784ee32f71e1d2d1615bcb1d9239.jpg,authentic,train,640,640,JPEG,28257,False,,images37
roboflow_counterfeit_med_detection,roboflow\train\images214_jpg.rf.0451f25fc3a8d7b8ad1d694fa64d0aa9.jpg,authentic,train,640,640,JPEG,35569,False,,images214
roboflow_counterfeit_med_detection,roboflow\train\images4046_jpg.rf.03f2c11c256b65e5cabb2e6298154279.jpg,authentic,train,640,640,JPEG,95913,False,,images4046
roboflow_counterfeit_med_detection,roboflow\train\images4046_jpg.rf.03dd8f9820df1376dab9e09bb3219c23.jpg,authentic,train,640,640,JPEG,93019,False,,images4046
roboflow_counterfeit_med_detection,roboflow\train\images232_jpg.rf.03f18da48a0291eace2b3493a03ffa0c.jpg,authentic,train,640,640,JPEG,60664,False,,images232
roboflow_counterfeit_med_detection,roboflow\train\2020-1348_31_jpg.rf.043495094204bc3efd539225ee63cdcd.jpg,authentic,train,640,640,JPEG,42659,True,bulletin_graphic_with_baked_in_label_text,2020-1348_31
roboflow_counterfeit_med_detection,roboflow\train\images4124_jpg.rf.04c862c084335ceec006ac3c066cecee.jpg,authentic,train,640,640,JPEG,22414,False,,images4124
roboflow_counterfeit_med_detection,roboflow\train\images4074_jpg.rf.0538e06bb1ab7a6b1a6f9bf7a2792121.jpg,authentic,train,640,640,JPEG,32203,False,,images4074
roboflow_counterfeit_med_detection,roboflow\train\images4068_jpg.rf.048498b1fec358bf962081eef2efe867.jpg,authentic,train,640,640,JPEG,53808,False,,images4068
roboflow_counterfeit_med_detection,roboflow\train\images4060_jpg.rf.05a361c2337a88d218970837394d059f.jpg,authentic,train,640,640,JPEG,65799,False,,images4060
roboflow_counterfeit_med_detection,roboflow\train\FDA-Advisory-No-2022-0611-27_png.rf.044eeb984fd0226db67abe5e8bae6916.jpg,authentic,train,640,640,JPEG,60820,True,bulletin_graphic_with_baked_in_label_text,FDA-Advisory-No-2022-0611-27
roboflow_counterfeit_med_detection,roboflow\train\FDA-Advisory-No-2022-0780_png.rf.05b97f0a3134883b82ad08e597413d86.jpg,ambiguous,train,640,640,JPEG,60520,True,dual_label_contradiction,FDA-Advisory-No-2022-0780
roboflow_counterfeit_med_detection,roboflow\train\images13_jpg.rf.060fcd23c5944b8bcd4e69aafd0b22de.jpg,authentic,train,640,640,JPEG,21379,False,,images13
roboflow_counterfeit_med_detection,roboflow\train\images5116_jpg.rf.04249590582d8faafe493d5142dfc412.jpg,authentic,train,640,640,JPEG,87890,False,,images5116
roboflow_counterfeit_med_detection,roboflow\train\images342_jpg.rf.05e9fc8b69905fb09a689b5c865f2e8a.jpg,authentic,train,640,640,JPEG,19970,False,,images342
roboflow_counterfeit_med_detection,roboflow\train\images236_jpg.rf.04d71bf20483ff8f30da7263be27968b.jpg,authentic,train,640,640,JPEG,49497,False,,images236
roboflow_counterfeit_med_detection,roboflow\train\images4058_jpg.rf.05f8e4b088c9f6b70ac5a8cadfdc8df7.jpg,authentic,train,640,640,JPEG,33791,False,,images4058
roboflow_counterfeit_med_detection,roboflow\train\images347_jpg.rf.049335e13dab0b5d3b06aa5cb823555a.jpg,authentic,train,640,640,JPEG,26119,False,,images347
roboflow_counterfeit_med_detection,roboflow\train\images227_jpg.rf.064af2f43d49bbdf731c11f2f3f2f5c4.jpg,authentic,train,640,640,JPEG,19373,False,,images227
roboflow_counterfeit_med_detection,roboflow\train\images323_jpg.rf.04674e28ba1db1c3d28e509891a65eb2.jpg,authentic,train,640,640,JPEG,25986,False,,images323
roboflow_counterfeit_med_detection,roboflow\train\images5126_jpg.rf.0423ec2e768d0e6cc150782cc3bc0915.jpg,authentic,train,640,640,JPEG,39968,False,,images5126
roboflow_counterfeit_med_detection,roboflow\train\images4107_jpg.rf.047de3ccad75df3d6fc5c8a29f569ed0.jpg,authentic,train,640,640,JPEG,38541,False,,images4107
roboflow_counterfeit_med_detection,roboflow\train\images254_jpg.rf.047d62f08cc0662bf0f0338145c139e3.jpg,authentic,train,640,640,JPEG,43627,False,,images254
roboflow_counterfeit_med_detection,roboflow\train\images320_jpg.rf.0511988fbe6349cdd6555970dfe1505f.jpg,authentic,train,640,640,JPEG,37318,False,,images320
roboflow_counterfeit_med_detection,roboflow\train\images352_jpg.rf.061c21a2fc4f35f3c553ea0fbbc6afa2.jpg,authentic,train,640,640,JPEG,47860,False,,images352
roboflow_counterfeit_med_detection,roboflow\train\images4067_jpg.rf.0662dc08a44b307c972ba99c9adb6333.jpg,authentic,train,640,640,JPEG,35826,False,,images4067
roboflow_counterfeit_med_detection,roboflow\train\images232_jpg.rf.067bacd1c10ee549effdc4cf4dcedbd5.jpg,authentic,train,640,640,JPEG,46515,False,,images232
roboflow_counterfeit_med_detection,roboflow\train\images5107_jpg.rf.06eea170d1366b12a7dd0e4f377499fd.jpg,authentic,train,640,640,JPEG,26975,False,,images5107
roboflow_counterfeit_med_detection,roboflow\train\images36_jpg.rf.069b3b37fbda8c616dc91d31c5586f55.jpg,authentic,train,640,640,JPEG,32294,False,,images36
roboflow_counterfeit_med_detection,roboflow\train\images310_jpg.rf.068ab29363ce67df0f333b24dbc99aae.jpg,authentic,train,640,640,JPEG,46016,False,,images310
roboflow_counterfeit_med_detection,roboflow\train\images5097_jpg.rf.07ffef4fbae8df6453a6f163c260df33.jpg,authentic,train,640,640,JPEG,28334,False,,images5097
roboflow_counterfeit_med_detection,roboflow\train\images5044_jpg.rf.07af529d38cb9877a984c56a31ad0353.jpg,authentic,train,640,640,JPEG,59526,False,,images5044
roboflow_counterfeit_med_detection,roboflow\train\images13_jpg.rf.06aba1682d73ac205f54a18e27b32366.jpg,authentic,train,640,640,JPEG,18512,False,,images13
roboflow_counterfeit_med_detection,roboflow\train\images348_jpg.rf.06f224f56302fccf0dc10dc7372c0cd3.jpg,authentic,train,640,640,JPEG,30428,False,,images348
roboflow_counterfeit_med_detection,roboflow\train\images4116_jpg.rf.07d4c72e722ed27d3b9413314a2a14d9.jpg,authentic,train,640,640,JPEG,26832,False,,images4116
roboflow_counterfeit_med_detection,roboflow\train\images4095_jpg.rf.083271b1de174608a580899273d3df57.jpg,authentic,train,640,640,JPEG,24611,False,,images4095
roboflow_counterfeit_med_detection,roboflow\train\images225_jpg.rf.076b8cbb34e455ea056dfb03d9bfe4a7.jpg,authentic,train,640,640,JPEG,52504,False,,images225
roboflow_counterfeit_med_detection,roboflow\train\images4054_jpg.rf.08768282b6b4c97c3f11bebea696b902.jpg,authentic,train,640,640,JPEG,42523,False,,images4054
roboflow_counterfeit_med_detection,roboflow\train\images4033_jpg.rf.08a548b38e7f14b7059da5778b84f351.jpg,authentic,train,640,640,JPEG,56532,False,,images4033
roboflow_counterfeit_med_detection,roboflow\train\images258_jpg.rf.07cf943704ef1eaab9d66257bd216fa3.jpg,authentic,train,640,640,JPEG,70869,False,,images258
roboflow_counterfeit_med_detection,roboflow\train\images4025_jpg.rf.06c6a55fcca701691323ecab6490314c.jpg,authentic,train,640,640,JPEG,38649,False,,images4025
roboflow_counterfeit_med_detection,roboflow\train\images340_jpg.rf.08045e011d026e1695e64c931e1f258d.jpg,authentic,train,640,640,JPEG,50895,False,,images340
roboflow_counterfeit_med_detection,roboflow\train\images4066_jpg.rf.07e82e52e28ebc3e0f0a599bf6bb1f95.jpg,authentic,train,640,640,JPEG,26787,False,,images4066
roboflow_counterfeit_med_detection,roboflow\train\images4039_jpg.rf.0809cb515a72ad04d07319344f13dca5.jpg,authentic,train,640,640,JPEG,61170,False,,images4039
roboflow_counterfeit_med_detection,roboflow\train\images312_jpg.rf.08716634cbef8281ca274beee70200bb.jpg,authentic,train,640,640,JPEG,42782,False,,images312
roboflow_counterfeit_med_detection,roboflow\train\images235_jpg.rf.0843985102baa0fa0bf91279da02ec53.jpg,authentic,train,640,640,JPEG,55747,False,,images235
roboflow_counterfeit_med_detection,roboflow\train\images264_jpg.rf.08a2e062208a6c5348b830ba9c41c25f.jpg,authentic,train,640,640,JPEG,20839,False,,images264
roboflow_counterfeit_med_detection,roboflow\train\images4039_jpg.rf.087680b816bfe5b8530998610d22d8b6.jpg,authentic,train,640,640,JPEG,62555,False,,images4039
roboflow_counterfeit_med_detection,roboflow\train\images339_jpg.rf.086218670edf825c23148c74e5cccd5a.jpg,authentic,train,640,640,JPEG,42882,False,,images339
roboflow_counterfeit_med_detection,roboflow\train\images23_jpg.rf.0859b4370229750a0ae997e36fcc3747.jpg,authentic,train,640,640,JPEG,27226,False,,images23
roboflow_counterfeit_med_detection,roboflow\train\images218_jpg.rf.08a87b09a5e1346bde8a23a9fa377290.jpg,authentic,train,640,640,JPEG,36594,False,,images218
roboflow_counterfeit_med_detection,roboflow\train\images4031_jpg.rf.08c88dd7667180379b72b8262fb9bbf5.jpg,authentic,train,640,640,JPEG,44807,False,,images4031
roboflow_counterfeit_med_detection,roboflow\train\images4063_jpg.rf.08e22223ac75a199a5745fa8545d9b17.jpg,authentic,train,640,640,JPEG,20756,False,,images4063
roboflow_counterfeit_med_detection,roboflow\train\images5067_jpg.rf.08f5c9609ea373b673a47ab5a534715b.jpg,authentic,train,640,640,JPEG,50778,False,,images5067
roboflow_counterfeit_med_detection,roboflow\train\images5097_jpg.rf.08f938dde81b25589025ea54f6c9963f.jpg,authentic,train,640,640,JPEG,29346,False,,images5097
roboflow_counterfeit_med_detection,roboflow\train\images4060_jpg.rf.08d488f47e0acfdd8262d2d73cf0ab27.jpg,authentic,train,640,640,JPEG,56878,False,,images4060
roboflow_counterfeit_med_detection,roboflow\train\images5116_jpg.rf.08a593e1e95178ddd08ad1173b6f8a54.jpg,authentic,train,640,640,JPEG,83325,False,,images5116
roboflow_counterfeit_med_detection,roboflow\train\images4048_jpg.rf.08ddea23260d31e75cc0f55071f9fbeb.jpg,authentic,train,640,640,JPEG,47513,False,,images4048
roboflow_counterfeit_med_detection,roboflow\train\images208_jpg.rf.08e46f98cc1af8e2354ce884186c6b1f.jpg,authentic,train,640,640,JPEG,50417,False,,images208
roboflow_counterfeit_med_detection,roboflow\train\images213_jpg.rf.0926ea98737abd13d2a2568e3e4202e1.jpg,authentic,train,640,640,JPEG,52372,False,,images213
roboflow_counterfeit_med_detection,roboflow\train\images227_jpg.rf.0938ef1659961a4bd8fec8eac2908388.jpg,authentic,train,640,640,JPEG,27747,False,,images227
roboflow_counterfeit_med_detection,roboflow\train\images4060_jpg.rf.093a63e4e4c526c033f11a6792882af6.jpg,authentic,train,640,640,JPEG,77263,False,,images4060
roboflow_counterfeit_med_detection,roboflow\train\images5031_jpg.rf.0961eecaacfd7b6c9fc24f526cf548cf.jpg,authentic,train,640,640,JPEG,37807,False,,images5031
roboflow_counterfeit_med_detection,roboflow\train\images5053_jpg.rf.09b7166ffff45bf073f69fa2fc890564.jpg,authentic,train,640,640,JPEG,17257,False,,images5053
roboflow_counterfeit_med_detection,roboflow\train\images4048_jpg.rf.09873581f86a033ce593f48dc36f015a.jpg,authentic,train,640,640,JPEG,49565,False,,images4048
roboflow_counterfeit_med_detection,roboflow\train\images236_jpg.rf.0976d4d6b9da8ffac79670dbd5a18aa0.jpg,authentic,train,640,640,JPEG,48683,False,,images236
roboflow_counterfeit_med_detection,roboflow\train\images283_jpg.rf.09ad6955a903eece5823c266cdeef7a9.jpg,authentic,train,640,640,JPEG,63990,False,,images283
roboflow_counterfeit_med_detection,roboflow\train\images4061_jpg.rf.09bf53fb3e4fad7d1753cb68cb237540.jpg,authentic,train,640,640,JPEG,26853,False,,images4061
roboflow_counterfeit_med_detection,roboflow\train\images4045_jpg.rf.09b2f185b1c30826c2efe1784b741ef5.jpg,authentic,train,640,640,JPEG,51419,False,,images4045
roboflow_counterfeit_med_detection,roboflow\train\images4068_jpg.rf.09c47c9eeb198e121bb97aca1701b2e0.jpg,authentic,train,640,640,JPEG,63049,False,,images4068
roboflow_counterfeit_med_detection,roboflow\train\images5045_jpg.rf.094bb468212115610f599b71f8d0e53f.jpg,authentic,train,640,640,JPEG,38525,False,,images5045
roboflow_counterfeit_med_detection,roboflow\train\images4061_jpg.rf.09ad6f622958a7c750f8801ee3678eb1.jpg,authentic,train,640,640,JPEG,25984,False,,images4061
roboflow_counterfeit_med_detection,roboflow\train\FDA-Advisory-No-2021-3535-3-1536x862-1_jpg.rf.09ac87eb7504d81e18a89c41ac888190.jpg,ambiguous,train,640,640,JPEG,54694,True,dual_label_contradiction,FDA-Advisory-No-2021-3535-3-1536x862-1
roboflow_counterfeit_med_detection,roboflow\train\images266_jpg.rf.099f381ff1b82adb497b440233a284c5.jpg,authentic,train,640,640,JPEG,33960,False,,images266
roboflow_counterfeit_med_detection,roboflow\train\images5069_jpg.rf.09df83348528d6d0e9d0bc3f3c24d3e6.jpg,authentic,train,640,640,JPEG,77303,False,,images5069
roboflow_counterfeit_med_detection,roboflow\train\images5062_jpg.rf.0968d052eeacaffd3b3218c6358be7f4.jpg,authentic,train,640,640,JPEG,23697,False,,images5062
roboflow_counterfeit_med_detection,roboflow\train\images352_jpg.rf.09eccbfcf231c8640ce69816b39e2db1.jpg,authentic,train,640,640,JPEG,40884,False,,images352
roboflow_counterfeit_med_detection,roboflow\train\images11_jpg.rf.08db1618efbe8598cbbda3e2324ded4d.jpg,authentic,train,640,640,JPEG,56898,False,,images11
roboflow_counterfeit_med_detection,roboflow\train\images214_jpg.rf.0a0d080d77657bebbb197200410c933e.jpg,authentic,train,640,640,JPEG,35151,False,,images214
roboflow_counterfeit_med_detection,roboflow\train\images37_jpg.rf.0a15f434d901284c4ed06cdc5078e4cf.jpg,authentic,train,640,640,JPEG,30332,False,,images37
roboflow_counterfeit_med_detection,roboflow\train\FDA-Advisory-No-2022-0611-17_png.rf.09e2b696a6054d9c4cda332e08dcd2dd.jpg,authentic,train,640,640,JPEG,51044,True,bulletin_graphic_with_baked_in_label_text,FDA-Advisory-No-2022-0611-17
roboflow_counterfeit_med_detection,roboflow\train\images264_jpg.rf.0a5dbc561539ef52f20fb12a9dd98d0f.jpg,authentic,train,640,640,JPEG,23675,False,,images264
roboflow_counterfeit_med_detection,roboflow\train\FDA-warns-public-against-fake-Alaxan-FR-Medicol-Advance-Buscopan-Kremil-S-and-Loperamide-1600x900_jpg.rf.0a5bd468b9ff7f0273ab3975b8c91bf1.jpg,ambiguous,train,640,640,JPEG,64654,True,dual_label_contradiction,FDA-warns-public-against-fake-Alaxan-FR-Medicol-Advance-Buscopan-Kremil-S-and-Loperamide-1600x900
roboflow_counterfeit_med_detection,roboflow\train\images5107_jpg.rf.0a48b7a7948b36419844c5d2a32653e9.jpg,authentic,train,640,640,JPEG,24217,False,,images5107
roboflow_counterfeit_med_detection,roboflow\train\images342_jpg.rf.08d3b2b202d521c6a93e9c94569e9968.jpg,authentic,train,640,640,JPEG,24388,False,,images342
roboflow_counterfeit_med_detection,roboflow\train\images4033_jpg.rf.0ad234e0286dfabeadbb51cd648ff3de.jpg,authentic,train,640,640,JPEG,57791,False,,images4033
roboflow_counterfeit_med_detection,roboflow\train\images5107_jpg.rf.0a5521857bd0429bdbb2967604508ff0.jpg,authentic,train,640,640,JPEG,25131,False,,images5107
roboflow_counterfeit_med_detection,roboflow\train\images21_jpg.rf.0a7d5d6652618bc0d0017a335a20be83.jpg,authentic,train,640,640,JPEG,34226,False,,images21
roboflow_counterfeit_med_detection,roboflow\train\2020-1348_16_jpg.rf.0b03734fde55866bd7eb3aca328ee379.jpg,counterfeit,train,640,640,JPEG,57294,True,bulletin_graphic_with_baked_in_label_text,2020-1348_16
roboflow_counterfeit_med_detection,roboflow\train\images342_jpg.rf.0a50ccfe61d3317accf3c7979eb1f05e.jpg,authentic,train,640,640,JPEG,24858,False,,images342
roboflow_counterfeit_med_detection,roboflow\train\images239_jpg.rf.0a918f613d1895710a9184d8e4cb6d0a.jpg,authentic,train,640,640,JPEG,42133,False,,images239
roboflow_counterfeit_med_detection,roboflow\train\images5058_jpg.rf.0a2997b5ed978f300de403b9f3745f58.jpg,authentic,train,640,640,JPEG,84031,False,,images5058
roboflow_counterfeit_med_detection,roboflow\train\images5032_jpg.rf.0aa5af5786edf1127681ab413335a258.jpg,authentic,train,640,640,JPEG,86739,False,,images5032
roboflow_counterfeit_med_detection,roboflow\train\images36_jpg.rf.0adbeee88e5c67949341e259f45d8532.jpg,authentic,train,640,640,JPEG,34095,False,,images36
roboflow_counterfeit_med_detection,roboflow\train\images5044_jpg.rf.0b98af63936a2e68fd86e5bea55b1273.jpg,authentic,train,640,640,JPEG,57748,False,,images5044
roboflow_counterfeit_med_detection,roboflow\train\images29_jpg.rf.0aa790bb33024eab0207d57e36ecb588.jpg,authentic,train,640,640,JPEG,34901,False,,images29
roboflow_counterfeit_med_detection,roboflow\train\images208_jpg.rf.0b25212f2aefb4b770a61ea18b265e4e.jpg,authentic,train,640,640,JPEG,52886,False,,images208
roboflow_counterfeit_med_detection,roboflow\train\images5031_jpg.rf.0a7f7430b5418f661d3657e93a4c4c0a.jpg,authentic,train,640,640,JPEG,35078,False,,images5031
roboflow_counterfeit_med_detection,roboflow\train\images4042_jpg.rf.0b5ef2ec9e3a2f39f701c19778beb055.jpg,authentic,train,640,640,JPEG,33980,False,,images4042
roboflow_counterfeit_med_detection,roboflow\train\images302_jpg.rf.0b9c5e029c3a306e985c8596fb7a0902.jpg,authentic,train,640,640,JPEG,38971,False,,images302
roboflow_counterfeit_med_detection,roboflow\train\images5117_jpg.rf.0b88d1511ef276ad99ad9b581dcc4c8a.jpg,authentic,train,640,640,JPEG,69274,False,,images5117
roboflow_counterfeit_med_detection,roboflow\train\images36_jpg.rf.0bb9ecd281d1a22d0da5a877c3ac521d.jpg,authentic,train,640,640,JPEG,29807,False,,images36
roboflow_counterfeit_med_detection,roboflow\train\images4025_jpg.rf.0b954003d7e49ab361ff72df3cc14bfa.jpg,authentic,train,640,640,JPEG,37299,False,,images4025
roboflow_counterfeit_med_detection,roboflow\train\images11_jpg.rf.0b67194a375dfdde0770e92877e2710f.jpg,authentic,train,640,640,JPEG,59994,False,,images11
roboflow_counterfeit_med_detection,roboflow\train\images4035_jpg.rf.0c079a1bb2fb3673edcf884fa268e9cc.jpg,authentic,train,640,640,JPEG,105071,False,,images4035
roboflow_counterfeit_med_detection,roboflow\train\images264_jpg.rf.0c095d66d3b6dce41d3f509ca459947f.jpg,authentic,train,640,640,JPEG,22807,False,,images264
roboflow_counterfeit_med_detection,roboflow\train\images5053_jpg.rf.0c1d7ff7f27caff195780d5d89098155.jpg,authentic,train,640,640,JPEG,28045,False,,images5053
roboflow_counterfeit_med_detection,roboflow\train\images346_jpg.rf.0c233fd9685e53718838af0a86f65033.jpg,authentic,train,640,640,JPEG,24606,False,,images346
roboflow_counterfeit_med_detection,roboflow\train\images5069_jpg.rf.0c518d14e80b4dfe4eadfae5faccaf29.jpg,authentic,train,640,640,JPEG,79594,False,,images5069
roboflow_counterfeit_med_detection,roboflow\train\images4085_jpg.rf.0c30e24482419af6b2d224f8f8cb2d53.jpg,authentic,train,640,640,JPEG,48513,False,,images4085
roboflow_counterfeit_med_detection,roboflow\train\2020-1348_5_jpg.rf.0c466f7f607dafd5d59317a424c3a24f.jpg,authentic,train,640,640,JPEG,47034,True,bulletin_graphic_with_baked_in_label_text,2020-1348_5
roboflow_counterfeit_med_detection,roboflow\train\images4033_jpg.rf.0c0d628b377fd4c2423b31f5072adb5d.jpg,authentic,train,640,640,JPEG,72073,False,,images4033
roboflow_counterfeit_med_detection,roboflow\train\images218_jpg.rf.0c6f5c199d7afeba6fb60d09f75601e4.jpg,authentic,train,640,640,JPEG,37480,False,,images218
roboflow_counterfeit_med_detection,roboflow\train\images275_jpg.rf.0c6a5a977c9611357af3f2a4cb739375.jpg,authentic,train,640,640,JPEG,34903,False,,images275
roboflow_counterfeit_med_detection,roboflow\train\images46_jpg.rf.0c7441517c12af25edd3424c35efdeb9.jpg,authentic,train,640,640,JPEG,24723,False,,images46
roboflow_counterfeit_med_detection,roboflow\train\images266_jpg.rf.0c8926d98165755cb796c25bf33701cd.jpg,authentic,train,640,640,JPEG,33925,False,,images266
roboflow_counterfeit_med_detection,roboflow\train\images5114_jpg.rf.0c860f72cb1ac32b4a1ce8f7a14a98c4.jpg,authentic,train,640,640,JPEG,27861,False,,images5114
roboflow_counterfeit_med_detection,roboflow\train\images4054_jpg.rf.0cca52b9d6af1a7071127c35f5ea4a5a.jpg,authentic,train,640,640,JPEG,68607,False,,images4054
roboflow_counterfeit_med_detection,roboflow\train\images201_jpg.rf.0c97b57d71e542ba7d3b3eb65a517a5f.jpg,authentic,train,640,640,JPEG,44856,False,,images201
roboflow_counterfeit_med_detection,roboflow\train\images212_jpg.rf.0d03430bf342b137d59259880089ffb7.jpg,authentic,train,640,640,JPEG,32607,False,,images212
roboflow_counterfeit_med_detection,roboflow\train\images266_jpg.rf.0d1edd03df23fff871a52b1fca52ad36.jpg,authentic,train,640,640,JPEG,33693,False,,images266
roboflow_counterfeit_med_detection,roboflow\train\images5098_jpg.rf.0d52dcb33d4389faa2444f81e4ec8fc9.jpg,authentic,train,640,640,JPEG,59834,False,,images5098
roboflow_counterfeit_med_detection,roboflow\train\images4095_jpg.rf.0d1a626f47d64b46db511b90adf2baab.jpg,authentic,train,640,640,JPEG,38624,False,,images4095
roboflow_counterfeit_med_detection,roboflow\train\images4066_jpg.rf.0d81d5e11e64fcdd1fc88415c7e4790e.jpg,authentic,train,640,640,JPEG,24557,False,,images4066
roboflow_counterfeit_med_detection,roboflow\train\FDA-Advisory-No-2022-0611-36_png.rf.0d7337ac4d0442d8f649724a3fe01296.jpg,counterfeit,train,640,640,JPEG,42248,True,bulletin_graphic_with_baked_in_label_text,FDA-Advisory-No-2022-0611-36
roboflow_counterfeit_med_detection,roboflow\train\images5104_jpg.rf.0d726475d1df7e3abfde7ee7f3cf8f4a.jpg,authentic,train,640,640,JPEG,27422,False,,images5104
roboflow_counterfeit_med_detection,roboflow\train\images340_jpg.rf.0ccd923cbaff40199fceeca700c34267.jpg,authentic,train,640,640,JPEG,54809,False,,images340
roboflow_counterfeit_med_detection,roboflow\train\images5103_jpg.rf.0d144db56202a08ea8e1d010b198ea3c.jpg,authentic,train,640,640,JPEG,23994,False,,images5103
roboflow_counterfeit_med_detection,roboflow\train\images4040_jpg.rf.0d4413b195ae950ef24ddc5bf0db4f12.jpg,authentic,train,640,640,JPEG,52639,False,,images4040
roboflow_counterfeit_med_detection,roboflow\train\images37_jpg.rf.0db0bef33257a2c138f424fe5d5fcefe.jpg,authentic,train,640,640,JPEG,32670,False,,images37
roboflow_counterfeit_med_detection,roboflow\train\images5058_jpg.rf.0d50f21092ec74671cabbd7558181ca8.jpg,authentic,train,640,640,JPEG,83321,False,,images5058
roboflow_counterfeit_med_detection,roboflow\train\images4035_jpg.rf.0dc2e4346c81fb10b81d710d5632516a.jpg,authentic,train,640,640,JPEG,85109,False,,images4035
roboflow_counterfeit_med_detection,roboflow\train\images4067_jpg.rf.0c8be88662b87567a2d535711d45841c.jpg,authentic,train,640,640,JPEG,45491,False,,images4067
roboflow_counterfeit_med_detection,roboflow\train\images227_jpg.rf.0d959065d4c8cc3d0dcc593be4731832.jpg,authentic,train,640,640,JPEG,23094,False,,images227
roboflow_counterfeit_med_detection,roboflow\train\images4040_jpg.rf.0d808c5afc0552eec8b97db4f02c6e91.jpg,authentic,train,640,640,JPEG,65355,False,,images4040
roboflow_counterfeit_med_detection,roboflow\train\images352_jpg.rf.0cd920ab8ed58c134a7298a1bd19a4d8.jpg,authentic,train,640,640,JPEG,39603,False,,images352
roboflow_counterfeit_med_detection,roboflow\train\images5053_jpg.rf.0cdd8b855ffa2246aeb0a3e11119e94f.jpg,authentic,train,640,640,JPEG,21448,False,,images5053
roboflow_counterfeit_med_detection,roboflow\train\images206_jpg.rf.0d4107b98c8a07271d3cf8201c34396b.jpg,authentic,train,640,640,JPEG,35211,False,,images206
roboflow_counterfeit_med_detection,roboflow\train\images321_jpg.rf.0cf94591f6641699dfc103ddb4b0a9ef.jpg,authentic,train,640,640,JPEG,32504,False,,images321
roboflow_counterfeit_med_detection,roboflow\train\images5085_jpg.rf.0d37b102843a43974c84012b4923b730.jpg,authentic,train,640,640,JPEG,57452,False,,images5085
roboflow_counterfeit_med_detection,roboflow\train\images311_jpg.rf.0dfdde46e893ad6dd8abfa028a610624.jpg,authentic,train,640,640,JPEG,35406,False,,images311
roboflow_counterfeit_med_detection,roboflow\train\FDA-Advisory-No-2022-0273-9-1-_png.rf.0de3663848fe0d630052a6cb8e3351dd.jpg,ambiguous,train,640,640,JPEG,61789,True,dual_label_contradiction,FDA-Advisory-No-2022-0273-9-1-
roboflow_counterfeit_med_detection,roboflow\train\images4124_jpg.rf.0de76494c4f72a56b72772ea32e0a120.jpg,authentic,train,640,640,JPEG,25556,False,,images4124
roboflow_counterfeit_med_detection,roboflow\train\images283_jpg.rf.0e07fbab9cfcd6248fa74b1e40f5f7c7.jpg,authentic,train,640,640,JPEG,64690,False,,images283
roboflow_counterfeit_med_detection,roboflow\train\images5040_jpg.rf.0e676575375c1a038eaaf755e130e5f7.jpg,authentic,train,640,640,JPEG,88046,False,,images5040
roboflow_counterfeit_med_detection,roboflow\train\images4045_jpg.rf.0f057dbc145a95367aa7eba3e22a96fc.jpg,authentic,train,640,640,JPEG,39490,False,,images4045
roboflow_counterfeit_med_detection,roboflow\train\images314_jpg.rf.0f394c5dfcc89b8f51b16545b24f808e.jpg,authentic,train,640,640,JPEG,39070,False,,images314
roboflow_counterfeit_med_detection,roboflow\train\FDA-Advisory-No-2022-0611-3_png.rf.0f057fc171b4631d0cb8116cb31f9dd8.jpg,authentic,train,640,640,JPEG,52478,True,bulletin_graphic_with_baked_in_label_text,FDA-Advisory-No-2022-0611-3
roboflow_counterfeit_med_detection,roboflow\train\images5071_jpg.rf.0f5b28e284b53d0ce665ed4f28433c49.jpg,authentic,train,640,640,JPEG,48691,False,,images5071
roboflow_counterfeit_med_detection,roboflow\train\images225_jpg.rf.0e6c745f4bb46e95782fe3d87ef87997.jpg,authentic,train,640,640,JPEG,49645,False,,images225
roboflow_counterfeit_med_detection,roboflow\train\images258_jpg.rf.0f4e55cb98b63c67c88fabc798824fcb.jpg,authentic,train,640,640,JPEG,73351,False,,images258
roboflow_counterfeit_med_detection,roboflow\train\images5112_jpg.rf.0e92443e78257deefcde9728340d212d.jpg,authentic,train,640,640,JPEG,43807,False,,images5112
roboflow_counterfeit_med_detection,roboflow\train\images4039_jpg.rf.0f6604638d14fa1632c2ae82e4fcaf4e.jpg,authentic,train,640,640,JPEG,45454,False,,images4039
roboflow_counterfeit_med_detection,roboflow\train\images222_jpg.rf.0eea7e007d2172e89b6362477e026926.jpg,authentic,train,640,640,JPEG,44810,False,,images222
roboflow_counterfeit_med_detection,roboflow\train\images235_jpg.rf.0ec87ec0280b0899d706211f16b57014.jpg,authentic,train,640,640,JPEG,57735,False,,images235
roboflow_counterfeit_med_detection,roboflow\train\images342_jpg.rf.0f1316f9638e02558decd4b508235d97.jpg,authentic,train,640,640,JPEG,20909,False,,images342
roboflow_counterfeit_med_detection,roboflow\train\images4063_jpg.rf.0e2f237e2ab421f59e565d5ac0044aad.jpg,authentic,train,640,640,JPEG,18400,False,,images4063
roboflow_counterfeit_med_detection,roboflow\train\images242_jpg.rf.0f7241f538fd0af398436918d7efbe85.jpg,authentic,train,640,640,JPEG,36751,False,,images242
roboflow_counterfeit_med_detection,roboflow\train\110087553_3244497862272912_6330145168259268761_n_jpg.rf.0f9992b118a565a79c600a08a76efd6c.jpg,counterfeit,train,640,640,JPEG,40960,True,bulletin_graphic_with_baked_in_label_text,110087553_3244497862272912_6330145168259268761_n
roboflow_counterfeit_med_detection,roboflow\train\images219_jpg.rf.0ffc344b8041cf8acf8b7f81246b4298.jpg,authentic,train,640,640,JPEG,50425,False,,images219
roboflow_counterfeit_med_detection,roboflow\train\images208_jpg.rf.0fea1e4b27c1e112823570947fcf68fd.jpg,authentic,train,640,640,JPEG,51866,False,,images208
roboflow_counterfeit_med_detection,roboflow\train\images4120_jpg.rf.0fc2ab2274b4820ef521167ec8d2c98d.jpg,authentic,train,640,640,JPEG,39263,False,,images4120
roboflow_counterfeit_med_detection,roboflow\train\images265_jpg.rf.0f0ce8197829cb84ac9191a92c4d1029.jpg,authentic,train,640,640,JPEG,36097,False,,images265
roboflow_counterfeit_med_detection,roboflow\train\images4090_jpg.rf.0f99f541602c7059e4db2faa68c8ac02.jpg,authentic,train,640,640,JPEG,23362,False,,images4090
roboflow_counterfeit_med_detection,roboflow\train\images5060_jpg.rf.0fadc787fa71c348cefd10330242fee7.jpg,authentic,train,640,640,JPEG,44129,False,,images5060
roboflow_counterfeit_med_detection,roboflow\train\images5039_jpg.rf.0eb319c48a76c9142c34fd0554de0d81.jpg,authentic,train,640,640,JPEG,46190,False,,images5039
roboflow_counterfeit_med_detection,roboflow\train\images5087_jpg.rf.0fb6c7116285b84676685a47e18ce558.jpg,authentic,train,640,640,JPEG,22840,False,,images5087
roboflow_counterfeit_med_detection,roboflow\train\images4054_jpg.rf.0f712e62dc15a73ac1ba99414a32d242.jpg,authentic,train,640,640,JPEG,62873,False,,images4054
roboflow_counterfeit_med_detection,roboflow\train\images235_jpg.rf.1032f82164e777f746ceaf18845c5573.jpg,authentic,train,640,640,JPEG,56276,False,,images235
roboflow_counterfeit_med_detection,roboflow\train\images5117_jpg.rf.1018ce771ec21188f0a9f1483e1a8ab5.jpg,authentic,train,640,640,JPEG,82902,False,,images5117
roboflow_counterfeit_med_detection,roboflow\train\images245_jpg.rf.0efe715cf8fe189670e7c309bd926185.jpg,authentic,train,640,640,JPEG,33860,False,,images245
roboflow_counterfeit_med_detection,roboflow\train\images314_jpg.rf.104b9975a3738184b745035d488a8674.jpg,authentic,train,640,640,JPEG,45573,False,,images314
roboflow_counterfeit_med_detection,roboflow\train\images5112_jpg.rf.10534374e3711b8e90118265070467c6.jpg,authentic,train,640,640,JPEG,43892,False,,images5112
roboflow_counterfeit_med_detection,roboflow\train\images307_jpg.rf.10540c05d7bdce4194eeb52aae8188aa.jpg,authentic,train,640,640,JPEG,36365,False,,images307
roboflow_counterfeit_med_detection,roboflow\train\images5106_jpg.rf.10f27c26ee7704b502a58eef3fbc50f5.jpg,authentic,train,640,640,JPEG,44717,False,,images5106
roboflow_counterfeit_med_detection,roboflow\train\images4107_jpg.rf.10f14b23df83af0c4baf18609fb6f168.jpg,authentic,train,640,640,JPEG,41859,False,,images4107
roboflow_counterfeit_med_detection,roboflow\train\images312_jpg.rf.118b1271730daabdaf01d63d1acb238d.jpg,authentic,train,640,640,JPEG,56894,False,,images312
roboflow_counterfeit_med_detection,roboflow\train\images228_jpg.rf.115c4ff781d8bf0edf813eb99f5c4cb9.jpg,authentic,train,640,640,JPEG,29418,False,,images228
roboflow_counterfeit_med_detection,roboflow\train\images5061_jpg.rf.1116aa0c286814c6a251b9aed62f69f8.jpg,authentic,train,640,640,JPEG,24746,False,,images5061
roboflow_counterfeit_med_detection,roboflow\train\191764997_4121888921200464_8342069514000311514_n_jpg.rf.106593ec9a076e83548680ccbc390b44.jpg,counterfeit,train,640,640,JPEG,59645,True,bulletin_graphic_with_baked_in_label_text,191764997_4121888921200464_8342069514000311514_n
roboflow_counterfeit_med_detection,roboflow\train\images4100_jpg.rf.10b0f0676b257f4cfa5520c7f85e492e.jpg,authentic,train,640,640,JPEG,50948,False,,images4100
roboflow_counterfeit_med_detection,roboflow\train\images5053_jpg.rf.108bbddd68508060f8a72fe353b28c2d.jpg,authentic,train,640,640,JPEG,28841,False,,images5053
roboflow_counterfeit_med_detection,roboflow\train\images5080_jpg.rf.1206ec2cd99ede039a8e5f3542cb9b5a.jpg,authentic,train,640,640,JPEG,48752,False,,images5080
roboflow_counterfeit_med_detection,roboflow\train\images21_jpg.rf.118ab5ebcd095490d82e9d357781ac4f.jpg,authentic,train,640,640,JPEG,35334,False,,images21
roboflow_counterfeit_med_detection,roboflow\train\images5111_jpg.rf.11484c4660453ca417ce0cfd4393f681.jpg,authentic,train,640,640,JPEG,45075,False,,images5111
roboflow_counterfeit_med_detection,roboflow\train\images4074_jpg.rf.10a2159542a9952d7882bac73fa479db.jpg,authentic,train,640,640,JPEG,36998,False,,images4074
roboflow_counterfeit_med_detection,roboflow\train\images38_jpg.rf.11d8edd784281b0d261f5b6008478add.jpg,authentic,train,640,640,JPEG,41508,False,,images38
roboflow_counterfeit_med_detection,roboflow\train\images4038_jpg.rf.11ba50162b8628cebe9240cf69fa8ac3.jpg,authentic,train,640,640,JPEG,49886,False,,images4038
roboflow_counterfeit_med_detection,roboflow\train\images314_jpg.rf.11d73d4bc9c9c9d3a6119abe92499c9d.jpg,authentic,train,640,640,JPEG,40244,False,,images314
roboflow_counterfeit_med_detection,roboflow\train\images349_jpg.rf.10fe130a1efe18b7055404a3fbff7217.jpg,authentic,train,640,640,JPEG,48142,False,,images349
roboflow_counterfeit_med_detection,roboflow\train\images15_jpg.rf.111bbf5f06064223b93e1716d43cbc72.jpg,authentic,train,640,640,JPEG,37761,False,,images15
roboflow_counterfeit_med_detection,roboflow\train\images4093_jpg.rf.1166ba5d222598c40d249e9890fccfee.jpg,authentic,train,640,640,JPEG,39017,False,,images4093
roboflow_counterfeit_med_detection,roboflow\train\images321_jpg.rf.11ae2daaec02b0d81fd487d11b9671d8.jpg,authentic,train,640,640,JPEG,28276,False,,images321
roboflow_counterfeit_med_detection,roboflow\train\images4087_jpg.rf.11a6b593cdc6a2769404604b10bbd99d.jpg,authentic,train,640,640,JPEG,36808,False,,images4087
roboflow_counterfeit_med_detection,roboflow\train\images335_jpg.rf.10865b99637c282379545b2cb6d429f4.jpg,authentic,train,640,640,JPEG,47184,False,,images335
roboflow_counterfeit_med_detection,roboflow\train\images244_jpg.rf.10f1c4eb0da401e95e6aecc77d647839.jpg,authentic,train,640,640,JPEG,53841,False,,images244
roboflow_counterfeit_med_detection,roboflow\train\images230_jpg.rf.1157324ac369fcc30f8c301d1f381707.jpg,authentic,train,640,640,JPEG,48910,False,,images230
roboflow_counterfeit_med_detection,roboflow\train\images4054_jpg.rf.10d7e8fef9c24ff7639e04f89b5395a8.jpg,authentic,train,640,640,JPEG,68152,False,,images4054
roboflow_counterfeit_med_detection,roboflow\train\images209_jpg.rf.120aefa29236b1a25c2148af3101274c.jpg,authentic,train,640,640,JPEG,38718,False,,images209
roboflow_counterfeit_med_detection,roboflow\train\images4025_jpg.rf.1166ed6ab51c2717a7dbe5b453eead79.jpg,authentic,train,640,640,JPEG,27123,False,,images4025
roboflow_counterfeit_med_detection,roboflow\train\images314_jpg.rf.1303c3163f50733d8e37915f36351a82.jpg,authentic,train,640,640,JPEG,47011,False,,images314
roboflow_counterfeit_med_detection,roboflow\train\FDA-Advisory-No-2022-0611-35_png.rf.128eff3a59baffdff17b0d48246a67cb.jpg,authentic,train,640,640,JPEG,65435,True,bulletin_graphic_with_baked_in_label_text,FDA-Advisory-No-2022-0611-35
roboflow_counterfeit_med_detection,roboflow\train\images349_jpg.rf.13100ad827017a020349e731f1d5f04c.jpg,authentic,train,640,640,JPEG,49187,False,,images349
roboflow_counterfeit_med_detection,roboflow\train\images214_jpg.rf.12aba193195fbef7b3890af88452b36e.jpg,authentic,train,640,640,JPEG,34931,False,,images214
roboflow_counterfeit_med_detection,roboflow\train\images5061_jpg.rf.120e1d54c481d4b13c5637b4b77be0a5.jpg,authentic,train,640,640,JPEG,30792,False,,images5061
roboflow_counterfeit_med_detection,roboflow\train\images5127_jpg.rf.123ff7c4924738582f4afb40ea840631.jpg,authentic,train,640,640,JPEG,53693,False,,images5127
roboflow_counterfeit_med_detection,roboflow\train\images4090_jpg.rf.131c069350d55a97ae2b9c52195bdf94.jpg,authentic,train,640,640,JPEG,17202,False,,images4090
roboflow_counterfeit_med_detection,roboflow\train\images05_jpg.rf.12d13ac9d41a94601f28560a2dc3eff8.jpg,authentic,train,640,640,JPEG,26249,False,,images05
roboflow_counterfeit_med_detection,roboflow\train\images4031_jpg.rf.134148ea93eff08b0e893721f14ba2b4.jpg,authentic,train,640,640,JPEG,37412,False,,images4031
roboflow_counterfeit_med_detection,roboflow\train\images5100_jpg.rf.12a2322bcf33fc2c0755f7ed2ef966af.jpg,authentic,train,640,640,JPEG,49008,False,,images5100
roboflow_counterfeit_med_detection,roboflow\train\images33_jpg.rf.138a2a85ed131a713ae2793c515d16a7.jpg,authentic,train,640,640,JPEG,39281,False,,images33
roboflow_counterfeit_med_detection,roboflow\train\images4035_jpg.rf.136de9057fd3892905a8b15ebee8664f.jpg,authentic,train,640,640,JPEG,77896,False,,images4035
roboflow_counterfeit_med_detection,roboflow\train\images254_jpg.rf.13e488c9fe6c5d99bd89ec67a9ddd582.jpg,authentic,train,640,640,JPEG,44897,False,,images254
roboflow_counterfeit_med_detection,roboflow\train\images4094_jpg.rf.1385ba373a513740b3bbc360da59ddb6.jpg,authentic,train,640,640,JPEG,27373,False,,images4094
roboflow_counterfeit_med_detection,roboflow\train\images244_jpg.rf.12120d8a90b3e50220032de736dfdff5.jpg,authentic,train,640,640,JPEG,54817,False,,images244
roboflow_counterfeit_med_detection,roboflow\train\191764997_4121888921200464_8342069514000311514_n_jpg.rf.132b76e66b1286166f109dc26e551abc.jpg,counterfeit,train,640,640,JPEG,48636,True,bulletin_graphic_with_baked_in_label_text,191764997_4121888921200464_8342069514000311514_n
roboflow_counterfeit_med_detection,roboflow\train\images5064_jpg.rf.13714464928f71d59790d9c4c356ba47.jpg,authentic,train,640,640,JPEG,43977,False,,images5064
roboflow_counterfeit_med_detection,roboflow\train\images33_jpg.rf.13fc4b291d84b9eec573a8f45bd96041.jpg,authentic,train,640,640,JPEG,36969,False,,images33
roboflow_counterfeit_med_detection,roboflow\train\images348_jpg.rf.13cfc84565580fc63819d4ff5a457b44.jpg,authentic,train,640,640,JPEG,31112,False,,images348
roboflow_counterfeit_med_detection,roboflow\train\images235_jpg.rf.1276b25e9136d48706dae43eafe2681f.jpg,authentic,train,640,640,JPEG,58829,False,,images235
roboflow_counterfeit_med_detection,roboflow\train\1877_png.rf.141a49282804e6684f6477aa507a49a8.jpg,counterfeit,train,640,640,JPEG,58669,True,bulletin_graphic_with_baked_in_label_text,1877
roboflow_counterfeit_med_detection,roboflow\train\images5059_jpg.rf.13f74779280645267518b82f58c6d099.jpg,authentic,train,640,640,JPEG,41118,False,,images5059
roboflow_counterfeit_med_detection,roboflow\train\images5045_jpg.rf.1429f8803612831e5a57dd93aa3db894.jpg,authentic,train,640,640,JPEG,43423,False,,images5045
roboflow_counterfeit_med_detection,roboflow\train\images4033_jpg.rf.139289fa1bdb3858f4762e26b8c70697.jpg,authentic,train,640,640,JPEG,61742,False,,images4033
roboflow_counterfeit_med_detection,roboflow\train\images5096_jpg.rf.1369aa28b1fda553528df715fd2e9085.jpg,authentic,train,640,640,JPEG,53789,False,,images5096
roboflow_counterfeit_med_detection,roboflow\train\images5087_jpg.rf.144a36a2d3beb9f100a37411ce32e0c1.jpg,authentic,train,640,640,JPEG,24501,False,,images5087
roboflow_counterfeit_med_detection,roboflow\train\images351_jpg.rf.146ca1796377f9611c28291e22d57249.jpg,authentic,train,640,640,JPEG,41150,False,,images351
roboflow_counterfeit_med_detection,roboflow\train\images4047_jpg.rf.1434f9e00dd1f88594ad8747db1dd7e1.jpg,authentic,train,640,640,JPEG,44740,False,,images4047
roboflow_counterfeit_med_detection,roboflow\train\images4048_jpg.rf.144115b0de30f2dc2fa9e9724d7e0963.jpg,authentic,train,640,640,JPEG,48207,False,,images4048
roboflow_counterfeit_med_detection,roboflow\train\images214_jpg.rf.145f70d1c4916833dd79c2354937ed53.jpg,authentic,train,640,640,JPEG,36936,False,,images214
roboflow_counterfeit_med_detection,roboflow\train\images35_jpg.rf.152d47b78907dfa7bbaab8887206ef02.jpg,authentic,train,640,640,JPEG,43725,False,,images35
roboflow_counterfeit_med_detection,roboflow\train\images5063_jpg.rf.145d7afbe10b8c30f49011fb39ffc71e.jpg,authentic,train,640,640,JPEG,28340,False,,images5063
roboflow_counterfeit_med_detection,roboflow\train\images21_jpg.rf.1497b41ee1cf62808b0098e1fffd2327.jpg,authentic,train,640,640,JPEG,35207,False,,images21
roboflow_counterfeit_med_detection,roboflow\train\images5069_jpg.rf.142e700daf40aa2416fca6882ebdf0fa.jpg,authentic,train,640,640,JPEG,72779,False,,images5069
roboflow_counterfeit_med_detection,roboflow\train\images5106_jpg.rf.15d11aa3d01922c086097092d0c6b19b.jpg,authentic,train,640,640,JPEG,61790,False,,images5106
roboflow_counterfeit_med_detection,roboflow\train\images239_jpg.rf.156c84db80224e4b7b0aeef2074bb1ce.jpg,authentic,train,640,640,JPEG,42499,False,,images239
roboflow_counterfeit_med_detection,roboflow\train\images210_jpg.rf.147b22f13983a34b1f7ff0752a00899a.jpg,authentic,train,640,640,JPEG,37769,False,,images210
roboflow_counterfeit_med_detection,roboflow\train\images5052_jpg.rf.15a24dccab1bf28f8d0dc50e95f0ef7d.jpg,authentic,train,640,640,JPEG,88849,False,,images5052
roboflow_counterfeit_med_detection,roboflow\train\images209_jpg.rf.1559c9727146f2b9d9ed97981fcf512b.jpg,authentic,train,640,640,JPEG,40174,False,,images209
roboflow_counterfeit_med_detection,roboflow\train\images21_jpg.rf.148acd345ee89266eafed2e4f2d3e2a1.jpg,authentic,train,640,640,JPEG,35951,False,,images21
roboflow_counterfeit_med_detection,roboflow\train\images5113_jpg.rf.14a0effd0c716acd458db1af7abe7e69.jpg,authentic,train,640,640,JPEG,36114,False,,images5113
roboflow_counterfeit_med_detection,roboflow\train\images346_jpg.rf.1536096617769d6d57b7ce4d1fb25f88.jpg,authentic,train,640,640,JPEG,27284,False,,images346
roboflow_counterfeit_med_detection,roboflow\train\images37_jpg.rf.158c6f6f0410f7f9e87c29f4fd78fa5b.jpg,authentic,train,640,640,JPEG,30863,False,,images37
roboflow_counterfeit_med_detection,roboflow\train\images212_jpg.rf.14ed89026f274df1cd22a1b4e10d1110.jpg,authentic,train,640,640,JPEG,32047,False,,images212
roboflow_counterfeit_med_detection,roboflow\train\images4110_jpg.rf.1579eb9867fe16a27d841b702171dccc.jpg,authentic,train,640,640,JPEG,94656,False,,images4110
roboflow_counterfeit_med_detection,roboflow\train\images5032_jpg.rf.153c6f81b2e2479ef3fedf37c77e2a4d.jpg,authentic,train,640,640,JPEG,89887,False,,images5032
roboflow_counterfeit_med_detection,roboflow\train\images252_jpg.rf.1517d15492a033b10c8244366dc02fe4.jpg,authentic,train,640,640,JPEG,58104,False,,images252
roboflow_counterfeit_med_detection,roboflow\train\images342_jpg.rf.1595c482b2b915ddd1062e47479731ce.jpg,authentic,train,640,640,JPEG,25647,False,,images342
roboflow_counterfeit_med_detection,roboflow\train\images15_jpg.rf.14bc76260d78531f3ef5899b47462528.jpg,authentic,train,640,640,JPEG,43902,False,,images15
roboflow_counterfeit_med_detection,roboflow\train\images33_jpg.rf.15d61df93f4454f4d7ec2f7145374fca.jpg,authentic,train,640,640,JPEG,35149,False,,images33
roboflow_counterfeit_med_detection,roboflow\train\images342_jpg.rf.15e7375e9d433e0307d53f038c4b0991.jpg,authentic,train,640,640,JPEG,23939,False,,images342
roboflow_counterfeit_med_detection,roboflow\train\images5085_jpg.rf.15ecbc18bf384fe28c1a83a25baf0b50.jpg,authentic,train,640,640,JPEG,43824,False,,images5085
roboflow_counterfeit_med_detection,roboflow\train\images4058_jpg.rf.16071642026e62a144be1645b84954e9.jpg,authentic,train,640,640,JPEG,40863,False,,images4058
roboflow_counterfeit_med_detection,roboflow\train\images35_jpg.rf.1638865d995aa102ee8a3cc023b73e5e.jpg,authentic,train,640,640,JPEG,45072,False,,images35
roboflow_counterfeit_med_detection,roboflow\train\images4100_jpg.rf.16a963e2c45a13bb113f18331d174048.jpg,authentic,train,640,640,JPEG,56875,False,,images4100
roboflow_counterfeit_med_detection,roboflow\train\images4031_jpg.rf.16ef3701ab77bbdaeaf99cbbd68425e8.jpg,authentic,train,640,640,JPEG,49248,False,,images4031
roboflow_counterfeit_med_detection,roboflow\train\images212_jpg.rf.16a182d9df9be1a09580c0ea11553cf5.jpg,authentic,train,640,640,JPEG,29843,False,,images212
roboflow_counterfeit_med_detection,roboflow\train\images4069_jpg.rf.1642950f2c81b8cf15a2ea7fdf1920f9.jpg,authentic,train,640,640,JPEG,25972,False,,images4069
roboflow_counterfeit_med_detection,roboflow\train\images5067_jpg.rf.16aa8f9b75d7dda989e54ae08bc04f65.jpg,authentic,train,640,640,JPEG,45037,False,,images5067
roboflow_counterfeit_med_detection,roboflow\train\Authentic-vs-fake-Medicol-Advance-2048x1150_jpg.rf.16ecb5f1dddb547e6e6547ebce7f2e48.jpg,ambiguous,train,640,640,JPEG,63961,True,dual_label_contradiction,Authentic-vs-fake-Medicol-Advance-2048x1150
roboflow_counterfeit_med_detection,roboflow\train\images4068_jpg.rf.168bce37a550081a3552f0b0339ed90d.jpg,authentic,train,640,640,JPEG,71928,False,,images4068
roboflow_counterfeit_med_detection,roboflow\train\images23_jpg.rf.169579043517529ec7e2aab30678be2f.jpg,authentic,train,640,640,JPEG,30115,False,,images23
roboflow_counterfeit_med_detection,roboflow\train\images225_jpg.rf.16e93e516ba0089310b6c73acd2510fe.jpg,authentic,train,640,640,JPEG,53597,False,,images225
roboflow_counterfeit_med_detection,roboflow\train\110080868_3244497848939580_2970928293483393329_n_jpg.rf.1719824a4c3614a270e4fd48f88a62f6.jpg,counterfeit,train,640,640,JPEG,50797,True,bulletin_graphic_with_baked_in_label_text,110080868_3244497848939580_2970928293483393329_n
roboflow_counterfeit_med_detection,roboflow\train\images276_jpg.rf.170f6228e5062c79227d13c469427a65.jpg,authentic,train,640,640,JPEG,27025,False,,images276
roboflow_counterfeit_med_detection,roboflow\train\images5060_jpg.rf.1701d2e77df66a16ac1ad8efbc21bbf7.jpg,authentic,train,640,640,JPEG,39951,False,,images5060
roboflow_counterfeit_med_detection,roboflow\train\images323_jpg.rf.16139a39730c7bf664ebcea9bf215fd3.jpg,authentic,train,640,640,JPEG,34367,False,,images323
roboflow_counterfeit_med_detection,roboflow\train\images4092_jpg.rf.16f812fc5d813b124ddcd49e07542a4a.jpg,authentic,train,640,640,JPEG,46039,False,,images4092
roboflow_counterfeit_med_detection,roboflow\train\images5039_jpg.rf.16d71a62b539bc0dd3659664a9997749.jpg,authentic,train,640,640,JPEG,63974,False,,images5039
roboflow_counterfeit_med_detection,roboflow\train\images4092_jpg.rf.16863dc9cf36d1ed481e0584c4ca368e.jpg,authentic,train,640,640,JPEG,45080,False,,images4092
roboflow_counterfeit_med_detection,roboflow\train\images42_jpg.rf.16fd5bd928a96052b1b834212375b691.jpg,authentic,train,640,640,JPEG,51535,False,,images42
roboflow_counterfeit_med_detection,roboflow\train\images5071_jpg.rf.172d7543482836609072ed7f2edfa3ba.jpg,authentic,train,640,640,JPEG,38678,False,,images5071
roboflow_counterfeit_med_detection,roboflow\train\FAKENEOZEP-AA_jpg.rf.1730a191acd1e662545fb863ff75556a.jpg,ambiguous,train,640,640,JPEG,65911,True,dual_label_contradiction,FAKENEOZEP-AA
roboflow_counterfeit_med_detection,roboflow\train\images5039_jpg.rf.17e2ef431e5cd93dfb6fb2388b461631.jpg,authentic,train,640,640,JPEG,59280,False,,images5039
roboflow_counterfeit_med_detection,roboflow\train\images4110_jpg.rf.16398e7285136b0c765514d1c8821a4d.jpg,authentic,train,640,640,JPEG,76348,False,,images4110
roboflow_counterfeit_med_detection,roboflow\train\images5069_jpg.rf.17f92a1e004c608d2bef109039351135.jpg,authentic,train,640,640,JPEG,78975,False,,images5069
roboflow_counterfeit_med_detection,roboflow\train\images265_jpg.rf.173c83792f8582bc4e85d3c9447fd96b.jpg,authentic,train,640,640,JPEG,46088,False,,images265
roboflow_counterfeit_med_detection,roboflow\train\images4058_jpg.rf.17351064e7b354a57ab251b768ebe0c0.jpg,authentic,train,640,640,JPEG,29678,False,,images4058
roboflow_counterfeit_med_detection,roboflow\train\images338_jpg.rf.1726e6344131da1cf47a18e0a41b3439.jpg,authentic,train,640,640,JPEG,29073,False,,images338
roboflow_counterfeit_med_detection,roboflow\train\images35_jpg.rf.1729d2a4c0a833bfda57f4860e094def.jpg,authentic,train,640,640,JPEG,40401,False,,images35
roboflow_counterfeit_med_detection,roboflow\train\images5067_jpg.rf.1840f0c43e4e2f2ef625ef6879a64697.jpg,authentic,train,640,640,JPEG,44290,False,,images5067
roboflow_counterfeit_med_detection,roboflow\train\images23_jpg.rf.1872896018b0139fc9859e19807b992e.jpg,authentic,train,640,640,JPEG,28773,False,,images23
roboflow_counterfeit_med_detection,roboflow\train\images208_jpg.rf.1844760ebea67ccb28ffd4eca3500821.jpg,authentic,train,640,640,JPEG,54179,False,,images208
roboflow_counterfeit_med_detection,roboflow\train\images315_jpg.rf.185fb810cea42d89accd0f078d92ba31.jpg,authentic,train,640,640,JPEG,31498,False,,images315
roboflow_counterfeit_med_detection,roboflow\train\images241_jpg.rf.185b2e9e9343780f144ea6478b0ac667.jpg,authentic,train,640,640,JPEG,50678,False,,images241
roboflow_counterfeit_med_detection,roboflow\train\images4042_jpg.rf.18baabdb968cf166044ae3603a911e98.jpg,authentic,train,640,640,JPEG,38670,False,,images4042
roboflow_counterfeit_med_detection,roboflow\train\FDA-Advisory-No-2020-1348_jpg.rf.1925b06a2335fe155da0d975d8300bf4.jpg,ambiguous,train,640,640,JPEG,59856,True,dual_label_contradiction,FDA-Advisory-No-2020-1348
roboflow_counterfeit_med_detection,roboflow\train\images35_jpg.rf.18b801f7572dc15826719751332cb039.jpg,authentic,train,640,640,JPEG,41762,False,,images35
roboflow_counterfeit_med_detection,roboflow\train\images266_jpg.rf.18de0048eb5c4e18e291279303121c5c.jpg,authentic,train,640,640,JPEG,31082,False,,images266
roboflow_counterfeit_med_detection,roboflow\train\images5067_jpg.rf.18467271081b1eadc92615a6fbc2f582.jpg,authentic,train,640,640,JPEG,53546,False,,images5067
roboflow_counterfeit_med_detection,roboflow\train\images263_jpg.rf.18b25287ea6f3d5a014f9fcdf16f5a12.jpg,authentic,train,640,640,JPEG,38839,False,,images263
roboflow_counterfeit_med_detection,roboflow\train\images4040_jpg.rf.18f27be11012a77fb55cf8f8d7152eaa.jpg,authentic,train,640,640,JPEG,52003,False,,images4040
roboflow_counterfeit_med_detection,roboflow\train\images07_jpg.rf.18de925ab06257e70c0ae4837b7685e6.jpg,authentic,train,640,640,JPEG,69681,False,,images07
roboflow_counterfeit_med_detection,roboflow\train\images4058_jpg.rf.18dbbdafab3002c198844dcfea553f49.jpg,authentic,train,640,640,JPEG,35023,False,,images4058
roboflow_counterfeit_med_detection,roboflow\train\images212_jpg.rf.18d510d621258d3734b9eff317c2282a.jpg,authentic,train,640,640,JPEG,32169,False,,images212
roboflow_counterfeit_med_detection,roboflow\train\images4033_jpg.rf.196fc63d468af689fdff0dd403a46d5f.jpg,authentic,train,640,640,JPEG,69979,False,,images4033
roboflow_counterfeit_med_detection,roboflow\train\images13_jpg.rf.192df083e5136386e7bf2aa48b4232a0.jpg,authentic,train,640,640,JPEG,21327,False,,images13
roboflow_counterfeit_med_detection,roboflow\train\images4060_jpg.rf.18e4c28a898d590b8901b3445b17baa0.jpg,authentic,train,640,640,JPEG,48516,False,,images4060
roboflow_counterfeit_med_detection,roboflow\train\images4031_jpg.rf.1892384064b1042127e8c87ab5b2d8ee.jpg,authentic,train,640,640,JPEG,41322,False,,images4031
roboflow_counterfeit_med_detection,roboflow\train\images212_jpg.rf.193bb489d62f0f6552df1b2dec321742.jpg,authentic,train,640,640,JPEG,31410,False,,images212
roboflow_counterfeit_med_detection,roboflow\train\images36_jpg.rf.193cf70f6264e515f63d36599d59eafb.jpg,authentic,train,640,640,JPEG,30815,False,,images36
roboflow_counterfeit_med_detection,roboflow\train\images5062_jpg.rf.18f066d3629aa38a7e25bab2ff8ab57f.jpg,authentic,train,640,640,JPEG,22567,False,,images5062
roboflow_counterfeit_med_detection,roboflow\train\images5107_jpg.rf.1933f094ba9112fa6dd51a36d404ef5c.jpg,authentic,train,640,640,JPEG,31659,False,,images5107
roboflow_counterfeit_med_detection,roboflow\train\images4029_jpg.rf.19087512eb638567a65d7fbe02e8c23e.jpg,authentic,train,640,640,JPEG,71490,False,,images4029
roboflow_counterfeit_med_detection,roboflow\train\images323_jpg.rf.199965ad94dd8fc92725576d967d8a82.jpg,authentic,train,640,640,JPEG,25444,False,,images323
roboflow_counterfeit_med_detection,roboflow\train\109573147_3244498132272885_6335025209478035818_n_jpg.rf.19eef16df28e2f1c4a03a6f6b0ca9802.jpg,counterfeit,train,640,640,JPEG,49635,True,bulletin_graphic_with_baked_in_label_text,109573147_3244498132272885_6335025209478035818_n
roboflow_counterfeit_med_detection,roboflow\train\images5059_jpg.rf.1899d7be28cf693079450eae185fb6e2.jpg,authentic,train,640,640,JPEG,35120,False,,images5059
roboflow_counterfeit_med_detection,roboflow\train\images316_jpg.rf.19e3501db3d8e2cf97500b4381cfe9a6.jpg,authentic,train,640,640,JPEG,36798,False,,images316
roboflow_counterfeit_med_detection,roboflow\train\images4124_jpg.rf.19e23f2a8057db2b5a3a2d388a8a37a9.jpg,authentic,train,640,640,JPEG,48155,False,,images4124
roboflow_counterfeit_med_detection,roboflow\train\images339_jpg.rf.1a0b59e583cc33bfa2a4a6f60d6cf6be.jpg,authentic,train,640,640,JPEG,58292,False,,images339
roboflow_counterfeit_med_detection,roboflow\train\images4064_jpg.rf.1a0459be534841582d5eb9acad7ea372.jpg,authentic,train,640,640,JPEG,33752,False,,images4064
roboflow_counterfeit_med_detection,roboflow\train\images5058_jpg.rf.193a9a384990f66e01bea4505284549f.jpg,authentic,train,640,640,JPEG,84387,False,,images5058
roboflow_counterfeit_med_detection,roboflow\train\FDA-Advisory-No-2022-0611-29_png.rf.199d76a2a6c3679ea2f7f96c3b038c79.jpg,authentic,train,640,640,JPEG,47898,True,bulletin_graphic_with_baked_in_label_text,FDA-Advisory-No-2022-0611-29
roboflow_counterfeit_med_detection,roboflow\train\images256_jpg.rf.19c6f6fd3c2efcb306a017768b051583.jpg,authentic,train,640,640,JPEG,43250,False,,images256
roboflow_counterfeit_med_detection,roboflow\train\images201_jpg.rf.19e60eb29e00e7d665d7da0edfaf43aa.jpg,authentic,train,640,640,JPEG,44180,False,,images201
roboflow_counterfeit_med_detection,roboflow\train\images5071_jpg.rf.1a95fa18508cd0a924d32216f6490123.jpg,authentic,train,640,640,JPEG,38254,False,,images5071
roboflow_counterfeit_med_detection,roboflow\train\images4064_jpg.rf.1a3999dd5b7c01016ef6ab6127068440.jpg,authentic,train,640,640,JPEG,27195,False,,images4064
roboflow_counterfeit_med_detection,roboflow\train\images265_jpg.rf.1a2e40a18475c16fad2473eea7f9d0fc.jpg,authentic,train,640,640,JPEG,39945,False,,images265
roboflow_counterfeit_med_detection,roboflow\train\images08_jpg.rf.1ac366365a8d754100fab3430c0aafb6.jpg,authentic,train,640,640,JPEG,58400,False,,images08
roboflow_counterfeit_med_detection,roboflow\train\images4067_jpg.rf.1acd17aa2aafae709e87db779e41c2e3.jpg,authentic,train,640,640,JPEG,53263,False,,images4067
roboflow_counterfeit_med_detection,roboflow\train\images4120_jpg.rf.1a9941d674429d9ad2dd085b17a49a7c.jpg,authentic,train,640,640,JPEG,30301,False,,images4120
roboflow_counterfeit_med_detection,roboflow\train\images303_jpg.rf.1aa63ef1938341cd64a86de34df4f2f1.jpg,authentic,train,640,640,JPEG,47504,False,,images303
roboflow_counterfeit_med_detection,roboflow\train\images4095_jpg.rf.1a5dac6646c34ed70e4ea9310533a0d1.jpg,authentic,train,640,640,JPEG,38708,False,,images4095
roboflow_counterfeit_med_detection,roboflow\train\images347_jpg.rf.1a9ff117e0f86f50d7c6eff44eb20d43.jpg,authentic,train,640,640,JPEG,25513,False,,images347
roboflow_counterfeit_med_detection,roboflow\train\images235_jpg.rf.1a3ca48e19635d073fea10355e32a0b4.jpg,authentic,train,640,640,JPEG,53814,False,,images235
roboflow_counterfeit_med_detection,roboflow\train\images11_jpg.rf.1ae64ac8c6204d30dd7b75e4cd1a65cc.jpg,authentic,train,640,640,JPEG,58521,False,,images11
roboflow_counterfeit_med_detection,roboflow\train\images5106_jpg.rf.1b3ba057392670681a8dc86ed87782f3.jpg,authentic,train,640,640,JPEG,63483,False,,images5106
roboflow_counterfeit_med_detection,roboflow\train\images5051_jpg.rf.1ab1783373f0cf1055a3eab5ecad3640.jpg,authentic,train,640,640,JPEG,28440,False,,images5051
roboflow_counterfeit_med_detection,roboflow\train\images23_jpg.rf.1b264eeaab184be70ae9de6c4162385c.jpg,authentic,train,640,640,JPEG,27489,False,,images23
roboflow_counterfeit_med_detection,roboflow\train\images231_jpg.rf.1b79260198e7ffbb22abf0821a51f67a.jpg,authentic,train,640,640,JPEG,38471,False,,images231
roboflow_counterfeit_med_detection,roboflow\train\images245_jpg.rf.1b80c72172730d1cd9fff918ae2a6191.jpg,authentic,train,640,640,JPEG,32784,False,,images245
roboflow_counterfeit_med_detection,roboflow\train\images257_jpg.rf.1ba0967ef4db3df941359766c4fcd167.jpg,authentic,train,640,640,JPEG,27584,False,,images257
roboflow_counterfeit_med_detection,roboflow\train\images4029_jpg.rf.1b29dc4c6eea2fdc7d9e884ee10b8e32.jpg,authentic,train,640,640,JPEG,74722,False,,images4029
roboflow_counterfeit_med_detection,roboflow\train\images02_jpg.rf.1bb1c386a29d59a160bbb731de1e4357.jpg,authentic,train,640,640,JPEG,43675,False,,images02
roboflow_counterfeit_med_detection,roboflow\train\images232_jpg.rf.1be7792c53af97c40641395a8312acf8.jpg,authentic,train,640,640,JPEG,47563,False,,images232
roboflow_counterfeit_med_detection,roboflow\train\images5096_jpg.rf.1b018f48614326d038829eba887201bb.jpg,authentic,train,640,640,JPEG,52354,False,,images5096
roboflow_counterfeit_med_detection,roboflow\train\images339_jpg.rf.1bf25279d83cf03fe329f465e4f63491.jpg,authentic,train,640,640,JPEG,50843,False,,images339
roboflow_counterfeit_med_detection,roboflow\train\images349_jpg.rf.1b37b789a74038116b27aeaec2520c67.jpg,authentic,train,640,640,JPEG,45739,False,,images349
roboflow_counterfeit_med_detection,roboflow\train\images312_jpg.rf.1af4a59a66c81c43bb4083424db02737.jpg,authentic,train,640,640,JPEG,56183,False,,images312
roboflow_counterfeit_med_detection,roboflow\train\images208_jpg.rf.1c113a6640b0819eeaf7d3dcd8c3bf07.jpg,authentic,train,640,640,JPEG,54445,False,,images208
roboflow_counterfeit_med_detection,roboflow\train\images4025_jpg.rf.1bd2e4f5b1435708b8333834832e6fab.jpg,authentic,train,640,640,JPEG,22937,False,,images4025
roboflow_counterfeit_med_detection,roboflow\train\images5116_jpg.rf.1be383ea73458797d03014878e9f2995.jpg,authentic,train,640,640,JPEG,86239,False,,images5116
roboflow_counterfeit_med_detection,roboflow\train\images307_jpg.rf.1b8c63a71b04017c9f1a467f87814a53.jpg,authentic,train,640,640,JPEG,32018,False,,images307
roboflow_counterfeit_med_detection,roboflow\train\images4044_jpg.rf.1b129dff4e75d9b319bcaaccf0bca8a2.jpg,authentic,train,640,640,JPEG,61320,False,,images4044
roboflow_counterfeit_med_detection,roboflow\train\FDA-Advisory-No-2021-0139_png.rf.1c28aa012dcaf040c66dbf3a1efb2441.jpg,counterfeit,train,640,640,JPEG,57425,True,bulletin_graphic_with_baked_in_label_text,FDA-Advisory-No-2021-0139
roboflow_counterfeit_med_detection,roboflow\train\images4038_jpg.rf.1c6cbc4ddf37fdcf966a236aebee86d6.jpg,authentic,train,640,640,JPEG,47379,False,,images4038
roboflow_counterfeit_med_detection,roboflow\train\110334045_3244498002272898_7054935609460571205_n_jpg.rf.1c3a0425cb1436da01d954c7f50e8096.jpg,counterfeit,train,640,640,JPEG,51740,True,bulletin_graphic_with_baked_in_label_text,110334045_3244498002272898_7054935609460571205_n
roboflow_counterfeit_med_detection,roboflow\train\images4048_jpg.rf.1c55cb91cf088b2ae1a96e844ae7e994.jpg,authentic,train,640,640,JPEG,45919,False,,images4048
roboflow_counterfeit_med_detection,roboflow\train\images5035_jpg.rf.1c8036e14f7289b9567a1847af0f9a3f.jpg,authentic,train,640,640,JPEG,32321,False,,images5035
roboflow_counterfeit_med_detection,roboflow\train\images5080_jpg.rf.1c74ecd6133edf82bc1acbddb6aaec28.jpg,authentic,train,640,640,JPEG,42527,False,,images5080
roboflow_counterfeit_med_detection,roboflow\train\images5096_jpg.rf.1c5ada1d44f4ef2fcbaa4c8ac0f72425.jpg,authentic,train,640,640,JPEG,55677,False,,images5096
roboflow_counterfeit_med_detection,roboflow\train\images347_jpg.rf.1c5793bfb1a883638fba9037811d2c4d.jpg,authentic,train,640,640,JPEG,21499,False,,images347
roboflow_counterfeit_med_detection,roboflow\train\images338_jpg.rf.1c8a71e7bcc21b54e0048a6ce23ae087.jpg,authentic,train,640,640,JPEG,34410,False,,images338
roboflow_counterfeit_med_detection,roboflow\train\FDA-Advisory-No-2022-0611-9_png.rf.1c89352dcae9134b423d213e23194b84.jpg,authentic,train,640,640,JPEG,40132,True,bulletin_graphic_with_baked_in_label_text,FDA-Advisory-No-2022-0611-9
roboflow_counterfeit_med_detection,roboflow\train\images312_jpg.rf.1c8522da8fdc5f3d2fcda5dec8f213b4.jpg,authentic,train,640,640,JPEG,53223,False,,images312
roboflow_counterfeit_med_detection,roboflow\train\images236_jpg.rf.1c4d24e93d1ee7b71245ca2ac2c9cadc.jpg,authentic,train,640,640,JPEG,49395,False,,images236
roboflow_counterfeit_med_detection,roboflow\train\images310_jpg.rf.1cbe32887312bb95987fed9466ba87c9.jpg,authentic,train,640,640,JPEG,45965,False,,images310
roboflow_counterfeit_med_detection,roboflow\train\images275_jpg.rf.1cc1f5bdd15b36e43312b8edbd26cdb4.jpg,authentic,train,640,640,JPEG,29228,False,,images275
roboflow_counterfeit_med_detection,roboflow\train\images347_jpg.rf.1cc050173efe3486244e1d7c15c29330.jpg,authentic,train,640,640,JPEG,28161,False,,images347
roboflow_counterfeit_med_detection,roboflow\train\images244_jpg.rf.1cd6d17de37afeeb02b3618dc602533b.jpg,authentic,train,640,640,JPEG,55012,False,,images244
roboflow_counterfeit_med_detection,roboflow\train\images5040_jpg.rf.1ca2366b39c904facb39a28f4b6a563b.jpg,authentic,train,640,640,JPEG,84200,False,,images5040
roboflow_counterfeit_med_detection,roboflow\train\images227_jpg.rf.1ce885730a838103b6a321922cdeb0dc.jpg,authentic,train,640,640,JPEG,24479,False,,images227
roboflow_counterfeit_med_detection,roboflow\train\images5112_jpg.rf.1d10dc2271ac19df3f539667e1539b35.jpg,authentic,train,640,640,JPEG,35234,False,,images5112
roboflow_counterfeit_med_detection,roboflow\train\images5095_jpg.rf.1d0e0135e52c3e5d5bae48ad7e9182d0.jpg,authentic,train,640,640,JPEG,55914,False,,images5095
roboflow_counterfeit_med_detection,roboflow\train\images5063_jpg.rf.1ce81dc2a91ae343e01ddbe341c0a3f7.jpg,authentic,train,640,640,JPEG,24398,False,,images5063
roboflow_counterfeit_med_detection,roboflow\train\images13_jpg.rf.1d312c62f875b505f2a6a420d057e721.jpg,authentic,train,640,640,JPEG,17122,False,,images13
roboflow_counterfeit_med_detection,roboflow\train\images346_jpg.rf.1cf2c8d1b463de570d14bddb6f0922ba.jpg,authentic,train,640,640,JPEG,26415,False,,images346
roboflow_counterfeit_med_detection,roboflow\train\images38_jpg.rf.1cec67aabf3ec627efaf96376301a6ef.jpg,authentic,train,640,640,JPEG,44165,False,,images38
roboflow_counterfeit_med_detection,roboflow\train\images347_jpg.rf.1d7eb4dd377d807ca5a17a15091e716d.jpg,authentic,train,640,640,JPEG,21550,False,,images347
roboflow_counterfeit_med_detection,roboflow\train\FDA-Advisory-No-2022-0273-7_png.rf.1d334d0805933fbef063b7ef1292ccca.jpg,ambiguous,train,640,640,JPEG,51144,True,dual_label_contradiction,FDA-Advisory-No-2022-0273-7
roboflow_counterfeit_med_detection,roboflow\train\110128855_3244497018939663_8398222400786658473_n_jpg.rf.1d9a7749ae7bfc763d0cc507fd464654.jpg,counterfeit,train,640,640,JPEG,44179,True,bulletin_graphic_with_baked_in_label_text,110128855_3244497018939663_8398222400786658473_n
roboflow_counterfeit_med_detection,roboflow\train\images310_jpg.rf.1dbfefc4bd32927f0cf73be773ee72be.jpg,authentic,train,640,640,JPEG,44231,False,,images310
roboflow_counterfeit_med_detection,roboflow\train\images5095_jpg.rf.1cdd777b1b54a7c18c995d448b6095a2.jpg,authentic,train,640,640,JPEG,57047,False,,images5095
roboflow_counterfeit_med_detection,roboflow\train\images4044_jpg.rf.1da3a8eece87f6ea425ce518d8a5628e.jpg,authentic,train,640,640,JPEG,59662,False,,images4044
roboflow_counterfeit_med_detection,roboflow\train\images5111_jpg.rf.1dda33e42b29573aa236f2672520c521.jpg,authentic,train,640,640,JPEG,44383,False,,images5111
roboflow_counterfeit_med_detection,roboflow\train\images42_jpg.rf.1da6517b95cb47c844bf44d71040b691.jpg,authentic,train,640,640,JPEG,40943,False,,images42
roboflow_counterfeit_med_detection,roboflow\train\images5096_jpg.rf.1dd5f9473be203c5431376e75fc69971.jpg,authentic,train,640,640,JPEG,49270,False,,images5096
roboflow_counterfeit_med_detection,roboflow\train\images5034_jpg.rf.1ddf2bac97c60488a453893f5c15662a.jpg,authentic,train,640,640,JPEG,53711,False,,images5034
roboflow_counterfeit_med_detection,roboflow\train\images42_jpg.rf.1dfef7427b92f75fda3aa034d636eac0.jpg,authentic,train,640,640,JPEG,51131,False,,images42
roboflow_counterfeit_med_detection,roboflow\train\images4060_jpg.rf.1df6ce5f0512d8fb49a55a4eae847c94.jpg,authentic,train,640,640,JPEG,56420,False,,images4060
roboflow_counterfeit_med_detection,roboflow\train\images43_jpg.rf.1e153a79f140bfe493a64144975e9c81.jpg,authentic,train,640,640,JPEG,44983,False,,images43
roboflow_counterfeit_med_detection,roboflow\train\1434-2020_png.rf.1e88440a09b650f8c6ebdf6558f01268.jpg,counterfeit,train,640,640,JPEG,51825,True,bulletin_graphic_with_baked_in_label_text,1434-2020
roboflow_counterfeit_med_detection,roboflow\train\images09_jpg.rf.1e34db7d0285c2b2526c12ddf78b1368.jpg,authentic,train,640,640,JPEG,32707,False,,images09
roboflow_counterfeit_med_detection,roboflow\train\images5060_jpg.rf.1eaae9f6677ff7e17f05469efec5ba36.jpg,authentic,train,640,640,JPEG,41829,False,,images5060
roboflow_counterfeit_med_detection,roboflow\train\images4068_jpg.rf.1e7d3365b5fdee3dd034354e13a1e5fb.jpg,authentic,train,640,640,JPEG,69860,False,,images4068
roboflow_counterfeit_med_detection,roboflow\train\images275_jpg.rf.1e28080618a044b87004599f62359cdc.jpg,authentic,train,640,640,JPEG,32226,False,,images275
roboflow_counterfeit_med_detection,roboflow\train\images349_jpg.rf.1e710d9c9c16ec4ec84fffcb19191e1a.jpg,authentic,train,640,640,JPEG,44709,False,,images349
roboflow_counterfeit_med_detection,roboflow\train\images29_jpg.rf.1e89e5777eb9f67be85d14dfbca7864c.jpg,authentic,train,640,640,JPEG,35392,False,,images29
roboflow_counterfeit_med_detection,roboflow\train\images256_jpg.rf.1e5367c46a787535f6134fafe0043df5.jpg,authentic,train,640,640,JPEG,39982,False,,images256
roboflow_counterfeit_med_detection,roboflow\train\images37_jpg.rf.1e0739bc70921d81763ac7057959d13f.jpg,authentic,train,640,640,JPEG,33448,False,,images37
roboflow_counterfeit_med_detection,roboflow\train\images4092_jpg.rf.1ec97b062d81ad214b8f46549b7d6e69.jpg,authentic,train,640,640,JPEG,37322,False,,images4092
roboflow_counterfeit_med_detection,roboflow\train\FDA-Advisory-No-2022-0545_png.rf.1ee82cf094c954c6ef4f8c216cfd6000.jpg,ambiguous,train,640,640,JPEG,58997,True,dual_label_contradiction,FDA-Advisory-No-2022-0545
roboflow_counterfeit_med_detection,roboflow\train\images4066_jpg.rf.1e7540f88da9353b76064983160f4fdf.jpg,authentic,train,640,640,JPEG,27457,False,,images4066
roboflow_counterfeit_med_detection,roboflow\train\images256_jpg.rf.1f10535bae053dd84addfe8382b7c228.jpg,authentic,train,640,640,JPEG,48133,False,,images256
roboflow_counterfeit_med_detection,roboflow\train\FDA-Advisory-No-2022-0780_png.rf.1eb548be350c50909e5eb7d8620e5a96.jpg,ambiguous,train,640,640,JPEG,57076,True,dual_label_contradiction,FDA-Advisory-No-2022-0780
roboflow_counterfeit_med_detection,roboflow\train\download_jpg.rf.1e7609b8f53ddb15a04f9ad911e75e8e.jpg,counterfeit,train,640,640,JPEG,30385,False,,download
roboflow_counterfeit_med_detection,roboflow\train\images348_jpg.rf.1ee5fa2be9363f01c57e45d5b540437b.jpg,authentic,train,640,640,JPEG,29630,False,,images348
roboflow_counterfeit_med_detection,roboflow\train\images29_jpg.rf.1eac839b221ba579f91d5de6e55bed79.jpg,authentic,train,640,640,JPEG,35375,False,,images29
roboflow_counterfeit_med_detection,roboflow\train\images352_jpg.rf.1f3b2f3063760dd1ed5aaa38dbd31266.jpg,authentic,train,640,640,JPEG,42066,False,,images352
roboflow_counterfeit_med_detection,roboflow\train\images352_jpg.rf.1ef825431e4a1ad8e77231d49fae40b2.jpg,authentic,train,640,640,JPEG,42508,False,,images352
roboflow_counterfeit_med_detection,roboflow\train\FAKENEOZEP-AA_jpg.rf.1efcd8c655fd0c5acc43191a8388c9c4.jpg,ambiguous,train,640,640,JPEG,56605,True,dual_label_contradiction,FAKENEOZEP-AA
roboflow_counterfeit_med_detection,roboflow\train\138757378_3748083985247628_373855157767140341_n_png.rf.1f3cb9e926c16feb7873f1989247c6fe.jpg,counterfeit,train,640,640,JPEG,42182,True,bulletin_graphic_with_baked_in_label_text,138757378_3748083985247628_373855157767140341_n
roboflow_counterfeit_med_detection,roboflow\train\images5031_jpg.rf.1f3e6b3626ccf8e3e5df5a9492f819e5.jpg,authentic,train,640,640,JPEG,27700,False,,images5031
roboflow_counterfeit_med_detection,roboflow\train\images42_jpg.rf.1f3f60eaac8dcb6159ef905fd322019b.jpg,authentic,train,640,640,JPEG,46973,False,,images42
roboflow_counterfeit_med_detection,roboflow\train\images241_jpg.rf.1f430dcb5d13c2f30bbc0cd9e89ab567.jpg,authentic,train,640,640,JPEG,55888,False,,images241
roboflow_counterfeit_med_detection,roboflow\train\images245_jpg.rf.1f1b17d0986b21e2ec9c6b59bee61d7b.jpg,authentic,train,640,640,JPEG,28887,False,,images245
roboflow_counterfeit_med_detection,roboflow\train\images4044_jpg.rf.1f3e969e8b211b84c46bba6db996829e.jpg,authentic,train,640,640,JPEG,66083,False,,images4044
roboflow_counterfeit_med_detection,roboflow\train\images4054_jpg.rf.1f43977448792fff1b279f059a980ea1.jpg,authentic,train,640,640,JPEG,66973,False,,images4054
roboflow_counterfeit_med_detection,roboflow\train\images5069_jpg.rf.1f7c58e0e85addec4e266b6c9fd5f93d.jpg,authentic,train,640,640,JPEG,77855,False,,images5069
roboflow_counterfeit_med_detection,roboflow\train\images218_jpg.rf.1f8c12318f4f8831e2259d6af8765575.jpg,authentic,train,640,640,JPEG,35574,False,,images218
roboflow_counterfeit_med_detection,roboflow\train\images4079_jpg.rf.1f575cc342dca6b1368a042ff2ac1766.jpg,authentic,train,640,640,JPEG,50835,False,,images4079
roboflow_counterfeit_med_detection,roboflow\train\images258_jpg.rf.1f8d7132879cf3a01cfa0cfcf929a278.jpg,authentic,train,640,640,JPEG,74788,False,,images258
roboflow_counterfeit_med_detection,roboflow\train\images5127_jpg.rf.1f9b19d9c59cf78a945cfbf8582df52c.jpg,authentic,train,640,640,JPEG,48722,False,,images5127
roboflow_counterfeit_med_detection,roboflow\train\images5085_jpg.rf.20bd8e1e83ea78547f2fabca69705fc2.jpg,authentic,train,640,640,JPEG,38323,False,,images5085
roboflow_counterfeit_med_detection,roboflow\train\images4061_jpg.rf.203d668bc24222b4a7d366601fdb5153.jpg,authentic,train,640,640,JPEG,16621,False,,images4061
roboflow_counterfeit_med_detection,roboflow\train\images352_jpg.rf.1ff2a8ac7499cef13cbe8845ae01c4c1.jpg,authentic,train,640,640,JPEG,47800,False,,images352
roboflow_counterfeit_med_detection,roboflow\train\images5045_jpg.rf.2168dbd774b0004246cda4a2e76bd84c.jpg,authentic,train,640,640,JPEG,40091,False,,images5045
roboflow_counterfeit_med_detection,roboflow\train\images5097_jpg.rf.215f3027c02b13e30a6e14f685c52fac.jpg,authentic,train,640,640,JPEG,26737,False,,images5097
roboflow_counterfeit_med_detection,roboflow\train\images4107_jpg.rf.212643e9a4b3d50b5571971489074f88.jpg,authentic,train,640,640,JPEG,29508,False,,images4107
roboflow_counterfeit_med_detection,roboflow\train\images5080_jpg.rf.20122bf3e77c4770688ae3e485d51fe8.jpg,authentic,train,640,640,JPEG,47536,False,,images5080
roboflow_counterfeit_med_detection,roboflow\train\images5056_jpg.rf.208ccafd0b318a7566bf2dff22627b01.jpg,authentic,train,640,640,JPEG,52326,False,,images5056
roboflow_counterfeit_med_detection,roboflow\train\images4038_jpg.rf.1ffa242122733caf9b4c48b0321a1579.jpg,authentic,train,640,640,JPEG,53237,False,,images4038
roboflow_counterfeit_med_detection,roboflow\train\images4093_jpg.rf.20c93d2eb109f55cb44a6bd2968c740c.jpg,authentic,train,640,640,JPEG,39915,False,,images4093
roboflow_counterfeit_med_detection,roboflow\train\images347_jpg.rf.2146ee78451f2c0e8c9b8588cc5166ee.jpg,authentic,train,640,640,JPEG,21252,False,,images347
roboflow_counterfeit_med_detection,roboflow\train\images5053_jpg.rf.1fc2d8f05f806de4fe0493f439e8ae57.jpg,authentic,train,640,640,JPEG,17894,False,,images5053
roboflow_counterfeit_med_detection,roboflow\train\images4095_jpg.rf.207b4537282b621a8d41fc3d03760d3a.jpg,authentic,train,640,640,JPEG,25213,False,,images4095
roboflow_counterfeit_med_detection,roboflow\train\images5127_jpg.rf.20f18aa38d6a903afe59c8a9ab815d4d.jpg,authentic,train,640,640,JPEG,50358,False,,images5127
roboflow_counterfeit_med_detection,roboflow\train\images346_jpg.rf.212cf817dccc599ec479947098722226.jpg,authentic,train,640,640,JPEG,25612,False,,images346
roboflow_counterfeit_med_detection,roboflow\train\images225_jpg.rf.1f9cfa9a88fb5f09b54f5a98b9339640.jpg,authentic,train,640,640,JPEG,50950,False,,images225
roboflow_counterfeit_med_detection,roboflow\train\images46_jpg.rf.2177e443a422caf0ae639fde60b2d5b4.jpg,authentic,train,640,640,JPEG,23790,False,,images46
roboflow_counterfeit_med_detection,roboflow\train\images265_jpg.rf.20dd1e65a9b086d35b21462e0d38e1d7.jpg,authentic,train,640,640,JPEG,50860,False,,images265
roboflow_counterfeit_med_detection,roboflow\train\images213_jpg.rf.214cc58fdefe831f5a42c965c1eaa4a8.jpg,authentic,train,640,640,JPEG,49143,False,,images213
roboflow_counterfeit_med_detection,roboflow\train\images37_jpg.rf.21a8c84994ae22846c41a435b3730e75.jpg,authentic,train,640,640,JPEG,33415,False,,images37
roboflow_counterfeit_med_detection,roboflow\train\110128855_3244497018939663_8398222400786658473_n_jpg.rf.20e3ccd2750e74dab00d34887fa56769.jpg,counterfeit,train,640,640,JPEG,54401,True,bulletin_graphic_with_baked_in_label_text,110128855_3244497018939663_8398222400786658473_n
roboflow_counterfeit_med_detection,roboflow\train\images5113_jpg.rf.20dfe1cfb8b105c5bef3b1d87f9a3b4f.jpg,authentic,train,640,640,JPEG,38578,False,,images5113
roboflow_counterfeit_med_detection,roboflow\train\images5114_jpg.rf.2172538a21e5f325cb76eb7bb0078cfe.jpg,authentic,train,640,640,JPEG,30162,False,,images5114
roboflow_counterfeit_med_detection,roboflow\train\images5041_jpg.rf.2099bf07eb6b1a1cc4946e050480201e.jpg,authentic,train,640,640,JPEG,80849,False,,images5041
roboflow_counterfeit_med_detection,roboflow\train\images5085_jpg.rf.212345242f1f11cc9d546516ff071d47.jpg,authentic,train,640,640,JPEG,57424,False,,images5085
roboflow_counterfeit_med_detection,roboflow\train\images340_jpg.rf.221763abafa3aa1a68453113536ea28b.jpg,authentic,train,640,640,JPEG,43044,False,,images340
roboflow_counterfeit_med_detection,roboflow\train\images5046_jpg.rf.222ef03cdf9c932a62705959e336be46.jpg,authentic,train,640,640,JPEG,42318,False,,images5046
roboflow_counterfeit_med_detection,roboflow\train\images351_jpg.rf.21b81296b6a5b1c826e18bf8e0e61025.jpg,authentic,train,640,640,JPEG,39836,False,,images351
roboflow_counterfeit_med_detection,roboflow\train\images5059_jpg.rf.221288c03fa445915e05da32ed788ece.jpg,authentic,train,640,640,JPEG,35120,False,,images5059
roboflow_counterfeit_med_detection,roboflow\train\2020-1348_29-1-_jpg.rf.2222004ad0ba448d7a4cffc15f576b38.jpg,counterfeit,train,640,640,JPEG,60878,True,bulletin_graphic_with_baked_in_label_text,2020-1348_29-1-
roboflow_counterfeit_med_detection,roboflow\train\images38_jpg.rf.21ae21f6561dd106ddd44f15b15832ba.jpg,authentic,train,640,640,JPEG,41091,False,,images38
roboflow_counterfeit_med_detection,roboflow\train\images4116_jpg.rf.2230f7fe39b56d30647e6ead7c9938c5.jpg,authentic,train,640,640,JPEG,25378,False,,images4116
roboflow_counterfeit_med_detection,roboflow\train\images301_jpg.rf.21c74bb54e0d43772fcd1dfa2ba4dfb2.jpg,authentic,train,640,640,JPEG,41879,False,,images301
roboflow_counterfeit_med_detection,roboflow\train\images4087_jpg.rf.2237f5f13c70fa48ec5bcde93eaee10b.jpg,authentic,train,640,640,JPEG,30662,False,,images4087
roboflow_counterfeit_med_detection,roboflow\train\images5032_jpg.rf.22a81e748639bf1b3433ad61ef992c67.jpg,authentic,train,640,640,JPEG,93601,False,,images5032
roboflow_counterfeit_med_detection,roboflow\train\images268_jpg.rf.20f7e5f94b37185e018f8108ef54d1f6.jpg,authentic,train,640,640,JPEG,53463,False,,images268
roboflow_counterfeit_med_detection,roboflow\train\images19_jpg.rf.2261d4c7f7ba77ad4845441445fd401a.jpg,authentic,train,640,640,JPEG,52203,False,,images19
roboflow_counterfeit_med_detection,roboflow\train\images4044_jpg.rf.2238dcb0b168885b1c3c6af44e447853.jpg,authentic,train,640,640,JPEG,58054,False,,images4044
roboflow_counterfeit_med_detection,roboflow\train\images5045_jpg.rf.2282831f1f2ce3e3c01c6ae6a9c3ed6b.jpg,authentic,train,640,640,JPEG,41693,False,,images5045
roboflow_counterfeit_med_detection,roboflow\train\images4039_jpg.rf.227ee1fa2161b9ffa896e068314bcc63.jpg,authentic,train,640,640,JPEG,47132,False,,images4039
roboflow_counterfeit_med_detection,roboflow\train\images226_jpg.rf.226a8a7c9166e0b17238dd8baae22ccb.jpg,authentic,train,640,640,JPEG,31008,False,,images226
roboflow_counterfeit_med_detection,roboflow\train\images5034_jpg.rf.22ae53185d5b61e151e9d0046800e2ae.jpg,authentic,train,640,640,JPEG,56822,False,,images5034
roboflow_counterfeit_med_detection,roboflow\train\FDA-Advisory-No-2022-0611-7_png.rf.22ec47d2094b22987ef5db8e70a110cf.jpg,ambiguous,train,640,640,JPEG,66613,True,dual_label_contradiction,FDA-Advisory-No-2022-0611-7
roboflow_counterfeit_med_detection,roboflow\train\images5064_jpg.rf.2356ac5dfc8600624d5e093359aa337c.jpg,authentic,train,640,640,JPEG,52941,False,,images5064
roboflow_counterfeit_med_detection,roboflow\train\images4029_jpg.rf.230c1ae3b121fe6628300795524ce945.jpg,authentic,train,640,640,JPEG,55160,False,,images4029
roboflow_counterfeit_med_detection,roboflow\train\images19_jpg.rf.234890600f843d6de951e1fd85fb1d6b.jpg,authentic,train,640,640,JPEG,48902,False,,images19
roboflow_counterfeit_med_detection,roboflow\train\images4047_jpg.rf.22bf93c80156e6590d788e931bb833cb.jpg,authentic,train,640,640,JPEG,59151,False,,images4047
roboflow_counterfeit_med_detection,roboflow\train\images347_jpg.rf.22e14fdba991685c6f554a12adb05a00.jpg,authentic,train,640,640,JPEG,24400,False,,images347
roboflow_counterfeit_med_detection,roboflow\train\images5030_jpg.rf.233e869dce25a565d57fae5d2bd29295.jpg,authentic,train,640,640,JPEG,32714,False,,images5030
roboflow_counterfeit_med_detection,roboflow\train\images38_jpg.rf.233e98d5fa533617b9b83f6727c098fb.jpg,authentic,train,640,640,JPEG,47164,False,,images38
roboflow_counterfeit_med_detection,roboflow\train\images342_jpg.rf.23403ff90c92597f90b114a5a83106d6.jpg,authentic,train,640,640,JPEG,25404,False,,images342
roboflow_counterfeit_med_detection,roboflow\train\images5030_jpg.rf.233f7ddfc048688b094de162ccd4e71f.jpg,authentic,train,640,640,JPEG,28351,False,,images5030
roboflow_counterfeit_med_detection,roboflow\train\images37_jpg.rf.2397d61fd872058731ab9d42d8f1fee0.jpg,authentic,train,640,640,JPEG,29643,False,,images37
roboflow_counterfeit_med_detection,roboflow\train\images244_jpg.rf.23bfec80f787b2e7946fa0e9f8092682.jpg,authentic,train,640,640,JPEG,56195,False,,images244
roboflow_counterfeit_med_detection,roboflow\train\images21_jpg.rf.2390bbc731b4cc1a3c75371abb27da2b.jpg,authentic,train,640,640,JPEG,36766,False,,images21
roboflow_counterfeit_med_detection,roboflow\train\images4025_jpg.rf.23b8cdb099d7471489c0e066a2b248f2.jpg,authentic,train,640,640,JPEG,32435,False,,images4025
roboflow_counterfeit_med_detection,roboflow\train\images4092_jpg.rf.23afd8f13bbb61fd8819b86cf3a8a27b.jpg,authentic,train,640,640,JPEG,34079,False,,images4092
roboflow_counterfeit_med_detection,roboflow\train\images352_jpg.rf.23dc400c23f914a84e4af8b0c4d15536.jpg,authentic,train,640,640,JPEG,42133,False,,images352
roboflow_counterfeit_med_detection,roboflow\train\images4054_jpg.rf.23dc6bed651bf7f58009fdd304af6ec2.jpg,authentic,train,640,640,JPEG,62613,False,,images4054
roboflow_counterfeit_med_detection,roboflow\train\images315_jpg.rf.23d0cf3c6e89cd1d84c7b2589c4bfdd2.jpg,authentic,train,640,640,JPEG,32069,False,,images315
roboflow_counterfeit_med_detection,roboflow\train\images239_jpg.rf.23bdac25d44d71ce71423d5115a057af.jpg,authentic,train,640,640,JPEG,42941,False,,images239
roboflow_counterfeit_med_detection,roboflow\train\images4058_jpg.rf.23bdebda9c96c8a1f0eed6d48502c851.jpg,authentic,train,640,640,JPEG,42325,False,,images4058
roboflow_counterfeit_med_detection,roboflow\train\images4060_jpg.rf.23db9d818eda024229272a68b67a7ade.jpg,authentic,train,640,640,JPEG,78278,False,,images4060
roboflow_counterfeit_med_detection,roboflow\train\images257_jpg.rf.23e46ebd86d82e01f218c7f25e4aceff.jpg,authentic,train,640,640,JPEG,24896,False,,images257
roboflow_counterfeit_med_detection,roboflow\train\images226_jpg.rf.24282b60d3827f61dad72ef607b5143e.jpg,authentic,train,640,640,JPEG,31638,False,,images226
roboflow_counterfeit_med_detection,roboflow\train\images07_jpg.rf.23de5e8b6bcac6f4eb2a92d0ef1ad48b.jpg,authentic,train,640,640,JPEG,79960,False,,images07
roboflow_counterfeit_med_detection,roboflow\train\images254_jpg.rf.236ed9a0fd9163771d747f071e46c04a.jpg,authentic,train,640,640,JPEG,39082,False,,images254
roboflow_counterfeit_med_detection,roboflow\train\images255_jpg.rf.239abebcf334a8faaf991edae83e122d.jpg,authentic,train,640,640,JPEG,34053,False,,images255
roboflow_counterfeit_med_detection,roboflow\train\images5098_jpg.rf.23f86b5863d3bd0140059011e1b6153d.jpg,authentic,train,640,640,JPEG,73799,False,,images5098
roboflow_counterfeit_med_detection,roboflow\train\images5107_jpg.rf.243635838048f95412ff42ffa7b5dce6.jpg,authentic,train,640,640,JPEG,22679,False,,images5107
roboflow_counterfeit_med_detection,roboflow\train\images4025_jpg.rf.24129d0167ef93c07a43a5f1a42f7d80.jpg,authentic,train,640,640,JPEG,20571,False,,images4025
roboflow_counterfeit_med_detection,roboflow\train\images262_jpg.rf.242afd4169cfbbc39ef33e8dab413161.jpg,authentic,train,640,640,JPEG,32560,False,,images262
roboflow_counterfeit_med_detection,roboflow\train\images301_jpg.rf.23f3581ce31de5a3cc98a39d2fe54245.jpg,authentic,train,640,640,JPEG,34342,False,,images301
roboflow_counterfeit_med_detection,roboflow\train\images4100_jpg.rf.23ddd45867d39a10f7dbec0c00118742.jpg,authentic,train,640,640,JPEG,58417,False,,images4100
roboflow_counterfeit_med_detection,roboflow\train\images08_jpg.rf.2441b3865bae8a4b4965f7b76d163ee0.jpg,authentic,train,640,640,JPEG,59408,False,,images08
roboflow_counterfeit_med_detection,roboflow\train\images5063_jpg.rf.245df1f5cb94be17de9f00b2ffd861e5.jpg,authentic,train,640,640,JPEG,23720,False,,images5063
roboflow_counterfeit_med_detection,roboflow\train\images5069_jpg.rf.23e5911ce387cc8b253f411a68a52ce8.jpg,authentic,train,640,640,JPEG,76993,False,,images5069
roboflow_counterfeit_med_detection,roboflow\train\images4025_jpg.rf.244ca67bf5e3f4bfbc109f5f0e7ccc30.jpg,authentic,train,640,640,JPEG,25168,False,,images4025
roboflow_counterfeit_med_detection,roboflow\train\images5052_jpg.rf.244667c3902e9d1ff5462559b2890865.jpg,authentic,train,640,640,JPEG,89922,False,,images5052
roboflow_counterfeit_med_detection,roboflow\train\images5035_jpg.rf.2429b17cee8e68233b2487fcf1bf75d3.jpg,authentic,train,640,640,JPEG,37225,False,,images5035
roboflow_counterfeit_med_detection,roboflow\train\images4033_jpg.rf.2453c12285d2eb1c02e78084b040c625.jpg,authentic,train,640,640,JPEG,58385,False,,images4033
roboflow_counterfeit_med_detection,roboflow\train\images5113_jpg.rf.2468ef8edf56ae9c3681f52092311b13.jpg,authentic,train,640,640,JPEG,31843,False,,images5113
roboflow_counterfeit_med_detection,roboflow\train\images320_jpg.rf.248d73acbe487e37bf0009a4c80ca1c8.jpg,authentic,train,640,640,JPEG,39681,False,,images320
roboflow_counterfeit_med_detection,roboflow\train\images208_jpg.rf.24e3e3cbd3749f1b3040d3162946030e.jpg,authentic,train,640,640,JPEG,55080,False,,images208
roboflow_counterfeit_med_detection,roboflow\train\images4045_jpg.rf.247a65179e6f0b3f47c6c3ca5047ff53.jpg,authentic,train,640,640,JPEG,52174,False,,images4045
roboflow_counterfeit_med_detection,roboflow\train\images310_jpg.rf.249d8e2e6e3c65edd493aa40dd2ec4d5.jpg,authentic,train,640,640,JPEG,42002,False,,images310
roboflow_counterfeit_med_detection,roboflow\train\images4031_jpg.rf.244be6afec7aa1782928e582cd4ece4f.jpg,authentic,train,640,640,JPEG,34946,False,,images4031
roboflow_counterfeit_med_detection,roboflow\train\images4079_jpg.rf.2493676a17f66c302c58088cc309374d.jpg,authentic,train,640,640,JPEG,51839,False,,images4079
roboflow_counterfeit_med_detection,roboflow\train\images5096_jpg.rf.24bdb7f78d4fbb88ac16309956f3cf78.jpg,authentic,train,640,640,JPEG,58559,False,,images5096
roboflow_counterfeit_med_detection,roboflow\train\images5039_jpg.rf.259b1f20a032bc26b320dc955c76a1ce.jpg,authentic,train,640,640,JPEG,64040,False,,images5039
roboflow_counterfeit_med_detection,roboflow\train\images5106_jpg.rf.256be58458bf98ada25f5c0da1c78ca3.jpg,authentic,train,640,640,JPEG,62677,False,,images5106
roboflow_counterfeit_med_detection,roboflow\train\images349_jpg.rf.25ae069844a75dc02b96e2d526a6ea7c.jpg,authentic,train,640,640,JPEG,50199,False,,images349
roboflow_counterfeit_med_detection,roboflow\train\images240_jpg.rf.2507c14ce326b0e5832b4099f0961d89.jpg,authentic,train,640,640,JPEG,50276,False,,images240
roboflow_counterfeit_med_detection,roboflow\train\images320_jpg.rf.2525002ee8a57ec4c8cf6d0b3f2d547c.jpg,authentic,train,640,640,JPEG,38500,False,,images320
roboflow_counterfeit_med_detection,roboflow\train\images262_jpg.rf.260ddf924afd4f6c2c31097ac2be9af4.jpg,authentic,train,640,640,JPEG,34130,False,,images262
roboflow_counterfeit_med_detection,roboflow\train\images228_jpg.rf.258c85936ae3464fd86b56f2e9ee58b4.jpg,authentic,train,640,640,JPEG,30445,False,,images228
roboflow_counterfeit_med_detection,roboflow\train\images225_jpg.rf.25b1ec67c00910b4770071a834feea42.jpg,authentic,train,640,640,JPEG,50586,False,,images225
roboflow_counterfeit_med_detection,roboflow\train\images239_jpg.rf.265a74fb1148fe4a71348b7abc62c101.jpg,authentic,train,640,640,JPEG,43587,False,,images239
roboflow_counterfeit_med_detection,roboflow\train\images5040_jpg.rf.26212f7aa2af16e390d686da182359de.jpg,authentic,train,640,640,JPEG,89246,False,,images5040
roboflow_counterfeit_med_detection,roboflow\train\images311_jpg.rf.25a2635aa8e50a9420c1984c4b4d3546.jpg,authentic,train,640,640,JPEG,45119,False,,images311
roboflow_counterfeit_med_detection,roboflow\train\images352_jpg.rf.25a2a1d0662e9842cc8368eab1b8868e.jpg,authentic,train,640,640,JPEG,47369,False,,images352
roboflow_counterfeit_med_detection,roboflow\train\images263_jpg.rf.260011cab14e1dbb3d24aaf953130c41.jpg,authentic,train,640,640,JPEG,40059,False,,images263
roboflow_counterfeit_med_detection,roboflow\train\images4029_jpg.rf.2666af82fa2838fd9d1585f91b9ba114.jpg,authentic,train,640,640,JPEG,76786,False,,images4029
roboflow_counterfeit_med_detection,roboflow\train\images226_jpg.rf.26843cd7aea7e5a3b65f360d85bdfa88.jpg,authentic,train,640,640,JPEG,36244,False,,images226
roboflow_counterfeit_med_detection,roboflow\train\images307_jpg.rf.26bc80e3f603a255347f144cc833d67c.jpg,authentic,train,640,640,JPEG,22876,False,,images307
roboflow_counterfeit_med_detection,roboflow\train\images276_jpg.rf.265b13c7778de7b93023ebfeed570774.jpg,authentic,train,640,640,JPEG,25797,False,,images276
roboflow_counterfeit_med_detection,roboflow\train\images5100_jpg.rf.261c6266002679745cd3325abafcb641.jpg,authentic,train,640,640,JPEG,48753,False,,images5100
roboflow_counterfeit_med_detection,roboflow\train\images4045_jpg.rf.268be2d1341e083edb0fe374e1930bf4.jpg,authentic,train,640,640,JPEG,35614,False,,images4045
roboflow_counterfeit_med_detection,roboflow\train\images4110_jpg.rf.2689c38f150530939b415317f8dc6236.jpg,authentic,train,640,640,JPEG,73709,False,,images4110
roboflow_counterfeit_med_detection,roboflow\train\images5039_jpg.rf.25eafc29253c7aa2e889ce2cc07dae25.jpg,authentic,train,640,640,JPEG,52155,False,,images5039
roboflow_counterfeit_med_detection,roboflow\train\images352_jpg.rf.2681d316466bc025fea8e6f625ffe64f.jpg,authentic,train,640,640,JPEG,45787,False,,images352
roboflow_counterfeit_med_detection,roboflow\train\images5111_jpg.rf.262d5556faa8d590360d20cfc86665d8.jpg,authentic,train,640,640,JPEG,44262,False,,images5111
roboflow_counterfeit_med_detection,roboflow\train\images5107_jpg.rf.26c45a5b9960c568cfd5f7e4eedd4eed.jpg,authentic,train,640,640,JPEG,18320,False,,images5107
roboflow_counterfeit_med_detection,roboflow\train\images5126_jpg.rf.267bf24f569b082079f757fed02d8a04.jpg,authentic,train,640,640,JPEG,22612,False,,images5126
roboflow_counterfeit_med_detection,roboflow\train\images263_jpg.rf.26d2189e0a3a71857cafd96493a9b5b1.jpg,authentic,train,640,640,JPEG,40819,False,,images263
roboflow_counterfeit_med_detection,roboflow\train\images4039_jpg.rf.26d32155e026881c8585908ba4213deb.jpg,authentic,train,640,640,JPEG,58518,False,,images4039
roboflow_counterfeit_med_detection,roboflow\train\images4090_jpg.rf.26e81d4cf92536fd7f254b3aa509a353.jpg,authentic,train,640,640,JPEG,23511,False,,images4090
roboflow_counterfeit_med_detection,roboflow\train\FDA-Advisory-No-2022-0611-5_png.rf.273e11e1a7e83ec9aa95481f27372eb3.jpg,authentic,train,640,640,JPEG,57508,True,bulletin_graphic_with_baked_in_label_text,FDA-Advisory-No-2022-0611-5
roboflow_counterfeit_med_detection,roboflow\train\images35_jpg.rf.26e54cb84a41e8213f6c4188a7401efb.jpg,authentic,train,640,640,JPEG,44949,False,,images35
roboflow_counterfeit_med_detection,roboflow\train\images31_jpg.rf.276f20eed6d2786925b0e66ee094f54f.jpg,authentic,train,640,640,JPEG,34827,False,,images31
roboflow_counterfeit_med_detection,roboflow\train\images4107_jpg.rf.271a9565dae037dbea8a4b8924937bb1.jpg,authentic,train,640,640,JPEG,35850,False,,images4107
roboflow_counterfeit_med_detection,roboflow\train\images228_jpg.rf.271cb84b381c74a547dd50c7f245bed7.jpg,authentic,train,640,640,JPEG,27839,False,,images228
roboflow_counterfeit_med_detection,roboflow\train\images5044_jpg.rf.276aaf3f7e36bb5087357b9031df41dc.jpg,authentic,train,640,640,JPEG,61076,False,,images5044
roboflow_counterfeit_med_detection,roboflow\train\images4040_jpg.rf.26e84b39744030c6cba637877f83e514.jpg,authentic,train,640,640,JPEG,78176,False,,images4040
roboflow_counterfeit_med_detection,roboflow\train\images5023_jpg.rf.27a3c804a5cf05c1e0fd0cd5b8c2e404.jpg,authentic,train,640,640,JPEG,25430,False,,images5023
roboflow_counterfeit_med_detection,roboflow\train\images5052_jpg.rf.279a176a81af055150d9a27ff0e7b9e4.jpg,authentic,train,640,640,JPEG,82251,False,,images5052
roboflow_counterfeit_med_detection,roboflow\train\images240_jpg.rf.274d9ae41d82441f67b7cf4aa8b6fe0c.jpg,authentic,train,640,640,JPEG,51127,False,,images240
roboflow_counterfeit_med_detection,roboflow\train\109118801_3244498252272873_7164080379624931851_n_jpg.rf.272e6f3e15ce8f684d33af1920ff3617.jpg,counterfeit,train,640,640,JPEG,63656,True,bulletin_graphic_with_baked_in_label_text,109118801_3244498252272873_7164080379624931851_n
roboflow_counterfeit_med_detection,roboflow\train\images4082_jpg.rf.27cf567e5feb3b45350605aa8973afeb.jpg,authentic,train,640,640,JPEG,33391,False,,images4082
roboflow_counterfeit_med_detection,roboflow\train\images4047_jpg.rf.2732d02753a8eca5ecb01af317ff2b4d.jpg,authentic,train,640,640,JPEG,53413,False,,images4047
roboflow_counterfeit_med_detection,roboflow\train\images4035_jpg.rf.278e569ac2e47d83f44c128a1d835c0d.jpg,authentic,train,640,640,JPEG,106500,False,,images4035
roboflow_counterfeit_med_detection,roboflow\train\images213_jpg.rf.27be966b2483603b4b907c8b58fb339d.jpg,authentic,train,640,640,JPEG,57195,False,,images213
roboflow_counterfeit_med_detection,roboflow\train\images5085_jpg.rf.2852ee2c2a3002f06818223ca7f6bc2d.jpg,authentic,train,640,640,JPEG,38605,False,,images5085
roboflow_counterfeit_med_detection,roboflow\train\images5031_jpg.rf.27a863908419c6af631a31352cb78233.jpg,authentic,train,640,640,JPEG,32852,False,,images5031
roboflow_counterfeit_med_detection,roboflow\train\images5023_jpg.rf.284c65e6b149a9e7dad00df61b466957.jpg,authentic,train,640,640,JPEG,32973,False,,images5023
roboflow_counterfeit_med_detection,roboflow\train\images4039_jpg.rf.280e9926e3091c7014df9c76dbcd4edd.jpg,authentic,train,640,640,JPEG,48185,False,,images4039
roboflow_counterfeit_med_detection,roboflow\train\images5090_jpg.rf.2757e71adadb7ae40b2c5026924c8ab2.jpg,authentic,train,640,640,JPEG,35267,False,,images5090
roboflow_counterfeit_med_detection,roboflow\train\images320_jpg.rf.2861e2b5dc0377a58babf5d7126977ca.jpg,authentic,train,640,640,JPEG,46034,False,,images320
roboflow_counterfeit_med_detection,roboflow\train\images4074_jpg.rf.27a91f3ee2ded069a8a5d0c5bda765b0.jpg,authentic,train,640,640,JPEG,45774,False,,images4074
roboflow_counterfeit_med_detection,roboflow\train\images4040_jpg.rf.2716a4f05762fad66a132ce1aec5c465.jpg,authentic,train,640,640,JPEG,69667,False,,images4040
roboflow_counterfeit_med_detection,roboflow\train\images252_jpg.rf.27628addd052fc2ba8ced00b5b48d4e2.jpg,authentic,train,640,640,JPEG,51628,False,,images252
roboflow_counterfeit_med_detection,roboflow\train\images5062_jpg.rf.285f796d8097d3ecd35326ea6103daf0.jpg,authentic,train,640,640,JPEG,19980,False,,images5062
roboflow_counterfeit_med_detection,roboflow\train\images310_jpg.rf.27e2f64bf889ca21e47019b03171179a.jpg,authentic,train,640,640,JPEG,43863,False,,images310
roboflow_counterfeit_med_detection,roboflow\train\images21_jpg.rf.2873e3476bb8959cc2f79f06dac5204f.jpg,authentic,train,640,640,JPEG,36824,False,,images21
roboflow_counterfeit_med_detection,roboflow\train\images342_jpg.rf.2881b925a361e7e2290a45532138f759.jpg,authentic,train,640,640,JPEG,19993,False,,images342
roboflow_counterfeit_med_detection,roboflow\train\images09_jpg.rf.289f97aa3eda641fcc4735225d51f557.jpg,authentic,train,640,640,JPEG,40420,False,,images09
roboflow_counterfeit_med_detection,roboflow\train\images283_jpg.rf.28a5fa42dae08022a3dd2662261a79db.jpg,authentic,train,640,640,JPEG,60952,False,,images283
roboflow_counterfeit_med_detection,roboflow\train\images5030_jpg.rf.28b07432ee29ec9c01922fac043edcaf.jpg,authentic,train,640,640,JPEG,28239,False,,images5030
roboflow_counterfeit_med_detection,roboflow\train\images38_jpg.rf.28ce8a43f83a98588e8726c8212e0601.jpg,authentic,train,640,640,JPEG,50866,False,,images38
roboflow_counterfeit_med_detection,roboflow\train\images4090_jpg.rf.286e9a7eb773ad177f1818774e802417.jpg,authentic,train,640,640,JPEG,23191,False,,images4090
roboflow_counterfeit_med_detection,roboflow\train\images5064_jpg.rf.28b4e00d242122efbfa3b98f5ffe1a1b.jpg,authentic,train,640,640,JPEG,50253,False,,images5064
roboflow_counterfeit_med_detection,roboflow\train\images231_jpg.rf.294d1eace20fc8f7caa56db3fb2c2861.jpg,authentic,train,640,640,JPEG,39415,False,,images231
roboflow_counterfeit_med_detection,roboflow\train\images4048_jpg.rf.293acd9ecbf4c9acb57fc72989e2c227.jpg,authentic,train,640,640,JPEG,39396,False,,images4048
roboflow_counterfeit_med_detection,roboflow\train\images4063_jpg.rf.293315c04fd56664448399e82692615b.jpg,authentic,train,640,640,JPEG,22033,False,,images4063
roboflow_counterfeit_med_detection,roboflow\train\images263_jpg.rf.29a3420697b21094009cda5ad35bd058.jpg,authentic,train,640,640,JPEG,38678,False,,images263
roboflow_counterfeit_med_detection,roboflow\train\images5046_jpg.rf.294949d0a4e773b5ef8399f99e1eab53.jpg,authentic,train,640,640,JPEG,39323,False,,images5046
roboflow_counterfeit_med_detection,roboflow\train\images47_jpg.rf.29c44f5eb5755056944e73c82c69dd70.jpg,authentic,train,640,640,JPEG,30583,False,,images47
roboflow_counterfeit_med_detection,roboflow\train\images347_jpg.rf.2a0652b894bc27d6135fbb97b1c3ba25.jpg,authentic,train,640,640,JPEG,24299,False,,images347
roboflow_counterfeit_med_detection,roboflow\train\images47_jpg.rf.296232b851184a5043356de09f758a1a.jpg,authentic,train,640,640,JPEG,30537,False,,images47
roboflow_counterfeit_med_detection,roboflow\train\images227_jpg.rf.2912e552b96ace90ef83887962ac2cb1.jpg,authentic,train,640,640,JPEG,25210,False,,images227
roboflow_counterfeit_med_detection,roboflow\train\images4038_jpg.rf.28af5f5a7b93ad5db48f4922378919b0.jpg,authentic,train,640,640,JPEG,58337,False,,images4038
roboflow_counterfeit_med_detection,roboflow\train\images351_jpg.rf.2a19af101e536f4fd8c694549f6aeade.jpg,authentic,train,640,640,JPEG,47058,False,,images351
roboflow_counterfeit_med_detection,roboflow\train\images201_jpg.rf.2a226822b4ce980d6095bc56f9f6ad87.jpg,authentic,train,640,640,JPEG,49307,False,,images201
roboflow_counterfeit_med_detection,roboflow\train\images5114_jpg.rf.29c0a9f0116a32272649fa346b4312b2.jpg,authentic,train,640,640,JPEG,30340,False,,images5114
roboflow_counterfeit_med_detection,roboflow\train\images5024_jpg.rf.29aac591cf6f71dba8a0e476df25349b.jpg,authentic,train,640,640,JPEG,60607,False,,images5024
roboflow_counterfeit_med_detection,roboflow\train\images4038_jpg.rf.29fdd2f946257f483bdcafc7b5446182.jpg,authentic,train,640,640,JPEG,52330,False,,images4038
roboflow_counterfeit_med_detection,roboflow\train\2020-1348_33-1-_jpg.rf.2896543e87eb550300a93dcf41f188ac.jpg,counterfeit,train,640,640,JPEG,59307,True,bulletin_graphic_with_baked_in_label_text,2020-1348_33-1-
roboflow_counterfeit_med_detection,roboflow\train\images5058_jpg.rf.29ab11c4ab912d86302bafe6ff83dff9.jpg,authentic,train,640,640,JPEG,82930,False,,images5058
roboflow_counterfeit_med_detection,roboflow\train\images4063_jpg.rf.2a56ac888ad570072f6e36434d18334f.jpg,authentic,train,640,640,JPEG,22073,False,,images4063
roboflow_counterfeit_med_detection,roboflow\train\images33_jpg.rf.2a260f53202d941c243e15556c4bf752.jpg,authentic,train,640,640,JPEG,37623,False,,images33
roboflow_counterfeit_med_detection,roboflow\train\images4074_jpg.rf.2a3caf05e3035ac456fd5d2620db493f.jpg,authentic,train,640,640,JPEG,38037,False,,images4074
roboflow_counterfeit_med_detection,roboflow\train\images5085_jpg.rf.2958ae1eb2225c258ee00e53a88145bd.jpg,authentic,train,640,640,JPEG,53291,False,,images5085
roboflow_counterfeit_med_detection,roboflow\train\images262_jpg.rf.29d7289e420bbfb22299339c7dfb9b79.jpg,authentic,train,640,640,JPEG,30833,False,,images262
roboflow_counterfeit_med_detection,roboflow\train\images5063_jpg.rf.297b0a204d1df974a1eaf8017adddeed.jpg,authentic,train,640,640,JPEG,26480,False,,images5063
roboflow_counterfeit_med_detection,roboflow\train\images5040_jpg.rf.2a6cec9cc30d3f6c86e813fc38c91e09.jpg,authentic,train,640,640,JPEG,95103,False,,images5040
roboflow_counterfeit_med_detection,roboflow\train\images4079_jpg.rf.2a49689e71b39d4460a5f0f61a8fc8ae.jpg,authentic,train,640,640,JPEG,48989,False,,images4079
roboflow_counterfeit_med_detection,roboflow\train\images201_jpg.rf.2a99fb37dc37f63bae2d310d08687532.jpg,authentic,train,640,640,JPEG,46636,False,,images201
roboflow_counterfeit_med_detection,roboflow\train\images5061_jpg.rf.2ae285ec486fd90fa7103a965dcbdd24.jpg,authentic,train,640,640,JPEG,32988,False,,images5061
roboflow_counterfeit_med_detection,roboflow\train\images5064_jpg.rf.2a8b4b93fd5a182109c1b603e1bb3076.jpg,authentic,train,640,640,JPEG,46843,False,,images5064
roboflow_counterfeit_med_detection,roboflow\train\images5103_jpg.rf.2a83fa1e5f73b3657d3bdd99b74f62be.jpg,authentic,train,640,640,JPEG,28691,False,,images5103
roboflow_counterfeit_med_detection,roboflow\train\images4094_jpg.rf.2aa7d4bdaf92393795d95d2e48341bfa.jpg,authentic,train,640,640,JPEG,17798,False,,images4094
roboflow_counterfeit_med_detection,roboflow\train\images257_jpg.rf.2a9ce66cbfca900082dc0d4b09c916ac.jpg,authentic,train,640,640,JPEG,32083,False,,images257
roboflow_counterfeit_med_detection,roboflow\train\images4047_jpg.rf.2b96c4ef642e1af173b18462c75f4b19.jpg,authentic,train,640,640,JPEG,61476,False,,images4047
roboflow_counterfeit_med_detection,roboflow\train\images4090_jpg.rf.2afebbf0d231e7c3b25596d30d931476.jpg,authentic,train,640,640,JPEG,18523,False,,images4090
roboflow_counterfeit_med_detection,roboflow\train\images346_jpg.rf.2ab9d3bd2eff53120f1fc2f34d2803de.jpg,authentic,train,640,640,JPEG,26975,False,,images346
roboflow_counterfeit_med_detection,roboflow\train\images33_jpg.rf.2ac839e7885b2912f7e6ea873214e927.jpg,authentic,train,640,640,JPEG,38548,False,,images33
roboflow_counterfeit_med_detection,roboflow\train\images4061_jpg.rf.2b8e06e619d5353a9f1574ba85515f04.jpg,authentic,train,640,640,JPEG,23044,False,,images4061
roboflow_counterfeit_med_detection,roboflow\train\images4039_jpg.rf.2af58dc014c4c4fec7bb90dcf718df44.jpg,authentic,train,640,640,JPEG,37129,False,,images4039
roboflow_counterfeit_med_detection,roboflow\train\images4025_jpg.rf.2b25ecffdda5a14bbc5d60812264d411.jpg,authentic,train,640,640,JPEG,32704,False,,images4025
roboflow_counterfeit_med_detection,roboflow\train\images4092_jpg.rf.2b0e7fd1e36e3ce8dc02254dfb157dcb.jpg,authentic,train,640,640,JPEG,44004,False,,images4092
roboflow_counterfeit_med_detection,roboflow\train\images5103_jpg.rf.2b5fd4d8adc875ca4fac2e0a37a32f53.jpg,authentic,train,640,640,JPEG,25035,False,,images5103
roboflow_counterfeit_med_detection,roboflow\train\images201_jpg.rf.2b0ade32288d6a587e7123d840060730.jpg,authentic,train,640,640,JPEG,49316,False,,images201
roboflow_counterfeit_med_detection,roboflow\train\images5087_jpg.rf.2a8bdb27cd526b91fe554c22e4d3c28c.jpg,authentic,train,640,640,JPEG,26098,False,,images5087
roboflow_counterfeit_med_detection,roboflow\train\images352_jpg.rf.2aca29962319f6d7090d9b8dfec2b256.jpg,authentic,train,640,640,JPEG,41154,False,,images352
roboflow_counterfeit_med_detection,roboflow\train\images47_jpg.rf.2b3658b554183c7765d3a5f4e08c0b88.jpg,authentic,train,640,640,JPEG,26889,False,,images47
roboflow_counterfeit_med_detection,roboflow\train\images260_jpg.rf.2b591afbec7269db10a5d04e638dbe7b.jpg,authentic,train,640,640,JPEG,39327,False,,images260
roboflow_counterfeit_med_detection,roboflow\train\images02_jpg.rf.2b9668cd2d542668de34230041d778e5.jpg,authentic,train,640,640,JPEG,46323,False,,images02
roboflow_counterfeit_med_detection,roboflow\train\images4029_jpg.rf.2bd2a1f8fee1542a77edefa4c9ba4f90.jpg,authentic,train,640,640,JPEG,68856,False,,images4029
roboflow_counterfeit_med_detection,roboflow\train\images316_jpg.rf.2b869c1d9cac9789c065aecd29185eeb.jpg,authentic,train,640,640,JPEG,40658,False,,images316
roboflow_counterfeit_med_detection,roboflow\train\images214_jpg.rf.2bd435e268d2600810b55aa6c21d4a15.jpg,authentic,train,640,640,JPEG,32876,False,,images214
roboflow_counterfeit_med_detection,roboflow\train\images4068_jpg.rf.2af1ae94103bd9b1652d0ac6737d17a5.jpg,authentic,train,640,640,JPEG,58171,False,,images4068
roboflow_counterfeit_med_detection,roboflow\train\images4116_jpg.rf.2bea63954525a9647efe419e93776c40.jpg,authentic,train,640,640,JPEG,33482,False,,images4116
roboflow_counterfeit_med_detection,roboflow\train\images5110_jpg.rf.2c1e1b914dc0c762e9636b1c02333256.jpg,authentic,train,640,640,JPEG,13382,False,,images5110
roboflow_counterfeit_med_detection,roboflow\train\images4124_jpg.rf.2bf3b1bdaac2275132db55fca4fd6f69.jpg,authentic,train,640,640,JPEG,25469,False,,images4124
roboflow_counterfeit_med_detection,roboflow\train\images4039_jpg.rf.2c684a43f54d7f78f15523a0d3c46449.jpg,authentic,train,640,640,JPEG,41884,False,,images4039
roboflow_counterfeit_med_detection,roboflow\train\images08_jpg.rf.2c0d5a68c0ec36fd9b697bbe3775b453.jpg,authentic,train,640,640,JPEG,60226,False,,images08
roboflow_counterfeit_med_detection,roboflow\train\images340_jpg.rf.2c2679abc439f8e9ddf5a5e834460b46.jpg,authentic,train,640,640,JPEG,45582,False,,images340
roboflow_counterfeit_med_detection,roboflow\train\images252_jpg.rf.2c39f43c2fb24dff2d6d0304f128abb4.jpg,authentic,train,640,640,JPEG,60166,False,,images252
roboflow_counterfeit_med_detection,roboflow\train\images4066_jpg.rf.2c6aef2192589b59b6d24b8fbbc2f86a.jpg,authentic,train,640,640,JPEG,29666,False,,images4066
roboflow_counterfeit_med_detection,roboflow\train\images240_jpg.rf.2c8b35bb8d46fa607d8d82972fcc994f.jpg,authentic,train,640,640,JPEG,46575,False,,images240
roboflow_counterfeit_med_detection,roboflow\train\images321_jpg.rf.2c2c51b4cc9e8d5606b6df331c7680d1.jpg,authentic,train,640,640,JPEG,31702,False,,images321
roboflow_counterfeit_med_detection,roboflow\train\images4095_jpg.rf.2cb0e18b096697cc7033bff01c3d10cb.jpg,authentic,train,640,640,JPEG,38629,False,,images4095
roboflow_counterfeit_med_detection,roboflow\train\images242_jpg.rf.2ca7d96d80a520c0ab0ccdcc3e363907.jpg,authentic,train,640,640,JPEG,41322,False,,images242
roboflow_counterfeit_med_detection,roboflow\train\images5095_jpg.rf.2bfc62fce34e4cc1e7ff2912e9c34315.jpg,authentic,train,640,640,JPEG,50294,False,,images5095
roboflow_counterfeit_med_detection,roboflow\train\images351_jpg.rf.2caba658982225435f58efa2b0111693.jpg,authentic,train,640,640,JPEG,42825,False,,images351
roboflow_counterfeit_med_detection,roboflow\train\images316_jpg.rf.2cc5701be481e47659a8e41736cf212e.jpg,authentic,train,640,640,JPEG,38829,False,,images316
roboflow_counterfeit_med_detection,roboflow\train\images302_jpg.rf.2cb0278ea1cffd8e171a76135aaf8d73.jpg,authentic,train,640,640,JPEG,42012,False,,images302
roboflow_counterfeit_med_detection,roboflow\train\images236_jpg.rf.2c2d498d62917f31fd877848761fb3d1.jpg,authentic,train,640,640,JPEG,49872,False,,images236
roboflow_counterfeit_med_detection,roboflow\train\images5051_jpg.rf.2c9d5dbc16a00629ce84956402a54cd8.jpg,authentic,train,640,640,JPEG,25251,False,,images5051
roboflow_counterfeit_med_detection,roboflow\train\images4060_jpg.rf.2ce8f00aa361a1cea7edd34be7868799.jpg,authentic,train,640,640,JPEG,62092,False,,images4060
roboflow_counterfeit_med_detection,roboflow\train\images5071_jpg.rf.2cdbbf0e1672b43d705d683adf5705be.jpg,authentic,train,640,640,JPEG,47032,False,,images5071
roboflow_counterfeit_med_detection,roboflow\train\images11_jpg.rf.2c75105d3a685224a430861095907cc6.jpg,authentic,train,640,640,JPEG,74297,False,,images11
roboflow_counterfeit_med_detection,roboflow\train\images201_jpg.rf.2db657edff1e9bc996f32d4716a90891.jpg,authentic,train,640,640,JPEG,49166,False,,images201
roboflow_counterfeit_med_detection,roboflow\train\images46_jpg.rf.2d61741394a663bc6ff68d9bc5ec5ad0.jpg,authentic,train,640,640,JPEG,22118,False,,images46
roboflow_counterfeit_med_detection,roboflow\train\images4045_jpg.rf.2cf5eae22a6dfee7c600047c5c748d8f.jpg,authentic,train,640,640,JPEG,43698,False,,images4045
roboflow_counterfeit_med_detection,roboflow\train\images310_jpg.rf.2d2344bf552f27537987021687432bd0.jpg,authentic,train,640,640,JPEG,46168,False,,images310
roboflow_counterfeit_med_detection,roboflow\train\images5063_jpg.rf.2d97b531b68babc458df1e61dbb53c49.jpg,authentic,train,640,640,JPEG,26482,False,,images5063
roboflow_counterfeit_med_detection,roboflow\train\FDA-Advisory-No-2020-2177_png.rf.2d34c84e6e8ee128374b7e249cdd54cf.jpg,counterfeit,train,640,640,JPEG,52825,True,bulletin_graphic_with_baked_in_label_text,FDA-Advisory-No-2020-2177
roboflow_counterfeit_med_detection,roboflow\train\images260_jpg.rf.2d805aa28a697ed28f46fb1313df9291.jpg,authentic,train,640,640,JPEG,29493,False,,images260
roboflow_counterfeit_med_detection,roboflow\train\images4100_jpg.rf.2c9708aaaa95a722ee9fe1d2a00d53b8.jpg,authentic,train,640,640,JPEG,50113,False,,images4100
roboflow_counterfeit_med_detection,roboflow\train\images351_jpg.rf.2db43f3102a35d9ca2bcd915dacd012c.jpg,authentic,train,640,640,JPEG,39232,False,,images351
roboflow_counterfeit_med_detection,roboflow\train\images5107_jpg.rf.2dc687334e9764c921a27dba505ed739.jpg,authentic,train,640,640,JPEG,25912,False,,images5107
roboflow_counterfeit_med_detection,roboflow\train\images5104_jpg.rf.2dc52005724a280a5632a27608f69dec.jpg,authentic,train,640,640,JPEG,28565,False,,images5104
roboflow_counterfeit_med_detection,roboflow\train\images5106_jpg.rf.2d292eb4e8cb428cee925c61e28eea45.jpg,authentic,train,640,640,JPEG,48103,False,,images5106
roboflow_counterfeit_med_detection,roboflow\train\images4033_jpg.rf.2dab3d4617c1d06e489cdc15e016c0c8.jpg,authentic,train,640,640,JPEG,73518,False,,images4033
roboflow_counterfeit_med_detection,roboflow\train\images265_jpg.rf.2ddf7be60649b5b8e6e00d6e6304c35b.jpg,authentic,train,640,640,JPEG,42506,False,,images265
roboflow_counterfeit_med_detection,roboflow\train\images5117_jpg.rf.2dc59c541bd8e878e6a63c5b406a75db.jpg,authentic,train,640,640,JPEG,65739,False,,images5117
roboflow_counterfeit_med_detection,roboflow\train\images212_jpg.rf.2e341e0a6ba96abed4ab766fd0673253.jpg,authentic,train,640,640,JPEG,29279,False,,images212
roboflow_counterfeit_med_detection,roboflow\train\images4033_jpg.rf.2e7f5bb41615582426f1903a75453bbf.jpg,authentic,train,640,640,JPEG,45314,False,,images4033
roboflow_counterfeit_med_detection,roboflow\train\images5034_jpg.rf.2e475f4f655a9a0d461ffcc01e0a258d.jpg,authentic,train,640,640,JPEG,57315,False,,images5034
roboflow_counterfeit_med_detection,roboflow\train\images214_jpg.rf.2e3e95034c48ed37a0f7b940a0b67abd.jpg,authentic,train,640,640,JPEG,34419,False,,images214
roboflow_counterfeit_med_detection,roboflow\train\images349_jpg.rf.2eb1b8853d1a94117224518b69ee0575.jpg,authentic,train,640,640,JPEG,48217,False,,images349
roboflow_counterfeit_med_detection,roboflow\train\images321_jpg.rf.2e4be4587c77c282421fe082f3b6c899.jpg,authentic,train,640,640,JPEG,31564,False,,images321
roboflow_counterfeit_med_detection,roboflow\train\images315_jpg.rf.2f51da39be44c1219367cb74dc386ed3.jpg,authentic,train,640,640,JPEG,32996,False,,images315
roboflow_counterfeit_med_detection,roboflow\train\images4031_jpg.rf.2e8499b0021c94da39fde1d825450367.jpg,authentic,train,640,640,JPEG,45700,False,,images4031
roboflow_counterfeit_med_detection,roboflow\train\images4042_jpg.rf.2f654af495ad8eae4d790e6c1aa6f6a0.jpg,authentic,train,640,640,JPEG,43018,False,,images4042
roboflow_counterfeit_med_detection,roboflow\train\images4064_jpg.rf.2ec0ae3508c435f6461377fdadd230ea.jpg,authentic,train,640,640,JPEG,41388,False,,images4064
roboflow_counterfeit_med_detection,roboflow\train\images07_jpg.rf.2eb13b9556871ffb685a54c740676f63.jpg,authentic,train,640,640,JPEG,79720,False,,images07
roboflow_counterfeit_med_detection,roboflow\train\images311_jpg.rf.2f6bddef05d0d3d88d15bc357202a144.jpg,authentic,train,640,640,JPEG,41743,False,,images311
roboflow_counterfeit_med_detection,roboflow\train\images346_jpg.rf.2f7876c6c8a9f021fd01df39f12dd914.jpg,authentic,train,640,640,JPEG,27192,False,,images346
roboflow_counterfeit_med_detection,roboflow\train\2020-1348_5_jpg.rf.2de8a6a160157176610709ae4b6ed63b.jpg,authentic,train,640,640,JPEG,51268,True,bulletin_graphic_with_baked_in_label_text,2020-1348_5
roboflow_counterfeit_med_detection,roboflow\train\images4067_jpg.rf.2df84e8e1969ea547b4fc6cf9c558e4f.jpg,authentic,train,640,640,JPEG,52408,False,,images4067
roboflow_counterfeit_med_detection,roboflow\train\images4094_jpg.rf.2e3532c374b2ae900dae690ff18a0d2d.jpg,authentic,train,640,640,JPEG,24201,False,,images4094
roboflow_counterfeit_med_detection,roboflow\train\images320_jpg.rf.2f2aebd8c15fe44fc5d9ac70800ff1ca.jpg,authentic,train,640,640,JPEG,46847,False,,images320
roboflow_counterfeit_med_detection,roboflow\train\images342_jpg.rf.2f81a9abe332e3b7b31a76287100bd56.jpg,authentic,train,640,640,JPEG,24840,False,,images342
roboflow_counterfeit_med_detection,roboflow\train\images254_jpg.rf.2f2d8d41cda66ed87408417ecb8a525c.jpg,authentic,train,640,640,JPEG,44697,False,,images254
roboflow_counterfeit_med_detection,roboflow\train\images4046_jpg.rf.2eefed1a143ef1a00b399d7984747be9.jpg,authentic,train,640,640,JPEG,100337,False,,images4046
roboflow_counterfeit_med_detection,roboflow\train\images4063_jpg.rf.2de1280c04d893f38242b2feabdf8c0d.jpg,authentic,train,640,640,JPEG,19544,False,,images4063
roboflow_counterfeit_med_detection,roboflow\train\images5095_jpg.rf.2fe272163cdd37d01356c363f952e591.jpg,authentic,train,640,640,JPEG,51790,False,,images5095
roboflow_counterfeit_med_detection,roboflow\train\images4029_jpg.rf.2f99f20d35cbcdda81d858f875b07ac4.jpg,authentic,train,640,640,JPEG,68856,False,,images4029
roboflow_counterfeit_med_detection,roboflow\train\images4120_jpg.rf.2ff146504fca60b592a5cd38d797da54.jpg,authentic,train,640,640,JPEG,41274,False,,images4120
roboflow_counterfeit_med_detection,roboflow\train\images37_jpg.rf.2fb621c91090963020816ee886d4d92c.jpg,authentic,train,640,640,JPEG,29717,False,,images37
roboflow_counterfeit_med_detection,roboflow\train\images242_jpg.rf.2f8a5f5304d361c5c2b1e4d1cf857f0a.jpg,authentic,train,640,640,JPEG,43686,False,,images242
roboflow_counterfeit_med_detection,roboflow\train\images4045_jpg.rf.2ff45eaf383138211a34b8fea893bc21.jpg,authentic,train,640,640,JPEG,39007,False,,images4045
roboflow_counterfeit_med_detection,roboflow\train\images245_jpg.rf.2fb10122baff0e041c293858565c4d78.jpg,authentic,train,640,640,JPEG,31716,False,,images245
roboflow_counterfeit_med_detection,roboflow\train\images5087_jpg.rf.3006d57900fac5b3e509a37d07314653.jpg,authentic,train,640,640,JPEG,20853,False,,images5087
roboflow_counterfeit_med_detection,roboflow\train\images262_jpg.rf.300337a0e7da9b58fb50a77d5d3216c0.jpg,authentic,train,640,640,JPEG,31677,False,,images262
roboflow_counterfeit_med_detection,roboflow\train\images351_jpg.rf.301e18af574cd1f8605e4a336c800e9a.jpg,authentic,train,640,640,JPEG,46578,False,,images351
roboflow_counterfeit_med_detection,roboflow\train\images227_jpg.rf.3005b213daad562cc337df3277df0026.jpg,authentic,train,640,640,JPEG,29899,False,,images227
roboflow_counterfeit_med_detection,roboflow\train\images4068_jpg.rf.309436c75ec11ffaf9fb6e5556090245.jpg,authentic,train,640,640,JPEG,71296,False,,images4068
roboflow_counterfeit_med_detection,roboflow\train\images4079_jpg.rf.3042c260dcbecb7b921c31bf41da855d.jpg,authentic,train,640,640,JPEG,43059,False,,images4079
roboflow_counterfeit_med_detection,roboflow\train\images5063_jpg.rf.30b5866768388d83b87223e78bf0966e.jpg,authentic,train,640,640,JPEG,25342,False,,images5063
roboflow_counterfeit_med_detection,roboflow\train\images352_jpg.rf.30a9a3df38c50e5692f430e7e91151dc.jpg,authentic,train,640,640,JPEG,42610,False,,images352
roboflow_counterfeit_med_detection,roboflow\train\images268_jpg.rf.309106601d2a06f4cc68f10ae11fde9b.jpg,authentic,train,640,640,JPEG,56386,False,,images268
roboflow_counterfeit_med_detection,roboflow\train\images4046_jpg.rf.30a30b15d45f0d718f9e9b8da092b9da.jpg,authentic,train,640,640,JPEG,88143,False,,images4046
roboflow_counterfeit_med_detection,roboflow\train\images5067_jpg.rf.303ef836aa369d25ffa3f12460a22ebc.jpg,authentic,train,640,640,JPEG,50142,False,,images5067
roboflow_counterfeit_med_detection,roboflow\train\images257_jpg.rf.30d93a1030bd02dff44f54fb229226f8.jpg,authentic,train,640,640,JPEG,30266,False,,images257
roboflow_counterfeit_med_detection,roboflow\train\images4095_jpg.rf.313082461ba612b35182efe0b2878291.jpg,authentic,train,640,640,JPEG,33833,False,,images4095
roboflow_counterfeit_med_detection,roboflow\train\images214_jpg.rf.30c419e6fec7db9cee1034d50f779cda.jpg,authentic,train,640,640,JPEG,31707,False,,images214
roboflow_counterfeit_med_detection,roboflow\train\images265_jpg.rf.30dbae4ac103d7bd379771991b133da9.jpg,authentic,train,640,640,JPEG,43521,False,,images265
roboflow_counterfeit_med_detection,roboflow\train\images4029_jpg.rf.3127eedff05e61cb0bed2c670008644e.jpg,authentic,train,640,640,JPEG,64543,False,,images4029
roboflow_counterfeit_med_detection,roboflow\train\images348_jpg.rf.3148e5825e29621737593fa716086eac.jpg,authentic,train,640,640,JPEG,30328,False,,images348
roboflow_counterfeit_med_detection,roboflow\train\images346_jpg.rf.311c42d4eaeedd9e9f63641f94686db9.jpg,authentic,train,640,640,JPEG,25751,False,,images346
roboflow_counterfeit_med_detection,roboflow\train\images314_jpg.rf.31b3b108a1678af9434d54025327ef0a.jpg,authentic,train,640,640,JPEG,39109,False,,images314
roboflow_counterfeit_med_detection,roboflow\train\images4054_jpg.rf.315f0014632e27d83a940aea16d875b1.jpg,authentic,train,640,640,JPEG,38578,False,,images4054
roboflow_counterfeit_med_detection,roboflow\train\images321_jpg.rf.3192cb95ffea203077a05c55a8469860.jpg,authentic,train,640,640,JPEG,33179,False,,images321
roboflow_counterfeit_med_detection,roboflow\train\images4048_jpg.rf.317676fec37f2ccc7f8044d6554672f2.jpg,authentic,train,640,640,JPEG,29699,False,,images4048
roboflow_counterfeit_med_detection,roboflow\train\images265_jpg.rf.313fdd6592f27d7acacce21d4bf3492a.jpg,authentic,train,640,640,JPEG,43438,False,,images265
roboflow_counterfeit_med_detection,roboflow\train\images4045_jpg.rf.317e9f0fe50fe158e1737e0a3593c6ad.jpg,authentic,train,640,640,JPEG,44906,False,,images4045
roboflow_counterfeit_med_detection,roboflow\train\images36_jpg.rf.31833a980bd1ecfe9044da961038f71b.jpg,authentic,train,640,640,JPEG,34475,False,,images36
roboflow_counterfeit_med_detection,roboflow\train\images342_jpg.rf.317626e7d6d842fcf60ec509ee32fb67.jpg,authentic,train,640,640,JPEG,26478,False,,images342
roboflow_counterfeit_med_detection,roboflow\train\images346_jpg.rf.31b9cd8a2331b3744f144c4c4ff25857.jpg,authentic,train,640,640,JPEG,29990,False,,images346
roboflow_counterfeit_med_detection,roboflow\train\images4067_jpg.rf.31db6d41c89fade24c766d744e2bf7b9.jpg,authentic,train,640,640,JPEG,52958,False,,images4067
roboflow_counterfeit_med_detection,roboflow\train\images42_jpg.rf.31e008d7c00ec5ff9fa22faa88ae6fa1.jpg,authentic,train,640,640,JPEG,46339,False,,images42
roboflow_counterfeit_med_detection,roboflow\train\images244_jpg.rf.31e15cbd9a27628a4cc8a443a9099cee.jpg,authentic,train,640,640,JPEG,49125,False,,images244
roboflow_counterfeit_med_detection,roboflow\train\images241_jpg.rf.3204f2b5441c7787935a0858ef007da2.jpg,authentic,train,640,640,JPEG,48674,False,,images241
roboflow_counterfeit_med_detection,roboflow\train\images5040_jpg.rf.3234bc65ef531df6b458b039e4af2704.jpg,authentic,train,640,640,JPEG,94359,False,,images5040
roboflow_counterfeit_med_detection,roboflow\train\images4079_jpg.rf.32228e0e1a77d7b7586d4a4f3317f4d7.jpg,authentic,train,640,640,JPEG,52789,False,,images4079
roboflow_counterfeit_med_detection,roboflow\train\images4047_jpg.rf.32459cf85395110c923ee4c055a7bfd0.jpg,authentic,train,640,640,JPEG,43866,False,,images4047
roboflow_counterfeit_med_detection,roboflow\train\images4038_jpg.rf.3242e7beb52df242c516cc6011e4d39f.jpg,authentic,train,640,640,JPEG,56902,False,,images4038
roboflow_counterfeit_med_detection,roboflow\train\images4069_jpg.rf.319695aff23ba67057fa48c872bd82da.jpg,authentic,train,640,640,JPEG,42207,False,,images4069
roboflow_counterfeit_med_detection,roboflow\train\images5106_jpg.rf.32720e1f7387273a199518f9b179dc97.jpg,authentic,train,640,640,JPEG,60965,False,,images5106
roboflow_counterfeit_med_detection,roboflow\train\images02_jpg.rf.330b035a1bd66d3d3afdd6355c1d7f29.jpg,authentic,train,640,640,JPEG,46083,False,,images02
roboflow_counterfeit_med_detection,roboflow\train\images342_jpg.rf.32797e7bed2ff306e77a07d2bc24e193.jpg,authentic,train,640,640,JPEG,23319,False,,images342
roboflow_counterfeit_med_detection,roboflow\train\images5090_jpg.rf.323057e46284c371da48b89b0acd428c.jpg,authentic,train,640,640,JPEG,37557,False,,images5090
roboflow_counterfeit_med_detection,roboflow\train\images231_jpg.rf.32d6a2aecad89baf92a95b3f1d780a95.jpg,authentic,train,640,640,JPEG,38238,False,,images231
roboflow_counterfeit_med_detection,roboflow\train\images347_jpg.rf.3296b66347010ea3b2f6007d9403f767.jpg,authentic,train,640,640,JPEG,22002,False,,images347
roboflow_counterfeit_med_detection,roboflow\train\images5053_jpg.rf.334aa888b0e214869ba960602da5b055.jpg,authentic,train,640,640,JPEG,26443,False,,images5053
roboflow_counterfeit_med_detection,roboflow\train\images265_jpg.rf.325db2633db631b75d91c175366cd2b3.jpg,authentic,train,640,640,JPEG,36790,False,,images265
roboflow_counterfeit_med_detection,roboflow\train\images5060_jpg.rf.32f119b47e5e2513ecee11e52fe03cf5.jpg,authentic,train,640,640,JPEG,45982,False,,images5060
roboflow_counterfeit_med_detection,roboflow\train\images5062_jpg.rf.32885521f28fe99b4032a8cf240c39d0.jpg,authentic,train,640,640,JPEG,23526,False,,images5062
roboflow_counterfeit_med_detection,roboflow\train\images219_jpg.rf.32ce5802706648c68dc3ada205bc2eca.jpg,authentic,train,640,640,JPEG,51644,False,,images219
roboflow_counterfeit_med_detection,roboflow\train\FDA-Advisory-No-2022-0611-2_png.rf.3247ca2b6b2000bff4fee627d2ca8ebe.jpg,counterfeit,train,640,640,JPEG,52679,True,bulletin_graphic_with_baked_in_label_text,FDA-Advisory-No-2022-0611-2
roboflow_counterfeit_med_detection,roboflow\train\images254_jpg.rf.33ae233ed04416829572b287eea560ed.jpg,authentic,train,640,640,JPEG,46652,False,,images254
roboflow_counterfeit_med_detection,roboflow\train\images42_jpg.rf.3276fdc3811e6669cb7efd8ad4ac2641.jpg,authentic,train,640,640,JPEG,48315,False,,images42
roboflow_counterfeit_med_detection,roboflow\train\images232_jpg.rf.33bd2dc317efe02644dd382cb274459d.jpg,authentic,train,640,640,JPEG,55039,False,,images232
roboflow_counterfeit_med_detection,roboflow\train\images29_jpg.rf.33578584710a54c52f086d8ccd182b43.jpg,authentic,train,640,640,JPEG,31173,False,,images29
roboflow_counterfeit_med_detection,roboflow\train\images4120_jpg.rf.334bbbc8ea9992ea7a68f7ce4c038525.jpg,authentic,train,640,640,JPEG,37717,False,,images4120
roboflow_counterfeit_med_detection,roboflow\train\images4092_jpg.rf.326d687661487f76ab67425a36e2b86a.jpg,authentic,train,640,640,JPEG,38830,False,,images4092
roboflow_counterfeit_med_detection,roboflow\train\images352_jpg.rf.32ce17feb4bacba917e2682e336ae37b.jpg,authentic,train,640,640,JPEG,43108,False,,images352
roboflow_counterfeit_med_detection,roboflow\train\images339_jpg.rf.33d1f1f330758e2edf5bb19fabc4266a.jpg,authentic,train,640,640,JPEG,47150,False,,images339
roboflow_counterfeit_med_detection,roboflow\train\images311_jpg.rf.32a228bc353f1e51db9f4a3b0531c769.jpg,authentic,train,640,640,JPEG,47851,False,,images311
roboflow_counterfeit_med_detection,roboflow\train\images37_jpg.rf.332403ea044e0e9d5c7b569d0813769d.jpg,authentic,train,640,640,JPEG,30365,False,,images37
roboflow_counterfeit_med_detection,roboflow\train\FDA-Advisory-No-2022-0611-30_png.rf.336bc2048b971480917a8dcb3cd7c828.jpg,counterfeit,train,640,640,JPEG,57388,True,bulletin_graphic_with_baked_in_label_text,FDA-Advisory-No-2022-0611-30
roboflow_counterfeit_med_detection,roboflow\train\images4039_jpg.rf.339d07f2459cb73e7fb5c0f4dee8cf74.jpg,authentic,train,640,640,JPEG,63368,False,,images4039
roboflow_counterfeit_med_detection,roboflow\train\images4058_jpg.rf.33cd63a2c8731750b4e89e1dda0dcffa.jpg,authentic,train,640,640,JPEG,41796,False,,images4058
roboflow_counterfeit_med_detection,roboflow\train\FDA-Advisory-No-2022-0273-1_png.rf.33d2f0c8f8242eab8bcbed931f3ccfc5.jpg,ambiguous,train,640,640,JPEG,69905,True,dual_label_contradiction,FDA-Advisory-No-2022-0273-1
roboflow_counterfeit_med_detection,roboflow\train\images5097_jpg.rf.349bf81cdb246123740910cac34f1eab.jpg,authentic,train,640,640,JPEG,25783,False,,images5097
roboflow_counterfeit_med_detection,roboflow\train\images268_jpg.rf.343061839bf17f9ba37134539cf3475f.jpg,authentic,train,640,640,JPEG,58522,False,,images268
roboflow_counterfeit_med_detection,roboflow\train\images314_jpg.rf.33d4dd658d71572523cfeab2d39d3c80.jpg,authentic,train,640,640,JPEG,50001,False,,images314
roboflow_counterfeit_med_detection,roboflow\train\images4110_jpg.rf.3438b7eb09d7f763a22bd2d8e36d8c4c.jpg,authentic,train,640,640,JPEG,107036,False,,images4110
roboflow_counterfeit_med_detection,roboflow\train\images222_jpg.rf.353617bfd3df1b4a2bb793a8792b31a3.jpg,authentic,train,640,640,JPEG,43974,False,,images222
roboflow_counterfeit_med_detection,roboflow\train\images4035_jpg.rf.340425d0721a97b19fc78cc3b19abc08.jpg,authentic,train,640,640,JPEG,105881,False,,images4035
roboflow_counterfeit_med_detection,roboflow\train\images4058_jpg.rf.350781645a638216037837cb634610c7.jpg,authentic,train,640,640,JPEG,38514,False,,images4058
roboflow_counterfeit_med_detection,roboflow\train\images35_jpg.rf.34470ad3939275b787dc700955b97989.jpg,authentic,train,640,640,JPEG,46352,False,,images35
roboflow_counterfeit_med_detection,roboflow\train\images4046_jpg.rf.343fe01bb68fda8f29c679fdf5d0508b.jpg,authentic,train,640,640,JPEG,64808,False,,images4046
roboflow_counterfeit_med_detection,roboflow\train\images5112_jpg.rf.34927af6f03e1f28477615a643f6df38.jpg,authentic,train,640,640,JPEG,45582,False,,images5112
roboflow_counterfeit_med_detection,roboflow\train\images254_jpg.rf.34fb8c308774d7587abeadfa7bf9d5ae.jpg,authentic,train,640,640,JPEG,45979,False,,images254
roboflow_counterfeit_med_detection,roboflow\train\images4046_jpg.rf.33f443e60a5d3d09a804c1166e95e788.jpg,authentic,train,640,640,JPEG,90941,False,,images4046
roboflow_counterfeit_med_detection,roboflow\train\images4100_jpg.rf.343130908ddf118df2a24e7c87bdce2d.jpg,authentic,train,640,640,JPEG,68448,False,,images4100
roboflow_counterfeit_med_detection,roboflow\train\images4093_jpg.rf.34bf4bc517ac39f72628102c1f73db63.jpg,authentic,train,640,640,JPEG,26996,False,,images4093
roboflow_counterfeit_med_detection,roboflow\train\images239_jpg.rf.34d8f5d5b46b6530eb542129683d920d.jpg,authentic,train,640,640,JPEG,43805,False,,images239
roboflow_counterfeit_med_detection,roboflow\train\images4033_jpg.rf.35659f8f11d0670546309522b4a350a7.jpg,authentic,train,640,640,JPEG,59597,False,,images4033
roboflow_counterfeit_med_detection,roboflow\train\images09_jpg.rf.34925c88c46f38f966d4daa31392537b.jpg,authentic,train,640,640,JPEG,47248,False,,images09
roboflow_counterfeit_med_detection,roboflow\train\images311_jpg.rf.3438831d0d8097050ce11ecfb79ba07f.jpg,authentic,train,640,640,JPEG,43656,False,,images311
roboflow_counterfeit_med_detection,roboflow\train\images14_jpg.rf.3406d139f0dba7599eaacc32a31659c9.jpg,authentic,train,640,640,JPEG,49032,False,,images14
roboflow_counterfeit_med_detection,roboflow\train\images252_jpg.rf.357d8126dcf31e64cfe4f6f043405ae3.jpg,authentic,train,640,640,JPEG,56332,False,,images252
roboflow_counterfeit_med_detection,roboflow\train\images5069_jpg.rf.34a41a5f35ef3635f3921de45290a949.jpg,authentic,train,640,640,JPEG,78752,False,,images5069
roboflow_counterfeit_med_detection,roboflow\train\images4087_jpg.rf.34e23ae192c0c381cbe6c12734d48a06.jpg,authentic,train,640,640,JPEG,37633,False,,images4087
roboflow_counterfeit_med_detection,roboflow\train\images5116_jpg.rf.359e19f665ac2b938cdd91750a1ee014.jpg,authentic,train,640,640,JPEG,85519,False,,images5116
roboflow_counterfeit_med_detection,roboflow\train\images335_jpg.rf.3515cb09decd6e20f20344aa5f9c053d.jpg,authentic,train,640,640,JPEG,39413,False,,images335
roboflow_counterfeit_med_detection,roboflow\train\images37_jpg.rf.340ba8a83646d5f4612edf18aa9816fb.jpg,authentic,train,640,640,JPEG,30798,False,,images37
roboflow_counterfeit_med_detection,roboflow\train\images268_jpg.rf.35c7793f867a087ca5a4c841b8abfae7.jpg,authentic,train,640,640,JPEG,58957,False,,images268
roboflow_counterfeit_med_detection,roboflow\train\images4060_jpg.rf.35dd947a578fbd249f4d30fc7fc50240.jpg,authentic,train,640,640,JPEG,76003,False,,images4060
roboflow_counterfeit_med_detection,roboflow\train\images347_jpg.rf.35c110d8fcff6e5d2f694a8682d11cef.jpg,authentic,train,640,640,JPEG,28447,False,,images347
roboflow_counterfeit_med_detection,roboflow\train\images346_jpg.rf.35ec311bd51d88d24049c67037c97103.jpg,authentic,train,640,640,JPEG,26425,False,,images346
roboflow_counterfeit_med_detection,roboflow\train\images13_jpg.rf.35f6b579bb4e462b169672107de1be68.jpg,authentic,train,640,640,JPEG,17716,False,,images13
roboflow_counterfeit_med_detection,roboflow\train\images4033_jpg.rf.35b2b7b86d2a90f8f62102349ffc8410.jpg,authentic,train,640,640,JPEG,63544,False,,images4033
roboflow_counterfeit_med_detection,roboflow\train\images4124_jpg.rf.35c9fdfc1d054acab6f113690f1c9cca.jpg,authentic,train,640,640,JPEG,29280,False,,images4124
roboflow_counterfeit_med_detection,roboflow\train\images5064_jpg.rf.3602b8c13ce77d51c8d87a532f7648f2.jpg,authentic,train,640,640,JPEG,54395,False,,images5064
roboflow_counterfeit_med_detection,roboflow\train\images214_jpg.rf.36318d2b2dd14b749ebde004f2b723ad.jpg,authentic,train,640,640,JPEG,34302,False,,images214
roboflow_counterfeit_med_detection,roboflow\train\images4048_jpg.rf.35b496f5272024dd288cfa089e94d14b.jpg,authentic,train,640,640,JPEG,42814,False,,images4048
roboflow_counterfeit_med_detection,roboflow\train\images4081_jpg.rf.35de9e240e9f1f5068cf82b0cf1e7f10.jpg,authentic,train,640,640,JPEG,37205,False,,images4081
roboflow_counterfeit_med_detection,roboflow\train\images5059_jpg.rf.3689e320a0f431c215a86394d2e052bd.jpg,authentic,train,640,640,JPEG,39836,False,,images5059
roboflow_counterfeit_med_detection,roboflow\train\images346_jpg.rf.364ceb017d64cd287b9bf86e76628513.jpg,authentic,train,640,640,JPEG,25565,False,,images346
roboflow_counterfeit_med_detection,roboflow\train\images352_jpg.rf.360db2cf207022337f22c5dc071b0d30.jpg,authentic,train,640,640,JPEG,44577,False,,images352
roboflow_counterfeit_med_detection,roboflow\train\images226_jpg.rf.3680e92037accc059255f3efcecd946b.jpg,authentic,train,640,640,JPEG,34225,False,,images226
roboflow_counterfeit_med_detection,roboflow\train\images4100_jpg.rf.365b959067e854cc77d06dc53812760e.jpg,authentic,train,640,640,JPEG,73873,False,,images4100
roboflow_counterfeit_med_detection,roboflow\train\images323_jpg.rf.35d264ba643f66cd00a750b9db1b6ad4.jpg,authentic,train,640,640,JPEG,30989,False,,images323
roboflow_counterfeit_med_detection,roboflow\train\images4045_jpg.rf.3658e1f2bcacff9153a3c000150a1463.jpg,authentic,train,640,640,JPEG,36778,False,,images4045
roboflow_counterfeit_med_detection,roboflow\train\images5111_jpg.rf.366b97abea3bbb5d6d983671ad152bd3.jpg,authentic,train,640,640,JPEG,42998,False,,images5111
roboflow_counterfeit_med_detection,roboflow\train\images11_jpg.rf.360cf74c7dd3a047df34a382e8dfe087.jpg,authentic,train,640,640,JPEG,72434,False,,images11
roboflow_counterfeit_med_detection,roboflow\train\images342_jpg.rf.363fe0a6615f8ce236def119d813c2aa.jpg,authentic,train,640,640,JPEG,21597,False,,images342
roboflow_counterfeit_med_detection,roboflow\train\images4124_jpg.rf.3622d215b79561fac53ca760510db573.jpg,authentic,train,640,640,JPEG,30993,False,,images4124
roboflow_counterfeit_med_detection,roboflow\train\images4031_jpg.rf.36aec5859b06d93576fa08d6d9ea320b.jpg,authentic,train,640,640,JPEG,57495,False,,images4031
roboflow_counterfeit_med_detection,roboflow\train\images260_jpg.rf.361830272eff2b62b4b9c1a2e671f842.jpg,authentic,train,640,640,JPEG,41133,False,,images260
roboflow_counterfeit_med_detection,roboflow\train\images323_jpg.rf.359f891c9774548aece0e3fb451f8c76.jpg,authentic,train,640,640,JPEG,27291,False,,images323
roboflow_counterfeit_med_detection,roboflow\train\images02_jpg.rf.36e5565d5230ce2a0a9aa7635fa19822.jpg,authentic,train,640,640,JPEG,46406,False,,images02
roboflow_counterfeit_med_detection,roboflow\train\images5041_jpg.rf.365572818d444db907e4ebe5f9a4cbff.jpg,authentic,train,640,640,JPEG,78080,False,,images5041
roboflow_counterfeit_med_detection,roboflow\train\FDA-Advisory-No-2022-0273-1_png.rf.36c8a8e2a023156dae7990e053a973a9.jpg,ambiguous,train,640,640,JPEG,77996,True,dual_label_contradiction,FDA-Advisory-No-2022-0273-1
roboflow_counterfeit_med_detection,roboflow\train\images232_jpg.rf.36ce93b155aa0b499a305405a8e962d5.jpg,authentic,train,640,640,JPEG,38768,False,,images232
roboflow_counterfeit_med_detection,roboflow\train\images5039_jpg.rf.36fb6b7bb6af5348b702ae18894e785c.jpg,authentic,train,640,640,JPEG,57498,False,,images5039
roboflow_counterfeit_med_detection,roboflow\train\images5111_jpg.rf.3704681e5a4eca53c1fb1c77e91479a6.jpg,authentic,train,640,640,JPEG,45828,False,,images5111
roboflow_counterfeit_med_detection,roboflow\train\images5041_jpg.rf.37304f4f4d349e78dd372e79c204b3f6.jpg,authentic,train,640,640,JPEG,75234,False,,images5041
roboflow_counterfeit_med_detection,roboflow\train\images38_jpg.rf.3714b1051056522874566905f7777b96.jpg,authentic,train,640,640,JPEG,44963,False,,images38
roboflow_counterfeit_med_detection,roboflow\train\images5110_jpg.rf.37adf8b8f501b487b301f0e89dab708f.jpg,authentic,train,640,640,JPEG,12209,False,,images5110
roboflow_counterfeit_med_detection,roboflow\train\images35_jpg.rf.376d54e20a13a083506f4a3327274fef.jpg,authentic,train,640,640,JPEG,38152,False,,images35
roboflow_counterfeit_med_detection,roboflow\train\images310_jpg.rf.37c5e7fa8615e8a47b4d4fec986266c5.jpg,authentic,train,640,640,JPEG,40337,False,,images310
roboflow_counterfeit_med_detection,roboflow\train\images5110_jpg.rf.382bdbbf3f38eb29d47df65ab81f815a.jpg,authentic,train,640,640,JPEG,13645,False,,images5110
roboflow_counterfeit_med_detection,roboflow\train\images340_jpg.rf.3776ed32d6d8a6af454454ef1645b071.jpg,authentic,train,640,640,JPEG,50346,False,,images340
roboflow_counterfeit_med_detection,roboflow\train\images05_jpg.rf.37b4aeee6b64cd4de154fbfd492d35ce.jpg,authentic,train,640,640,JPEG,20494,False,,images05
roboflow_counterfeit_med_detection,roboflow\train\images4038_jpg.rf.37475c13d29f7ca69224700c9107ba72.jpg,authentic,train,640,640,JPEG,51750,False,,images4038
roboflow_counterfeit_med_detection,roboflow\train\images5090_jpg.rf.379f89ffdbdaa3fecabf39da63c7cce5.jpg,authentic,train,640,640,JPEG,31927,False,,images5090
roboflow_counterfeit_med_detection,roboflow\train\images4090_jpg.rf.3820dfed9a3572a537cdd237704822cf.jpg,authentic,train,640,640,JPEG,21122,False,,images4090
roboflow_counterfeit_med_detection,roboflow\train\images4120_jpg.rf.377ff5ce8825e4d429d65e9bfedefa2f.jpg,authentic,train,640,640,JPEG,37638,False,,images4120
roboflow_counterfeit_med_detection,roboflow\train\images5030_jpg.rf.37e0e4ee8dcb0871dad4207a45b3ff34.jpg,authentic,train,640,640,JPEG,36617,False,,images5030
roboflow_counterfeit_med_detection,roboflow\train\images05_jpg.rf.38519d60ed915dd1e04da2248a63bb90.jpg,authentic,train,640,640,JPEG,28193,False,,images05
roboflow_counterfeit_med_detection,roboflow\train\images5030_jpg.rf.38354cd9f821fa0052584100b439b7a3.jpg,authentic,train,640,640,JPEG,27841,False,,images5030
roboflow_counterfeit_med_detection,roboflow\train\images5024_jpg.rf.388e249e06c0f294506c435abecb2d9e.jpg,authentic,train,640,640,JPEG,60386,False,,images5024
roboflow_counterfeit_med_detection,roboflow\train\images5061_jpg.rf.386bba4455936459242b5876ec4b0dbb.jpg,authentic,train,640,640,JPEG,33456,False,,images5061
roboflow_counterfeit_med_detection,roboflow\train\images01_jpg.rf.378c84b1f4e2eacb592caf9fcf4418db.jpg,authentic,train,640,640,JPEG,39859,False,,images01
roboflow_counterfeit_med_detection,roboflow\train\images5067_jpg.rf.37aadb20ad717ba7ef415ee9509458a8.jpg,authentic,train,640,640,JPEG,50345,False,,images5067
roboflow_counterfeit_med_detection,roboflow\train\images226_jpg.rf.38903f2a0b67d0a7c74c5d852b8942b7.jpg,authentic,train,640,640,JPEG,32018,False,,images226
roboflow_counterfeit_med_detection,roboflow\train\images5041_jpg.rf.38c07d59aeea8e7c6cca5387e781ff15.jpg,authentic,train,640,640,JPEG,80907,False,,images5041
roboflow_counterfeit_med_detection,roboflow\train\images5032_jpg.rf.39090ffce3ca5ca80420dc0bc11a55b4.jpg,authentic,train,640,640,JPEG,63514,False,,images5032
roboflow_counterfeit_med_detection,roboflow\train\images201_jpg.rf.38d720af36ea9b82d586993b15a1fd8b.jpg,authentic,train,640,640,JPEG,50346,False,,images201
roboflow_counterfeit_med_detection,roboflow\train\FDA-Advisory-No-2022-0611-23_png.rf.38c720c03f4a662bfcde846aafd0c1f1.jpg,authentic,train,640,640,JPEG,57500,True,bulletin_graphic_with_baked_in_label_text,FDA-Advisory-No-2022-0611-23
roboflow_counterfeit_med_detection,roboflow\train\images4120_jpg.rf.38bfcdb8e6556a2f7b60bdf3547027ee.jpg,authentic,train,640,640,JPEG,39249,False,,images4120
roboflow_counterfeit_med_detection,roboflow\train\images339_jpg.rf.38a3d8c2a5076ed43dc1f2c98016b84b.jpg,authentic,train,640,640,JPEG,54879,False,,images339
roboflow_counterfeit_med_detection,roboflow\train\images260_jpg.rf.371bb670cc0404dc1b07d72fee4666e3.jpg,authentic,train,640,640,JPEG,42808,False,,images260
roboflow_counterfeit_med_detection,roboflow\train\images38_jpg.rf.37c8607fe79be550b5e4bbef548d2204.jpg,authentic,train,640,640,JPEG,45826,False,,images38
roboflow_counterfeit_med_detection,roboflow\train\images5113_jpg.rf.38d21dfc5dc31ab0c5e05ca2e8118ee4.jpg,authentic,train,640,640,JPEG,39215,False,,images5113
roboflow_counterfeit_med_detection,roboflow\train\images5095_jpg.rf.37221858adb7c04be3d0f0d400151da1.jpg,authentic,train,640,640,JPEG,38021,False,,images5095
roboflow_counterfeit_med_detection,roboflow\train\images15_jpg.rf.3938afaf0e25729452e34756c2a1ea64.jpg,authentic,train,640,640,JPEG,36597,False,,images15
roboflow_counterfeit_med_detection,roboflow\train\images4054_jpg.rf.392c4cc89b57b62535190239824c2fab.jpg,authentic,train,640,640,JPEG,71914,False,,images4054
roboflow_counterfeit_med_detection,roboflow\train\images5127_jpg.rf.39267058ac5668050a08606fc1b85b9d.jpg,authentic,train,640,640,JPEG,51627,False,,images5127
roboflow_counterfeit_med_detection,roboflow\train\images339_jpg.rf.392a45b066bbf4c6083576677847b32a.jpg,authentic,train,640,640,JPEG,57260,False,,images339
roboflow_counterfeit_med_detection,roboflow\train\images5024_jpg.rf.3939633d66b419b353cabc06a66fbb14.jpg,authentic,train,640,640,JPEG,52564,False,,images5024
roboflow_counterfeit_med_detection,roboflow\train\images348_jpg.rf.399ff7a7b1e3b01006c5c0eacfadfcdb.jpg,authentic,train,640,640,JPEG,29747,False,,images348
roboflow_counterfeit_med_detection,roboflow\train\images307_jpg.rf.378c8e6c7da0ce60accf78909d5e49d1.jpg,authentic,train,640,640,JPEG,35598,False,,images307
roboflow_counterfeit_med_detection,roboflow\train\images4040_jpg.rf.398bb3bccae86e1d9b926752c721cd38.jpg,authentic,train,640,640,JPEG,69253,False,,images4040
roboflow_counterfeit_med_detection,roboflow\train\images303_jpg.rf.39995b9ed25862b1b43b2c35979fd6ee.jpg,authentic,train,640,640,JPEG,48399,False,,images303
roboflow_counterfeit_med_detection,roboflow\train\images231_jpg.rf.3940649259be2aef33619c3fecdd500a.jpg,authentic,train,640,640,JPEG,36968,False,,images231
roboflow_counterfeit_med_detection,roboflow\train\images232_jpg.rf.393a01d7b9fa0520757e73ca76445552.jpg,authentic,train,640,640,JPEG,31057,False,,images232
roboflow_counterfeit_med_detection,roboflow\train\images4094_jpg.rf.3a2bc152a262f3c37c7a248b466dec37.jpg,authentic,train,640,640,JPEG,16882,False,,images4094
roboflow_counterfeit_med_detection,roboflow\train\images5097_jpg.rf.39eafe84009ac4c43c6c79092a6c3ec1.jpg,authentic,train,640,640,JPEG,24371,False,,images5097
roboflow_counterfeit_med_detection,roboflow\train\images5024_jpg.rf.39eafb2ab4b66e8a34d5c4462cf73b12.jpg,authentic,train,640,640,JPEG,55227,False,,images5024
roboflow_counterfeit_med_detection,roboflow\train\images09_jpg.rf.3a7939fec485e1b6506113c69afa027f.jpg,authentic,train,640,640,JPEG,49617,False,,images09
roboflow_counterfeit_med_detection,roboflow\train\download_jpg.rf.3999e9523a3f305078f5bc7dcec0d5db.jpg,counterfeit,train,640,640,JPEG,26526,False,,download
roboflow_counterfeit_med_detection,roboflow\train\images214_jpg.rf.39f6e370d492ee67888545a4d1a1063d.jpg,authentic,train,640,640,JPEG,37894,False,,images214
roboflow_counterfeit_med_detection,roboflow\train\images4025_jpg.rf.3a1d53bc5c529bca46707b96de878ac5.jpg,authentic,train,640,640,JPEG,33491,False,,images4025
roboflow_counterfeit_med_detection,roboflow\train\images316_jpg.rf.39b7425739a2ceae891628580d4be29a.jpg,authentic,train,640,640,JPEG,37792,False,,images316
roboflow_counterfeit_med_detection,roboflow\train\images4033_jpg.rf.3a804f34a988457f03952aa79f2b0503.jpg,authentic,train,640,640,JPEG,59597,False,,images4033
roboflow_counterfeit_med_detection,roboflow\train\images255_jpg.rf.3aba902f186b652b429ec0e8a57197ba.jpg,authentic,train,640,640,JPEG,33739,False,,images255
roboflow_counterfeit_med_detection,roboflow\train\images4047_jpg.rf.3a9c149e88d11e15f2639a60420366dc.jpg,authentic,train,640,640,JPEG,44672,False,,images4047
roboflow_counterfeit_med_detection,roboflow\train\images08_jpg.rf.39ac8ba11ac35050f2895b63af1fc689.jpg,authentic,train,640,640,JPEG,61339,False,,images08
roboflow_counterfeit_med_detection,roboflow\train\images4095_jpg.rf.3a9e2107c1624334a9d8a2cae8f8fac8.jpg,authentic,train,640,640,JPEG,36149,False,,images4095
roboflow_counterfeit_med_detection,roboflow\train\images5039_jpg.rf.39c1f045e85aa59eaf68b135b1ed0c10.jpg,authentic,train,640,640,JPEG,63978,False,,images5039
roboflow_counterfeit_med_detection,roboflow\train\images210_jpg.rf.3ab0c308f4906b11b62801fe0d217654.jpg,authentic,train,640,640,JPEG,39058,False,,images210
roboflow_counterfeit_med_detection,roboflow\train\images239_jpg.rf.3a7fc9c5d09b2261ee31b429da3b7b1f.jpg,authentic,train,640,640,JPEG,44631,False,,images239
roboflow_counterfeit_med_detection,roboflow\train\images339_jpg.rf.3a2c2e0f4937818b2cf8b16833083309.jpg,authentic,train,640,640,JPEG,40366,False,,images339
roboflow_counterfeit_med_detection,roboflow\train\images4035_jpg.rf.3af7836f0728021b20e76a7ee3df82dc.jpg,authentic,train,640,640,JPEG,84601,False,,images4035
roboflow_counterfeit_med_detection,roboflow\train\images14_jpg.rf.3acad18a85b85380ee96bfc5d22a6d23.jpg,authentic,train,640,640,JPEG,38462,False,,images14
roboflow_counterfeit_med_detection,roboflow\train\images15_jpg.rf.3a2c4d1c5333618ba547f86ddf43fd22.jpg,authentic,train,640,640,JPEG,45230,False,,images15
roboflow_counterfeit_med_detection,roboflow\train\images340_jpg.rf.3aea34c5729d5768fddb473e91deb5db.jpg,authentic,train,640,640,JPEG,49523,False,,images340
roboflow_counterfeit_med_detection,roboflow\train\images02_jpg.rf.3af8d9e8059121686c7a968b409e72d7.jpg,authentic,train,640,640,JPEG,44816,False,,images02
roboflow_counterfeit_med_detection,roboflow\train\images5111_jpg.rf.3abf3118e57737f2275cf9caec88aae8.jpg,authentic,train,640,640,JPEG,35065,False,,images5111
roboflow_counterfeit_med_detection,roboflow\train\images4068_jpg.rf.3b15a09168ab833c1a04c0f6c5222b22.jpg,authentic,train,640,640,JPEG,69572,False,,images4068
roboflow_counterfeit_med_detection,roboflow\train\bioflu_jpg.rf.3b184307e2e6da0fae5fd5ccfdadb371.jpg,ambiguous,train,640,640,JPEG,56709,True,dual_label_contradiction,bioflu
roboflow_counterfeit_med_detection,roboflow\train\images5039_jpg.rf.3b281b75b2bcdd2cd0182e60ed00b961.jpg,authentic,train,640,640,JPEG,56769,False,,images5039
roboflow_counterfeit_med_detection,roboflow\train\images29_jpg.rf.3b1f33b4d53394da2820544b8f68ef9e.jpg,authentic,train,640,640,JPEG,32397,False,,images29
roboflow_counterfeit_med_detection,roboflow\train\images338_jpg.rf.3b9d28699aa4e0c813d4f88694ef5778.jpg,authentic,train,640,640,JPEG,37641,False,,images338
roboflow_counterfeit_med_detection,roboflow\train\images4044_jpg.rf.3b20d59b5aae2608765283bd227fff92.jpg,authentic,train,640,640,JPEG,64417,False,,images4044
roboflow_counterfeit_med_detection,roboflow\train\images222_jpg.rf.3c2396ebbf6257cb9027a9f725b0ca15.jpg,authentic,train,640,640,JPEG,43078,False,,images222
roboflow_counterfeit_med_detection,roboflow\train\images255_jpg.rf.3b8c5e5702329b16742ad0fda4c60b8b.jpg,authentic,train,640,640,JPEG,32486,False,,images255
roboflow_counterfeit_med_detection,roboflow\train\images4110_jpg.rf.3bda396277c55e072f18518711674915.jpg,authentic,train,640,640,JPEG,89880,False,,images4110
roboflow_counterfeit_med_detection,roboflow\train\images5059_jpg.rf.3bdbb8cbb3d163343e61ecf8f9671b35.jpg,authentic,train,640,640,JPEG,41267,False,,images5059
roboflow_counterfeit_med_detection,roboflow\train\images5045_jpg.rf.3b42a7289a719965de01fbae10c12b33.jpg,authentic,train,640,640,JPEG,44620,False,,images5045
roboflow_counterfeit_med_detection,roboflow\train\FDA-Advisory-No-2022-0611-26_png.rf.3bc8e0ec5f21d61b9a1414ccf883aa18.jpg,counterfeit,train,640,640,JPEG,57635,True,bulletin_graphic_with_baked_in_label_text,FDA-Advisory-No-2022-0611-26
roboflow_counterfeit_med_detection,roboflow\train\images38_jpg.rf.3bd0f107dd132d5a6bc27b71f114c651.jpg,authentic,train,640,640,JPEG,53751,False,,images38
roboflow_counterfeit_med_detection,roboflow\train\images235_jpg.rf.3c9caf2411c11d4c0d162de80b3f044e.jpg,authentic,train,640,640,JPEG,59774,False,,images235
roboflow_counterfeit_med_detection,roboflow\train\images07_jpg.rf.3bae6dc2f173fd039a8ed5ebc542135c.jpg,authentic,train,640,640,JPEG,80452,False,,images07
roboflow_counterfeit_med_detection,roboflow\train\images47_jpg.rf.3bec7738088806b9a1e495063f676f55.jpg,authentic,train,640,640,JPEG,29618,False,,images47
roboflow_counterfeit_med_detection,roboflow\train\images4060_jpg.rf.3c7ffab5f6c1976098cade90b69bbac8.jpg,authentic,train,640,640,JPEG,64752,False,,images4060
roboflow_counterfeit_med_detection,roboflow\train\images265_jpg.rf.3c5be1b169898d2846336f1eb0a4ae1d.jpg,authentic,train,640,640,JPEG,38821,False,,images265
roboflow_counterfeit_med_detection,roboflow\train\images4040_jpg.rf.3cc60fadf10883f0cc881cc3f23492c9.jpg,authentic,train,640,640,JPEG,75569,False,,images4040
roboflow_counterfeit_med_detection,roboflow\train\images4031_jpg.rf.3cc20bb94de4996a4db92c093cd2568d.jpg,authentic,train,640,640,JPEG,48615,False,,images4031
roboflow_counterfeit_med_detection,roboflow\train\images36_jpg.rf.3c66d480975cbfef6c7f0b3e65e36ee7.jpg,authentic,train,640,640,JPEG,33584,False,,images36
roboflow_counterfeit_med_detection,roboflow\train\images4033_jpg.rf.3c9ab2a99ff6b0229065b338e3f7f697.jpg,authentic,train,640,640,JPEG,71060,False,,images4033
roboflow_counterfeit_med_detection,roboflow\train\images4124_jpg.rf.3c9ffa8648076d3219632f556ca57a41.jpg,authentic,train,640,640,JPEG,29799,False,,images4124
roboflow_counterfeit_med_detection,roboflow\train\images335_jpg.rf.3cc2cb83d9fa3f09f62068cd60912231.jpg,authentic,train,640,640,JPEG,37243,False,,images335
roboflow_counterfeit_med_detection,roboflow\train\images5095_jpg.rf.3c051a3de1d73d5aa222f7793b96961a.jpg,authentic,train,640,640,JPEG,57565,False,,images5095
roboflow_counterfeit_med_detection,roboflow\train\images4047_jpg.rf.3c4874dfe18484f58c8b48045aa717d9.jpg,authentic,train,640,640,JPEG,47874,False,,images4047
roboflow_counterfeit_med_detection,roboflow\train\images240_jpg.rf.3c9be30e2e042e7d2287bd37e37278b9.jpg,authentic,train,640,640,JPEG,55138,False,,images240
roboflow_counterfeit_med_detection,roboflow\train\images4048_jpg.rf.3b8a0d122cee42a990369168a002cd84.jpg,authentic,train,640,640,JPEG,43749,False,,images4048
roboflow_counterfeit_med_detection,roboflow\train\images4060_jpg.rf.3c6f86cc758885724ceee3999cce2e68.jpg,authentic,train,640,640,JPEG,73995,False,,images4060
roboflow_counterfeit_med_detection,roboflow\train\FDA-Advisory-No-2022-0611-20_png.rf.3cd21caa1ed4bf259ebfdc4f48c24f07.jpg,counterfeit,train,640,640,JPEG,46295,True,bulletin_graphic_with_baked_in_label_text,FDA-Advisory-No-2022-0611-20
roboflow_counterfeit_med_detection,roboflow\train\images4038_jpg.rf.3ce263b6880fae5794054ce46bb76489.jpg,authentic,train,640,640,JPEG,47235,False,,images4038
roboflow_counterfeit_med_detection,roboflow\train\images4074_jpg.rf.3cf35b88906782d81dcc32f12d068dce.jpg,authentic,train,640,640,JPEG,36455,False,,images4074
roboflow_counterfeit_med_detection,roboflow\train\images29_jpg.rf.3d9379b1dacb2a3af2b3c19fbe7808b0.jpg,authentic,train,640,640,JPEG,35381,False,,images29
roboflow_counterfeit_med_detection,roboflow\train\images36_jpg.rf.3d302d41e26c73e27f1859ced3f5264f.jpg,authentic,train,640,640,JPEG,33317,False,,images36
roboflow_counterfeit_med_detection,roboflow\train\images4110_jpg.rf.3d53c332877c29a64c1a968be4de68b2.jpg,authentic,train,640,640,JPEG,103064,False,,images4110
roboflow_counterfeit_med_detection,roboflow\train\images201_jpg.rf.3e270eae4ffa9ffdf42cf3874d2d03a4.jpg,authentic,train,640,640,JPEG,50254,False,,images201
roboflow_counterfeit_med_detection,roboflow\train\images5063_jpg.rf.3d20a2d303c492d22f45d8cf6bdcfe48.jpg,authentic,train,640,640,JPEG,21814,False,,images5063
roboflow_counterfeit_med_detection,roboflow\train\images338_jpg.rf.3e0c00568803ae115773f2af43946d0e.jpg,authentic,train,640,640,JPEG,36884,False,,images338
roboflow_counterfeit_med_detection,roboflow\train\images4058_jpg.rf.3e1b0f68b9120cae6147b655d2738b73.jpg,authentic,train,640,640,JPEG,38948,False,,images4058
roboflow_counterfeit_med_detection,roboflow\train\images5113_jpg.rf.3e4230d8751b3a94af644acd47b7ee29.jpg,authentic,train,640,640,JPEG,31033,False,,images5113
roboflow_counterfeit_med_detection,roboflow\train\images339_jpg.rf.3da8f777ca95a49da4c7419d13f283d0.jpg,authentic,train,640,640,JPEG,47715,False,,images339
roboflow_counterfeit_med_detection,roboflow\train\images310_jpg.rf.3e206212997a2afe548758ccbb28ae16.jpg,authentic,train,640,640,JPEG,43662,False,,images310
roboflow_counterfeit_med_detection,roboflow\train\images4025_jpg.rf.3dbb80934150da40c631fa7181c15c5c.jpg,authentic,train,640,640,JPEG,33515,False,,images4025
roboflow_counterfeit_med_detection,roboflow\train\images5113_jpg.rf.3d6452dfdeda213a2aae0c92a1ebf093.jpg,authentic,train,640,640,JPEG,36155,False,,images5113
roboflow_counterfeit_med_detection,roboflow\train\images301_jpg.rf.3d0da57d25b1eef93f480eb416e2ef6f.jpg,authentic,train,640,640,JPEG,38725,False,,images301
roboflow_counterfeit_med_detection,roboflow\train\images33_jpg.rf.3e97a1db1ddaf2be2aa8c290f44f487d.jpg,authentic,train,640,640,JPEG,39078,False,,images33
roboflow_counterfeit_med_detection,roboflow\train\images02_jpg.rf.3ef937ad021c0e2516c61b10bcf6ca3e.jpg,authentic,train,640,640,JPEG,42597,False,,images02
roboflow_counterfeit_med_detection,roboflow\train\images214_jpg.rf.3d99a3430cfd2231c7be6c8cba0accc2.jpg,authentic,train,640,640,JPEG,36270,False,,images214
roboflow_counterfeit_med_detection,roboflow\train\images4047_jpg.rf.3f0e99571e0e5f68c1b25023385aed81.jpg,authentic,train,640,640,JPEG,62306,False,,images4047
roboflow_counterfeit_med_detection,roboflow\train\images23_jpg.rf.3d8882ba8317ca9335bd34010994fc0e.jpg,authentic,train,640,640,JPEG,31627,False,,images23
roboflow_counterfeit_med_detection,roboflow\train\images338_jpg.rf.3f04f95b49829507ca6a32b6c6d12139.jpg,authentic,train,640,640,JPEG,36961,False,,images338
roboflow_counterfeit_med_detection,roboflow\train\images5114_jpg.rf.3eab66a2182cd5bb9f63f8eb29b3f3a8.jpg,authentic,train,640,640,JPEG,32309,False,,images5114
roboflow_counterfeit_med_detection,roboflow\train\images316_jpg.rf.3f49b2f3cf5e4c944e497dd8fd0dcc64.jpg,authentic,train,640,640,JPEG,41687,False,,images316
roboflow_counterfeit_med_detection,roboflow\train\images302_jpg.rf.3eea976f1e50fa7f44cca429e26a6cbd.jpg,authentic,train,640,640,JPEG,42681,False,,images302
roboflow_counterfeit_med_detection,roboflow\train\images4060_jpg.rf.3e9497bdf5d7fb22527829dc46392038.jpg,authentic,train,640,640,JPEG,72234,False,,images4060
roboflow_counterfeit_med_detection,roboflow\train\images4074_jpg.rf.3e27e7318f23f23e9965e8bfc4628851.jpg,authentic,train,640,640,JPEG,30458,False,,images4074
roboflow_counterfeit_med_detection,roboflow\train\images5115_jpg.rf.3ea229660a8ab578a587398887e0eac3.jpg,authentic,train,640,640,JPEG,45158,False,,images5115
roboflow_counterfeit_med_detection,roboflow\train\images245_jpg.rf.3ed7b1fe5ab6e1f2fd4e861436a4d738.jpg,authentic,train,640,640,JPEG,29065,False,,images245
roboflow_counterfeit_med_detection,roboflow\train\images4110_jpg.rf.3ec5c223520965c0a1e9bb8758c8c044.jpg,authentic,train,640,640,JPEG,75062,False,,images4110
roboflow_counterfeit_med_detection,roboflow\train\images5056_jpg.rf.3f6838baed450ee71a3b7680d9e069c6.jpg,authentic,train,640,640,JPEG,34998,False,,images5056
roboflow_counterfeit_med_detection,roboflow\train\images5090_jpg.rf.3f53352ba00e35521b0c915c84e651c5.jpg,authentic,train,640,640,JPEG,36474,False,,images5090
roboflow_counterfeit_med_detection,roboflow\train\images315_jpg.rf.3fcfefb577eab9cd4fc5a36eced9cd2e.jpg,authentic,train,640,640,JPEG,33316,False,,images315
roboflow_counterfeit_med_detection,roboflow\train\images4081_jpg.rf.407eadd1d0dbc56e9c0dd43def690418.jpg,authentic,train,640,640,JPEG,27906,False,,images4081
roboflow_counterfeit_med_detection,roboflow\train\images276_jpg.rf.3fc43e486c3169dcfc52f7ce940dc1f6.jpg,authentic,train,640,640,JPEG,25884,False,,images276
roboflow_counterfeit_med_detection,roboflow\train\images21_jpg.rf.3f93827fdfc44424f41bbbc593d31a3d.jpg,authentic,train,640,640,JPEG,42055,False,,images21
roboflow_counterfeit_med_detection,roboflow\train\images349_jpg.rf.4087403849680c9105319db4140598d0.jpg,authentic,train,640,640,JPEG,46372,False,,images349
roboflow_counterfeit_med_detection,roboflow\train\images206_jpg.rf.405c90443ebf824419d756492793921d.jpg,authentic,train,640,640,JPEG,37990,False,,images206
roboflow_counterfeit_med_detection,roboflow\train\images5112_jpg.rf.3f7ffab6bd74989cd118d57145e62d02.jpg,authentic,train,640,640,JPEG,42417,False,,images5112
roboflow_counterfeit_med_detection,roboflow\train\images4035_jpg.rf.405d51fcb556af32913bc850635029b4.jpg,authentic,train,640,640,JPEG,88422,False,,images4035
roboflow_counterfeit_med_detection,roboflow\train\images219_jpg.rf.4079b8114ab86117147c85548753c124.jpg,authentic,train,640,640,JPEG,48969,False,,images219
roboflow_counterfeit_med_detection,roboflow\train\images4060_jpg.rf.3fef265daaf028d3137c2f71c37552e7.jpg,authentic,train,640,640,JPEG,51879,False,,images4060
roboflow_counterfeit_med_detection,roboflow\train\images5056_jpg.rf.40a0f5efe1f80690ea71a7b5509e9a83.jpg,authentic,train,640,640,JPEG,51754,False,,images5056
roboflow_counterfeit_med_detection,roboflow\train\images239_jpg.rf.40264611325b5b96a07434ed7281f2a7.jpg,authentic,train,640,640,JPEG,41589,False,,images239
roboflow_counterfeit_med_detection,roboflow\train\images4029_jpg.rf.3f998f39afa8bcdafb8f290d037f3f59.jpg,authentic,train,640,640,JPEG,81678,False,,images4029
roboflow_counterfeit_med_detection,roboflow\train\images4039_jpg.rf.40a30fe63a460e174c457a10ff9bfc9c.jpg,authentic,train,640,640,JPEG,31276,False,,images4039
roboflow_counterfeit_med_detection,roboflow\train\images266_jpg.rf.401f366442f084581e72aa5557e3fd75.jpg,authentic,train,640,640,JPEG,30182,False,,images266
roboflow_counterfeit_med_detection,roboflow\train\images5052_jpg.rf.41579bcb161bbf868d695e96f6405137.jpg,authentic,train,640,640,JPEG,83983,False,,images5052
roboflow_counterfeit_med_detection,roboflow\train\images4064_jpg.rf.40e505024976f64d1457ec8a379908b5.jpg,authentic,train,640,640,JPEG,31768,False,,images4064
roboflow_counterfeit_med_detection,roboflow\train\images4045_jpg.rf.40ddc58e6b882f7134bafaa5a8909500.jpg,authentic,train,640,640,JPEG,42839,False,,images4045
roboflow_counterfeit_med_detection,roboflow\train\images264_jpg.rf.410b69c7f747d691e4a4a5bb99116a04.jpg,authentic,train,640,640,JPEG,22861,False,,images264
roboflow_counterfeit_med_detection,roboflow\train\images14_jpg.rf.406abaa5dbf6ba83dc9cdb19ceb2d4aa.jpg,authentic,train,640,640,JPEG,45114,False,,images14
roboflow_counterfeit_med_detection,roboflow\train\images5044_jpg.rf.41026477f24ec93decac7184c8b945a5.jpg,authentic,train,640,640,JPEG,49226,False,,images5044
roboflow_counterfeit_med_detection,roboflow\train\images47_jpg.rf.4112ecb1d9936d0435885b9a49a19b3c.jpg,authentic,train,640,640,JPEG,30454,False,,images47
roboflow_counterfeit_med_detection,roboflow\train\images257_jpg.rf.411e55ac8130269b86f4dc2b9656d1af.jpg,authentic,train,640,640,JPEG,28771,False,,images257
roboflow_counterfeit_med_detection,roboflow\train\images4054_jpg.rf.4093ca3678f6a51d6cc7d3320cffc9f5.jpg,authentic,train,640,640,JPEG,52301,False,,images4054
roboflow_counterfeit_med_detection,roboflow\train\images4042_jpg.rf.40f9b5e2a1c13957b7c9a265193ed4d1.jpg,authentic,train,640,640,JPEG,46582,False,,images4042
roboflow_counterfeit_med_detection,roboflow\train\fake-buscopan-2048x1150_jpg.rf.41d5451a1bf667a43c5f2ea3e0afa8fd.jpg,counterfeit,train,640,640,JPEG,38471,True,bulletin_graphic_with_baked_in_label_text,fake-buscopan-2048x1150
roboflow_counterfeit_med_detection,roboflow\train\images5051_jpg.rf.428022f47be49390d60513c632ada15c.jpg,authentic,train,640,640,JPEG,18524,False,,images5051
roboflow_counterfeit_med_detection,roboflow\train\images4085_jpg.rf.420156a9d75b14e52f736b8c355a6b28.jpg,authentic,train,640,640,JPEG,68360,False,,images4085
roboflow_counterfeit_med_detection,roboflow\train\images35_jpg.rf.41f897ea13e9bb2568670c26f69e90b7.jpg,authentic,train,640,640,JPEG,40686,False,,images35
roboflow_counterfeit_med_detection,roboflow\train\images4047_jpg.rf.41cb503795b9cd5c35271b03f81e387f.jpg,authentic,train,640,640,JPEG,42208,False,,images4047
roboflow_counterfeit_med_detection,roboflow\train\images320_jpg.rf.4246887e1188e623eb225e40c5c95570.jpg,authentic,train,640,640,JPEG,43338,False,,images320
roboflow_counterfeit_med_detection,roboflow\train\images5098_jpg.rf.41f2563c457cf4623842f759412fbf2f.jpg,authentic,train,640,640,JPEG,66052,False,,images5098
roboflow_counterfeit_med_detection,roboflow\train\images4040_jpg.rf.416346fd0570da3128fb835c62483760.jpg,authentic,train,640,640,JPEG,68865,False,,images4040
roboflow_counterfeit_med_detection,roboflow\train\images335_jpg.rf.4192037acf7bf7d9f00ea6fb857726cc.jpg,authentic,train,640,640,JPEG,36393,False,,images335
roboflow_counterfeit_med_detection,roboflow\train\images5095_jpg.rf.42430c0b398535b3f740ed86ce136610.jpg,authentic,train,640,640,JPEG,50772,False,,images5095
roboflow_counterfeit_med_detection,roboflow\train\images5069_jpg.rf.422f7f328bc0b49a795d98dc67a4d7ff.jpg,authentic,train,640,640,JPEG,76205,False,,images5069
roboflow_counterfeit_med_detection,roboflow\train\images5103_jpg.rf.423c8edc0d3c03990e610bf71777f8db.jpg,authentic,train,640,640,JPEG,26857,False,,images5103
roboflow_counterfeit_med_detection,roboflow\train\images5056_jpg.rf.420c3362df388796fa468a179561f2e9.jpg,authentic,train,640,640,JPEG,47640,False,,images5056
roboflow_counterfeit_med_detection,roboflow\train\109573147_3244498132272885_6335025209478035818_n_jpg.rf.428a22df7804752c990cccdd03d7b685.jpg,counterfeit,train,640,640,JPEG,53897,True,bulletin_graphic_with_baked_in_label_text,109573147_3244498132272885_6335025209478035818_n
roboflow_counterfeit_med_detection,roboflow\train\images4061_jpg.rf.42726e39a1f0abe6d2dd3c8d629f833a.jpg,authentic,train,640,640,JPEG,22031,False,,images4061
roboflow_counterfeit_med_detection,roboflow\train\images43_jpg.rf.424bb80fc0e83031a3f24dc5bb10be82.jpg,authentic,train,640,640,JPEG,44166,False,,images43
roboflow_counterfeit_med_detection,roboflow\train\images5041_jpg.rf.425194334fdbf14b5155d2b8edd2ca4b.jpg,authentic,train,640,640,JPEG,55065,False,,images5041
roboflow_counterfeit_med_detection,roboflow\train\images4060_jpg.rf.425e846efd8e774fcb93cd9f23046b05.jpg,authentic,train,640,640,JPEG,62498,False,,images4060
roboflow_counterfeit_med_detection,roboflow\train\images257_jpg.rf.428bb98af68752cb0d39889760681b26.jpg,authentic,train,640,640,JPEG,24990,False,,images257
roboflow_counterfeit_med_detection,roboflow\train\images339_jpg.rf.4182d5292b9bd6aa7aee59d6afd163df.jpg,authentic,train,640,640,JPEG,55458,False,,images339
roboflow_counterfeit_med_detection,roboflow\train\images5044_jpg.rf.423f6de7970e7fb2a3caa335c179d79e.jpg,authentic,train,640,640,JPEG,44457,False,,images5044
roboflow_counterfeit_med_detection,roboflow\train\images42_jpg.rf.41eec4a19c2f32a5609eec0d5b575f7f.jpg,authentic,train,640,640,JPEG,51066,False,,images42
roboflow_counterfeit_med_detection,roboflow\train\images5040_jpg.rf.42bb651d599abd5b3c4c80d2a136723f.jpg,authentic,train,640,640,JPEG,65583,False,,images5040
roboflow_counterfeit_med_detection,roboflow\train\images5071_jpg.rf.423765a53a090a06f9782d93c6940155.jpg,authentic,train,640,640,JPEG,34046,False,,images5071
roboflow_counterfeit_med_detection,roboflow\train\images5113_jpg.rf.422e0cd6e896f2b886c872e7910fe0d3.jpg,authentic,train,640,640,JPEG,37037,False,,images5113
roboflow_counterfeit_med_detection,roboflow\train\images4045_jpg.rf.428f793d146f8088b0178938a53ee1f2.jpg,authentic,train,640,640,JPEG,44663,False,,images4045
roboflow_counterfeit_med_detection,roboflow\train\1877_png.rf.42fd102e5a30779ee121d9408cfcdbaf.jpg,counterfeit,train,640,640,JPEG,64337,True,bulletin_graphic_with_baked_in_label_text,1877
roboflow_counterfeit_med_detection,roboflow\train\images320_jpg.rf.419c57a9c89a5781a7247160727d0b8e.jpg,authentic,train,640,640,JPEG,43275,False,,images320
roboflow_counterfeit_med_detection,roboflow\train\images47_jpg.rf.42f395804f7ae14e980a9994b2ba4a8d.jpg,authentic,train,640,640,JPEG,31432,False,,images47
roboflow_counterfeit_med_detection,roboflow\train\images275_jpg.rf.430c3a8c6693b9fa6d564f465a62ca49.jpg,authentic,train,640,640,JPEG,32809,False,,images275
roboflow_counterfeit_med_detection,roboflow\train\images342_jpg.rf.42fea07d6225862f2619b8dbc14a3c9a.jpg,authentic,train,640,640,JPEG,21613,False,,images342
roboflow_counterfeit_med_detection,roboflow\train\images5111_jpg.rf.434f7509b6d8ce21e41fbab48b195d41.jpg,authentic,train,640,640,JPEG,47095,False,,images5111
roboflow_counterfeit_med_detection,roboflow\train\images342_jpg.rf.42e879fd08edd6cc698be0e0e04cc96c.jpg,authentic,train,640,640,JPEG,24351,False,,images342
roboflow_counterfeit_med_detection,roboflow\train\images5023_jpg.rf.434ac8bc3f18327b653298886698a1c4.jpg,authentic,train,640,640,JPEG,34254,False,,images5023
roboflow_counterfeit_med_detection,roboflow\train\images09_jpg.rf.43638183fc5453fbeb3b5a3d61a68e63.jpg,authentic,train,640,640,JPEG,44507,False,,images09
roboflow_counterfeit_med_detection,roboflow\train\images4065_jpg.rf.43051513882fccc8b4114a68f658a185.jpg,authentic,train,640,640,JPEG,23699,False,,images4065
roboflow_counterfeit_med_detection,roboflow\train\images314_jpg.rf.436adb95cb4565aee62f4054e8b6e581.jpg,authentic,train,640,640,JPEG,49206,False,,images314
roboflow_counterfeit_med_detection,roboflow\train\images4035_jpg.rf.437436c9511d568cf96516d31f3a06ff.jpg,authentic,train,640,640,JPEG,105591,False,,images4035
roboflow_counterfeit_med_detection,roboflow\train\images235_jpg.rf.43754646477dc65bd440996a855ec58c.jpg,authentic,train,640,640,JPEG,56175,False,,images235
roboflow_counterfeit_med_detection,roboflow\train\images4081_jpg.rf.43fc4350fcc9deadfd048b89778e82f9.jpg,authentic,train,640,640,JPEG,24077,False,,images4081
roboflow_counterfeit_med_detection,roboflow\train\images225_jpg.rf.43e3a19089b483291ead08bf8a5fd1d4.jpg,authentic,train,640,640,JPEG,49129,False,,images225
roboflow_counterfeit_med_detection,roboflow\train\images5111_jpg.rf.43cc9a3b5960a1c564328ed689179c46.jpg,authentic,train,640,640,JPEG,29149,False,,images5111
roboflow_counterfeit_med_detection,roboflow\train\images5061_jpg.rf.4377bd053fe666c4d4e955cdf6d50eec.jpg,authentic,train,640,640,JPEG,23128,False,,images5061
roboflow_counterfeit_med_detection,roboflow\train\images5035_jpg.rf.4403c206ea9c65621a7d432e1a78bdfa.jpg,authentic,train,640,640,JPEG,33803,False,,images5035
roboflow_counterfeit_med_detection,roboflow\train\images5087_jpg.rf.4408d0a375cb2acbd480bf61f0abea45.jpg,authentic,train,640,640,JPEG,20782,False,,images5087
roboflow_counterfeit_med_detection,roboflow\train\images5104_jpg.rf.4427dff2e8396145556305f41ec0d3c4.jpg,authentic,train,640,640,JPEG,36064,False,,images5104
roboflow_counterfeit_med_detection,roboflow\train\images33_jpg.rf.44361697565b7e69c803a4d1b414b42c.jpg,authentic,train,640,640,JPEG,32559,False,,images33
roboflow_counterfeit_med_detection,roboflow\train\images37_jpg.rf.44192170ea0c16475f11b982512f6d3d.jpg,authentic,train,640,640,JPEG,33404,False,,images37
roboflow_counterfeit_med_detection,roboflow\train\images4094_jpg.rf.44456a84edbcd262e828f86b60bb0227.jpg,authentic,train,640,640,JPEG,17411,False,,images4094
roboflow_counterfeit_med_detection,roboflow\train\images255_jpg.rf.4435ef64a7962b2d1b2716059ffe004b.jpg,authentic,train,640,640,JPEG,30244,False,,images255
roboflow_counterfeit_med_detection,roboflow\train\images4047_jpg.rf.439867d392f2d74a9f4af3b83e5db41f.jpg,authentic,train,640,640,JPEG,56976,False,,images4047
roboflow_counterfeit_med_detection,roboflow\train\images321_jpg.rf.4439b5bd778f4c9eefaa2be456cc38c5.jpg,authentic,train,640,640,JPEG,33273,False,,images321
roboflow_counterfeit_med_detection,roboflow\train\images5061_jpg.rf.445d7b4b17663cc62bf7ccf8db864820.jpg,authentic,train,640,640,JPEG,38872,False,,images5061
roboflow_counterfeit_med_detection,roboflow\train\images11_jpg.rf.445e35dddcd17901c7355f8364aa935d.jpg,authentic,train,640,640,JPEG,45646,False,,images11
roboflow_counterfeit_med_detection,roboflow\train\images37_jpg.rf.438d45e9def5f524c171d22c09dcd386.jpg,authentic,train,640,640,JPEG,30426,False,,images37
roboflow_counterfeit_med_detection,roboflow\train\110080868_3244497848939580_2970928293483393329_n_jpg.rf.43fedec350562a573405b04673a56020.jpg,counterfeit,train,640,640,JPEG,48815,True,bulletin_graphic_with_baked_in_label_text,110080868_3244497848939580_2970928293483393329_n
roboflow_counterfeit_med_detection,roboflow\train\images255_jpg.rf.446855e0c76fbf6cebe2f71ec3a7cca3.jpg,authentic,train,640,640,JPEG,34903,False,,images255
roboflow_counterfeit_med_detection,roboflow\train\images348_jpg.rf.447f91a3dc95807f3c8ef733ebfcb3aa.jpg,authentic,train,640,640,JPEG,28760,False,,images348
roboflow_counterfeit_med_detection,roboflow\train\images4088_jpg.rf.446a5156f515942bb93f662cc825e6b3.jpg,authentic,train,640,640,JPEG,33227,False,,images4088
roboflow_counterfeit_med_detection,roboflow\train\images5060_jpg.rf.44ac6d6564e57096007d34bd56bdec40.jpg,authentic,train,640,640,JPEG,37474,False,,images5060
roboflow_counterfeit_med_detection,roboflow\train\images4065_jpg.rf.4478ec3bb4d119ef7590269704c34224.jpg,authentic,train,640,640,JPEG,21228,False,,images4065
roboflow_counterfeit_med_detection,roboflow\train\images208_jpg.rf.4474cb2a2d4ff74377441304bc96e562.jpg,authentic,train,640,640,JPEG,56493,False,,images208
roboflow_counterfeit_med_detection,roboflow\train\images15_jpg.rf.44bd5a2bef4cd5ad90eaa7e1452e9b22.jpg,authentic,train,640,640,JPEG,41301,False,,images15
roboflow_counterfeit_med_detection,roboflow\train\images42_jpg.rf.44d762145e7632f125a4961928a4d3bc.jpg,authentic,train,640,640,JPEG,46703,False,,images42
roboflow_counterfeit_med_detection,roboflow\train\images312_jpg.rf.44ee64a6eec9ce29e06fcead8c66d65f.jpg,authentic,train,640,640,JPEG,51046,False,,images312
roboflow_counterfeit_med_detection,roboflow\train\images4088_jpg.rf.45115d7510da944b8863e29002fed815.jpg,authentic,train,640,640,JPEG,20268,False,,images4088
roboflow_counterfeit_med_detection,roboflow\train\images342_jpg.rf.4528d5e443a2af9c59f43b85cf46347f.jpg,authentic,train,640,640,JPEG,20691,False,,images342
roboflow_counterfeit_med_detection,roboflow\train\images257_jpg.rf.455b7d7a2ff3f4489a7e1ee7ba26f50c.jpg,authentic,train,640,640,JPEG,28370,False,,images257
roboflow_counterfeit_med_detection,roboflow\train\images4069_jpg.rf.451a4b64e941db346f6d72ff5891962d.jpg,authentic,train,640,640,JPEG,43483,False,,images4069
roboflow_counterfeit_med_detection,roboflow\train\images47_jpg.rf.4555b18887c333aad3bc234eca412778.jpg,authentic,train,640,640,JPEG,27348,False,,images47
roboflow_counterfeit_med_detection,roboflow\train\images213_jpg.rf.45193ab0c9ed48b436b75b917df3774e.jpg,authentic,train,640,640,JPEG,50844,False,,images213
roboflow_counterfeit_med_detection,roboflow\train\images14_jpg.rf.4599468aead3038c7b848239d06754e0.jpg,authentic,train,640,640,JPEG,39371,False,,images14
roboflow_counterfeit_med_detection,roboflow\train\images4067_jpg.rf.463d2eac9e6a86e3521a10dd361e9370.jpg,authentic,train,640,640,JPEG,50919,False,,images4067
roboflow_counterfeit_med_detection,roboflow\train\images4048_jpg.rf.4689e39f7800c8d15cc0715571d0143d.jpg,authentic,train,640,640,JPEG,33036,False,,images4048
roboflow_counterfeit_med_detection,roboflow\train\images5056_jpg.rf.465dc57e245292513e178f24b18488e9.jpg,authentic,train,640,640,JPEG,51155,False,,images5056
roboflow_counterfeit_med_detection,roboflow\train\images254_jpg.rf.464ea1152523385bd2810ade8ae7fc85.jpg,authentic,train,640,640,JPEG,46133,False,,images254
roboflow_counterfeit_med_detection,roboflow\train\images316_jpg.rf.467b1e4dac068a7bca7edae6acedf393.jpg,authentic,train,640,640,JPEG,41898,False,,images316
roboflow_counterfeit_med_detection,roboflow\train\images201_jpg.rf.4506aa7a3514581f2e28fc989e983d63.jpg,authentic,train,640,640,JPEG,51381,False,,images201
roboflow_counterfeit_med_detection,roboflow\train\images4085_jpg.rf.4663745cde09425e807959fc07317e71.jpg,authentic,train,640,640,JPEG,49522,False,,images4085
roboflow_counterfeit_med_detection,roboflow\train\images219_jpg.rf.4528f1e15f4aee5759b553b01baac107.jpg,authentic,train,640,640,JPEG,50962,False,,images219
roboflow_counterfeit_med_detection,roboflow\train\images263_jpg.rf.46619d6471e869ec6e7014411ede8d52.jpg,authentic,train,640,640,JPEG,39576,False,,images263
roboflow_counterfeit_med_detection,roboflow\train\images5087_jpg.rf.463dc32ce5dfc23050eaf54edf0b0845.jpg,authentic,train,640,640,JPEG,20759,False,,images5087
roboflow_counterfeit_med_detection,roboflow\train\images4060_jpg.rf.460e11aeeb7d5a3e9aa937cdf4f2831c.jpg,authentic,train,640,640,JPEG,63696,False,,images4060
roboflow_counterfeit_med_detection,roboflow\train\images321_jpg.rf.469cac1254c486c75a2b7d2e99c0bbea.jpg,authentic,train,640,640,JPEG,32927,False,,images321
roboflow_counterfeit_med_detection,roboflow\train\images236_jpg.rf.46b157c32a75ec864284773ebd25fbfd.jpg,authentic,train,640,640,JPEG,43694,False,,images236
roboflow_counterfeit_med_detection,roboflow\train\images315_jpg.rf.45b388b11ef0f9987ea4d49858333a8f.jpg,authentic,train,640,640,JPEG,29369,False,,images315
roboflow_counterfeit_med_detection,roboflow\train\images31_jpg.rf.4689114f1477658c33cd120ac1400e97.jpg,authentic,train,640,640,JPEG,36854,False,,images31
roboflow_counterfeit_med_detection,roboflow\train\FDA-Advisory-No-2021-3535-3-1536x862-1_jpg.rf.46921ecdbfd5d95da80b5789ad61c9fb.jpg,ambiguous,train,640,640,JPEG,37689,True,dual_label_contradiction,FDA-Advisory-No-2021-3535-3-1536x862-1
roboflow_counterfeit_med_detection,roboflow\train\images4074_jpg.rf.46d67ca6ee1ed03837f1761b4fb8ab78.jpg,authentic,train,640,640,JPEG,35010,False,,images4074
roboflow_counterfeit_med_detection,roboflow\train\images252_jpg.rf.4586cf9fb1284a577e22a99c2bc987c2.jpg,authentic,train,640,640,JPEG,48767,False,,images252
roboflow_counterfeit_med_detection,roboflow\train\images4046_jpg.rf.460d144736e5e3ec4f792e874d515e14.jpg,authentic,train,640,640,JPEG,63838,False,,images4046
roboflow_counterfeit_med_detection,roboflow\train\images5040_jpg.rf.46f115f8208e38ac343657d6836de471.jpg,authentic,train,640,640,JPEG,85393,False,,images5040
roboflow_counterfeit_med_detection,roboflow\train\images5053_jpg.rf.46ed237efbed145c54980199533a02c5.jpg,authentic,train,640,640,JPEG,24663,False,,images5053
roboflow_counterfeit_med_detection,roboflow\train\images5071_jpg.rf.46f671c946e2a5eee4cb2a70ac0c08f8.jpg,authentic,train,640,640,JPEG,44459,False,,images5071
roboflow_counterfeit_med_detection,roboflow\train\images268_jpg.rf.46fac55408bb8057b97482176d201ec4.jpg,authentic,train,640,640,JPEG,51746,False,,images268
roboflow_counterfeit_med_detection,roboflow\train\images5113_jpg.rf.46f2c1b46adf3866fb2638381a546e5b.jpg,authentic,train,640,640,JPEG,36944,False,,images5113
roboflow_counterfeit_med_detection,roboflow\train\images311_jpg.rf.478da2cbc0f11035a4c6d2dbeffd2acc.jpg,authentic,train,640,640,JPEG,41467,False,,images311
roboflow_counterfeit_med_detection,roboflow\train\images222_jpg.rf.46e1521a966e350dea066056ebf339d4.jpg,authentic,train,640,640,JPEG,42630,False,,images222
roboflow_counterfeit_med_detection,roboflow\train\images4063_jpg.rf.47a1a6c55bc054902d9a550ebbdf859d.jpg,authentic,train,640,640,JPEG,24945,False,,images4063
roboflow_counterfeit_med_detection,roboflow\train\images33_jpg.rf.47bb828a9835129e552df6c93a5e5684.jpg,authentic,train,640,640,JPEG,39809,False,,images33
roboflow_counterfeit_med_detection,roboflow\train\images5052_jpg.rf.4743da18ad338fbc5aaae4ecb1c02da2.jpg,authentic,train,640,640,JPEG,90756,False,,images5052
roboflow_counterfeit_med_detection,roboflow\train\images38_jpg.rf.4858970486c4c6fd5fa3bd6a99466afd.jpg,authentic,train,640,640,JPEG,45705,False,,images38
roboflow_counterfeit_med_detection,roboflow\train\images4082_jpg.rf.48746bd0e83c3334cf579c8c8a1f0f18.jpg,authentic,train,640,640,JPEG,38758,False,,images4082
roboflow_counterfeit_med_detection,roboflow\train\images4035_jpg.rf.48cf0a98132f4e40dfc34ecefa793fd9.jpg,authentic,train,640,640,JPEG,105732,False,,images4035
roboflow_counterfeit_med_detection,roboflow\train\images5103_jpg.rf.4889743c9c8a674473dd75357d97ce4b.jpg,authentic,train,640,640,JPEG,31806,False,,images5103
roboflow_counterfeit_med_detection,roboflow\train\images43_jpg.rf.48b2a9f468cc552cf62ba8caa8d93bdc.jpg,authentic,train,640,640,JPEG,45860,False,,images43
roboflow_counterfeit_med_detection,roboflow\train\images5116_jpg.rf.47f2fefc4617ca22ba88a8fe9761ccc8.jpg,authentic,train,640,640,JPEG,89218,False,,images5116
roboflow_counterfeit_med_detection,roboflow\train\images339_jpg.rf.488ea21535ca02fde0da861a694c9f26.jpg,authentic,train,640,640,JPEG,48418,False,,images339
roboflow_counterfeit_med_detection,roboflow\train\images4063_jpg.rf.487233ea0fcf0ac86f7f3725c961af90.jpg,authentic,train,640,640,JPEG,22405,False,,images4063
roboflow_counterfeit_med_detection,roboflow\train\images4087_jpg.rf.484b94a5ff0b2ae805ff5e0ef8f70692.jpg,authentic,train,640,640,JPEG,29249,False,,images4087
roboflow_counterfeit_med_detection,roboflow\train\images4067_jpg.rf.484806d0f22645dbaba7039e0d19450b.jpg,authentic,train,640,640,JPEG,45996,False,,images4067
roboflow_counterfeit_med_detection,roboflow\train\images5060_jpg.rf.48ad3df230148b575f480d6477606cbc.jpg,authentic,train,640,640,JPEG,40885,False,,images5060
roboflow_counterfeit_med_detection,roboflow\train\images201_jpg.rf.47fb7a00e897bb80e7db3d2722fb00e3.jpg,authentic,train,640,640,JPEG,52067,False,,images201
roboflow_counterfeit_med_detection,roboflow\train\images4061_jpg.rf.48bfd4301729c7b6fdc02b24f334bd5c.jpg,authentic,train,640,640,JPEG,20801,False,,images4061
roboflow_counterfeit_med_detection,roboflow\train\images239_jpg.rf.48e96966d979f2c90f30459994ab7ced.jpg,authentic,train,640,640,JPEG,45342,False,,images239
roboflow_counterfeit_med_detection,roboflow\train\images4065_jpg.rf.48206ca8875f459257ca95fbf3fa98c6.jpg,authentic,train,640,640,JPEG,19553,False,,images4065
roboflow_counterfeit_med_detection,roboflow\train\images4110_jpg.rf.48bc1fdd0a8615acfb0c444b8eb2c3c6.jpg,authentic,train,640,640,JPEG,67552,False,,images4110
roboflow_counterfeit_med_detection,roboflow\train\images4095_jpg.rf.4854c55c82481e8337546419b36ba94d.jpg,authentic,train,640,640,JPEG,34293,False,,images4095
roboflow_counterfeit_med_detection,roboflow\train\images5111_jpg.rf.47d85951b21f7f58350466b231c18d8f.jpg,authentic,train,640,640,JPEG,41210,False,,images5111
roboflow_counterfeit_med_detection,roboflow\train\2020-1348_18_jpg.rf.48fec52816e895df84c54f475844f4d4.jpg,counterfeit,train,640,640,JPEG,65931,True,bulletin_graphic_with_baked_in_label_text,2020-1348_18
roboflow_counterfeit_med_detection,roboflow\train\images02_jpg.rf.48f6ef1f902f87a1c1bfc5861693a768.jpg,authentic,train,640,640,JPEG,41101,False,,images02
roboflow_counterfeit_med_detection,roboflow\train\images335_jpg.rf.492d2c1425c1b80b73080725d52a80f2.jpg,authentic,train,640,640,JPEG,35924,False,,images335
roboflow_counterfeit_med_detection,roboflow\train\images228_jpg.rf.4939d24710acea561d86cecd8b201623.jpg,authentic,train,640,640,JPEG,32634,False,,images228
roboflow_counterfeit_med_detection,roboflow\train\images230_jpg.rf.49275acf40315106d6b5d2d12063b062.jpg,authentic,train,640,640,JPEG,43969,False,,images230
roboflow_counterfeit_med_detection,roboflow\train\images4090_jpg.rf.4903fb691fc9d70be54e57c666c0c1d4.jpg,authentic,train,640,640,JPEG,20339,False,,images4090
roboflow_counterfeit_med_detection,roboflow\train\images5103_jpg.rf.49899c6695630688371298bd43f2f4d6.jpg,authentic,train,640,640,JPEG,25868,False,,images5103
roboflow_counterfeit_med_detection,roboflow\train\images4054_jpg.rf.49a49c3feb5d03667562b5d7dcf82a88.jpg,authentic,train,640,640,JPEG,48821,False,,images4054
roboflow_counterfeit_med_detection,roboflow\train\images33_jpg.rf.496661f3b26d2657d4df5a8fbf2cc2bb.jpg,authentic,train,640,640,JPEG,34294,False,,images33
roboflow_counterfeit_med_detection,roboflow\train\images4048_jpg.rf.4a4c9b06f8f3d0bc6c74982f964c8791.jpg,authentic,train,640,640,JPEG,48981,False,,images4048
roboflow_counterfeit_med_detection,roboflow\train\images4047_jpg.rf.49eb72883e8856dacf737a94bc363338.jpg,authentic,train,640,640,JPEG,53087,False,,images4047
roboflow_counterfeit_med_detection,roboflow\train\images23_jpg.rf.49d00a9be8c48ca067ea5cb9ab192d2f.jpg,authentic,train,640,640,JPEG,32009,False,,images23
roboflow_counterfeit_med_detection,roboflow\train\images5126_jpg.rf.499d5e58a634975502ff8cbf4575e8a5.jpg,authentic,train,640,640,JPEG,42456,False,,images5126
roboflow_counterfeit_med_detection,roboflow\train\images4038_jpg.rf.49fea4e816256576ecc91e58ded42567.jpg,authentic,train,640,640,JPEG,42124,False,,images4038
roboflow_counterfeit_med_detection,roboflow\train\images225_jpg.rf.49c87f37e5137fb7ebde068df93266c4.jpg,authentic,train,640,640,JPEG,53949,False,,images225
roboflow_counterfeit_med_detection,roboflow\train\images4040_jpg.rf.4a4d6b0fc0e78635fa7140ca2719f324.jpg,authentic,train,640,640,JPEG,73926,False,,images4040
roboflow_counterfeit_med_detection,roboflow\train\images241_jpg.rf.49436d6dce2727b63d4dc1d570cbf577.jpg,authentic,train,640,640,JPEG,54899,False,,images241
roboflow_counterfeit_med_detection,roboflow\train\images4039_jpg.rf.4a257616509751acec04f24cd7badf3d.jpg,authentic,train,640,640,JPEG,56386,False,,images4039
roboflow_counterfeit_med_detection,roboflow\train\images312_jpg.rf.49a8a25ef1312fc43f4029aacd8a0def.jpg,authentic,train,640,640,JPEG,37035,False,,images312
roboflow_counterfeit_med_detection,roboflow\train\images349_jpg.rf.4983c3d55f3056b82bff9d9671dcdfe1.jpg,authentic,train,640,640,JPEG,46168,False,,images349
roboflow_counterfeit_med_detection,roboflow\train\images5053_jpg.rf.4ad9e70bef22dbed5bfbcced94f21eee.jpg,authentic,train,640,640,JPEG,27083,False,,images5053
roboflow_counterfeit_med_detection,roboflow\train\images5106_jpg.rf.49872b3abd54c51ba60f7a609f333724.jpg,authentic,train,640,640,JPEG,66233,False,,images5106
roboflow_counterfeit_med_detection,roboflow\train\images43_jpg.rf.4aba29f5aecbb57b118bc0e8220dc4c1.jpg,authentic,train,640,640,JPEG,43839,False,,images43
roboflow_counterfeit_med_detection,roboflow\train\images340_jpg.rf.49913022c681b8a9646335ad8a96b912.jpg,authentic,train,640,640,JPEG,48402,False,,images340
roboflow_counterfeit_med_detection,roboflow\train\images5096_jpg.rf.49f4842240c1efa4e520d0a575e37571.jpg,authentic,train,640,640,JPEG,56303,False,,images5096
roboflow_counterfeit_med_detection,roboflow\train\images5056_jpg.rf.4a821cba4fc8397fa9c4ec6fa013e239.jpg,authentic,train,640,640,JPEG,39565,False,,images5056
roboflow_counterfeit_med_detection,roboflow\train\images09_jpg.rf.4a8985e75ce40eceea75848368ea91b1.jpg,authentic,train,640,640,JPEG,44712,False,,images09
roboflow_counterfeit_med_detection,roboflow\train\images260_jpg.rf.49fd9b6b34ef71a1bd289625e4c92700.jpg,authentic,train,640,640,JPEG,31949,False,,images260
roboflow_counterfeit_med_detection,roboflow\train\images5111_jpg.rf.4ad0adb4406f6854ef2b0b0f7338a490.jpg,authentic,train,640,640,JPEG,35963,False,,images5111
roboflow_counterfeit_med_detection,roboflow\train\images4046_jpg.rf.4ad23144186783fe9b7238b7460df2f0.jpg,authentic,train,640,640,JPEG,76950,False,,images4046
roboflow_counterfeit_med_detection,roboflow\train\images264_jpg.rf.4b705eb8dfe8211fa0f0be2b14e474f2.jpg,authentic,train,640,640,JPEG,22999,False,,images264
roboflow_counterfeit_med_detection,roboflow\train\images323_jpg.rf.4b3d9e6d3410b4c3f9312952fa9d49a6.jpg,authentic,train,640,640,JPEG,36423,False,,images323
roboflow_counterfeit_med_detection,roboflow\train\images5116_jpg.rf.4b41ae2948a159be2b7fa10a427e999f.jpg,authentic,train,640,640,JPEG,89468,False,,images5116
roboflow_counterfeit_med_detection,roboflow\train\images4029_jpg.rf.4ae829c88194f9947703676e6ece2803.jpg,authentic,train,640,640,JPEG,79378,False,,images4029
roboflow_counterfeit_med_detection,roboflow\train\images321_jpg.rf.4b890efc20b283838609d371cab9dbda.jpg,authentic,train,640,640,JPEG,33261,False,,images321
roboflow_counterfeit_med_detection,roboflow\train\images37_jpg.rf.4bae264011dd7375066916e0cd7acde8.jpg,authentic,train,640,640,JPEG,30159,False,,images37
roboflow_counterfeit_med_detection,roboflow\train\images268_jpg.rf.4bbefd3a83320d74b047ff56facdbf6f.jpg,authentic,train,640,640,JPEG,55496,False,,images268
roboflow_counterfeit_med_detection,roboflow\train\images4033_jpg.rf.4be0717dfec1172628b3cebef04f63a3.jpg,authentic,train,640,640,JPEG,71930,False,,images4033
roboflow_counterfeit_med_detection,roboflow\train\images206_jpg.rf.4c78a3e32944297ed042c476cd8a43ec.jpg,authentic,train,640,640,JPEG,39039,False,,images206
roboflow_counterfeit_med_detection,roboflow\train\images266_jpg.rf.4bc8fac969a534bcc5f7871a6e9ef583.jpg,authentic,train,640,640,JPEG,32798,False,,images266
roboflow_counterfeit_med_detection,roboflow\train\images276_jpg.rf.4b94db681179351ef2fcdd3916e207c6.jpg,authentic,train,640,640,JPEG,26002,False,,images276
roboflow_counterfeit_med_detection,roboflow\train\images4038_jpg.rf.4ca172818420f2f1131b2cb14b2aeb16.jpg,authentic,train,640,640,JPEG,55841,False,,images4038
roboflow_counterfeit_med_detection,roboflow\train\images218_jpg.rf.4c9f90f6ab70db68ca1ff246ba74ca9c.jpg,authentic,train,640,640,JPEG,37150,False,,images218
roboflow_counterfeit_med_detection,roboflow\train\images5046_jpg.rf.4ca216b620e7a360d416e2aaa0460a32.jpg,authentic,train,640,640,JPEG,40216,False,,images5046
roboflow_counterfeit_med_detection,roboflow\train\images04_jpg.rf.4ba87025c716fd047c17707e3eefe6a6.jpg,authentic,train,640,640,JPEG,38156,False,,images04
roboflow_counterfeit_med_detection,roboflow\train\images5080_jpg.rf.4c92684feda8e7478fec00f870b0ebc4.jpg,authentic,train,640,640,JPEG,43144,False,,images5080
roboflow_counterfeit_med_detection,roboflow\train\images5031_jpg.rf.4cea08b22e1dfe03ce1faf8a01bbd75e.jpg,authentic,train,640,640,JPEG,41771,False,,images5031
roboflow_counterfeit_med_detection,roboflow\train\images302_jpg.rf.4ce128564e0eb0cb435c6290c6a29a31.jpg,authentic,train,640,640,JPEG,42873,False,,images302
roboflow_counterfeit_med_detection,roboflow\train\images5103_jpg.rf.4c222d55e3b8c76233a2cba27ab59f21.jpg,authentic,train,640,640,JPEG,21352,False,,images5103
roboflow_counterfeit_med_detection,roboflow\train\images335_jpg.rf.4c812698f677b60ac259e2037e42f2b4.jpg,authentic,train,640,640,JPEG,30078,False,,images335
roboflow_counterfeit_med_detection,roboflow\train\images5112_jpg.rf.4ca9ab726622682084f3fafb955e0ab9.jpg,authentic,train,640,640,JPEG,38056,False,,images5112
roboflow_counterfeit_med_detection,roboflow\train\images275_jpg.rf.4c933a10cf29d4ab815ad1782d436b3f.jpg,authentic,train,640,640,JPEG,28253,False,,images275
roboflow_counterfeit_med_detection,roboflow\train\images36_jpg.rf.4bcfa99f7868c822f262fe7371845a6c.jpg,authentic,train,640,640,JPEG,34745,False,,images36
roboflow_counterfeit_med_detection,roboflow\train\images4035_jpg.rf.4bb2a80d5c85014bd3f5842b31454d76.jpg,authentic,train,640,640,JPEG,72541,False,,images4035
roboflow_counterfeit_med_detection,roboflow\train\images5127_jpg.rf.4d085958816b070f9938831e664fdb05.jpg,authentic,train,640,640,JPEG,53768,False,,images5127
roboflow_counterfeit_med_detection,roboflow\train\images348_jpg.rf.4c36f15e9aafb65d3ed4263c5323a87e.jpg,authentic,train,640,640,JPEG,31282,False,,images348
roboflow_counterfeit_med_detection,roboflow\train\images347_jpg.rf.4d24338ce3cc460f0a197547b921b90a.jpg,authentic,train,640,640,JPEG,27576,False,,images347
roboflow_counterfeit_med_detection,roboflow\train\images5100_jpg.rf.4d22551566aba769779749efe0783e36.jpg,authentic,train,640,640,JPEG,48169,False,,images5100
roboflow_counterfeit_med_detection,roboflow\train\images4044_jpg.rf.4c2d09343612b747a6b44cc3ac75c7a9.jpg,authentic,train,640,640,JPEG,59179,False,,images4044
roboflow_counterfeit_med_detection,roboflow\train\images4031_jpg.rf.4cb668202b76b944b266866c305560dd.jpg,authentic,train,640,640,JPEG,48622,False,,images4031
roboflow_counterfeit_med_detection,roboflow\train\FDA-Advisory-No-2022-0135_png.rf.4d14a35f6a15959e002b6cc1a99944a4.jpg,authentic,train,640,640,JPEG,56144,True,bulletin_graphic_with_baked_in_label_text,FDA-Advisory-No-2022-0135
roboflow_counterfeit_med_detection,roboflow\train\images4067_jpg.rf.4dbb6f376375f0ec01eef8f07916f709.jpg,authentic,train,640,640,JPEG,51157,False,,images4067
roboflow_counterfeit_med_detection,roboflow\train\images311_jpg.rf.4d46feedf650e6c30182a498d137f803.jpg,authentic,train,640,640,JPEG,42291,False,,images311
roboflow_counterfeit_med_detection,roboflow\train\images258_jpg.rf.4d60cde02c8476ec038f8506f2390acb.jpg,authentic,train,640,640,JPEG,69286,False,,images258
roboflow_counterfeit_med_detection,roboflow\train\images275_jpg.rf.4d8c3d9ddbe751146221dbb8b1e361f1.jpg,authentic,train,640,640,JPEG,27998,False,,images275
roboflow_counterfeit_med_detection,roboflow\train\images4040_jpg.rf.4e543037a258c8aef8aad0e676cef704.jpg,authentic,train,640,640,JPEG,45277,False,,images4040
roboflow_counterfeit_med_detection,roboflow\train\images262_jpg.rf.4d525c64d04455df2fd2e4aa281da715.jpg,authentic,train,640,640,JPEG,32171,False,,images262
roboflow_counterfeit_med_detection,roboflow\train\images335_jpg.rf.4d92ed73097063830a5bbb48f4531fb4.jpg,authentic,train,640,640,JPEG,44618,False,,images335
roboflow_counterfeit_med_detection,roboflow\train\images5034_jpg.rf.4d547191a7fb2d69115c598d9696b24b.jpg,authentic,train,640,640,JPEG,56788,False,,images5034
roboflow_counterfeit_med_detection,roboflow\train\images256_jpg.rf.4da32690f9f1d132a86e3469c79cf19d.jpg,authentic,train,640,640,JPEG,48971,False,,images256
roboflow_counterfeit_med_detection,roboflow\train\images11_jpg.rf.4de41cf4d3175d2e86b39b977758913c.jpg,authentic,train,640,640,JPEG,48057,False,,images11
roboflow_counterfeit_med_detection,roboflow\train\images5035_jpg.rf.4d555788d7dc1c3a918a5c9d234af678.jpg,authentic,train,640,640,JPEG,34949,False,,images5035
roboflow_counterfeit_med_detection,roboflow\train\FDA-Advisory-No-2022-0611-35_png.rf.4d478a15d7dc05a4a15f8bb3fa7d385f.jpg,authentic,train,640,640,JPEG,45282,True,bulletin_graphic_with_baked_in_label_text,FDA-Advisory-No-2022-0611-35
roboflow_counterfeit_med_detection,roboflow\train\images4044_jpg.rf.4dccc3a762cbf81e4289f1d5fedb415e.jpg,authentic,train,640,640,JPEG,63509,False,,images4044
roboflow_counterfeit_med_detection,roboflow\train\images4061_jpg.rf.4e44c5c4448b0059a138a954a731a7c4.jpg,authentic,train,640,640,JPEG,25129,False,,images4061
roboflow_counterfeit_med_detection,roboflow\train\images254_jpg.rf.4d2a51c5cdffa537b7eed099490c4d25.jpg,authentic,train,640,640,JPEG,42453,False,,images254
roboflow_counterfeit_med_detection,roboflow\train\images226_jpg.rf.4df7ceba52482b9a497cffb3dfd13402.jpg,authentic,train,640,640,JPEG,33365,False,,images226
roboflow_counterfeit_med_detection,roboflow\train\images4038_jpg.rf.4e88395b7f7936feb106170f63283a2b.jpg,authentic,train,640,640,JPEG,50571,False,,images4038
roboflow_counterfeit_med_detection,roboflow\train\images4046_jpg.rf.4e5f29e23011c6e25ccc14d0633e9482.jpg,authentic,train,640,640,JPEG,86674,False,,images4046
roboflow_counterfeit_med_detection,roboflow\train\images264_jpg.rf.4dc5aa3d8f72ce9110c4c94b7f0c5a76.jpg,authentic,train,640,640,JPEG,24221,False,,images264
roboflow_counterfeit_med_detection,roboflow\train\images33_jpg.rf.4dd58a95c3afe59c71e75785a06b8309.jpg,authentic,train,640,640,JPEG,31543,False,,images33
roboflow_counterfeit_med_detection,roboflow\train\images242_jpg.rf.4e255f4d3a81dd0bdb2175ee34126221.jpg,authentic,train,640,640,JPEG,33605,False,,images242
roboflow_counterfeit_med_detection,roboflow\train\images342_jpg.rf.4e9145dabef37b7f7267dc872afa649a.jpg,authentic,train,640,640,JPEG,19970,False,,images342
roboflow_counterfeit_med_detection,roboflow\train\images320_jpg.rf.4e4e09ac7d81e75b2ff3f821dc726856.jpg,authentic,train,640,640,JPEG,53932,False,,images320
roboflow_counterfeit_med_detection,roboflow\train\images23_jpg.rf.4e6cbc3efc300f92032a240b52830257.jpg,authentic,train,640,640,JPEG,25491,False,,images23
roboflow_counterfeit_med_detection,roboflow\train\images339_jpg.rf.4e7e379a0eec65acb56ef566228fd954.jpg,authentic,train,640,640,JPEG,51310,False,,images339
roboflow_counterfeit_med_detection,roboflow\train\images5052_jpg.rf.4e74d161dc909d3ff913bef8ee52962c.jpg,authentic,train,640,640,JPEG,80770,False,,images5052
roboflow_counterfeit_med_detection,roboflow\train\images352_jpg.rf.4e99445d347c1fde5059143a69cb3f65.jpg,authentic,train,640,640,JPEG,42472,False,,images352
roboflow_counterfeit_med_detection,roboflow\train\images36_jpg.rf.4ea4fd33131554d72f209d836f5ca5b1.jpg,authentic,train,640,640,JPEG,29997,False,,images36
roboflow_counterfeit_med_detection,roboflow\train\images254_jpg.rf.4eac09268f8c74bfca1d7e6c677e2e79.jpg,authentic,train,640,640,JPEG,45886,False,,images254
roboflow_counterfeit_med_detection,roboflow\train\images5097_jpg.rf.4f3d8cb06f1a695309ed7f1efde016db.jpg,authentic,train,640,640,JPEG,27950,False,,images5097
roboflow_counterfeit_med_detection,roboflow\train\images5107_jpg.rf.4fb0c55d299bd7c16f27d42d1299a263.jpg,authentic,train,640,640,JPEG,20619,False,,images5107
roboflow_counterfeit_med_detection,roboflow\train\images4058_jpg.rf.4f8bb250bfb10c1671376321ae262bcd.jpg,authentic,train,640,640,JPEG,37130,False,,images4058
roboflow_counterfeit_med_detection,roboflow\train\images5067_jpg.rf.4efd0e157e244903b62a9cfc838acd00.jpg,authentic,train,640,640,JPEG,38311,False,,images5067
roboflow_counterfeit_med_detection,roboflow\train\images33_jpg.rf.4f2be0d112247239427f4570b411a6a5.jpg,authentic,train,640,640,JPEG,31357,False,,images33
roboflow_counterfeit_med_detection,roboflow\train\images5044_jpg.rf.4f80ca62b1fc2cd5b32f0d359af44c76.jpg,authentic,train,640,640,JPEG,58705,False,,images5044
roboflow_counterfeit_med_detection,roboflow\train\images4061_jpg.rf.4fca0bbefc1e521a99201e4c1e57276b.jpg,authentic,train,640,640,JPEG,24013,False,,images4061
roboflow_counterfeit_med_detection,roboflow\train\images4042_jpg.rf.4f42f1c82a25f560b3e1733e2db7494d.jpg,authentic,train,640,640,JPEG,46622,False,,images4042
roboflow_counterfeit_med_detection,roboflow\train\images303_jpg.rf.4f1674a3e2e1f89c093fe6c343f963f7.jpg,authentic,train,640,640,JPEG,42859,False,,images303
roboflow_counterfeit_med_detection,roboflow\train\images230_jpg.rf.4f88235b1ea9201bba6575774064eaee.jpg,authentic,train,640,640,JPEG,49029,False,,images230
roboflow_counterfeit_med_detection,roboflow\train\images307_jpg.rf.4eaff4d0f38f02f770c50a950b9e26d0.jpg,authentic,train,640,640,JPEG,29262,False,,images307
roboflow_counterfeit_med_detection,roboflow\train\images227_jpg.rf.4f356ddc7d6d0511f8c8710a3f4b92a1.jpg,authentic,train,640,640,JPEG,23432,False,,images227
roboflow_counterfeit_med_detection,roboflow\train\images11_jpg.rf.4fbb42c3d4df18d963adaf188def0b5a.jpg,authentic,train,640,640,JPEG,73574,False,,images11
roboflow_counterfeit_med_detection,roboflow\train\images241_jpg.rf.5071fb5d0eefc08ede2a66c57db1737f.jpg,authentic,train,640,640,JPEG,50696,False,,images241
roboflow_counterfeit_med_detection,roboflow\train\images4042_jpg.rf.4fec61ad25d64e9d94361a0f6c127097.jpg,authentic,train,640,640,JPEG,44753,False,,images4042
roboflow_counterfeit_med_detection,roboflow\train\images351_jpg.rf.4feb15932b397a0af4cf79099ed0b4fd.jpg,authentic,train,640,640,JPEG,37121,False,,images351
roboflow_counterfeit_med_detection,roboflow\train\images352_jpg.rf.4f24453af6c4fa8614e831ec7ac2ce2d.jpg,authentic,train,640,640,JPEG,43062,False,,images352
roboflow_counterfeit_med_detection,roboflow\train\images303_jpg.rf.500df729320b8fd78a9305b7aa936d86.jpg,authentic,train,640,640,JPEG,31652,False,,images303
roboflow_counterfeit_med_detection,roboflow\train\images241_jpg.rf.4f44c36d1ffd7bfd164df1d2fcfa8ba0.jpg,authentic,train,640,640,JPEG,56558,False,,images241
roboflow_counterfeit_med_detection,roboflow\train\images5126_jpg.rf.509c562bf53f04ceee6c10dea149491a.jpg,authentic,train,640,640,JPEG,43583,False,,images5126
roboflow_counterfeit_med_detection,roboflow\train\images5071_jpg.rf.5021bef590df04aa239eba3684124d61.jpg,authentic,train,640,640,JPEG,38276,False,,images5071
roboflow_counterfeit_med_detection,roboflow\train\images33_jpg.rf.5066e78e4c9dc9fb00e11ee17eb5344d.jpg,authentic,train,640,640,JPEG,36780,False,,images33
roboflow_counterfeit_med_detection,roboflow\train\images4064_jpg.rf.4fc65b39102e44f0ea257dd8b40057c7.jpg,authentic,train,640,640,JPEG,35556,False,,images4064
roboflow_counterfeit_med_detection,roboflow\train\images231_jpg.rf.50a5bb308bc6f8f74e39d4fcadbe10f0.jpg,authentic,train,640,640,JPEG,36783,False,,images231
roboflow_counterfeit_med_detection,roboflow\train\images5044_jpg.rf.4f78c132a4c0082df2a43bcb621f312c.jpg,authentic,train,640,640,JPEG,57451,False,,images5044
roboflow_counterfeit_med_detection,roboflow\train\images4025_jpg.rf.50b2170820fc71acc69500b44837c81e.jpg,authentic,train,640,640,JPEG,25150,False,,images4025
roboflow_counterfeit_med_detection,roboflow\train\images5044_jpg.rf.50ba12a1841acc4cb4092a4a9c2ad7b6.jpg,authentic,train,640,640,JPEG,51715,False,,images5044
roboflow_counterfeit_med_detection,roboflow\train\images5024_jpg.rf.50773fbb65643351933e3fa991724250.jpg,authentic,train,640,640,JPEG,47337,False,,images5024
roboflow_counterfeit_med_detection,roboflow\train\images255_jpg.rf.510e1f12dac1bc00d3906cf4b7d65f66.jpg,authentic,train,640,640,JPEG,32274,False,,images255
roboflow_counterfeit_med_detection,roboflow\train\images36_jpg.rf.5168629e5c8436f56488991459c04888.jpg,authentic,train,640,640,JPEG,29942,False,,images36
roboflow_counterfeit_med_detection,roboflow\train\images316_jpg.rf.514c2edc8f482485686853b6b065661e.jpg,authentic,train,640,640,JPEG,37133,False,,images316
roboflow_counterfeit_med_detection,roboflow\train\images206_jpg.rf.51927bff023235f037c50759a9f7e2e7.jpg,authentic,train,640,640,JPEG,30824,False,,images206
roboflow_counterfeit_med_detection,roboflow\train\images5051_jpg.rf.523790ae498a01e0deb50af0a81e1237.jpg,authentic,train,640,640,JPEG,28102,False,,images5051
roboflow_counterfeit_med_detection,roboflow\train\images311_jpg.rf.51a58d31ae298b1b99e8aec69278c691.jpg,authentic,train,640,640,JPEG,36887,False,,images311
roboflow_counterfeit_med_detection,roboflow\train\images4048_jpg.rf.51ed32df65f03dc119ebb8caec0478d5.jpg,authentic,train,640,640,JPEG,42926,False,,images4048
roboflow_counterfeit_med_detection,roboflow\train\images316_jpg.rf.51a6e5b7505529f124360e519e88e08d.jpg,authentic,train,640,640,JPEG,36077,False,,images316
roboflow_counterfeit_med_detection,roboflow\train\images5053_jpg.rf.51d0cd7264a2206d645ed3a2c516e905.jpg,authentic,train,640,640,JPEG,25259,False,,images5053
roboflow_counterfeit_med_detection,roboflow\train\images4048_jpg.rf.52127f39e9934407d8604215d7801936.jpg,authentic,train,640,640,JPEG,38850,False,,images4048
roboflow_counterfeit_med_detection,roboflow\train\images209_jpg.rf.525231c17990ab88e22f03d04a45e3d2.jpg,authentic,train,640,640,JPEG,40518,False,,images209
roboflow_counterfeit_med_detection,roboflow\train\images275_jpg.rf.525da526513b33d80e66e1ec53a4189c.jpg,authentic,train,640,640,JPEG,29132,False,,images275
roboflow_counterfeit_med_detection,roboflow\train\images5085_jpg.rf.51c7408bdb12d864c846ab4295b1da66.jpg,authentic,train,640,640,JPEG,41971,False,,images5085
roboflow_counterfeit_med_detection,roboflow\train\images4063_jpg.rf.5173e95aa4475724d72827e7a1717ea0.jpg,authentic,train,640,640,JPEG,27989,False,,images4063
roboflow_counterfeit_med_detection,roboflow\train\images4094_jpg.rf.521a5d5b43ffff658eef704e20a140bc.jpg,authentic,train,640,640,JPEG,17910,False,,images4094
roboflow_counterfeit_med_detection,roboflow\train\images227_jpg.rf.525b195fbf4cb228cb42118397ce0b5f.jpg,authentic,train,640,640,JPEG,32952,False,,images227
roboflow_counterfeit_med_detection,roboflow\train\images239_jpg.rf.528a50120481188f1b9c2bcf9a050283.jpg,authentic,train,640,640,JPEG,41039,False,,images239
roboflow_counterfeit_med_detection,roboflow\train\images240_jpg.rf.52cae1eca47020ea30c623d004af6dd4.jpg,authentic,train,640,640,JPEG,54735,False,,images240
roboflow_counterfeit_med_detection,roboflow\train\images01_jpg.rf.5145066ce78a23a1a78bc6fc30492c9b.jpg,authentic,train,640,640,JPEG,40597,False,,images01
roboflow_counterfeit_med_detection,roboflow\train\images314_jpg.rf.51b55415eb727cca4a52c08f4659e6ca.jpg,authentic,train,640,640,JPEG,53806,False,,images314
roboflow_counterfeit_med_detection,roboflow\train\images5031_jpg.rf.5249f89324b1239b58546fddef86060d.jpg,authentic,train,640,640,JPEG,42019,False,,images5031
roboflow_counterfeit_med_detection,roboflow\train\images5111_jpg.rf.52da7f599a8fac8074f8b4f04d92ad62.jpg,authentic,train,640,640,JPEG,43220,False,,images5111
roboflow_counterfeit_med_detection,roboflow\train\images5035_jpg.rf.52c15e6876074ecd360132e349f27f06.jpg,authentic,train,640,640,JPEG,41709,False,,images5035
roboflow_counterfeit_med_detection,roboflow\train\images4048_jpg.rf.52c4e1a49f3a46db52bf5be3be5251f1.jpg,authentic,train,640,640,JPEG,35256,False,,images4048
roboflow_counterfeit_med_detection,roboflow\train\images5053_jpg.rf.52b2d2ae568d6aeba4b7c09bb3d498fc.jpg,authentic,train,640,640,JPEG,22670,False,,images5053
roboflow_counterfeit_med_detection,roboflow\train\images4061_jpg.rf.526152031d2cc02a8d59e7625883b43b.jpg,authentic,train,640,640,JPEG,24698,False,,images4061
roboflow_counterfeit_med_detection,roboflow\train\images241_jpg.rf.51cf5020a3c3bde838e17a0791c5eb4d.jpg,authentic,train,640,640,JPEG,47030,False,,images241
roboflow_counterfeit_med_detection,roboflow\train\images346_jpg.rf.52f3d617aeefdf659a59849c1830a9e2.jpg,authentic,train,640,640,JPEG,26872,False,,images346
roboflow_counterfeit_med_detection,roboflow\train\images342_jpg.rf.530de2edf7ad45b16917233529496462.jpg,authentic,train,640,640,JPEG,20414,False,,images342
roboflow_counterfeit_med_detection,roboflow\train\images33_jpg.rf.531934ab126f793a8d0731c20c5760ae.jpg,authentic,train,640,640,JPEG,36408,False,,images33
roboflow_counterfeit_med_detection,roboflow\train\images4079_jpg.rf.51bd8cf47bc845fc385dfe6c1111b3a6.jpg,authentic,train,640,640,JPEG,52691,False,,images4079
roboflow_counterfeit_med_detection,roboflow\train\images352_jpg.rf.5283ceea23ca5542a808149cb0373c54.jpg,authentic,train,640,640,JPEG,39549,False,,images352
roboflow_counterfeit_med_detection,roboflow\train\images255_jpg.rf.52ea20cf35129268a76fec5f679ba034.jpg,authentic,train,640,640,JPEG,33536,False,,images255
roboflow_counterfeit_med_detection,roboflow\train\images33_jpg.rf.5338652b89cbfd6b6e9aedf77aee535d.jpg,authentic,train,640,640,JPEG,29397,False,,images33
roboflow_counterfeit_med_detection,roboflow\train\images4058_jpg.rf.534b4aaf19312384e2f2d8df39b51f73.jpg,authentic,train,640,640,JPEG,39263,False,,images4058
roboflow_counterfeit_med_detection,roboflow\train\images348_jpg.rf.535078fb3f9b0c632f4fea43daac3a0a.jpg,authentic,train,640,640,JPEG,28039,False,,images348
roboflow_counterfeit_med_detection,roboflow\train\images208_jpg.rf.5344454511901dd50c922a8b728b349e.jpg,authentic,train,640,640,JPEG,55125,False,,images208
roboflow_counterfeit_med_detection,roboflow\train\images340_jpg.rf.53c543494b0e1e99eb2c7ab2a435f316.jpg,authentic,train,640,640,JPEG,33005,False,,images340
roboflow_counterfeit_med_detection,roboflow\train\images4047_jpg.rf.53d6ab70b899bbaaf26c9ad96da5f276.jpg,authentic,train,640,640,JPEG,50021,False,,images4047
roboflow_counterfeit_med_detection,roboflow\train\images225_jpg.rf.53a320d6524525d7dc8b26acf766ed73.jpg,authentic,train,640,640,JPEG,49110,False,,images225
roboflow_counterfeit_med_detection,roboflow\train\images4081_jpg.rf.53fec22cb1ba2533281a3ad1ccef8b07.jpg,authentic,train,640,640,JPEG,25747,False,,images4081
roboflow_counterfeit_med_detection,roboflow\train\images4066_jpg.rf.5394d3db64fa17c84ccb05ae30b1fd74.jpg,authentic,train,640,640,JPEG,24715,False,,images4066
roboflow_counterfeit_med_detection,roboflow\train\images5115_jpg.rf.53fc31d99405fb61e91537901cb811da.jpg,authentic,train,640,640,JPEG,44637,False,,images5115
roboflow_counterfeit_med_detection,roboflow\train\images5117_jpg.rf.5389955a7c0249c57be33d87ec85019c.jpg,authentic,train,640,640,JPEG,69030,False,,images5117
roboflow_counterfeit_med_detection,roboflow\train\images236_jpg.rf.538d4e7f7135f535fe79430ca9767956.jpg,authentic,train,640,640,JPEG,48664,False,,images236
roboflow_counterfeit_med_detection,roboflow\train\images19_jpg.rf.54672966b0223bdd1c1903d8468de999.jpg,authentic,train,640,640,JPEG,54018,False,,images19
roboflow_counterfeit_med_detection,roboflow\train\images348_jpg.rf.53da95b0e777f061f6d918d526c05c69.jpg,authentic,train,640,640,JPEG,33430,False,,images348
roboflow_counterfeit_med_detection,roboflow\train\images5098_jpg.rf.53dee57d4571b40121b549bced921377.jpg,authentic,train,640,640,JPEG,57197,False,,images5098
roboflow_counterfeit_med_detection,roboflow\train\images241_jpg.rf.5414a38a9b41a706e5088d84fd94b271.jpg,authentic,train,640,640,JPEG,57990,False,,images241
roboflow_counterfeit_med_detection,roboflow\train\FDA-Advisory-No-2022-0611-10_png.rf.539d509a8ef229876d62c48cdbd7e9c8.jpg,counterfeit,train,640,640,JPEG,52229,True,bulletin_graphic_with_baked_in_label_text,FDA-Advisory-No-2022-0611-10
roboflow_counterfeit_med_detection,roboflow\train\images33_jpg.rf.53f9446c504a1ce0304dd1afda2ab354.jpg,authentic,train,640,640,JPEG,34118,False,,images33
roboflow_counterfeit_med_detection,roboflow\train\images4061_jpg.rf.543100ad6ae02329d646caa2c44af7a7.jpg,authentic,train,640,640,JPEG,31018,False,,images4061
roboflow_counterfeit_med_detection,roboflow\train\images4025_jpg.rf.53e0022214a5e1eb1e33a7bd6d0a8d03.jpg,authentic,train,640,640,JPEG,28846,False,,images4025
roboflow_counterfeit_med_detection,roboflow\train\images36_jpg.rf.53dabcadb48bb47b4936cbca7bb85982.jpg,authentic,train,640,640,JPEG,29876,False,,images36
roboflow_counterfeit_med_detection,roboflow\train\images283_jpg.rf.548c2668490ab194c2588a5367ab2948.jpg,authentic,train,640,640,JPEG,57834,False,,images283
roboflow_counterfeit_med_detection,roboflow\train\images4082_jpg.rf.549cfd9affc96b3f577ad9037be1fa23.jpg,authentic,train,640,640,JPEG,28301,False,,images4082
roboflow_counterfeit_med_detection,roboflow\train\images4029_jpg.rf.54e45dffad1922a3ccb3de81b1c54f70.jpg,authentic,train,640,640,JPEG,83988,False,,images4029
roboflow_counterfeit_med_detection,roboflow\train\images276_jpg.rf.543ff9a071922f48851ef606fd873554.jpg,authentic,train,640,640,JPEG,25739,False,,images276
roboflow_counterfeit_med_detection,roboflow\train\images37_jpg.rf.54b85843921719600d09dd116c6e1e6a.jpg,authentic,train,640,640,JPEG,30798,False,,images37
roboflow_counterfeit_med_detection,roboflow\train\images335_jpg.rf.551fc53a72c5bd1c7d18cf3773603975.jpg,authentic,train,640,640,JPEG,48516,False,,images335
roboflow_counterfeit_med_detection,roboflow\train\images14_jpg.rf.549c576b3eaaa896e81c70a8afb94acf.jpg,authentic,train,640,640,JPEG,49032,False,,images14
roboflow_counterfeit_med_detection,roboflow\train\images311_jpg.rf.541989268835b97f1c5a1a7f40fffff5.jpg,authentic,train,640,640,JPEG,44674,False,,images311
roboflow_counterfeit_med_detection,roboflow\train\FDA-Advisory-No-2020-2177_png.rf.53faaab659eed75096c3e102b95f1770.jpg,counterfeit,train,640,640,JPEG,53390,True,bulletin_graphic_with_baked_in_label_text,FDA-Advisory-No-2020-2177
roboflow_counterfeit_med_detection,roboflow\train\images5067_jpg.rf.55136afd6e5f9edcefd46b64bd8be0c7.jpg,authentic,train,640,640,JPEG,42816,False,,images5067
roboflow_counterfeit_med_detection,roboflow\train\images4025_jpg.rf.54eadee50b256e50c4bddfd17c74ecd2.jpg,authentic,train,640,640,JPEG,32061,False,,images4025
roboflow_counterfeit_med_detection,roboflow\train\images4081_jpg.rf.546ae85196ffb82a3924c4b7a5b5e3ef.jpg,authentic,train,640,640,JPEG,38475,False,,images4081
roboflow_counterfeit_med_detection,roboflow\train\images42_jpg.rf.54e71d7ee2239e3d5591aeb90894bade.jpg,authentic,train,640,640,JPEG,45961,False,,images42
roboflow_counterfeit_med_detection,roboflow\train\images5051_jpg.rf.5550f3a3440c32141f84aa63cb7f2038.jpg,authentic,train,640,640,JPEG,28393,False,,images5051
roboflow_counterfeit_med_detection,roboflow\train\images15_jpg.rf.55496a9122450406f9fa893aada6eafe.jpg,authentic,train,640,640,JPEG,29719,False,,images15
roboflow_counterfeit_med_detection,roboflow\train\images4081_jpg.rf.555b38fbac3d7d7f2f0b196fae3d2c81.jpg,authentic,train,640,640,JPEG,30614,False,,images4081
roboflow_counterfeit_med_detection,roboflow\train\2020-1348_31_jpg.rf.557cbf90fd3e4c86a42ca21a31fe53c3.jpg,authentic,train,640,640,JPEG,37911,True,bulletin_graphic_with_baked_in_label_text,2020-1348_31
roboflow_counterfeit_med_detection,roboflow\train\images5031_jpg.rf.5539e87f2b2952a38af46b5d23a0c4fb.jpg,authentic,train,640,640,JPEG,43330,False,,images5031
roboflow_counterfeit_med_detection,roboflow\train\images19_jpg.rf.5605528cbe7a87c88fd69f847f6f6b83.jpg,authentic,train,640,640,JPEG,53432,False,,images19
roboflow_counterfeit_med_detection,roboflow\train\images239_jpg.rf.558a37483a98b215bfc2353d2baef5c7.jpg,authentic,train,640,640,JPEG,40653,False,,images239
roboflow_counterfeit_med_detection,roboflow\train\images311_jpg.rf.55b400ecdd61fd00d3e3a762e945b6ef.jpg,authentic,train,640,640,JPEG,39274,False,,images311
roboflow_counterfeit_med_detection,roboflow\train\images349_jpg.rf.55d71dbe1a77e9cf5f29a76e168e25a0.jpg,authentic,train,640,640,JPEG,48572,False,,images349
roboflow_counterfeit_med_detection,roboflow\train\images5100_jpg.rf.55bd377205eaf3e3f14bb521cfa78d0d.jpg,authentic,train,640,640,JPEG,42699,False,,images5100
roboflow_counterfeit_med_detection,roboflow\train\images38_jpg.rf.5589b409a7118f2c6cf2251628dc1730.jpg,authentic,train,640,640,JPEG,52892,False,,images38
roboflow_counterfeit_med_detection,roboflow\train\images348_jpg.rf.57c088233691973202e50aa5f0156915.jpg,authentic,train,640,640,JPEG,32331,False,,images348
roboflow_counterfeit_med_detection,roboflow\train\images303_jpg.rf.570900b244975d35d546b37b58a34d43.jpg,authentic,train,640,640,JPEG,52487,False,,images303
roboflow_counterfeit_med_detection,roboflow\train\images4088_jpg.rf.565fd1b590d52b634d1c25a11f08ceab.jpg,authentic,train,640,640,JPEG,25656,False,,images4088
roboflow_counterfeit_med_detection,roboflow\train\images07_jpg.rf.577db58a70fbad41225e77872383e87a.jpg,authentic,train,640,640,JPEG,68507,False,,images07
roboflow_counterfeit_med_detection,roboflow\train\images23_jpg.rf.5606b10260d646143a040defe7884b83.jpg,authentic,train,640,640,JPEG,30867,False,,images23
roboflow_counterfeit_med_detection,roboflow\train\images46_jpg.rf.56e41c94121005c97caa2911e4c69dbe.jpg,authentic,train,640,640,JPEG,25534,False,,images46
roboflow_counterfeit_med_detection,roboflow\train\images4044_jpg.rf.56cbf2402a4285aedeb7c4e4426d9fbb.jpg,authentic,train,640,640,JPEG,60668,False,,images4044
roboflow_counterfeit_med_detection,roboflow\train\images340_jpg.rf.5728cc45d45a99beec3c42c781e720da.jpg,authentic,train,640,640,JPEG,57928,False,,images340
roboflow_counterfeit_med_detection,roboflow\train\images4058_jpg.rf.57338b340265c93e585952589d9dfa63.jpg,authentic,train,640,640,JPEG,39106,False,,images4058
roboflow_counterfeit_med_detection,roboflow\train\images47_jpg.rf.56931525470b9f919584a5b2c6dcee6b.jpg,authentic,train,640,640,JPEG,32494,False,,images47
roboflow_counterfeit_med_detection,roboflow\train\images218_jpg.rf.55f5b7b4f51477ca88b0de262804276e.jpg,authentic,train,640,640,JPEG,36579,False,,images218
roboflow_counterfeit_med_detection,roboflow\train\images252_jpg.rf.56f2a05da478515faf929ecb24a65705.jpg,authentic,train,640,640,JPEG,58870,False,,images252
roboflow_counterfeit_med_detection,roboflow\train\images42_jpg.rf.57451f3c01df520eccb0a50ce9f7631a.jpg,authentic,train,640,640,JPEG,50471,False,,images42
roboflow_counterfeit_med_detection,roboflow\train\images5097_jpg.rf.57f44fedc051c083efc787906c5e1c1d.jpg,authentic,train,640,640,JPEG,30081,False,,images5097
roboflow_counterfeit_med_detection,roboflow\train\images4081_jpg.rf.575d5d9d5145c190ab6954e28dea0cb4.jpg,authentic,train,640,640,JPEG,27919,False,,images4081
roboflow_counterfeit_med_detection,roboflow\train\images29_jpg.rf.57d492216b2f8bfe4a1518ff0d1e10cf.jpg,authentic,train,640,640,JPEG,34262,False,,images29
roboflow_counterfeit_med_detection,roboflow\train\images348_jpg.rf.57f490b26a98db62b8978a368b434d17.jpg,authentic,train,640,640,JPEG,30498,False,,images348
roboflow_counterfeit_med_detection,roboflow\train\images5100_jpg.rf.56908d499c07e71eef2bebc5f3c7a730.jpg,authentic,train,640,640,JPEG,48720,False,,images5100
roboflow_counterfeit_med_detection,roboflow\train\images4040_jpg.rf.58238a2a1ecd8b8bfef0083797aae8cd.jpg,authentic,train,640,640,JPEG,62287,False,,images4040
roboflow_counterfeit_med_detection,roboflow\train\images228_jpg.rf.57831e1752b07d856dc3a19f028541ef.jpg,authentic,train,640,640,JPEG,32349,False,,images228
roboflow_counterfeit_med_detection,roboflow\train\images04_jpg.rf.5823a11fea075e24fc39558b6d92b184.jpg,authentic,train,640,640,JPEG,23238,False,,images04
roboflow_counterfeit_med_detection,roboflow\train\images4060_jpg.rf.5590fecbe9b7c011148661f746b107f8.jpg,authentic,train,640,640,JPEG,75888,False,,images4060
roboflow_counterfeit_med_detection,roboflow\train\images5096_jpg.rf.5862152a92cdbc4c5da07dc09056b9d3.jpg,authentic,train,640,640,JPEG,57134,False,,images5096
roboflow_counterfeit_med_detection,roboflow\train\images335_jpg.rf.5824e37de980763d02d6ed7350b823b4.jpg,authentic,train,640,640,JPEG,47548,False,,images335
roboflow_counterfeit_med_detection,roboflow\train\images05_jpg.rf.58497027fd04362bad91ded9d5ec4f2e.jpg,authentic,train,640,640,JPEG,19704,False,,images05
roboflow_counterfeit_med_detection,roboflow\train\images36_jpg.rf.58725e02346edfc252b07ef3804d1a1d.jpg,authentic,train,640,640,JPEG,34869,False,,images36
roboflow_counterfeit_med_detection,roboflow\train\images5040_jpg.rf.5896c30c26be171dbbee45e580a453f0.jpg,authentic,train,640,640,JPEG,62850,False,,images5040
roboflow_counterfeit_med_detection,roboflow\train\images346_jpg.rf.58930c7ba77242db0a42f296e5506e6a.jpg,authentic,train,640,640,JPEG,28413,False,,images346
roboflow_counterfeit_med_detection,roboflow\train\images4054_jpg.rf.5985a00ad572ddc3171127cd0d777dc9.jpg,authentic,train,640,640,JPEG,45781,False,,images4054
roboflow_counterfeit_med_detection,roboflow\train\images4093_jpg.rf.59722ed92f77ce936cafb5b47c0a9b31.jpg,authentic,train,640,640,JPEG,27927,False,,images4093
roboflow_counterfeit_med_detection,roboflow\train\images316_jpg.rf.58d5907d72bb4fab4d5a24d148d857f3.jpg,authentic,train,640,640,JPEG,35831,False,,images316
roboflow_counterfeit_med_detection,roboflow\train\images351_jpg.rf.59884801c5f1ae4c218a20144c789ac6.jpg,authentic,train,640,640,JPEG,47637,False,,images351
roboflow_counterfeit_med_detection,roboflow\train\images4047_jpg.rf.590f7ae7019f0c6ee71fc1199095a804.jpg,authentic,train,640,640,JPEG,40882,False,,images4047
roboflow_counterfeit_med_detection,roboflow\train\images5127_jpg.rf.58ca563287dca2ce14519de6af4d50d5.jpg,authentic,train,640,640,JPEG,49755,False,,images5127
roboflow_counterfeit_med_detection,roboflow\train\images4060_jpg.rf.59addc4a5c0ed7ea6a252d1040f49cba.jpg,authentic,train,640,640,JPEG,63044,False,,images4060
roboflow_counterfeit_med_detection,roboflow\train\images268_jpg.rf.59775518d01f6acbc2158ad333207742.jpg,authentic,train,640,640,JPEG,59981,False,,images268
roboflow_counterfeit_med_detection,roboflow\train\images349_jpg.rf.59996826c69e581466058c8e2bd5640d.jpg,authentic,train,640,640,JPEG,48946,False,,images349
roboflow_counterfeit_med_detection,roboflow\train\images4029_jpg.rf.58d145d96f6426147dc4e6bbd4099769.jpg,authentic,train,640,640,JPEG,69507,False,,images4029
roboflow_counterfeit_med_detection,roboflow\train\FDA-Advisory-No-2022-0611-4_png.rf.58e0e61db337667fef48a2f21446ab4c.jpg,counterfeit,train,640,640,JPEG,55697,True,bulletin_graphic_with_baked_in_label_text,FDA-Advisory-No-2022-0611-4
roboflow_counterfeit_med_detection,roboflow\train\images240_jpg.rf.595ed4cc58e60f88cfd7288a9aa13a4d.jpg,authentic,train,640,640,JPEG,47530,False,,images240
roboflow_counterfeit_med_detection,roboflow\train\images5053_jpg.rf.599b83d3d8ef10897675c19a7ce55dca.jpg,authentic,train,640,640,JPEG,20151,False,,images5053
roboflow_counterfeit_med_detection,roboflow\train\images307_jpg.rf.5874256528f3113f7ccad1fc3b3d83d7.jpg,authentic,train,640,640,JPEG,22876,False,,images307
roboflow_counterfeit_med_detection,roboflow\train\maxresdefault-1-_jpg.rf.599ae2c1e25a11e7a100ded83961fccf.jpg,ambiguous,train,640,640,JPEG,95851,True,dual_label_contradiction,maxresdefault-1-
roboflow_counterfeit_med_detection,roboflow\train\images14_jpg.rf.59cf7bddae4f53862aab2d2a95ec62f6.jpg,authentic,train,640,640,JPEG,37158,False,,images14
roboflow_counterfeit_med_detection,roboflow\train\190794092_4121936044529085_8971199346508043266_n_jpg.rf.59dc6dbb1e899c02de84acab50460f0f.jpg,counterfeit,train,640,640,JPEG,62333,True,bulletin_graphic_with_baked_in_label_text,190794092_4121936044529085_8971199346508043266_n
roboflow_counterfeit_med_detection,roboflow\train\images262_jpg.rf.59d5f9e96581689474645ac6060edb71.jpg,authentic,train,640,640,JPEG,33298,False,,images262
roboflow_counterfeit_med_detection,roboflow\train\images346_jpg.rf.591d24da47aa93e007a9e0e7724d84e6.jpg,authentic,train,640,640,JPEG,25224,False,,images346
roboflow_counterfeit_med_detection,roboflow\train\images4054_jpg.rf.58e1f0d2b303ab7319a8e83bbacb9f4e.jpg,authentic,train,640,640,JPEG,60779,False,,images4054
roboflow_counterfeit_med_detection,roboflow\train\images5063_jpg.rf.59b30d228eea3a2819369d3e450e386a.jpg,authentic,train,640,640,JPEG,25141,False,,images5063
roboflow_counterfeit_med_detection,roboflow\train\images5045_jpg.rf.598b7d049f3b84b76ad8bbf572a6ef0b.jpg,authentic,train,640,640,JPEG,43586,False,,images5045
roboflow_counterfeit_med_detection,roboflow\train\images5096_jpg.rf.58b5e951e68b2c5e26ee07d59b38c0ec.jpg,authentic,train,640,640,JPEG,57209,False,,images5096
roboflow_counterfeit_med_detection,roboflow\train\images4031_jpg.rf.58e59c7ee589c09a82ec84c8f01f3d64.jpg,authentic,train,640,640,JPEG,37407,False,,images4031
roboflow_counterfeit_med_detection,roboflow\train\images4033_jpg.rf.59e9662e3da881b0a5809286ca1b1349.jpg,authentic,train,640,640,JPEG,74950,False,,images4033
roboflow_counterfeit_med_detection,roboflow\train\images4066_jpg.rf.59f6cee764bbd22cabb254481b42f1cc.jpg,authentic,train,640,640,JPEG,27178,False,,images4066
roboflow_counterfeit_med_detection,roboflow\train\images29_jpg.rf.5a036adfa57f087240a45a5a1eeed97c.jpg,authentic,train,640,640,JPEG,35491,False,,images29
roboflow_counterfeit_med_detection,roboflow\train\images4087_jpg.rf.5a8b0742595ff3c6319d303b776e6b44.jpg,authentic,train,640,640,JPEG,36217,False,,images4087
roboflow_counterfeit_med_detection,roboflow\train\images340_jpg.rf.5aa3b2ff1649ccae7c536c80d41dc549.jpg,authentic,train,640,640,JPEG,61390,False,,images340
roboflow_counterfeit_med_detection,roboflow\train\images255_jpg.rf.5a1c32629dea3548cdd211edb0c4888f.jpg,authentic,train,640,640,JPEG,31819,False,,images255
roboflow_counterfeit_med_detection,roboflow\train\images4061_jpg.rf.5b09d0d24757b87c16959a17b4543f8a.jpg,authentic,train,640,640,JPEG,23203,False,,images4061
roboflow_counterfeit_med_detection,roboflow\train\images5035_jpg.rf.5a871d2ba71d2f519a59a93f95d44d6e.jpg,authentic,train,640,640,JPEG,43123,False,,images5035
roboflow_counterfeit_med_detection,roboflow\train\images218_jpg.rf.5bb44b3096ad30c928dc6c3e1091ea74.jpg,authentic,train,640,640,JPEG,30254,False,,images218
roboflow_counterfeit_med_detection,roboflow\train\images257_jpg.rf.5ad73ab963191bb59e45305f19e99253.jpg,authentic,train,640,640,JPEG,28233,False,,images257
roboflow_counterfeit_med_detection,roboflow\train\images5110_jpg.rf.5ae9bee910b5d93599edea3be6f16624.jpg,authentic,train,640,640,JPEG,12595,False,,images5110
roboflow_counterfeit_med_detection,roboflow\train\images38_jpg.rf.5aeac98c9550976e1e0d5dc0097c4639.jpg,authentic,train,640,640,JPEG,44678,False,,images38
roboflow_counterfeit_med_detection,roboflow\train\images5059_jpg.rf.5b4e400747f6fa9c212a56c0c4280c92.jpg,authentic,train,640,640,JPEG,39372,False,,images5059
roboflow_counterfeit_med_detection,roboflow\train\images33_jpg.rf.5aaf4a5abab2d6a0f4053e6d2d94454a.jpg,authentic,train,640,640,JPEG,35839,False,,images33
roboflow_counterfeit_med_detection,roboflow\train\images5090_jpg.rf.5ad4703dcf3946a0e2583b4d7c6b07af.jpg,authentic,train,640,640,JPEG,27877,False,,images5090
roboflow_counterfeit_med_detection,roboflow\train\images340_jpg.rf.5a500e886791aed76d7e35eb1149c812.jpg,authentic,train,640,640,JPEG,63023,False,,images340
roboflow_counterfeit_med_detection,roboflow\train\images4029_jpg.rf.5b1fee96f6568c3915632e13f0ad3f7a.jpg,authentic,train,640,640,JPEG,64553,False,,images4029
roboflow_counterfeit_med_detection,roboflow\train\images283_jpg.rf.5aa91b7c7620d4750fafd074ebeb2771.jpg,authentic,train,640,640,JPEG,61206,False,,images283
roboflow_counterfeit_med_detection,roboflow\train\images5046_jpg.rf.5a7c2bea2b7cae3c309d42799b167286.jpg,authentic,train,640,640,JPEG,36865,False,,images5046
roboflow_counterfeit_med_detection,roboflow\train\images5071_jpg.rf.5bc20fc3df388e429c04b5409d2d9fc6.jpg,authentic,train,640,640,JPEG,41393,False,,images5071
roboflow_counterfeit_med_detection,roboflow\train\images5115_jpg.rf.5b9a07f82b2871a04f8b9c4db25297ca.jpg,authentic,train,640,640,JPEG,30383,False,,images5115
roboflow_counterfeit_med_detection,roboflow\train\images5085_jpg.rf.5bca31c0f4f3c7eb1a7effd6ba66f3e9.jpg,authentic,train,640,640,JPEG,55198,False,,images5085
roboflow_counterfeit_med_detection,roboflow\train\images19_jpg.rf.5b9efc24a74921a60bfac5a0c9185212.jpg,authentic,train,640,640,JPEG,53747,False,,images19
roboflow_counterfeit_med_detection,roboflow\train\images5114_jpg.rf.59f90bbc4f24f7b3355ebc83de16a1f1.jpg,authentic,train,640,640,JPEG,32181,False,,images5114
roboflow_counterfeit_med_detection,roboflow\train\images244_jpg.rf.5a1c55e16f8f2c98c985bd915d469537.jpg,authentic,train,640,640,JPEG,52614,False,,images244
roboflow_counterfeit_med_detection,roboflow\train\images4068_jpg.rf.5baa53f2be79a3d202deee12f8db15be.jpg,authentic,train,640,640,JPEG,56972,False,,images4068
roboflow_counterfeit_med_detection,roboflow\train\images4124_jpg.rf.5bdd7b1a400179c04a57d8517ce4f2c5.jpg,authentic,train,640,640,JPEG,31422,False,,images4124
roboflow_counterfeit_med_detection,roboflow\train\FDA-Advisory-No-2022-0611-4_png.rf.5bea16e1d2cb1963052e8f702124dd8d.jpg,counterfeit,train,640,640,JPEG,61376,True,bulletin_graphic_with_baked_in_label_text,FDA-Advisory-No-2022-0611-4
roboflow_counterfeit_med_detection,roboflow\train\images257_jpg.rf.5c36e42330e295155423593185a72a80.jpg,authentic,train,640,640,JPEG,27857,False,,images257
roboflow_counterfeit_med_detection,roboflow\train\images4120_jpg.rf.5c01e7e61c1d5207dfc6609151c9d47a.jpg,authentic,train,640,640,JPEG,43555,False,,images4120
roboflow_counterfeit_med_detection,roboflow\train\images208_jpg.rf.5c5bfaddabbdb063e7e4d91de9bb1e2e.jpg,authentic,train,640,640,JPEG,56545,False,,images208
roboflow_counterfeit_med_detection,roboflow\train\images340_jpg.rf.5c0511422feb142b665629418071e9e1.jpg,authentic,train,640,640,JPEG,55102,False,,images340
roboflow_counterfeit_med_detection,roboflow\train\images307_jpg.rf.5cde658a998ef95a2ab9a629106ab936.jpg,authentic,train,640,640,JPEG,30119,False,,images307
roboflow_counterfeit_med_detection,roboflow\train\images210_jpg.rf.5d0146e88156a267744a3995532d863b.jpg,authentic,train,640,640,JPEG,34124,False,,images210
roboflow_counterfeit_med_detection,roboflow\train\images226_jpg.rf.5cb16a7bd61b53efaea8f63593bd1207.jpg,authentic,train,640,640,JPEG,36299,False,,images226
roboflow_counterfeit_med_detection,roboflow\train\images348_jpg.rf.5d33e6a08428d53276fbc41798ce2e41.jpg,authentic,train,640,640,JPEG,22943,False,,images348
roboflow_counterfeit_med_detection,roboflow\train\images4065_jpg.rf.5d938666eafe95e5d9462be4a7c815b5.jpg,authentic,train,640,640,JPEG,17531,False,,images4065
roboflow_counterfeit_med_detection,roboflow\train\images35_jpg.rf.5d63568873b9e68e3fd120c7cd14858f.jpg,authentic,train,640,640,JPEG,44886,False,,images35
roboflow_counterfeit_med_detection,roboflow\train\images4038_jpg.rf.5d3cd518f654cb0cd25d1726280b91b3.jpg,authentic,train,640,640,JPEG,51083,False,,images4038
roboflow_counterfeit_med_detection,roboflow\train\images4044_jpg.rf.5d1c219dd87bc589478595e2da83c361.jpg,authentic,train,640,640,JPEG,56678,False,,images4044
roboflow_counterfeit_med_detection,roboflow\train\images4088_jpg.rf.5d2c21c4aa74a8d9c4051c750815a361.jpg,authentic,train,640,640,JPEG,32441,False,,images4088
roboflow_counterfeit_med_detection,roboflow\train\images4081_jpg.rf.5de8ef16fea30cc0e10ed7450e0036c8.jpg,authentic,train,640,640,JPEG,27583,False,,images4081
roboflow_counterfeit_med_detection,roboflow\train\images5095_jpg.rf.5d95e0778df28f40afcfd2285937bf40.jpg,authentic,train,640,640,JPEG,41963,False,,images5095
roboflow_counterfeit_med_detection,roboflow\train\images347_jpg.rf.5ddd9378fb7f140a734d5a564be4c565.jpg,authentic,train,640,640,JPEG,25149,False,,images347
roboflow_counterfeit_med_detection,roboflow\train\images5106_jpg.rf.5ce696d708eda4bcded1359eb55d8cb2.jpg,authentic,train,640,640,JPEG,63489,False,,images5106
roboflow_counterfeit_med_detection,roboflow\train\images4048_jpg.rf.5daa5770b659354f4ae7a96a749af4ef.jpg,authentic,train,640,640,JPEG,37047,False,,images4048
roboflow_counterfeit_med_detection,roboflow\train\images5060_jpg.rf.5c65466cfb03c1811f35b0b208045bc9.jpg,authentic,train,640,640,JPEG,41316,False,,images5060
roboflow_counterfeit_med_detection,roboflow\train\images4046_jpg.rf.5d4b21951acf58a8a267cfd6047f7693.jpg,authentic,train,640,640,JPEG,94226,False,,images4046
roboflow_counterfeit_med_detection,roboflow\train\images4035_jpg.rf.5e1ae9d429a3e3d05f639650feefc464.jpg,authentic,train,640,640,JPEG,58771,False,,images4035
roboflow_counterfeit_med_detection,roboflow\train\images4054_jpg.rf.5d32895250540258349b2fa8b185c693.jpg,authentic,train,640,640,JPEG,52880,False,,images4054
roboflow_counterfeit_med_detection,roboflow\train\images254_jpg.rf.5e3b3deb016d005b77e12a04fad54fbe.jpg,authentic,train,640,640,JPEG,45680,False,,images254
roboflow_counterfeit_med_detection,roboflow\train\images5032_jpg.rf.5cebacc62b3d7445a6d5ac6950a69d43.jpg,authentic,train,640,640,JPEG,88077,False,,images5032
roboflow_counterfeit_med_detection,roboflow\train\images4074_jpg.rf.5e3a4745d17071e50f15cacea77d9188.jpg,authentic,train,640,640,JPEG,42694,False,,images4074
roboflow_counterfeit_med_detection,roboflow\train\images4060_jpg.rf.5d03de8bbb5185847eeecd83bea6d4fe.jpg,authentic,train,640,640,JPEG,68970,False,,images4060
roboflow_counterfeit_med_detection,roboflow\train\110087553_3244497862272912_6330145168259268761_n_jpg.rf.5d9744ae7bac84a14fec5711f120ade4.jpg,counterfeit,train,640,640,JPEG,46530,True,bulletin_graphic_with_baked_in_label_text,110087553_3244497862272912_6330145168259268761_n
roboflow_counterfeit_med_detection,roboflow\train\images4035_jpg.rf.5c5b1ef1510d98f681b9f840ca575f24.jpg,authentic,train,640,640,JPEG,60930,False,,images4035
roboflow_counterfeit_med_detection,roboflow\train\images4025_jpg.rf.5e28b628bbca7c615d62f56900644cca.jpg,authentic,train,640,640,JPEG,36347,False,,images4025
roboflow_counterfeit_med_detection,roboflow\train\images4045_jpg.rf.5be395d18c75cf90fe59ab5be25b0426.jpg,authentic,train,640,640,JPEG,34568,False,,images4045
roboflow_counterfeit_med_detection,roboflow\train\images4039_jpg.rf.5e490ea34ea0b6f9e071d7db9df06a66.jpg,authentic,train,640,640,JPEG,57555,False,,images4039
roboflow_counterfeit_med_detection,roboflow\train\images5098_jpg.rf.5e6e728e91071966faecce39565a4b13.jpg,authentic,train,640,640,JPEG,59119,False,,images5098
roboflow_counterfeit_med_detection,roboflow\train\images275_jpg.rf.5ef3b946500f8801f76e476bc9a87582.jpg,authentic,train,640,640,JPEG,31705,False,,images275
roboflow_counterfeit_med_detection,roboflow\train\images5039_jpg.rf.5edeb0947ca1450db1b5916497ac4acc.jpg,authentic,train,640,640,JPEG,51198,False,,images5039
roboflow_counterfeit_med_detection,roboflow\train\images268_jpg.rf.5e97d8a0a10f3e7b78515f06974eeea1.jpg,authentic,train,640,640,JPEG,56107,False,,images268
roboflow_counterfeit_med_detection,roboflow\train\110657861_3244497582272940_2325276206631652556_n_jpg.rf.5e958c2e4e7cd814620f96505fb91718.jpg,counterfeit,train,640,640,JPEG,46241,True,bulletin_graphic_with_baked_in_label_text,110657861_3244497582272940_2325276206631652556_n
roboflow_counterfeit_med_detection,roboflow\train\images42_jpg.rf.5e62ef4cbf2596ffd62c28a80c6b4c3f.jpg,authentic,train,640,640,JPEG,45194,False,,images42
roboflow_counterfeit_med_detection,roboflow\train\images314_jpg.rf.5fb587f96a555fc85e1bb6ea811bba0a.jpg,authentic,train,640,640,JPEG,48908,False,,images314
roboflow_counterfeit_med_detection,roboflow\train\FDA-Advisory-No-2022-0611-4_png.rf.5e4d70fef295f42e38e4d6beae63cefd.jpg,counterfeit,train,640,640,JPEG,57096,True,bulletin_graphic_with_baked_in_label_text,FDA-Advisory-No-2022-0611-4
roboflow_counterfeit_med_detection,roboflow\train\images4029_jpg.rf.5fb32d7b2d11998b67e4dc122ddc4ddd.jpg,authentic,train,640,640,JPEG,82897,False,,images4029
roboflow_counterfeit_med_detection,roboflow\train\images302_jpg.rf.5f0ff9281add7dd417883365f108c5b1.jpg,authentic,train,640,640,JPEG,32384,False,,images302
roboflow_counterfeit_med_detection,roboflow\train\images38_jpg.rf.5f76262b491a9123f2d85d4116e758d0.jpg,authentic,train,640,640,JPEG,45846,False,,images38
roboflow_counterfeit_med_detection,roboflow\train\images4047_jpg.rf.5f657be36fe6805dc7b914f813de4cb7.jpg,authentic,train,640,640,JPEG,42498,False,,images4047
roboflow_counterfeit_med_detection,roboflow\train\images4029_jpg.rf.5fbb0b2b9db6150e1c87d43b46136aa3.jpg,authentic,train,640,640,JPEG,83988,False,,images4029
roboflow_counterfeit_med_detection,roboflow\train\images4047_jpg.rf.5fb346f1723985cc274879244e0583ff.jpg,authentic,train,640,640,JPEG,42208,False,,images4047
roboflow_counterfeit_med_detection,roboflow\train\images43_jpg.rf.5f7b38504a58fbacc3e4c1c42999a079.jpg,authentic,train,640,640,JPEG,45554,False,,images43
roboflow_counterfeit_med_detection,roboflow\train\images4095_jpg.rf.5e7fcd8c696d442ebc9c61f2ba89fe8b.jpg,authentic,train,640,640,JPEG,32886,False,,images4095
roboflow_counterfeit_med_detection,roboflow\train\images21_jpg.rf.5ffe7192baaf5fef541e29c87da67af7.jpg,authentic,train,640,640,JPEG,32266,False,,images21
roboflow_counterfeit_med_detection,roboflow\train\138757378_3748083985247628_373855157767140341_n_png.rf.5fc222cf614ecbc73c25b70726490e51.jpg,counterfeit,train,640,640,JPEG,38708,True,bulletin_graphic_with_baked_in_label_text,138757378_3748083985247628_373855157767140341_n
roboflow_counterfeit_med_detection,roboflow\train\images42_jpg.rf.5ed7684d685d323ebbcb805a497b6919.jpg,authentic,train,640,640,JPEG,51078,False,,images42
roboflow_counterfeit_med_detection,roboflow\train\images266_jpg.rf.5ea918c820969140f59df4f1d9a60d38.jpg,authentic,train,640,640,JPEG,32709,False,,images266
roboflow_counterfeit_med_detection,roboflow\train\images4116_jpg.rf.5fa8d953ad0296e2e49f55e5aa5d8103.jpg,authentic,train,640,640,JPEG,24282,False,,images4116
roboflow_counterfeit_med_detection,roboflow\train\images5024_jpg.rf.5ff293822e7371a58a87b1f91aa74f11.jpg,authentic,train,640,640,JPEG,63023,False,,images5024
roboflow_counterfeit_med_detection,roboflow\train\images4061_jpg.rf.5fd12cf77422d8054ee74cedf05a9e7e.jpg,authentic,train,640,640,JPEG,20346,False,,images4061
roboflow_counterfeit_med_detection,roboflow\train\images275_jpg.rf.5f0ca51f11ad82f9965b5d9c14081af7.jpg,authentic,train,640,640,JPEG,30474,False,,images275
roboflow_counterfeit_med_detection,roboflow\train\images252_jpg.rf.600898e8f6aa9e9186b0e73dc3feb4ea.jpg,authentic,train,640,640,JPEG,65879,False,,images252
roboflow_counterfeit_med_detection,roboflow\train\images252_jpg.rf.5ed9943c76908e578c36848a39ee6769.jpg,authentic,train,640,640,JPEG,55131,False,,images252
roboflow_counterfeit_med_detection,roboflow\train\images4033_jpg.rf.6011ab9ede874c1813287fd5dc1f5d28.jpg,authentic,train,640,640,JPEG,61352,False,,images4033
roboflow_counterfeit_med_detection,roboflow\train\images21_jpg.rf.60320388c2530a5572611e1d0effa29a.jpg,authentic,train,640,640,JPEG,35267,False,,images21
roboflow_counterfeit_med_detection,roboflow\train\images352_jpg.rf.6014559dd75a8aa0339404c7ac53d528.jpg,authentic,train,640,640,JPEG,41049,False,,images352
roboflow_counterfeit_med_detection,roboflow\train\images321_jpg.rf.604a338ba28c00471901f9d3b5a4b570.jpg,authentic,train,640,640,JPEG,28623,False,,images321
roboflow_counterfeit_med_detection,roboflow\train\images339_jpg.rf.607584f065490b52cd2b4e1400b77466.jpg,authentic,train,640,640,JPEG,44969,False,,images339
roboflow_counterfeit_med_detection,roboflow\train\images08_jpg.rf.6083940b67819fc1132961d01999cf44.jpg,authentic,train,640,640,JPEG,51663,False,,images08
roboflow_counterfeit_med_detection,roboflow\train\images5034_jpg.rf.60af071c63ed1d5ac1487636a9401a77.jpg,authentic,train,640,640,JPEG,53622,False,,images5034
roboflow_counterfeit_med_detection,roboflow\train\images5046_jpg.rf.60240ad720f45652d2529f9156b47b9d.jpg,authentic,train,640,640,JPEG,33317,False,,images5046
roboflow_counterfeit_med_detection,roboflow\train\images35_jpg.rf.6082315cbec3b24880c28ce93b835fbe.jpg,authentic,train,640,640,JPEG,40802,False,,images35
roboflow_counterfeit_med_detection,roboflow\train\images4095_jpg.rf.614de0eae1908221544ab075525fc98e.jpg,authentic,train,640,640,JPEG,38279,False,,images4095
roboflow_counterfeit_med_detection,roboflow\train\images4029_jpg.rf.60562a0108642ba4e01df858b60a274c.jpg,authentic,train,640,640,JPEG,72551,False,,images4029
roboflow_counterfeit_med_detection,roboflow\train\images218_jpg.rf.6083049373399da830219e711bad0eaa.jpg,authentic,train,640,640,JPEG,34994,False,,images218
roboflow_counterfeit_med_detection,roboflow\train\images5032_jpg.rf.60faaedb9a55fcfdb7cb8ee7c8ed2ab3.jpg,authentic,train,640,640,JPEG,82185,False,,images5032
roboflow_counterfeit_med_detection,roboflow\train\images4085_jpg.rf.60b9c8f50c2266e3b252c7414a543ed6.jpg,authentic,train,640,640,JPEG,61961,False,,images4085
roboflow_counterfeit_med_detection,roboflow\train\images14_jpg.rf.6132c9fe4f16a185f6ece6109c430939.jpg,authentic,train,640,640,JPEG,46967,False,,images14
roboflow_counterfeit_med_detection,roboflow\train\images13_jpg.rf.614589c5943a920e1a44d5e131288b03.jpg,authentic,train,640,640,JPEG,20021,False,,images13
roboflow_counterfeit_med_detection,roboflow\train\images4025_jpg.rf.60e83b0d242b6abdba730e7534e29371.jpg,authentic,train,640,640,JPEG,34912,False,,images4025
roboflow_counterfeit_med_detection,roboflow\train\images5096_jpg.rf.615404e6315c3f2fd4b7a603d0ba5ae6.jpg,authentic,train,640,640,JPEG,57182,False,,images5096
roboflow_counterfeit_med_detection,roboflow\train\images201_jpg.rf.60c10ee23a75f07246b6f736e5739966.jpg,authentic,train,640,640,JPEG,49103,False,,images201
roboflow_counterfeit_med_detection,roboflow\train\images5115_jpg.rf.619f6851e1c78131c70acd84dff54a10.jpg,authentic,train,640,640,JPEG,49722,False,,images5115
roboflow_counterfeit_med_detection,roboflow\train\images5096_jpg.rf.619c842c9a17d5aa814241a61b567c89.jpg,authentic,train,640,640,JPEG,56100,False,,images5096
roboflow_counterfeit_med_detection,roboflow\train\images5116_jpg.rf.6119d5ab5807e552066f7cbf400eaf05.jpg,authentic,train,640,640,JPEG,85983,False,,images5116
roboflow_counterfeit_med_detection,roboflow\train\images266_jpg.rf.60bbfd216b08f38afc646968e562f1d2.jpg,authentic,train,640,640,JPEG,33124,False,,images266
roboflow_counterfeit_med_detection,roboflow\train\images5023_jpg.rf.617b7e32eb0e8f51b26e746fda062bfa.jpg,authentic,train,640,640,JPEG,25430,False,,images5023
roboflow_counterfeit_med_detection,roboflow\train\images33_jpg.rf.6226de4a4f1584a4d9e04b39e0f8bf40.jpg,authentic,train,640,640,JPEG,36426,False,,images33
roboflow_counterfeit_med_detection,roboflow\train\images335_jpg.rf.61caed06dc3cbde4a2bf801610d22fac.jpg,authentic,train,640,640,JPEG,42249,False,,images335
roboflow_counterfeit_med_detection,roboflow\train\images303_jpg.rf.61e6b5fe80e61aa0af8a0b1aadcf6be0.jpg,authentic,train,640,640,JPEG,53146,False,,images303
roboflow_counterfeit_med_detection,roboflow\train\images5117_jpg.rf.62ec4d53a2a14b3cce9e31312a34b89b.jpg,authentic,train,640,640,JPEG,82668,False,,images5117
roboflow_counterfeit_med_detection,roboflow\train\images232_jpg.rf.6275e2b42c1e2ca1abeffbd74538ef45.jpg,authentic,train,640,640,JPEG,47589,False,,images232
roboflow_counterfeit_med_detection,roboflow\train\images244_jpg.rf.62e57cacdf98b5255de6756450bd13e6.jpg,authentic,train,640,640,JPEG,54978,False,,images244
roboflow_counterfeit_med_detection,roboflow\train\FDA-Advisory-No-2022-0611-2_png.rf.62e3666610f34006ad3ea42c27af60cb.jpg,counterfeit,train,640,640,JPEG,59287,True,bulletin_graphic_with_baked_in_label_text,FDA-Advisory-No-2022-0611-2
roboflow_counterfeit_med_detection,roboflow\train\images4040_jpg.rf.62e754063d050d7c75041e02536cebac.jpg,authentic,train,640,640,JPEG,50639,False,,images4040
roboflow_counterfeit_med_detection,roboflow\train\images14_jpg.rf.62a26ed722abe3707e582dde0a8668e2.jpg,authentic,train,640,640,JPEG,50062,False,,images14
roboflow_counterfeit_med_detection,roboflow\train\images4065_jpg.rf.62b47675edbcaec68c60840865a44163.jpg,authentic,train,640,640,JPEG,17864,False,,images4065
roboflow_counterfeit_med_detection,roboflow\train\images04_jpg.rf.61eb6de7deaae10a89cca1839d052f72.jpg,authentic,train,640,640,JPEG,37329,False,,images04
roboflow_counterfeit_med_detection,roboflow\train\2020-1348_10-1-_jpg.rf.61ef91f2704150557d59128334806b09.jpg,counterfeit,train,640,640,JPEG,64753,True,bulletin_graphic_with_baked_in_label_text,2020-1348_10-1-
roboflow_counterfeit_med_detection,roboflow\train\images316_jpg.rf.61cce85e2fe0b0f3a39220148f23da72.jpg,authentic,train,640,640,JPEG,38045,False,,images316
roboflow_counterfeit_med_detection,roboflow\train\images339_jpg.rf.619a7b5ca2e51f4312fa9d85e4e7bef4.jpg,authentic,train,640,640,JPEG,55217,False,,images339
roboflow_counterfeit_med_detection,roboflow\train\images4054_jpg.rf.626300da6b94ef0244e69412cb536e2a.jpg,authentic,train,640,640,JPEG,52301,False,,images4054
roboflow_counterfeit_med_detection,roboflow\train\images227_jpg.rf.627ea82dd11138503c4e10f2f59d6dcd.jpg,authentic,train,640,640,JPEG,22791,False,,images227
roboflow_counterfeit_med_detection,roboflow\train\images4124_jpg.rf.61f9b14029aa0cec06c13350b6784ad1.jpg,authentic,train,640,640,JPEG,42786,False,,images4124
roboflow_counterfeit_med_detection,roboflow\train\images4066_jpg.rf.61d9dd1ab61f6042222a8e7bdc16e0b8.jpg,authentic,train,640,640,JPEG,29323,False,,images4066
roboflow_counterfeit_med_detection,roboflow\train\images5104_jpg.rf.62eedb90e9a7de8c1989a00c4bd31bf5.jpg,authentic,train,640,640,JPEG,45864,False,,images5104
roboflow_counterfeit_med_detection,roboflow\train\images342_jpg.rf.628c04f4a493bc46f2256560a405a0bd.jpg,authentic,train,640,640,JPEG,24184,False,,images342
roboflow_counterfeit_med_detection,roboflow\train\images4069_jpg.rf.62857373090edca00291bcc6e62bbe9b.jpg,authentic,train,640,640,JPEG,40866,False,,images4069
roboflow_counterfeit_med_detection,roboflow\train\images5039_jpg.rf.63546745c483a42c69c2942b6ebfbfc4.jpg,authentic,train,640,640,JPEG,52669,False,,images5039
roboflow_counterfeit_med_detection,roboflow\train\images5045_jpg.rf.6341c9709d4e8bc38d30bd7420d58e04.jpg,authentic,train,640,640,JPEG,43451,False,,images5045
roboflow_counterfeit_med_detection,roboflow\train\images35_jpg.rf.63040219bda93625c4f5c4e5cb23b2c9.jpg,authentic,train,640,640,JPEG,37706,False,,images35
roboflow_counterfeit_med_detection,roboflow\train\images09_jpg.rf.6332a7e168627757775a2d970be8b6da.jpg,authentic,train,640,640,JPEG,47639,False,,images09
roboflow_counterfeit_med_detection,roboflow\train\images13_jpg.rf.63246cdb402e2000551caddc677d149f.jpg,authentic,train,640,640,JPEG,22225,False,,images13
roboflow_counterfeit_med_detection,roboflow\train\images209_jpg.rf.6331d845b885981916183a6c4c103ed4.jpg,authentic,train,640,640,JPEG,40179,False,,images209
roboflow_counterfeit_med_detection,roboflow\train\images264_jpg.rf.635e09341f219cbd3cb7f47e14a521e0.jpg,authentic,train,640,640,JPEG,22515,False,,images264
roboflow_counterfeit_med_detection,roboflow\train\images5100_jpg.rf.63bf95433b984a157ee6257ac2704129.jpg,authentic,train,640,640,JPEG,47042,False,,images5100
roboflow_counterfeit_med_detection,roboflow\train\images351_jpg.rf.638b510ba8138ec05d9904d521138c8a.jpg,authentic,train,640,640,JPEG,46811,False,,images351
roboflow_counterfeit_med_detection,roboflow\train\images4092_jpg.rf.637891c9c24be899ce19b37fb686c46c.jpg,authentic,train,640,640,JPEG,27762,False,,images4092
roboflow_counterfeit_med_detection,roboflow\train\images4025_jpg.rf.6366d835f7a1c91e830323a5812c4e18.jpg,authentic,train,640,640,JPEG,28164,False,,images4025
roboflow_counterfeit_med_detection,roboflow\train\images4093_jpg.rf.63ed67cca5f44124946c3c03850be4dc.jpg,authentic,train,640,640,JPEG,28390,False,,images4093
roboflow_counterfeit_med_detection,roboflow\train\images4124_jpg.rf.63ec22aa873ec1107273c5fe0ffb5b66.jpg,authentic,train,640,640,JPEG,46998,False,,images4124
roboflow_counterfeit_med_detection,roboflow\train\images4047_jpg.rf.64bd31033aaaa8cf7d504a172f8155ab.jpg,authentic,train,640,640,JPEG,61176,False,,images4047
roboflow_counterfeit_med_detection,roboflow\train\images263_jpg.rf.63ccf958831231ef72043c987c7bb35a.jpg,authentic,train,640,640,JPEG,33086,False,,images263
roboflow_counterfeit_med_detection,roboflow\train\images348_jpg.rf.64064b31fa740cfa068992531f1e2174.jpg,authentic,train,640,640,JPEG,31801,False,,images348
roboflow_counterfeit_med_detection,roboflow\train\images5100_jpg.rf.63b1e7ea86aa9c04580e010141008928.jpg,authentic,train,640,640,JPEG,51807,False,,images5100
roboflow_counterfeit_med_detection,roboflow\train\images4074_jpg.rf.64b4fe040816853a189999a9a7afecbb.jpg,authentic,train,640,640,JPEG,33381,False,,images4074
roboflow_counterfeit_med_detection,roboflow\train\FDA-Advisory-No-2022-0611-26_png.rf.6449d2673a621d639c3b4b2df57b7439.jpg,counterfeit,train,640,640,JPEG,47274,True,bulletin_graphic_with_baked_in_label_text,FDA-Advisory-No-2022-0611-26
roboflow_counterfeit_med_detection,roboflow\train\images231_jpg.rf.643c6f8b9ad1d4a1ce8f9db2d941ee0b.jpg,authentic,train,640,640,JPEG,39148,False,,images231
roboflow_counterfeit_med_detection,roboflow\train\images4045_jpg.rf.64309f59ce393830e382dfbf9356d019.jpg,authentic,train,640,640,JPEG,44906,False,,images4045
roboflow_counterfeit_med_detection,roboflow\train\FDA-Advisory-No-2022-0611-11_png.rf.64890779581debcca2fe8924b52d74cd.jpg,authentic,train,640,640,JPEG,53118,True,bulletin_graphic_with_baked_in_label_text,FDA-Advisory-No-2022-0611-11
roboflow_counterfeit_med_detection,roboflow\train\images15_jpg.rf.64416b2df4b8f6034b3f7a7bb686a83f.jpg,authentic,train,640,640,JPEG,33094,False,,images15
roboflow_counterfeit_med_detection,roboflow\train\images5106_jpg.rf.64c1dded7006f01b95d5b9cb48f53f2b.jpg,authentic,train,640,640,JPEG,56453,False,,images5106
roboflow_counterfeit_med_detection,roboflow\train\images4025_jpg.rf.6499a6bd9fcb5dc9fea4d3ca7dbbba88.jpg,authentic,train,640,640,JPEG,34276,False,,images4025
roboflow_counterfeit_med_detection,roboflow\train\images242_jpg.rf.6491588ceb6d112b0c2f2f98130bdeb3.jpg,authentic,train,640,640,JPEG,50890,False,,images242
roboflow_counterfeit_med_detection,roboflow\train\images5063_jpg.rf.646e5b80148ec0dfd12bceeb6e498bd7.jpg,authentic,train,640,640,JPEG,24745,False,,images5063
roboflow_counterfeit_med_detection,roboflow\train\images29_jpg.rf.64a96055219ffff7b3e4e769692e3c3b.jpg,authentic,train,640,640,JPEG,35454,False,,images29
roboflow_counterfeit_med_detection,roboflow\train\images5032_jpg.rf.639521caf29819a540e1f0bc56bbfe77.jpg,authentic,train,640,640,JPEG,91973,False,,images5032
roboflow_counterfeit_med_detection,roboflow\train\images4093_jpg.rf.63c8688b9c8930554a8391d8edb220e2.jpg,authentic,train,640,640,JPEG,33120,False,,images4093
roboflow_counterfeit_med_detection,roboflow\train\images4066_jpg.rf.649652d276968f5ac4830748dad7e246.jpg,authentic,train,640,640,JPEG,28996,False,,images4066
roboflow_counterfeit_med_detection,roboflow\train\images33_jpg.rf.64c44fed57e14e8c1e61397dca8fca87.jpg,authentic,train,640,640,JPEG,36961,False,,images33
roboflow_counterfeit_med_detection,roboflow\train\images4085_jpg.rf.65017b227e49732567eb461d5a03522b.jpg,authentic,train,640,640,JPEG,64593,False,,images4085
roboflow_counterfeit_med_detection,roboflow\train\images4082_jpg.rf.64c58dcbc4ade68de53b91764b813188.jpg,authentic,train,640,640,JPEG,39630,False,,images4082
roboflow_counterfeit_med_detection,roboflow\train\images4064_jpg.rf.64da0d39ce424a48d2641a333ca614ad.jpg,authentic,train,640,640,JPEG,37336,False,,images4064
roboflow_counterfeit_med_detection,roboflow\train\images5058_jpg.rf.6503876cc35db3eabfc2967e6a7a81e9.jpg,authentic,train,640,640,JPEG,66761,False,,images5058
roboflow_counterfeit_med_detection,roboflow\train\images4069_jpg.rf.66217c0fbf0006ac0e482f10df14b393.jpg,authentic,train,640,640,JPEG,46771,False,,images4069
roboflow_counterfeit_med_detection,roboflow\train\images258_jpg.rf.65cd8ba4643af0050c298f6b9ecb24bb.jpg,authentic,train,640,640,JPEG,58806,False,,images258
roboflow_counterfeit_med_detection,roboflow\train\images5045_jpg.rf.65e61e7e42f531294bdf53e5b1eddaa0.jpg,authentic,train,640,640,JPEG,39252,False,,images5045
roboflow_counterfeit_med_detection,roboflow\train\images4029_jpg.rf.6581e631afa0e0e999b664581ec5b637.jpg,authentic,train,640,640,JPEG,73405,False,,images4029
roboflow_counterfeit_med_detection,roboflow\train\images348_jpg.rf.65dab161b221c67906b2983be5fecf67.jpg,authentic,train,640,640,JPEG,33245,False,,images348
roboflow_counterfeit_med_detection,roboflow\train\images258_jpg.rf.666bcf1c8e80c43b98419bb81a017d33.jpg,authentic,train,640,640,JPEG,75288,False,,images258
roboflow_counterfeit_med_detection,roboflow\train\images4116_jpg.rf.657706c52a9890de4e6493f8edb912c8.jpg,authentic,train,640,640,JPEG,33464,False,,images4116
roboflow_counterfeit_med_detection,roboflow\train\images323_jpg.rf.664e21f9b94c6fb468491f9b3a4337ed.jpg,authentic,train,640,640,JPEG,29722,False,,images323
roboflow_counterfeit_med_detection,roboflow\train\images245_jpg.rf.65ab7fd84ca58159dffa0c1ba6e574ba.jpg,authentic,train,640,640,JPEG,30945,False,,images245
roboflow_counterfeit_med_detection,roboflow\train\images5117_jpg.rf.66a638066ae3ccab18f87d927dc85433.jpg,authentic,train,640,640,JPEG,74845,False,,images5117
roboflow_counterfeit_med_detection,roboflow\train\images4035_jpg.rf.65887d073009a056b4994bc68b011b84.jpg,authentic,train,640,640,JPEG,74026,False,,images4035
roboflow_counterfeit_med_detection,roboflow\train\images5063_jpg.rf.65c86ff5f7d1e2d3a185949be046df5c.jpg,authentic,train,640,640,JPEG,24110,False,,images5063
roboflow_counterfeit_med_detection,roboflow\train\images212_jpg.rf.66aab61517702512d5fcb4696eb88fac.jpg,authentic,train,640,640,JPEG,28883,False,,images212
roboflow_counterfeit_med_detection,roboflow\train\images5041_jpg.rf.6625cb1bdf119824b6b455677b37ff25.jpg,authentic,train,640,640,JPEG,78200,False,,images5041
roboflow_counterfeit_med_detection,roboflow\train\images5041_jpg.rf.65aea9fc14b769ae7ac4641ab35df02d.jpg,authentic,train,640,640,JPEG,77485,False,,images5041
roboflow_counterfeit_med_detection,roboflow\train\images38_jpg.rf.65d46a423391a5fbb7e6312daf8a3d25.jpg,authentic,train,640,640,JPEG,44874,False,,images38
roboflow_counterfeit_med_detection,roboflow\train\images5041_jpg.rf.65d644c2b13385f60c8b60f63bd22fef.jpg,authentic,train,640,640,JPEG,78108,False,,images5041
roboflow_counterfeit_med_detection,roboflow\train\images265_jpg.rf.66853099cf8813f410950d022db82f00.jpg,authentic,train,640,640,JPEG,42776,False,,images265
roboflow_counterfeit_med_detection,roboflow\train\images348_jpg.rf.65521d43af4c0893fefef9b7bd8fe21b.jpg,authentic,train,640,640,JPEG,28859,False,,images348
roboflow_counterfeit_med_detection,roboflow\train\images46_jpg.rf.6558eb0918ccd8070a7b4376f8a0110d.jpg,authentic,train,640,640,JPEG,23118,False,,images46
roboflow_counterfeit_med_detection,roboflow\train\images4064_jpg.rf.655482aa24870cb2403bb9ddd1b869fc.jpg,authentic,train,640,640,JPEG,26882,False,,images4064
roboflow_counterfeit_med_detection,roboflow\train\images4065_jpg.rf.657523219f4634143077d4a4057da025.jpg,authentic,train,640,640,JPEG,15243,False,,images4065
roboflow_counterfeit_med_detection,roboflow\train\images256_jpg.rf.66f1243e21f97ba8276efa711b2d4413.jpg,authentic,train,640,640,JPEG,48902,False,,images256
roboflow_counterfeit_med_detection,roboflow\train\images4044_jpg.rf.66bdd5af83fcd0748842e0079b1e10f7.jpg,authentic,train,640,640,JPEG,65097,False,,images4044
roboflow_counterfeit_med_detection,roboflow\train\images4063_jpg.rf.65c7246e742d72b1dcabae942b77e426.jpg,authentic,train,640,640,JPEG,24565,False,,images4063
roboflow_counterfeit_med_detection,roboflow\train\images5031_jpg.rf.65440ec84e95a9c996b6b39fb5837300.jpg,authentic,train,640,640,JPEG,31730,False,,images5031
roboflow_counterfeit_med_detection,roboflow\train\images5046_jpg.rf.66b81810a1ddd8c477624fb5a526977c.jpg,authentic,train,640,640,JPEG,39217,False,,images5046
roboflow_counterfeit_med_detection,roboflow\train\images5034_jpg.rf.66c94b397d04139d67c377541c4b0a36.jpg,authentic,train,640,640,JPEG,55039,False,,images5034
roboflow_counterfeit_med_detection,roboflow\train\images4120_jpg.rf.66d943d8a85a4f15a6edee8e3411551c.jpg,authentic,train,640,640,JPEG,39026,False,,images4120
roboflow_counterfeit_med_detection,roboflow\train\images4033_jpg.rf.66ac540de7a79829df03b7e5698f43c1.jpg,authentic,train,640,640,JPEG,66689,False,,images4033
roboflow_counterfeit_med_detection,roboflow\train\images5045_jpg.rf.65bf93c81f5e63d4375634d1427b9af1.jpg,authentic,train,640,640,JPEG,42631,False,,images5045
roboflow_counterfeit_med_detection,roboflow\train\images4058_jpg.rf.66c7971f4863750925c282015c1eec1d.jpg,authentic,train,640,640,JPEG,34751,False,,images4058
roboflow_counterfeit_med_detection,roboflow\train\images219_jpg.rf.66c472d5d37ba7e37ff2821cb61fc972.jpg,authentic,train,640,640,JPEG,53047,False,,images219
roboflow_counterfeit_med_detection,roboflow\train\images5111_jpg.rf.6737f761227fd3a503a616ccdc2e0bbc.jpg,authentic,train,640,640,JPEG,41458,False,,images5111
roboflow_counterfeit_med_detection,roboflow\train\images4074_jpg.rf.671fb30920755468af67c00274b0cf0a.jpg,authentic,train,640,640,JPEG,43220,False,,images4074
roboflow_counterfeit_med_detection,roboflow\train\images340_jpg.rf.66f4c42ad4b6e49802d5c31875e39ddb.jpg,authentic,train,640,640,JPEG,52030,False,,images340
roboflow_counterfeit_med_detection,roboflow\train\images4060_jpg.rf.66f9c4a758b7b54ae062b879e4e11b67.jpg,authentic,train,640,640,JPEG,51531,False,,images4060
roboflow_counterfeit_med_detection,roboflow\train\images4061_jpg.rf.679dd550d06aa299800193bc8d9be408.jpg,authentic,train,640,640,JPEG,25129,False,,images4061
roboflow_counterfeit_med_detection,roboflow\train\images36_jpg.rf.678e87bcd285e8cd825613a9e6a4b278.jpg,authentic,train,640,640,JPEG,29641,False,,images36
roboflow_counterfeit_med_detection,roboflow\train\images226_jpg.rf.6792e6bb1a715f645243ac3afebc9266.jpg,authentic,train,640,640,JPEG,35954,False,,images226
roboflow_counterfeit_med_detection,roboflow\train\images241_jpg.rf.67d23a0ebd75054b9182bcf0b1af63b8.jpg,authentic,train,640,640,JPEG,50608,False,,images241
roboflow_counterfeit_med_detection,roboflow\train\images206_jpg.rf.67d551ef431383138187c40fdc16ed66.jpg,authentic,train,640,640,JPEG,36399,False,,images206
roboflow_counterfeit_med_detection,roboflow\train\FDA-Advisory-No-2021-3535-3-1536x862-1_jpg.rf.67e7a8b3b52e696d7938f5f96c0c9ca4.jpg,ambiguous,train,640,640,JPEG,46978,True,dual_label_contradiction,FDA-Advisory-No-2021-3535-3-1536x862-1
roboflow_counterfeit_med_detection,roboflow\train\images5127_jpg.rf.67f778491b6cbb1dc5a54e2601200b97.jpg,authentic,train,640,640,JPEG,49669,False,,images5127
roboflow_counterfeit_med_detection,roboflow\train\images14_jpg.rf.6773b566b1b2ef6e2b77f8d271382607.jpg,authentic,train,640,640,JPEG,44018,False,,images14
roboflow_counterfeit_med_detection,roboflow\train\images5127_jpg.rf.683a69e2c0b6f13490675ab27014847a.jpg,authentic,train,640,640,JPEG,46382,False,,images5127
roboflow_counterfeit_med_detection,roboflow\train\images351_jpg.rf.6858cf65ee17f69120bcd7b39b01b3d9.jpg,authentic,train,640,640,JPEG,49694,False,,images351
roboflow_counterfeit_med_detection,roboflow\train\images4033_jpg.rf.68664ef2c9a0e61ffe777a82544a1d4e.jpg,authentic,train,640,640,JPEG,72355,False,,images4033
roboflow_counterfeit_med_detection,roboflow\train\images257_jpg.rf.6849182315dafc65075a00f0dbe28709.jpg,authentic,train,640,640,JPEG,26401,False,,images257
roboflow_counterfeit_med_detection,roboflow\train\images4088_jpg.rf.6856dbba3cb4874181290c597bf32571.jpg,authentic,train,640,640,JPEG,28011,False,,images4088
roboflow_counterfeit_med_detection,roboflow\train\images340_jpg.rf.684c6a88d1dc25df5ed80769c294b819.jpg,authentic,train,640,640,JPEG,34688,False,,images340
roboflow_counterfeit_med_detection,roboflow\train\images5087_jpg.rf.689bccd96348c5b755da6f8eb26d78c3.jpg,authentic,train,640,640,JPEG,26276,False,,images5087
roboflow_counterfeit_med_detection,roboflow\train\images4048_jpg.rf.67f98c72e0e750a8e9a189780cabf942.jpg,authentic,train,640,640,JPEG,38521,False,,images4048
roboflow_counterfeit_med_detection,roboflow\train\images351_jpg.rf.67d6896848820cd392d96b4134f33ed1.jpg,authentic,train,640,640,JPEG,47252,False,,images351
roboflow_counterfeit_med_detection,roboflow\train\images35_jpg.rf.68bcbdd8fdff7b13b70408823182d196.jpg,authentic,train,640,640,JPEG,44127,False,,images35
roboflow_counterfeit_med_detection,roboflow\train\images312_jpg.rf.689888cc700583e8929140b458bd43e5.jpg,authentic,train,640,640,JPEG,52379,False,,images312
roboflow_counterfeit_med_detection,roboflow\train\images254_jpg.rf.68f0922683db02b3e454b00113dcd332.jpg,authentic,train,640,640,JPEG,45716,False,,images254
roboflow_counterfeit_med_detection,roboflow\train\images35_jpg.rf.67e47e801722a96dd21bc8b95e17dd3d.jpg,authentic,train,640,640,JPEG,38978,False,,images35
roboflow_counterfeit_med_detection,roboflow\train\images5095_jpg.rf.687472c2d569f37c133d97e4ff199df6.jpg,authentic,train,640,640,JPEG,55229,False,,images5095
roboflow_counterfeit_med_detection,roboflow\train\images4085_jpg.rf.688c607cc556c8820e55d0dcd675b828.jpg,authentic,train,640,640,JPEG,64363,False,,images4085
roboflow_counterfeit_med_detection,roboflow\train\images5052_jpg.rf.68850f2d50b7150fab3aa4d277c4678e.jpg,authentic,train,640,640,JPEG,74458,False,,images5052
roboflow_counterfeit_med_detection,roboflow\train\images213_jpg.rf.6913e625c37f756821fdeb829367c319.jpg,authentic,train,640,640,JPEG,47893,False,,images213
roboflow_counterfeit_med_detection,roboflow\train\images4046_jpg.rf.691e8439b78ea8356fbd3893b767106b.jpg,authentic,train,640,640,JPEG,103037,False,,images4046
roboflow_counterfeit_med_detection,roboflow\train\images338_jpg.rf.695a6a827d5af265e9dcb62f3e9d8d15.jpg,authentic,train,640,640,JPEG,43658,False,,images338
roboflow_counterfeit_med_detection,roboflow\train\2020-1348_23_jpg.rf.6925d69fe7915fa135e25832c569afa8.jpg,counterfeit,train,640,640,JPEG,55486,True,bulletin_graphic_with_baked_in_label_text,2020-1348_23
roboflow_counterfeit_med_detection,roboflow\train\images5067_jpg.rf.69bbd5eee73e3bea97cd66ed71f704bc.jpg,authentic,train,640,640,JPEG,45049,False,,images5067
roboflow_counterfeit_med_detection,roboflow\train\images236_jpg.rf.69fa25a2054ce7558534101e02f942c5.jpg,authentic,train,640,640,JPEG,51145,False,,images236
roboflow_counterfeit_med_detection,roboflow\train\images4029_jpg.rf.69bbe9db9e8d52b27f2a95fa25c02cb0.jpg,authentic,train,640,640,JPEG,78709,False,,images4029
roboflow_counterfeit_med_detection,roboflow\train\images4025_jpg.rf.69f4d7a9a2cdd076b4869776bfe5910f.jpg,authentic,train,640,640,JPEG,22345,False,,images4025
roboflow_counterfeit_med_detection,roboflow\train\images212_jpg.rf.6a197c96c2ef5bf178a7e6b286fa7b15.jpg,authentic,train,640,640,JPEG,31265,False,,images212
roboflow_counterfeit_med_detection,roboflow\train\images301_jpg.rf.69a38597ec9b7165945e5f262f41f623.jpg,authentic,train,640,640,JPEG,30357,False,,images301
roboflow_counterfeit_med_detection,roboflow\train\images4031_jpg.rf.69e8fd85bdbcf7d2a42f4f6df3524bfd.jpg,authentic,train,640,640,JPEG,32244,False,,images4031
roboflow_counterfeit_med_detection,roboflow\train\images5098_jpg.rf.6accc776e25e9214eb452da558495467.jpg,authentic,train,640,640,JPEG,67283,False,,images5098
roboflow_counterfeit_med_detection,roboflow\train\images37_jpg.rf.6a280ed0e95c6ab3bf916501e8a5ef81.jpg,authentic,train,640,640,JPEG,29857,False,,images37
roboflow_counterfeit_med_detection,roboflow\train\images5115_jpg.rf.6aba013eeff8090e7133b2c3d9b2f211.jpg,authentic,train,640,640,JPEG,41154,False,,images5115
roboflow_counterfeit_med_detection,roboflow\train\images5071_jpg.rf.6a5487512f5f2b551f30a71ad8b62933.jpg,authentic,train,640,640,JPEG,43626,False,,images5071
roboflow_counterfeit_med_detection,roboflow\train\images5098_jpg.rf.6a2c855b646946fac3d667b9e09d30b0.jpg,authentic,train,640,640,JPEG,42959,False,,images5098
roboflow_counterfeit_med_detection,roboflow\train\FDA-Advisory-No-2022-0273-7_png.rf.6ac13676ae190cfd334389703cfc1e7d.jpg,ambiguous,train,640,640,JPEG,67306,True,dual_label_contradiction,FDA-Advisory-No-2022-0273-7
roboflow_counterfeit_med_detection,roboflow\train\images4038_jpg.rf.695ca6dfdf53a03d829175bb9fe9714e.jpg,authentic,train,640,640,JPEG,60175,False,,images4038
roboflow_counterfeit_med_detection,roboflow\train\images4038_jpg.rf.6a644f836d7f655c79f5c29eb423ede6.jpg,authentic,train,640,640,JPEG,56259,False,,images4038
roboflow_counterfeit_med_detection,roboflow\train\images4048_jpg.rf.6afaf6d8e837c2ac7d785abcbd488d40.jpg,authentic,train,640,640,JPEG,41431,False,,images4048
roboflow_counterfeit_med_detection,roboflow\train\images301_jpg.rf.6ae23071b1c3a04335ac87e58a35ce55.jpg,authentic,train,640,640,JPEG,35579,False,,images301
roboflow_counterfeit_med_detection,roboflow\train\FDA-Advisory-No-2022-0611-14_png.rf.69b3aa7ef7152f6aa58708d47c765a2b.jpg,counterfeit,train,640,640,JPEG,50594,True,bulletin_graphic_with_baked_in_label_text,FDA-Advisory-No-2022-0611-14
roboflow_counterfeit_med_detection,roboflow\train\images351_jpg.rf.6a4759af1a898b55f2a24dfadd26cdfe.jpg,authentic,train,640,640,JPEG,40418,False,,images351
roboflow_counterfeit_med_detection,roboflow\train\images340_jpg.rf.6b4757d813a94b9aaa06c39aeaed5227.jpg,authentic,train,640,640,JPEG,48012,False,,images340
roboflow_counterfeit_med_detection,roboflow\train\images312_jpg.rf.6b0a3aa6014fd86d3320fc9ddf3934b9.jpg,authentic,train,640,640,JPEG,43386,False,,images312
roboflow_counterfeit_med_detection,roboflow\train\images4061_jpg.rf.6b3e49eec92ad8f4909d13c7225224f9.jpg,authentic,train,640,640,JPEG,25942,False,,images4061
roboflow_counterfeit_med_detection,roboflow\train\images4081_jpg.rf.6b294f191b4878ba14c11e747e060ce5.jpg,authentic,train,640,640,JPEG,31793,False,,images4081
roboflow_counterfeit_med_detection,roboflow\train\images5104_jpg.rf.6afe4202feaa8644adc462793537cec4.jpg,authentic,train,640,640,JPEG,47750,False,,images5104
roboflow_counterfeit_med_detection,roboflow\train\images4044_jpg.rf.6b43f3b2656fe4f6f9d83d816c5aece7.jpg,authentic,train,640,640,JPEG,64457,False,,images4044
roboflow_counterfeit_med_detection,roboflow\train\images5080_jpg.rf.6b5f4e993cbbcd3e4d758c8bbd1328c6.jpg,authentic,train,640,640,JPEG,38234,False,,images5080
roboflow_counterfeit_med_detection,roboflow\train\images4120_jpg.rf.6b636f32b710c2d0c19289dc44093c14.jpg,authentic,train,640,640,JPEG,44354,False,,images4120
roboflow_counterfeit_med_detection,roboflow\train\images258_jpg.rf.6ac9f8a80248c210bf13c3efd40ee1ac.jpg,authentic,train,640,640,JPEG,72538,False,,images258
roboflow_counterfeit_med_detection,roboflow\train\images218_jpg.rf.6b8266e65d713d0575e4f4b234e34f5b.jpg,authentic,train,640,640,JPEG,36602,False,,images218
roboflow_counterfeit_med_detection,roboflow\train\images14_jpg.rf.6b91a46b55d8bc05005102f07ff119c9.jpg,authentic,train,640,640,JPEG,43042,False,,images14
roboflow_counterfeit_med_detection,roboflow\train\images14_jpg.rf.6b831cafe02cc93d261f27eb2480756e.jpg,authentic,train,640,640,JPEG,48445,False,,images14
roboflow_counterfeit_med_detection,roboflow\train\images351_jpg.rf.6bdaa99b827d96dc89f57134f1aa1b97.jpg,authentic,train,640,640,JPEG,49573,False,,images351
roboflow_counterfeit_med_detection,roboflow\train\images4039_jpg.rf.6baf7b3bd7c130f38d3845f4cb216ad2.jpg,authentic,train,640,640,JPEG,51730,False,,images4039
roboflow_counterfeit_med_detection,roboflow\train\images4094_jpg.rf.6bffa345f76ea6cccf380ff1f05d9e9d.jpg,authentic,train,640,640,JPEG,19447,False,,images4094
roboflow_counterfeit_med_detection,roboflow\train\images5069_jpg.rf.6bd145114d8b2868c06abe4b9ceb789d.jpg,authentic,train,640,640,JPEG,73457,False,,images5069
roboflow_counterfeit_med_detection,roboflow\train\images4029_jpg.rf.6c572ff2d600eaa7827eed6d74602b25.jpg,authentic,train,640,640,JPEG,73500,False,,images4029
roboflow_counterfeit_med_detection,roboflow\train\images5085_jpg.rf.6bd37990fc258bf1617d010ed7918c9a.jpg,authentic,train,640,640,JPEG,44144,False,,images5085
roboflow_counterfeit_med_detection,roboflow\train\images15_jpg.rf.6bd5a9cdccf62fc6b5669f68cfea283e.jpg,authentic,train,640,640,JPEG,39510,False,,images15
roboflow_counterfeit_med_detection,roboflow\train\images4088_jpg.rf.6c650b21d0cbc429a3f415e83fc66a7d.jpg,authentic,train,640,640,JPEG,28224,False,,images4088
roboflow_counterfeit_med_detection,roboflow\train\images254_jpg.rf.6c43cc8e6aa10fef2c60d6e76abea5c9.jpg,authentic,train,640,640,JPEG,46141,False,,images254
roboflow_counterfeit_med_detection,roboflow\train\images255_jpg.rf.6bf75ec2171b78db44200fe25b750e7f.jpg,authentic,train,640,640,JPEG,33929,False,,images255
roboflow_counterfeit_med_detection,roboflow\train\images4040_jpg.rf.6c0002bdbe778ed3b4c87709fa18a165.jpg,authentic,train,640,640,JPEG,88248,False,,images4040
roboflow_counterfeit_med_detection,roboflow\train\images4042_jpg.rf.6be714fcc4eb34eb78c4ce4248e93301.jpg,authentic,train,640,640,JPEG,33788,False,,images4042
roboflow_counterfeit_med_detection,roboflow\train\images43_jpg.rf.6c6a9d0d2b7fad1003039767c6173cc3.jpg,authentic,train,640,640,JPEG,40528,False,,images43
roboflow_counterfeit_med_detection,roboflow\train\images276_jpg.rf.6c5f53cab277dfaff3847cf1b43b29ab.jpg,authentic,train,640,640,JPEG,25388,False,,images276
roboflow_counterfeit_med_detection,roboflow\train\images231_jpg.rf.6c64d91e2f286062b4b63cb627e7a35a.jpg,authentic,train,640,640,JPEG,38808,False,,images231
roboflow_counterfeit_med_detection,roboflow\train\images4046_jpg.rf.6c537ee4d7711975c97099178c541462.jpg,authentic,train,640,640,JPEG,100584,False,,images4046
roboflow_counterfeit_med_detection,roboflow\train\images4046_jpg.rf.6c00c6fa87af997becb15f37307fb66c.jpg,authentic,train,640,640,JPEG,91280,False,,images4046
roboflow_counterfeit_med_detection,roboflow\train\images5098_jpg.rf.6c5adc49a9607944d7401bd281e4f05c.jpg,authentic,train,640,640,JPEG,61759,False,,images5098
roboflow_counterfeit_med_detection,roboflow\train\images302_jpg.rf.6c89d9bcd8bc780ccd20f69832377317.jpg,authentic,train,640,640,JPEG,38351,False,,images302
roboflow_counterfeit_med_detection,roboflow\train\images11_jpg.rf.6c7c34872f48e6fd68a07cc61cf65121.jpg,authentic,train,640,640,JPEG,67392,False,,images11
roboflow_counterfeit_med_detection,roboflow\train\images4085_jpg.rf.6c6d2a337e9dff66e6000e02ac40a9db.jpg,authentic,train,640,640,JPEG,66271,False,,images4085
roboflow_counterfeit_med_detection,roboflow\train\images5060_jpg.rf.6cbbcf948c0034618361303185d6eeda.jpg,authentic,train,640,640,JPEG,42020,False,,images5060
roboflow_counterfeit_med_detection,roboflow\train\images257_jpg.rf.6cb488d8652811dfd12f1df854adb112.jpg,authentic,train,640,640,JPEG,30435,False,,images257
roboflow_counterfeit_med_detection,roboflow\train\images4065_jpg.rf.6c6f54015724650897d6fd3b4304255d.jpg,authentic,train,640,640,JPEG,20498,False,,images4065
roboflow_counterfeit_med_detection,roboflow\train\images225_jpg.rf.6bdbd7962913639a6e5496a93eeec728.jpg,authentic,train,640,640,JPEG,53014,False,,images225
roboflow_counterfeit_med_detection,roboflow\train\images5023_jpg.rf.6cafba7396fc5a7c2302f22a6dfda7c0.jpg,authentic,train,640,640,JPEG,33180,False,,images5023
roboflow_counterfeit_med_detection,roboflow\train\2020-1348_24_jpg.rf.6cbdce2fc8e03b0b6c55af349cdd73e7.jpg,counterfeit,train,640,640,JPEG,60274,True,bulletin_graphic_with_baked_in_label_text,2020-1348_24
roboflow_counterfeit_med_detection,roboflow\train\images5080_jpg.rf.6d1ed5c0cebebb1bad08285a3bd3ff32.jpg,authentic,train,640,640,JPEG,46792,False,,images5080
roboflow_counterfeit_med_detection,roboflow\train\images35_jpg.rf.6d2e59d0a8e5be3f901ee513e6378de0.jpg,authentic,train,640,640,JPEG,42127,False,,images35
roboflow_counterfeit_med_detection,roboflow\train\images5112_jpg.rf.6ce38feff51c44e33f2f84035bd3abff.jpg,authentic,train,640,640,JPEG,43940,False,,images5112
roboflow_counterfeit_med_detection,roboflow\train\images4081_jpg.rf.6cf624b35e658bc9bd5ca80f2122fc65.jpg,authentic,train,640,640,JPEG,34971,False,,images4081
roboflow_counterfeit_med_detection,roboflow\train\images4064_jpg.rf.6cdf9898e72b209709eb83f4299a2418.jpg,authentic,train,640,640,JPEG,36960,False,,images4064
roboflow_counterfeit_med_detection,roboflow\train\images5030_jpg.rf.6d4ce26a0d34c2245d2d25f4b01fe9d5.jpg,authentic,train,640,640,JPEG,40311,False,,images5030
roboflow_counterfeit_med_detection,roboflow\train\images46_jpg.rf.6d064d0b6c4b724d36e77243e77a2e03.jpg,authentic,train,640,640,JPEG,27293,False,,images46
roboflow_counterfeit_med_detection,roboflow\train\images226_jpg.rf.6da172492e1c3cb443bea8d5a685785a.jpg,authentic,train,640,640,JPEG,32471,False,,images226
roboflow_counterfeit_med_detection,roboflow\train\images349_jpg.rf.6db035bb53e6d6a11a0c5a7cdd9e1bf2.jpg,authentic,train,640,640,JPEG,50053,False,,images349
roboflow_counterfeit_med_detection,roboflow\train\images4090_jpg.rf.6d6bb6ce5fab3e572db21fb258ebad82.jpg,authentic,train,640,640,JPEG,25943,False,,images4090
roboflow_counterfeit_med_detection,roboflow\train\images201_jpg.rf.6d5af0e2646e99111227ba11fd9a9848.jpg,authentic,train,640,640,JPEG,49632,False,,images201
roboflow_counterfeit_med_detection,roboflow\train\images5035_jpg.rf.6dd912d5ee36ab02a34ed4600fc51503.jpg,authentic,train,640,640,JPEG,35436,False,,images5035
roboflow_counterfeit_med_detection,roboflow\train\images5069_jpg.rf.6d54f645fac678f48473eecc3efc17c9.jpg,authentic,train,640,640,JPEG,71307,False,,images5069
roboflow_counterfeit_med_detection,roboflow\train\images5060_jpg.rf.6dd649605044e1344a483374c3936140.jpg,authentic,train,640,640,JPEG,32926,False,,images5060
roboflow_counterfeit_med_detection,roboflow\train\images4124_jpg.rf.6d8c6143c54bb7bc791a9b60ef1d4368.jpg,authentic,train,640,640,JPEG,40838,False,,images4124
roboflow_counterfeit_med_detection,roboflow\train\FDA-Advisory-No-2022-0611-3_png.rf.6d3186a9ce1d6bce6e773bb5b4769e1f.jpg,authentic,train,640,640,JPEG,46111,True,bulletin_graphic_with_baked_in_label_text,FDA-Advisory-No-2022-0611-3
roboflow_counterfeit_med_detection,roboflow\train\images33_jpg.rf.6d783386ee2a2be66a382e6839565572.jpg,authentic,train,640,640,JPEG,37628,False,,images33
roboflow_counterfeit_med_detection,roboflow\train\images4120_jpg.rf.6d7c32d44016430579f9643fba67b757.jpg,authentic,train,640,640,JPEG,34212,False,,images4120
roboflow_counterfeit_med_detection,roboflow\train\images232_jpg.rf.6df3b20334f97a47aac01016dfdc0177.jpg,authentic,train,640,640,JPEG,39437,False,,images232
roboflow_counterfeit_med_detection,roboflow\train\images5115_jpg.rf.6e0465bb2bc620becd556c9ec584f834.jpg,authentic,train,640,640,JPEG,38653,False,,images5115
roboflow_counterfeit_med_detection,roboflow\train\images351_jpg.rf.6dde57521b4081ac860de6fa26d7e5a3.jpg,authentic,train,640,640,JPEG,45699,False,,images351
roboflow_counterfeit_med_detection,roboflow\train\images4064_jpg.rf.6e0b24269438f8c93aeeebe197af47ef.jpg,authentic,train,640,640,JPEG,29463,False,,images4064
roboflow_counterfeit_med_detection,roboflow\train\images227_jpg.rf.6e0469db094c1082e3b301ae750e2223.jpg,authentic,train,640,640,JPEG,31494,False,,images227
roboflow_counterfeit_med_detection,roboflow\train\images37_jpg.rf.6dedcc2e18f423a02d9e31d9132056da.jpg,authentic,train,640,640,JPEG,29591,False,,images37
roboflow_counterfeit_med_detection,roboflow\train\images4031_jpg.rf.6de2b574cdb820be5e298b28b28e8352.jpg,authentic,train,640,640,JPEG,31713,False,,images4031
roboflow_counterfeit_med_detection,roboflow\train\images4044_jpg.rf.6d7723f047dde28c1c8bb053314cd054.jpg,authentic,train,640,640,JPEG,63878,False,,images4044
roboflow_counterfeit_med_detection,roboflow\train\images23_jpg.rf.6e42f74bf06774763cdb46bd08a4325a.jpg,authentic,train,640,640,JPEG,31646,False,,images23
roboflow_counterfeit_med_detection,roboflow\train\images4065_jpg.rf.6e2d676de348ec3a0b899b7b7b5f0af2.jpg,authentic,train,640,640,JPEG,21123,False,,images4065
roboflow_counterfeit_med_detection,roboflow\train\images5117_jpg.rf.6e53ffae3ae7ee59bc8ae1678e847821.jpg,authentic,train,640,640,JPEG,83006,False,,images5117
roboflow_counterfeit_med_detection,roboflow\train\images206_jpg.rf.6e1596d1eb6d63662c913b00b52ab83a.jpg,authentic,train,640,640,JPEG,30489,False,,images206
roboflow_counterfeit_med_detection,roboflow\train\images5023_jpg.rf.6e6abb54e8787b26bd279e97d4eb9e0a.jpg,authentic,train,640,640,JPEG,30157,False,,images5023
roboflow_counterfeit_med_detection,roboflow\train\images4029_jpg.rf.6e810db5d9c594478b3634d369109036.jpg,authentic,train,640,640,JPEG,84179,False,,images4029
roboflow_counterfeit_med_detection,roboflow\train\images349_jpg.rf.6ef20abbc32311665d0622f16ce96578.jpg,authentic,train,640,640,JPEG,49504,False,,images349
roboflow_counterfeit_med_detection,roboflow\train\images4088_jpg.rf.6e7f414b04c7ba276cfa84759f8ef149.jpg,authentic,train,640,640,JPEG,24509,False,,images4088
roboflow_counterfeit_med_detection,roboflow\train\images4058_jpg.rf.6ec16254116a51d59c80d41b3b22e1e7.jpg,authentic,train,640,640,JPEG,40025,False,,images4058
roboflow_counterfeit_med_detection,roboflow\train\images4047_jpg.rf.6f58a1909e46422c12ec4a8d350c9571.jpg,authentic,train,640,640,JPEG,55703,False,,images4047
roboflow_counterfeit_med_detection,roboflow\train\images36_jpg.rf.6ec5162fb0cde08487614075271db8ab.jpg,authentic,train,640,640,JPEG,35942,False,,images36
roboflow_counterfeit_med_detection,roboflow\train\images218_jpg.rf.6ecb6886998982f3d2ba97ddb770f3d9.jpg,authentic,train,640,640,JPEG,35449,False,,images218
roboflow_counterfeit_med_detection,roboflow\train\images4079_jpg.rf.6eae3910301f34dc97f745f1b9a647fa.jpg,authentic,train,640,640,JPEG,29307,False,,images4079
roboflow_counterfeit_med_detection,roboflow\train\images37_jpg.rf.6fc99fedb564e805eed16e1ccfc19c60.jpg,authentic,train,640,640,JPEG,30252,False,,images37
roboflow_counterfeit_med_detection,roboflow\train\images5032_jpg.rf.6f7940289fd0d23d6e6a5e2170b29309.jpg,authentic,train,640,640,JPEG,89807,False,,images5032
roboflow_counterfeit_med_detection,roboflow\train\images5035_jpg.rf.6f92b6d8d116497df447bb1a322ded5d.jpg,authentic,train,640,640,JPEG,31056,False,,images5035
roboflow_counterfeit_med_detection,roboflow\train\images05_jpg.rf.6fdd7d3bb20e51659be5145cb2804021.jpg,authentic,train,640,640,JPEG,24573,False,,images05
roboflow_counterfeit_med_detection,roboflow\train\images4058_jpg.rf.6ff653c29ee4963ea421cf68b923861b.jpg,authentic,train,640,640,JPEG,36650,False,,images4058
roboflow_counterfeit_med_detection,roboflow\train\images201_jpg.rf.6f2b9630f55b6ecaf009fe6d7377db04.jpg,authentic,train,640,640,JPEG,51035,False,,images201
roboflow_counterfeit_med_detection,roboflow\train\images4031_jpg.rf.6f1661ebbca7f6657068073c324f1c38.jpg,authentic,train,640,640,JPEG,35365,False,,images4031
roboflow_counterfeit_med_detection,roboflow\train\images4068_jpg.rf.6fdaf350dbe07a80ae1da808d795d9a9.jpg,authentic,train,640,640,JPEG,63001,False,,images4068
roboflow_counterfeit_med_detection,roboflow\train\images5044_jpg.rf.6fde5b081827f15ea5b2238bc64d2971.jpg,authentic,train,640,640,JPEG,58503,False,,images5044
roboflow_counterfeit_med_detection,roboflow\train\images258_jpg.rf.6fde6084cccf2ad1ab314f22a54fcf93.jpg,authentic,train,640,640,JPEG,72073,False,,images258
roboflow_counterfeit_med_detection,roboflow\train\images258_jpg.rf.6fb71020d8f7b0438853d86da04c6311.jpg,authentic,train,640,640,JPEG,70755,False,,images258
roboflow_counterfeit_med_detection,roboflow\train\images23_jpg.rf.6fce7e96583cde58a8082f2ba1f0923a.jpg,authentic,train,640,640,JPEG,25053,False,,images23
roboflow_counterfeit_med_detection,roboflow\train\images268_jpg.rf.70070b21b682eacf71b4e014e0331baf.jpg,authentic,train,640,640,JPEG,58748,False,,images268
roboflow_counterfeit_med_detection,roboflow\train\images5110_jpg.rf.6f775d0cc1a669f1fe0ff777fb330637.jpg,authentic,train,640,640,JPEG,10741,False,,images5110
roboflow_counterfeit_med_detection,roboflow\train\images5126_jpg.rf.700ec6fc76b67ad6da14efa3cf1da781.jpg,authentic,train,640,640,JPEG,40910,False,,images5126
roboflow_counterfeit_med_detection,roboflow\train\images38_jpg.rf.6f93b26cd000b015826f4ca3f59ffd02.jpg,authentic,train,640,640,JPEG,44331,False,,images38
roboflow_counterfeit_med_detection,roboflow\train\2020-1348_5_jpg.rf.7027c16d99ddb90c60224427e532c06e.jpg,authentic,train,640,640,JPEG,49257,True,bulletin_graphic_with_baked_in_label_text,2020-1348_5
roboflow_counterfeit_med_detection,roboflow\train\images4045_jpg.rf.7064f2d827595b70ba7b19cbe6daa72e.jpg,authentic,train,640,640,JPEG,32735,False,,images4045
roboflow_counterfeit_med_detection,roboflow\train\images4039_jpg.rf.701b42a1307db1959be9904e12b6a4b2.jpg,authentic,train,640,640,JPEG,55017,False,,images4039
roboflow_counterfeit_med_detection,roboflow\train\images323_jpg.rf.706b21e64320263feb9f4ec9a2424405.jpg,authentic,train,640,640,JPEG,30749,False,,images323
roboflow_counterfeit_med_detection,roboflow\train\images242_jpg.rf.701b025002b758ba46646f4d69a15a44.jpg,authentic,train,640,640,JPEG,41262,False,,images242
roboflow_counterfeit_med_detection,roboflow\train\images13_jpg.rf.704f0fdf87d03e16c401f6cc106088f7.jpg,authentic,train,640,640,JPEG,21774,False,,images13
roboflow_counterfeit_med_detection,roboflow\train\images4046_jpg.rf.70b032f7b53839029f557d1919294a3b.jpg,authentic,train,640,640,JPEG,96105,False,,images4046
roboflow_counterfeit_med_detection,roboflow\train\images19_jpg.rf.707040cbcd9837d05b5205dcc9603685.jpg,authentic,train,640,640,JPEG,53746,False,,images19
roboflow_counterfeit_med_detection,roboflow\train\images5107_jpg.rf.71c71addb70a7ba549e4cfba81e55e35.jpg,authentic,train,640,640,JPEG,26040,False,,images5107
roboflow_counterfeit_med_detection,roboflow\train\images347_jpg.rf.710c8075f52f21cbec4ffa204be59c33.jpg,authentic,train,640,640,JPEG,21641,False,,images347
roboflow_counterfeit_med_detection,roboflow\train\images315_jpg.rf.715dcd58785d002050c7d4cfb7eef7f4.jpg,authentic,train,640,640,JPEG,35339,False,,images315
roboflow_counterfeit_med_detection,roboflow\train\images5095_jpg.rf.70c7e029002a41b9e6a11d443e34df3f.jpg,authentic,train,640,640,JPEG,52243,False,,images5095
roboflow_counterfeit_med_detection,roboflow\train\images5061_jpg.rf.70b70d955d83ba9669734c8eb6752a5b.jpg,authentic,train,640,640,JPEG,31618,False,,images5061
roboflow_counterfeit_med_detection,roboflow\train\images21_jpg.rf.71636b5c7092455302f7e15f53ecc150.jpg,authentic,train,640,640,JPEG,40684,False,,images21
roboflow_counterfeit_med_detection,roboflow\train\images4069_jpg.rf.7082911804d901d362297a11526612b5.jpg,authentic,train,640,640,JPEG,40880,False,,images4069
roboflow_counterfeit_med_detection,roboflow\train\images4116_jpg.rf.70d7aa6e39d9166507dfe4d675f18884.jpg,authentic,train,640,640,JPEG,30555,False,,images4116
roboflow_counterfeit_med_detection,roboflow\train\images340_jpg.rf.70d39154d5851518f347c26f3197c9de.jpg,authentic,train,640,640,JPEG,38875,False,,images340
roboflow_counterfeit_med_detection,roboflow\train\images5061_jpg.rf.72316d3431dd2b3625a3e4034365e764.jpg,authentic,train,640,640,JPEG,33185,False,,images5061
roboflow_counterfeit_med_detection,roboflow\train\images4079_jpg.rf.7149a713cfe600c4aa2a0249ddf15cb5.jpg,authentic,train,640,640,JPEG,51272,False,,images4079
roboflow_counterfeit_med_detection,roboflow\train\images340_jpg.rf.71d0ad781596d2bba4b7af83f4d12879.jpg,authentic,train,640,640,JPEG,52782,False,,images340
roboflow_counterfeit_med_detection,roboflow\train\images5032_jpg.rf.7191a17282117948a5c0d4facf862247.jpg,authentic,train,640,640,JPEG,79138,False,,images5032
roboflow_counterfeit_med_detection,roboflow\train\images283_jpg.rf.702123035d6c174d05b1df31bfcdea85.jpg,authentic,train,640,640,JPEG,51994,False,,images283
roboflow_counterfeit_med_detection,roboflow\train\images4110_jpg.rf.720d61425cf7a4f63844f45f4e2166b2.jpg,authentic,train,640,640,JPEG,74591,False,,images4110
roboflow_counterfeit_med_detection,roboflow\train\images4048_jpg.rf.716b450c9227926aa231178538abf764.jpg,authentic,train,640,640,JPEG,47445,False,,images4048
roboflow_counterfeit_med_detection,roboflow\train\images231_jpg.rf.717a43ceff62c12c4005ab60069220c3.jpg,authentic,train,640,640,JPEG,37494,False,,images231
roboflow_counterfeit_med_detection,roboflow\train\images5071_jpg.rf.71e2af78faf86e4f78cbd0aed25ecf9f.jpg,authentic,train,640,640,JPEG,30907,False,,images5071
roboflow_counterfeit_med_detection,roboflow\train\images5110_jpg.rf.70a6015a61c95b25fb04bbf8d5a3d561.jpg,authentic,train,640,640,JPEG,13948,False,,images5110
roboflow_counterfeit_med_detection,roboflow\train\images15_jpg.rf.728f00430c16dbe5a99a5df884e40d45.jpg,authentic,train,640,640,JPEG,43724,False,,images15
roboflow_counterfeit_med_detection,roboflow\train\images4035_jpg.rf.7217eea1cc94e3a0920a278e708bade9.jpg,authentic,train,640,640,JPEG,96481,False,,images4035
roboflow_counterfeit_med_detection,roboflow\train\images5107_jpg.rf.727caaee5b68e804a71e5bd4dd4eb6a5.jpg,authentic,train,640,640,JPEG,29075,False,,images5107
roboflow_counterfeit_med_detection,roboflow\train\images4094_jpg.rf.723ccc7fedaa007981a24a68156632f7.jpg,authentic,train,640,640,JPEG,23288,False,,images4094
roboflow_counterfeit_med_detection,roboflow\train\images5113_jpg.rf.723e2e8cea4d068ef388a5f1c78e9b7c.jpg,authentic,train,640,640,JPEG,33321,False,,images5113
roboflow_counterfeit_med_detection,roboflow\train\images46_jpg.rf.723b2ec8682f6bac6ecb32ba4ca1e948.jpg,authentic,train,640,640,JPEG,25060,False,,images46
roboflow_counterfeit_med_detection,roboflow\train\images230_jpg.rf.725bf2e26f0ef346c51bfa52aaf10edb.jpg,authentic,train,640,640,JPEG,48802,False,,images230
roboflow_counterfeit_med_detection,roboflow\train\images4031_jpg.rf.7296ea56ccfc8c3785b89ea34cb27d31.jpg,authentic,train,640,640,JPEG,30046,False,,images4031
roboflow_counterfeit_med_detection,roboflow\train\Authentic-vs-fake-Medicol-Advance-2048x1150_jpg.rf.7377748015f43b912ecfc297f5d91784.jpg,ambiguous,train,640,640,JPEG,54485,True,dual_label_contradiction,Authentic-vs-fake-Medicol-Advance-2048x1150
roboflow_counterfeit_med_detection,roboflow\train\images4046_jpg.rf.737539a02d44b9d3507663f67b372c6c.jpg,authentic,train,640,640,JPEG,88561,False,,images4046
roboflow_counterfeit_med_detection,roboflow\train\images29_jpg.rf.72f0f0cfcc8c1498d217c6f481f9f14a.jpg,authentic,train,640,640,JPEG,33654,False,,images29
roboflow_counterfeit_med_detection,roboflow\train\images348_jpg.rf.73a65b26dff80659c25d31b581ab8349.jpg,authentic,train,640,640,JPEG,30777,False,,images348
roboflow_counterfeit_med_detection,roboflow\train\images38_jpg.rf.7386e93d5e1203500888b3e04c49e341.jpg,authentic,train,640,640,JPEG,50774,False,,images38
roboflow_counterfeit_med_detection,roboflow\train\images4042_jpg.rf.72dfb207a295df38ee33fc071e0d2768.jpg,authentic,train,640,640,JPEG,45492,False,,images4042
roboflow_counterfeit_med_detection,roboflow\train\images29_jpg.rf.73aa7c3aec823655c92bfa833260eb9b.jpg,authentic,train,640,640,JPEG,33147,False,,images29
roboflow_counterfeit_med_detection,roboflow\train\images283_jpg.rf.733298294888e30a57c6644b80c60d29.jpg,authentic,train,640,640,JPEG,63712,False,,images283
roboflow_counterfeit_med_detection,roboflow\train\images321_jpg.rf.74118d634bb6bae599b7a26b52ae69fb.jpg,authentic,train,640,640,JPEG,30578,False,,images321
roboflow_counterfeit_med_detection,roboflow\train\images260_jpg.rf.73ad93c6029b21dacf93f18e7cbecd54.jpg,authentic,train,640,640,JPEG,31146,False,,images260
roboflow_counterfeit_med_detection,roboflow\train\images340_jpg.rf.72f91a80f1cde3625e7fe5b54a653205.jpg,authentic,train,640,640,JPEG,44462,False,,images340
roboflow_counterfeit_med_detection,roboflow\train\images206_jpg.rf.72e1200278765fc06598f304f9e1a5cd.jpg,authentic,train,640,640,JPEG,34418,False,,images206
roboflow_counterfeit_med_detection,roboflow\train\images4090_jpg.rf.741efc3f7255616e475eaab9a4ddec4a.jpg,authentic,train,640,640,JPEG,23808,False,,images4090
roboflow_counterfeit_med_detection,roboflow\train\images218_jpg.rf.73bdb415e5bbc8dbc3d3e62ae9b49b78.jpg,authentic,train,640,640,JPEG,33789,False,,images218
roboflow_counterfeit_med_detection,roboflow\train\images4025_jpg.rf.7403bad4c8581b3fb9d9bc5f30aededc.jpg,authentic,train,640,640,JPEG,33901,False,,images4025
roboflow_counterfeit_med_detection,roboflow\train\images4045_jpg.rf.740c9b8fad843e4ffb06f9adf1a3fee6.jpg,authentic,train,640,640,JPEG,44002,False,,images4045
roboflow_counterfeit_med_detection,roboflow\train\images4048_jpg.rf.73b3f52179527e77ee0b247bbf6c87f4.jpg,authentic,train,640,640,JPEG,45712,False,,images4048
roboflow_counterfeit_med_detection,roboflow\train\images254_jpg.rf.734dabfa37d855eadf6e29f3f7a91e48.jpg,authentic,train,640,640,JPEG,44764,False,,images254
roboflow_counterfeit_med_detection,roboflow\train\images4087_jpg.rf.73607b9a76bb60f0f330134269535e61.jpg,authentic,train,640,640,JPEG,28211,False,,images4087
roboflow_counterfeit_med_detection,roboflow\train\images4094_jpg.rf.73ebf2b7aaea55dfd3e07c5eba0dd7cb.jpg,authentic,train,640,640,JPEG,23785,False,,images4094
roboflow_counterfeit_med_detection,roboflow\train\images352_jpg.rf.72fd30397458750589b5881e8304ef4c.jpg,authentic,train,640,640,JPEG,42728,False,,images352
roboflow_counterfeit_med_detection,roboflow\train\images5127_jpg.rf.72c059560054f01893557c7ae7345d85.jpg,authentic,train,640,640,JPEG,48006,False,,images5127
roboflow_counterfeit_med_detection,roboflow\train\images339_jpg.rf.738c59e6c59663620a4d7b02feac6622.jpg,authentic,train,640,640,JPEG,57014,False,,images339
roboflow_counterfeit_med_detection,roboflow\train\images283_jpg.rf.7431ae6292bc39c58d2e1d06cfd749ce.jpg,authentic,train,640,640,JPEG,56241,False,,images283
roboflow_counterfeit_med_detection,roboflow\train\images235_jpg.rf.742c3cc73524dbaa580ce4f0e6447955.jpg,authentic,train,640,640,JPEG,56917,False,,images235
roboflow_counterfeit_med_detection,roboflow\train\images302_jpg.rf.744e482ea72c30f2c4455e3bcede8ce9.jpg,authentic,train,640,640,JPEG,41301,False,,images302
roboflow_counterfeit_med_detection,roboflow\train\FDA-Advisory-No-2022-0611-20_png.rf.7462753e06832a629dc5600488fab598.jpg,counterfeit,train,640,640,JPEG,50630,True,bulletin_graphic_with_baked_in_label_text,FDA-Advisory-No-2022-0611-20
roboflow_counterfeit_med_detection,roboflow\train\images42_jpg.rf.74b4f822591f57e0af4651c399ff1cc7.jpg,authentic,train,640,640,JPEG,48295,False,,images42
roboflow_counterfeit_med_detection,roboflow\train\images348_jpg.rf.746cf469a81febef7def82f60f21a872.jpg,authentic,train,640,640,JPEG,30213,False,,images348
roboflow_counterfeit_med_detection,roboflow\train\images04_jpg.rf.751052dc9b78feea0e59e5f0e4b0e44f.jpg,authentic,train,640,640,JPEG,38038,False,,images04
roboflow_counterfeit_med_detection,roboflow\train\images5035_jpg.rf.74cfd7338f0326e11138aa37024e1b0e.jpg,authentic,train,640,640,JPEG,39374,False,,images5035
roboflow_counterfeit_med_detection,roboflow\train\images5107_jpg.rf.7517f7ebcf4a22fb81222189a6bef328.jpg,authentic,train,640,640,JPEG,26687,False,,images5107
roboflow_counterfeit_med_detection,roboflow\train\images209_jpg.rf.74df7bf5a47e42d55e96a8866c89c065.jpg,authentic,train,640,640,JPEG,37516,False,,images209
roboflow_counterfeit_med_detection,roboflow\train\images245_jpg.rf.754b0b5846879404f889f27cd83fdc32.jpg,authentic,train,640,640,JPEG,31136,False,,images245
roboflow_counterfeit_med_detection,roboflow\train\authentic-vs-fake-imodium-2048x1150_jpg.rf.74b652d24379f94958d42b8564d7c5b5.jpg,ambiguous,train,640,640,JPEG,49466,True,dual_label_contradiction,authentic-vs-fake-imodium-2048x1150
roboflow_counterfeit_med_detection,roboflow\train\images231_jpg.rf.7468ea59254e0e084969820f7b9398bc.jpg,authentic,train,640,640,JPEG,38159,False,,images231
roboflow_counterfeit_med_detection,roboflow\train\images5115_jpg.rf.75162958e043ac13376ca9bf97d4f728.jpg,authentic,train,640,640,JPEG,48579,False,,images5115
roboflow_counterfeit_med_detection,roboflow\train\images5041_jpg.rf.74f211b9f063e9314c429e3c8abca5ae.jpg,authentic,train,640,640,JPEG,75573,False,,images5041
roboflow_counterfeit_med_detection,roboflow\train\images351_jpg.rf.758995f4ad5e08ccd8356e100039e991.jpg,authentic,train,640,640,JPEG,46553,False,,images351
roboflow_counterfeit_med_detection,roboflow\train\images342_jpg.rf.75490f5f102b021c16be9cc721fff177.jpg,authentic,train,640,640,JPEG,20841,False,,images342
roboflow_counterfeit_med_detection,roboflow\train\images4065_jpg.rf.75bebd20fc58e8f5cb3ada9a5471f8be.jpg,authentic,train,640,640,JPEG,17393,False,,images4065
roboflow_counterfeit_med_detection,roboflow\train\images4042_jpg.rf.74d1f485f718871d0a81b675cd9441e3.jpg,authentic,train,640,640,JPEG,35533,False,,images4042
roboflow_counterfeit_med_detection,roboflow\train\images213_jpg.rf.74ead8d434fab8faf6d42c9377800831.jpg,authentic,train,640,640,JPEG,52987,False,,images213
roboflow_counterfeit_med_detection,roboflow\train\images04_jpg.rf.7611b23c6a1e057fc8b737de2d9d548e.jpg,authentic,train,640,640,JPEG,31864,False,,images04
roboflow_counterfeit_med_detection,roboflow\train\images4029_jpg.rf.7548c1bfbbc0e3409a721910d33a4e64.jpg,authentic,train,640,640,JPEG,81460,False,,images4029
roboflow_counterfeit_med_detection,roboflow\train\images5127_jpg.rf.760fc367b8b6e53ab91e852992672550.jpg,authentic,train,640,640,JPEG,53076,False,,images5127
roboflow_counterfeit_med_detection,roboflow\train\images5061_jpg.rf.7606ca6ae6dddcac9fa7c48036ea21e0.jpg,authentic,train,640,640,JPEG,30694,False,,images5061
roboflow_counterfeit_med_detection,roboflow\train\images4054_jpg.rf.753b073a19fbbaee33165902e3bb6d4c.jpg,authentic,train,640,640,JPEG,64473,False,,images4054
roboflow_counterfeit_med_detection,roboflow\train\images38_jpg.rf.7533ab8d5680e785596245ca7be66bf8.jpg,authentic,train,640,640,JPEG,38657,False,,images38
roboflow_counterfeit_med_detection,roboflow\train\images4107_jpg.rf.76097fb4e42ccabc978be23ad8ff090f.jpg,authentic,train,640,640,JPEG,36075,False,,images4107
roboflow_counterfeit_med_detection,roboflow\train\images316_jpg.rf.762fa18bdc7ccf77828b02ad556330f8.jpg,authentic,train,640,640,JPEG,39385,False,,images316
roboflow_counterfeit_med_detection,roboflow\train\images4031_jpg.rf.76143a752820d6ce190bee57de0dbb65.jpg,authentic,train,640,640,JPEG,35196,False,,images4031
roboflow_counterfeit_med_detection,roboflow\train\images37_jpg.rf.7581170d3993ab57bd505690d9cad0f2.jpg,authentic,train,640,640,JPEG,33418,False,,images37
roboflow_counterfeit_med_detection,roboflow\train\images5044_jpg.rf.75c3dcf5b6d06f95be72e3a594cecfcd.jpg,authentic,train,640,640,JPEG,45644,False,,images5044
roboflow_counterfeit_med_detection,roboflow\train\images240_jpg.rf.763482dfa723cb4fc5e9b934ec54c762.jpg,authentic,train,640,640,JPEG,53392,False,,images240
roboflow_counterfeit_med_detection,roboflow\train\images4074_jpg.rf.7673d61714dc1f09d6f876081dc59e54.jpg,authentic,train,640,640,JPEG,44102,False,,images4074
roboflow_counterfeit_med_detection,roboflow\train\images352_jpg.rf.7665c052a188103b91035a935ac49a3d.jpg,authentic,train,640,640,JPEG,47449,False,,images352
roboflow_counterfeit_med_detection,roboflow\train\images36_jpg.rf.76ee120d4b208da38932aeb9fdce34cb.jpg,authentic,train,640,640,JPEG,34894,False,,images36
roboflow_counterfeit_med_detection,roboflow\train\images206_jpg.rf.7686780926b8a5570dd93b0e3628cf9a.jpg,authentic,train,640,640,JPEG,38102,False,,images206
roboflow_counterfeit_med_detection,roboflow\train\images310_jpg.rf.76b20ccc1bbd3edcace0478d56202097.jpg,authentic,train,640,640,JPEG,46168,False,,images310
roboflow_counterfeit_med_detection,roboflow\train\images4058_jpg.rf.771ea6be8070545c1f12ef02f0400a13.jpg,authentic,train,640,640,JPEG,37636,False,,images4058
roboflow_counterfeit_med_detection,roboflow\train\images222_jpg.rf.777aa35cf2522df9a332cf5a0b927c26.jpg,authentic,train,640,640,JPEG,42680,False,,images222
roboflow_counterfeit_med_detection,roboflow\train\images4058_jpg.rf.776f3f6373b671ec7747071e4c35b317.jpg,authentic,train,640,640,JPEG,35537,False,,images4058
roboflow_counterfeit_med_detection,roboflow\train\images348_jpg.rf.7724c2fdaf4fce428c3fbcf2948d2379.jpg,authentic,train,640,640,JPEG,33839,False,,images348
roboflow_counterfeit_med_detection,roboflow\train\images5035_jpg.rf.7688b4b10bff07a87715797645146245.jpg,authentic,train,640,640,JPEG,32162,False,,images5035
roboflow_counterfeit_med_detection,roboflow\train\images242_jpg.rf.7739a5e19b31601402d6e8d77b91de99.jpg,authentic,train,640,640,JPEG,42447,False,,images242
roboflow_counterfeit_med_detection,roboflow\train\images268_jpg.rf.77393845c487c618de22b2ea3ee215a8.jpg,authentic,train,640,640,JPEG,48969,False,,images268
roboflow_counterfeit_med_detection,roboflow\train\images244_jpg.rf.772b6525777c7af720ccb94be1f2dec5.jpg,authentic,train,640,640,JPEG,53255,False,,images244
roboflow_counterfeit_med_detection,roboflow\train\images5116_jpg.rf.778fbb81ccb2e0811e0e34a24549e571.jpg,authentic,train,640,640,JPEG,62298,False,,images5116
roboflow_counterfeit_med_detection,roboflow\train\images4094_jpg.rf.775c4477aa15bca5703872dfb84bbbdd.jpg,authentic,train,640,640,JPEG,21558,False,,images4094
roboflow_counterfeit_med_detection,roboflow\train\images244_jpg.rf.771c01b98188b7842a7cc8c5e840bf81.jpg,authentic,train,640,640,JPEG,54771,False,,images244
roboflow_counterfeit_med_detection,roboflow\train\images4094_jpg.rf.771172b8cfbfaf7845a80ea510e1f838.jpg,authentic,train,640,640,JPEG,24407,False,,images4094
roboflow_counterfeit_med_detection,roboflow\train\images5104_jpg.rf.77c68274f36bf8832902727db4d997f3.jpg,authentic,train,640,640,JPEG,31140,False,,images5104
roboflow_counterfeit_med_detection,roboflow\train\images4063_jpg.rf.77da7c076351d6f23c552cbb62018dcc.jpg,authentic,train,640,640,JPEG,23112,False,,images4063
roboflow_counterfeit_med_detection,roboflow\train\FDA-Advisory-No-2022-0611-17_png.rf.76fcb57d862c50236b78317a96b968c2.jpg,authentic,train,640,640,JPEG,51930,True,bulletin_graphic_with_baked_in_label_text,FDA-Advisory-No-2022-0611-17
roboflow_counterfeit_med_detection,roboflow\train\images4107_jpg.rf.777ad24fd93c07cca685c535249ed07e.jpg,authentic,train,640,640,JPEG,45462,False,,images4107
roboflow_counterfeit_med_detection,roboflow\train\images05_jpg.rf.77d80aaa267073c787ebd934c9694b5c.jpg,authentic,train,640,640,JPEG,27762,False,,images05
roboflow_counterfeit_med_detection,roboflow\train\images5114_jpg.rf.76cc35ed6af982bdfe8219bf6c8cc989.jpg,authentic,train,640,640,JPEG,31836,False,,images5114
roboflow_counterfeit_med_detection,roboflow\train\images347_jpg.rf.7784fcbd2bc4552c1030017dbf1647ff.jpg,authentic,train,640,640,JPEG,20512,False,,images347
roboflow_counterfeit_med_detection,roboflow\train\images4087_jpg.rf.76fa664fd1d8f7b3cb731052cd0a631a.jpg,authentic,train,640,640,JPEG,35373,False,,images4087
roboflow_counterfeit_med_detection,roboflow\train\images4042_jpg.rf.77a5a55d32a5b92d2f2d1de5fc2b92df.jpg,authentic,train,640,640,JPEG,35187,False,,images4042
roboflow_counterfeit_med_detection,roboflow\train\110128855_3244497018939663_8398222400786658473_n_jpg.rf.77bb645229383b8073b6842bc93cb997.jpg,counterfeit,train,640,640,JPEG,55034,True,bulletin_graphic_with_baked_in_label_text,110128855_3244497018939663_8398222400786658473_n
roboflow_counterfeit_med_detection,roboflow\train\images347_jpg.rf.77dfdbd798da53b205a37092eb9c4c6e.jpg,authentic,train,640,640,JPEG,28542,False,,images347
roboflow_counterfeit_med_detection,roboflow\train\images35_jpg.rf.77de3f08073ca99ee9dd9fd9fe0ff5e6.jpg,authentic,train,640,640,JPEG,43997,False,,images35
roboflow_counterfeit_med_detection,roboflow\train\images4047_jpg.rf.7805f2456d831de56cf01ed296cb8dcf.jpg,authentic,train,640,640,JPEG,46074,False,,images4047
roboflow_counterfeit_med_detection,roboflow\train\2020-1348_31_jpg.rf.77fbbafc5ed6cf0c1bffaea44423355f.jpg,authentic,train,640,640,JPEG,41377,True,bulletin_graphic_with_baked_in_label_text,2020-1348_31
roboflow_counterfeit_med_detection,roboflow\train\images266_jpg.rf.77f85b8f609a5cf226994758c9a09191.jpg,authentic,train,640,640,JPEG,32048,False,,images266
roboflow_counterfeit_med_detection,roboflow\train\images4047_jpg.rf.7801ed32b9ea391597185fa76acead73.jpg,authentic,train,640,640,JPEG,56317,False,,images4047
roboflow_counterfeit_med_detection,roboflow\train\images4054_jpg.rf.78334df735557eaad77078efb2c8c75c.jpg,authentic,train,640,640,JPEG,43903,False,,images4054
roboflow_counterfeit_med_detection,roboflow\train\images4044_jpg.rf.784b0919081e40a19c90ada497f30deb.jpg,authentic,train,640,640,JPEG,63963,False,,images4044
roboflow_counterfeit_med_detection,roboflow\train\images14_jpg.rf.785f46b5aa68a9b2a1453631ec8ba36b.jpg,authentic,train,640,640,JPEG,44863,False,,images14
roboflow_counterfeit_med_detection,roboflow\train\images5126_jpg.rf.78b57543a388c98044c4786891bfce80.jpg,authentic,train,640,640,JPEG,43642,False,,images5126
roboflow_counterfeit_med_detection,roboflow\train\images31_jpg.rf.7880302c8d78454e949b3d0fad4e7d24.jpg,authentic,train,640,640,JPEG,40019,False,,images31
roboflow_counterfeit_med_detection,roboflow\train\images232_jpg.rf.784bced7b7f0e2627d32fdb6603531e3.jpg,authentic,train,640,640,JPEG,49185,False,,images232
roboflow_counterfeit_med_detection,roboflow\train\images301_jpg.rf.7977d2fe644ec204001a3ae8502ad0cb.jpg,authentic,train,640,640,JPEG,33685,False,,images301
roboflow_counterfeit_med_detection,roboflow\train\images4044_jpg.rf.78a078dc53df3223cb340a540893b368.jpg,authentic,train,640,640,JPEG,61699,False,,images4044
roboflow_counterfeit_med_detection,roboflow\train\images338_jpg.rf.793f77a5fe19f35b3b30b671e020fdc4.jpg,authentic,train,640,640,JPEG,31113,False,,images338
roboflow_counterfeit_med_detection,roboflow\train\images263_jpg.rf.78e38b45d7a832e1829d9f8208b3baca.jpg,authentic,train,640,640,JPEG,36301,False,,images263
roboflow_counterfeit_med_detection,roboflow\train\images4035_jpg.rf.78d5cf8123b28c6942861cb52259db0b.jpg,authentic,train,640,640,JPEG,59205,False,,images4035
roboflow_counterfeit_med_detection,roboflow\train\images5080_jpg.rf.7881c286c92b6725f6be691ea06e96d0.jpg,authentic,train,640,640,JPEG,44579,False,,images5080
roboflow_counterfeit_med_detection,roboflow\train\images240_jpg.rf.78269a5d5029f7156d9f5d85bccf94c5.jpg,authentic,train,640,640,JPEG,46774,False,,images240
roboflow_counterfeit_med_detection,roboflow\train\images02_jpg.rf.78249a26011854e8c3a1f55472f13de9.jpg,authentic,train,640,640,JPEG,45188,False,,images02
roboflow_counterfeit_med_detection,roboflow\train\images314_jpg.rf.78caea86575e97745333baf2a96fff0c.jpg,authentic,train,640,640,JPEG,53609,False,,images314
roboflow_counterfeit_med_detection,roboflow\train\authentic-vs-fake-imodium-2048x1150_jpg.rf.7860f9d9875d877dea71e9104c166ac6.jpg,ambiguous,train,640,640,JPEG,53937,True,dual_label_contradiction,authentic-vs-fake-imodium-2048x1150
roboflow_counterfeit_med_detection,roboflow\train\images4039_jpg.rf.787fce7e5b5f96a8e49a6624864ab639.jpg,authentic,train,640,640,JPEG,39002,False,,images4039
roboflow_counterfeit_med_detection,roboflow\train\images4031_jpg.rf.7927789d60c10fbb19fa839dcb14b690.jpg,authentic,train,640,640,JPEG,31782,False,,images4031
roboflow_counterfeit_med_detection,roboflow\train\images5090_jpg.rf.796a68ae6bfc6541059826c8bd10ed69.jpg,authentic,train,640,640,JPEG,32522,False,,images5090
roboflow_counterfeit_med_detection,roboflow\train\images257_jpg.rf.78c52d571c6cb1acd994218a33489a85.jpg,authentic,train,640,640,JPEG,34113,False,,images257
roboflow_counterfeit_med_detection,roboflow\train\images37_jpg.rf.78737616ba8b1bb06b56b2c83852f798.jpg,authentic,train,640,640,JPEG,29012,False,,images37
roboflow_counterfeit_med_detection,roboflow\train\2020-1348_24_jpg.rf.793ff51f047735c6582067b83452f941.jpg,counterfeit,train,640,640,JPEG,54910,True,bulletin_graphic_with_baked_in_label_text,2020-1348_24
roboflow_counterfeit_med_detection,roboflow\train\images4044_jpg.rf.78d821f6a69e92cc96c80b96fd4e4f9c.jpg,authentic,train,640,640,JPEG,62933,False,,images4044
roboflow_counterfeit_med_detection,roboflow\train\images257_jpg.rf.78bf967b28c26f034d3369989ad730b5.jpg,authentic,train,640,640,JPEG,28253,False,,images257
roboflow_counterfeit_med_detection,roboflow\train\images4124_jpg.rf.798be48ee7769a788735dd2c864aeba7.jpg,authentic,train,640,640,JPEG,24569,False,,images4124
roboflow_counterfeit_med_detection,roboflow\train\images4035_jpg.rf.791573387ee400d0abcb19898275fc2f.jpg,authentic,train,640,640,JPEG,100754,False,,images4035
roboflow_counterfeit_med_detection,roboflow\train\images4045_jpg.rf.7985e46c5365257c6645a19c60742b69.jpg,authentic,train,640,640,JPEG,41191,False,,images4045
roboflow_counterfeit_med_detection,roboflow\train\images4054_jpg.rf.79c6372551e29784bd50ac5eb7cbb387.jpg,authentic,train,640,640,JPEG,61442,False,,images4054
roboflow_counterfeit_med_detection,roboflow\train\images37_jpg.rf.79c92cf0f7e51abdeff79c15af07443c.jpg,authentic,train,640,640,JPEG,31157,False,,images37
roboflow_counterfeit_med_detection,roboflow\train\images21_jpg.rf.79cb0a043220532e64974dbd58eb245d.jpg,authentic,train,640,640,JPEG,36589,False,,images21
roboflow_counterfeit_med_detection,roboflow\train\images235_jpg.rf.79def83ebbf1fdd2d1e5280bc44d2f56.jpg,authentic,train,640,640,JPEG,61182,False,,images235
roboflow_counterfeit_med_detection,roboflow\train\images351_jpg.rf.79cf4562c34703671366a0f7a0452a97.jpg,authentic,train,640,640,JPEG,48582,False,,images351
roboflow_counterfeit_med_detection,roboflow\train\images346_jpg.rf.79e062ace8c6b5b5dfdd23ed16c352a4.jpg,authentic,train,640,640,JPEG,27082,False,,images346
roboflow_counterfeit_med_detection,roboflow\train\images342_jpg.rf.79ff5ac69180ca3d0cb5a549f140659c.jpg,authentic,train,640,640,JPEG,23419,False,,images342
roboflow_counterfeit_med_detection,roboflow\train\images5046_jpg.rf.79e460af02855d850f97e397e7f215fe.jpg,authentic,train,640,640,JPEG,39609,False,,images5046
roboflow_counterfeit_med_detection,roboflow\train\images4060_jpg.rf.79fc56358915a1acb05ae8ef5de83bbc.jpg,authentic,train,640,640,JPEG,77686,False,,images4060
roboflow_counterfeit_med_detection,roboflow\train\images11_jpg.rf.7a3cfeb7d69557239496084633b615b0.jpg,authentic,train,640,640,JPEG,68184,False,,images11
roboflow_counterfeit_med_detection,roboflow\train\images311_jpg.rf.7a601bef3ace86a16c9d17062515d386.jpg,authentic,train,640,640,JPEG,38899,False,,images311
roboflow_counterfeit_med_detection,roboflow\train\images4033_jpg.rf.7a84f418b80f92d17bfe473dc775d446.jpg,authentic,train,640,640,JPEG,76872,False,,images4033
roboflow_counterfeit_med_detection,roboflow\train\images346_jpg.rf.7b0e07a632f1a48b2ab1c04706c267ca.jpg,authentic,train,640,640,JPEG,25506,False,,images346
roboflow_counterfeit_med_detection,roboflow\train\images5053_jpg.rf.7b1b1aacf814d6d90729556b954d0a79.jpg,authentic,train,640,640,JPEG,27837,False,,images5053
roboflow_counterfeit_med_detection,roboflow\train\images05_jpg.rf.7b03b543af8f391a4caa73c7f496af2f.jpg,authentic,train,640,640,JPEG,22313,False,,images05
roboflow_counterfeit_med_detection,roboflow\train\images312_jpg.rf.7a694fd73adcb9ee4909e24ab4b4d128.jpg,authentic,train,640,640,JPEG,52251,False,,images312
roboflow_counterfeit_med_detection,roboflow\train\images4100_jpg.rf.7a239b0953cc1545fc3387cb1ee554ca.jpg,authentic,train,640,640,JPEG,59245,False,,images4100
roboflow_counterfeit_med_detection,roboflow\train\images4031_jpg.rf.7a04ce9fedb52b426e44cb402ac423fe.jpg,authentic,train,640,640,JPEG,39391,False,,images4031
roboflow_counterfeit_med_detection,roboflow\train\images258_jpg.rf.7a2b4e15911e6af1c78222ff1980668d.jpg,authentic,train,640,640,JPEG,65636,False,,images258
roboflow_counterfeit_med_detection,roboflow\train\images349_jpg.rf.7a2e3566ded381b035195a2da30b1222.jpg,authentic,train,640,640,JPEG,49298,False,,images349
roboflow_counterfeit_med_detection,roboflow\train\images4038_jpg.rf.7a11229f6eda2763002bfccdb319ad68.jpg,authentic,train,640,640,JPEG,50865,False,,images4038
roboflow_counterfeit_med_detection,roboflow\train\images225_jpg.rf.7aec77130b85e827c82144a1677b503d.jpg,authentic,train,640,640,JPEG,50487,False,,images225
roboflow_counterfeit_med_detection,roboflow\train\images260_jpg.rf.7a4fd75b998273bea17ffd6af3f3ebc8.jpg,authentic,train,640,640,JPEG,37715,False,,images260
roboflow_counterfeit_med_detection,roboflow\train\images4095_jpg.rf.7b3db6b12c5d878e43017419817bd3c9.jpg,authentic,train,640,640,JPEG,38217,False,,images4095
roboflow_counterfeit_med_detection,roboflow\train\images5116_jpg.rf.7a3af7ec83e024fa3ac201e384c364e6.jpg,authentic,train,640,640,JPEG,87218,False,,images5116
roboflow_counterfeit_med_detection,roboflow\train\images228_jpg.rf.7afe2209b67440ea7421de016c9a5545.jpg,authentic,train,640,640,JPEG,28115,False,,images228
roboflow_counterfeit_med_detection,roboflow\train\images4067_jpg.rf.7b5692bd16b808b0437c736e5ac200ce.jpg,authentic,train,640,640,JPEG,60544,False,,images4067
roboflow_counterfeit_med_detection,roboflow\train\images5116_jpg.rf.7b595e3f8c257fdf89e8d83f5d4fc858.jpg,authentic,train,640,640,JPEG,85562,False,,images5116
roboflow_counterfeit_med_detection,roboflow\train\images38_jpg.rf.7b53f082a86d10b5dfbf741f99dc2597.jpg,authentic,train,640,640,JPEG,46189,False,,images38
roboflow_counterfeit_med_detection,roboflow\train\images4058_jpg.rf.7a8273cf4d5ce97faee8bcfb9edb1157.jpg,authentic,train,640,640,JPEG,38875,False,,images4058
roboflow_counterfeit_med_detection,roboflow\train\images5046_jpg.rf.7a5669de071ac5a7f6e089ddb5aad714.jpg,authentic,train,640,640,JPEG,42721,False,,images5046
roboflow_counterfeit_med_detection,roboflow\train\images4074_jpg.rf.7ba023152885dc43619a19ff05b0e32a.jpg,authentic,train,640,640,JPEG,42924,False,,images4074
roboflow_counterfeit_med_detection,roboflow\train\images4061_jpg.rf.7b7fbd55ee8e3fa963a7e984478c98ac.jpg,authentic,train,640,640,JPEG,25759,False,,images4061
roboflow_counterfeit_med_detection,roboflow\train\images31_jpg.rf.7b4f959e0152cd1f64d7b47e2295bd61.jpg,authentic,train,640,640,JPEG,28963,False,,images31
roboflow_counterfeit_med_detection,roboflow\train\images4088_jpg.rf.7b9e61a634270a7429f1b08925680395.jpg,authentic,train,640,640,JPEG,17668,False,,images4088
roboflow_counterfeit_med_detection,roboflow\train\images4058_jpg.rf.7b7279a9ffc925d3118925e52cd0cdb2.jpg,authentic,train,640,640,JPEG,30582,False,,images4058
roboflow_counterfeit_med_detection,roboflow\train\images4120_jpg.rf.7bb20fb7832487fb1a911d73a4d005a8.jpg,authentic,train,640,640,JPEG,37867,False,,images4120
roboflow_counterfeit_med_detection,roboflow\train\images276_jpg.rf.7bdbdf768e5d7d73f11f1a0c0e8b8682.jpg,authentic,train,640,640,JPEG,26155,False,,images276
roboflow_counterfeit_med_detection,roboflow\train\images4092_jpg.rf.7ba12f32807684809508e657a4fe2dd0.jpg,authentic,train,640,640,JPEG,35358,False,,images4092
roboflow_counterfeit_med_detection,roboflow\train\images219_jpg.rf.7c9297387d4d2df06f3118009ccbcbb7.jpg,authentic,train,640,640,JPEG,48376,False,,images219
roboflow_counterfeit_med_detection,roboflow\train\images231_jpg.rf.7c0c8a7135da9179f2d19bfbc8048be0.jpg,authentic,train,640,640,JPEG,37583,False,,images231
roboflow_counterfeit_med_detection,roboflow\train\images347_jpg.rf.7cd83458d51157547debb791aad89a58.jpg,authentic,train,640,640,JPEG,22915,False,,images347
roboflow_counterfeit_med_detection,roboflow\train\images256_jpg.rf.7c22bc17841049cb1dea0144945a6287.jpg,authentic,train,640,640,JPEG,46456,False,,images256
roboflow_counterfeit_med_detection,roboflow\train\images218_jpg.rf.7c204cfcc8efe665f21684506266b6ed.jpg,authentic,train,640,640,JPEG,37042,False,,images218
roboflow_counterfeit_med_detection,roboflow\train\images5040_jpg.rf.7badf8e53c3916baba9526c21c71ce7b.jpg,authentic,train,640,640,JPEG,69823,False,,images5040
roboflow_counterfeit_med_detection,roboflow\train\images230_jpg.rf.7bf774be451637d50a3410b4c25cc260.jpg,authentic,train,640,640,JPEG,48816,False,,images230
roboflow_counterfeit_med_detection,roboflow\train\images11_jpg.rf.7ce012be12f53d3424f25effd322d02a.jpg,authentic,train,640,640,JPEG,58917,False,,images11
roboflow_counterfeit_med_detection,roboflow\train\images4074_jpg.rf.7bcbb9a4512e9fa3981ec83f1358a78b.jpg,authentic,train,640,640,JPEG,34047,False,,images4074
roboflow_counterfeit_med_detection,roboflow\train\images5117_jpg.rf.7ca16baaa760fc3c8b42b3262476d0d8.jpg,authentic,train,640,640,JPEG,78016,False,,images5117
roboflow_counterfeit_med_detection,roboflow\train\images5112_jpg.rf.7c1d4a86422749e364aefd685c5f38d3.jpg,authentic,train,640,640,JPEG,44846,False,,images5112
roboflow_counterfeit_med_detection,roboflow\train\images37_jpg.rf.7c11f145daad2420a96c031d820c3db9.jpg,authentic,train,640,640,JPEG,30228,False,,images37
roboflow_counterfeit_med_detection,roboflow\train\images4039_jpg.rf.7c62c813b5be1a7debbe15a4aca43b69.jpg,authentic,train,640,640,JPEG,45960,False,,images4039
roboflow_counterfeit_med_detection,roboflow\train\images5096_jpg.rf.7d0ad10c0e551b1d248f862bf7671569.jpg,authentic,train,640,640,JPEG,58234,False,,images5096
roboflow_counterfeit_med_detection,roboflow\train\images5023_jpg.rf.7cfe0220411c692041647ab88d3a6c46.jpg,authentic,train,640,640,JPEG,33096,False,,images5023
roboflow_counterfeit_med_detection,roboflow\train\images29_jpg.rf.7c348ed1ee37f51bd4663119ccbbed06.jpg,authentic,train,640,640,JPEG,34622,False,,images29
roboflow_counterfeit_med_detection,roboflow\train\images4082_jpg.rf.7d2762983d24be87cd4a71540e875e41.jpg,authentic,train,640,640,JPEG,31147,False,,images4082
roboflow_counterfeit_med_detection,roboflow\train\images258_jpg.rf.7d12bc5f7158cbc0b51691e7bebe1a4b.jpg,authentic,train,640,640,JPEG,71707,False,,images258
roboflow_counterfeit_med_detection,roboflow\train\images4116_jpg.rf.7bc6133c804a47930db42ce7d3af6779.jpg,authentic,train,640,640,JPEG,32105,False,,images4116
roboflow_counterfeit_med_detection,roboflow\train\images276_jpg.rf.7cf7dc4436145122883de325250d3149.jpg,authentic,train,640,640,JPEG,24605,False,,images276
roboflow_counterfeit_med_detection,roboflow\train\images5060_jpg.rf.7cbfce8a6a0daa51e5a786f2a65c6646.jpg,authentic,train,640,640,JPEG,40725,False,,images5060
roboflow_counterfeit_med_detection,roboflow\train\images231_jpg.rf.7d055f22f34a85db496941c09ee60012.jpg,authentic,train,640,640,JPEG,38720,False,,images231
roboflow_counterfeit_med_detection,roboflow\train\images244_jpg.rf.7d3ef4ccfe6c0fd3382415b32dc2ebf6.jpg,authentic,train,640,640,JPEG,47245,False,,images244
roboflow_counterfeit_med_detection,roboflow\train\images5023_jpg.rf.7d480fabb3627b00d55e386e5ef131ef.jpg,authentic,train,640,640,JPEG,23095,False,,images5023
roboflow_counterfeit_med_detection,roboflow\train\images23_jpg.rf.7d4042074e2880dc8d912d4438740c1c.jpg,authentic,train,640,640,JPEG,26498,False,,images23
roboflow_counterfeit_med_detection,roboflow\train\images4120_jpg.rf.7d692d11e28f5914f89e5d610b759432.jpg,authentic,train,640,640,JPEG,36028,False,,images4120
roboflow_counterfeit_med_detection,roboflow\train\images36_jpg.rf.7dfddd53a64f793a94bda41c6267bfbd.jpg,authentic,train,640,640,JPEG,32793,False,,images36
roboflow_counterfeit_med_detection,roboflow\train\images283_jpg.rf.7dd7f125b9b12a6a0fedaa43af5e2389.jpg,authentic,train,640,640,JPEG,65504,False,,images283
roboflow_counterfeit_med_detection,roboflow\train\images342_jpg.rf.7da34e00e1f16f4677aac84f4823627b.jpg,authentic,train,640,640,JPEG,25463,False,,images342
roboflow_counterfeit_med_detection,roboflow\train\images5032_jpg.rf.7e15bb1ef7dfb9c41da0149285356ce3.jpg,authentic,train,640,640,JPEG,85211,False,,images5032
roboflow_counterfeit_med_detection,roboflow\train\images4085_jpg.rf.7e5345cb0d52226f09998d3c87e18069.jpg,authentic,train,640,640,JPEG,57141,False,,images4085
roboflow_counterfeit_med_detection,roboflow\train\images4038_jpg.rf.7da55aac59b3d36a758a59f0c80d433b.jpg,authentic,train,640,640,JPEG,62162,False,,images4038
roboflow_counterfeit_med_detection,roboflow\train\images301_jpg.rf.7de2dc48c53d699199144854aecb4205.jpg,authentic,train,640,640,JPEG,37446,False,,images301
roboflow_counterfeit_med_detection,roboflow\train\images4054_jpg.rf.7dd58d3e19bb2951d08cff3f04245424.jpg,authentic,train,640,640,JPEG,46573,False,,images4054
roboflow_counterfeit_med_detection,roboflow\train\images301_jpg.rf.7d91b513fde3fa86cdc7ff05d90eb72e.jpg,authentic,train,640,640,JPEG,35848,False,,images301
roboflow_counterfeit_med_detection,roboflow\train\images5104_jpg.rf.7dc44250f14b7839a30087296167b12a.jpg,authentic,train,640,640,JPEG,25106,False,,images5104
roboflow_counterfeit_med_detection,roboflow\train\images5087_jpg.rf.7e004a67a706085a264d893dcae6251e.jpg,authentic,train,640,640,JPEG,25626,False,,images5087
roboflow_counterfeit_med_detection,roboflow\train\images321_jpg.rf.7de7e031637526b57cb4a956d4ec1a8b.jpg,authentic,train,640,640,JPEG,30277,False,,images321
roboflow_counterfeit_med_detection,roboflow\train\images4066_jpg.rf.7d791b7ed0dbf5b70ac428bf1ef91dd1.jpg,authentic,train,640,640,JPEG,22320,False,,images4066
roboflow_counterfeit_med_detection,roboflow\train\images4040_jpg.rf.7e2841886e00f95996158d5c97e09c7c.jpg,authentic,train,640,640,JPEG,77445,False,,images4040
roboflow_counterfeit_med_detection,roboflow\train\images4039_jpg.rf.7e1e0160da0ea96ce149a5245b45a4f0.jpg,authentic,train,640,640,JPEG,34941,False,,images4039
roboflow_counterfeit_med_detection,roboflow\train\images4048_jpg.rf.7e38f1dab657974b9047313bf30316f3.jpg,authentic,train,640,640,JPEG,45415,False,,images4048
roboflow_counterfeit_med_detection,roboflow\train\images5040_jpg.rf.7dd7d9629cba77877d561a8a8707a112.jpg,authentic,train,640,640,JPEG,83838,False,,images5040
roboflow_counterfeit_med_detection,roboflow\train\images05_jpg.rf.7d712fc8364152d71863e622264be0a3.jpg,authentic,train,640,640,JPEG,29178,False,,images05
roboflow_counterfeit_med_detection,roboflow\train\images4116_jpg.rf.7d7f234592de71e1517f94638f636aed.jpg,authentic,train,640,640,JPEG,32202,False,,images4116
roboflow_counterfeit_med_detection,roboflow\train\images36_jpg.rf.7e7a85e9d12a1c7ee34dbca2678e3363.jpg,authentic,train,640,640,JPEG,31637,False,,images36
roboflow_counterfeit_med_detection,roboflow\train\images4047_jpg.rf.7e797476401ce6fde3ff28345b004938.jpg,authentic,train,640,640,JPEG,49557,False,,images4047
roboflow_counterfeit_med_detection,roboflow\train\images351_jpg.rf.7dcc4b0e028496072a9b1b4701a81931.jpg,authentic,train,640,640,JPEG,43525,False,,images351
roboflow_counterfeit_med_detection,roboflow\train\images5051_jpg.rf.7e91ed5c21f695092946bfbdc53f7422.jpg,authentic,train,640,640,JPEG,24859,False,,images5051
roboflow_counterfeit_med_detection,roboflow\train\images5104_jpg.rf.7ebcb20e37aa124024dae1280a2db7d9.jpg,authentic,train,640,640,JPEG,31454,False,,images5104
roboflow_counterfeit_med_detection,roboflow\train\images4048_jpg.rf.7e144fa9939710982aa1e04e7e2545a6.jpg,authentic,train,640,640,JPEG,34423,False,,images4048
roboflow_counterfeit_med_detection,roboflow\train\images5064_jpg.rf.7eff7bae41643bf5438001294de5c669.jpg,authentic,train,640,640,JPEG,50081,False,,images5064
roboflow_counterfeit_med_detection,roboflow\train\images236_jpg.rf.7f3dd7a8d5127519385440ee9783450d.jpg,authentic,train,640,640,JPEG,50773,False,,images236
roboflow_counterfeit_med_detection,roboflow\train\images38_jpg.rf.7ede07dd1888d5ff66a3eb74eedb70e5.jpg,authentic,train,640,640,JPEG,50147,False,,images38
roboflow_counterfeit_med_detection,roboflow\train\images33_jpg.rf.7f258d5d181f3e1fea3f5f0a0ea8fa98.jpg,authentic,train,640,640,JPEG,38917,False,,images33
roboflow_counterfeit_med_detection,roboflow\train\images4044_jpg.rf.7e737bd039a0559c342ba9238395461b.jpg,authentic,train,640,640,JPEG,62279,False,,images4044
roboflow_counterfeit_med_detection,roboflow\train\images38_jpg.rf.7f0545d336f34d6959a676aacc02c424.jpg,authentic,train,640,640,JPEG,50552,False,,images38
roboflow_counterfeit_med_detection,roboflow\train\images227_jpg.rf.7eddc0dde7e2a8a82aefce8880e62879.jpg,authentic,train,640,640,JPEG,27460,False,,images227
roboflow_counterfeit_med_detection,roboflow\train\images4033_jpg.rf.7f0d2dcb2c96c6aa420516707f07e53a.jpg,authentic,train,640,640,JPEG,61616,False,,images4033
roboflow_counterfeit_med_detection,roboflow\train\images4061_jpg.rf.7f1f983793b2ba17974e2826a8f0e795.jpg,authentic,train,640,640,JPEG,25850,False,,images4061
roboflow_counterfeit_med_detection,roboflow\train\images4063_jpg.rf.7ef9f8b48d38f7254f712e8545fcf3e0.jpg,authentic,train,640,640,JPEG,26699,False,,images4063
roboflow_counterfeit_med_detection,roboflow\train\images352_jpg.rf.7f3d0d552d51d66a90da36adf2fe6f89.jpg,authentic,train,640,640,JPEG,45996,False,,images352
roboflow_counterfeit_med_detection,roboflow\train\images04_jpg.rf.7f50d7d0e1b09d21d465239836d1f5d6.jpg,authentic,train,640,640,JPEG,29755,False,,images04
roboflow_counterfeit_med_detection,roboflow\train\images349_jpg.rf.7ec2b649fe2ae16e9e7fda167d2a54ab.jpg,authentic,train,640,640,JPEG,44833,False,,images349
roboflow_counterfeit_med_detection,roboflow\train\images339_jpg.rf.7f53ed2aa2cdf648e3b397693baa9e34.jpg,authentic,train,640,640,JPEG,55377,False,,images339
roboflow_counterfeit_med_detection,roboflow\train\images4085_jpg.rf.7f42253f29f2fe9309ffed039dc2e5ce.jpg,authentic,train,640,640,JPEG,53004,False,,images4085
roboflow_counterfeit_med_detection,roboflow\train\images5117_jpg.rf.7f7f32f9f1713c353b83e8d5ad24b8ac.jpg,authentic,train,640,640,JPEG,78475,False,,images5117
roboflow_counterfeit_med_detection,roboflow\train\FDA-Advisory-No-2022-0477_2_png.rf.7f98500cb11436bdcf9ad43a51045075.jpg,counterfeit,train,640,640,JPEG,61902,True,bulletin_graphic_with_baked_in_label_text,FDA-Advisory-No-2022-0477_2
roboflow_counterfeit_med_detection,roboflow\train\images276_jpg.rf.7ed7d288cec6d38ce35215cca635a489.jpg,authentic,train,640,640,JPEG,26166,False,,images276
roboflow_counterfeit_med_detection,roboflow\train\images4060_jpg.rf.7f73edd68762a16182c5e88b10f71b77.jpg,authentic,train,640,640,JPEG,47003,False,,images4060
roboflow_counterfeit_med_detection,roboflow\train\images225_jpg.rf.7fb5dc9b6a0f873a10a3d6ecf275f48d.jpg,authentic,train,640,640,JPEG,48905,False,,images225
roboflow_counterfeit_med_detection,roboflow\train\images5114_jpg.rf.7fbf91842bd235eaac40051f4f5186ef.jpg,authentic,train,640,640,JPEG,30668,False,,images5114
roboflow_counterfeit_med_detection,roboflow\train\images315_jpg.rf.7f9d1e086771b7a37cfe624b6f9b2d74.jpg,authentic,train,640,640,JPEG,34931,False,,images315
roboflow_counterfeit_med_detection,roboflow\train\images4068_jpg.rf.7fc30e5ec534b968a0e8ee203ecba68f.jpg,authentic,train,640,640,JPEG,61263,False,,images4068
roboflow_counterfeit_med_detection,roboflow\train\190794092_4121936044529085_8971199346508043266_n_jpg.rf.7fd40c667a4c5029157114582118051c.jpg,counterfeit,train,640,640,JPEG,63791,True,bulletin_graphic_with_baked_in_label_text,190794092_4121936044529085_8971199346508043266_n
roboflow_counterfeit_med_detection,roboflow\train\images5100_jpg.rf.7fdf7a73ed6458d81786bf3a1045f9c7.jpg,authentic,train,640,640,JPEG,33701,False,,images5100
roboflow_counterfeit_med_detection,roboflow\train\images4044_jpg.rf.7fd8b3339c66cbd05bc5a51501070a8c.jpg,authentic,train,640,640,JPEG,60955,False,,images4044
roboflow_counterfeit_med_detection,roboflow\train\images4048_jpg.rf.8089cc07ba7687211212f8b33f5bb84a.jpg,authentic,train,640,640,JPEG,40378,False,,images4048
roboflow_counterfeit_med_detection,roboflow\train\images5032_jpg.rf.80965835258803033b5c8b91d3a5c961.jpg,authentic,train,640,640,JPEG,68842,False,,images5032
roboflow_counterfeit_med_detection,roboflow\train\images340_jpg.rf.8017773d5b11dceb954b25db962c783f.jpg,authentic,train,640,640,JPEG,51515,False,,images340
roboflow_counterfeit_med_detection,roboflow\train\images13_jpg.rf.7fe10262fa0953b8506d7d4dd48064ec.jpg,authentic,train,640,640,JPEG,20845,False,,images13
roboflow_counterfeit_med_detection,roboflow\train\images315_jpg.rf.803bcea76ac6542322a94a88443a93d6.jpg,authentic,train,640,640,JPEG,33049,False,,images315
roboflow_counterfeit_med_detection,roboflow\train\images4038_jpg.rf.8043c17040567f50a6b0559f507ff258.jpg,authentic,train,640,640,JPEG,52590,False,,images4038
roboflow_counterfeit_med_detection,roboflow\train\images5069_jpg.rf.8021c45767a4fa18b03a23a75611f17a.jpg,authentic,train,640,640,JPEG,70923,False,,images5069
roboflow_counterfeit_med_detection,roboflow\train\images320_jpg.rf.7fe1d9a3e96f83d6a5843aec47704c7f.jpg,authentic,train,640,640,JPEG,50525,False,,images320
roboflow_counterfeit_med_detection,roboflow\train\FDA-Advisory-No-2022-0545_png.rf.80983657a68c034f61d33cd385ad55f7.jpg,ambiguous,train,640,640,JPEG,71574,True,dual_label_contradiction,FDA-Advisory-No-2022-0545
roboflow_counterfeit_med_detection,roboflow\train\images4031_jpg.rf.7fe39206e7c66881656fc2add1192408.jpg,authentic,train,640,640,JPEG,29962,False,,images4031
roboflow_counterfeit_med_detection,roboflow\train\images212_jpg.rf.8101699cbfdff2abb2cbd4782de837d5.jpg,authentic,train,640,640,JPEG,32920,False,,images212
roboflow_counterfeit_med_detection,roboflow\train\images4035_jpg.rf.80ed4e996634ee6dc607a9a5f1929bcc.jpg,authentic,train,640,640,JPEG,105055,False,,images4035
roboflow_counterfeit_med_detection,roboflow\train\images5069_jpg.rf.80b51f21f82cdcf3174fabf9394a1cc7.jpg,authentic,train,640,640,JPEG,67738,False,,images5069
roboflow_counterfeit_med_detection,roboflow\train\images43_jpg.rf.7ffd1cbc7b1d13ffb2a11b89b948287f.jpg,authentic,train,640,640,JPEG,45304,False,,images43
roboflow_counterfeit_med_detection,roboflow\train\images4039_jpg.rf.80e9b00fe26b47c932d783d954085f65.jpg,authentic,train,640,640,JPEG,61479,False,,images4039
roboflow_counterfeit_med_detection,roboflow\train\images338_jpg.rf.80dea2004855a861400727e67a82c739.jpg,authentic,train,640,640,JPEG,38709,False,,images338
roboflow_counterfeit_med_detection,roboflow\train\images348_jpg.rf.8032180eff62621a7cbe24be21300b7c.jpg,authentic,train,640,640,JPEG,33077,False,,images348
roboflow_counterfeit_med_detection,roboflow\train\images4031_jpg.rf.8010fae727fc9ff7e2de444e9836ec3d.jpg,authentic,train,640,640,JPEG,47479,False,,images4031
roboflow_counterfeit_med_detection,roboflow\train\images4044_jpg.rf.812e4de566cff1237ea9d8e0b699f147.jpg,authentic,train,640,640,JPEG,61993,False,,images4044
roboflow_counterfeit_med_detection,roboflow\train\images340_jpg.rf.8019af8be67a1b85d4f590d5fc6ab3b4.jpg,authentic,train,640,640,JPEG,42555,False,,images340
roboflow_counterfeit_med_detection,roboflow\train\images5080_jpg.rf.8020b30240343fdacf7c6df8c332e010.jpg,authentic,train,640,640,JPEG,49407,False,,images5080
roboflow_counterfeit_med_detection,roboflow\train\images4035_jpg.rf.81393522abc9ec288d3cdd928eaa2c62.jpg,authentic,train,640,640,JPEG,106097,False,,images4035
roboflow_counterfeit_med_detection,roboflow\train\bioflu_jpg.rf.80d8e32e9319d6527f30cabb26de7896.jpg,ambiguous,train,640,640,JPEG,48485,True,dual_label_contradiction,bioflu
roboflow_counterfeit_med_detection,roboflow\train\images4048_jpg.rf.809b61cd67413d86f7a4688fda7f5d43.jpg,authentic,train,640,640,JPEG,33920,False,,images4048
roboflow_counterfeit_med_detection,roboflow\train\images245_jpg.rf.81a8104f7f036ce3ee12b9b496c2633e.jpg,authentic,train,640,640,JPEG,32748,False,,images245
roboflow_counterfeit_med_detection,roboflow\train\images4058_jpg.rf.8156490a726f618ec6e37673589ff2d6.jpg,authentic,train,640,640,JPEG,36683,False,,images4058
roboflow_counterfeit_med_detection,roboflow\train\images241_jpg.rf.8001697c4f78964356ec6c46f116704c.jpg,authentic,train,640,640,JPEG,46606,False,,images241
roboflow_counterfeit_med_detection,roboflow\train\images351_jpg.rf.81bb9e3ef578d7ac83f1bfc0b56d1efe.jpg,authentic,train,640,640,JPEG,47267,False,,images351
roboflow_counterfeit_med_detection,roboflow\train\images266_jpg.rf.8160b7fd639eeff693af04cbe2140327.jpg,authentic,train,640,640,JPEG,33083,False,,images266
roboflow_counterfeit_med_detection,roboflow\train\images275_jpg.rf.8153e6a858631f309a3010adca87fa2b.jpg,authentic,train,640,640,JPEG,28603,False,,images275
roboflow_counterfeit_med_detection,roboflow\train\images348_jpg.rf.81de00f33cf72e11192885b1444357c9.jpg,authentic,train,640,640,JPEG,31368,False,,images348
roboflow_counterfeit_med_detection,roboflow\train\images43_jpg.rf.81a5871f73cab30edfafe2072dfe442d.jpg,authentic,train,640,640,JPEG,46306,False,,images43
roboflow_counterfeit_med_detection,roboflow\train\images46_jpg.rf.828efdea1a4a14cb7658eaf91c307d48.jpg,authentic,train,640,640,JPEG,25256,False,,images46
roboflow_counterfeit_med_detection,roboflow\train\images33_jpg.rf.8247c0c1467e0cc071d10bf9f305ff22.jpg,authentic,train,640,640,JPEG,34053,False,,images33
roboflow_counterfeit_med_detection,roboflow\train\images4025_jpg.rf.825ffb34b912db8bfa2b853a7826ae6b.jpg,authentic,train,640,640,JPEG,32808,False,,images4025
roboflow_counterfeit_med_detection,roboflow\train\images342_jpg.rf.815dc4095ac48d673fdeb229831aaa0a.jpg,authentic,train,640,640,JPEG,23494,False,,images342
roboflow_counterfeit_med_detection,roboflow\train\images19_jpg.rf.81e9e522594d1f7fd4f9c34a78239f47.jpg,authentic,train,640,640,JPEG,52814,False,,images19
roboflow_counterfeit_med_detection,roboflow\train\images4042_jpg.rf.8202c620d803f88d2fa3adcac165c69f.jpg,authentic,train,640,640,JPEG,37388,False,,images4042
roboflow_counterfeit_med_detection,roboflow\train\images4093_jpg.rf.8286c9d41c68a3e79d19c65a776236e8.jpg,authentic,train,640,640,JPEG,26413,False,,images4093
roboflow_counterfeit_med_detection,roboflow\train\images262_jpg.rf.817e254abee92c8aff3a9d9e5f656f70.jpg,authentic,train,640,640,JPEG,31603,False,,images262
roboflow_counterfeit_med_detection,roboflow\train\images35_jpg.rf.81cbb022707a61cd6e04da16d276288b.jpg,authentic,train,640,640,JPEG,42002,False,,images35
roboflow_counterfeit_med_detection,roboflow\train\FDA-Advisory-No-2022-0611-26_png.rf.81622993c34e5186862a253171b763b3.jpg,counterfeit,train,640,640,JPEG,59188,True,bulletin_graphic_with_baked_in_label_text,FDA-Advisory-No-2022-0611-26
roboflow_counterfeit_med_detection,roboflow\train\FDA-Advisory-No-2022-0611-32_png.rf.823c52f8a646d17bac5f2e1cb47f59b4.jpg,counterfeit,train,640,640,JPEG,44956,True,bulletin_graphic_with_baked_in_label_text,FDA-Advisory-No-2022-0611-32
roboflow_counterfeit_med_detection,roboflow\train\images14_jpg.rf.82628244fb604ebd06a5b608d5a5c332.jpg,authentic,train,640,640,JPEG,47175,False,,images14
roboflow_counterfeit_med_detection,roboflow\train\images239_jpg.rf.81d61be3789e54e2cc91ba77e6682512.jpg,authentic,train,640,640,JPEG,44706,False,,images239
roboflow_counterfeit_med_detection,roboflow\train\FDA-Advisory-No-2022-0611-32_png.rf.827ee55fa1c07e19b17abcb92bb76bd7.jpg,counterfeit,train,640,640,JPEG,48474,True,bulletin_graphic_with_baked_in_label_text,FDA-Advisory-No-2022-0611-32
roboflow_counterfeit_med_detection,roboflow\train\images4045_jpg.rf.81bbd69af883e1f9562c0377346345ae.jpg,authentic,train,640,640,JPEG,39967,False,,images4045
roboflow_counterfeit_med_detection,roboflow\train\images4033_jpg.rf.82bf543ff9382751396e6199aaa66181.jpg,authentic,train,640,640,JPEG,62856,False,,images4033
roboflow_counterfeit_med_detection,roboflow\train\images5111_jpg.rf.82d8326d21e21f9f874e4ceccdee1f55.jpg,authentic,train,640,640,JPEG,28983,False,,images5111
roboflow_counterfeit_med_detection,roboflow\train\images4060_jpg.rf.82a9a4ad81b10230bc9a9d3f2aa2c3e8.jpg,authentic,train,640,640,JPEG,71521,False,,images4060
roboflow_counterfeit_med_detection,roboflow\train\images4025_jpg.rf.81643c42fed6468a776c44c1b208f009.jpg,authentic,train,640,640,JPEG,26555,False,,images4025
roboflow_counterfeit_med_detection,roboflow\train\images5045_jpg.rf.82c5f66cacde4b888018f36154b4f9b6.jpg,authentic,train,640,640,JPEG,38312,False,,images5045
roboflow_counterfeit_med_detection,roboflow\train\images4058_jpg.rf.83cd8c968298c82c1047c599ff6a6f26.jpg,authentic,train,640,640,JPEG,32539,False,,images4058
roboflow_counterfeit_med_detection,roboflow\train\images4066_jpg.rf.83e8b1891e6affefe7bc560dcf2fe927.jpg,authentic,train,640,640,JPEG,25581,False,,images4066
roboflow_counterfeit_med_detection,roboflow\train\images339_jpg.rf.84081bbfd304dcd3ce9c4945e58a2fdb.jpg,authentic,train,640,640,JPEG,44468,False,,images339
roboflow_counterfeit_med_detection,roboflow\train\images4124_jpg.rf.8372e1fbfb0c99f006c754fb82736eea.jpg,authentic,train,640,640,JPEG,24818,False,,images4124
roboflow_counterfeit_med_detection,roboflow\train\images201_jpg.rf.840a3603bfbda60daa4d42ab545a5450.jpg,authentic,train,640,640,JPEG,43115,False,,images201
roboflow_counterfeit_med_detection,roboflow\train\images5126_jpg.rf.83e64f764d8c99660d0c319d6fe6863e.jpg,authentic,train,640,640,JPEG,43082,False,,images5126
roboflow_counterfeit_med_detection,roboflow\train\images47_jpg.rf.82d054099de018db8a78a9a89f6e6baf.jpg,authentic,train,640,640,JPEG,31857,False,,images47
roboflow_counterfeit_med_detection,roboflow\train\images214_jpg.rf.8324f35744e93e0e04ec0e19f809eb5a.jpg,authentic,train,640,640,JPEG,32793,False,,images214
roboflow_counterfeit_med_detection,roboflow\train\images4033_jpg.rf.83627977417d5101d04a090ccd32d5e8.jpg,authentic,train,640,640,JPEG,60093,False,,images4033
roboflow_counterfeit_med_detection,roboflow\train\images4100_jpg.rf.82e65ac45e864e3e15ba9694dad7f617.jpg,authentic,train,640,640,JPEG,66486,False,,images4100
roboflow_counterfeit_med_detection,roboflow\train\images5030_jpg.rf.83fd118622dfdd44ca7df45f69ae8907.jpg,authentic,train,640,640,JPEG,33612,False,,images5030
roboflow_counterfeit_med_detection,roboflow\train\images23_jpg.rf.8423f5571a2ee833337839dc7620d657.jpg,authentic,train,640,640,JPEG,29730,False,,images23
roboflow_counterfeit_med_detection,roboflow\train\images4031_jpg.rf.8472be0c7dbe3567360fd54689c0ff48.jpg,authentic,train,640,640,JPEG,39391,False,,images4031
roboflow_counterfeit_med_detection,roboflow\train\images46_jpg.rf.82fb5b414e7f761dd76a333dc80f38c7.jpg,authentic,train,640,640,JPEG,29600,False,,images46
roboflow_counterfeit_med_detection,roboflow\train\images5095_jpg.rf.843470cc52aa9ec47c55a325a304493c.jpg,authentic,train,640,640,JPEG,56539,False,,images5095
roboflow_counterfeit_med_detection,roboflow\train\images4047_jpg.rf.84141e31184f03f7bd9b9a6bfa916217.jpg,authentic,train,640,640,JPEG,44547,False,,images4047
roboflow_counterfeit_med_detection,roboflow\train\images209_jpg.rf.8445b397b10f3186954aa327d4aadb37.jpg,authentic,train,640,640,JPEG,40565,False,,images209
roboflow_counterfeit_med_detection,roboflow\train\images4040_jpg.rf.84531459f50b10ded4ae83f728a17710.jpg,authentic,train,640,640,JPEG,84753,False,,images4040
roboflow_counterfeit_med_detection,roboflow\train\images11_jpg.rf.84a095772c0786a96bd1ab8651221721.jpg,authentic,train,640,640,JPEG,64492,False,,images11
roboflow_counterfeit_med_detection,roboflow\train\images256_jpg.rf.83598bfec703d2b04ea208bc5accd457.jpg,authentic,train,640,640,JPEG,44150,False,,images256
roboflow_counterfeit_med_detection,roboflow\train\images5034_jpg.rf.84a80fb216c00475b812975a0f3be690.jpg,authentic,train,640,640,JPEG,44653,False,,images5034
roboflow_counterfeit_med_detection,roboflow\train\110334045_3244498002272898_7054935609460571205_n_jpg.rf.8475b4b9bad7abce6cf566d1d1a29984.jpg,counterfeit,train,640,640,JPEG,48273,True,bulletin_graphic_with_baked_in_label_text,110334045_3244498002272898_7054935609460571205_n
roboflow_counterfeit_med_detection,roboflow\train\images36_jpg.rf.84ec9a7b315632c364c1f1d5d4648ad8.jpg,authentic,train,640,640,JPEG,35942,False,,images36
roboflow_counterfeit_med_detection,roboflow\train\images4088_jpg.rf.84dfc3a31d8037595e6a8352720237fa.jpg,authentic,train,640,640,JPEG,16197,False,,images4088
roboflow_counterfeit_med_detection,roboflow\train\images348_jpg.rf.84b1bb8dcdb16463bad0c5a816acd3bd.jpg,authentic,train,640,640,JPEG,30226,False,,images348
roboflow_counterfeit_med_detection,roboflow\train\images4044_jpg.rf.84aececb40265250344344cba8de18d1.jpg,authentic,train,640,640,JPEG,63983,False,,images4044
roboflow_counterfeit_med_detection,roboflow\train\images265_jpg.rf.851be93523da86832d2128813aeb8a07.jpg,authentic,train,640,640,JPEG,38545,False,,images265
roboflow_counterfeit_med_detection,roboflow\train\images338_jpg.rf.84e12005c1ef0243f1565df05caf2f90.jpg,authentic,train,640,640,JPEG,27187,False,,images338
roboflow_counterfeit_med_detection,roboflow\train\images4048_jpg.rf.84ec9a8ee9acac368520ff033e115e8d.jpg,authentic,train,640,640,JPEG,43939,False,,images4048
roboflow_counterfeit_med_detection,roboflow\train\images5104_jpg.rf.841f066bdfa2fb5ea90010a1c269a3ee.jpg,authentic,train,640,640,JPEG,29115,False,,images5104
roboflow_counterfeit_med_detection,roboflow\train\images5064_jpg.rf.82f72a12a7706740ea94d7127392dccc.jpg,authentic,train,640,640,JPEG,53751,False,,images5064
roboflow_counterfeit_med_detection,roboflow\train\images201_jpg.rf.850e7f9b442cc4abdf48442f934049bd.jpg,authentic,train,640,640,JPEG,50219,False,,images201
roboflow_counterfeit_med_detection,roboflow\train\images37_jpg.rf.852b315017fd7fd40b338bf1c30703c8.jpg,authentic,train,640,640,JPEG,32629,False,,images37
roboflow_counterfeit_med_detection,roboflow\train\images4090_jpg.rf.857f1695d4788e4c340670b1ac06ecc9.jpg,authentic,train,640,640,JPEG,19697,False,,images4090
roboflow_counterfeit_med_detection,roboflow\train\images346_jpg.rf.8575d8d27091ba4dfc1e81213dc43dcd.jpg,authentic,train,640,640,JPEG,24467,False,,images346
roboflow_counterfeit_med_detection,roboflow\train\images320_jpg.rf.854214e21a8a97f26db796bea41abb6a.jpg,authentic,train,640,640,JPEG,26463,False,,images320
roboflow_counterfeit_med_detection,roboflow\train\images4087_jpg.rf.853473e6595f82b6f964aa4d3135cdbb.jpg,authentic,train,640,640,JPEG,38325,False,,images4087
roboflow_counterfeit_med_detection,roboflow\train\images5096_jpg.rf.c5eacbf9f96173d7840fa23dcc2e77c8.jpg,authentic,train,640,640,JPEG,56577,False,,images5096
roboflow_counterfeit_med_detection,roboflow\train\bioflu_jpg.rf.c6b9696692481cc98d99ac1b4e6930a3.jpg,ambiguous,train,640,640,JPEG,57129,True,dual_label_contradiction,bioflu
roboflow_counterfeit_med_detection,roboflow\train\images339_jpg.rf.c5bd383282ba9ea2745ee465d5bc6c36.jpg,authentic,train,640,640,JPEG,53679,False,,images339
roboflow_counterfeit_med_detection,roboflow\train\images349_jpg.rf.c735e90baa7a17bb2471ad04d86c0b2c.jpg,authentic,train,640,640,JPEG,40853,False,,images349
roboflow_counterfeit_med_detection,roboflow\train\images4038_jpg.rf.c5be6f03875f2f9c1758e127c50efe49.jpg,authentic,train,640,640,JPEG,60451,False,,images4038
roboflow_counterfeit_med_detection,roboflow\train\2020-1348_2-1-_jpg.rf.c627c1d74bd6ea2f16dd5fb6715d22f7.jpg,counterfeit,train,640,640,JPEG,62222,True,bulletin_graphic_with_baked_in_label_text,2020-1348_2-1-
roboflow_counterfeit_med_detection,roboflow\train\images5113_jpg.rf.c6735489b1dc41b6bef3fe44c72f65aa.jpg,authentic,train,640,640,JPEG,37883,False,,images5113
roboflow_counterfeit_med_detection,roboflow\train\images5087_jpg.rf.c68dfaf92898828bc10f4420dad73db0.jpg,authentic,train,640,640,JPEG,28056,False,,images5087
roboflow_counterfeit_med_detection,roboflow\train\images5085_jpg.rf.c708fe4296facaf52a559ae5f4bea85f.jpg,authentic,train,640,640,JPEG,57625,False,,images5085
roboflow_counterfeit_med_detection,roboflow\train\images302_jpg.rf.c5cc3b5f004d17d5278a5fdf4dc774c2.jpg,authentic,train,640,640,JPEG,37729,False,,images302
roboflow_counterfeit_med_detection,roboflow\train\images4093_jpg.rf.c650e08c2cd09389aa4e9d7630c1b151.jpg,authentic,train,640,640,JPEG,28381,False,,images4093
roboflow_counterfeit_med_detection,roboflow\train\images4035_jpg.rf.c6703076058a5ae02fa285037b7170ef.jpg,authentic,train,640,640,JPEG,94051,False,,images4035
roboflow_counterfeit_med_detection,roboflow\train\images01_jpg.rf.c6b01cfa13c32bf1f6f4399f41f81d86.jpg,authentic,train,640,640,JPEG,38878,False,,images01
roboflow_counterfeit_med_detection,roboflow\train\images08_jpg.rf.c60337dfe1450d3dc89336d0abc86dec.jpg,authentic,train,640,640,JPEG,60124,False,,images08
roboflow_counterfeit_med_detection,roboflow\train\images245_jpg.rf.c5fc859d162fb175340f7ec5280f18c2.jpg,authentic,train,640,640,JPEG,27418,False,,images245
roboflow_counterfeit_med_detection,roboflow\train\images5031_jpg.rf.c6a65afd3a696dd9d808ceca03c26ef9.jpg,authentic,train,640,640,JPEG,42019,False,,images5031
roboflow_counterfeit_med_detection,roboflow\train\109118801_3244498252272873_7164080379624931851_n_jpg.rf.c5cdf4a1b46a0ed4f982d80eadd2fc2d.jpg,counterfeit,train,640,640,JPEG,62079,True,bulletin_graphic_with_baked_in_label_text,109118801_3244498252272873_7164080379624931851_n
roboflow_counterfeit_med_detection,roboflow\train\images4064_jpg.rf.c60b975839d0a01e2fa84ac385da3852.jpg,authentic,train,640,640,JPEG,32458,False,,images4064
roboflow_counterfeit_med_detection,roboflow\train\images4038_jpg.rf.c6ad1e401ce9721dc133150b3962ed6f.jpg,authentic,train,640,640,JPEG,43232,False,,images4038
roboflow_counterfeit_med_detection,roboflow\train\images4040_jpg.rf.c76d9b22e9db6201bf1f40ca6fd4b085.jpg,authentic,train,640,640,JPEG,60761,False,,images4040
roboflow_counterfeit_med_detection,roboflow\train\images5041_jpg.rf.c5d3ec40755ef0929fe583e900e21e15.jpg,authentic,train,640,640,JPEG,75912,False,,images5041
roboflow_counterfeit_med_detection,roboflow\train\images339_jpg.rf.c5e37643dac3e2ac67ec3a62371074e3.jpg,authentic,train,640,640,JPEG,53513,False,,images339
roboflow_counterfeit_med_detection,roboflow\train\images07_jpg.rf.c764f90ebcc833d779c72afe457dc48b.jpg,authentic,train,640,640,JPEG,81980,False,,images07
roboflow_counterfeit_med_detection,roboflow\train\images4042_jpg.rf.c6cbc443f79f03c35b6ec2648566d647.jpg,authentic,train,640,640,JPEG,29880,False,,images4042
roboflow_counterfeit_med_detection,roboflow\train\images5106_jpg.rf.c60d41d886b1d2b7396eb246e12f01fd.jpg,authentic,train,640,640,JPEG,42197,False,,images5106
roboflow_counterfeit_med_detection,roboflow\train\images239_jpg.rf.c753fa3ebaa1f98eb83c49911018534e.jpg,authentic,train,640,640,JPEG,39722,False,,images239
roboflow_counterfeit_med_detection,roboflow\train\images5127_jpg.rf.c74904d0f51f67e80e1ab4a37b10aaa9.jpg,authentic,train,640,640,JPEG,42782,False,,images5127
roboflow_counterfeit_med_detection,roboflow\train\images5114_jpg.rf.c6176857660de6f59dfa4e121719f358.jpg,authentic,train,640,640,JPEG,30445,False,,images5114
roboflow_counterfeit_med_detection,roboflow\train\images4066_jpg.rf.c7749b7ec638e9d96fbee5bddfb03398.jpg,authentic,train,640,640,JPEG,28601,False,,images4066
roboflow_counterfeit_med_detection,roboflow\train\images303_jpg.rf.c5e3ffb3d114ef396489a77d7cc2692d.jpg,authentic,train,640,640,JPEG,43644,False,,images303
roboflow_counterfeit_med_detection,roboflow\train\images5069_jpg.rf.c740ef32eab4995f259877b2e510d171.jpg,authentic,train,640,640,JPEG,80023,False,,images5069
roboflow_counterfeit_med_detection,roboflow\train\images5116_jpg.rf.c795034e3ca506f8059d0266fc9df7cc.jpg,authentic,train,640,640,JPEG,70879,False,,images5116
roboflow_counterfeit_med_detection,roboflow\train\images4065_jpg.rf.c78b4aca3bafbec85538b0011d83e5a3.jpg,authentic,train,640,640,JPEG,17444,False,,images4065
roboflow_counterfeit_med_detection,roboflow\train\images339_jpg.rf.c7b4a26da3a9e3c43f229fc0c1dc6743.jpg,authentic,train,640,640,JPEG,53434,False,,images339
roboflow_counterfeit_med_detection,roboflow\train\images347_jpg.rf.c8390e53cccb3cf603d5ffbf3660cd8f.jpg,authentic,train,640,640,JPEG,29310,False,,images347
roboflow_counterfeit_med_detection,roboflow\train\images38_jpg.rf.c7f4f8f2b550548a1a80cae3482f0c09.jpg,authentic,train,640,640,JPEG,39220,False,,images38
roboflow_counterfeit_med_detection,roboflow\train\images4025_jpg.rf.c7eaa3d13dcfb3d27a0988a6e44a5109.jpg,authentic,train,640,640,JPEG,35701,False,,images4025
roboflow_counterfeit_med_detection,roboflow\train\images36_jpg.rf.c84fa1e102bf5ae5d10c1bbb9a56f94e.jpg,authentic,train,640,640,JPEG,30713,False,,images36
roboflow_counterfeit_med_detection,roboflow\train\images4040_jpg.rf.c830774630ea84a0657df370d26575a7.jpg,authentic,train,640,640,JPEG,76725,False,,images4040
roboflow_counterfeit_med_detection,roboflow\train\images5103_jpg.rf.c83f2bdfa7dbaa66aa53a91c7d3e6dff.jpg,authentic,train,640,640,JPEG,28865,False,,images5103
roboflow_counterfeit_med_detection,roboflow\train\images4095_jpg.rf.c849ab102f7eae2366848f1b4524f057.jpg,authentic,train,640,640,JPEG,24653,False,,images4095
roboflow_counterfeit_med_detection,roboflow\train\images43_jpg.rf.c89aff72c063f2c9f58cea6d07fe3c9b.jpg,authentic,train,640,640,JPEG,44346,False,,images43
roboflow_counterfeit_med_detection,roboflow\train\images4038_jpg.rf.c8d9e14597359c378a866aed2df1136d.jpg,authentic,train,640,640,JPEG,50928,False,,images4038
roboflow_counterfeit_med_detection,roboflow\train\images4039_jpg.rf.c8becf9da161b60eb65f3f2c0a8cf1ee.jpg,authentic,train,640,640,JPEG,47190,False,,images4039
roboflow_counterfeit_med_detection,roboflow\train\images4066_jpg.rf.c87e954940b6d2420f142c7e53e12946.jpg,authentic,train,640,640,JPEG,29532,False,,images4066
roboflow_counterfeit_med_detection,roboflow\train\images5087_jpg.rf.c99842bd770e952d65b900c802bd6db3.jpg,authentic,train,640,640,JPEG,25323,False,,images5087
roboflow_counterfeit_med_detection,roboflow\train\images346_jpg.rf.c920c4787fea53e3940c8b12dcd3e7b4.jpg,authentic,train,640,640,JPEG,25753,False,,images346
roboflow_counterfeit_med_detection,roboflow\train\images338_jpg.rf.c8dace5a563d365be12523aa30f4b28e.jpg,authentic,train,640,640,JPEG,38223,False,,images338
roboflow_counterfeit_med_detection,roboflow\train\images5085_jpg.rf.c8a9c75558e934cf5015cbfe7ff1c0cf.jpg,authentic,train,640,640,JPEG,50225,False,,images5085
roboflow_counterfeit_med_detection,roboflow\train\images349_jpg.rf.c906367afa818a14d7b3243aedd2a711.jpg,authentic,train,640,640,JPEG,50687,False,,images349
roboflow_counterfeit_med_detection,roboflow\train\images349_jpg.rf.c8f10d7d19ef0e094cd5cdd063720282.jpg,authentic,train,640,640,JPEG,46551,False,,images349
roboflow_counterfeit_med_detection,roboflow\train\images4040_jpg.rf.c8c53e6e01dd12e03d012d0cb16d558a.jpg,authentic,train,640,640,JPEG,74980,False,,images4040
roboflow_counterfeit_med_detection,roboflow\train\images4054_jpg.rf.c85b6fbf833df728eedfd8b208043888.jpg,authentic,train,640,640,JPEG,56254,False,,images4054
roboflow_counterfeit_med_detection,roboflow\train\images5113_jpg.rf.c9b653a812b7ee9a4eb5fb77cf668e48.jpg,authentic,train,640,640,JPEG,36193,False,,images5113
roboflow_counterfeit_med_detection,roboflow\train\images263_jpg.rf.c95c7ce5af2361d718d89270b4d3f44c.jpg,authentic,train,640,640,JPEG,40098,False,,images263
roboflow_counterfeit_med_detection,roboflow\train\images05_jpg.rf.c9ada6df8362e7fc1c79d1ada50dec36.jpg,authentic,train,640,640,JPEG,24486,False,,images05
roboflow_counterfeit_med_detection,roboflow\train\images5107_jpg.rf.c9220a770039e371e3eb7601fcf92347.jpg,authentic,train,640,640,JPEG,26085,False,,images5107
roboflow_counterfeit_med_detection,roboflow\train\images4085_jpg.rf.c9bfe5be22f0c11d6100da5129e01679.jpg,authentic,train,640,640,JPEG,74896,False,,images4085
roboflow_counterfeit_med_detection,roboflow\train\images347_jpg.rf.c98376afe9b9e7a8202499368ed1f899.jpg,authentic,train,640,640,JPEG,21915,False,,images347
roboflow_counterfeit_med_detection,roboflow\train\FDA-Advisory-No-2022-0611-32_png.rf.c8b7cb91e36402473e5edc175f6b6cf1.jpg,counterfeit,train,640,640,JPEG,36045,True,bulletin_graphic_with_baked_in_label_text,FDA-Advisory-No-2022-0611-32
roboflow_counterfeit_med_detection,roboflow\train\images340_jpg.rf.c9f3cb13755366b1f8bd3e8b15d9fcda.jpg,authentic,train,640,640,JPEG,51024,False,,images340
roboflow_counterfeit_med_detection,roboflow\train\images4039_jpg.rf.c9cf968ea7d28290a6dccb0d7deec3c1.jpg,authentic,train,640,640,JPEG,59160,False,,images4039
roboflow_counterfeit_med_detection,roboflow\train\images5064_jpg.rf.c9d9fcee10bb0e1a306f8b9c942eb475.jpg,authentic,train,640,640,JPEG,45796,False,,images5064
roboflow_counterfeit_med_detection,roboflow\train\images4100_jpg.rf.c986e81759a22a4414c6062ae8f92554.jpg,authentic,train,640,640,JPEG,63557,False,,images4100
roboflow_counterfeit_med_detection,roboflow\train\images5063_jpg.rf.c9df9d3b29e51110eb5e94325a98e33c.jpg,authentic,train,640,640,JPEG,26532,False,,images5063
roboflow_counterfeit_med_detection,roboflow\train\images4035_jpg.rf.ca047aaa51cd5070a5d3520cd987863a.jpg,authentic,train,640,640,JPEG,63832,False,,images4035
roboflow_counterfeit_med_detection,roboflow\train\images283_jpg.rf.c9fe55392cd13b15ba42f6f1c1f949a8.jpg,authentic,train,640,640,JPEG,52264,False,,images283
roboflow_counterfeit_med_detection,roboflow\train\images335_jpg.rf.ca150423ceab559925c2151f46f439ef.jpg,authentic,train,640,640,JPEG,44325,False,,images335
roboflow_counterfeit_med_detection,roboflow\train\images5080_jpg.rf.ca1da16a6f9e5d2e05cb27dfc01db99d.jpg,authentic,train,640,640,JPEG,39616,False,,images5080
roboflow_counterfeit_med_detection,roboflow\train\images5056_jpg.rf.ca2254dc0044e87685ececc58797c54a.jpg,authentic,train,640,640,JPEG,46801,False,,images5056
roboflow_counterfeit_med_detection,roboflow\train\images241_jpg.rf.ca5726b03ea89dc44ec8a9d6a52595ac.jpg,authentic,train,640,640,JPEG,58161,False,,images241
roboflow_counterfeit_med_detection,roboflow\train\images265_jpg.rf.ca2ac186d49a14160e8a262ce9225ba0.jpg,authentic,train,640,640,JPEG,44132,False,,images265
roboflow_counterfeit_med_detection,roboflow\train\images4046_jpg.rf.ca4df35e396ed9f938d6dbdd6bfefc48.jpg,authentic,train,640,640,JPEG,88336,False,,images4046
roboflow_counterfeit_med_detection,roboflow\train\images301_jpg.rf.ca2741423f8d81ff18294b3d6cfb7886.jpg,authentic,train,640,640,JPEG,34987,False,,images301
roboflow_counterfeit_med_detection,roboflow\train\images315_jpg.rf.ca651e456c686d7759be6b43e0286178.jpg,authentic,train,640,640,JPEG,34761,False,,images315
roboflow_counterfeit_med_detection,roboflow\train\images4058_jpg.rf.cab153ef8964431d3508764b30d10f9d.jpg,authentic,train,640,640,JPEG,37822,False,,images4058
roboflow_counterfeit_med_detection,roboflow\train\images5096_jpg.rf.cb3e737636a8481410c5ed242bf98643.jpg,authentic,train,640,640,JPEG,55354,False,,images5096
roboflow_counterfeit_med_detection,roboflow\train\images264_jpg.rf.cae9df775a7c4622df81caf9d1430560.jpg,authentic,train,640,640,JPEG,21898,False,,images264
roboflow_counterfeit_med_detection,roboflow\train\images4060_jpg.rf.ca5e953bdf2356b9b015b2a38ca91066.jpg,authentic,train,640,640,JPEG,65274,False,,images4060
roboflow_counterfeit_med_detection,roboflow\train\images5059_jpg.rf.ca5f81c8358aa7ca06117799fd194bda.jpg,authentic,train,640,640,JPEG,35671,False,,images5059
roboflow_counterfeit_med_detection,roboflow\train\109573147_3244498132272885_6335025209478035818_n_jpg.rf.caa69d31f0d94a41736f2c81a06c8445.jpg,counterfeit,train,640,640,JPEG,62882,True,bulletin_graphic_with_baked_in_label_text,109573147_3244498132272885_6335025209478035818_n
roboflow_counterfeit_med_detection,roboflow\train\images255_jpg.rf.cb0331302eef7c50ca73ddbb47702e63.jpg,authentic,train,640,640,JPEG,34158,False,,images255
roboflow_counterfeit_med_detection,roboflow\train\images351_jpg.rf.ca4125f70d586c2702da6771f13a081e.jpg,authentic,train,640,640,JPEG,45429,False,,images351
roboflow_counterfeit_med_detection,roboflow\train\images13_jpg.rf.ca7da2c5cfed390dba8ce64edf31429b.jpg,authentic,train,640,640,JPEG,21412,False,,images13
roboflow_counterfeit_med_detection,roboflow\train\images08_jpg.rf.ca83b6e63f3ad7e4eebbf65e22438661.jpg,authentic,train,640,640,JPEG,53387,False,,images08
roboflow_counterfeit_med_detection,roboflow\train\images5052_jpg.rf.cae4fc17a97feb392a12670f798804e9.jpg,authentic,train,640,640,JPEG,83329,False,,images5052
roboflow_counterfeit_med_detection,roboflow\train\images5080_jpg.rf.cb2add511688c5557fb0c26a83e81cd2.jpg,authentic,train,640,640,JPEG,46552,False,,images5080
roboflow_counterfeit_med_detection,roboflow\train\images240_jpg.rf.cace3333c722ea632f2369a5fa717745.jpg,authentic,train,640,640,JPEG,55108,False,,images240
roboflow_counterfeit_med_detection,roboflow\train\images252_jpg.rf.ca5881a8bf5961eccf87394aee36f476.jpg,authentic,train,640,640,JPEG,58213,False,,images252
roboflow_counterfeit_med_detection,roboflow\train\images09_jpg.rf.cb4c5bc79324621d5660c5df48059408.jpg,authentic,train,640,640,JPEG,46850,False,,images09
roboflow_counterfeit_med_detection,roboflow\train\images342_jpg.rf.cb0bf680b39c51582e5ac04f6d4124c8.jpg,authentic,train,640,640,JPEG,24276,False,,images342
roboflow_counterfeit_med_detection,roboflow\train\images4124_jpg.rf.caded2695bd02cadf8afb81b833a0990.jpg,authentic,train,640,640,JPEG,25236,False,,images4124
roboflow_counterfeit_med_detection,roboflow\train\images33_jpg.rf.cb52189774e5f827a81d7ac4fd644a07.jpg,authentic,train,640,640,JPEG,32866,False,,images33
roboflow_counterfeit_med_detection,roboflow\train\images4031_jpg.rf.cae3f8bcbe74648e1f21aa36ea0e3ac2.jpg,authentic,train,640,640,JPEG,38999,False,,images4031
roboflow_counterfeit_med_detection,roboflow\train\images5117_jpg.rf.caa331734691245dd8a2c3324f31b13c.jpg,authentic,train,640,640,JPEG,82671,False,,images5117
roboflow_counterfeit_med_detection,roboflow\train\images213_jpg.rf.cb7266db0eddda2905c9e5c158dbb10c.jpg,authentic,train,640,640,JPEG,41168,False,,images213
roboflow_counterfeit_med_detection,roboflow\train\images5111_jpg.rf.cb72d597ce1295d38860b4a3b18213f7.jpg,authentic,train,640,640,JPEG,28949,False,,images5111
roboflow_counterfeit_med_detection,roboflow\train\images5112_jpg.rf.ca6fca136718e9b07f65c09d0488826a.jpg,authentic,train,640,640,JPEG,44513,False,,images5112
roboflow_counterfeit_med_detection,roboflow\train\images312_jpg.rf.cb66bbade287ec376fb7023107521405.jpg,authentic,train,640,640,JPEG,48408,False,,images312
roboflow_counterfeit_med_detection,roboflow\train\images260_jpg.rf.cb8cbc513d8d063d974de3b92e05c22d.jpg,authentic,train,640,640,JPEG,35704,False,,images260
roboflow_counterfeit_med_detection,roboflow\train\images283_jpg.rf.cb99bb6eb6ad87319cfd35bb074a9ceb.jpg,authentic,train,640,640,JPEG,63813,False,,images283
roboflow_counterfeit_med_detection,roboflow\train\images4058_jpg.rf.cbdd9d626c52b029ce8c55edbef2cbc1.jpg,authentic,train,640,640,JPEG,42325,False,,images4058
roboflow_counterfeit_med_detection,roboflow\train\images01_jpg.rf.cbed8f423e6484419268dbe9d316d76c.jpg,authentic,train,640,640,JPEG,41550,False,,images01
roboflow_counterfeit_med_detection,roboflow\train\images31_jpg.rf.cc0d9e21206d0678669fcf63e3ee40d1.jpg,authentic,train,640,640,JPEG,35224,False,,images31
roboflow_counterfeit_med_detection,roboflow\train\images5024_jpg.rf.cbd6466414ed3ec2581ca28cf0513591.jpg,authentic,train,640,640,JPEG,62281,False,,images5024
roboflow_counterfeit_med_detection,roboflow\train\images08_jpg.rf.cc2c820f16aee3bc9e0c5106648b5ab2.jpg,authentic,train,640,640,JPEG,51935,False,,images08
roboflow_counterfeit_med_detection,roboflow\train\images5035_jpg.rf.cc0b89beff5c810bf40399459da53c29.jpg,authentic,train,640,640,JPEG,44218,False,,images5035
roboflow_counterfeit_med_detection,roboflow\train\images5100_jpg.rf.cc3c7187c6999105da666d40354eec32.jpg,authentic,train,640,640,JPEG,48652,False,,images5100
roboflow_counterfeit_med_detection,roboflow\train\FDA-warns-public-against-fake-Alaxan-FR-Medicol-Advance-Buscopan-Kremil-S-and-Loperamide-1600x900_jpg.rf.cc7b4918d6109b7d015bb75aefafb641.jpg,ambiguous,train,640,640,JPEG,67458,True,dual_label_contradiction,FDA-warns-public-against-fake-Alaxan-FR-Medicol-Advance-Buscopan-Kremil-S-and-Loperamide-1600x900
roboflow_counterfeit_med_detection,roboflow\train\FDA-Advisory-No-2022-0780_png.rf.cc264deda5b602a3c32ee740a92ec08b.jpg,ambiguous,train,640,640,JPEG,71544,True,dual_label_contradiction,FDA-Advisory-No-2022-0780
roboflow_counterfeit_med_detection,roboflow\train\images348_jpg.rf.cbf8ec5fbf57eed726394edf324fa9e9.jpg,authentic,train,640,640,JPEG,29959,False,,images348
roboflow_counterfeit_med_detection,roboflow\train\FDA-warns-public-against-fake-Alaxan-FR-Medicol-Advance-Buscopan-Kremil-S-and-Loperamide-1600x900_jpg.rf.cd2fef2c8f65a28106df6dc821ce29c0.jpg,ambiguous,train,640,640,JPEG,71026,True,dual_label_contradiction,FDA-warns-public-against-fake-Alaxan-FR-Medicol-Advance-Buscopan-Kremil-S-and-Loperamide-1600x900
roboflow_counterfeit_med_detection,roboflow\train\images4031_jpg.rf.cc26673ef2cf24f84fe8c838c3d5093a.jpg,authentic,train,640,640,JPEG,54990,False,,images4031
roboflow_counterfeit_med_detection,roboflow\train\images213_jpg.rf.cbceb58735ccd2e8d07c5c6dac0d64e8.jpg,authentic,train,640,640,JPEG,48530,False,,images213
roboflow_counterfeit_med_detection,roboflow\train\images5103_jpg.rf.cbbe5316e6073fd92b787ec3d8f1bcca.jpg,authentic,train,640,640,JPEG,31005,False,,images5103
roboflow_counterfeit_med_detection,roboflow\train\images4044_jpg.rf.cd146b82a51d4eae61087bfd40254498.jpg,authentic,train,640,640,JPEG,60765,False,,images4044
roboflow_counterfeit_med_detection,roboflow\train\images311_jpg.rf.cbb7062a09d7a0b64c99eba6020b44ad.jpg,authentic,train,640,640,JPEG,43286,False,,images311
roboflow_counterfeit_med_detection,roboflow\train\images5104_jpg.rf.cc0acb8abbe2af424058b21b6537594a.jpg,authentic,train,640,640,JPEG,44515,False,,images5104
roboflow_counterfeit_med_detection,roboflow\train\images263_jpg.rf.cc585e56f521b2d6f82ff4d8fde066b7.jpg,authentic,train,640,640,JPEG,34619,False,,images263
roboflow_counterfeit_med_detection,roboflow\train\images323_jpg.rf.cd481b4771d3152a65537e9e2d7f060a.jpg,authentic,train,640,640,JPEG,26329,False,,images323
roboflow_counterfeit_med_detection,roboflow\train\images5039_jpg.rf.cc38ba86b1ffd624f515f8fee9cf6ddb.jpg,authentic,train,640,640,JPEG,45623,False,,images5039
roboflow_counterfeit_med_detection,roboflow\train\images339_jpg.rf.cd0059fb35f1cc26dcdb98397ab618a8.jpg,authentic,train,640,640,JPEG,43697,False,,images339
roboflow_counterfeit_med_detection,roboflow\train\images316_jpg.rf.ccebf4fb145e9b98a1ed2bf61e7331c2.jpg,authentic,train,640,640,JPEG,42191,False,,images316
roboflow_counterfeit_med_detection,roboflow\train\images349_jpg.rf.ccaed26ddddf6a37cab6412b336c52e8.jpg,authentic,train,640,640,JPEG,48865,False,,images349
roboflow_counterfeit_med_detection,roboflow\train\images5059_jpg.rf.cd527416c5a27db82cb205a84c081dfd.jpg,authentic,train,640,640,JPEG,38526,False,,images5059
roboflow_counterfeit_med_detection,roboflow\train\images4031_jpg.rf.cc2d7c35fb38cd9f7bd96f93f3078289.jpg,authentic,train,640,640,JPEG,44222,False,,images4031
roboflow_counterfeit_med_detection,roboflow\train\images5030_jpg.rf.cd3e453d351f64faa0beabeb22744fbe.jpg,authentic,train,640,640,JPEG,34327,False,,images5030
roboflow_counterfeit_med_detection,roboflow\train\images4067_jpg.rf.cdacd293b717340b8d6b579e7f31b1af.jpg,authentic,train,640,640,JPEG,51723,False,,images4067
roboflow_counterfeit_med_detection,roboflow\train\190360375_4121964301192926_5836747406893149139_n_jpg.rf.cd6d0f7ab64eeb3d331bff26e1cf2c87.jpg,counterfeit,train,640,640,JPEG,57577,True,bulletin_graphic_with_baked_in_label_text,190360375_4121964301192926_5836747406893149139_n
roboflow_counterfeit_med_detection,roboflow\train\FDA-Advisory-No-2020-1348_jpg.rf.cd9e0bf5463a742f21ea70fe3e459cc7.jpg,ambiguous,train,640,640,JPEG,47277,True,dual_label_contradiction,FDA-Advisory-No-2020-1348
roboflow_counterfeit_med_detection,roboflow\train\images01_jpg.rf.cdbe9ba145d7a2a695f4547b7abb7ee8.jpg,authentic,train,640,640,JPEG,45178,False,,images01
roboflow_counterfeit_med_detection,roboflow\train\images301_jpg.rf.cd52a6cea3e0376c94877721bc1a35e3.jpg,authentic,train,640,640,JPEG,39626,False,,images301
roboflow_counterfeit_med_detection,roboflow\train\images4035_jpg.rf.cd9074ee172ba4d1ab4381ce46f2eed7.jpg,authentic,train,640,640,JPEG,101305,False,,images4035
roboflow_counterfeit_med_detection,roboflow\train\images4038_jpg.rf.ce3e8720687eda6369d134f86df993ce.jpg,authentic,train,640,640,JPEG,52659,False,,images4038
roboflow_counterfeit_med_detection,roboflow\train\images4044_jpg.rf.ce2efa474e71466874482dc8bdb01e4f.jpg,authentic,train,640,640,JPEG,64371,False,,images4044
roboflow_counterfeit_med_detection,roboflow\train\images4107_jpg.rf.ce066401f8575c2dbb24fd3f8bc3bcf9.jpg,authentic,train,640,640,JPEG,37817,False,,images4107
roboflow_counterfeit_med_detection,roboflow\train\images4046_jpg.rf.cec28cb8ed0fe1aa8475c84a06f5764c.jpg,authentic,train,640,640,JPEG,83630,False,,images4046
roboflow_counterfeit_med_detection,roboflow\train\images5058_jpg.rf.cf1fd8879484b62538c3055efa444b4a.jpg,authentic,train,640,640,JPEG,86609,False,,images5058
roboflow_counterfeit_med_detection,roboflow\train\images4061_jpg.rf.cefd5659c3d236f9a196ad6668cdf1a1.jpg,authentic,train,640,640,JPEG,22593,False,,images4061
roboflow_counterfeit_med_detection,roboflow\train\images4082_jpg.rf.cede3736d7773679f398ab14b50ff2ef.jpg,authentic,train,640,640,JPEG,29551,False,,images4082
roboflow_counterfeit_med_detection,roboflow\train\images38_jpg.rf.cedd496254fc510c00edc3f67272efeb.jpg,authentic,train,640,640,JPEG,43914,False,,images38
roboflow_counterfeit_med_detection,roboflow\train\images212_jpg.rf.ce745df89e13c5a18190bb882841273d.jpg,authentic,train,640,640,JPEG,30309,False,,images212
roboflow_counterfeit_med_detection,roboflow\train\images5053_jpg.rf.cf14634b8bc618bd4c1063cc4a5933f7.jpg,authentic,train,640,640,JPEG,23484,False,,images5053
roboflow_counterfeit_med_detection,roboflow\train\images5064_jpg.rf.cf23a18de0e37a895551bc80133509d3.jpg,authentic,train,640,640,JPEG,47731,False,,images5064
roboflow_counterfeit_med_detection,roboflow\train\images4116_jpg.rf.cdaba215cd47b374e576feb30738f09d.jpg,authentic,train,640,640,JPEG,29999,False,,images4116
roboflow_counterfeit_med_detection,roboflow\train\images239_jpg.rf.cf16ce181c661f893312799fc83de638.jpg,authentic,train,640,640,JPEG,39759,False,,images239
roboflow_counterfeit_med_detection,roboflow\train\images226_jpg.rf.cef7b6a37dbdb8a5bd7ca8963a2856a5.jpg,authentic,train,640,640,JPEG,33558,False,,images226
roboflow_counterfeit_med_detection,roboflow\train\images320_jpg.rf.ceeea6d636450624bc6ebfa36db3ee55.jpg,authentic,train,640,640,JPEG,46657,False,,images320
roboflow_counterfeit_med_detection,roboflow\train\images5023_jpg.rf.ce936ed0277b3073dd7c60ce5ecc8ae4.jpg,authentic,train,640,640,JPEG,30955,False,,images5023
roboflow_counterfeit_med_detection,roboflow\train\images232_jpg.rf.ceb32cc32689d6fa2d7d09d826e95515.jpg,authentic,train,640,640,JPEG,50125,False,,images232
roboflow_counterfeit_med_detection,roboflow\train\images5115_jpg.rf.cf25c30d57cfb9dbafd4c06ac3c1320b.jpg,authentic,train,640,640,JPEG,50753,False,,images5115
roboflow_counterfeit_med_detection,roboflow\train\images5110_jpg.rf.cebc8c33337778e981f651a001d1e4a5.jpg,authentic,train,640,640,JPEG,13421,False,,images5110
roboflow_counterfeit_med_detection,roboflow\train\images4069_jpg.rf.cf275d125c202fc6314497b766cea784.jpg,authentic,train,640,640,JPEG,27534,False,,images4069
roboflow_counterfeit_med_detection,roboflow\train\images4107_jpg.rf.cf5faac5950614456c21565a266b994c.jpg,authentic,train,640,640,JPEG,30520,False,,images4107
roboflow_counterfeit_med_detection,roboflow\train\images228_jpg.rf.cf73698e8e3293a85c6e6596c85189d8.jpg,authentic,train,640,640,JPEG,32349,False,,images228
roboflow_counterfeit_med_detection,roboflow\train\images5071_jpg.rf.cfcc71254553996a5150215107df7321.jpg,authentic,train,640,640,JPEG,46497,False,,images5071
roboflow_counterfeit_med_detection,roboflow\train\images348_jpg.rf.cf5906e5b0845bd9348874f1dd11bc4c.jpg,authentic,train,640,640,JPEG,33180,False,,images348
roboflow_counterfeit_med_detection,roboflow\train\images5098_jpg.rf.cfdd5740fdb33528f1d5aaacc2c168c0.jpg,authentic,train,640,640,JPEG,67746,False,,images5098
roboflow_counterfeit_med_detection,roboflow\train\images4054_jpg.rf.cfde419ed88689522975d543f6e91b98.jpg,authentic,train,640,640,JPEG,48170,False,,images4054
roboflow_counterfeit_med_detection,roboflow\train\images4085_jpg.rf.cfde931af3756dda6dfda09c149e84b2.jpg,authentic,train,640,640,JPEG,55435,False,,images4085
roboflow_counterfeit_med_detection,roboflow\train\images5032_jpg.rf.cf8678e81992fea273cf8357946bdd73.jpg,authentic,train,640,640,JPEG,53020,False,,images5032
roboflow_counterfeit_med_detection,roboflow\train\images5045_jpg.rf.cf90a58887a83fa2cb15f91a7f31b61c.jpg,authentic,train,640,640,JPEG,43413,False,,images5045
roboflow_counterfeit_med_detection,roboflow\train\images206_jpg.rf.cfdf12e381fc5e2935b8c0b54d796ec8.jpg,authentic,train,640,640,JPEG,35589,False,,images206
roboflow_counterfeit_med_detection,roboflow\train\images323_jpg.rf.cf3d1052f0f541e213da43ea7aeea5e4.jpg,authentic,train,640,640,JPEG,22266,False,,images323
roboflow_counterfeit_med_detection,roboflow\train\images04_jpg.rf.cf83ed2a0d157c3258d9a051bb72c6a4.jpg,authentic,train,640,640,JPEG,37673,False,,images04
roboflow_counterfeit_med_detection,roboflow\train\images347_jpg.rf.d0568553527350f8f765f62d280b367d.jpg,authentic,train,640,640,JPEG,29821,False,,images347
roboflow_counterfeit_med_detection,roboflow\train\images208_jpg.rf.d0884d457d7ba8e3cd1cc504915f601d.jpg,authentic,train,640,640,JPEG,55479,False,,images208
roboflow_counterfeit_med_detection,roboflow\train\images4035_jpg.rf.d09432829fc379082c9dec64cde67426.jpg,authentic,train,640,640,JPEG,75559,False,,images4035
roboflow_counterfeit_med_detection,roboflow\train\images310_jpg.rf.cf79f89113b6faf770486e7d8ce21d0a.jpg,authentic,train,640,640,JPEG,45857,False,,images310
roboflow_counterfeit_med_detection,roboflow\train\images338_jpg.rf.cf5ddec4fd3593bd5cae10c5d212c18c.jpg,authentic,train,640,640,JPEG,31000,False,,images338
roboflow_counterfeit_med_detection,roboflow\train\images5115_jpg.rf.d04ffcf2b1505ce1953e2cfd5d149f9c.jpg,authentic,train,640,640,JPEG,49570,False,,images5115
roboflow_counterfeit_med_detection,roboflow\train\images4074_jpg.rf.d09328a4836f85585232006183110923.jpg,authentic,train,640,640,JPEG,40735,False,,images4074
roboflow_counterfeit_med_detection,roboflow\train\images263_jpg.rf.d02c2890162882eb973cec89ae5afb25.jpg,authentic,train,640,640,JPEG,33675,False,,images263
roboflow_counterfeit_med_detection,roboflow\train\images208_jpg.rf.d0d406de15f155a3a7559f325baf7061.jpg,authentic,train,640,640,JPEG,55445,False,,images208
roboflow_counterfeit_med_detection,roboflow\train\images4038_jpg.rf.d04a3bcaa3fa2f928a325eae8fce6c76.jpg,authentic,train,640,640,JPEG,55203,False,,images4038
roboflow_counterfeit_med_detection,roboflow\train\images315_jpg.rf.d0c698c794a1403fc098a6ef20144069.jpg,authentic,train,640,640,JPEG,35745,False,,images315
roboflow_counterfeit_med_detection,roboflow\train\images339_jpg.rf.d0aef4f9d3b2873b9cd3bae968e32e4c.jpg,authentic,train,640,640,JPEG,51178,False,,images339
roboflow_counterfeit_med_detection,roboflow\train\images4061_jpg.rf.d047b6dc4155a14b78f755d3a65691df.jpg,authentic,train,640,640,JPEG,22491,False,,images4061
roboflow_counterfeit_med_detection,roboflow\train\images219_jpg.rf.d03311a9826aab94705a7ca256ae0a41.jpg,authentic,train,640,640,JPEG,50924,False,,images219
roboflow_counterfeit_med_detection,roboflow\train\images255_jpg.rf.d0a2b5254312df8fba32a6ff6380d622.jpg,authentic,train,640,640,JPEG,33947,False,,images255
roboflow_counterfeit_med_detection,roboflow\train\images4044_jpg.rf.d0f1a1e065b0ec7712ec8bdbe884100b.jpg,authentic,train,640,640,JPEG,57372,False,,images4044
roboflow_counterfeit_med_detection,roboflow\train\images5034_jpg.rf.d12566e7d453be22dbc6f7546bdaaa3b.jpg,authentic,train,640,640,JPEG,47987,False,,images5034
roboflow_counterfeit_med_detection,roboflow\train\images5044_jpg.rf.d0ef56273db9e05524558f089d5a87cb.jpg,authentic,train,640,640,JPEG,52317,False,,images5044
roboflow_counterfeit_med_detection,roboflow\train\images314_jpg.rf.d14463d4b56d59f9b3f8fd4e6400107b.jpg,authentic,train,640,640,JPEG,44739,False,,images314
roboflow_counterfeit_med_detection,roboflow\train\images42_jpg.rf.d1542bfe12d1ecc60573168d2e5967c3.jpg,authentic,train,640,640,JPEG,48937,False,,images42
roboflow_counterfeit_med_detection,roboflow\train\images23_jpg.rf.d119251b5a7351421dd9c1a518d0d63c.jpg,authentic,train,640,640,JPEG,25354,False,,images23
roboflow_counterfeit_med_detection,roboflow\train\images35_jpg.rf.d189e89d0cf2b6a0dc0d3819022ddcf8.jpg,authentic,train,640,640,JPEG,41317,False,,images35
roboflow_counterfeit_med_detection,roboflow\train\images4088_jpg.rf.d13121d6e5e3b89ea12a75fa64399531.jpg,authentic,train,640,640,JPEG,27871,False,,images4088
roboflow_counterfeit_med_detection,roboflow\train\images4058_jpg.rf.d1e1c46d1df628f609111a5df10fa1ae.jpg,authentic,train,640,640,JPEG,35964,False,,images4058
roboflow_counterfeit_med_detection,roboflow\train\images222_jpg.rf.d1958776f50d26702d346603e126b826.jpg,authentic,train,640,640,JPEG,42794,False,,images222
roboflow_counterfeit_med_detection,roboflow\train\images5062_jpg.rf.d1bcfa3a9bd7603ead5429b6b53588e7.jpg,authentic,train,640,640,JPEG,21068,False,,images5062
roboflow_counterfeit_med_detection,roboflow\train\images276_jpg.rf.d171f7310da7ab8e621a49a36f2c1b83.jpg,authentic,train,640,640,JPEG,24452,False,,images276
roboflow_counterfeit_med_detection,roboflow\train\images4038_jpg.rf.d1f6ae3fd2cc7dde20f70b674fdadeb0.jpg,authentic,train,640,640,JPEG,57637,False,,images4038
roboflow_counterfeit_med_detection,roboflow\train\images36_jpg.rf.d1b764432902e75031ee2e8e30a76cfe.jpg,authentic,train,640,640,JPEG,31009,False,,images36
roboflow_counterfeit_med_detection,roboflow\train\images43_jpg.rf.d1e04e8cf8b02ce17cd4efb32a293356.jpg,authentic,train,640,640,JPEG,45484,False,,images43
roboflow_counterfeit_med_detection,roboflow\train\images5051_jpg.rf.d2240beff600e8ad80bb34e24022bfe4.jpg,authentic,train,640,640,JPEG,29047,False,,images5051
roboflow_counterfeit_med_detection,roboflow\train\images260_jpg.rf.d23249f6605122f14c53fc3875bb789f.jpg,authentic,train,640,640,JPEG,37738,False,,images260
roboflow_counterfeit_med_detection,roboflow\train\images5031_jpg.rf.d1ff4751af69ea10e6e5470c9dd59a20.jpg,authentic,train,640,640,JPEG,41130,False,,images5031
roboflow_counterfeit_med_detection,roboflow\train\images5032_jpg.rf.d164c4887309d61cfa377a30ccbdc800.jpg,authentic,train,640,640,JPEG,84266,False,,images5032
roboflow_counterfeit_med_detection,roboflow\train\1434-2020_png.rf.d23fd003882131dccdccb32dbdd75714.jpg,counterfeit,train,640,640,JPEG,47311,True,bulletin_graphic_with_baked_in_label_text,1434-2020
roboflow_counterfeit_med_detection,roboflow\train\images228_jpg.rf.d228b36ab36e15e7d59436160acc9fb7.jpg,authentic,train,640,640,JPEG,28682,False,,images228
roboflow_counterfeit_med_detection,roboflow\train\images33_jpg.rf.d1b24cbdbb09871eb765aa208ff33174.jpg,authentic,train,640,640,JPEG,38525,False,,images33
roboflow_counterfeit_med_detection,roboflow\train\images228_jpg.rf.d1dd06155da37e55a5d397eb55b008e8.jpg,authentic,train,640,640,JPEG,30792,False,,images228
roboflow_counterfeit_med_detection,roboflow\train\images226_jpg.rf.d264c2f6d923369819f14a2f205a8ad9.jpg,authentic,train,640,640,JPEG,29760,False,,images226
roboflow_counterfeit_med_detection,roboflow\train\images4107_jpg.rf.d0a60b8ebf8d777389140f9fc2f4a9a0.jpg,authentic,train,640,640,JPEG,34715,False,,images4107
roboflow_counterfeit_med_detection,roboflow\train\images01_jpg.rf.d243b3ede8baeb8b89e72164b3746c85.jpg,authentic,train,640,640,JPEG,41735,False,,images01
roboflow_counterfeit_med_detection,roboflow\train\images5059_jpg.rf.d25be4d6ff91683e3b85e535ea9ed593.jpg,authentic,train,640,640,JPEG,41792,False,,images5059
roboflow_counterfeit_med_detection,roboflow\train\images4042_jpg.rf.d24844c2811af34cab7c4bb140e71d87.jpg,authentic,train,640,640,JPEG,40797,False,,images4042
roboflow_counterfeit_med_detection,roboflow\train\images244_jpg.rf.d12ca3e44e4c26a9b58589ffa0a4d92b.jpg,authentic,train,640,640,JPEG,56405,False,,images244
roboflow_counterfeit_med_detection,roboflow\train\images4031_jpg.rf.d2744c9bd0a0785c678c94945bfa0e77.jpg,authentic,train,640,640,JPEG,31844,False,,images4031
roboflow_counterfeit_med_detection,roboflow\train\images255_jpg.rf.d1ab383e6734aa35aaf5554d99f963e0.jpg,authentic,train,640,640,JPEG,33593,False,,images255
roboflow_counterfeit_med_detection,roboflow\train\images5023_jpg.rf.d2c3fe372b715f4baf6787d83cd9613f.jpg,authentic,train,640,640,JPEG,22074,False,,images5023
roboflow_counterfeit_med_detection,roboflow\train\images4064_jpg.rf.d299fcef326c85bfe550cbf4ca7c0557.jpg,authentic,train,640,640,JPEG,38363,False,,images4064
roboflow_counterfeit_med_detection,roboflow\train\images4058_jpg.rf.d2c87a637498606b3b40ce5d1baefa7d.jpg,authentic,train,640,640,JPEG,42424,False,,images4058
roboflow_counterfeit_med_detection,roboflow\train\images307_jpg.rf.d293ddb4c31ac0e23bb187ce09091c53.jpg,authentic,train,640,640,JPEG,25392,False,,images307
roboflow_counterfeit_med_detection,roboflow\train\images4039_jpg.rf.d351b8ab943680484f7d61c1bd20d990.jpg,authentic,train,640,640,JPEG,45397,False,,images4039
roboflow_counterfeit_med_detection,roboflow\train\images09_jpg.rf.d1f8efce3dcbd7451dc3f80c59dd50c1.jpg,authentic,train,640,640,JPEG,43933,False,,images09
roboflow_counterfeit_med_detection,roboflow\train\images283_jpg.rf.d2d0fd044da02ec5dabd2c8d7ee673f4.jpg,authentic,train,640,640,JPEG,55112,False,,images283
roboflow_counterfeit_med_detection,roboflow\train\images4061_jpg.rf.d2e625932f262cd4ccd9d99449f375c4.jpg,authentic,train,640,640,JPEG,26205,False,,images4061
roboflow_counterfeit_med_detection,roboflow\train\images302_jpg.rf.d36c59f3ae1529dbca204807b8100229.jpg,authentic,train,640,640,JPEG,42934,False,,images302
roboflow_counterfeit_med_detection,roboflow\train\images5064_jpg.rf.d37ae43a11c96b96b34b46c6efca5c6f.jpg,authentic,train,640,640,JPEG,47715,False,,images5064
roboflow_counterfeit_med_detection,roboflow\train\images5067_jpg.rf.d30e6711b2eb9d1368760a0ff42fb044.jpg,authentic,train,640,640,JPEG,45037,False,,images5067
roboflow_counterfeit_med_detection,roboflow\train\images36_jpg.rf.d35ebf93821a6140ebc423924728fc76.jpg,authentic,train,640,640,JPEG,32941,False,,images36
roboflow_counterfeit_med_detection,roboflow\train\images320_jpg.rf.d3878e7f8511735bf7b7bcba45eb894a.jpg,authentic,train,640,640,JPEG,48239,False,,images320
roboflow_counterfeit_med_detection,roboflow\train\images231_jpg.rf.d3392367fc881c7d145af31e595ce044.jpg,authentic,train,640,640,JPEG,38734,False,,images231
roboflow_counterfeit_med_detection,roboflow\train\FDA-Advisory-No-2022-0611-29_png.rf.d2664acc4d0fabb6aa0475810c060472.jpg,authentic,train,640,640,JPEG,42751,True,bulletin_graphic_with_baked_in_label_text,FDA-Advisory-No-2022-0611-29
roboflow_counterfeit_med_detection,roboflow\train\images346_jpg.rf.d3a1379b7c1163777d14659ec1a60877.jpg,authentic,train,640,640,JPEG,23574,False,,images346
roboflow_counterfeit_med_detection,roboflow\train\images5106_jpg.rf.d3a4b01eeac27ddb37ab53719e4c9ed4.jpg,authentic,train,640,640,JPEG,46768,False,,images5106
roboflow_counterfeit_med_detection,roboflow\train\images4087_jpg.rf.d381922ece1192bc1d4f45a725316a39.jpg,authentic,train,640,640,JPEG,35033,False,,images4087
roboflow_counterfeit_med_detection,roboflow\train\images4038_jpg.rf.d40b49978cd661b74c867f96ff2a0dbe.jpg,authentic,train,640,640,JPEG,56178,False,,images4038
roboflow_counterfeit_med_detection,roboflow\train\images4042_jpg.rf.d3d6dcdd1d1306473c174de3326293eb.jpg,authentic,train,640,640,JPEG,42129,False,,images4042
roboflow_counterfeit_med_detection,roboflow\train\images4042_jpg.rf.d3da41e35e57f93a622ef9771b329fc2.jpg,authentic,train,640,640,JPEG,34534,False,,images4042
roboflow_counterfeit_med_detection,roboflow\train\images5103_jpg.rf.d40186c2496c6f6bcbbbd8e514902add.jpg,authentic,train,640,640,JPEG,27447,False,,images5103
roboflow_counterfeit_med_detection,roboflow\train\images4093_jpg.rf.d39bdd902ee325860977a1cbf76beab9.jpg,authentic,train,640,640,JPEG,38355,False,,images4093
roboflow_counterfeit_med_detection,roboflow\train\images214_jpg.rf.d3e2ac399264f5b91b8174ea95558b99.jpg,authentic,train,640,640,JPEG,34891,False,,images214
roboflow_counterfeit_med_detection,roboflow\train\images5060_jpg.rf.d4607622e1c956c652178db98770d848.jpg,authentic,train,640,640,JPEG,41594,False,,images5060
roboflow_counterfeit_med_detection,roboflow\train\images301_jpg.rf.d45a17bd6cafb7370a081e05717ed844.jpg,authentic,train,640,640,JPEG,37735,False,,images301
roboflow_counterfeit_med_detection,roboflow\train\images351_jpg.rf.d3b5f035b93deefb6ac748d6b7386c7f.jpg,authentic,train,640,640,JPEG,47781,False,,images351
roboflow_counterfeit_med_detection,roboflow\train\images5071_jpg.rf.d3476f7b17f4ff9db65cf5c4a4c3cf47.jpg,authentic,train,640,640,JPEG,35994,False,,images5071
roboflow_counterfeit_med_detection,roboflow\train\images5112_jpg.rf.d4947de116b4046ed605948a3cc3f301.jpg,authentic,train,640,640,JPEG,45993,False,,images5112
roboflow_counterfeit_med_detection,roboflow\train\FDA-Advisory-No-2020-2177_png.rf.d464ea87a365e7166544f7f3b1fdc0cd.jpg,counterfeit,train,640,640,JPEG,51254,True,bulletin_graphic_with_baked_in_label_text,FDA-Advisory-No-2020-2177
roboflow_counterfeit_med_detection,roboflow\train\images31_jpg.rf.d49f77e5baeaf36b987b8b96eea8fa34.jpg,authentic,train,640,640,JPEG,31695,False,,images31
roboflow_counterfeit_med_detection,roboflow\train\images35_jpg.rf.d49b528dfd1c62df42e3ebf4fa8c1bb7.jpg,authentic,train,640,640,JPEG,44144,False,,images35
roboflow_counterfeit_med_detection,roboflow\train\images312_jpg.rf.d4dffd6a5ec49eb399f537ee0a05f55f.jpg,authentic,train,640,640,JPEG,39130,False,,images312
roboflow_counterfeit_med_detection,roboflow\train\images4046_jpg.rf.d5056a78e25631e0b0621b01950539be.jpg,authentic,train,640,640,JPEG,102391,False,,images4046
roboflow_counterfeit_med_detection,roboflow\train\images5100_jpg.rf.d4e8ee1464915e9497001904af4ac924.jpg,authentic,train,640,640,JPEG,38907,False,,images5100
roboflow_counterfeit_med_detection,roboflow\train\images232_jpg.rf.d4ca15f9148f4b2376e8d7766d09b82c.jpg,authentic,train,640,640,JPEG,34095,False,,images232
roboflow_counterfeit_med_detection,roboflow\train\images36_jpg.rf.d4af78cf3e04bde0a879ff659dbe6ffd.jpg,authentic,train,640,640,JPEG,34561,False,,images36
roboflow_counterfeit_med_detection,roboflow\train\2020-1348_2-1-_jpg.rf.d5169e13584a158f9ada5b27e39b7baa.jpg,counterfeit,train,640,640,JPEG,55547,True,bulletin_graphic_with_baked_in_label_text,2020-1348_2-1-
roboflow_counterfeit_med_detection,roboflow\train\images4060_jpg.rf.d5806d860862d63552eb373a36555273.jpg,authentic,train,640,640,JPEG,55388,False,,images4060
roboflow_counterfeit_med_detection,roboflow\train\images4110_jpg.rf.d521417f027ce0cb624f15c26047c09a.jpg,authentic,train,640,640,JPEG,54002,False,,images4110
roboflow_counterfeit_med_detection,roboflow\train\images37_jpg.rf.d59c9531eba688d5f11341ce66012104.jpg,authentic,train,640,640,JPEG,28172,False,,images37
roboflow_counterfeit_med_detection,roboflow\train\images4039_jpg.rf.d531c983ce8ad8bfe792db41a834127a.jpg,authentic,train,640,640,JPEG,53314,False,,images4039
roboflow_counterfeit_med_detection,roboflow\train\images276_jpg.rf.d537b59415c07c94b31fca4556fa94d7.jpg,authentic,train,640,640,JPEG,25320,False,,images276
roboflow_counterfeit_med_detection,roboflow\train\images349_jpg.rf.d5a416ac79427f964916c9ae153a6ee9.jpg,authentic,train,640,640,JPEG,43915,False,,images349
roboflow_counterfeit_med_detection,roboflow\train\images4095_jpg.rf.d4bab711b86ab5cbd4815d72079a2b24.jpg,authentic,train,640,640,JPEG,38026,False,,images4095
roboflow_counterfeit_med_detection,roboflow\train\2020-1348_14_jpg.rf.d5aeef78e7ba6fa8113f97a930f684e0.jpg,counterfeit,train,640,640,JPEG,53192,True,bulletin_graphic_with_baked_in_label_text,2020-1348_14
roboflow_counterfeit_med_detection,roboflow\train\images4082_jpg.rf.d5bc7128a5b450357e72b2739995992d.jpg,authentic,train,640,640,JPEG,41360,False,,images4082
roboflow_counterfeit_med_detection,roboflow\train\images4069_jpg.rf.d5c262e4c3a6ac4ff12fd6687b369100.jpg,authentic,train,640,640,JPEG,43144,False,,images4069
roboflow_counterfeit_med_detection,roboflow\train\images23_jpg.rf.d5ae57b92986b88414a20b0f17843370.jpg,authentic,train,640,640,JPEG,30072,False,,images23
roboflow_counterfeit_med_detection,roboflow\train\images347_jpg.rf.d54c6b9c0ad9e7bd1dc9b2b59caab41f.jpg,authentic,train,640,640,JPEG,25392,False,,images347
roboflow_counterfeit_med_detection,roboflow\train\FDA-Advisory-No-2022-0611-23_png.rf.d58f270c5bdf116fb623e8be1bf26f0c.jpg,authentic,train,640,640,JPEG,46953,True,bulletin_graphic_with_baked_in_label_text,FDA-Advisory-No-2022-0611-23
roboflow_counterfeit_med_detection,roboflow\train\images08_jpg.rf.d53a2078b22e344aae9ac7cc776fd469.jpg,authentic,train,640,640,JPEG,61224,False,,images08
roboflow_counterfeit_med_detection,roboflow\train\images339_jpg.rf.d5c964ebca861adf4fe5fdafe1fb4571.jpg,authentic,train,640,640,JPEG,50150,False,,images339
roboflow_counterfeit_med_detection,roboflow\train\images244_jpg.rf.d5d2c6af281cd616acaf21077518d638.jpg,authentic,train,640,640,JPEG,49069,False,,images244
roboflow_counterfeit_med_detection,roboflow\train\images241_jpg.rf.d604d2bd03a13c28399cb10c366e84b4.jpg,authentic,train,640,640,JPEG,47722,False,,images241
roboflow_counterfeit_med_detection,roboflow\train\images5051_jpg.rf.d5e9fed3ca085b89148cfbb4ee7eb41e.jpg,authentic,train,640,640,JPEG,26295,False,,images5051
roboflow_counterfeit_med_detection,roboflow\train\images36_jpg.rf.d636a431dc6898149c5c081087fda200.jpg,authentic,train,640,640,JPEG,33977,False,,images36
roboflow_counterfeit_med_detection,roboflow\train\images4039_jpg.rf.d6a5ba06f8dc78b87f2947d12b24392a.jpg,authentic,train,640,640,JPEG,38384,False,,images4039
roboflow_counterfeit_med_detection,roboflow\train\images4039_jpg.rf.d5df3967e78b6c43dc038b83e1f67237.jpg,authentic,train,640,640,JPEG,49654,False,,images4039
roboflow_counterfeit_med_detection,roboflow\train\images5045_jpg.rf.d6244e401effc977efbfe4dbfba6b13f.jpg,authentic,train,640,640,JPEG,39739,False,,images5045
roboflow_counterfeit_med_detection,roboflow\train\images02_jpg.rf.d6dcf3253cd5ae48455b87154257553f.jpg,authentic,train,640,640,JPEG,44554,False,,images02
roboflow_counterfeit_med_detection,roboflow\train\images4046_jpg.rf.d6415e8d7cd9714e59ef2093e4d29b37.jpg,authentic,train,640,640,JPEG,99315,False,,images4046
roboflow_counterfeit_med_detection,roboflow\train\images242_jpg.rf.d642221a3780afb997f700fbbd760d26.jpg,authentic,train,640,640,JPEG,37843,False,,images242
roboflow_counterfeit_med_detection,roboflow\train\images228_jpg.rf.d73ad20573ff7544579fa8538720ab1a.jpg,authentic,train,640,640,JPEG,28019,False,,images228
roboflow_counterfeit_med_detection,roboflow\train\images33_jpg.rf.d71b14b31da3f0fb96dc566ea09f0193.jpg,authentic,train,640,640,JPEG,38631,False,,images33
roboflow_counterfeit_med_detection,roboflow\train\FDA-Advisory-No-2021-0363-1_png.rf.d6f2a24060449ec6427d43b95bb6ee43.jpg,counterfeit,train,640,640,JPEG,69253,True,bulletin_graphic_with_baked_in_label_text,FDA-Advisory-No-2021-0363-1
roboflow_counterfeit_med_detection,roboflow\train\images29_jpg.rf.d6842a872202d9f918649456653eed4b.jpg,authentic,train,640,640,JPEG,36161,False,,images29
roboflow_counterfeit_med_detection,roboflow\train\images04_jpg.rf.d62f010fa81aaaeba70b43be0aa2935d.jpg,authentic,train,640,640,JPEG,36952,False,,images04
roboflow_counterfeit_med_detection,roboflow\train\images4094_jpg.rf.d6ad2a4665a1e85272a2b30bd06cd958.jpg,authentic,train,640,640,JPEG,18549,False,,images4094
roboflow_counterfeit_med_detection,roboflow\train\images4092_jpg.rf.d6b46a35b0317a2b7df99f722da093c5.jpg,authentic,train,640,640,JPEG,55045,False,,images4092
roboflow_counterfeit_med_detection,roboflow\train\images346_jpg.rf.d72eb09758226060b2893fbcd1553af3.jpg,authentic,train,640,640,JPEG,29266,False,,images346
roboflow_counterfeit_med_detection,roboflow\train\images5071_jpg.rf.d7831b2ec231c904e88344e0edc349f1.jpg,authentic,train,640,640,JPEG,43179,False,,images5071
roboflow_counterfeit_med_detection,roboflow\train\images5064_jpg.rf.d6cba4d21310722333b6860ad0de2eed.jpg,authentic,train,640,640,JPEG,52978,False,,images5064
roboflow_counterfeit_med_detection,roboflow\train\images5046_jpg.rf.d620aee999ce3118e5f90ebb561bf3f5.jpg,authentic,train,640,640,JPEG,44026,False,,images5046
roboflow_counterfeit_med_detection,roboflow\train\images242_jpg.rf.d69d0da27d423c54a143f55c0189758a.jpg,authentic,train,640,640,JPEG,33872,False,,images242
roboflow_counterfeit_med_detection,roboflow\train\images4064_jpg.rf.d7ab12f30abf5071bb8201affa753eac.jpg,authentic,train,640,640,JPEG,33598,False,,images4064
roboflow_counterfeit_med_detection,roboflow\train\images35_jpg.rf.d77eac44be012a130b7e699364b9a916.jpg,authentic,train,640,640,JPEG,43551,False,,images35
roboflow_counterfeit_med_detection,roboflow\train\images240_jpg.rf.d75d7e32b326148d27b64cbce3a9569c.jpg,authentic,train,640,640,JPEG,52415,False,,images240
roboflow_counterfeit_med_detection,roboflow\train\images07_jpg.rf.d790ae410034696e045f4396b11c6a47.jpg,authentic,train,640,640,JPEG,69533,False,,images07
roboflow_counterfeit_med_detection,roboflow\train\images5113_jpg.rf.d75db10d8cf73fa64f9f75a753ca2b1b.jpg,authentic,train,640,640,JPEG,37165,False,,images5113
roboflow_counterfeit_med_detection,roboflow\train\images5034_jpg.rf.d726e3b4f4e698d574cff6704f352ab3.jpg,authentic,train,640,640,JPEG,47393,False,,images5034
roboflow_counterfeit_med_detection,roboflow\train\images33_jpg.rf.d8892e8d42b26d4a833ce91f37a55b22.jpg,authentic,train,640,640,JPEG,37009,False,,images33
roboflow_counterfeit_med_detection,roboflow\train\images4060_jpg.rf.d8aea1f92e04c2d958468c30a6a0b2e5.jpg,authentic,train,640,640,JPEG,53570,False,,images4060
roboflow_counterfeit_med_detection,roboflow\train\images213_jpg.rf.d8eb23d4a8876923aae6d6982d124358.jpg,authentic,train,640,640,JPEG,49578,False,,images213
roboflow_counterfeit_med_detection,roboflow\train\images4033_jpg.rf.d8054ce0febf45296a708977d786ce55.jpg,authentic,train,640,640,JPEG,71079,False,,images4033
roboflow_counterfeit_med_detection,roboflow\train\images04_jpg.rf.d894110d34f5ae1a72d35a7e808e704b.jpg,authentic,train,640,640,JPEG,37515,False,,images04
roboflow_counterfeit_med_detection,roboflow\train\images5090_jpg.rf.d8d9b8e1091539837b6cd93d6c6b7b3d.jpg,authentic,train,640,640,JPEG,32462,False,,images5090
roboflow_counterfeit_med_detection,roboflow\train\images348_jpg.rf.d7f18bb251f9a4c5264bf2da5014bb55.jpg,authentic,train,640,640,JPEG,32465,False,,images348
roboflow_counterfeit_med_detection,roboflow\train\images225_jpg.rf.d80f107cf33b5c873654a4892ef3d3c5.jpg,authentic,train,640,640,JPEG,50374,False,,images225
roboflow_counterfeit_med_detection,roboflow\train\images342_jpg.rf.d8b74a25010d75f3b3382ea780d54296.jpg,authentic,train,640,640,JPEG,17731,False,,images342
roboflow_counterfeit_med_detection,roboflow\train\images02_jpg.rf.d831d7f31d2ebf4831ee311c07da08a1.jpg,authentic,train,640,640,JPEG,46313,False,,images02
roboflow_counterfeit_med_detection,roboflow\train\images4040_jpg.rf.d7c37acb37026e1748fb00b00ee38660.jpg,authentic,train,640,640,JPEG,75986,False,,images4040
roboflow_counterfeit_med_detection,roboflow\train\images254_jpg.rf.d905f91e481b8dfc3c76a42f7706074a.jpg,authentic,train,640,640,JPEG,44101,False,,images254
roboflow_counterfeit_med_detection,roboflow\train\images236_jpg.rf.d92faef02010fae4f47ba22d897b3029.jpg,authentic,train,640,640,JPEG,50033,False,,images236
roboflow_counterfeit_med_detection,roboflow\train\images346_jpg.rf.d8583b2a5b09bc210b891fc530da6e6b.jpg,authentic,train,640,640,JPEG,25667,False,,images346
roboflow_counterfeit_med_detection,roboflow\train\images4048_jpg.rf.d9400c291f4243a84adff6000090f042.jpg,authentic,train,640,640,JPEG,44563,False,,images4048
roboflow_counterfeit_med_detection,roboflow\train\images340_jpg.rf.d8ebf32aeccc40a4556d4985afb61e46.jpg,authentic,train,640,640,JPEG,36569,False,,images340
roboflow_counterfeit_med_detection,roboflow\train\images218_jpg.rf.d8bbca7ea1ad7b0a9e9e2547fcdac128.jpg,authentic,train,640,640,JPEG,34692,False,,images218
roboflow_counterfeit_med_detection,roboflow\train\images14_jpg.rf.d8ede833d51bc10c4d5e597f29b7d0c8.jpg,authentic,train,640,640,JPEG,49143,False,,images14
roboflow_counterfeit_med_detection,roboflow\train\images5064_jpg.rf.d8e2ba0ad16ee8ed243046a5d51fb98a.jpg,authentic,train,640,640,JPEG,53391,False,,images5064
roboflow_counterfeit_med_detection,roboflow\train\FDA-Advisory-No-2020-1348_jpg.rf.d8f6fbbd1ae482f14c2272ed591085eb.jpg,ambiguous,train,640,640,JPEG,54368,True,dual_label_contradiction,FDA-Advisory-No-2020-1348
roboflow_counterfeit_med_detection,roboflow\train\images4090_jpg.rf.d957e704b6ff973e86f4a7896ee1d47b.jpg,authentic,train,640,640,JPEG,16039,False,,images4090
roboflow_counterfeit_med_detection,roboflow\train\images4063_jpg.rf.d96a078fa44cde25152acc6bbcb3df8a.jpg,authentic,train,640,640,JPEG,24918,False,,images4063
roboflow_counterfeit_med_detection,roboflow\train\images5030_jpg.rf.d8ad0ca84323c059f724e9e8e11b7c77.jpg,authentic,train,640,640,JPEG,41126,False,,images5030
roboflow_counterfeit_med_detection,roboflow\train\images4045_jpg.rf.d8b031946ecc1b1fd69bbca4bcf671ad.jpg,authentic,train,640,640,JPEG,31149,False,,images4045
roboflow_counterfeit_med_detection,roboflow\train\images209_jpg.rf.d8edae6c0f9ad4253af219966055c569.jpg,authentic,train,640,640,JPEG,39364,False,,images209
roboflow_counterfeit_med_detection,roboflow\train\images241_jpg.rf.d926b6cd57007d250c885524b5ddd183.jpg,authentic,train,640,640,JPEG,46217,False,,images241
roboflow_counterfeit_med_detection,roboflow\train\images47_jpg.rf.d958bb7ad5c7cf9589bb0c76aa4bcba9.jpg,authentic,train,640,640,JPEG,32459,False,,images47
roboflow_counterfeit_med_detection,roboflow\train\images230_jpg.rf.d95cf251bbd7d21d5722c771f2e2d968.jpg,authentic,train,640,640,JPEG,46065,False,,images230
roboflow_counterfeit_med_detection,roboflow\train\images4093_jpg.rf.d973b82056ef191756e2ce5f8b42b41f.jpg,authentic,train,640,640,JPEG,35750,False,,images4093
roboflow_counterfeit_med_detection,roboflow\train\images4044_jpg.rf.d9b4b51737df25f2a19b5dff0ec4db54.jpg,authentic,train,640,640,JPEG,64418,False,,images4044
roboflow_counterfeit_med_detection,roboflow\train\images5058_jpg.rf.d99abef842afa3f0bf568ada127cefcf.jpg,authentic,train,640,640,JPEG,75311,False,,images5058
roboflow_counterfeit_med_detection,roboflow\train\images342_jpg.rf.da0a18dd0389c49e4c0a1f445644f705.jpg,authentic,train,640,640,JPEG,23979,False,,images342
roboflow_counterfeit_med_detection,roboflow\train\images255_jpg.rf.d9f07fe50b1a8cfaf7dedab868e93c1f.jpg,authentic,train,640,640,JPEG,34583,False,,images255
roboflow_counterfeit_med_detection,roboflow\train\images346_jpg.rf.d9f9890e6f23457b9ce3709d9dd34b6e.jpg,authentic,train,640,640,JPEG,23843,False,,images346
roboflow_counterfeit_med_detection,roboflow\train\images5059_jpg.rf.da0e7a9d703253fdb26bea0e2711ec06.jpg,authentic,train,640,640,JPEG,38688,False,,images5059
roboflow_counterfeit_med_detection,roboflow\train\images5097_jpg.rf.da7d4502d527cdee6d1e4fa6bc6ce4a8.jpg,authentic,train,640,640,JPEG,27680,False,,images5097
roboflow_counterfeit_med_detection,roboflow\train\images5031_jpg.rf.d9879d32a88b88de76efce60d9bc33ba.jpg,authentic,train,640,640,JPEG,41620,False,,images5031
roboflow_counterfeit_med_detection,roboflow\train\images4045_jpg.rf.da584d5e2c8cdce646d332eaf50bed16.jpg,authentic,train,640,640,JPEG,49166,False,,images4045
roboflow_counterfeit_med_detection,roboflow\train\images310_jpg.rf.dab26a60c2587bee826f9cd3edf7b7f7.jpg,authentic,train,640,640,JPEG,39959,False,,images310
roboflow_counterfeit_med_detection,roboflow\train\images36_jpg.rf.d9f5cb3b54291fe5902c5adb93d2f350.jpg,authentic,train,640,640,JPEG,29851,False,,images36
roboflow_counterfeit_med_detection,roboflow\train\images4110_jpg.rf.d9eaa5b4f3d66a86acf787605f2ddaf9.jpg,authentic,train,640,640,JPEG,79559,False,,images4110
roboflow_counterfeit_med_detection,roboflow\train\images5103_jpg.rf.dac3fd42b63a5af03e2902c2a1194795.jpg,authentic,train,640,640,JPEG,24477,False,,images5103
roboflow_counterfeit_med_detection,roboflow\train\images19_jpg.rf.da996565a248c31346da6dbafe9d2941.jpg,authentic,train,640,640,JPEG,46091,False,,images19
roboflow_counterfeit_med_detection,roboflow\train\images4092_jpg.rf.d9d56bff876046e84586e5d0c449bbaf.jpg,authentic,train,640,640,JPEG,42202,False,,images4092
roboflow_counterfeit_med_detection,roboflow\train\images231_jpg.rf.dabe3a9fe25be5fce24c16665b803750.jpg,authentic,train,640,640,JPEG,35422,False,,images231
roboflow_counterfeit_med_detection,roboflow\train\images4061_jpg.rf.da75886443d51e75e1f16dceb836f118.jpg,authentic,train,640,640,JPEG,23503,False,,images4061
roboflow_counterfeit_med_detection,roboflow\train\FDA-Advisory-No-2022-0611-29_png.rf.d9d7823b357918be9d33e05063c6cdf7.jpg,authentic,train,640,640,JPEG,56145,True,bulletin_graphic_with_baked_in_label_text,FDA-Advisory-No-2022-0611-29
roboflow_counterfeit_med_detection,roboflow\train\images4025_jpg.rf.dac6f5445a5e91d9f2bf14e0eaaa0f13.jpg,authentic,train,640,640,JPEG,22320,False,,images4025
roboflow_counterfeit_med_detection,roboflow\train\images351_jpg.rf.da43a7fa04feeee5a2915258baca882e.jpg,authentic,train,640,640,JPEG,47977,False,,images351
roboflow_counterfeit_med_detection,roboflow\train\images4045_jpg.rf.dab7d7d1fe8b0370f1d93c5d13efd584.jpg,authentic,train,640,640,JPEG,41355,False,,images4045
roboflow_counterfeit_med_detection,roboflow\train\images303_jpg.rf.d9ccc841ef8c1d01c0e6d9d862bf4b05.jpg,authentic,train,640,640,JPEG,44917,False,,images303
roboflow_counterfeit_med_detection,roboflow\train\images4048_jpg.rf.da05db0250aee2930e991fe66cab9c27.jpg,authentic,train,640,640,JPEG,44437,False,,images4048
roboflow_counterfeit_med_detection,roboflow\train\images4031_jpg.rf.db12c5e08984a659208d09917588f319.jpg,authentic,train,640,640,JPEG,32450,False,,images4031
roboflow_counterfeit_med_detection,roboflow\train\images312_jpg.rf.dacfcaaafc73becc28fb36e72875d4a2.jpg,authentic,train,640,640,JPEG,48541,False,,images312
roboflow_counterfeit_med_detection,roboflow\train\images01_jpg.rf.da6b202f76e8f4132241268e36c081be.jpg,authentic,train,640,640,JPEG,35506,False,,images01
roboflow_counterfeit_med_detection,roboflow\train\images4116_jpg.rf.dad6b78f07f3a15027539f07a3251b39.jpg,authentic,train,640,640,JPEG,33170,False,,images4116
roboflow_counterfeit_med_detection,roboflow\train\images5045_jpg.rf.daf43ee870a7a70119e23f2c00553b87.jpg,authentic,train,640,640,JPEG,43620,False,,images5045
roboflow_counterfeit_med_detection,roboflow\train\images347_jpg.rf.db57387452503c99bb5c9621f8f5aaf2.jpg,authentic,train,640,640,JPEG,25656,False,,images347
roboflow_counterfeit_med_detection,roboflow\train\FDA-Advisory-No-2022-0611-10_png.rf.db851c9ee92043a0d27f27d6cbcd1ed3.jpg,counterfeit,train,640,640,JPEG,56673,True,bulletin_graphic_with_baked_in_label_text,FDA-Advisory-No-2022-0611-10
roboflow_counterfeit_med_detection,roboflow\train\images4029_jpg.rf.dba7b1bcd16c0f8029f8de3e7d082d0c.jpg,authentic,train,640,640,JPEG,76392,False,,images4029
roboflow_counterfeit_med_detection,roboflow\train\images209_jpg.rf.dbe0238d44e5a3cde8b2b4807218f377.jpg,authentic,train,640,640,JPEG,38414,False,,images209
roboflow_counterfeit_med_detection,roboflow\train\images349_jpg.rf.dba636fbfbeab05d760764e68cd682ea.jpg,authentic,train,640,640,JPEG,37814,False,,images349
roboflow_counterfeit_med_detection,roboflow\train\images02_jpg.rf.dc624a889cd50c6b0acd05bd192c759a.jpg,authentic,train,640,640,JPEG,43894,False,,images02
roboflow_counterfeit_med_detection,roboflow\train\images47_jpg.rf.dbb73884eb337aff6c359847bd57f57f.jpg,authentic,train,640,640,JPEG,30728,False,,images47
roboflow_counterfeit_med_detection,roboflow\train\images260_jpg.rf.dbbdff8335d87e7816456e56d1c82c3c.jpg,authentic,train,640,640,JPEG,39040,False,,images260
roboflow_counterfeit_med_detection,roboflow\train\images4031_jpg.rf.dbbfa8e764ab03a99665c198e49c68a7.jpg,authentic,train,640,640,JPEG,38863,False,,images4031
roboflow_counterfeit_med_detection,roboflow\train\images5090_jpg.rf.dbe9faf84b2c83ee41abec4c8990dc45.jpg,authentic,train,640,640,JPEG,33379,False,,images5090
roboflow_counterfeit_med_detection,roboflow\train\images5095_jpg.rf.dcc21db9ff44d79dc71b72b1301bc987.jpg,authentic,train,640,640,JPEG,46142,False,,images5095
roboflow_counterfeit_med_detection,roboflow\train\images232_jpg.rf.dcbd9ce31cb53ac6e737bd0636c04ac6.jpg,authentic,train,640,640,JPEG,60155,False,,images232
roboflow_counterfeit_med_detection,roboflow\train\images213_jpg.rf.db792831f807edc48d2f6db89513e0f3.jpg,authentic,train,640,640,JPEG,46942,False,,images213
roboflow_counterfeit_med_detection,roboflow\train\images4092_jpg.rf.dc2dcdecaf2e42a0cb153917b2849e4a.jpg,authentic,train,640,640,JPEG,39615,False,,images4092
roboflow_counterfeit_med_detection,roboflow\train\images348_jpg.rf.dcb71812ba896b4f4c8706fc65c8c07c.jpg,authentic,train,640,640,JPEG,30428,False,,images348
roboflow_counterfeit_med_detection,roboflow\train\images230_jpg.rf.db9b589a1eb947b972032549fcfe0749.jpg,authentic,train,640,640,JPEG,46087,False,,images230
roboflow_counterfeit_med_detection,roboflow\train\images5058_jpg.rf.dc91a66dd275047b333997d4d0f33f1f.jpg,authentic,train,640,640,JPEG,84322,False,,images5058
roboflow_counterfeit_med_detection,roboflow\train\images5051_jpg.rf.dc867edc63e5396f6f91ae862241ddb4.jpg,authentic,train,640,640,JPEG,27042,False,,images5051
roboflow_counterfeit_med_detection,roboflow\train\images4058_jpg.rf.dc444a578fbaac93faa9b839d0a7ce41.jpg,authentic,train,640,640,JPEG,31763,False,,images4058
roboflow_counterfeit_med_detection,roboflow\train\images4120_jpg.rf.dc92c4c3a7127151c5673db2c673c115.jpg,authentic,train,640,640,JPEG,30777,False,,images4120
roboflow_counterfeit_med_detection,roboflow\train\images4063_jpg.rf.dc5ffd3660c4aa5e7d47468ca9beec95.jpg,authentic,train,640,640,JPEG,27952,False,,images4063
roboflow_counterfeit_med_detection,roboflow\train\images4046_jpg.rf.dd18f65dff44044f94c57157e1210c70.jpg,authentic,train,640,640,JPEG,94950,False,,images4046
roboflow_counterfeit_med_detection,roboflow\train\images02_jpg.rf.dbe9523371f2013517fbfd0de8b4afc8.jpg,authentic,train,640,640,JPEG,40698,False,,images02
roboflow_counterfeit_med_detection,roboflow\train\images206_jpg.rf.dd2da9aab98ec94026b7f250e986157d.jpg,authentic,train,640,640,JPEG,37727,False,,images206
roboflow_counterfeit_med_detection,roboflow\train\images4058_jpg.rf.dc1afd49684e2177b0074c79eaff2c33.jpg,authentic,train,640,640,JPEG,37840,False,,images4058
roboflow_counterfeit_med_detection,roboflow\train\FDA-Advisory-No-2022-0611-27_png.rf.dd51953a045a2489dc7a14e26b135e6a.jpg,authentic,train,640,640,JPEG,48109,True,bulletin_graphic_with_baked_in_label_text,FDA-Advisory-No-2022-0611-27
roboflow_counterfeit_med_detection,roboflow\train\images257_jpg.rf.dbcf7af4c9aa237ffaf43c1af321c5bf.jpg,authentic,train,640,640,JPEG,24274,False,,images257
roboflow_counterfeit_med_detection,roboflow\train\images209_jpg.rf.dbf8a0a72d5cee0bc17bbff700dfa3d9.jpg,authentic,train,640,640,JPEG,39714,False,,images209
roboflow_counterfeit_med_detection,roboflow\train\images5058_jpg.rf.dd4bd24d175ec7577f74d621fe666f55.jpg,authentic,train,640,640,JPEG,83525,False,,images5058
roboflow_counterfeit_med_detection,roboflow\train\images315_jpg.rf.dd1bb06c4de67ef188a2792cfba70911.jpg,authentic,train,640,640,JPEG,30915,False,,images315
roboflow_counterfeit_med_detection,roboflow\train\images260_jpg.rf.dcfc00cac924e5cd515ce4520e6fdb19.jpg,authentic,train,640,640,JPEG,41579,False,,images260
roboflow_counterfeit_med_detection,roboflow\train\images5113_jpg.rf.dd4421bdb2807f6a2d8de6e244d1336f.jpg,authentic,train,640,640,JPEG,39341,False,,images5113
roboflow_counterfeit_med_detection,roboflow\train\images4107_jpg.rf.dd3d1f32990fc2a70da003b9f580eb2f.jpg,authentic,train,640,640,JPEG,29001,False,,images4107
roboflow_counterfeit_med_detection,roboflow\train\images321_jpg.rf.dd51a4c9f283f33da3b9e688bf5da8e1.jpg,authentic,train,640,640,JPEG,30135,False,,images321
roboflow_counterfeit_med_detection,roboflow\train\images230_jpg.rf.dd59ec07c635e349c51c8e707ffdde4a.jpg,authentic,train,640,640,JPEG,50540,False,,images230
roboflow_counterfeit_med_detection,roboflow\train\images5095_jpg.rf.de3646948e1c8ab250ecc517617df195.jpg,authentic,train,640,640,JPEG,43958,False,,images5095
roboflow_counterfeit_med_detection,roboflow\train\images5039_jpg.rf.ddebad1f3a998279115e46f3c8173db5.jpg,authentic,train,640,640,JPEG,54497,False,,images5039
roboflow_counterfeit_med_detection,roboflow\train\images33_jpg.rf.ddd97137e3835afa6a61faef9bf13667.jpg,authentic,train,640,640,JPEG,37150,False,,images33
roboflow_counterfeit_med_detection,roboflow\train\images43_jpg.rf.dd6514b1872e351cb5d7dc65e80828f7.jpg,authentic,train,640,640,JPEG,45857,False,,images43
roboflow_counterfeit_med_detection,roboflow\train\images4067_jpg.rf.dd5d6235d5f2bb82414f1de45eb9f798.jpg,authentic,train,640,640,JPEG,51949,False,,images4067
roboflow_counterfeit_med_detection,roboflow\train\images218_jpg.rf.ddea63f7590781a8e8c34642a8fdecd8.jpg,authentic,train,640,640,JPEG,36495,False,,images218
roboflow_counterfeit_med_detection,roboflow\train\images36_jpg.rf.ddcb39affea76125bd6c6154e94c3662.jpg,authentic,train,640,640,JPEG,33317,False,,images36
roboflow_counterfeit_med_detection,roboflow\train\images46_jpg.rf.ddfe1652965b0c7dc5072ca5fd53267a.jpg,authentic,train,640,640,JPEG,25206,False,,images46
roboflow_counterfeit_med_detection,roboflow\train\images5067_jpg.rf.de583677c635346fc5f6cbeab9b2e788.jpg,authentic,train,640,640,JPEG,44543,False,,images5067
roboflow_counterfeit_med_detection,roboflow\train\images5062_jpg.rf.de9952f5b482fb72edf2bc3465965353.jpg,authentic,train,640,640,JPEG,23689,False,,images5062
roboflow_counterfeit_med_detection,roboflow\train\images5110_jpg.rf.df185b288cf1065078198f44a31bb0cf.jpg,authentic,train,640,640,JPEG,12797,False,,images5110
roboflow_counterfeit_med_detection,roboflow\train\images4039_jpg.rf.df512369b7f995628f87ade433a0dbf4.jpg,authentic,train,640,640,JPEG,43371,False,,images4039
roboflow_counterfeit_med_detection,roboflow\train\images42_jpg.rf.dd9d6d105c4f00a119ab66a9777b7b72.jpg,authentic,train,640,640,JPEG,50108,False,,images42
roboflow_counterfeit_med_detection,roboflow\train\images240_jpg.rf.dd9ecbecf78057d0e08e2311dcf4c4ab.jpg,authentic,train,640,640,JPEG,52632,False,,images240
roboflow_counterfeit_med_detection,roboflow\train\2020-1348_16_jpg.rf.ddf30aa4ccf7e7f98b5331ba49049c1e.jpg,counterfeit,train,640,640,JPEG,41123,True,bulletin_graphic_with_baked_in_label_text,2020-1348_16
roboflow_counterfeit_med_detection,roboflow\train\images5031_jpg.rf.de5abf3de05ab52230013f451a82dd4b.jpg,authentic,train,640,640,JPEG,41506,False,,images5031
roboflow_counterfeit_med_detection,roboflow\train\images222_jpg.rf.dedc5a1f6a08c009c7851b562efffa2c.jpg,authentic,train,640,640,JPEG,44534,False,,images222
roboflow_counterfeit_med_detection,roboflow\train\images210_jpg.rf.de833368a91ff93b24f77b02dc2f0ff8.jpg,authentic,train,640,640,JPEG,34391,False,,images210
roboflow_counterfeit_med_detection,roboflow\train\images346_jpg.rf.de6566aff1e08df60e47d616beb3295c.jpg,authentic,train,640,640,JPEG,26186,False,,images346
roboflow_counterfeit_med_detection,roboflow\train\images5040_jpg.rf.deece6582f5a7f6af7f448ae824d829b.jpg,authentic,train,640,640,JPEG,82522,False,,images5040
roboflow_counterfeit_med_detection,roboflow\train\images05_jpg.rf.defeb3338018d42397ef46f77791404f.jpg,authentic,train,640,640,JPEG,22823,False,,images05
roboflow_counterfeit_med_detection,roboflow\train\images4054_jpg.rf.ddfc5aa8f2e12595e8419eac3b844833.jpg,authentic,train,640,640,JPEG,55908,False,,images4054
roboflow_counterfeit_med_detection,roboflow\train\images351_jpg.rf.deea57830beef27460ba6fc2a63a7b3a.jpg,authentic,train,640,640,JPEG,41275,False,,images351
roboflow_counterfeit_med_detection,roboflow\train\images35_jpg.rf.df5731727cf609a601365e63d7848b5e.jpg,authentic,train,640,640,JPEG,46349,False,,images35
roboflow_counterfeit_med_detection,roboflow\train\images46_jpg.rf.df7d4c33a8ee2d468a35fe06449ade64.jpg,authentic,train,640,640,JPEG,22682,False,,images46
roboflow_counterfeit_med_detection,roboflow\train\images5067_jpg.rf.decf763c00d8d5da25986900ac8486a6.jpg,authentic,train,640,640,JPEG,45049,False,,images5067
roboflow_counterfeit_med_detection,roboflow\train\images01_jpg.rf.deb1dc24637206196dbd5c7145a9d93d.jpg,authentic,train,640,640,JPEG,40160,False,,images01
roboflow_counterfeit_med_detection,roboflow\train\2020-1348_29-1-_jpg.rf.df6267cec11f6b28f36223781331f3a3.jpg,counterfeit,train,640,640,JPEG,70507,True,bulletin_graphic_with_baked_in_label_text,2020-1348_29-1-
roboflow_counterfeit_med_detection,roboflow\train\images38_jpg.rf.df8339660806939d07b31e159cde502c.jpg,authentic,train,640,640,JPEG,54079,False,,images38
roboflow_counterfeit_med_detection,roboflow\train\images4045_jpg.rf.df57e6d62f0a974521155227fa6e54a9.jpg,authentic,train,640,640,JPEG,44002,False,,images4045
roboflow_counterfeit_med_detection,roboflow\train\images228_jpg.rf.dfb3f924832a566d788d73a5bb7d42d5.jpg,authentic,train,640,640,JPEG,32409,False,,images228
roboflow_counterfeit_med_detection,roboflow\train\images4039_jpg.rf.df85fae2154cd030770d30670b94c313.jpg,authentic,train,640,640,JPEG,63706,False,,images4039
roboflow_counterfeit_med_detection,roboflow\train\images225_jpg.rf.df946ef007d5f44c2b9fdcce5b229ea1.jpg,authentic,train,640,640,JPEG,51754,False,,images225
roboflow_counterfeit_med_detection,roboflow\train\images4120_jpg.rf.e05fde3006a3d0948d7e101b9715022f.jpg,authentic,train,640,640,JPEG,41062,False,,images4120
roboflow_counterfeit_med_detection,roboflow\train\images310_jpg.rf.dfc7dc2060af6ab604e2293555868c05.jpg,authentic,train,640,640,JPEG,47935,False,,images310
roboflow_counterfeit_med_detection,roboflow\train\images4093_jpg.rf.dfe369a92981d6eda351486fd5309c9e.jpg,authentic,train,640,640,JPEG,27383,False,,images4093
roboflow_counterfeit_med_detection,roboflow\train\images09_jpg.rf.e048cdb1803f27f53d7ae42fc68736e5.jpg,authentic,train,640,640,JPEG,33724,False,,images09
roboflow_counterfeit_med_detection,roboflow\train\images5032_jpg.rf.dfa047556c987d9c348cb7ede5a5bd31.jpg,authentic,train,640,640,JPEG,69196,False,,images5032
roboflow_counterfeit_med_detection,roboflow\train\images4079_jpg.rf.dff27ccebe49c897f5b1f1a6172483a5.jpg,authentic,train,640,640,JPEG,48450,False,,images4079
roboflow_counterfeit_med_detection,roboflow\train\images4082_jpg.rf.e03cead289ce3c77299cf5c3f9c9672a.jpg,authentic,train,640,640,JPEG,41530,False,,images4082
roboflow_counterfeit_med_detection,roboflow\train\images5059_jpg.rf.e0278d40bff70cf951d69738fd996941.jpg,authentic,train,640,640,JPEG,40536,False,,images5059
roboflow_counterfeit_med_detection,roboflow\train\images254_jpg.rf.e07df8b9677ec89065293eb966e1f614.jpg,authentic,train,640,640,JPEG,46125,False,,images254
roboflow_counterfeit_med_detection,roboflow\train\images5040_jpg.rf.e0bb83ddfb36723026867ae606abbee5.jpg,authentic,train,640,640,JPEG,94722,False,,images5040
roboflow_counterfeit_med_detection,roboflow\train\images4035_jpg.rf.e0c1d0d25d4affc812a17cea970186c6.jpg,authentic,train,640,640,JPEG,85522,False,,images4035
roboflow_counterfeit_med_detection,roboflow\train\images5063_jpg.rf.e0650098021edc89cd90d4b8e65e07a3.jpg,authentic,train,640,640,JPEG,26482,False,,images5063
roboflow_counterfeit_med_detection,roboflow\train\images262_jpg.rf.e0efe6360a85958f02200d66419b3cb8.jpg,authentic,train,640,640,JPEG,30577,False,,images262
roboflow_counterfeit_med_detection,roboflow\train\images5058_jpg.rf.e0f69c6217cf26e7d9358092fcc8cb9c.jpg,authentic,train,640,640,JPEG,83549,False,,images5058
roboflow_counterfeit_med_detection,roboflow\train\images5071_jpg.rf.e01f2f389596970e0b0eef2021a55921.jpg,authentic,train,640,640,JPEG,34412,False,,images5071
roboflow_counterfeit_med_detection,roboflow\train\images07_jpg.rf.dfcb8ce7bae2fe5fff95c1dded0812f3.jpg,authentic,train,640,640,JPEG,68891,False,,images07
roboflow_counterfeit_med_detection,roboflow\train\images15_jpg.rf.dfe1e1cda42c295d331eec192ec314c4.jpg,authentic,train,640,640,JPEG,40454,False,,images15
roboflow_counterfeit_med_detection,roboflow\train\images4042_jpg.rf.e149634034cc053537033b65a9d5bb89.jpg,authentic,train,640,640,JPEG,39556,False,,images4042
roboflow_counterfeit_med_detection,roboflow\train\images347_jpg.rf.e0616dc5439c30e6c6e314771451b447.jpg,authentic,train,640,640,JPEG,26018,False,,images347
roboflow_counterfeit_med_detection,roboflow\train\images4058_jpg.rf.e095b67820ccedc5e5ed16a3839b01c3.jpg,authentic,train,640,640,JPEG,42777,False,,images4058
roboflow_counterfeit_med_detection,roboflow\train\images240_jpg.rf.e142b03e83055453050f0444c5472297.jpg,authentic,train,640,640,JPEG,54585,False,,images240
roboflow_counterfeit_med_detection,roboflow\train\images36_jpg.rf.e157bde8e559fe91c2103a38e2b1a2ad.jpg,authentic,train,640,640,JPEG,31012,False,,images36
roboflow_counterfeit_med_detection,roboflow\train\images275_jpg.rf.e12627a3f32e16a0c44c25ddb9cdb3da.jpg,authentic,train,640,640,JPEG,28620,False,,images275
roboflow_counterfeit_med_detection,roboflow\train\images33_jpg.rf.e102c13d1c81dba8f92a335f8488bb45.jpg,authentic,train,640,640,JPEG,35430,False,,images33
roboflow_counterfeit_med_detection,roboflow\train\images236_jpg.rf.e16cb3d918fce6bc6ea603b9dfcbde8d.jpg,authentic,train,640,640,JPEG,48437,False,,images236
roboflow_counterfeit_med_detection,roboflow\train\images206_jpg.rf.e17299f2b640d0a918abb0af12fd510b.jpg,authentic,train,640,640,JPEG,34860,False,,images206
roboflow_counterfeit_med_detection,roboflow\train\images4047_jpg.rf.e1b33e846e612305d3e4cc1fdee98cd2.jpg,authentic,train,640,640,JPEG,55291,False,,images4047
roboflow_counterfeit_med_detection,roboflow\train\images15_jpg.rf.e198b0c99ea7f12ebb98e7bbabe894fb.jpg,authentic,train,640,640,JPEG,43683,False,,images15
roboflow_counterfeit_med_detection,roboflow\train\images4029_jpg.rf.e1789f1d5e3e0beadbb8c65b0bd3413e.jpg,authentic,train,640,640,JPEG,68472,False,,images4029
roboflow_counterfeit_med_detection,roboflow\train\download_jpg.rf.e208f50add6f02b8612b38bceac2778d.jpg,counterfeit,train,640,640,JPEG,27209,False,,download
roboflow_counterfeit_med_detection,roboflow\train\images5096_jpg.rf.e1d41be41a72f7656e89b51d0e8c2ae9.jpg,authentic,train,640,640,JPEG,58078,False,,images5096
roboflow_counterfeit_med_detection,roboflow\train\images4038_jpg.rf.e239ed2b013904e057bb115a8fb1b3f5.jpg,authentic,train,640,640,JPEG,43484,False,,images4038
roboflow_counterfeit_med_detection,roboflow\train\images5106_jpg.rf.e1fd31dc835d8382d73206f4496de986.jpg,authentic,train,640,640,JPEG,63553,False,,images5106
roboflow_counterfeit_med_detection,roboflow\train\images4100_jpg.rf.e1cfeb0f9c700c3a320ffed791a43c73.jpg,authentic,train,640,640,JPEG,56274,False,,images4100
roboflow_counterfeit_med_detection,roboflow\train\images227_jpg.rf.e1fd8d2f04843dd4aeb84f1a58ce3102.jpg,authentic,train,640,640,JPEG,27429,False,,images227
roboflow_counterfeit_med_detection,roboflow\train\images276_jpg.rf.e21d81d2b343c0d161b08e37da6cf3b7.jpg,authentic,train,640,640,JPEG,24646,False,,images276
roboflow_counterfeit_med_detection,roboflow\train\images5064_jpg.rf.e1f9758ea9578be46f32a919b96a49fa.jpg,authentic,train,640,640,JPEG,47150,False,,images5064
roboflow_counterfeit_med_detection,roboflow\train\images219_jpg.rf.e1c38503378a3492000c33f12744fa57.jpg,authentic,train,640,640,JPEG,48272,False,,images219
roboflow_counterfeit_med_detection,roboflow\train\images5090_jpg.rf.e25e429cf5196a3fa0de615a7c7407e9.jpg,authentic,train,640,640,JPEG,33576,False,,images5090
roboflow_counterfeit_med_detection,roboflow\train\images5058_jpg.rf.e2678d32b32f2f933378bcb7a24d8a52.jpg,authentic,train,640,640,JPEG,85525,False,,images5058
roboflow_counterfeit_med_detection,roboflow\train\images245_jpg.rf.e257d1a07d31000778325ea723ecb0be.jpg,authentic,train,640,640,JPEG,32183,False,,images245
roboflow_counterfeit_med_detection,roboflow\train\images5062_jpg.rf.e2b3b637bfbb65775d56ae49a6b128e0.jpg,authentic,train,640,640,JPEG,21047,False,,images5062
roboflow_counterfeit_med_detection,roboflow\train\images4042_jpg.rf.e289a9a2c6dc4b2601329da2736ac67c.jpg,authentic,train,640,640,JPEG,33969,False,,images4042
roboflow_counterfeit_med_detection,roboflow\train\images5103_jpg.rf.e26061ecaecfc49602d416bffef86187.jpg,authentic,train,640,640,JPEG,23447,False,,images5103
roboflow_counterfeit_med_detection,roboflow\train\images5117_jpg.rf.e23c878e9c2d2f6ce4c32ef4094eb92f.jpg,authentic,train,640,640,JPEG,72564,False,,images5117
roboflow_counterfeit_med_detection,roboflow\train\images5024_jpg.rf.e309a5df5ecf47c06b96dc4c42dfbc88.jpg,authentic,train,640,640,JPEG,51722,False,,images5024
roboflow_counterfeit_med_detection,roboflow\train\images31_jpg.rf.e322db968f7f252d724a0c62900e98fe.jpg,authentic,train,640,640,JPEG,37752,False,,images31
roboflow_counterfeit_med_detection,roboflow\train\images351_jpg.rf.e29017c07a75f03c21e97e6a2209c16e.jpg,authentic,train,640,640,JPEG,47267,False,,images351
roboflow_counterfeit_med_detection,roboflow\train\images5023_jpg.rf.e2bdf851fbf98a9b64da84886f03dc8d.jpg,authentic,train,640,640,JPEG,32071,False,,images5023
roboflow_counterfeit_med_detection,roboflow\train\images339_jpg.rf.e3497ac8e51da963c9a2b2978ce74258.jpg,authentic,train,640,640,JPEG,40814,False,,images339
roboflow_counterfeit_med_detection,roboflow\train\images4074_jpg.rf.e269e1c216090f7e7297840ecb1146e1.jpg,authentic,train,640,640,JPEG,29349,False,,images4074
roboflow_counterfeit_med_detection,roboflow\train\images321_jpg.rf.e3156dd79cb1b14efb50aee841fd5aa3.jpg,authentic,train,640,640,JPEG,31609,False,,images321
roboflow_counterfeit_med_detection,roboflow\train\images302_jpg.rf.e326c8468c429560730ebeaa0809f711.jpg,authentic,train,640,640,JPEG,41407,False,,images302
roboflow_counterfeit_med_detection,roboflow\train\images210_jpg.rf.e375de1a1cb4bfac1447f8ae7be34e42.jpg,authentic,train,640,640,JPEG,33223,False,,images210
roboflow_counterfeit_med_detection,roboflow\train\images245_jpg.rf.e3a090d4697b060c7ecc5046c4a5423d.jpg,authentic,train,640,640,JPEG,31715,False,,images245
roboflow_counterfeit_med_detection,roboflow\train\images5058_jpg.rf.e34be4eada0a56be216b8f77db8a05c2.jpg,authentic,train,640,640,JPEG,86875,False,,images5058
roboflow_counterfeit_med_detection,roboflow\train\images04_jpg.rf.e46133ccdd54e18ebcfa7719e0d2fcd7.jpg,authentic,train,640,640,JPEG,38374,False,,images04
roboflow_counterfeit_med_detection,roboflow\train\images5100_jpg.rf.e4244a8d2a7e70c2a72d32b3fd0d3bcd.jpg,authentic,train,640,640,JPEG,47679,False,,images5100
roboflow_counterfeit_med_detection,roboflow\train\images264_jpg.rf.e43aeac0113baef93fb935d71ce880b0.jpg,authentic,train,640,640,JPEG,22416,False,,images264
roboflow_counterfeit_med_detection,roboflow\train\images01_jpg.rf.e3af1a8abfc72d4fc94c80f9468b71e4.jpg,authentic,train,640,640,JPEG,39916,False,,images01
roboflow_counterfeit_med_detection,roboflow\train\images347_jpg.rf.e3b082428abba91d6669141e6e050542.jpg,authentic,train,640,640,JPEG,28859,False,,images347
roboflow_counterfeit_med_detection,roboflow\train\images43_jpg.rf.e3b136036f4c04e33ce22f13d15bc4b0.jpg,authentic,train,640,640,JPEG,45685,False,,images43
roboflow_counterfeit_med_detection,roboflow\train\FDA-Advisory-No-2021-3535-3_png.rf.e49c54c7fdba8977fc49c19f14d08f63.jpg,ambiguous,train,640,640,JPEG,48967,True,dual_label_contradiction,FDA-Advisory-No-2021-3535-3
roboflow_counterfeit_med_detection,roboflow\train\images4025_jpg.rf.e4317233ca5c7ba9777356e1d7c8fd14.jpg,authentic,train,640,640,JPEG,33767,False,,images4025
roboflow_counterfeit_med_detection,roboflow\train\images340_jpg.rf.e3b0e023af78fed739ad4b0cb421de3d.jpg,authentic,train,640,640,JPEG,35253,False,,images340
roboflow_counterfeit_med_detection,roboflow\train\images5051_jpg.rf.e4f0fae01d7091c2e095c4f4bb929a64.jpg,authentic,train,640,640,JPEG,22346,False,,images5051
roboflow_counterfeit_med_detection,roboflow\train\images222_jpg.rf.e49b6327e106592ad1e00d2522552bc7.jpg,authentic,train,640,640,JPEG,43724,False,,images222
roboflow_counterfeit_med_detection,roboflow\train\images4064_jpg.rf.e43cc7a614c66bb860ec7e8d356a5d2c.jpg,authentic,train,640,640,JPEG,29827,False,,images4064
roboflow_counterfeit_med_detection,roboflow\train\images5104_jpg.rf.e4cfda04f0213acfedc6d3c394d141eb.jpg,authentic,train,640,640,JPEG,50842,False,,images5104
roboflow_counterfeit_med_detection,roboflow\train\images340_jpg.rf.e49a27ecc8904a6b853c1e5dffb022a1.jpg,authentic,train,640,640,JPEG,46334,False,,images340
roboflow_counterfeit_med_detection,roboflow\train\images5034_jpg.rf.e3a8fb1949db9c215ac1be236716c713.jpg,authentic,train,640,640,JPEG,54922,False,,images5034
roboflow_counterfeit_med_detection,roboflow\train\images349_jpg.rf.e5082b94075c9d70152ae92759379c0c.jpg,authentic,train,640,640,JPEG,48663,False,,images349
roboflow_counterfeit_med_detection,roboflow\train\images4047_jpg.rf.e48eddeb07c43ffbdfb2979fc1b077cc.jpg,authentic,train,640,640,JPEG,59910,False,,images4047
roboflow_counterfeit_med_detection,roboflow\train\images302_jpg.rf.e41fb2d9665ec1edba7f957e015a937c.jpg,authentic,train,640,640,JPEG,44715,False,,images302
roboflow_counterfeit_med_detection,roboflow\train\images4042_jpg.rf.e50944f18ff5924fa9390d99159fd642.jpg,authentic,train,640,640,JPEG,33180,False,,images4042
roboflow_counterfeit_med_detection,roboflow\train\images4107_jpg.rf.e3ffbcd6588b7b4bb50b03485ed19f65.jpg,authentic,train,640,640,JPEG,41489,False,,images4107
roboflow_counterfeit_med_detection,roboflow\train\images5030_jpg.rf.e50ee804d7835a164b230d3af0e6c660.jpg,authentic,train,640,640,JPEG,42642,False,,images5030
roboflow_counterfeit_med_detection,roboflow\train\images264_jpg.rf.e4fb8394856b061eab15df67128d55e3.jpg,authentic,train,640,640,JPEG,22165,False,,images264
roboflow_counterfeit_med_detection,roboflow\train\images5041_jpg.rf.e4d182d8094267ea5f03e828395a5013.jpg,authentic,train,640,640,JPEG,71559,False,,images5041
roboflow_counterfeit_med_detection,roboflow\train\images225_jpg.rf.e510785e2c1303df74703027e1ceb781.jpg,authentic,train,640,640,JPEG,46628,False,,images225
roboflow_counterfeit_med_detection,roboflow\train\images5110_jpg.rf.e5793364e160ed2aec91e513c38aeeda.jpg,authentic,train,640,640,JPEG,12572,False,,images5110
roboflow_counterfeit_med_detection,roboflow\train\images348_jpg.rf.e569801e228ca08ec2c030b3f7ebf62f.jpg,authentic,train,640,640,JPEG,29908,False,,images348
roboflow_counterfeit_med_detection,roboflow\train\images13_jpg.rf.e520b4e39f7e17acb6559c0f3fc34b63.jpg,authentic,train,640,640,JPEG,22146,False,,images13
roboflow_counterfeit_med_detection,roboflow\train\images4069_jpg.rf.e52a25a9f9fc85d46afd9e66ab9fa3c4.jpg,authentic,train,640,640,JPEG,30965,False,,images4069
roboflow_counterfeit_med_detection,roboflow\train\images43_jpg.rf.e565eb4c10675b6f1c051a6369cbfc42.jpg,authentic,train,640,640,JPEG,45932,False,,images43
roboflow_counterfeit_med_detection,roboflow\train\images312_jpg.rf.e38a16ea9ed96cbc0698a8e3954f3af6.jpg,authentic,train,640,640,JPEG,51882,False,,images312
roboflow_counterfeit_med_detection,roboflow\train\images5062_jpg.rf.e57a260275f9983412751b11522ef8e2.jpg,authentic,train,640,640,JPEG,23786,False,,images5062
roboflow_counterfeit_med_detection,roboflow\train\images307_jpg.rf.e6091c1286e72e74b6a7b26469de3202.jpg,authentic,train,640,640,JPEG,27917,False,,images307
roboflow_counterfeit_med_detection,roboflow\train\images5114_jpg.rf.e5a070f559a5dc1a8929c82dd339f3ca.jpg,authentic,train,640,640,JPEG,30603,False,,images5114
roboflow_counterfeit_med_detection,roboflow\train\images4116_jpg.rf.e61a04202f227f6893555ec9713a6e45.jpg,authentic,train,640,640,JPEG,28198,False,,images4116
roboflow_counterfeit_med_detection,roboflow\train\images213_jpg.rf.e5a43ea910d079c5a052b8d760cb75c8.jpg,authentic,train,640,640,JPEG,41683,False,,images213
roboflow_counterfeit_med_detection,roboflow\train\images222_jpg.rf.e51ff41e456740a1c52cc026c15a28d9.jpg,authentic,train,640,640,JPEG,41886,False,,images222
roboflow_counterfeit_med_detection,roboflow\train\images02_jpg.rf.e591f557a6c3a947c7ed698ca1da2dfb.jpg,authentic,train,640,640,JPEG,45630,False,,images02
roboflow_counterfeit_med_detection,roboflow\train\images46_jpg.rf.e61d0b26768dd2b13314df074c0243d3.jpg,authentic,train,640,640,JPEG,24473,False,,images46
roboflow_counterfeit_med_detection,roboflow\train\images4067_jpg.rf.e640567f4d5deb0d11182dc1816bd943.jpg,authentic,train,640,640,JPEG,64780,False,,images4067
roboflow_counterfeit_med_detection,roboflow\train\images283_jpg.rf.e625deeea54fe9e7b2667592779687ff.jpg,authentic,train,640,640,JPEG,62692,False,,images283
roboflow_counterfeit_med_detection,roboflow\train\images5024_jpg.rf.e637897c5509b486d81988bc003cf91d.jpg,authentic,train,640,640,JPEG,54906,False,,images5024
roboflow_counterfeit_med_detection,roboflow\train\images5067_jpg.rf.e5ac6ffe7eefb734226e1f1ef43b6de4.jpg,authentic,train,640,640,JPEG,43010,False,,images5067
roboflow_counterfeit_med_detection,roboflow\train\images262_jpg.rf.e5e8de9dfe305b6312420ff703d025a9.jpg,authentic,train,640,640,JPEG,31862,False,,images262
roboflow_counterfeit_med_detection,roboflow\train\images342_jpg.rf.e68335a91e47d2735d2b5d11b5cb3b3d.jpg,authentic,train,640,640,JPEG,23288,False,,images342
roboflow_counterfeit_med_detection,roboflow\train\images258_jpg.rf.e6388344885734fbb884455311ca3bf0.jpg,authentic,train,640,640,JPEG,58086,False,,images258
roboflow_counterfeit_med_detection,roboflow\train\images5114_jpg.rf.e5e25a69708ffc756f01b8d826e3f2fc.jpg,authentic,train,640,640,JPEG,30880,False,,images5114
roboflow_counterfeit_med_detection,roboflow\train\images23_jpg.rf.e65576d1ca62514f91476db8666cdea4.jpg,authentic,train,640,640,JPEG,26326,False,,images23
roboflow_counterfeit_med_detection,roboflow\train\images43_jpg.rf.e6449e933d23fe88e1e7d6e37beefc00.jpg,authentic,train,640,640,JPEG,46237,False,,images43
roboflow_counterfeit_med_detection,roboflow\train\images255_jpg.rf.e5ed75f652e376ea5bf3043ac0fdafad.jpg,authentic,train,640,640,JPEG,33565,False,,images255
roboflow_counterfeit_med_detection,roboflow\train\images4093_jpg.rf.e5ac2a6651062366d9a666940d441f0e.jpg,authentic,train,640,640,JPEG,32311,False,,images4093
roboflow_counterfeit_med_detection,roboflow\train\images5127_jpg.rf.e683faa843eda59d5e1234b2e48ce1ee.jpg,authentic,train,640,640,JPEG,55560,False,,images5127
roboflow_counterfeit_med_detection,roboflow\train\images4046_jpg.rf.e7160715c582eca890c8df62b04098d6.jpg,authentic,train,640,640,JPEG,101049,False,,images4046
roboflow_counterfeit_med_detection,roboflow\train\images5116_jpg.rf.e6b8e04d162eec330282b8f9b0ff1c39.jpg,authentic,train,640,640,JPEG,70026,False,,images5116
roboflow_counterfeit_med_detection,roboflow\train\images208_jpg.rf.e6853d53201419859eafaacbc8ee1231.jpg,authentic,train,640,640,JPEG,50072,False,,images208
roboflow_counterfeit_med_detection,roboflow\train\images38_jpg.rf.e63a0aa2674c81a44efd3f98b2da7b64.jpg,authentic,train,640,640,JPEG,51719,False,,images38
roboflow_counterfeit_med_detection,roboflow\train\images4064_jpg.rf.e6788efa2d8897dbcf570ce3f04332b3.jpg,authentic,train,640,640,JPEG,43274,False,,images4064
roboflow_counterfeit_med_detection,roboflow\train\images4110_jpg.rf.e718176c8389b28bbfbc3b08ea5d6981.jpg,authentic,train,640,640,JPEG,68564,False,,images4110
roboflow_counterfeit_med_detection,roboflow\train\images04_jpg.rf.e73db99476efab6aacfbf0232536ccbe.jpg,authentic,train,640,640,JPEG,25273,False,,images04
roboflow_counterfeit_med_detection,roboflow\train\images252_jpg.rf.e6cd0af5e155c9fd34fdd5482d05ff78.jpg,authentic,train,640,640,JPEG,55184,False,,images252
roboflow_counterfeit_med_detection,roboflow\train\images4088_jpg.rf.e73520b4952e026c23385d74b1120d29.jpg,authentic,train,640,640,JPEG,26354,False,,images4088
roboflow_counterfeit_med_detection,roboflow\train\images235_jpg.rf.e800f28ad1677302492b2980c191cd7e.jpg,authentic,train,640,640,JPEG,56689,False,,images235
roboflow_counterfeit_med_detection,roboflow\train\images4045_jpg.rf.e77d0f6f9c961d2284676ec5da8548b5.jpg,authentic,train,640,640,JPEG,48694,False,,images4045
roboflow_counterfeit_med_detection,roboflow\train\images5053_jpg.rf.e83eea8535cb36357234443444af2c5a.jpg,authentic,train,640,640,JPEG,25154,False,,images5053
roboflow_counterfeit_med_detection,roboflow\train\images4061_jpg.rf.e838ce55a96471bebb51b9d19b57e5a6.jpg,authentic,train,640,640,JPEG,25812,False,,images4061
roboflow_counterfeit_med_detection,roboflow\train\images315_jpg.rf.e839f476ec936171e50e53578291659b.jpg,authentic,train,640,640,JPEG,35320,False,,images315
roboflow_counterfeit_med_detection,roboflow\train\images5064_jpg.rf.e7d140b63743ef8160a0927af9ed5013.jpg,authentic,train,640,640,JPEG,50078,False,,images5064
roboflow_counterfeit_med_detection,roboflow\train\images5087_jpg.rf.e7aaba0709a580774ff6905199f90d09.jpg,authentic,train,640,640,JPEG,20277,False,,images5087
roboflow_counterfeit_med_detection,roboflow\train\images4065_jpg.rf.e81f7f97cc499b6327c46a6d24c48968.jpg,authentic,train,640,640,JPEG,19452,False,,images4065
roboflow_counterfeit_med_detection,roboflow\train\images5090_jpg.rf.e78d60d462b9d73e81c3e806a33f897d.jpg,authentic,train,640,640,JPEG,34039,False,,images5090
roboflow_counterfeit_med_detection,roboflow\train\images4069_jpg.rf.e83faafe40a41c4f6ed7144c9dbd5d21.jpg,authentic,train,640,640,JPEG,45954,False,,images4069
roboflow_counterfeit_med_detection,roboflow\train\images5024_jpg.rf.e749dc2ce6d5e4fb62c640d234b844e9.jpg,authentic,train,640,640,JPEG,61152,False,,images5024
roboflow_counterfeit_med_detection,roboflow\train\images38_jpg.rf.e7add269d986c4b1a0a6816ae3de2da0.jpg,authentic,train,640,640,JPEG,39844,False,,images38
roboflow_counterfeit_med_detection,roboflow\train\190360375_4121964301192926_5836747406893149139_n_jpg.rf.e7b60fbfe3a5e0e513b956db9b78dafb.jpg,counterfeit,train,640,640,JPEG,57793,True,bulletin_graphic_with_baked_in_label_text,190360375_4121964301192926_5836747406893149139_n
roboflow_counterfeit_med_detection,roboflow\train\images346_jpg.rf.e75aad0c886c0a895b295a202f23d875.jpg,authentic,train,640,640,JPEG,27109,False,,images346
roboflow_counterfeit_med_detection,roboflow\train\images4044_jpg.rf.e7502f99b06f323927b849ba389c43aa.jpg,authentic,train,640,640,JPEG,62234,False,,images4044
roboflow_counterfeit_med_detection,roboflow\train\images262_jpg.rf.e79a2774aff10f1e2ff31a0589ee3b6e.jpg,authentic,train,640,640,JPEG,31718,False,,images262
roboflow_counterfeit_med_detection,roboflow\train\images5087_jpg.rf.e81b3662a62356a2cfcaae1ce667d1d9.jpg,authentic,train,640,640,JPEG,19656,False,,images5087
roboflow_counterfeit_med_detection,roboflow\train\images11_jpg.rf.e84d3f56de1b9907fb171181811e82ba.jpg,authentic,train,640,640,JPEG,62222,False,,images11
roboflow_counterfeit_med_detection,roboflow\train\images5034_jpg.rf.e76b9be082d08cf6c32980196f986ad3.jpg,authentic,train,640,640,JPEG,42650,False,,images5034
roboflow_counterfeit_med_detection,roboflow\train\images4079_jpg.rf.e86788d70d8a66ac0b84c72b0f6f3d7b.jpg,authentic,train,640,640,JPEG,33446,False,,images4079
roboflow_counterfeit_med_detection,roboflow\train\images4085_jpg.rf.e859898aa97f609ba5f9e16883686f9a.jpg,authentic,train,640,640,JPEG,76155,False,,images4085
roboflow_counterfeit_med_detection,roboflow\train\images260_jpg.rf.e78fdedb272d4b4b1f836c0514ca11f1.jpg,authentic,train,640,640,JPEG,42879,False,,images260
roboflow_counterfeit_med_detection,roboflow\train\images4093_jpg.rf.e88a0a6d9d70aa2bfc5fc0cdf9fb16cf.jpg,authentic,train,640,640,JPEG,35005,False,,images4093
roboflow_counterfeit_med_detection,roboflow\train\images36_jpg.rf.e81295d7bdf081f48efff8c4cf1e5c8d.jpg,authentic,train,640,640,JPEG,33329,False,,images36
roboflow_counterfeit_med_detection,roboflow\train\images4048_jpg.rf.e802141d39ba050c6d9a70beb91ca78a.jpg,authentic,train,640,640,JPEG,44951,False,,images4048
roboflow_counterfeit_med_detection,roboflow\train\images230_jpg.rf.e8ef3ce1992ddaa262bdc95a9b19734e.jpg,authentic,train,640,640,JPEG,43481,False,,images230
roboflow_counterfeit_med_detection,roboflow\train\images209_jpg.rf.e79f9f5dc7224906702448d0ab812ccd.jpg,authentic,train,640,640,JPEG,40056,False,,images209
roboflow_counterfeit_med_detection,roboflow\train\images09_jpg.rf.e7fa6d02b7e3776f43c13f1eca3294ce.jpg,authentic,train,640,640,JPEG,32427,False,,images09
roboflow_counterfeit_med_detection,roboflow\train\images4042_jpg.rf.e8b8f2bc9e0cdd2b8469119f2b76ef35.jpg,authentic,train,640,640,JPEG,40435,False,,images4042
roboflow_counterfeit_med_detection,roboflow\train\images4088_jpg.rf.e79bf66005c80fe3c6b09967d3c8d8bd.jpg,authentic,train,640,640,JPEG,17580,False,,images4088
roboflow_counterfeit_med_detection,roboflow\train\images4061_jpg.rf.e7f96f32c6771cb02dabbc55b550b13f.jpg,authentic,train,640,640,JPEG,22911,False,,images4061
roboflow_counterfeit_med_detection,roboflow\train\images4042_jpg.rf.e8dd8c8579ad1e0e1b2d322306b0dec5.jpg,authentic,train,640,640,JPEG,31453,False,,images4042
roboflow_counterfeit_med_detection,roboflow\train\images4045_jpg.rf.e8b1d597b84408681603aaf181fc0fee.jpg,authentic,train,640,640,JPEG,42099,False,,images4045
roboflow_counterfeit_med_detection,roboflow\train\images5067_jpg.rf.e905502247ac5d6b4ec14fb8f416a850.jpg,authentic,train,640,640,JPEG,34945,False,,images5067
roboflow_counterfeit_med_detection,roboflow\train\images4033_jpg.rf.e90ee1da7c9d912f97b27c02eb31aaee.jpg,authentic,train,640,640,JPEG,55702,False,,images4033
roboflow_counterfeit_med_detection,roboflow\train\images4063_jpg.rf.e90bfbdb86bd4839baf931a7e2eec31d.jpg,authentic,train,640,640,JPEG,25359,False,,images4063
roboflow_counterfeit_med_detection,roboflow\train\images4094_jpg.rf.e943cfa03e81d030df5def6c23075669.jpg,authentic,train,640,640,JPEG,21367,False,,images4094
roboflow_counterfeit_med_detection,roboflow\train\2020-1348_18_jpg.rf.e91892966ad1cf8062e586c70c2ee089.jpg,counterfeit,train,640,640,JPEG,49292,True,bulletin_graphic_with_baked_in_label_text,2020-1348_18
roboflow_counterfeit_med_detection,roboflow\train\images5110_jpg.rf.e9836c10c438bb55a705cb8cdc28f9bc.jpg,authentic,train,640,640,JPEG,12347,False,,images5110
roboflow_counterfeit_med_detection,roboflow\train\images228_jpg.rf.e9b6859f6ec8eef5124c95b606917ae4.jpg,authentic,train,640,640,JPEG,26704,False,,images228
roboflow_counterfeit_med_detection,roboflow\train\images09_jpg.rf.e9343bcd9b4a92467c084cfccfa3594f.jpg,authentic,train,640,640,JPEG,47998,False,,images09
roboflow_counterfeit_med_detection,roboflow\train\images4107_jpg.rf.e911bc86d700456191e82cd8b73e16d7.jpg,authentic,train,640,640,JPEG,44918,False,,images4107
roboflow_counterfeit_med_detection,roboflow\train\images37_jpg.rf.e99622ffeec8a54cdba5efa2da9d90f2.jpg,authentic,train,640,640,JPEG,31168,False,,images37
roboflow_counterfeit_med_detection,roboflow\train\images352_jpg.rf.e9d16354811ab649b50ae68cb94234af.jpg,authentic,train,640,640,JPEG,43436,False,,images352
roboflow_counterfeit_med_detection,roboflow\train\images01_jpg.rf.ea0eae7d0164952ab85edb8070bd8bd1.jpg,authentic,train,640,640,JPEG,43485,False,,images01
roboflow_counterfeit_med_detection,roboflow\train\images276_jpg.rf.ea536958db86f5ad2ee81bc0e5b0ef6e.jpg,authentic,train,640,640,JPEG,22988,False,,images276
roboflow_counterfeit_med_detection,roboflow\train\FDA-Advisory-No-2022-0611-11_png.rf.ea0a6575162c39886c4808e66811294c.jpg,authentic,train,640,640,JPEG,52518,True,bulletin_graphic_with_baked_in_label_text,FDA-Advisory-No-2022-0611-11
roboflow_counterfeit_med_detection,roboflow\train\images5090_jpg.rf.e9808963a1a0f199e9e4ac9d06736ca8.jpg,authentic,train,640,640,JPEG,35484,False,,images5090
roboflow_counterfeit_med_detection,roboflow\train\images244_jpg.rf.ea4aa492ac63fd21c93eeea410ec6eb9.jpg,authentic,train,640,640,JPEG,54826,False,,images244
roboflow_counterfeit_med_detection,roboflow\train\FDA-Advisory-No-2022-0273-9-1-_png.rf.ea5c588e33a663a99a67fca4053bc61d.jpg,ambiguous,train,640,640,JPEG,57983,True,dual_label_contradiction,FDA-Advisory-No-2022-0273-9-1-
roboflow_counterfeit_med_detection,roboflow\train\images5035_jpg.rf.e960610489d7c567d898787014205139.jpg,authentic,train,640,640,JPEG,40365,False,,images5035
roboflow_counterfeit_med_detection,roboflow\train\images315_jpg.rf.ea97014271d3f4383bd19229f723c377.jpg,authentic,train,640,640,JPEG,27199,False,,images315
roboflow_counterfeit_med_detection,roboflow\train\images218_jpg.rf.ea921313a8f0c85c7ce472748367d671.jpg,authentic,train,640,640,JPEG,37292,False,,images218
roboflow_counterfeit_med_detection,roboflow\train\images5059_jpg.rf.ea739a75cf99a7fc82f5be86997a46e3.jpg,authentic,train,640,640,JPEG,38065,False,,images5059
roboflow_counterfeit_med_detection,roboflow\train\images5115_jpg.rf.ea73a41723fa1b65898b57cc07bf9164.jpg,authentic,train,640,640,JPEG,40138,False,,images5115
roboflow_counterfeit_med_detection,roboflow\train\images4033_jpg.rf.ea818c58ed19c8b62e9cb5e0610e0406.jpg,authentic,train,640,640,JPEG,66391,False,,images4033
roboflow_counterfeit_med_detection,roboflow\train\images4045_jpg.rf.ea820798580f943bf7c3047ba2ddf8a7.jpg,authentic,train,640,640,JPEG,42779,False,,images4045
roboflow_counterfeit_med_detection,roboflow\train\images5106_jpg.rf.ea5e5e954602f40f3421407383ecc5d4.jpg,authentic,train,640,640,JPEG,58566,False,,images5106
roboflow_counterfeit_med_detection,roboflow\train\images340_jpg.rf.eaa4355e96b65a60284b6a93c0cb3572.jpg,authentic,train,640,640,JPEG,56569,False,,images340
roboflow_counterfeit_med_detection,roboflow\train\images4065_jpg.rf.ea9b0968ad52e8098a84bb6f228402ac.jpg,authentic,train,640,640,JPEG,19913,False,,images4065
roboflow_counterfeit_med_detection,roboflow\train\images13_jpg.rf.e9eb80784ad0eeea8b4b1a6890ca68a5.jpg,authentic,train,640,640,JPEG,24191,False,,images13
roboflow_counterfeit_med_detection,roboflow\train\images320_jpg.rf.eb0a540e35555dff67cecda9dc02f9de.jpg,authentic,train,640,640,JPEG,28191,False,,images320
roboflow_counterfeit_med_detection,roboflow\train\images5116_jpg.rf.eb4b98f0378a370071332b43447df5c5.jpg,authentic,train,640,640,JPEG,91462,False,,images5116
roboflow_counterfeit_med_detection,roboflow\train\images4079_jpg.rf.eaad8e61bc87d9cf4a8eb5d315fae2d5.jpg,authentic,train,640,640,JPEG,50794,False,,images4079
roboflow_counterfeit_med_detection,roboflow\train\images4046_jpg.rf.eab2ecfab31e48c2b1b3c8d40294092b.jpg,authentic,train,640,640,JPEG,99370,False,,images4046
roboflow_counterfeit_med_detection,roboflow\train\images5085_jpg.rf.eb26700c28515176470808e4acb3d175.jpg,authentic,train,640,640,JPEG,43594,False,,images5085
roboflow_counterfeit_med_detection,roboflow\train\images5100_jpg.rf.eb507e0a3002abc3ac3a92a27160e9c0.jpg,authentic,train,640,640,JPEG,48553,False,,images5100
roboflow_counterfeit_med_detection,roboflow\train\images5024_jpg.rf.eb1cbb214b3e1b5687d35f923739e106.jpg,authentic,train,640,640,JPEG,53243,False,,images5024
roboflow_counterfeit_med_detection,roboflow\train\images4068_jpg.rf.eb45b179dcf3ed0e5c2d5440044888d6.jpg,authentic,train,640,640,JPEG,72736,False,,images4068
roboflow_counterfeit_med_detection,roboflow\train\FDA-Advisory-No-2022-0611-14_png.rf.eb15b1ae714f7ee9fa2c248094f3b102.jpg,counterfeit,train,640,640,JPEG,51551,True,bulletin_graphic_with_baked_in_label_text,FDA-Advisory-No-2022-0611-14
roboflow_counterfeit_med_detection,roboflow\train\images348_jpg.rf.eb542da428dcbfecef807d35426bc156.jpg,authentic,train,640,640,JPEG,30339,False,,images348
roboflow_counterfeit_med_detection,roboflow\train\images312_jpg.rf.eac9a24b5d6b10fec0c82199c4d8bba0.jpg,authentic,train,640,640,JPEG,49566,False,,images312
roboflow_counterfeit_med_detection,roboflow\train\images5024_jpg.rf.eb3b6d176b369fbb20a0cd4c0bb3b11a.jpg,authentic,train,640,640,JPEG,60117,False,,images5024
roboflow_counterfeit_med_detection,roboflow\train\images244_jpg.rf.eaf9a25479f73e55d620a200efb5ad64.jpg,authentic,train,640,640,JPEG,58021,False,,images244
roboflow_counterfeit_med_detection,roboflow\train\images04_jpg.rf.eb365dd50b37608b0a9c2418038a6943.jpg,authentic,train,640,640,JPEG,28754,False,,images04
roboflow_counterfeit_med_detection,roboflow\train\images315_jpg.rf.eb1dbb85f384f4f1430132d0ab504fec.jpg,authentic,train,640,640,JPEG,30433,False,,images315
roboflow_counterfeit_med_detection,roboflow\train\images4054_jpg.rf.eb89378a07f900f0bf09b15ed3fd5d2a.jpg,authentic,train,640,640,JPEG,60856,False,,images4054
roboflow_counterfeit_med_detection,roboflow\train\images04_jpg.rf.eb4cc4ba685a97e05329db206e0bac5d.jpg,authentic,train,640,640,JPEG,35483,False,,images04
roboflow_counterfeit_med_detection,roboflow\train\images5110_jpg.rf.eb6c0bbe3c596184651b973017c29252.jpg,authentic,train,640,640,JPEG,13910,False,,images5110
roboflow_counterfeit_med_detection,roboflow\train\images5035_jpg.rf.eaf2642bc9e32b5b17e6c8ac735a2eef.jpg,authentic,train,640,640,JPEG,36908,False,,images5035
roboflow_counterfeit_med_detection,roboflow\train\images323_jpg.rf.eba9faafc9b39da4e914a7e30bf06724.jpg,authentic,train,640,640,JPEG,21852,False,,images323
roboflow_counterfeit_med_detection,roboflow\train\images5100_jpg.rf.eab0e6f30af7405d5cb05da683a688e3.jpg,authentic,train,640,640,JPEG,44791,False,,images5100
roboflow_counterfeit_med_detection,roboflow\train\images5051_jpg.rf.eae1210d1787c5c5b04b6d3ca6fcae58.jpg,authentic,train,640,640,JPEG,26841,False,,images5051
roboflow_counterfeit_med_detection,roboflow\train\images5085_jpg.rf.eb9abfcf86fc8c6730a1503450fb64e1.jpg,authentic,train,640,640,JPEG,57566,False,,images5085
roboflow_counterfeit_med_detection,roboflow\train\images4064_jpg.rf.eba79fe5c602e98b0a23c1f5239f0621.jpg,authentic,train,640,640,JPEG,25746,False,,images4064
roboflow_counterfeit_med_detection,roboflow\train\images323_jpg.rf.eba027c69bcac7980b2b60ed2b5fde9f.jpg,authentic,train,640,640,JPEG,21176,False,,images323
roboflow_counterfeit_med_detection,roboflow\train\images315_jpg.rf.ebcc5035cf55cc220e5629065e065faf.jpg,authentic,train,640,640,JPEG,26886,False,,images315
roboflow_counterfeit_med_detection,roboflow\train\images276_jpg.rf.ebcef606a7f2b802c8b62622c8898cab.jpg,authentic,train,640,640,JPEG,27083,False,,images276
roboflow_counterfeit_med_detection,roboflow\train\images4120_jpg.rf.ec301cdc6f301c136d1bf534d387a003.jpg,authentic,train,640,640,JPEG,40945,False,,images4120
roboflow_counterfeit_med_detection,roboflow\train\images4063_jpg.rf.ec1208579e896181452111d4961066ec.jpg,authentic,train,640,640,JPEG,23025,False,,images4063
roboflow_counterfeit_med_detection,roboflow\train\images230_jpg.rf.ec24cba6c016252cfb7c107778bc6f8c.jpg,authentic,train,640,640,JPEG,45447,False,,images230
roboflow_counterfeit_med_detection,roboflow\train\images5061_jpg.rf.ec83add6429ab9b35fc9c426eb565047.jpg,authentic,train,640,640,JPEG,39472,False,,images5061
roboflow_counterfeit_med_detection,roboflow\train\FDA-Advisory-No-2022-0611-31_png.rf.eca7b49069e8eb42a3d5c9a87788c627.jpg,authentic,train,640,640,JPEG,57281,True,bulletin_graphic_with_baked_in_label_text,FDA-Advisory-No-2022-0611-31
roboflow_counterfeit_med_detection,roboflow\train\images4054_jpg.rf.ecd550ca1e126f8306af5cb3e3775b81.jpg,authentic,train,640,640,JPEG,53517,False,,images4054
roboflow_counterfeit_med_detection,roboflow\train\images4047_jpg.rf.ec122bf8b0d8989789db1bba89c16b39.jpg,authentic,train,640,640,JPEG,63546,False,,images4047
roboflow_counterfeit_med_detection,roboflow\train\images4044_jpg.rf.ed39eea66492f3181853dea241364752.jpg,authentic,train,640,640,JPEG,62368,False,,images4044
roboflow_counterfeit_med_detection,roboflow\train\images5098_jpg.rf.ebdff63e91cbf0aee708bad4f6627b56.jpg,authentic,train,640,640,JPEG,44397,False,,images5098
roboflow_counterfeit_med_detection,roboflow\train\images222_jpg.rf.ed2924361aa48d209096e3620aa9386f.jpg,authentic,train,640,640,JPEG,40027,False,,images222
roboflow_counterfeit_med_detection,roboflow\train\images335_jpg.rf.eca1cac34310cb67a9dbd92ce266307c.jpg,authentic,train,640,640,JPEG,40750,False,,images335
roboflow_counterfeit_med_detection,roboflow\train\images5032_jpg.rf.ec82ab1d39074dd7d02cff2647def3f7.jpg,authentic,train,640,640,JPEG,88995,False,,images5032
roboflow_counterfeit_med_detection,roboflow\train\images231_jpg.rf.ecce5d1ec46e9a23206813e2bff57e82.jpg,authentic,train,640,640,JPEG,37661,False,,images231
roboflow_counterfeit_med_detection,roboflow\train\images5126_jpg.rf.ed16a5207cb83e5054c4359fafcce661.jpg,authentic,train,640,640,JPEG,26712,False,,images5126
roboflow_counterfeit_med_detection,roboflow\train\images4069_jpg.rf.eca22350bc4382a71b76c50f6769113a.jpg,authentic,train,640,640,JPEG,29671,False,,images4069
roboflow_counterfeit_med_detection,roboflow\train\images08_jpg.rf.ed20570c1dbe483951b66f7dd380c273.jpg,authentic,train,640,640,JPEG,59947,False,,images08
roboflow_counterfeit_med_detection,roboflow\train\images275_jpg.rf.ec0738c4e49ac80f3b90d92492b5d937.jpg,authentic,train,640,640,JPEG,27646,False,,images275
roboflow_counterfeit_med_detection,roboflow\train\images5117_jpg.rf.ed68d69bb5456552ec30b4a46240a66a.jpg,authentic,train,640,640,JPEG,72111,False,,images5117
roboflow_counterfeit_med_detection,roboflow\train\images312_jpg.rf.eca819764f5d44424e907cb9b4b563b8.jpg,authentic,train,640,640,JPEG,39965,False,,images312
roboflow_counterfeit_med_detection,roboflow\train\images5067_jpg.rf.ebe0ce19d3b1ba7aae49729e00d64abb.jpg,authentic,train,640,640,JPEG,50720,False,,images5067
roboflow_counterfeit_med_detection,roboflow\train\images323_jpg.rf.ecc976e2c012b640cb141ec9d7e70406.jpg,authentic,train,640,640,JPEG,34270,False,,images323
roboflow_counterfeit_med_detection,roboflow\train\images311_jpg.rf.ed99009af2435aab8a0e2bac49ce0b05.jpg,authentic,train,640,640,JPEG,43558,False,,images311
roboflow_counterfeit_med_detection,roboflow\train\images37_jpg.rf.ed593baef1acc1db849450b14be2841e.jpg,authentic,train,640,640,JPEG,33225,False,,images37
roboflow_counterfeit_med_detection,roboflow\train\images275_jpg.rf.ed74777d8f05b33105cd0278834435fb.jpg,authentic,train,640,640,JPEG,34052,False,,images275
roboflow_counterfeit_med_detection,roboflow\train\images4065_jpg.rf.ed73e8dc54090c09a284d79eabc1868a.jpg,authentic,train,640,640,JPEG,18890,False,,images4065
roboflow_counterfeit_med_detection,roboflow\train\images323_jpg.rf.ec8068b26ed32a18f1905b948476f0df.jpg,authentic,train,640,640,JPEG,24808,False,,images323
roboflow_counterfeit_med_detection,roboflow\train\images213_jpg.rf.ed8ce2b74c663de4c8335e46f55a7557.jpg,authentic,train,640,640,JPEG,40208,False,,images213
roboflow_counterfeit_med_detection,roboflow\train\images5064_jpg.rf.ed9e0eddf1a618b72b8d2adde6c4c97c.jpg,authentic,train,640,640,JPEG,51163,False,,images5064
roboflow_counterfeit_med_detection,roboflow\train\images47_jpg.rf.ed049057970cc714e35b9266b266995f.jpg,authentic,train,640,640,JPEG,28802,False,,images47
roboflow_counterfeit_med_detection,roboflow\train\images352_jpg.rf.ed996147426d9412a5444c9d4e99fca5.jpg,authentic,train,640,640,JPEG,43092,False,,images352
roboflow_counterfeit_med_detection,roboflow\train\images37_jpg.rf.ee0fd780d7a5df60738649cab0008f87.jpg,authentic,train,640,640,JPEG,35319,False,,images37
roboflow_counterfeit_med_detection,roboflow\train\images320_jpg.rf.ee23da7fe35f605f12775a99a9409a0c.jpg,authentic,train,640,640,JPEG,55256,False,,images320
roboflow_counterfeit_med_detection,roboflow\train\images47_jpg.rf.edc267376ef30cb323d1bb1a9d8cd319.jpg,authentic,train,640,640,JPEG,28591,False,,images47
roboflow_counterfeit_med_detection,roboflow\train\images4087_jpg.rf.ee235592a4a6a1133ceabff5f53d81fd.jpg,authentic,train,640,640,JPEG,38241,False,,images4087
roboflow_counterfeit_med_detection,roboflow\train\images5087_jpg.rf.ef55c4de0f1ba76e665e2ae540537df0.jpg,authentic,train,640,640,JPEG,20798,False,,images5087
roboflow_counterfeit_med_detection,roboflow\train\images07_jpg.rf.ef2d67cd1b5943d8bfbb97ec66850fae.jpg,authentic,train,640,640,JPEG,66918,False,,images07
roboflow_counterfeit_med_detection,roboflow\train\images4065_jpg.rf.eda2b73ff1a760fbd2b29272ee393a94.jpg,authentic,train,640,640,JPEG,22891,False,,images4065
roboflow_counterfeit_med_detection,roboflow\train\images4025_jpg.rf.ee5f2fd7d4df73ae8631e0db6e2d20db.jpg,authentic,train,640,640,JPEG,25982,False,,images4025
roboflow_counterfeit_med_detection,roboflow\train\images347_jpg.rf.eeb24970dec1532fca9a5983bcfeccf2.jpg,authentic,train,640,640,JPEG,30366,False,,images347
roboflow_counterfeit_med_detection,roboflow\train\images5127_jpg.rf.ee9eeecee2c5820899c9e1b148e01f15.jpg,authentic,train,640,640,JPEG,42147,False,,images5127
roboflow_counterfeit_med_detection,roboflow\train\images352_jpg.rf.ef10697a8dc19277817aef7d10f7c002.jpg,authentic,train,640,640,JPEG,45926,False,,images352
roboflow_counterfeit_med_detection,roboflow\train\images5090_jpg.rf.ee242a18cee984c5eb21d535fe445350.jpg,authentic,train,640,640,JPEG,31803,False,,images5090
roboflow_counterfeit_med_detection,roboflow\train\images5061_jpg.rf.edd2936453c612cbcdcefc7bfcbe7f1c.jpg,authentic,train,640,640,JPEG,34137,False,,images5061
roboflow_counterfeit_med_detection,roboflow\train\images4044_jpg.rf.efa147056baf3fe88156b5c0790e33f8.jpg,authentic,train,640,640,JPEG,64418,False,,images4044
roboflow_counterfeit_med_detection,roboflow\train\images4069_jpg.rf.ef472a030b5a163f40b5bcb17c7db617.jpg,authentic,train,640,640,JPEG,47045,False,,images4069
roboflow_counterfeit_med_detection,roboflow\train\images5090_jpg.rf.efb5bf12963d184204c7267b3527cbd3.jpg,authentic,train,640,640,JPEG,33922,False,,images5090
roboflow_counterfeit_med_detection,roboflow\train\images4085_jpg.rf.ef316601cbe56141b94b94ea54eb1add.jpg,authentic,train,640,640,JPEG,55788,False,,images4085
roboflow_counterfeit_med_detection,roboflow\train\images4100_jpg.rf.ef89bedeb7fcaa02126e314627041d2f.jpg,authentic,train,640,640,JPEG,74182,False,,images4100
roboflow_counterfeit_med_detection,roboflow\train\images4081_jpg.rf.ee640a56dd09209a6d924afc8df28100.jpg,authentic,train,640,640,JPEG,33217,False,,images4081
roboflow_counterfeit_med_detection,roboflow\train\images208_jpg.rf.efcfea5c9683de21abba59020e34e554.jpg,authentic,train,640,640,JPEG,54054,False,,images208
roboflow_counterfeit_med_detection,roboflow\train\images37_jpg.rf.ef633df2fed10147c57f29d46f8e2cd0.jpg,authentic,train,640,640,JPEG,32572,False,,images37
roboflow_counterfeit_med_detection,roboflow\train\images33_jpg.rf.ee76b32e8186a00eb14ce5cab4da6f64.jpg,authentic,train,640,640,JPEG,33109,False,,images33
roboflow_counterfeit_med_detection,roboflow\train\images38_jpg.rf.f0097fc055e99e6f2d878f1de42bf5d8.jpg,authentic,train,640,640,JPEG,39220,False,,images38
roboflow_counterfeit_med_detection,roboflow\train\FDA-Advisory-No-2022-0545_png.rf.edfc8416eac1f913f59578c048e556ab.jpg,ambiguous,train,640,640,JPEG,59799,True,dual_label_contradiction,FDA-Advisory-No-2022-0545
roboflow_counterfeit_med_detection,roboflow\train\images302_jpg.rf.effc2f34b2e50a11e7275a10a6cee936.jpg,authentic,train,640,640,JPEG,42659,False,,images302
roboflow_counterfeit_med_detection,roboflow\train\images257_jpg.rf.eff7817ce891394e2b862b9e4da8611f.jpg,authentic,train,640,640,JPEG,30632,False,,images257
roboflow_counterfeit_med_detection,roboflow\train\images4035_jpg.rf.eff21cc96c625af9d8055ce617496b4f.jpg,authentic,train,640,640,JPEG,70039,False,,images4035
roboflow_counterfeit_med_detection,roboflow\train\images35_jpg.rf.f06cc262935e464cb6d1be338645658d.jpg,authentic,train,640,640,JPEG,46375,False,,images35
roboflow_counterfeit_med_detection,roboflow\train\images4039_jpg.rf.efffd0a167f34592b133c6cae5260b95.jpg,authentic,train,640,640,JPEG,33128,False,,images4039
roboflow_counterfeit_med_detection,roboflow\train\images265_jpg.rf.f01357b3d46969c603a828420b5ba701.jpg,authentic,train,640,640,JPEG,42882,False,,images265
roboflow_counterfeit_med_detection,roboflow\train\images04_jpg.rf.f0942ca8008c8135a208c93029dab07d.jpg,authentic,train,640,640,JPEG,29760,False,,images04
roboflow_counterfeit_med_detection,roboflow\train\images232_jpg.rf.f07ea19f07a5a76fefa13fa30ba3c207.jpg,authentic,train,640,640,JPEG,38443,False,,images232
roboflow_counterfeit_med_detection,roboflow\train\images349_jpg.rf.f08c525cb0d1d94828ed1de4ab85824b.jpg,authentic,train,640,640,JPEG,49969,False,,images349
roboflow_counterfeit_med_detection,roboflow\train\images04_jpg.rf.f0aac41db378fd557544c5ba11c3d305.jpg,authentic,train,640,640,JPEG,37725,False,,images04
roboflow_counterfeit_med_detection,roboflow\train\images5056_jpg.rf.f0a1f907ba492c776b16f24311f5679f.jpg,authentic,train,640,640,JPEG,52217,False,,images5056
roboflow_counterfeit_med_detection,roboflow\train\images4047_jpg.rf.f00effda1bd1de1d5baa422e6a0ea7d8.jpg,authentic,train,640,640,JPEG,46517,False,,images4047
roboflow_counterfeit_med_detection,roboflow\train\images339_jpg.rf.f0df0ea34a62312868ce53cc4fdc73a7.jpg,authentic,train,640,640,JPEG,50565,False,,images339
roboflow_counterfeit_med_detection,roboflow\train\images260_jpg.rf.f0f2adda49b772a128a4390a5d2a6c9c.jpg,authentic,train,640,640,JPEG,36190,False,,images260
roboflow_counterfeit_med_detection,roboflow\train\images307_jpg.rf.f0d900efec6f9a62ef5f60a5419e81b8.jpg,authentic,train,640,640,JPEG,30742,False,,images307
roboflow_counterfeit_med_detection,roboflow\train\FDA-Advisory-No-2021-0139_png.rf.f0e36168d164564b8e246d25bb0fc3aa.jpg,counterfeit,train,640,640,JPEG,55226,True,bulletin_graphic_with_baked_in_label_text,FDA-Advisory-No-2021-0139
roboflow_counterfeit_med_detection,roboflow\train\images5103_jpg.rf.f14995da79f34dc7ab5d2b4e67d7ba24.jpg,authentic,train,640,640,JPEG,30195,False,,images5103
roboflow_counterfeit_med_detection,roboflow\train\images346_jpg.rf.f1866da06bbb34cd409369d2d724c7ae.jpg,authentic,train,640,640,JPEG,26215,False,,images346
roboflow_counterfeit_med_detection,roboflow\train\images338_jpg.rf.f1204ecdad4c8887aff53ee4670f8ae2.jpg,authentic,train,640,640,JPEG,33269,False,,images338
roboflow_counterfeit_med_detection,roboflow\train\images4081_jpg.rf.f12952e918536f8bad2c807cc1bfb9b0.jpg,authentic,train,640,640,JPEG,26468,False,,images4081
roboflow_counterfeit_med_detection,roboflow\train\images4038_jpg.rf.f1494d8563a3689b90520757460f01eb.jpg,authentic,train,640,640,JPEG,45729,False,,images4038
roboflow_counterfeit_med_detection,roboflow\train\images206_jpg.rf.f0f5e9aa788d811fd7c2826219107b74.jpg,authentic,train,640,640,JPEG,36364,False,,images206
roboflow_counterfeit_med_detection,roboflow\train\images4066_jpg.rf.f0f47806fff00e84bc3c92670e17dd5c.jpg,authentic,train,640,640,JPEG,24290,False,,images4066
roboflow_counterfeit_med_detection,roboflow\train\FDA-Advisory-No-2022-0135_png.rf.f1ecfc29982a3738ddea4731e807a784.jpg,authentic,train,640,640,JPEG,52474,True,bulletin_graphic_with_baked_in_label_text,FDA-Advisory-No-2022-0135
roboflow_counterfeit_med_detection,roboflow\train\images4079_jpg.rf.f1b2f8180f9a48c8ab1072be3de77caf.jpg,authentic,train,640,640,JPEG,46919,False,,images4079
roboflow_counterfeit_med_detection,roboflow\train\images320_jpg.rf.f1aeb89bd7a9c8499b76b863e8604f96.jpg,authentic,train,640,640,JPEG,47453,False,,images320
roboflow_counterfeit_med_detection,roboflow\train\images29_jpg.rf.f1d5f4104a394016fef772a8d25abb2c.jpg,authentic,train,640,640,JPEG,34106,False,,images29
roboflow_counterfeit_med_detection,roboflow\train\images09_jpg.rf.f1f4ba5bf840123c5a1e51617008bc07.jpg,authentic,train,640,640,JPEG,49162,False,,images09
roboflow_counterfeit_med_detection,roboflow\train\images5112_jpg.rf.f1ac30152d5cfb264c8d70f395fb8682.jpg,authentic,train,640,640,JPEG,45599,False,,images5112
roboflow_counterfeit_med_detection,roboflow\train\FDA-Advisory-No-2022-0611-31_png.rf.f289e66e3f89fe2952196e292c0e531b.jpg,authentic,train,640,640,JPEG,54800,True,bulletin_graphic_with_baked_in_label_text,FDA-Advisory-No-2022-0611-31
roboflow_counterfeit_med_detection,roboflow\train\images5046_jpg.rf.f1c9fbeee803b17f4d208822b7b861e8.jpg,authentic,train,640,640,JPEG,35250,False,,images5046
roboflow_counterfeit_med_detection,roboflow\train\FDA-Advisory-No-2022-0611-5_png.rf.f2a5d68b0f8f5a0f9a2aa3601c8d6ee3.jpg,authentic,train,640,640,JPEG,58671,True,bulletin_graphic_with_baked_in_label_text,FDA-Advisory-No-2022-0611-5
roboflow_counterfeit_med_detection,roboflow\train\images5126_jpg.rf.f217bc7584bf8613bcbca302436bdc1d.jpg,authentic,train,640,640,JPEG,25604,False,,images5126
roboflow_counterfeit_med_detection,roboflow\train\images13_jpg.rf.f1a0679d21aa001bbaabc9e2f942b535.jpg,authentic,train,640,640,JPEG,22985,False,,images13
roboflow_counterfeit_med_detection,roboflow\train\images5040_jpg.rf.f23dfef204fc61725eae9507762b13bc.jpg,authentic,train,640,640,JPEG,65371,False,,images5040
roboflow_counterfeit_med_detection,roboflow\train\images5046_jpg.rf.f22143eaafb75b90b6a74a48dc53c74c.jpg,authentic,train,640,640,JPEG,39856,False,,images5046
roboflow_counterfeit_med_detection,roboflow\train\images4048_jpg.rf.f1e48284d267fd357ca9ba5fbb434a69.jpg,authentic,train,640,640,JPEG,43252,False,,images4048
roboflow_counterfeit_med_detection,roboflow\train\images219_jpg.rf.f247ce074785c25110a961d5552811d7.jpg,authentic,train,640,640,JPEG,51820,False,,images219
roboflow_counterfeit_med_detection,roboflow\train\images37_jpg.rf.f29ddd57c30a2bda4bc7bb76d1a2fe85.jpg,authentic,train,640,640,JPEG,29114,False,,images37
roboflow_counterfeit_med_detection,roboflow\train\images5023_jpg.rf.f2e74e97430cfc5badf4c12868ba2038.jpg,authentic,train,640,640,JPEG,30185,False,,images5023
roboflow_counterfeit_med_detection,roboflow\train\images5023_jpg.rf.f22f7d463dc7713345765d00827b16f6.jpg,authentic,train,640,640,JPEG,34349,False,,images5023
roboflow_counterfeit_med_detection,roboflow\train\images342_jpg.rf.f26267b343e8f3eb347abb89a076dc3a.jpg,authentic,train,640,640,JPEG,24854,False,,images342
roboflow_counterfeit_med_detection,roboflow\train\images31_jpg.rf.f279ecde0406a0f35307e6e502c5e1da.jpg,authentic,train,640,640,JPEG,40396,False,,images31
roboflow_counterfeit_med_detection,roboflow\train\images5115_jpg.rf.f277eab6c5baa386ef41f6d00e6cee31.jpg,authentic,train,640,640,JPEG,24717,False,,images5115
roboflow_counterfeit_med_detection,roboflow\train\images5064_jpg.rf.f18c5c4cd0b7e97e80f65e0e2d25d050.jpg,authentic,train,640,640,JPEG,57346,False,,images5064
roboflow_counterfeit_med_detection,roboflow\train\images4069_jpg.rf.f2c84e003ae85555176a372eb1e3c504.jpg,authentic,train,640,640,JPEG,42248,False,,images4069
roboflow_counterfeit_med_detection,roboflow\train\138757378_3748083985247628_373855157767140341_n_png.rf.f187c57bd2fb94ca879c0365b148abf2.jpg,counterfeit,train,640,640,JPEG,38244,True,bulletin_graphic_with_baked_in_label_text,138757378_3748083985247628_373855157767140341_n
roboflow_counterfeit_med_detection,roboflow\train\images228_jpg.rf.f2fc8fa16fb13358b35005f17fceb5c6.jpg,authentic,train,640,640,JPEG,33024,False,,images228
roboflow_counterfeit_med_detection,roboflow\train\images214_jpg.rf.f2d27fcc5f203ab89e965f5b70fd10d0.jpg,authentic,train,640,640,JPEG,35570,False,,images214
roboflow_counterfeit_med_detection,roboflow\train\images5115_jpg.rf.f2ed297769e22d7c90c1d22fac3727e1.jpg,authentic,train,640,640,JPEG,51718,False,,images5115
roboflow_counterfeit_med_detection,roboflow\train\images5115_jpg.rf.f374097e0d802a551a82fd811071eeea.jpg,authentic,train,640,640,JPEG,31377,False,,images5115
roboflow_counterfeit_med_detection,roboflow\train\images31_jpg.rf.f339b86e6060b63715ba2bcc9a01eff2.jpg,authentic,train,640,640,JPEG,32256,False,,images31
roboflow_counterfeit_med_detection,roboflow\train\images31_jpg.rf.f3903d0c60119861e4542bab4157b1b8.jpg,authentic,train,640,640,JPEG,37617,False,,images31
roboflow_counterfeit_med_detection,roboflow\train\images5098_jpg.rf.f4072698b667946036271b23ab63f52e.jpg,authentic,train,640,640,JPEG,41389,False,,images5098
roboflow_counterfeit_med_detection,roboflow\train\images4045_jpg.rf.f356e7b9a2f8159ae64140b4878e8b8d.jpg,authentic,train,640,640,JPEG,48694,False,,images4045
roboflow_counterfeit_med_detection,roboflow\train\images5059_jpg.rf.f3bfb61988ab1453848be4d7d1cda7e3.jpg,authentic,train,640,640,JPEG,40755,False,,images5059
roboflow_counterfeit_med_detection,roboflow\train\images349_jpg.rf.f3e80eb84c38dcb71e80cbf52cb201cf.jpg,authentic,train,640,640,JPEG,41163,False,,images349
roboflow_counterfeit_med_detection,roboflow\train\images301_jpg.rf.f3104558aca82648924e0c53794f06af.jpg,authentic,train,640,640,JPEG,35197,False,,images301
roboflow_counterfeit_med_detection,roboflow\train\images5097_jpg.rf.f3b4d1cd7a5ac6ff179551dda8bb014f.jpg,authentic,train,640,640,JPEG,30546,False,,images5097
roboflow_counterfeit_med_detection,roboflow\train\images348_jpg.rf.f3ac19d448b904fa361bba83ee2a6d54.jpg,authentic,train,640,640,JPEG,31922,False,,images348
roboflow_counterfeit_med_detection,roboflow\train\images4058_jpg.rf.f404ebf6efdaeb816d29c9b582cb8f90.jpg,authentic,train,640,640,JPEG,36920,False,,images4058
roboflow_counterfeit_med_detection,roboflow\train\images4025_jpg.rf.f344e26a6e80f1bae966ab17285ee22e.jpg,authentic,train,640,640,JPEG,22320,False,,images4025
roboflow_counterfeit_med_detection,roboflow\train\images5051_jpg.rf.f405a23a22aa0e297a2b7d7c2d12fcf9.jpg,authentic,train,640,640,JPEG,19440,False,,images5051
roboflow_counterfeit_med_detection,roboflow\train\images4035_jpg.rf.f456a67eacd90b1571a4b0cf4ccaf54b.jpg,authentic,train,640,640,JPEG,94920,False,,images4035
roboflow_counterfeit_med_detection,roboflow\train\images4082_jpg.rf.f370abd22d5f5f2e0aec8dba03e476fa.jpg,authentic,train,640,640,JPEG,36833,False,,images4082
roboflow_counterfeit_med_detection,roboflow\train\images201_jpg.rf.f351666ec64cc0d7ddf3495e31273c4c.jpg,authentic,train,640,640,JPEG,49462,False,,images201
roboflow_counterfeit_med_detection,roboflow\train\images349_jpg.rf.f445a8383244d435d5666518a4ec2daa.jpg,authentic,train,640,640,JPEG,39346,False,,images349
roboflow_counterfeit_med_detection,roboflow\train\FDA-Advisory-No-2022-0611-7_png.rf.f45dd8b19210a5b582b7517134029c99.jpg,ambiguous,train,640,640,JPEG,66194,True,dual_label_contradiction,FDA-Advisory-No-2022-0611-7
roboflow_counterfeit_med_detection,roboflow\train\images5095_jpg.rf.f4c54ecda2abc4e00aa4c8668233aad0.jpg,authentic,train,640,640,JPEG,49918,False,,images5095
roboflow_counterfeit_med_detection,roboflow\train\images206_jpg.rf.f32a3df5ac2c1d6a3c5fa922c9ae1d91.jpg,authentic,train,640,640,JPEG,34540,False,,images206
roboflow_counterfeit_med_detection,roboflow\train\images5067_jpg.rf.f4017b0714a4f9f5b577e229471dee16.jpg,authentic,train,640,640,JPEG,54570,False,,images5067
roboflow_counterfeit_med_detection,roboflow\train\images342_jpg.rf.f39e3b46099d94370bd1178a666a6215.jpg,authentic,train,640,640,JPEG,25014,False,,images342
roboflow_counterfeit_med_detection,roboflow\train\images4088_jpg.rf.f47395b6b31660e17edc8cb1b849dd16.jpg,authentic,train,640,640,JPEG,23361,False,,images4088
roboflow_counterfeit_med_detection,roboflow\train\images5056_jpg.rf.f4cb32701f53d5708b2f15cefa11da84.jpg,authentic,train,640,640,JPEG,39928,False,,images5056
roboflow_counterfeit_med_detection,roboflow\train\images46_jpg.rf.f4b857eaf5fd59b746cca9b0049b98f1.jpg,authentic,train,640,640,JPEG,29310,False,,images46
roboflow_counterfeit_med_detection,roboflow\train\2020-1348_14_jpg.rf.f43b18935209ae8423c4768de2314a14.jpg,counterfeit,train,640,640,JPEG,52199,True,bulletin_graphic_with_baked_in_label_text,2020-1348_14
roboflow_counterfeit_med_detection,roboflow\train\images5114_jpg.rf.f5c0e136f3c58750db48b3d69003d370.jpg,authentic,train,640,640,JPEG,31188,False,,images5114
roboflow_counterfeit_med_detection,roboflow\train\images04_jpg.rf.f4deb6044de64f58fcb3f1949d699ddd.jpg,authentic,train,640,640,JPEG,35358,False,,images04
roboflow_counterfeit_med_detection,roboflow\train\images4082_jpg.rf.f5138e8ac92794a9db67df1d2681315a.jpg,authentic,train,640,640,JPEG,40241,False,,images4082
roboflow_counterfeit_med_detection,roboflow\train\FDA-Advisory-No-2022-0477_2_png.rf.f5536632138b193fa44b7f85197d0019.jpg,counterfeit,train,640,640,JPEG,54572,True,bulletin_graphic_with_baked_in_label_text,FDA-Advisory-No-2022-0477_2
roboflow_counterfeit_med_detection,roboflow\train\images4046_jpg.rf.f4da0cb3fdc2c5e1c502b9c4563bd5c7.jpg,authentic,train,640,640,JPEG,100584,False,,images4046
roboflow_counterfeit_med_detection,roboflow\train\images263_jpg.rf.f632afe5fa7862a3d5901c2f38aefbfb.jpg,authentic,train,640,640,JPEG,37416,False,,images263
roboflow_counterfeit_med_detection,roboflow\train\images264_jpg.rf.f529749b9ebd13ffd5f886027ac30315.jpg,authentic,train,640,640,JPEG,22998,False,,images264
roboflow_counterfeit_med_detection,roboflow\train\images4085_jpg.rf.f4d9bc7cbd1dcb3d662a00b51391c00a.jpg,authentic,train,640,640,JPEG,46296,False,,images4085
roboflow_counterfeit_med_detection,roboflow\train\images4044_jpg.rf.f5bcaf6ecc0600a434b86932577026da.jpg,authentic,train,640,640,JPEG,64130,False,,images4044
roboflow_counterfeit_med_detection,roboflow\train\images33_jpg.rf.f60eb3896da53a7487788794a6898492.jpg,authentic,train,640,640,JPEG,36636,False,,images33
roboflow_counterfeit_med_detection,roboflow\train\images5069_jpg.rf.f62b596e178f17e728116c6147058d73.jpg,authentic,train,640,640,JPEG,76089,False,,images5069
roboflow_counterfeit_med_detection,roboflow\train\images346_jpg.rf.f5469ae8f0ee485114393cfe347aeb27.jpg,authentic,train,640,640,JPEG,22642,False,,images346
roboflow_counterfeit_med_detection,roboflow\train\images212_jpg.rf.f61463aef8a04a9b090d1027f6b4d21f.jpg,authentic,train,640,640,JPEG,32584,False,,images212
roboflow_counterfeit_med_detection,roboflow\train\images347_jpg.rf.f524fe57bd0647ddc4bc9384b7604671.jpg,authentic,train,640,640,JPEG,24991,False,,images347
roboflow_counterfeit_med_detection,roboflow\train\images201_jpg.rf.f63ba40ee2a7ddf468cbc204f4260101.jpg,authentic,train,640,640,JPEG,48494,False,,images201
roboflow_counterfeit_med_detection,roboflow\train\images242_jpg.rf.f5daf741d9c788883dc072da336bb86e.jpg,authentic,train,640,640,JPEG,37316,False,,images242
roboflow_counterfeit_med_detection,roboflow\train\images5056_jpg.rf.f53b0a4cfe5e855a6d6ac140245693ef.jpg,authentic,train,640,640,JPEG,48489,False,,images5056
roboflow_counterfeit_med_detection,roboflow\train\images4046_jpg.rf.f50243894ee5c127f922fb128566ff31.jpg,authentic,train,640,640,JPEG,103985,False,,images4046
roboflow_counterfeit_med_detection,roboflow\train\images4047_jpg.rf.f62e8f26c759e27d6cc7180e34645bc6.jpg,authentic,train,640,640,JPEG,52346,False,,images4047
roboflow_counterfeit_med_detection,roboflow\train\images5040_jpg.rf.f54b745c2a952cf406d0881abc7e33bd.jpg,authentic,train,640,640,JPEG,82236,False,,images5040
roboflow_counterfeit_med_detection,roboflow\train\images310_jpg.rf.f4f3ecad7daaba442dcdd9256563adb3.jpg,authentic,train,640,640,JPEG,42940,False,,images310
roboflow_counterfeit_med_detection,roboflow\train\images38_jpg.rf.f5da96ea29e9a76b82857614f9127366.jpg,authentic,train,640,640,JPEG,42633,False,,images38
roboflow_counterfeit_med_detection,roboflow\train\images5126_jpg.rf.f5cd8ab3d2a627330d710e897aeb0af3.jpg,authentic,train,640,640,JPEG,39546,False,,images5126
roboflow_counterfeit_med_detection,roboflow\train\images349_jpg.rf.f5bf20988eb917854236d292c613e5ed.jpg,authentic,train,640,640,JPEG,48356,False,,images349
roboflow_counterfeit_med_detection,roboflow\train\images5058_jpg.rf.f58fc8df0178209af776dc50034b9547.jpg,authentic,train,640,640,JPEG,86129,False,,images5058
roboflow_counterfeit_med_detection,roboflow\train\images256_jpg.rf.f698d5c0b4524d8c388993e6ec4d129c.jpg,authentic,train,640,640,JPEG,42463,False,,images256
roboflow_counterfeit_med_detection,roboflow\train\images5039_jpg.rf.f65f09e1079a5c3a71d069daa7b06239.jpg,authentic,train,640,640,JPEG,51152,False,,images5039
roboflow_counterfeit_med_detection,roboflow\train\images348_jpg.rf.f68b5a2c1143c87cd891d059dc6f2190.jpg,authentic,train,640,640,JPEG,33490,False,,images348
roboflow_counterfeit_med_detection,roboflow\train\images340_jpg.rf.f6f8c4146d55ae5e548a41274b232f3a.jpg,authentic,train,640,640,JPEG,46948,False,,images340
roboflow_counterfeit_med_detection,roboflow\train\images346_jpg.rf.f6e4a5c45cf17792b234dc32dc37ebab.jpg,authentic,train,640,640,JPEG,24875,False,,images346
roboflow_counterfeit_med_detection,roboflow\train\images252_jpg.rf.f72c3fd53f8844c5f308d486c176aad0.jpg,authentic,train,640,640,JPEG,56571,False,,images252
roboflow_counterfeit_med_detection,roboflow\train\images4093_jpg.rf.f75f602bf57d657948eeaa838d1e8b66.jpg,authentic,train,640,640,JPEG,30742,False,,images4093
roboflow_counterfeit_med_detection,roboflow\train\images4042_jpg.rf.f6f689b6437f911f600d6e8d4f19c3ad.jpg,authentic,train,640,640,JPEG,40044,False,,images4042
roboflow_counterfeit_med_detection,roboflow\train\FDA-Advisory-No-2022-0611-9_png.rf.f6e403f85b9e6dd745c59f5799ec221d.jpg,authentic,train,640,640,JPEG,52383,True,bulletin_graphic_with_baked_in_label_text,FDA-Advisory-No-2022-0611-9
roboflow_counterfeit_med_detection,roboflow\train\images349_jpg.rf.f729e62acec369b438b057b69d230d4d.jpg,authentic,train,640,640,JPEG,48682,False,,images349
roboflow_counterfeit_med_detection,roboflow\train\images33_jpg.rf.f7562c1ab78ac6f3a0a44415dc82f464.jpg,authentic,train,640,640,JPEG,39859,False,,images33
roboflow_counterfeit_med_detection,roboflow\train\images37_jpg.rf.f78e21f33236be678bd36b0584abc66e.jpg,authentic,train,640,640,JPEG,32579,False,,images37
roboflow_counterfeit_med_detection,roboflow\train\images4069_jpg.rf.f79c82797a16135421e5e459edaebab2.jpg,authentic,train,640,640,JPEG,26745,False,,images4069
roboflow_counterfeit_med_detection,roboflow\train\images4066_jpg.rf.f796e8ec6bb83519a8ce883fcbf18a80.jpg,authentic,train,640,640,JPEG,25911,False,,images4066
roboflow_counterfeit_med_detection,roboflow\train\images338_jpg.rf.f7a45839070b797ca6378d926d8c871a.jpg,authentic,train,640,640,JPEG,30973,False,,images338
roboflow_counterfeit_med_detection,roboflow\train\images266_jpg.rf.f70bdc27bce3573dfe671621f40bbb0f.jpg,authentic,train,640,640,JPEG,33871,False,,images266
roboflow_counterfeit_med_detection,roboflow\train\images226_jpg.rf.f78220323915cb1b5768d70ba95a0cd9.jpg,authentic,train,640,640,JPEG,34065,False,,images226
roboflow_counterfeit_med_detection,roboflow\train\images258_jpg.rf.f6ce9057d75e3937797f5e264759ea0d.jpg,authentic,train,640,640,JPEG,74046,False,,images258
roboflow_counterfeit_med_detection,roboflow\train\images36_jpg.rf.f75c7370659bd2505274bbb4029c088e.jpg,authentic,train,640,640,JPEG,30034,False,,images36
roboflow_counterfeit_med_detection,roboflow\train\images5063_jpg.rf.f76e7551d16bb356642a335f36bf733d.jpg,authentic,train,640,640,JPEG,23215,False,,images5063
roboflow_counterfeit_med_detection,roboflow\train\images257_jpg.rf.f7636976292e1fe71907584470ae7c0b.jpg,authentic,train,640,640,JPEG,26045,False,,images257
roboflow_counterfeit_med_detection,roboflow\train\images21_jpg.rf.f7197f157616046912dd712039a747d8.jpg,authentic,train,640,640,JPEG,39618,False,,images21
roboflow_counterfeit_med_detection,roboflow\train\images342_jpg.rf.f73d112bbe54daa34ebd310443be104c.jpg,authentic,train,640,640,JPEG,22166,False,,images342
roboflow_counterfeit_med_detection,roboflow\train\images349_jpg.rf.f796ebc9ff1421f5de55012328d2a3e5.jpg,authentic,train,640,640,JPEG,50687,False,,images349
roboflow_counterfeit_med_detection,roboflow\train\images206_jpg.rf.f7ae137e691f88b3e560fe8fbcfc27d5.jpg,authentic,train,640,640,JPEG,36109,False,,images206
roboflow_counterfeit_med_detection,roboflow\train\images340_jpg.rf.f842519fdab270908b8082e4a772beaa.jpg,authentic,train,640,640,JPEG,38058,False,,images340
roboflow_counterfeit_med_detection,roboflow\train\images14_jpg.rf.f7eaa58fbc6579977486d911f6c1b5e4.jpg,authentic,train,640,640,JPEG,44140,False,,images14
roboflow_counterfeit_med_detection,roboflow\train\110657861_3244497582272940_2325276206631652556_n_jpg.rf.f843c9e7eb421892900edc28961f3c28.jpg,counterfeit,train,640,640,JPEG,41757,True,bulletin_graphic_with_baked_in_label_text,110657861_3244497582272940_2325276206631652556_n
roboflow_counterfeit_med_detection,roboflow\train\images219_jpg.rf.f817df449a701f2059b0e4b31d83639e.jpg,authentic,train,640,640,JPEG,51223,False,,images219
roboflow_counterfeit_med_detection,roboflow\train\images201_jpg.rf.f87067642b9130d1de6f6f76dcb1842d.jpg,authentic,train,640,640,JPEG,48702,False,,images201
roboflow_counterfeit_med_detection,roboflow\train\images230_jpg.rf.f7c6bce45b078378c233c9cf96df3d70.jpg,authentic,train,640,640,JPEG,45105,False,,images230
roboflow_counterfeit_med_detection,roboflow\train\images335_jpg.rf.f8fbbb582e4ca3d202fb674de801cbbe.jpg,authentic,train,640,640,JPEG,45129,False,,images335
roboflow_counterfeit_med_detection,roboflow\train\images4042_jpg.rf.f6bde6fe21295e66ef422f265e5b6441.jpg,authentic,train,640,640,JPEG,28967,False,,images4042
roboflow_counterfeit_med_detection,roboflow\train\images4054_jpg.rf.f954b830d3861887567d8b2561806a83.jpg,authentic,train,640,640,JPEG,61101,False,,images4054
roboflow_counterfeit_med_detection,roboflow\train\images307_jpg.rf.f96990e5f36e0833bf7a5e40eaf9dcac.jpg,authentic,train,640,640,JPEG,30665,False,,images307
roboflow_counterfeit_med_detection,roboflow\train\images266_jpg.rf.f7ab9960df972048ffaca95595a091b6.jpg,authentic,train,640,640,JPEG,31357,False,,images266
roboflow_counterfeit_med_detection,roboflow\train\images335_jpg.rf.f884fa639f318b3825625eca75bc0ce4.jpg,authentic,train,640,640,JPEG,40820,False,,images335
roboflow_counterfeit_med_detection,roboflow\train\images4047_jpg.rf.f8ee48b71e998147c131c5b907866d7f.jpg,authentic,train,640,640,JPEG,55966,False,,images4047
roboflow_counterfeit_med_detection,roboflow\train\images303_jpg.rf.f8d4a14669777dc79e731868cbe68c30.jpg,authentic,train,640,640,JPEG,35634,False,,images303
roboflow_counterfeit_med_detection,roboflow\train\images4029_jpg.rf.f8c7ce9a890cb8bdf3b112b8454e8f4b.jpg,authentic,train,640,640,JPEG,77282,False,,images4029
roboflow_counterfeit_med_detection,roboflow\train\1877_png.rf.f8381f327add820faf9ce4bc437d483b.jpg,counterfeit,train,640,640,JPEG,48227,True,bulletin_graphic_with_baked_in_label_text,1877
roboflow_counterfeit_med_detection,roboflow\train\images340_jpg.rf.f8d534f78f032d7d1635d48f844441e2.jpg,authentic,train,640,640,JPEG,46145,False,,images340
roboflow_counterfeit_med_detection,roboflow\train\images311_jpg.rf.f92f3ddb5c29a52fd91582a86a3cbf09.jpg,authentic,train,640,640,JPEG,45223,False,,images311
roboflow_counterfeit_med_detection,roboflow\train\images5034_jpg.rf.f8e325f31fadb7b239617b6955754a38.jpg,authentic,train,640,640,JPEG,53885,False,,images5034
roboflow_counterfeit_med_detection,roboflow\train\images4035_jpg.rf.f80e5eb3f60837cab7ad710c7e0b029f.jpg,authentic,train,640,640,JPEG,54906,False,,images4035
roboflow_counterfeit_med_detection,roboflow\train\images301_jpg.rf.f7cf3cdd779067252988211e8370fbb3.jpg,authentic,train,640,640,JPEG,37554,False,,images301
roboflow_counterfeit_med_detection,roboflow\train\images235_jpg.rf.f7f89ba1b855ecdafbd267234601f183.jpg,authentic,train,640,640,JPEG,60934,False,,images235
roboflow_counterfeit_med_detection,roboflow\train\images5106_jpg.rf.f934e728e09d810bbf3a894f90c331c6.jpg,authentic,train,640,640,JPEG,62463,False,,images5106
roboflow_counterfeit_med_detection,roboflow\train\images4079_jpg.rf.f7e813ef6063cae7f48b49b187e9c6be.jpg,authentic,train,640,640,JPEG,44178,False,,images4079
roboflow_counterfeit_med_detection,roboflow\train\images235_jpg.rf.f8c8cc7e384a88b72e411c4f59fa6c90.jpg,authentic,train,640,640,JPEG,61854,False,,images235
roboflow_counterfeit_med_detection,roboflow\train\FDA-Advisory-No-2022-0611-10_png.rf.f969e3bf42f92ac2513679474d84803b.jpg,counterfeit,train,640,640,JPEG,47281,True,bulletin_graphic_with_baked_in_label_text,FDA-Advisory-No-2022-0611-10
roboflow_counterfeit_med_detection,roboflow\train\images4069_jpg.rf.f97e52943fef7e2c8eed34df4d8b4c22.jpg,authentic,train,640,640,JPEG,47294,False,,images4069
roboflow_counterfeit_med_detection,roboflow\train\images4092_jpg.rf.f995488d0d7eb3a68e3dfcd2527e2610.jpg,authentic,train,640,640,JPEG,43022,False,,images4092
roboflow_counterfeit_med_detection,roboflow\train\images231_jpg.rf.fa293dcb87e9ad80bde6616830bdf7f2.jpg,authentic,train,640,640,JPEG,34936,False,,images231
roboflow_counterfeit_med_detection,roboflow\train\images212_jpg.rf.fa1a67734f7fd1bdc658925c8d2d7378.jpg,authentic,train,640,640,JPEG,31134,False,,images212
roboflow_counterfeit_med_detection,roboflow\train\images4054_jpg.rf.f9c1eedeb99411bbe1e32ad37f01f7ca.jpg,authentic,train,640,640,JPEG,39041,False,,images4054
roboflow_counterfeit_med_detection,roboflow\train\109956533_3244497725606259_3458066695358260920_n_jpg.rf.f9f373b37b350449cd3fb74d496e9ec1.jpg,counterfeit,train,640,640,JPEG,54483,True,bulletin_graphic_with_baked_in_label_text,109956533_3244497725606259_3458066695358260920_n
roboflow_counterfeit_med_detection,roboflow\train\images5051_jpg.rf.fa017a67bcba5ec4e00ffdb42a254b91.jpg,authentic,train,640,640,JPEG,28340,False,,images5051
roboflow_counterfeit_med_detection,roboflow\train\FDA-Advisory-No-2022-0477_2_png.rf.fa1d185f5f9d4ae8aba3a051c1f6ca9e.jpg,counterfeit,train,640,640,JPEG,62164,True,bulletin_graphic_with_baked_in_label_text,FDA-Advisory-No-2022-0477_2
roboflow_counterfeit_med_detection,roboflow\train\images351_jpg.rf.f9ac6ab39fa0a18b50085235ad399617.jpg,authentic,train,640,640,JPEG,45904,False,,images351
roboflow_counterfeit_med_detection,roboflow\train\images310_jpg.rf.f9a5fc78a84c1eb32442476a5f048cad.jpg,authentic,train,640,640,JPEG,43194,False,,images310
roboflow_counterfeit_med_detection,roboflow\train\images38_jpg.rf.fa345357d279ccfb82fb1891ec15dd97.jpg,authentic,train,640,640,JPEG,47131,False,,images38
roboflow_counterfeit_med_detection,roboflow\train\images349_jpg.rf.fa62ea94ac7c1275a3301135e4b0fcf7.jpg,authentic,train,640,640,JPEG,49958,False,,images349
roboflow_counterfeit_med_detection,roboflow\train\images5115_jpg.rf.fa879fd19d39fa828482dbe6fed62df8.jpg,authentic,train,640,640,JPEG,36762,False,,images5115
roboflow_counterfeit_med_detection,roboflow\train\images5024_jpg.rf.faa2d8d27b003e88512dad25f19e52e2.jpg,authentic,train,640,640,JPEG,51518,False,,images5024
roboflow_counterfeit_med_detection,roboflow\train\images5097_jpg.rf.f9f5260afa37432c5412472f6968d28a.jpg,authentic,train,640,640,JPEG,30684,False,,images5097
roboflow_counterfeit_med_detection,roboflow\train\images242_jpg.rf.fa65302f62c7435ab7b60d725ea25040.jpg,authentic,train,640,640,JPEG,36751,False,,images242
roboflow_counterfeit_med_detection,roboflow\train\images236_jpg.rf.fa96a04b0057ff765dbc4482acfd41c1.jpg,authentic,train,640,640,JPEG,51908,False,,images236
roboflow_counterfeit_med_detection,roboflow\train\images351_jpg.rf.fa59b158c9b44f5047cc761458d07a52.jpg,authentic,train,640,640,JPEG,47099,False,,images351
roboflow_counterfeit_med_detection,roboflow\train\images222_jpg.rf.fa5e71a9230128eabf7586e8d5096280.jpg,authentic,train,640,640,JPEG,44139,False,,images222
roboflow_counterfeit_med_detection,roboflow\train\images340_jpg.rf.fa2fed114391aad3481332b45734d798.jpg,authentic,train,640,640,JPEG,46145,False,,images340
roboflow_counterfeit_med_detection,roboflow\train\images210_jpg.rf.fa8b2e62fb7bf46b420da8369c86c6a6.jpg,authentic,train,640,640,JPEG,32169,False,,images210
roboflow_counterfeit_med_detection,roboflow\train\images340_jpg.rf.fa27ccca90e349a805f322b9f06d0aab.jpg,authentic,train,640,640,JPEG,34152,False,,images340
roboflow_counterfeit_med_detection,roboflow\train\images4042_jpg.rf.fa6eb030e118e21831899115df943242.jpg,authentic,train,640,640,JPEG,35983,False,,images4042
roboflow_counterfeit_med_detection,roboflow\train\images214_jpg.rf.fa7b90e915ab0854a764f503eabd1dbb.jpg,authentic,train,640,640,JPEG,32491,False,,images214
roboflow_counterfeit_med_detection,roboflow\train\images4100_jpg.rf.faa93303a15802f7ee9225936f3f8f87.jpg,authentic,train,640,640,JPEG,59674,False,,images4100
roboflow_counterfeit_med_detection,roboflow\train\images266_jpg.rf.fa8ce8736b12f121c50db39752d66678.jpg,authentic,train,640,640,JPEG,33766,False,,images266
roboflow_counterfeit_med_detection,roboflow\train\images208_jpg.rf.faa9f291b1725f77a9ba70cd357decd6.jpg,authentic,train,640,640,JPEG,52284,False,,images208
roboflow_counterfeit_med_detection,roboflow\train\images312_jpg.rf.fabb65ce8265e7e56d1e1120b2d0d665.jpg,authentic,train,640,640,JPEG,51670,False,,images312
roboflow_counterfeit_med_detection,roboflow\train\images5046_jpg.rf.faa4f8b5ba1beb715e0dd4cedba10dd8.jpg,authentic,train,640,640,JPEG,29347,False,,images5046
roboflow_counterfeit_med_detection,roboflow\train\images5030_jpg.rf.fac0bcc2ac2972b074c8ae1e26e90120.jpg,authentic,train,640,640,JPEG,42208,False,,images5030
roboflow_counterfeit_med_detection,roboflow\train\images4035_jpg.rf.fab03911321f7923bdfbbe9ce41830a8.jpg,authentic,train,640,640,JPEG,100804,False,,images4035
roboflow_counterfeit_med_detection,roboflow\train\images5061_jpg.rf.fae01dd2b9e0f35ec7fbdf1e375fa5a1.jpg,authentic,train,640,640,JPEG,32292,False,,images5061
roboflow_counterfeit_med_detection,roboflow\train\images5052_jpg.rf.fabe28148fe21163271d21d20ce1b489.jpg,authentic,train,640,640,JPEG,83650,False,,images5052
roboflow_counterfeit_med_detection,roboflow\train\images4061_jpg.rf.fae438b4b491295086e84fb2fb4d903a.jpg,authentic,train,640,640,JPEG,23858,False,,images4061
roboflow_counterfeit_med_detection,roboflow\train\images4058_jpg.rf.fae6c4e93457e0376218218506f87aac.jpg,authentic,train,640,640,JPEG,34838,False,,images4058
roboflow_counterfeit_med_detection,roboflow\train\images212_jpg.rf.fb8dcd82f00db270a127f8386c39cb10.jpg,authentic,train,640,640,JPEG,33308,False,,images212
roboflow_counterfeit_med_detection,roboflow\train\images01_jpg.rf.fac669614abe263497c738833e3c634e.jpg,authentic,train,640,640,JPEG,40990,False,,images01
roboflow_counterfeit_med_detection,roboflow\train\images4061_jpg.rf.fafb8f6afafb743408423c67b2063773.jpg,authentic,train,640,640,JPEG,20863,False,,images4061
roboflow_counterfeit_med_detection,roboflow\train\images5114_jpg.rf.fb6220dc0e3e7458ede55ed696d056db.jpg,authentic,train,640,640,JPEG,23616,False,,images5114
roboflow_counterfeit_med_detection,roboflow\train\images222_jpg.rf.fad6b06944c3156a4ede59b448b59218.jpg,authentic,train,640,640,JPEG,42829,False,,images222
roboflow_counterfeit_med_detection,roboflow\train\images4040_jpg.rf.fb47fe89171ccd6ad6a2580956ed882a.jpg,authentic,train,640,640,JPEG,89169,False,,images4040
roboflow_counterfeit_med_detection,roboflow\train\images5080_jpg.rf.fb7a4b57b4ddf37c4d308e59a2da6145.jpg,authentic,train,640,640,JPEG,44368,False,,images5080
roboflow_counterfeit_med_detection,roboflow\train\images231_jpg.rf.fb6c470d87a9f84c802330a8d5d6844d.jpg,authentic,train,640,640,JPEG,38632,False,,images231
roboflow_counterfeit_med_detection,roboflow\train\images5114_jpg.rf.fba39d99a32e3b7b34ebadebe72ac7ab.jpg,authentic,train,640,640,JPEG,32429,False,,images5114
roboflow_counterfeit_med_detection,roboflow\train\images05_jpg.rf.fb883552066e423fa848a110c99cfd09.jpg,authentic,train,640,640,JPEG,20913,False,,images05
roboflow_counterfeit_med_detection,roboflow\train\images316_jpg.rf.fbd8b9f818ffcca8458dbed09325949d.jpg,authentic,train,640,640,JPEG,37248,False,,images316
roboflow_counterfeit_med_detection,roboflow\train\images4047_jpg.rf.fbb47b56a20944aab226a04985367272.jpg,authentic,train,640,640,JPEG,59922,False,,images4047
roboflow_counterfeit_med_detection,roboflow\train\images5087_jpg.rf.fbe50cde24c2ae5eae0b455d133de0d0.jpg,authentic,train,640,640,JPEG,24095,False,,images5087
roboflow_counterfeit_med_detection,roboflow\train\images4094_jpg.rf.fb01bb859b8073dc4713ff129523fd6c.jpg,authentic,train,640,640,JPEG,17333,False,,images4094
roboflow_counterfeit_med_detection,roboflow\train\images4066_jpg.rf.fbedf88cb34648995d4c421c78209cc3.jpg,authentic,train,640,640,JPEG,25046,False,,images4066
roboflow_counterfeit_med_detection,roboflow\train\images02_jpg.rf.fc13e22dfa6c950c84cf760f0d390b57.jpg,authentic,train,640,640,JPEG,36971,False,,images02
roboflow_counterfeit_med_detection,roboflow\train\images4063_jpg.rf.fae308025ea7edfae9aaa9238764a5b3.jpg,authentic,train,640,640,JPEG,22769,False,,images4063
roboflow_counterfeit_med_detection,roboflow\train\images4025_jpg.rf.fc044fc3289a1f582b1a9563ac531983.jpg,authentic,train,640,640,JPEG,24486,False,,images4025
roboflow_counterfeit_med_detection,roboflow\train\images4048_jpg.rf.fb8e7b62bf6c06a07b5cd13ad36920a0.jpg,authentic,train,640,640,JPEG,47269,False,,images4048
roboflow_counterfeit_med_detection,roboflow\train\images5097_jpg.rf.fb4b53f9fcee5c7e51cfd976b6b83b0b.jpg,authentic,train,640,640,JPEG,28511,False,,images5097
roboflow_counterfeit_med_detection,roboflow\train\images230_jpg.rf.fc4106a7606950cf46053a623d71b811.jpg,authentic,train,640,640,JPEG,50843,False,,images230
roboflow_counterfeit_med_detection,roboflow\train\images5053_jpg.rf.fc2f2f0d14f961f8edb5684a9077e4ef.jpg,authentic,train,640,640,JPEG,18465,False,,images5053
roboflow_counterfeit_med_detection,roboflow\train\images4054_jpg.rf.fb836868c5ee0b71433b5934e13edca6.jpg,authentic,train,640,640,JPEG,35018,False,,images4054
roboflow_counterfeit_med_detection,roboflow\train\images5035_jpg.rf.fb9658fb5e41ff7b1afbbaaf6a1ffe8c.jpg,authentic,train,640,640,JPEG,36947,False,,images5035
roboflow_counterfeit_med_detection,roboflow\train\images31_jpg.rf.fc3067a9bb4dc180837c83111270dc08.jpg,authentic,train,640,640,JPEG,36848,False,,images31
roboflow_counterfeit_med_detection,roboflow\train\images4046_jpg.rf.fc2d90c59275fab28fd1c10355374703.jpg,authentic,train,640,640,JPEG,101113,False,,images4046
roboflow_counterfeit_med_detection,roboflow\train\images302_jpg.rf.fcb4efef3356c04b66e1f89718956ff4.jpg,authentic,train,640,640,JPEG,36273,False,,images302
roboflow_counterfeit_med_detection,roboflow\train\images206_jpg.rf.fca88fa289cbe2de81875121992914bb.jpg,authentic,train,640,640,JPEG,36339,False,,images206
roboflow_counterfeit_med_detection,roboflow\train\images4040_jpg.rf.fcd689891bd8c17eb212853e096e1fac.jpg,authentic,train,640,640,JPEG,55968,False,,images4040
roboflow_counterfeit_med_detection,roboflow\train\images352_jpg.rf.fc7ad3d44c20f46cbdcaae1a23ba3f2c.jpg,authentic,train,640,640,JPEG,45980,False,,images352
roboflow_counterfeit_med_detection,roboflow\train\images4040_jpg.rf.fcda6f74eda69e9827db9e3c50669383.jpg,authentic,train,640,640,JPEG,81857,False,,images4040
roboflow_counterfeit_med_detection,roboflow\train\images226_jpg.rf.fceb74ed1bf47748b7db7387217d0ffe.jpg,authentic,train,640,640,JPEG,31439,False,,images226
roboflow_counterfeit_med_detection,roboflow\train\images276_jpg.rf.fc7ec55f530722849b7d5a50b19c764d.jpg,authentic,train,640,640,JPEG,24604,False,,images276
roboflow_counterfeit_med_detection,roboflow\train\images4038_jpg.rf.fcf605a90c7d504c57c0c13cda903618.jpg,authentic,train,640,640,JPEG,55441,False,,images4038
roboflow_counterfeit_med_detection,roboflow\train\images262_jpg.rf.fc02043a26bf76ebee24a9a60953fae3.jpg,authentic,train,640,640,JPEG,32092,False,,images262
roboflow_counterfeit_med_detection,roboflow\train\images255_jpg.rf.fd5c9e93604b3e8eea2ccac22154520c.jpg,authentic,train,640,640,JPEG,33565,False,,images255
roboflow_counterfeit_med_detection,roboflow\train\images5100_jpg.rf.fc807632d4129c6b7ad5d950277ad6d7.jpg,authentic,train,640,640,JPEG,50611,False,,images5100
roboflow_counterfeit_med_detection,roboflow\train\images4110_jpg.rf.fcd6a7e94800af8fcc315a7dba90b272.jpg,authentic,train,640,640,JPEG,71030,False,,images4110
roboflow_counterfeit_med_detection,roboflow\train\images4025_jpg.rf.fd08680d191beb0037d247fb964e90ad.jpg,authentic,train,640,640,JPEG,25035,False,,images4025
roboflow_counterfeit_med_detection,roboflow\train\images351_jpg.rf.fd2ff4cb33964b42cbd9d11838162992.jpg,authentic,train,640,640,JPEG,39283,False,,images351
roboflow_counterfeit_med_detection,roboflow\train\images256_jpg.rf.fd8f234ea31801fe877417f536486e02.jpg,authentic,train,640,640,JPEG,48903,False,,images256
roboflow_counterfeit_med_detection,roboflow\train\images08_jpg.rf.fd8753d4dc0732d05dfa9126621d04a8.jpg,authentic,train,640,640,JPEG,55422,False,,images08
roboflow_counterfeit_med_detection,roboflow\train\images4124_jpg.rf.fcfb497e1c2416ba936806026d91d67e.jpg,authentic,train,640,640,JPEG,27150,False,,images4124
roboflow_counterfeit_med_detection,roboflow\train\images310_jpg.rf.fcf6b80e1b9ffb47f439e0b5e575b8f2.jpg,authentic,train,640,640,JPEG,45714,False,,images310
roboflow_counterfeit_med_detection,roboflow\train\images35_jpg.rf.fdd6857615deb1b3da1c6a0d44882472.jpg,authentic,train,640,640,JPEG,43824,False,,images35
roboflow_counterfeit_med_detection,roboflow\train\images4061_jpg.rf.fd939f8eef5e6456364d611e598dc163.jpg,authentic,train,640,640,JPEG,25617,False,,images4061
roboflow_counterfeit_med_detection,roboflow\train\images213_jpg.rf.fd9f67ea55087b460e20fe3e89056440.jpg,authentic,train,640,640,JPEG,45973,False,,images213
roboflow_counterfeit_med_detection,roboflow\train\images02_jpg.rf.fd96f691885b32200de06eef579fb94e.jpg,authentic,train,640,640,JPEG,46093,False,,images02
roboflow_counterfeit_med_detection,roboflow\train\images4042_jpg.rf.fde1cf2cb1bfc6eee9886aa641894ad7.jpg,authentic,train,640,640,JPEG,31956,False,,images4042
roboflow_counterfeit_med_detection,roboflow\train\images4095_jpg.rf.fd61e9ebdd903157ea107ba4061b2e0b.jpg,authentic,train,640,640,JPEG,38014,False,,images4095
roboflow_counterfeit_med_detection,roboflow\train\2020-1348_2-1-_jpg.rf.fde81dc641d4d20267d8908717be937c.jpg,counterfeit,train,640,640,JPEG,58250,True,bulletin_graphic_with_baked_in_label_text,2020-1348_2-1-
roboflow_counterfeit_med_detection,roboflow\train\images46_jpg.rf.fdc62f7d4b716d8b18857abf64d2af2a.jpg,authentic,train,640,640,JPEG,24857,False,,images46
roboflow_counterfeit_med_detection,roboflow\train\images5063_jpg.rf.fde66f801f5a1cbcec734587536fb415.jpg,authentic,train,640,640,JPEG,23017,False,,images5063
roboflow_counterfeit_med_detection,roboflow\train\images321_jpg.rf.fe0ac533aa3adacafd5fdc9c6e5479dd.jpg,authentic,train,640,640,JPEG,31955,False,,images321
roboflow_counterfeit_med_detection,roboflow\train\images4048_jpg.rf.fe8fdb07e25a8e33dbb49f4dd1fc62c8.jpg,authentic,train,640,640,JPEG,40631,False,,images4048
roboflow_counterfeit_med_detection,roboflow\train\images255_jpg.rf.fef26e1b2a145d280adafcbafa5da04b.jpg,authentic,train,640,640,JPEG,33620,False,,images255
roboflow_counterfeit_med_detection,roboflow\train\images5023_jpg.rf.fdf0ef9f1292685b567928dc60945d9c.jpg,authentic,train,640,640,JPEG,21659,False,,images5023
roboflow_counterfeit_med_detection,roboflow\train\images256_jpg.rf.fe3f7dc51998c59040eaee495052affa.jpg,authentic,train,640,640,JPEG,44239,False,,images256
roboflow_counterfeit_med_detection,roboflow\train\2020-1348_10-1-_jpg.rf.fed2e744d89ef09575f882c089e3784e.jpg,counterfeit,train,640,640,JPEG,67421,True,bulletin_graphic_with_baked_in_label_text,2020-1348_10-1-
roboflow_counterfeit_med_detection,roboflow\train\maxresdefault-1-_jpg.rf.ff18faf4e2892a640d50bd12213f008c.jpg,ambiguous,train,640,640,JPEG,102335,True,dual_label_contradiction,maxresdefault-1-
roboflow_counterfeit_med_detection,roboflow\train\images47_jpg.rf.fec63d84ff31b023d11205771f9f0372.jpg,authentic,train,640,640,JPEG,31149,False,,images47
roboflow_counterfeit_med_detection,roboflow\train\images5117_jpg.rf.ffe75b6f820abbaa9931487fd7c69f73.jpg,authentic,train,640,640,JPEG,74657,False,,images5117
roboflow_counterfeit_med_detection,roboflow\train\images46_jpg.rf.fdbda97b3a8767f9784e5093278c75fd.jpg,authentic,train,640,640,JPEG,24559,False,,images46
roboflow_counterfeit_med_detection,roboflow\train\2020-1348_16_jpg.rf.fe154fcf43a5ece203d01fe48ab1c91b.jpg,counterfeit,train,640,640,JPEG,44627,True,bulletin_graphic_with_baked_in_label_text,2020-1348_16
roboflow_counterfeit_med_detection,roboflow\train\images5113_jpg.rf.fde4f8d6fb485eaacd4154be3afb525f.jpg,authentic,train,640,640,JPEG,36225,False,,images5113
roboflow_counterfeit_med_detection,roboflow\train\images37_jpg.rf.ff4908256281aefadf91cabf1dd72435.jpg,authentic,train,640,640,JPEG,31896,False,,images37
roboflow_counterfeit_med_detection,roboflow\train\images5058_jpg.rf.fe44569e1f887118143d44343299f8d0.jpg,authentic,train,640,640,JPEG,70564,False,,images5058
roboflow_counterfeit_med_detection,roboflow\train\images245_jpg.rf.fec7508c694539e08741513221bb46e6.jpg,authentic,train,640,640,JPEG,27731,False,,images245
roboflow_counterfeit_med_detection,roboflow\train\images5126_jpg.rf.fe9265a2754802abe57e94c61ab903a0.jpg,authentic,train,640,640,JPEG,32535,False,,images5126
roboflow_counterfeit_med_detection,roboflow\train\images339_jpg.rf.ff11e7a8ecb1c26dbd3d088d3455edf0.jpg,authentic,train,640,640,JPEG,49499,False,,images339
roboflow_counterfeit_med_detection,roboflow\train\images4045_jpg.rf.ffdc5d7746fda55d532df53e368bf5a0.jpg,authentic,train,640,640,JPEG,54278,False,,images4045
roboflow_counterfeit_med_detection,roboflow\train\images347_jpg.rf.fefa0f4943a63e5843e68f7616c280f3.jpg,authentic,train,640,640,JPEG,28237,False,,images347
roboflow_counterfeit_med_detection,roboflow\train\images226_jpg.rf.ff6e6133154ed70421b9a4187bd77149.jpg,authentic,train,640,640,JPEG,32495,False,,images226
roboflow_counterfeit_med_detection,roboflow\train\images258_jpg.rf.ffcd55b927eacea5dd89208eb8938e21.jpg,authentic,train,640,640,JPEG,63891,False,,images258
roboflow_counterfeit_med_detection,roboflow\train\images5030_jpg.rf.ff52bd78d7f350ae98c5ef683d211966.jpg,authentic,train,640,640,JPEG,32233,False,,images5030
roboflow_counterfeit_med_detection,roboflow\train\109118801_3244498252272873_7164080379624931851_n_jpg.rf.ff9ade4730d4dfdf3bf8a3a3c8ab45b5.jpg,counterfeit,train,640,640,JPEG,49185,True,bulletin_graphic_with_baked_in_label_text,109118801_3244498252272873_7164080379624931851_n
roboflow_counterfeit_med_detection,roboflow\train\images4044_jpg.rf.ffc9e79318d64fe1cb17134d489b901d.jpg,authentic,train,640,640,JPEG,64284,False,,images4044
roboflow_counterfeit_med_detection,roboflow\valid\images12_jpg.rf.005d0802b686a32628bc3244b507d71e.jpg,authentic,valid,640,640,JPEG,52214,False,,images12
roboflow_counterfeit_med_detection,roboflow\valid\images5026_jpg.rf.05331b9c9b7cedde10f7b2241025b67c.jpg,authentic,valid,640,640,JPEG,84999,False,,images5026
roboflow_counterfeit_med_detection,roboflow\valid\images309_jpg.rf.04cb76563ce5b73ece369a63aa7f2ba3.jpg,authentic,valid,640,640,JPEG,34275,False,,images309
roboflow_counterfeit_med_detection,roboflow\valid\images5105_jpg.rf.132c1072b015acd6de6dfb7c0ea2d454.jpg,authentic,valid,640,640,JPEG,45755,False,,images5105
roboflow_counterfeit_med_detection,roboflow\valid\FDA-Advisory-No-2022-0941-1_png.rf.11636a7a553addab4310f6360987158e.jpg,ambiguous,valid,640,640,JPEG,48392,True,dual_label_contradiction,FDA-Advisory-No-2022-0941-1
roboflow_counterfeit_med_detection,roboflow\valid\images223_jpg.rf.0d4b3d1a7edeaaa172805f50a5fd286c.jpg,authentic,valid,640,640,JPEG,30769,False,,images223
roboflow_counterfeit_med_detection,roboflow\valid\images20_jpg.rf.1602406b93d281454a32cb09bbb5a2b3.jpg,authentic,valid,640,640,JPEG,58983,False,,images20
roboflow_counterfeit_med_detection,roboflow\valid\images40_jpg.rf.170c1b83b35349f039361cd171283a7f.jpg,authentic,valid,640,640,JPEG,49516,False,,images40
roboflow_counterfeit_med_detection,roboflow\valid\images4036_jpg.rf.1c5bba53980367b59bb04411224d50dc.jpg,authentic,valid,640,640,JPEG,87282,False,,images4036
roboflow_counterfeit_med_detection,roboflow\valid\images16_jpg.rf.2c2e81a971d6be93a67b75db084401b5.jpg,authentic,valid,640,640,JPEG,32842,False,,images16
roboflow_counterfeit_med_detection,roboflow\valid\images229_jpg.rf.25ab2701a52e1b69b4bc8bf72d6ca2f6.jpg,authentic,valid,640,640,JPEG,34897,False,,images229
roboflow_counterfeit_med_detection,roboflow\valid\images333_jpg.rf.2bc4d2b9557c7fb24fc85280ea46a869.jpg,authentic,valid,640,640,JPEG,43426,False,,images333
roboflow_counterfeit_med_detection,roboflow\valid\images4080_jpg.rf.374e6319d42514f1bee72e3223334d4b.jpg,authentic,valid,640,640,JPEG,49397,False,,images4080
roboflow_counterfeit_med_detection,roboflow\valid\images4070_jpg.rf.102d10247d96275f31d13ed109e2c97b.jpg,authentic,valid,640,640,JPEG,76323,False,,images4070
roboflow_counterfeit_med_detection,roboflow\valid\FDA-Advisory-No-2022-0611-18_png.rf.1a4c4d6983fc6bd75a19b77f7f003841.jpg,counterfeit,valid,640,640,JPEG,43685,True,bulletin_graphic_with_baked_in_label_text,FDA-Advisory-No-2022-0611-18
roboflow_counterfeit_med_detection,roboflow\valid\images18_jpg.rf.30cd9727f715030d54efa597c2b48c6f.jpg,authentic,valid,640,640,JPEG,48329,False,,images18
roboflow_counterfeit_med_detection,roboflow\valid\FDA-Advisory-No-2022-0611-16_png.rf.3f66cf0410e5b041b98eb3befd881585.jpg,counterfeit,valid,640,640,JPEG,48071,True,bulletin_graphic_with_baked_in_label_text,FDA-Advisory-No-2022-0611-16
roboflow_counterfeit_med_detection,roboflow\valid\images4073_jpg.rf.1a0fb40fbdf9704c5a6feb9c4e949cd4.jpg,authentic,valid,640,640,JPEG,37941,False,,images4073
roboflow_counterfeit_med_detection,roboflow\valid\images4073_jpg.rf.2cd4b9d269c8a163bc01782f012b36a9.jpg,authentic,valid,640,640,JPEG,37941,False,,images4073
roboflow_counterfeit_med_detection,roboflow\valid\images4075_jpg.rf.1e86b26aed9289584dc80375ef47a0b1.jpg,authentic,valid,640,640,JPEG,31834,False,,images4075
roboflow_counterfeit_med_detection,roboflow\valid\FDA-Advisory-No-2022-0479_png.rf.3a10865a0ea031d1e7ccf1fb295b2d74.jpg,ambiguous,valid,640,640,JPEG,50345,True,dual_label_contradiction,FDA-Advisory-No-2022-0479
roboflow_counterfeit_med_detection,roboflow\valid\images306_jpg.rf.42efe842d19fabcb4cc0746a3a563254.jpg,authentic,valid,640,640,JPEG,29542,False,,images306
roboflow_counterfeit_med_detection,roboflow\valid\images4070_jpg.rf.49e7744ea3cabff5e364e5db14190f99.jpg,authentic,valid,640,640,JPEG,76323,False,,images4070
roboflow_counterfeit_med_detection,roboflow\valid\images308_jpg.rf.26b0a3622742918f83e570447910091a.jpg,authentic,valid,640,640,JPEG,43711,False,,images308
roboflow_counterfeit_med_detection,roboflow\valid\images309_jpg.rf.1a56bd3ef290a976b5e11b48936ac760.jpg,authentic,valid,640,640,JPEG,34275,False,,images309
roboflow_counterfeit_med_detection,roboflow\valid\FDA-Advisory-No-2022-0611-8_png.rf.439cd5755dff9f2c741510b2e356a55c.jpg,ambiguous,valid,640,640,JPEG,53571,True,dual_label_contradiction,FDA-Advisory-No-2022-0611-8
roboflow_counterfeit_med_detection,roboflow\valid\images203_jpg.rf.4d2b28635b0f2ae5752acadf612586a9.jpg,authentic,valid,640,640,JPEG,41686,False,,images203
roboflow_counterfeit_med_detection,roboflow\valid\images4030_jpg.rf.4cbb9c1100f2429311fbe6796a01a82f.jpg,authentic,valid,640,640,JPEG,48634,False,,images4030
roboflow_counterfeit_med_detection,roboflow\valid\images229_jpg.rf.4c3b8937afbb3546183419ad9fddd5af.jpg,authentic,valid,640,640,JPEG,34897,False,,images229
roboflow_counterfeit_med_detection,roboflow\valid\images4080_jpg.rf.1d0b0f5d675540b589b6140911bf8ec8.jpg,authentic,valid,640,640,JPEG,49397,False,,images4080
roboflow_counterfeit_med_detection,roboflow\valid\images4098_jpg.rf.225edfd540c591807cddb878e5302b0a.jpg,authentic,valid,640,640,JPEG,32174,False,,images4098
roboflow_counterfeit_med_detection,roboflow\valid\FDA-Advisory-No-2022-0611-13_png.rf.4d6a06a7c4e3e5fd7689d73a8fc2ab23.jpg,authentic,valid,640,640,JPEG,46813,True,bulletin_graphic_with_baked_in_label_text,FDA-Advisory-No-2022-0611-13
roboflow_counterfeit_med_detection,roboflow\valid\images4030_jpg.rf.528fb4e8cf59c334f5896e83dec5c2b0.jpg,authentic,valid,640,640,JPEG,48634,False,,images4030
roboflow_counterfeit_med_detection,roboflow\valid\images4101_jpg.rf.4f7d71ee88d252ffc25925212fd2d021.jpg,authentic,valid,640,640,JPEG,31357,False,,images4101
roboflow_counterfeit_med_detection,roboflow\valid\FDA-Advisory-No-2022-0611-6_png.rf.35f3361725b65bbd9f0e7de58bb5c2ac.jpg,counterfeit,valid,640,640,JPEG,51671,True,bulletin_graphic_with_baked_in_label_text,FDA-Advisory-No-2022-0611-6
roboflow_counterfeit_med_detection,roboflow\valid\images246_jpg.rf.541e08dfc122bc8745bf9eef95b6f6e8.jpg,authentic,valid,640,640,JPEG,47066,False,,images246
roboflow_counterfeit_med_detection,roboflow\valid\images261_jpg.rf.5cf2bfc8f5efc6bfabe9492251de6ace.jpg,authentic,valid,640,640,JPEG,38805,False,,images261
roboflow_counterfeit_med_detection,roboflow\valid\FDA-Advisory-No-2021-1200_png.rf.59f0297143358a853d92795055f596f9.jpg,counterfeit,valid,640,640,JPEG,48200,True,bulletin_graphic_with_baked_in_label_text,FDA-Advisory-No-2021-1200
roboflow_counterfeit_med_detection,roboflow\valid\images4111_jpg.rf.6e8426317914c618a5f08c662bf42119.jpg,authentic,valid,640,640,JPEG,16813,False,,images4111
roboflow_counterfeit_med_detection,roboflow\valid\images5037_jpg.rf.6bf4d199dbb5ad5c88eade2062655dc1.jpg,authentic,valid,640,640,JPEG,30539,False,,images5037
roboflow_counterfeit_med_detection,roboflow\valid\FDA-Advisory-No-2021-0717-1_png.rf.6e2342326fbaec59f2961ad29bed5c22.jpg,counterfeit,valid,640,640,JPEG,62413,True,bulletin_graphic_with_baked_in_label_text,FDA-Advisory-No-2021-0717-1
roboflow_counterfeit_med_detection,roboflow\valid\images4111_jpg.rf.5a93d43fab0fea3e143364e271dc304a.jpg,authentic,valid,640,640,JPEG,16813,False,,images4111
roboflow_counterfeit_med_detection,roboflow\valid\images5054_jpg.rf.6b15a234a296a7b1136795eabccd7c4f.jpg,authentic,valid,640,640,JPEG,38886,False,,images5054
roboflow_counterfeit_med_detection,roboflow\valid\images220_jpg.rf.723c6f0f79498b553e94d9b2c30b2e6d.jpg,authentic,valid,640,640,JPEG,37898,False,,images220
roboflow_counterfeit_med_detection,roboflow\valid\images4101_jpg.rf.82179390727d3b26283f69925a063f59.jpg,authentic,valid,640,640,JPEG,31357,False,,images4101
roboflow_counterfeit_med_detection,roboflow\valid\images4053_jpg.rf.71f2291b32ea48e7f47781475ddfb9cb.jpg,authentic,valid,640,640,JPEG,31133,False,,images4053
roboflow_counterfeit_med_detection,roboflow\valid\FDA-Advisory-No-2022-0611-28_png.rf.74cf792c18fcda029b80fafcebda19f5.jpg,counterfeit,valid,640,640,JPEG,46692,True,bulletin_graphic_with_baked_in_label_text,FDA-Advisory-No-2022-0611-28
roboflow_counterfeit_med_detection,roboflow\valid\images5089_jpg.rf.8447a5dcf55eb86df5fec258950c8c63.jpg,authentic,valid,640,640,JPEG,28271,False,,images5089
roboflow_counterfeit_med_detection,roboflow\valid\images205_jpg.rf.77f23df4f4fa887588f5f9a600210d14.jpg,authentic,valid,640,640,JPEG,51619,False,,images205
roboflow_counterfeit_med_detection,roboflow\valid\images259_jpg.rf.7b67e8a47f72b7536f884e8a6a10cd82.jpg,authentic,valid,640,640,JPEG,42430,False,,images259
roboflow_counterfeit_med_detection,roboflow\valid\images5108_jpg.rf.7b3963a6c21ae75af71507287637a94d.jpg,authentic,valid,640,640,JPEG,34630,False,,images5108
roboflow_counterfeit_med_detection,roboflow\valid\images5081_jpg.rf.7eedde01774019261980cb64bf0b19fd.jpg,authentic,valid,640,640,JPEG,28033,False,,images5081
roboflow_counterfeit_med_detection,roboflow\valid\images12_jpg.rf.6115517ba4d36495a0888f0bc19e1971.jpg,authentic,valid,640,640,JPEG,52214,False,,images12
roboflow_counterfeit_med_detection,roboflow\valid\images4075_jpg.rf.670ced07ca38e33d3e00d24944108503.jpg,authentic,valid,640,640,JPEG,31834,False,,images4075
roboflow_counterfeit_med_detection,roboflow\valid\images308_jpg.rf.6eb8b71708715ae7c57bba060640eae1.jpg,authentic,valid,640,640,JPEG,43711,False,,images308
roboflow_counterfeit_med_detection,roboflow\valid\images5094_jpg.rf.7704ceeb0f53cf3b5c939ac4b6866567.jpg,authentic,valid,640,640,JPEG,56966,False,,images5094
roboflow_counterfeit_med_detection,roboflow\valid\FDA-Advisory-No-2022-0611-21_png.rf.7b30259ef0d8e7e67fbbea1d75633d03.jpg,authentic,valid,640,640,JPEG,44740,True,bulletin_graphic_with_baked_in_label_text,FDA-Advisory-No-2022-0611-21
roboflow_counterfeit_med_detection,roboflow\valid\images5054_jpg.rf.8474a384f616c2b08af56d2293c36c7b.jpg,authentic,valid,640,640,JPEG,38886,False,,images5054
roboflow_counterfeit_med_detection,roboflow\valid\images5055_jpg.rf.7567e916a1284e05a5479415e18b4862.jpg,authentic,valid,640,640,JPEG,32096,False,,images5055
roboflow_counterfeit_med_detection,roboflow\valid\images5026_jpg.rf.73692f3b1261c6235a8e2a05752abf96.jpg,authentic,valid,640,640,JPEG,84999,False,,images5026
roboflow_counterfeit_med_detection,roboflow\valid\images259_jpg.rf.8c9953d131e210aac5d562fc80f00e7f.jpg,authentic,valid,640,640,JPEG,42430,False,,images259
roboflow_counterfeit_med_detection,roboflow\valid\images5094_jpg.rf.6d7003b11c82e8af6863e74f4282eb2f.jpg,authentic,valid,640,640,JPEG,56966,False,,images5094
roboflow_counterfeit_med_detection,roboflow\valid\images306_jpg.rf.8cef658a06b91c5d0378a986ae6e0c86.jpg,authentic,valid,640,640,JPEG,29542,False,,images306
roboflow_counterfeit_med_detection,roboflow\valid\images5043_jpg.rf.98b9b77042327ba4676d723918862366.jpg,authentic,valid,640,640,JPEG,32510,False,,images5043
roboflow_counterfeit_med_detection,roboflow\valid\images246_jpg.rf.8c7168c5f75539ba98a78d609ca03263.jpg,authentic,valid,640,640,JPEG,47066,False,,images246
roboflow_counterfeit_med_detection,roboflow\valid\images20_jpg.rf.8d3cf7c2f6f006ad2bf783502c04a17d.jpg,authentic,valid,640,640,JPEG,58983,False,,images20
roboflow_counterfeit_med_detection,roboflow\valid\images5086_jpg.rf.95d1e40fbbcf7495a2a6819a23329c4e.jpg,authentic,valid,640,640,JPEG,25994,False,,images5086
roboflow_counterfeit_med_detection,roboflow\valid\FDA-Advisory-No-2022-0611-34_png.rf.9c6341c22143f333ec983ac33aa85adf.jpg,counterfeit,valid,640,640,JPEG,34610,True,bulletin_graphic_with_baked_in_label_text,FDA-Advisory-No-2022-0611-34
roboflow_counterfeit_med_detection,roboflow\valid\190110411_4121908957865127_6348747995860110508_n_png.rf.a008659f0545e91b8f60a2854e85af26.jpg,counterfeit,valid,640,640,JPEG,56082,True,bulletin_graphic_with_baked_in_label_text,190110411_4121908957865127_6348747995860110508_n
roboflow_counterfeit_med_detection,roboflow\valid\images18_jpg.rf.9b301c1f9f38d70339e214fcb4da3d3c.jpg,authentic,valid,640,640,JPEG,48329,False,,images18
roboflow_counterfeit_med_detection,roboflow\valid\images40_jpg.rf.9d960c09e5153f682e8779a5a28cad24.jpg,authentic,valid,640,640,JPEG,49516,False,,images40
roboflow_counterfeit_med_detection,roboflow\valid\images4091_jpg.rf.9f8aa65e51eaffab851ae97c7b2b272e.jpg,authentic,valid,640,640,JPEG,31190,False,,images4091
roboflow_counterfeit_med_detection,roboflow\valid\2020-1348_3_jpg.rf.a76284a2cf9700ebd62e2ade8d42115a.jpg,authentic,valid,640,640,JPEG,54509,True,bulletin_graphic_with_baked_in_label_text,2020-1348_3
roboflow_counterfeit_med_detection,roboflow\valid\images5086_jpg.rf.a4c316ddf5691cf9833c5112065f3b45.jpg,authentic,valid,640,640,JPEG,25994,False,,images5086
roboflow_counterfeit_med_detection,roboflow\valid\images5043_jpg.rf.a44cbc03307239b89f5a2d289c3f5f2a.jpg,authentic,valid,640,640,JPEG,32510,False,,images5043
roboflow_counterfeit_med_detection,roboflow\valid\images5120_jpg.rf.a05f74451f5d1b47d07a2e8f62fa5326.jpg,authentic,valid,640,640,JPEG,30179,False,,images5120
roboflow_counterfeit_med_detection,roboflow\valid\images17_jpg.rf.a9d123f6675e0b561677fb4938b0eef1.jpg,authentic,valid,640,640,JPEG,47615,False,,images17
roboflow_counterfeit_med_detection,roboflow\valid\images249_jpg.rf.b23a4ce466d607b95887848601497195.jpg,authentic,valid,640,640,JPEG,52984,False,,images249
roboflow_counterfeit_med_detection,roboflow\valid\images261_jpg.rf.abcddb6352a366e78837dd4e30eb8231.jpg,authentic,valid,640,640,JPEG,38805,False,,images261
roboflow_counterfeit_med_detection,roboflow\valid\images22_jpg.rf.ab8a4f3bf28dbeb9864a81b2653c236a.jpg,authentic,valid,640,640,JPEG,33917,False,,images22
roboflow_counterfeit_med_detection,roboflow\valid\images4098_jpg.rf.bb6c585be21e9b73e6edf6f59e80d1a6.jpg,authentic,valid,640,640,JPEG,32174,False,,images4098
roboflow_counterfeit_med_detection,roboflow\valid\116070957_3244497492272949_7546891348416784528_n_jpg.rf.abfa9967a6883373c748f182b29ec26b.jpg,counterfeit,valid,640,640,JPEG,56693,True,bulletin_graphic_with_baked_in_label_text,116070957_3244497492272949_7546891348416784528_n
roboflow_counterfeit_med_detection,roboflow\valid\images5081_jpg.rf.b616390ffc54df47744f59941123ee8f.jpg,authentic,valid,640,640,JPEG,28033,False,,images5081
roboflow_counterfeit_med_detection,roboflow\valid\images4062_jpg.rf.b43d200e25a65f05a57bd66aed447370.jpg,authentic,valid,640,640,JPEG,34562,False,,images4062
roboflow_counterfeit_med_detection,roboflow\valid\images30_jpg.rf.c73fe012428bf122f598bf58982920e7.jpg,authentic,valid,640,640,JPEG,42941,False,,images30
roboflow_counterfeit_med_detection,roboflow\valid\2020-1348_12_jpg.rf.bc8958ae2f41f44d836a0ad1b147f2bd.jpg,counterfeit,valid,640,640,JPEG,79944,True,bulletin_graphic_with_baked_in_label_text,2020-1348_12
roboflow_counterfeit_med_detection,roboflow\valid\images5068_jpg.rf.c81f87a9d9ab3e391d5fd13204a694a0.jpg,authentic,valid,640,640,JPEG,27408,False,,images5068
roboflow_counterfeit_med_detection,roboflow\valid\images16_jpg.rf.b762df128dd9232eaf14157d48ade60b.jpg,authentic,valid,640,640,JPEG,32842,False,,images16
roboflow_counterfeit_med_detection,roboflow\valid\images211_jpg.rf.c0a3076029866cd82975378fd6db105e.jpg,authentic,valid,640,640,JPEG,30995,False,,images211
roboflow_counterfeit_med_detection,roboflow\valid\images4062_jpg.rf.bfd0b3af1cf81d6916158aa94172ecb8.jpg,authentic,valid,640,640,JPEG,34562,False,,images4062
roboflow_counterfeit_med_detection,roboflow\valid\images5105_jpg.rf.ce3007096686663e413e60a57102eb3c.jpg,authentic,valid,640,640,JPEG,45755,False,,images5105
roboflow_counterfeit_med_detection,roboflow\valid\images30_jpg.rf.b2a5b9f7b8d1a88057d09c4444fa06af.jpg,authentic,valid,640,640,JPEG,42941,False,,images30
roboflow_counterfeit_med_detection,roboflow\valid\images223_jpg.rf.b3a6b3c83bc74dd47d6c8770d7ef2d8e.jpg,authentic,valid,640,640,JPEG,30769,False,,images223
roboflow_counterfeit_med_detection,roboflow\valid\images243_jpg.rf.d1520ef3a5bcb700cc495104c0c0c0b5.jpg,authentic,valid,640,640,JPEG,38039,False,,images243
roboflow_counterfeit_med_detection,roboflow\valid\images5055_jpg.rf.c1bca7d9873987bcd0493922a61a40ac.jpg,authentic,valid,640,640,JPEG,32096,False,,images5055
roboflow_counterfeit_med_detection,roboflow\valid\images5120_jpg.rf.c85b0dc76f7b36874cde10bfe72ebcd1.jpg,authentic,valid,640,640,JPEG,30179,False,,images5120
roboflow_counterfeit_med_detection,roboflow\valid\images5089_jpg.rf.b7d73f5e97ddcaf4a6ca78fcbb2a9001.jpg,authentic,valid,640,640,JPEG,28271,False,,images5089
roboflow_counterfeit_med_detection,roboflow\valid\images17_jpg.rf.cd3756887eb31f4487b0c7cad4f2931e.jpg,authentic,valid,640,640,JPEG,47615,False,,images17
roboflow_counterfeit_med_detection,roboflow\valid\images205_jpg.rf.b246552a79b51b6fde763daaf8b0e8b0.jpg,authentic,valid,640,640,JPEG,51619,False,,images205
roboflow_counterfeit_med_detection,roboflow\valid\images313_jpg.rf.e86a53f0a1b40efe326fafd9060eb1c6.jpg,authentic,valid,640,640,JPEG,48968,False,,images313
roboflow_counterfeit_med_detection,roboflow\valid\images4086_jpg.rf.dc3998b8c33303e4b5e0a801b1d29c1e.jpg,authentic,valid,640,640,JPEG,18095,False,,images4086
roboflow_counterfeit_med_detection,roboflow\valid\images203_jpg.rf.ecd3a028c63537dcd047459f58b66f12.jpg,authentic,valid,640,640,JPEG,41686,False,,images203
roboflow_counterfeit_med_detection,roboflow\valid\images5108_jpg.rf.dd0a683b588fc4a035615c457c59fd54.jpg,authentic,valid,640,640,JPEG,34630,False,,images5108
roboflow_counterfeit_med_detection,roboflow\valid\images4086_jpg.rf.f8e4bcc65d9b597cca8ff1ae994a3a93.jpg,authentic,valid,640,640,JPEG,18095,False,,images4086
roboflow_counterfeit_med_detection,roboflow\valid\images243_jpg.rf.d37ab005d022cffa55a791eec3f5142f.jpg,authentic,valid,640,640,JPEG,38039,False,,images243
roboflow_counterfeit_med_detection,roboflow\valid\images5037_jpg.rf.d5d0b7ab731bf1faad46d65e11fb9cce.jpg,authentic,valid,640,640,JPEG,30539,False,,images5037
roboflow_counterfeit_med_detection,roboflow\valid\images211_jpg.rf.def89e71997ab7b3718165f04839402a.jpg,authentic,valid,640,640,JPEG,30995,False,,images211
roboflow_counterfeit_med_detection,roboflow\valid\images313_jpg.rf.ed26d4dc0bac8da465d09db41a9467b6.jpg,authentic,valid,640,640,JPEG,48968,False,,images313
roboflow_counterfeit_med_detection,roboflow\valid\111578779_3244497222272976_1351562617683982525_n_jpg.rf.e980bc0c3a5fc5184b1be93d648759a3.jpg,counterfeit,valid,640,640,JPEG,46071,True,bulletin_graphic_with_baked_in_label_text,111578779_3244497222272976_1351562617683982525_n
roboflow_counterfeit_med_detection,roboflow\valid\FDA-Advisory-No-2022-0611-12_png.rf.e3b0448b7f9b2acbb66f90b01dbf4df8.jpg,counterfeit,valid,640,640,JPEG,44663,True,bulletin_graphic_with_baked_in_label_text,FDA-Advisory-No-2022-0611-12
roboflow_counterfeit_med_detection,roboflow\valid\images4053_jpg.rf.f4fc9bd1b9392197d4c79bc12ee36386.jpg,authentic,valid,640,640,JPEG,31133,False,,images4053
roboflow_counterfeit_med_detection,roboflow\valid\images249_jpg.rf.fbe06ff2f7290d9dfefc0500961d508b.jpg,authentic,valid,640,640,JPEG,52984,False,,images249
roboflow_counterfeit_med_detection,roboflow\valid\images4036_jpg.rf.eadb978beb17e957e2ddbb28ae81ed5a.jpg,authentic,valid,640,640,JPEG,87282,False,,images4036
roboflow_counterfeit_med_detection,roboflow\valid\images5068_jpg.rf.d8dd13a4cbe27642eebd369ba7e4eb3f.jpg,authentic,valid,640,640,JPEG,27408,False,,images5068
roboflow_counterfeit_med_detection,roboflow\valid\images220_jpg.rf.dbfdc79526d99bd5907c99ac2b0e12a4.jpg,authentic,valid,640,640,JPEG,37898,False,,images220
roboflow_counterfeit_med_detection,roboflow\valid\images4091_jpg.rf.e4e4079e611d0f97ff079c075786df88.jpg,authentic,valid,640,640,JPEG,31190,False,,images4091
roboflow_counterfeit_med_detection,roboflow\valid\images5038_jpg.rf.fefb6ec8d695e0346719f5175334ffa5.jpg,authentic,valid,640,640,JPEG,67992,False,,images5038
roboflow_counterfeit_med_detection,roboflow\valid\images5073_jpg.rf.da421507a076a3c49f42ea9a13837a60.jpg,authentic,valid,640,640,JPEG,83333,False,,images5073
roboflow_counterfeit_med_detection,roboflow\valid\images5038_jpg.rf.e75c92c9d7c1a2c74495b41344c6ecde.jpg,authentic,valid,640,640,JPEG,67992,False,,images5038
roboflow_counterfeit_med_detection,roboflow\valid\images333_jpg.rf.f1838a6952c7412fba7ef9e5c2b9b58c.jpg,authentic,valid,640,640,JPEG,43426,False,,images333
roboflow_counterfeit_med_detection,roboflow\valid\images5073_jpg.rf.fd39e29a4a041bc5997facb4ff16d998.jpg,authentic,valid,640,640,JPEG,83333,False,,images5073
roboflow_counterfeit_med_detection,roboflow\valid\images22_jpg.rf.fe2ab2b0a060dacf02901fcabaf7f125.jpg,authentic,valid,640,640,JPEG,33917,False,,images22
roboflow_counterfeit_med_detection,roboflow\test\images39_jpg.rf.27aec12841bf6c3360fcbd09d303b81b.jpg,authentic,test,640,640,JPEG,35831,False,,images39
roboflow_counterfeit_med_detection,roboflow\test\images224_jpg.rf.1751b4b8a04ec635450f8a0d28965636.jpg,authentic,test,640,640,JPEG,32157,False,,images224
roboflow_counterfeit_med_detection,roboflow\test\images5109_jpg.rf.17a5b22dd1bc52573bacc4c442c63eac.jpg,authentic,test,640,640,JPEG,50855,False,,images5109
roboflow_counterfeit_med_detection,roboflow\test\images247_jpg.rf.53f3aea5771907f1d5d73e2e135b2894.jpg,authentic,test,640,640,JPEG,40828,False,,images247
roboflow_counterfeit_med_detection,roboflow\test\FDA-Advisory-No-2022-0611-15_png.rf.50af905076c1c051743d93d2f67a0795.jpg,authentic,test,640,640,JPEG,52325,True,bulletin_graphic_with_baked_in_label_text,FDA-Advisory-No-2022-0611-15
roboflow_counterfeit_med_detection,roboflow\test\images4059_jpg.rf.1640a554d53903437ffac191a0aa6468.jpg,authentic,test,640,640,JPEG,38327,False,,images4059
roboflow_counterfeit_med_detection,roboflow\test\images5028_jpg.rf.093521593b1c1bc77eea5e946e6ff499.jpg,authentic,test,640,640,JPEG,39159,False,,images5028
roboflow_counterfeit_med_detection,roboflow\test\FDA-Advisory-No-2022-0611-22_png.rf.5c8e2af047b4e5f36f3cf868d9f45322.jpg,counterfeit,test,640,640,JPEG,52433,True,bulletin_graphic_with_baked_in_label_text,FDA-Advisory-No-2022-0611-22
roboflow_counterfeit_med_detection,roboflow\test\images329_jpg.rf.189041093ca5d24ba6269d4021ff5a28.jpg,authentic,test,640,640,JPEG,32088,False,,images329
roboflow_counterfeit_med_detection,roboflow\test\images332_jpg.rf.3477b883a7f443c9f558db28e7177faf.jpg,authentic,test,640,640,JPEG,26489,False,,images332
roboflow_counterfeit_med_detection,roboflow\test\images247_jpg.rf.49c2552a658e792901329ea8ae1a9bb2.jpg,authentic,test,640,640,JPEG,40828,False,,images247
roboflow_counterfeit_med_detection,roboflow\test\images5092_jpg.rf.01cfa1c6f011c1c6aba6d76debcb1a4c.jpg,authentic,test,640,640,JPEG,66132,False,,images5092
roboflow_counterfeit_med_detection,roboflow\test\images03_jpg.rf.14224c5ca902f51740a13de00544f08f.jpg,authentic,test,640,640,JPEG,51093,False,,images03
roboflow_counterfeit_med_detection,roboflow\test\images06_jpg.rf.182edd8e14522811726dcd3ad1a7c94a.jpg,authentic,test,640,640,JPEG,42514,False,,images06
roboflow_counterfeit_med_detection,roboflow\test\images4121_jpg.rf.2c8f6ece9e864e1db00b38845a9e9132.jpg,authentic,test,640,640,JPEG,22180,False,,images4121
roboflow_counterfeit_med_detection,roboflow\test\images4059_jpg.rf.5c1ae633bcc483d8f9755e3178494bf9.jpg,authentic,test,640,640,JPEG,38327,False,,images4059
roboflow_counterfeit_med_detection,roboflow\test\images4109_jpg.rf.059446231d3cd4d2d1593c037dd7b458.jpg,authentic,test,640,640,JPEG,33297,False,,images4109
roboflow_counterfeit_med_detection,roboflow\test\110717660_3244498335606198_2694477071745798285_n_jpg.rf.2003d583bf4f7e611decd258c28b9498.jpg,counterfeit,test,640,640,JPEG,44277,True,bulletin_graphic_with_baked_in_label_text,110717660_3244498335606198_2694477071745798285_n
roboflow_counterfeit_med_detection,roboflow\test\images5025_jpg.rf.43fa56612ca43cfbfacc4a1ac082f7a6.jpg,authentic,test,640,640,JPEG,85619,False,,images5025
roboflow_counterfeit_med_detection,roboflow\test\images207_jpg.rf.45811fd90b8e333f3f8a88b303ce1546.jpg,authentic,test,640,640,JPEG,31083,False,,images207
roboflow_counterfeit_med_detection,roboflow\test\images329_jpg.rf.4da07fdc8a9d060b7dbe63affb647b7c.jpg,authentic,test,640,640,JPEG,32088,False,,images329
roboflow_counterfeit_med_detection,roboflow\test\images4096_jpg.rf.5f66e0c92abb2b8816d64aa59b7dc4ba.jpg,authentic,test,640,640,JPEG,39177,False,,images4096
roboflow_counterfeit_med_detection,roboflow\test\images336_jpg.rf.38e75af42b55dd6cecf86b584f64a16d.jpg,authentic,test,640,640,JPEG,36158,False,,images336
roboflow_counterfeit_med_detection,roboflow\test\images03_jpg.rf.6d8c9a391da3e91086b5120b7e07ab9a.jpg,authentic,test,640,640,JPEG,51093,False,,images03
roboflow_counterfeit_med_detection,roboflow\test\images216_jpg.rf.2614491f5219c8dad16b1ae2b6522b6b.jpg,authentic,test,640,640,JPEG,49373,False,,images216
roboflow_counterfeit_med_detection,roboflow\test\images5072_jpg.rf.695930bc3c2ccedfc873364c904bace7.jpg,authentic,test,640,640,JPEG,66427,False,,images5072
roboflow_counterfeit_med_detection,roboflow\test\FDA-Advisory-No-2022-0611-25_png.rf.6f9b23d8c6fa5a8db3ac1558236f070f.jpg,authentic,test,640,640,JPEG,54070,True,bulletin_graphic_with_baked_in_label_text,FDA-Advisory-No-2022-0611-25
roboflow_counterfeit_med_detection,roboflow\test\2020-1348_22_jpg.rf.196df5521cbcb231746e0af011ee389d.jpg,authentic,test,640,640,JPEG,61105,True,bulletin_graphic_with_baked_in_label_text,2020-1348_22
roboflow_counterfeit_med_detection,roboflow\test\images250_jpg.rf.90219a3bfecaf2084ff4a35403900003.jpg,authentic,test,640,640,JPEG,38284,False,,images250
roboflow_counterfeit_med_detection,roboflow\test\images5025_jpg.rf.73f0ed1375a4aa8354cf2dccdcb8db97.jpg,authentic,test,640,640,JPEG,85619,False,,images5025
roboflow_counterfeit_med_detection,roboflow\test\images4119_jpg.rf.83298023669c0f2b39af5bd1d9c32fb8.jpg,authentic,test,640,640,JPEG,23042,False,,images4119
roboflow_counterfeit_med_detection,roboflow\test\images39_jpg.rf.8b58d242bd6c4367830fbe0297257603.jpg,authentic,test,640,640,JPEG,35831,False,,images39
roboflow_counterfeit_med_detection,roboflow\test\images332_jpg.rf.825ec2a93f9717ee94a24362a6fc1a80.jpg,authentic,test,640,640,JPEG,26489,False,,images332
roboflow_counterfeit_med_detection,roboflow\test\images215_jpg.rf.5d07efc1e4d100f1bd02961c96bd94e7.jpg,authentic,test,640,640,JPEG,42289,False,,images215
roboflow_counterfeit_med_detection,roboflow\test\images5072_jpg.rf.7ae62e30e9f50f5935eb2485e9d6b3d3.jpg,authentic,test,640,640,JPEG,66427,False,,images5072
roboflow_counterfeit_med_detection,roboflow\test\158964877_3907723632616995_1725415267995819979_n_jpg.rf.8a87c0a44aeb15610008171fcb852964.jpg,counterfeit,test,640,640,JPEG,50969,True,bulletin_graphic_with_baked_in_label_text,158964877_3907723632616995_1725415267995819979_n
roboflow_counterfeit_med_detection,roboflow\test\images5122_jpg.rf.7ebbbf40e415feb38b6757356347efe2.jpg,authentic,test,640,640,JPEG,66868,False,,images5122
roboflow_counterfeit_med_detection,roboflow\test\images250_jpg.rf.9c07652232a07c83eb09be634414dcf4.jpg,authentic,test,640,640,JPEG,38284,False,,images250
roboflow_counterfeit_med_detection,roboflow\test\images4109_jpg.rf.a57c42d38bb5d482a0ea8a44a422aef7.jpg,authentic,test,640,640,JPEG,33297,False,,images4109
roboflow_counterfeit_med_detection,roboflow\test\images325_jpg.rf.92f269414bf399aab7172487dc7bc72b.jpg,authentic,test,640,640,JPEG,36911,False,,images325
roboflow_counterfeit_med_detection,roboflow\test\images5028_jpg.rf.a81c7f86e7be6c6e8fd24a73b2a80566.jpg,authentic,test,640,640,JPEG,39159,False,,images5028
roboflow_counterfeit_med_detection,roboflow\test\How-to-spot-fake-biogesic-and-bioflu_jpg.rf.aa6360c8d0ffc4fab456e88f608c9fe8.jpg,ambiguous,test,640,640,JPEG,70484,True,dual_label_contradiction,How-to-spot-fake-biogesic-and-bioflu
roboflow_counterfeit_med_detection,roboflow\test\images10_jpg.rf.928dc5c00db1671d95c27c904b35fd62.jpg,authentic,test,640,640,JPEG,60318,False,,images10
roboflow_counterfeit_med_detection,roboflow\test\images215_jpg.rf.b70d497409a3ad7f68780c1b479e864e.jpg,authentic,test,640,640,JPEG,42289,False,,images215
roboflow_counterfeit_med_detection,roboflow\test\images5109_jpg.rf.a60c56b3a6d2d56fcbba8661fa54820a.jpg,authentic,test,640,640,JPEG,50855,False,,images5109
roboflow_counterfeit_med_detection,roboflow\test\images4119_jpg.rf.afee70ce8d1c25d5b31802be72984bbd.jpg,authentic,test,640,640,JPEG,23042,False,,images4119
roboflow_counterfeit_med_detection,roboflow\test\images5088_jpg.rf.b009609ff6b7d0b05a7ec5df5390cef0.jpg,authentic,test,640,640,JPEG,64300,False,,images5088
roboflow_counterfeit_med_detection,roboflow\test\images336_jpg.rf.a619fcae9bc046526c9ec2f348ed8e18.jpg,authentic,test,640,640,JPEG,36158,False,,images336
roboflow_counterfeit_med_detection,roboflow\test\191489945_4122074827848540_4141220302232318049_n_jpg.rf.b72edfea0236850b0baab874268c29e0.jpg,counterfeit,test,640,640,JPEG,60050,True,bulletin_graphic_with_baked_in_label_text,191489945_4122074827848540_4141220302232318049_n
roboflow_counterfeit_med_detection,roboflow\test\images10_jpg.rf.c3b712c9694be0cae32bb03f1bdd9f8b.jpg,authentic,test,640,640,JPEG,60318,False,,images10
roboflow_counterfeit_med_detection,roboflow\test\images5070_jpg.rf.cbbe8b1f4c1a1ea5b1727a79760611ec.jpg,authentic,test,640,640,JPEG,62547,False,,images5070
roboflow_counterfeit_med_detection,roboflow\test\images207_jpg.rf.d64303365ee958b1eb8323663acc5453.jpg,authentic,test,640,640,JPEG,31083,False,,images207
roboflow_counterfeit_med_detection,roboflow\test\FDA-Advisory-No-2022-0611-19_png.rf.c8a50386b1bb7b64b6ee92126eb3dabf.jpg,authentic,test,640,640,JPEG,54548,True,bulletin_graphic_with_baked_in_label_text,FDA-Advisory-No-2022-0611-19
roboflow_counterfeit_med_detection,roboflow\test\images224_jpg.rf.e4b3f397b96f1a2cc2aeabc31eb0bee4.jpg,authentic,test,640,640,JPEG,32157,False,,images224
roboflow_counterfeit_med_detection,roboflow\test\images216_jpg.rf.b9ed30b400e79a88a5b2a8f1bf653e86.jpg,authentic,test,640,640,JPEG,49373,False,,images216
roboflow_counterfeit_med_detection,roboflow\test\FDA-Advisory-No-2022-0611-33_png.rf.eaa7a20d59cc5b710c425b064243dccd.jpg,authentic,test,640,640,JPEG,41222,True,bulletin_graphic_with_baked_in_label_text,FDA-Advisory-No-2022-0611-33
roboflow_counterfeit_med_detection,roboflow\test\images5070_jpg.rf.c90d9ec24c0b24d1c7d0498ec45b6336.jpg,authentic,test,640,640,JPEG,62547,False,,images5070
roboflow_counterfeit_med_detection,roboflow\test\images4096_jpg.rf.ebab2a116a55c83fc98f4f4a2e9f1acd.jpg,authentic,test,640,640,JPEG,39177,False,,images4096
roboflow_counterfeit_med_detection,roboflow\test\images325_jpg.rf.ae05f389447f1d3a95542335cc854a6d.jpg,authentic,test,640,640,JPEG,36911,False,,images325
roboflow_counterfeit_med_detection,roboflow\test\images4121_jpg.rf.f82704cca367540c4ecd7868cac9d6cb.jpg,authentic,test,640,640,JPEG,22180,False,,images4121
roboflow_counterfeit_med_detection,roboflow\test\images5122_jpg.rf.fcc3d9b103f6a67e29fb4ced75cae762.jpg,authentic,test,640,640,JPEG,66868,False,,images5122
roboflow_counterfeit_med_detection,roboflow\test\110131889_3244497975606234_3802007184609585998_n_jpg.rf.fa1c6e5bb081aea29651809722b6a8d0.jpg,counterfeit,test,640,640,JPEG,50349,True,bulletin_graphic_with_baked_in_label_text,110131889_3244497975606234_3802007184609585998_n
roboflow_counterfeit_med_detection,roboflow\test\images06_jpg.rf.ebcccd7b458a098c1e48aac98a0909ed.jpg,authentic,test,640,640,JPEG,42514,False,,images06
roboflow_counterfeit_med_detection,roboflow\test\images5088_jpg.rf.fd4ea8a4f40adb778527c3e33f16f06e.jpg,authentic,test,640,640,JPEG,64300,False,,images5088
roboflow_counterfeit_med_detection,roboflow\test\images5092_jpg.rf.c1bd1cf8453e809860a137fb4be5954d.jpg,authentic,test,640,640,JPEG,66132,False,,images5092
kaggle_fake_real_medicine,kaggle_fake_real\dataset\Fake\Screenshot 2025-09-17 173830.png,counterfeit,unsplit_pool,410,624,PNG,339822,False,,Screenshot 2025-09-17 173830
kaggle_fake_real_medicine,kaggle_fake_real\dataset\Fake\Screenshot 2025-09-17 173925.png,counterfeit,unsplit_pool,509,637,PNG,496030,False,,Screenshot 2025-09-17 173925
kaggle_fake_real_medicine,kaggle_fake_real\dataset\Fake\Screenshot 2025-09-17 173947.png,counterfeit,unsplit_pool,500,591,PNG,443273,False,,Screenshot 2025-09-17 173947
kaggle_fake_real_medicine,kaggle_fake_real\dataset\Fake\Screenshot 2025-09-17 174004.png,counterfeit,unsplit_pool,367,556,PNG,299354,False,,Screenshot 2025-09-17 174004
kaggle_fake_real_medicine,kaggle_fake_real\dataset\Fake\Screenshot 2025-09-17 174048.png,counterfeit,unsplit_pool,330,626,PNG,410100,False,,Screenshot 2025-09-17 174048
kaggle_fake_real_medicine,kaggle_fake_real\dataset\Fake\Screenshot 2025-09-17 174103.png,counterfeit,unsplit_pool,286,600,PNG,279735,False,,Screenshot 2025-09-17 174103
kaggle_fake_real_medicine,kaggle_fake_real\dataset\Fake\Screenshot 2025-09-17 174126.png,counterfeit,unsplit_pool,339,355,PNG,168102,False,,Screenshot 2025-09-17 174126
kaggle_fake_real_medicine,kaggle_fake_real\dataset\Fake\Screenshot 2025-09-17 174153.png,counterfeit,unsplit_pool,315,346,PNG,147001,False,,Screenshot 2025-09-17 174153
kaggle_fake_real_medicine,kaggle_fake_real\dataset\Fake\Screenshot 2025-09-17 174239.png,counterfeit,unsplit_pool,497,268,PNG,145595,False,,Screenshot 2025-09-17 174239
kaggle_fake_real_medicine,kaggle_fake_real\dataset\Fake\Screenshot 2025-09-17 174308.png,counterfeit,unsplit_pool,434,564,PNG,214698,False,,Screenshot 2025-09-17 174308
kaggle_fake_real_medicine,kaggle_fake_real\dataset\Fake\Screenshot 2025-09-17 174345.png,counterfeit,unsplit_pool,533,716,PNG,740760,False,,Screenshot 2025-09-17 174345
kaggle_fake_real_medicine,kaggle_fake_real\dataset\Fake\Screenshot 2025-09-17 174416.png,counterfeit,unsplit_pool,546,704,PNG,613898,False,,Screenshot 2025-09-17 174416
kaggle_fake_real_medicine,kaggle_fake_real\dataset\Fake\Screenshot 2025-09-17 174538.png,counterfeit,unsplit_pool,184,576,PNG,180621,False,,Screenshot 2025-09-17 174538
kaggle_fake_real_medicine,kaggle_fake_real\dataset\Fake\Screenshot 2025-09-17 174557.png,counterfeit,unsplit_pool,154,561,PNG,161236,False,,Screenshot 2025-09-17 174557
kaggle_fake_real_medicine,kaggle_fake_real\dataset\Fake\Screenshot 2025-09-17 174626.png,counterfeit,unsplit_pool,605,396,PNG,414076,False,,Screenshot 2025-09-17 174626
kaggle_fake_real_medicine,kaggle_fake_real\dataset\Fake\Screenshot 2025-09-17 174641.png,counterfeit,unsplit_pool,600,385,PNG,400200,False,,Screenshot 2025-09-17 174641
kaggle_fake_real_medicine,kaggle_fake_real\dataset\Fake\Screenshot 2025-09-17 174746.png,counterfeit,unsplit_pool,323,483,PNG,204237,False,,Screenshot 2025-09-17 174746
kaggle_fake_real_medicine,kaggle_fake_real\dataset\Fake\Screenshot 2025-09-17 174813.png,counterfeit,unsplit_pool,368,570,PNG,244166,False,,Screenshot 2025-09-17 174813
kaggle_fake_real_medicine,kaggle_fake_real\dataset\Fake\Screenshot 2025-09-17 174826.png,counterfeit,unsplit_pool,368,571,PNG,258507,False,,Screenshot 2025-09-17 174826
kaggle_fake_real_medicine,kaggle_fake_real\dataset\Fake\Screenshot 2025-09-17 174843.png,counterfeit,unsplit_pool,438,687,PNG,336856,False,,Screenshot 2025-09-17 174843
kaggle_fake_real_medicine,kaggle_fake_real\dataset\Fake\Screenshot 2025-09-17 174948.png,counterfeit,unsplit_pool,750,360,PNG,359514,False,,Screenshot 2025-09-17 174948
kaggle_fake_real_medicine,kaggle_fake_real\dataset\Fake\Screenshot 2025-09-17 175006.png,counterfeit,unsplit_pool,782,372,PNG,361010,False,,Screenshot 2025-09-17 175006
kaggle_fake_real_medicine,kaggle_fake_real\dataset\Fake\Screenshot 2025-09-17 175026.png,counterfeit,unsplit_pool,619,376,PNG,355475,False,,Screenshot 2025-09-17 175026
kaggle_fake_real_medicine,kaggle_fake_real\dataset\Fake\Screenshot 2025-09-17 175208.png,counterfeit,unsplit_pool,786,441,PNG,410706,False,,Screenshot 2025-09-17 175208
kaggle_fake_real_medicine,kaggle_fake_real\dataset\Fake\Screenshot 2025-09-17 175235.png,counterfeit,unsplit_pool,432,263,PNG,212587,False,,Screenshot 2025-09-17 175235
kaggle_fake_real_medicine,kaggle_fake_real\dataset\Fake\Screenshot 2025-09-17 175301.png,counterfeit,unsplit_pool,440,278,PNG,219856,False,,Screenshot 2025-09-17 175301
kaggle_fake_real_medicine,kaggle_fake_real\dataset\Fake\Screenshot 2025-09-17 175322.png,counterfeit,unsplit_pool,322,532,PNG,216322,False,,Screenshot 2025-09-17 175322
kaggle_fake_real_medicine,kaggle_fake_real\dataset\Fake\Screenshot 2025-09-17 175354.png,counterfeit,unsplit_pool,335,546,PNG,242365,False,,Screenshot 2025-09-17 175354
kaggle_fake_real_medicine,kaggle_fake_real\dataset\Fake\Screenshot 2025-09-17 175453.png,counterfeit,unsplit_pool,328,333,PNG,133920,False,,Screenshot 2025-09-17 175453
kaggle_fake_real_medicine,kaggle_fake_real\dataset\Fake\Screenshot 2025-09-17 175509.png,counterfeit,unsplit_pool,327,244,PNG,118811,False,,Screenshot 2025-09-17 175509
kaggle_fake_real_medicine,kaggle_fake_real\dataset\Fake\Screenshot 2025-09-17 175527.png,counterfeit,unsplit_pool,747,541,PNG,417777,False,,Screenshot 2025-09-17 175527
kaggle_fake_real_medicine,kaggle_fake_real\dataset\Fake\Screenshot 2025-09-17 175545.png,counterfeit,unsplit_pool,659,518,PNG,376496,False,,Screenshot 2025-09-17 175545
kaggle_fake_real_medicine,kaggle_fake_real\dataset\Fake\Screenshot 2025-09-17 175617.png,counterfeit,unsplit_pool,1056,681,PNG,768018,False,,Screenshot 2025-09-17 175617
kaggle_fake_real_medicine,kaggle_fake_real\dataset\Fake\Screenshot 2025-09-17 175723.png,counterfeit,unsplit_pool,1012,655,PNG,531664,False,,Screenshot 2025-09-17 175723
kaggle_fake_real_medicine,kaggle_fake_real\dataset\Fake\Screenshot 2025-09-17 175736.png,counterfeit,unsplit_pool,922,607,PNG,557680,False,,Screenshot 2025-09-17 175736
kaggle_fake_real_medicine,kaggle_fake_real\dataset\Fake\Screenshot 2025-09-17 175749.png,counterfeit,unsplit_pool,961,634,PNG,774351,False,,Screenshot 2025-09-17 175749
kaggle_fake_real_medicine,kaggle_fake_real\dataset\Fake\Screenshot 2025-09-17 175833.png,counterfeit,unsplit_pool,587,738,PNG,697012,False,,Screenshot 2025-09-17 175833
kaggle_fake_real_medicine,kaggle_fake_real\dataset\Fake\Screenshot 2025-09-17 175847.png,counterfeit,unsplit_pool,621,744,PNG,652077,False,,Screenshot 2025-09-17 175847
kaggle_fake_real_medicine,kaggle_fake_real\dataset\Fake\Screenshot 2025-09-17 175938.png,counterfeit,unsplit_pool,451,674,PNG,345034,False,,Screenshot 2025-09-17 175938
kaggle_fake_real_medicine,kaggle_fake_real\dataset\Fake\Screenshot 2025-09-17 175957.png,counterfeit,unsplit_pool,437,686,PNG,258780,False,,Screenshot 2025-09-17 175957
kaggle_fake_real_medicine,kaggle_fake_real\dataset\Fake\Screenshot 2025-09-17 180036.png,counterfeit,unsplit_pool,422,644,PNG,389602,False,,Screenshot 2025-09-17 180036
kaggle_fake_real_medicine,kaggle_fake_real\dataset\Fake\Screenshot 2025-09-17 180052.png,counterfeit,unsplit_pool,391,637,PNG,400072,False,,Screenshot 2025-09-17 180052
kaggle_fake_real_medicine,kaggle_fake_real\dataset\Fake\Screenshot 2025-09-17 180106.png,counterfeit,unsplit_pool,552,633,PNG,472370,False,,Screenshot 2025-09-17 180106
kaggle_fake_real_medicine,kaggle_fake_real\dataset\Fake\Screenshot 2025-09-17 180119.png,counterfeit,unsplit_pool,555,654,PNG,488632,False,,Screenshot 2025-09-17 180119
kaggle_fake_real_medicine,kaggle_fake_real\dataset\Fake\Screenshot 2025-09-17 180132.png,counterfeit,unsplit_pool,855,629,PNG,667321,False,,Screenshot 2025-09-17 180132
kaggle_fake_real_medicine,kaggle_fake_real\dataset\Fake\Screenshot 2025-09-17 180146.png,counterfeit,unsplit_pool,829,626,PNG,608228,False,,Screenshot 2025-09-17 180146
kaggle_fake_real_medicine,kaggle_fake_real\dataset\Fake\Screenshot 2025-09-17 180157.png,counterfeit,unsplit_pool,565,589,PNG,422001,False,,Screenshot 2025-09-17 180157
kaggle_fake_real_medicine,kaggle_fake_real\dataset\Fake\Screenshot 2025-09-17 180208.png,counterfeit,unsplit_pool,504,595,PNG,408563,False,,Screenshot 2025-09-17 180208
kaggle_fake_real_medicine,kaggle_fake_real\dataset\Fake\Screenshot 2025-09-17 180223.png,counterfeit,unsplit_pool,370,589,PNG,350215,False,,Screenshot 2025-09-17 180223
kaggle_fake_real_medicine,kaggle_fake_real\dataset\Fake\Screenshot 2025-09-17 180304.png,counterfeit,unsplit_pool,472,736,PNG,471566,False,,Screenshot 2025-09-17 180304
kaggle_fake_real_medicine,kaggle_fake_real\dataset\Fake\Screenshot 2025-09-17 180322.png,counterfeit,unsplit_pool,453,723,PNG,586600,False,,Screenshot 2025-09-17 180322
kaggle_fake_real_medicine,kaggle_fake_real\dataset\Fake\Screenshot 2025-09-17 180440.png,counterfeit,unsplit_pool,551,711,PNG,479991,False,,Screenshot 2025-09-17 180440
kaggle_fake_real_medicine,kaggle_fake_real\dataset\Fake\Screenshot 2025-09-17 180452.png,counterfeit,unsplit_pool,491,718,PNG,328424,False,,Screenshot 2025-09-17 180452
kaggle_fake_real_medicine,kaggle_fake_real\dataset\Fake\Screenshot 2025-09-17 180506.png,counterfeit,unsplit_pool,454,700,PNG,438653,False,,Screenshot 2025-09-17 180506
kaggle_fake_real_medicine,kaggle_fake_real\dataset\Fake\Screenshot 2025-09-17 180529.png,counterfeit,unsplit_pool,324,295,PNG,29696,True,not_a_medicine_photo_browser_screenshot,Screenshot 2025-09-17 180529
kaggle_fake_real_medicine,kaggle_fake_real\dataset\Fake\Screenshot 2025-09-17 180548.png,counterfeit,unsplit_pool,440,684,PNG,468346,False,,Screenshot 2025-09-17 180548
kaggle_fake_real_medicine,kaggle_fake_real\dataset\Fake\Screenshot 2025-09-17 180616.png,counterfeit,unsplit_pool,667,611,PNG,263560,False,,Screenshot 2025-09-17 180616
kaggle_fake_real_medicine,kaggle_fake_real\dataset\Fake\Screenshot 2025-09-17 180631.png,counterfeit,unsplit_pool,629,613,PNG,282106,False,,Screenshot 2025-09-17 180631
kaggle_fake_real_medicine,kaggle_fake_real\dataset\Fake\Screenshot 2025-09-17 180704.png,counterfeit,unsplit_pool,532,694,PNG,499292,False,,Screenshot 2025-09-17 180704
kaggle_fake_real_medicine,kaggle_fake_real\dataset\Fake\Screenshot 2025-09-17 180714.png,counterfeit,unsplit_pool,498,719,PNG,458678,False,,Screenshot 2025-09-17 180714
kaggle_fake_real_medicine,kaggle_fake_real\dataset\Fake\Screenshot 2025-09-17 180738.png,counterfeit,unsplit_pool,327,482,PNG,222377,False,,Screenshot 2025-09-17 180738
kaggle_fake_real_medicine,kaggle_fake_real\dataset\Fake\Screenshot 2025-09-17 180755.png,counterfeit,unsplit_pool,414,613,PNG,336505,False,,Screenshot 2025-09-17 180755
kaggle_fake_real_medicine,kaggle_fake_real\dataset\Fake\Screenshot 2025-09-17 180820.png,counterfeit,unsplit_pool,287,551,PNG,250893,False,,Screenshot 2025-09-17 180820
kaggle_fake_real_medicine,kaggle_fake_real\dataset\Fake\Screenshot 2025-09-17 180831.png,counterfeit,unsplit_pool,305,552,PNG,352272,False,,Screenshot 2025-09-17 180831
kaggle_fake_real_medicine,kaggle_fake_real\dataset\Fake\Screenshot 2025-09-17 180900.png,counterfeit,unsplit_pool,274,582,PNG,345587,False,,Screenshot 2025-09-17 180900
kaggle_fake_real_medicine,kaggle_fake_real\dataset\Fake\Screenshot 2025-09-17 180914.png,counterfeit,unsplit_pool,276,596,PNG,310139,False,,Screenshot 2025-09-17 180914
kaggle_fake_real_medicine,kaggle_fake_real\dataset\Fake\Screenshot 2025-09-17 181023.png,counterfeit,unsplit_pool,480,523,PNG,383952,False,,Screenshot 2025-09-17 181023
kaggle_fake_real_medicine,kaggle_fake_real\dataset\Fake\Screenshot 2025-09-17 181033.png,counterfeit,unsplit_pool,472,518,PNG,358051,False,,Screenshot 2025-09-17 181033
kaggle_fake_real_medicine,kaggle_fake_real\dataset\Fake\Screenshot 2025-09-17 181046.png,counterfeit,unsplit_pool,497,530,PNG,404678,False,,Screenshot 2025-09-17 181046
kaggle_fake_real_medicine,kaggle_fake_real\dataset\Fake\Screenshot 2025-09-17 181100.png,counterfeit,unsplit_pool,513,541,PNG,379970,False,,Screenshot 2025-09-17 181100
kaggle_fake_real_medicine,kaggle_fake_real\dataset\Fake\Screenshot 2025-09-17 181154.png,counterfeit,unsplit_pool,464,723,PNG,628291,False,,Screenshot 2025-09-17 181154
kaggle_fake_real_medicine,kaggle_fake_real\dataset\Fake\Screenshot 2025-09-17 181208.png,counterfeit,unsplit_pool,494,739,PNG,712299,False,,Screenshot 2025-09-17 181208
kaggle_fake_real_medicine,kaggle_fake_real\dataset\Fake\Screenshot 2025-09-17 181249.png,counterfeit,unsplit_pool,360,541,PNG,332855,False,,Screenshot 2025-09-17 181249
kaggle_fake_real_medicine,kaggle_fake_real\dataset\Fake\Screenshot 2025-09-17 181305.png,counterfeit,unsplit_pool,343,519,PNG,266877,False,,Screenshot 2025-09-17 181305
kaggle_fake_real_medicine,kaggle_fake_real\dataset\Fake\Screenshot 2025-09-17 181320.png,counterfeit,unsplit_pool,337,517,PNG,307005,False,,Screenshot 2025-09-17 181320
kaggle_fake_real_medicine,kaggle_fake_real\dataset\Fake\Screenshot 2025-09-17 181403.png,counterfeit,unsplit_pool,339,498,PNG,266521,False,,Screenshot 2025-09-17 181403
kaggle_fake_real_medicine,kaggle_fake_real\dataset\Fake\Screenshot 2025-09-17 181623.png,counterfeit,unsplit_pool,518,767,PNG,562442,False,,Screenshot 2025-09-17 181623
kaggle_fake_real_medicine,kaggle_fake_real\dataset\Fake\Screenshot 2025-09-17 181642.png,counterfeit,unsplit_pool,589,778,PNG,595535,False,,Screenshot 2025-09-17 181642
kaggle_fake_real_medicine,kaggle_fake_real\dataset\Fake\Screenshot 2025-09-17 181712.png,counterfeit,unsplit_pool,289,683,PNG,155907,False,,Screenshot 2025-09-17 181712
kaggle_fake_real_medicine,kaggle_fake_real\dataset\Fake\Screenshot 2025-09-17 181729.png,counterfeit,unsplit_pool,895,514,PNG,328739,False,,Screenshot 2025-09-17 181729
kaggle_fake_real_medicine,kaggle_fake_real\dataset\Fake\Screenshot 2025-09-17 181739.png,counterfeit,unsplit_pool,429,621,PNG,387525,False,,Screenshot 2025-09-17 181739
kaggle_fake_real_medicine,kaggle_fake_real\dataset\Fake\Screenshot 2025-09-17 181806.png,counterfeit,unsplit_pool,860,499,PNG,420240,False,,Screenshot 2025-09-17 181806
kaggle_fake_real_medicine,kaggle_fake_real\dataset\Fake\Screenshot 2025-09-17 181821.png,counterfeit,unsplit_pool,436,668,PNG,295024,False,,Screenshot 2025-09-17 181821
kaggle_fake_real_medicine,kaggle_fake_real\dataset\Fake\Screenshot 2025-09-17 181900.png,counterfeit,unsplit_pool,794,488,PNG,404113,False,,Screenshot 2025-09-17 181900
kaggle_fake_real_medicine,kaggle_fake_real\dataset\Fake\Screenshot 2025-09-17 181918.png,counterfeit,unsplit_pool,463,779,PNG,352632,False,,Screenshot 2025-09-17 181918
kaggle_fake_real_medicine,kaggle_fake_real\dataset\Fake\Screenshot 2025-09-17 181935.png,counterfeit,unsplit_pool,431,734,PNG,249742,False,,Screenshot 2025-09-17 181935
kaggle_fake_real_medicine,kaggle_fake_real\dataset\Fake\Screenshot 2025-09-17 181949.png,counterfeit,unsplit_pool,996,387,PNG,318218,False,,Screenshot 2025-09-17 181949
kaggle_fake_real_medicine,kaggle_fake_real\dataset\Fake\Screenshot 2025-09-17 182524.png,counterfeit,unsplit_pool,767,457,PNG,388415,False,,Screenshot 2025-09-17 182524
kaggle_fake_real_medicine,kaggle_fake_real\dataset\Fake\Screenshot 2025-09-17 182551.png,counterfeit,unsplit_pool,814,444,PNG,466308,False,,Screenshot 2025-09-17 182551
kaggle_fake_real_medicine,kaggle_fake_real\dataset\Fake\Screenshot 2025-09-17 182616.png,counterfeit,unsplit_pool,675,648,PNG,498892,False,,Screenshot 2025-09-17 182616
kaggle_fake_real_medicine,kaggle_fake_real\dataset\Fake\Screenshot 2025-09-17 182631.png,counterfeit,unsplit_pool,587,324,PNG,256090,False,,Screenshot 2025-09-17 182631
kaggle_fake_real_medicine,kaggle_fake_real\dataset\Fake\Screenshot 2025-09-17 182646.png,counterfeit,unsplit_pool,591,334,PNG,298731,False,,Screenshot 2025-09-17 182646
kaggle_fake_real_medicine,kaggle_fake_real\dataset\Fake\Screenshot 2025-09-17 182721.png,counterfeit,unsplit_pool,840,443,PNG,249402,False,,Screenshot 2025-09-17 182721
kaggle_fake_real_medicine,kaggle_fake_real\dataset\Fake\Screenshot 2025-09-17 182741.png,counterfeit,unsplit_pool,818,384,PNG,288658,False,,Screenshot 2025-09-17 182741
kaggle_fake_real_medicine,kaggle_fake_real\dataset\Fake\Screenshot 2025-09-17 182752.png,counterfeit,unsplit_pool,200,501,PNG,142784,False,,Screenshot 2025-09-17 182752
kaggle_fake_real_medicine,kaggle_fake_real\dataset\Fake\Screenshot 2025-09-17 182825.png,counterfeit,unsplit_pool,458,745,PNG,522375,False,,Screenshot 2025-09-17 182825
kaggle_fake_real_medicine,kaggle_fake_real\dataset\Fake\Screenshot 2025-09-17 182845.png,counterfeit,unsplit_pool,468,719,PNG,442605,False,,Screenshot 2025-09-17 182845
kaggle_fake_real_medicine,kaggle_fake_real\dataset\Fake\Screenshot 2025-09-17 182902.png,counterfeit,unsplit_pool,450,722,PNG,430982,False,,Screenshot 2025-09-17 182902
kaggle_fake_real_medicine,kaggle_fake_real\dataset\Fake\Screenshot 2025-09-17 182916.png,counterfeit,unsplit_pool,426,697,PNG,374313,False,,Screenshot 2025-09-17 182916
kaggle_fake_real_medicine,kaggle_fake_real\dataset\Fake\Screenshot 2025-09-17 182939.png,counterfeit,unsplit_pool,604,390,PNG,192017,False,,Screenshot 2025-09-17 182939
kaggle_fake_real_medicine,kaggle_fake_real\dataset\Fake\Screenshot 2025-09-17 182951.png,counterfeit,unsplit_pool,616,412,PNG,260108,False,,Screenshot 2025-09-17 182951
kaggle_fake_real_medicine,kaggle_fake_real\dataset\Fake\Screenshot 2025-09-17 183005.png,counterfeit,unsplit_pool,690,434,PNG,434582,False,,Screenshot 2025-09-17 183005
kaggle_fake_real_medicine,kaggle_fake_real\dataset\Fake\Screenshot 2025-09-17 183015.png,counterfeit,unsplit_pool,638,425,PNG,331055,False,,Screenshot 2025-09-17 183015
kaggle_fake_real_medicine,kaggle_fake_real\dataset\Fake\Screenshot 2025-09-17 183039.png,counterfeit,unsplit_pool,530,663,PNG,532334,False,,Screenshot 2025-09-17 183039
kaggle_fake_real_medicine,kaggle_fake_real\dataset\Fake\Screenshot 2025-09-17 183148.png,counterfeit,unsplit_pool,313,805,PNG,270024,False,,Screenshot 2025-09-17 183148
kaggle_fake_real_medicine,kaggle_fake_real\dataset\Fake\Screenshot 2025-09-17 183214.png,counterfeit,unsplit_pool,840,691,PNG,582793,False,,Screenshot 2025-09-17 183214
kaggle_fake_real_medicine,kaggle_fake_real\dataset\Fake\Screenshot 2025-09-17 183232.png,counterfeit,unsplit_pool,853,689,PNG,642179,False,,Screenshot 2025-09-17 183232
kaggle_fake_real_medicine,kaggle_fake_real\dataset\Fake\Screenshot 2025-09-17 183249.png,counterfeit,unsplit_pool,831,251,PNG,275570,False,,Screenshot 2025-09-17 183249
kaggle_fake_real_medicine,kaggle_fake_real\dataset\Fake\Screenshot 2025-09-17 183304.png,counterfeit,unsplit_pool,828,256,PNG,282703,False,,Screenshot 2025-09-17 183304
kaggle_fake_real_medicine,kaggle_fake_real\dataset\Fake\Screenshot 2025-09-17 183339.png,counterfeit,unsplit_pool,398,684,PNG,310427,False,,Screenshot 2025-09-17 183339
kaggle_fake_real_medicine,kaggle_fake_real\dataset\Fake\Screenshot 2025-09-17 183358.png,counterfeit,unsplit_pool,821,421,PNG,385239,False,,Screenshot 2025-09-17 183358
kaggle_fake_real_medicine,kaggle_fake_real\dataset\Fake\Screenshot 2025-09-17 183420.png,counterfeit,unsplit_pool,396,699,PNG,431012,False,,Screenshot 2025-09-17 183420
kaggle_fake_real_medicine,kaggle_fake_real\dataset\Fake\Screenshot 2025-09-17 183436.png,counterfeit,unsplit_pool,660,493,PNG,486430,False,,Screenshot 2025-09-17 183436
kaggle_fake_real_medicine,kaggle_fake_real\dataset\Fake\Screenshot 2025-09-17 183451.png,counterfeit,unsplit_pool,824,471,PNG,367582,False,,Screenshot 2025-09-17 183451
kaggle_fake_real_medicine,kaggle_fake_real\dataset\Fake\Screenshot 2025-09-17 183521.png,counterfeit,unsplit_pool,426,576,PNG,384978,False,,Screenshot 2025-09-17 183521
kaggle_fake_real_medicine,kaggle_fake_real\dataset\Fake\Screenshot 2025-09-17 183535.png,counterfeit,unsplit_pool,406,550,PNG,372929,False,,Screenshot 2025-09-17 183535
kaggle_fake_real_medicine,kaggle_fake_real\dataset\Fake\Screenshot 2025-09-17 183651.png,counterfeit,unsplit_pool,303,561,PNG,199541,False,,Screenshot 2025-09-17 183651
kaggle_fake_real_medicine,kaggle_fake_real\dataset\Fake\Screenshot 2025-09-17 183703.png,counterfeit,unsplit_pool,417,549,PNG,235295,False,,Screenshot 2025-09-17 183703
kaggle_fake_real_medicine,kaggle_fake_real\dataset\Fake\Screenshot 2025-09-17 183719.png,counterfeit,unsplit_pool,327,537,PNG,256862,False,,Screenshot 2025-09-17 183719
kaggle_fake_real_medicine,kaggle_fake_real\dataset\Fake\Screenshot 2025-09-17 183734.png,counterfeit,unsplit_pool,349,559,PNG,263865,False,,Screenshot 2025-09-17 183734
kaggle_fake_real_medicine,kaggle_fake_real\dataset\Fake\Screenshot 2025-09-17 183746.png,counterfeit,unsplit_pool,401,564,PNG,320379,False,,Screenshot 2025-09-17 183746
kaggle_fake_real_medicine,kaggle_fake_real\dataset\Fake\Screenshot 2025-09-17 183814.png,counterfeit,unsplit_pool,867,337,PNG,250074,False,,Screenshot 2025-09-17 183814
kaggle_fake_real_medicine,kaggle_fake_real\dataset\Fake\Screenshot 2025-09-17 183824.png,counterfeit,unsplit_pool,361,630,PNG,191450,False,,Screenshot 2025-09-17 183824
kaggle_fake_real_medicine,kaggle_fake_real\dataset\Fake\Screenshot 2025-09-17 183838.png,counterfeit,unsplit_pool,378,641,PNG,256041,False,,Screenshot 2025-09-17 183838
kaggle_fake_real_medicine,kaggle_fake_real\dataset\Fake\Screenshot 2025-09-17 183849.png,counterfeit,unsplit_pool,652,387,PNG,292394,False,,Screenshot 2025-09-17 183849
kaggle_fake_real_medicine,kaggle_fake_real\dataset\Fake\Screenshot 2025-09-17 183919.png,counterfeit,unsplit_pool,354,482,PNG,286909,False,,Screenshot 2025-09-17 183919
kaggle_fake_real_medicine,kaggle_fake_real\dataset\Fake\Screenshot 2025-09-17 183931.png,counterfeit,unsplit_pool,339,480,PNG,260553,False,,Screenshot 2025-09-17 183931
kaggle_fake_real_medicine,kaggle_fake_real\dataset\Fake\Screenshot 2025-09-17 183954.png,counterfeit,unsplit_pool,446,730,PNG,684150,False,,Screenshot 2025-09-17 183954
kaggle_fake_real_medicine,kaggle_fake_real\dataset\Fake\Screenshot 2025-09-17 184040.png,counterfeit,unsplit_pool,875,538,PNG,416737,False,,Screenshot 2025-09-17 184040
kaggle_fake_real_medicine,kaggle_fake_real\dataset\Fake\Screenshot 2025-09-17 184051.png,counterfeit,unsplit_pool,400,610,PNG,308637,False,,Screenshot 2025-09-17 184051
kaggle_fake_real_medicine,kaggle_fake_real\dataset\Fake\Screenshot 2025-09-17 184104.png,counterfeit,unsplit_pool,591,520,PNG,207283,False,,Screenshot 2025-09-17 184104
kaggle_fake_real_medicine,kaggle_fake_real\dataset\Fake\Screenshot 2025-09-17 184149.png,counterfeit,unsplit_pool,528,736,PNG,470953,False,,Screenshot 2025-09-17 184149
kaggle_fake_real_medicine,kaggle_fake_real\dataset\Fake\Screenshot 2025-09-17 184219.png,counterfeit,unsplit_pool,501,721,PNG,660360,False,,Screenshot 2025-09-17 184219
kaggle_fake_real_medicine,kaggle_fake_real\dataset\Fake\Screenshot 2025-09-17 184308.png,counterfeit,unsplit_pool,480,712,PNG,560204,False,,Screenshot 2025-09-17 184308
kaggle_fake_real_medicine,kaggle_fake_real\dataset\Fake\Screenshot 2025-09-17 184323.png,counterfeit,unsplit_pool,471,710,PNG,596568,False,,Screenshot 2025-09-17 184323
kaggle_fake_real_medicine,kaggle_fake_real\dataset\Fake\Screenshot 2025-09-17 184353.png,counterfeit,unsplit_pool,450,501,PNG,339918,False,,Screenshot 2025-09-17 184353
kaggle_fake_real_medicine,kaggle_fake_real\dataset\Fake\Screenshot 2025-09-17 184403.png,counterfeit,unsplit_pool,408,500,PNG,350355,False,,Screenshot 2025-09-17 184403
kaggle_fake_real_medicine,kaggle_fake_real\dataset\Fake\Screenshot 2025-09-17 184438.png,counterfeit,unsplit_pool,332,464,PNG,197960,False,,Screenshot 2025-09-17 184438
kaggle_fake_real_medicine,kaggle_fake_real\dataset\Fake\Screenshot 2025-09-17 184449.png,counterfeit,unsplit_pool,319,466,PNG,194990,False,,Screenshot 2025-09-17 184449
kaggle_fake_real_medicine,kaggle_fake_real\dataset\Fake\Screenshot 2025-09-17 184523.png,counterfeit,unsplit_pool,451,683,PNG,519366,False,,Screenshot 2025-09-17 184523
kaggle_fake_real_medicine,kaggle_fake_real\dataset\Fake\Screenshot 2025-09-17 184536.png,counterfeit,unsplit_pool,457,697,PNG,593969,False,,Screenshot 2025-09-17 184536
kaggle_fake_real_medicine,kaggle_fake_real\dataset\Fake\Screenshot 2025-09-17 184607.png,counterfeit,unsplit_pool,388,649,PNG,280860,False,,Screenshot 2025-09-17 184607
kaggle_fake_real_medicine,kaggle_fake_real\dataset\Fake\Screenshot 2025-09-17 184622.png,counterfeit,unsplit_pool,429,640,PNG,320437,False,,Screenshot 2025-09-17 184622
kaggle_fake_real_medicine,kaggle_fake_real\dataset\Fake\Screenshot 2025-09-17 184635.png,counterfeit,unsplit_pool,493,293,PNG,179263,False,,Screenshot 2025-09-17 184635
kaggle_fake_real_medicine,kaggle_fake_real\dataset\Fake\Screenshot 2025-09-17 184649.png,counterfeit,unsplit_pool,547,314,PNG,250314,False,,Screenshot 2025-09-17 184649
kaggle_fake_real_medicine,kaggle_fake_real\dataset\Fake\Screenshot 2025-09-17 184702.png,counterfeit,unsplit_pool,622,301,PNG,209742,False,,Screenshot 2025-09-17 184702
kaggle_fake_real_medicine,kaggle_fake_real\dataset\Fake\Screenshot 2025-09-17 184728.png,counterfeit,unsplit_pool,419,642,PNG,498890,False,,Screenshot 2025-09-17 184728
kaggle_fake_real_medicine,kaggle_fake_real\dataset\Fake\Screenshot 2025-09-17 184740.png,counterfeit,unsplit_pool,407,617,PNG,441385,False,,Screenshot 2025-09-17 184740
kaggle_fake_real_medicine,kaggle_fake_real\dataset\Fake\Screenshot 2025-09-17 184809.png,counterfeit,unsplit_pool,556,515,PNG,508261,False,,Screenshot 2025-09-17 184809
kaggle_fake_real_medicine,kaggle_fake_real\dataset\Fake\Screenshot 2025-09-17 184818.png,counterfeit,unsplit_pool,540,504,PNG,347677,False,,Screenshot 2025-09-17 184818
kaggle_fake_real_medicine,kaggle_fake_real\dataset\Fake\Screenshot 2025-09-17 184830.png,counterfeit,unsplit_pool,358,550,PNG,299889,False,,Screenshot 2025-09-17 184830
kaggle_fake_real_medicine,kaggle_fake_real\dataset\Fake\Screenshot 2025-09-17 184843.png,counterfeit,unsplit_pool,366,544,PNG,335718,False,,Screenshot 2025-09-17 184843
kaggle_fake_real_medicine,kaggle_fake_real\dataset\Fake\Screenshot 2025-09-17 184936.png,counterfeit,unsplit_pool,517,451,PNG,30511,False,,Screenshot 2025-09-17 184936
kaggle_fake_real_medicine,kaggle_fake_real\dataset\Fake\Screenshot 2025-09-17 184945.png,counterfeit,unsplit_pool,741,421,PNG,37863,False,,Screenshot 2025-09-17 184945
kaggle_fake_real_medicine,kaggle_fake_real\dataset\Fake\Screenshot 2025-09-17 184957.png,counterfeit,unsplit_pool,294,484,PNG,47766,False,,Screenshot 2025-09-17 184957
kaggle_fake_real_medicine,kaggle_fake_real\dataset\Fake\Screenshot 2025-09-17 185007.png,counterfeit,unsplit_pool,298,215,PNG,31827,False,,Screenshot 2025-09-17 185007
kaggle_fake_real_medicine,kaggle_fake_real\dataset\Fake\Screenshot 2025-09-17 185018.png,counterfeit,unsplit_pool,344,215,PNG,29996,False,,Screenshot 2025-09-17 185018
kaggle_fake_real_medicine,kaggle_fake_real\dataset\Fake\Screenshot 2025-09-17 185753.png,counterfeit,unsplit_pool,459,731,PNG,143816,False,,Screenshot 2025-09-17 185753
kaggle_fake_real_medicine,kaggle_fake_real\dataset\Fake\Screenshot 2025-09-17 190839.png,counterfeit,unsplit_pool,427,703,PNG,172723,False,,Screenshot 2025-09-17 190839
kaggle_fake_real_medicine,kaggle_fake_real\dataset\Fake\Screenshot 2025-09-17 190900.png,counterfeit,unsplit_pool,834,387,PNG,134724,False,,Screenshot 2025-09-17 190900
kaggle_fake_real_medicine,kaggle_fake_real\dataset\Fake\Screenshot 2025-09-17 190918.png,counterfeit,unsplit_pool,765,375,PNG,147950,False,,Screenshot 2025-09-17 190918
kaggle_fake_real_medicine,kaggle_fake_real\dataset\Fake\Screenshot 2025-09-17 190932.png,counterfeit,unsplit_pool,456,339,PNG,110912,False,,Screenshot 2025-09-17 190932
kaggle_fake_real_medicine,kaggle_fake_real\dataset\Fake\Screenshot 2025-09-17 190943.png,counterfeit,unsplit_pool,426,356,PNG,107648,False,,Screenshot 2025-09-17 190943
kaggle_fake_real_medicine,kaggle_fake_real\dataset\Fake\Screenshot 2025-09-17 190956.png,counterfeit,unsplit_pool,491,401,PNG,54277,True,loose_pills_no_packaging_visible,Screenshot 2025-09-17 190956
kaggle_fake_real_medicine,kaggle_fake_real\dataset\Fake\Screenshot 2025-09-17 191148.png,counterfeit,unsplit_pool,543,543,PNG,611058,False,,Screenshot 2025-09-17 191148
kaggle_fake_real_medicine,kaggle_fake_real\dataset\Fake\Screenshot 2025-09-17 191200.png,counterfeit,unsplit_pool,586,560,PNG,774845,False,,Screenshot 2025-09-17 191200
kaggle_fake_real_medicine,kaggle_fake_real\dataset\Fake\Screenshot 2025-09-17 191223.png,counterfeit,unsplit_pool,468,714,PNG,590760,False,,Screenshot 2025-09-17 191223
kaggle_fake_real_medicine,kaggle_fake_real\dataset\Fake\Screenshot 2025-09-17 191251.png,counterfeit,unsplit_pool,472,714,PNG,602444,False,,Screenshot 2025-09-17 191251
kaggle_fake_real_medicine,kaggle_fake_real\dataset\Fake\Screenshot 2025-09-17 191308.png,counterfeit,unsplit_pool,455,717,PNG,586372,False,,Screenshot 2025-09-17 191308
kaggle_fake_real_medicine,kaggle_fake_real\dataset\Fake\Screenshot 2025-09-17 191346.png,counterfeit,unsplit_pool,1106,346,PNG,296142,False,,Screenshot 2025-09-17 191346
kaggle_fake_real_medicine,kaggle_fake_real\dataset\Fake\Screenshot 2025-09-17 191358.png,counterfeit,unsplit_pool,377,607,PNG,231877,False,,Screenshot 2025-09-17 191358
kaggle_fake_real_medicine,kaggle_fake_real\dataset\Fake\Screenshot 2025-09-17 191737.png,counterfeit,unsplit_pool,349,520,PNG,261666,False,,Screenshot 2025-09-17 191737
kaggle_fake_real_medicine,kaggle_fake_real\dataset\Fake\Screenshot 2025-09-17 191750.png,counterfeit,unsplit_pool,814,470,PNG,407534,False,,Screenshot 2025-09-17 191750
kaggle_fake_real_medicine,kaggle_fake_real\dataset\Fake\Screenshot 2025-09-17 191818.png,counterfeit,unsplit_pool,604,745,PNG,345823,False,,Screenshot 2025-09-17 191818
kaggle_fake_real_medicine,kaggle_fake_real\dataset\Fake\Screenshot 2025-09-17 191833.png,counterfeit,unsplit_pool,588,706,PNG,385476,False,,Screenshot 2025-09-17 191833
kaggle_fake_real_medicine,kaggle_fake_real\dataset\Fake\Screenshot 2025-09-17 191903.png,counterfeit,unsplit_pool,423,552,PNG,351030,False,,Screenshot 2025-09-17 191903
kaggle_fake_real_medicine,kaggle_fake_real\dataset\Fake\Screenshot 2025-09-17 191920.png,counterfeit,unsplit_pool,425,542,PNG,280397,False,,Screenshot 2025-09-17 191920
kaggle_fake_real_medicine,kaggle_fake_real\dataset\Fake\Screenshot 2025-09-17 191940.png,counterfeit,unsplit_pool,390,618,PNG,249414,False,,Screenshot 2025-09-17 191940
kaggle_fake_real_medicine,kaggle_fake_real\dataset\Fake\Screenshot 2025-09-17 191959.png,counterfeit,unsplit_pool,395,613,PNG,380034,False,,Screenshot 2025-09-17 191959
kaggle_fake_real_medicine,kaggle_fake_real\dataset\Fake\Screenshot 2025-09-17 192042.png,counterfeit,unsplit_pool,483,647,PNG,426123,False,,Screenshot 2025-09-17 192042
kaggle_fake_real_medicine,kaggle_fake_real\dataset\Fake\Screenshot 2025-09-17 192053.png,counterfeit,unsplit_pool,464,674,PNG,551848,False,,Screenshot 2025-09-17 192053
kaggle_fake_real_medicine,kaggle_fake_real\dataset\Fake\Screenshot 2025-09-17 192129.png,counterfeit,unsplit_pool,497,537,PNG,402876,False,,Screenshot 2025-09-17 192129
kaggle_fake_real_medicine,kaggle_fake_real\dataset\Fake\Screenshot 2025-09-17 192142.png,counterfeit,unsplit_pool,496,555,PNG,588226,False,,Screenshot 2025-09-17 192142
kaggle_fake_real_medicine,kaggle_fake_real\dataset\Fake\Screenshot 2025-09-17 192244.png,counterfeit,unsplit_pool,579,773,PNG,608274,False,,Screenshot 2025-09-17 192244
kaggle_fake_real_medicine,kaggle_fake_real\dataset\Fake\Screenshot 2025-09-17 192306.png,counterfeit,unsplit_pool,588,763,PNG,608545,False,,Screenshot 2025-09-17 192306
kaggle_fake_real_medicine,kaggle_fake_real\dataset\Fake\Screenshot 2025-09-17 192318.png,counterfeit,unsplit_pool,572,783,PNG,650419,False,,Screenshot 2025-09-17 192318
kaggle_fake_real_medicine,kaggle_fake_real\dataset\Fake\Screenshot 2025-09-17 192328.png,counterfeit,unsplit_pool,575,749,PNG,522519,False,,Screenshot 2025-09-17 192328
kaggle_fake_real_medicine,kaggle_fake_real\dataset\Fake\Screenshot 2025-09-17 192426.png,counterfeit,unsplit_pool,447,194,PNG,28906,False,,Screenshot 2025-09-17 192426
kaggle_fake_real_medicine,kaggle_fake_real\dataset\Fake\Screenshot 2025-09-17 192445.png,counterfeit,unsplit_pool,356,204,PNG,30792,False,,Screenshot 2025-09-17 192445
kaggle_fake_real_medicine,kaggle_fake_real\dataset\Fake\Screenshot 2025-09-17 192504.png,counterfeit,unsplit_pool,385,207,PNG,27271,False,,Screenshot 2025-09-17 192504
kaggle_fake_real_medicine,kaggle_fake_real\dataset\Fake\Screenshot 2025-09-17 192515.png,counterfeit,unsplit_pool,405,197,PNG,31886,False,,Screenshot 2025-09-17 192515
kaggle_fake_real_medicine,kaggle_fake_real\dataset\Fake\Screenshot 2025-09-17 192525.png,counterfeit,unsplit_pool,417,199,PNG,26550,False,,Screenshot 2025-09-17 192525
kaggle_fake_real_medicine,kaggle_fake_real\dataset\Fake\Screenshot 2025-09-17 192555.png,counterfeit,unsplit_pool,431,560,PNG,377383,False,,Screenshot 2025-09-17 192555
kaggle_fake_real_medicine,kaggle_fake_real\dataset\Fake\Screenshot 2025-09-17 192605.png,counterfeit,unsplit_pool,426,560,PNG,362595,False,,Screenshot 2025-09-17 192605
kaggle_fake_real_medicine,kaggle_fake_real\dataset\Fake\Screenshot 2025-09-17 192628.png,counterfeit,unsplit_pool,336,160,PNG,106795,False,,Screenshot 2025-09-17 192628
kaggle_fake_real_medicine,kaggle_fake_real\dataset\Fake\Screenshot 2025-09-17 192641.png,counterfeit,unsplit_pool,317,260,PNG,168064,False,,Screenshot 2025-09-17 192641
kaggle_fake_real_medicine,kaggle_fake_real\dataset\Fake\Screenshot 2025-09-17 192708.png,counterfeit,unsplit_pool,479,320,PNG,186743,False,,Screenshot 2025-09-17 192708
kaggle_fake_real_medicine,kaggle_fake_real\dataset\Fake\Screenshot 2025-09-17 192722.png,counterfeit,unsplit_pool,402,303,PNG,154446,False,,Screenshot 2025-09-17 192722
kaggle_fake_real_medicine,kaggle_fake_real\dataset\Fake\Screenshot 2025-09-17 192735.png,counterfeit,unsplit_pool,246,446,PNG,119385,False,,Screenshot 2025-09-17 192735
kaggle_fake_real_medicine,kaggle_fake_real\dataset\Fake\Screenshot 2025-09-17 192750.png,counterfeit,unsplit_pool,308,405,PNG,146690,False,,Screenshot 2025-09-17 192750
kaggle_fake_real_medicine,kaggle_fake_real\dataset\Fake\Screenshot 2025-09-17 192842.png,counterfeit,unsplit_pool,379,574,PNG,220475,False,,Screenshot 2025-09-17 192842
kaggle_fake_real_medicine,kaggle_fake_real\dataset\Fake\Screenshot 2025-09-17 192859.png,counterfeit,unsplit_pool,350,602,PNG,186425,False,,Screenshot 2025-09-17 192859
kaggle_fake_real_medicine,kaggle_fake_real\dataset\Fake\Screenshot 2025-09-17 192938.png,counterfeit,unsplit_pool,481,296,PNG,206676,False,,Screenshot 2025-09-17 192938
kaggle_fake_real_medicine,kaggle_fake_real\dataset\Fake\Screenshot 2025-09-17 192948.png,counterfeit,unsplit_pool,511,257,PNG,114934,False,,Screenshot 2025-09-17 192948
kaggle_fake_real_medicine,kaggle_fake_real\dataset\Fake\Screenshot 2025-09-17 193010.png,counterfeit,unsplit_pool,300,494,PNG,133682,False,,Screenshot 2025-09-17 193010
kaggle_fake_real_medicine,kaggle_fake_real\dataset\Fake\Screenshot 2025-09-17 193220.png,counterfeit,unsplit_pool,397,301,PNG,137313,False,,Screenshot 2025-09-17 193220
kaggle_fake_real_medicine,kaggle_fake_real\dataset\Fake\Screenshot 2025-09-17 193233.png,counterfeit,unsplit_pool,456,303,PNG,197708,False,,Screenshot 2025-09-17 193233
kaggle_fake_real_medicine,kaggle_fake_real\dataset\Fake\Screenshot 2025-09-17 193246.png,counterfeit,unsplit_pool,304,490,PNG,133106,False,,Screenshot 2025-09-17 193246
kaggle_fake_real_medicine,kaggle_fake_real\dataset\Fake\Screenshot 2025-09-17 193345.png,counterfeit,unsplit_pool,350,269,PNG,101185,False,,Screenshot 2025-09-17 193345
kaggle_fake_real_medicine,kaggle_fake_real\dataset\Fake\Screenshot 2025-09-17 193356.png,counterfeit,unsplit_pool,220,278,PNG,111125,False,,Screenshot 2025-09-17 193356
kaggle_fake_real_medicine,kaggle_fake_real\dataset\Fake\Screenshot 2025-09-17 193406.png,counterfeit,unsplit_pool,394,259,PNG,143291,False,,Screenshot 2025-09-17 193406
kaggle_fake_real_medicine,kaggle_fake_real\dataset\Fake\Screenshot 2025-09-17 193416.png,counterfeit,unsplit_pool,206,269,PNG,86806,False,,Screenshot 2025-09-17 193416
kaggle_fake_real_medicine,kaggle_fake_real\dataset\Fake\Screenshot 2025-09-17 193433.png,counterfeit,unsplit_pool,363,552,PNG,367029,False,,Screenshot 2025-09-17 193433
kaggle_fake_real_medicine,kaggle_fake_real\dataset\Fake\Screenshot 2025-09-17 193443.png,counterfeit,unsplit_pool,363,568,PNG,389950,False,,Screenshot 2025-09-17 193443
kaggle_fake_real_medicine,kaggle_fake_real\dataset\Fake\Screenshot 2025-09-17 193507.png,counterfeit,unsplit_pool,539,356,PNG,350555,False,,Screenshot 2025-09-17 193507
kaggle_fake_real_medicine,kaggle_fake_real\dataset\Fake\Screenshot 2025-09-17 193532.png,counterfeit,unsplit_pool,833,546,PNG,414715,False,,Screenshot 2025-09-17 193532
kaggle_fake_real_medicine,kaggle_fake_real\dataset\Fake\Screenshot 2025-09-17 193545.png,counterfeit,unsplit_pool,365,240,PNG,116416,False,,Screenshot 2025-09-17 193545
kaggle_fake_real_medicine,kaggle_fake_real\dataset\Fake\Screenshot 2025-09-17 193556.png,counterfeit,unsplit_pool,389,218,PNG,104518,False,,Screenshot 2025-09-17 193556
kaggle_fake_real_medicine,kaggle_fake_real\dataset\Fake\Screenshot 2025-09-17 193608.png,counterfeit,unsplit_pool,473,439,PNG,232781,False,,Screenshot 2025-09-17 193608
kaggle_fake_real_medicine,kaggle_fake_real\dataset\Fake\Screenshot 2025-09-17 193643.png,counterfeit,unsplit_pool,293,664,PNG,309550,False,,Screenshot 2025-09-17 193643
kaggle_fake_real_medicine,kaggle_fake_real\dataset\Fake\Screenshot 2025-09-17 193654.png,counterfeit,unsplit_pool,282,666,PNG,270894,False,,Screenshot 2025-09-17 193654
kaggle_fake_real_medicine,kaggle_fake_real\dataset\Fake\Screenshot 2025-09-17 193719.png,counterfeit,unsplit_pool,408,664,PNG,466252,False,,Screenshot 2025-09-17 193719
kaggle_fake_real_medicine,kaggle_fake_real\dataset\Fake\Screenshot 2025-09-17 193729.png,counterfeit,unsplit_pool,407,668,PNG,445465,False,,Screenshot 2025-09-17 193729
kaggle_fake_real_medicine,kaggle_fake_real\dataset\Fake\Screenshot 2025-09-17 193759.png,counterfeit,unsplit_pool,740,401,PNG,387362,False,,Screenshot 2025-09-17 193759
kaggle_fake_real_medicine,kaggle_fake_real\dataset\Fake\Screenshot 2025-09-17 193813.png,counterfeit,unsplit_pool,744,391,PNG,375846,False,,Screenshot 2025-09-17 193813
kaggle_fake_real_medicine,kaggle_fake_real\dataset\Fake\Screenshot 2025-09-17 193823.png,counterfeit,unsplit_pool,442,382,PNG,238516,False,,Screenshot 2025-09-17 193823
kaggle_fake_real_medicine,kaggle_fake_real\dataset\Fake\Screenshot 2025-09-17 193846.png,counterfeit,unsplit_pool,433,372,PNG,238988,False,,Screenshot 2025-09-17 193846
kaggle_fake_real_medicine,kaggle_fake_real\dataset\Fake\Screenshot 2025-09-17 193855.png,counterfeit,unsplit_pool,766,383,PNG,387638,False,,Screenshot 2025-09-17 193855
kaggle_fake_real_medicine,kaggle_fake_real\dataset\Fake\Screenshot 2025-09-17 193915.png,counterfeit,unsplit_pool,396,671,PNG,444017,False,,Screenshot 2025-09-17 193915
kaggle_fake_real_medicine,kaggle_fake_real\dataset\Fake\Screenshot 2025-09-17 193931.png,counterfeit,unsplit_pool,403,649,PNG,443938,False,,Screenshot 2025-09-17 193931
kaggle_fake_real_medicine,kaggle_fake_real\dataset\Fake\Screenshot 2025-09-17 194007.png,counterfeit,unsplit_pool,447,699,PNG,332711,False,,Screenshot 2025-09-17 194007
kaggle_fake_real_medicine,kaggle_fake_real\dataset\Fake\Screenshot 2025-09-17 194021.png,counterfeit,unsplit_pool,758,417,PNG,330026,False,,Screenshot 2025-09-17 194021
kaggle_fake_real_medicine,kaggle_fake_real\dataset\Fake\Screenshot 2025-09-17 194040.png,counterfeit,unsplit_pool,1172,341,PNG,440106,False,,Screenshot 2025-09-17 194040
kaggle_fake_real_medicine,kaggle_fake_real\dataset\Fake\Screenshot 2025-09-17 194058.png,counterfeit,unsplit_pool,387,756,PNG,262940,False,,Screenshot 2025-09-17 194058
kaggle_fake_real_medicine,kaggle_fake_real\dataset\Fake\Screenshot 2025-09-17 194110.png,counterfeit,unsplit_pool,824,496,PNG,432481,False,,Screenshot 2025-09-17 194110
kaggle_fake_real_medicine,kaggle_fake_real\dataset\Fake\Screenshot 2025-09-17 194130.png,counterfeit,unsplit_pool,402,539,PNG,361073,False,,Screenshot 2025-09-17 194130
kaggle_fake_real_medicine,kaggle_fake_real\dataset\Fake\Screenshot 2025-09-17 194141.png,counterfeit,unsplit_pool,404,540,PNG,325261,False,,Screenshot 2025-09-17 194141
kaggle_fake_real_medicine,kaggle_fake_real\dataset\Fake\Screenshot 2025-09-17 194224.png,counterfeit,unsplit_pool,492,281,PNG,161622,False,,Screenshot 2025-09-17 194224
kaggle_fake_real_medicine,kaggle_fake_real\dataset\Fake\Screenshot 2025-09-17 194256.png,counterfeit,unsplit_pool,764,408,PNG,244593,False,,Screenshot 2025-09-17 194256
kaggle_fake_real_medicine,kaggle_fake_real\dataset\Fake\Screenshot 2025-09-17 194307.png,counterfeit,unsplit_pool,401,476,PNG,192738,False,,Screenshot 2025-09-17 194307
kaggle_fake_real_medicine,kaggle_fake_real\dataset\Real\images01.jpg,authentic,unsplit_pool,225,225,JPEG,6924,False,,images01
kaggle_fake_real_medicine,kaggle_fake_real\dataset\Real\images02.jpg,authentic,unsplit_pool,225,224,JPEG,6634,False,,images02
kaggle_fake_real_medicine,kaggle_fake_real\dataset\Real\images03.jpg,authentic,unsplit_pool,225,225,JPEG,8564,False,,images03
kaggle_fake_real_medicine,kaggle_fake_real\dataset\Real\images04.jpg,authentic,unsplit_pool,225,225,JPEG,5266,False,,images04
kaggle_fake_real_medicine,kaggle_fake_real\dataset\Real\images05.jpg,authentic,unsplit_pool,200,200,JPEG,3938,False,,images05
kaggle_fake_real_medicine,kaggle_fake_real\dataset\Real\images06.jpg,authentic,unsplit_pool,223,226,JPEG,6629,False,,images06
kaggle_fake_real_medicine,kaggle_fake_real\dataset\Real\images07.jpg,authentic,unsplit_pool,215,235,JPEG,12039,False,,images07
kaggle_fake_real_medicine,kaggle_fake_real\dataset\Real\images08.jpg,authentic,unsplit_pool,225,225,JPEG,9768,False,,images08
kaggle_fake_real_medicine,kaggle_fake_real\dataset\Real\images09.jpg,authentic,unsplit_pool,225,225,JPEG,7058,False,,images09
kaggle_fake_real_medicine,kaggle_fake_real\dataset\Real\images10.jpg,authentic,unsplit_pool,250,201,JPEG,11855,False,,images10
kaggle_fake_real_medicine,kaggle_fake_real\dataset\Real\images11.jpg,authentic,unsplit_pool,207,243,JPEG,10059,False,,images11
kaggle_fake_real_medicine,kaggle_fake_real\dataset\Real\images12.jpg,authentic,unsplit_pool,179,281,JPEG,8325,True,watermark_stock_photo_confound,images12
kaggle_fake_real_medicine,kaggle_fake_real\dataset\Real\images13.jpg,authentic,unsplit_pool,225,225,JPEG,3278,False,,images13
kaggle_fake_real_medicine,kaggle_fake_real\dataset\Real\images14.jpg,authentic,unsplit_pool,225,225,JPEG,6841,False,,images14
kaggle_fake_real_medicine,kaggle_fake_real\dataset\Real\images15.jpg,authentic,unsplit_pool,283,178,JPEG,5733,False,,images15
kaggle_fake_real_medicine,kaggle_fake_real\dataset\Real\images16.jpg,authentic,unsplit_pool,225,225,JPEG,5287,False,,images16
kaggle_fake_real_medicine,kaggle_fake_real\dataset\Real\images17.jpg,authentic,unsplit_pool,225,225,JPEG,8486,False,,images17
kaggle_fake_real_medicine,kaggle_fake_real\dataset\Real\images18.jpg,authentic,unsplit_pool,225,225,JPEG,7993,False,,images18
kaggle_fake_real_medicine,kaggle_fake_real\dataset\Real\images19.jpg,authentic,unsplit_pool,223,226,JPEG,8157,False,,images19
kaggle_fake_real_medicine,kaggle_fake_real\dataset\Real\images20.jpg,authentic,unsplit_pool,248,203,JPEG,11421,False,,images20
kaggle_fake_real_medicine,kaggle_fake_real\dataset\Real\images201.jpg,authentic,unsplit_pool,225,225,JPEG,7480,False,,images201
kaggle_fake_real_medicine,kaggle_fake_real\dataset\Real\images202.jpg,authentic,unsplit_pool,225,225,JPEG,8486,False,,images202
kaggle_fake_real_medicine,kaggle_fake_real\dataset\Real\images203.jpg,authentic,unsplit_pool,230,219,JPEG,7126,False,,images203
kaggle_fake_real_medicine,kaggle_fake_real\dataset\Real\images204.jpg,authentic,unsplit_pool,215,235,JPEG,12039,False,,images204
kaggle_fake_real_medicine,kaggle_fake_real\dataset\Real\images205.jpg,authentic,unsplit_pool,225,225,JPEG,9852,False,,images205
kaggle_fake_real_medicine,kaggle_fake_real\dataset\Real\images206.jpg,authentic,unsplit_pool,168,300,JPEG,5946,False,,images206
kaggle_fake_real_medicine,kaggle_fake_real\dataset\Real\images207.jpg,authentic,unsplit_pool,220,229,JPEG,5317,False,,images207
kaggle_fake_real_medicine,kaggle_fake_real\dataset\Real\images208.jpg,authentic,unsplit_pool,205,246,JPEG,8797,False,,images208
kaggle_fake_real_medicine,kaggle_fake_real\dataset\Real\images209.jpg,authentic,unsplit_pool,275,183,JPEG,6446,False,,images209
kaggle_fake_real_medicine,kaggle_fake_real\dataset\Real\images21.jpg,authentic,unsplit_pool,275,183,JPEG,6591,False,,images21
kaggle_fake_real_medicine,kaggle_fake_real\dataset\Real\images210.jpg,authentic,unsplit_pool,224,224,JPEG,5575,False,,images210
kaggle_fake_real_medicine,kaggle_fake_real\dataset\Real\images211.jpg,authentic,unsplit_pool,225,225,JPEG,4936,False,,images211
kaggle_fake_real_medicine,kaggle_fake_real\dataset\Real\images212.jpg,authentic,unsplit_pool,275,183,JPEG,4741,False,,images212
kaggle_fake_real_medicine,kaggle_fake_real\dataset\Real\images213.jpg,authentic,unsplit_pool,225,225,JPEG,8050,True,watermark_stock_photo_confound,images213
kaggle_fake_real_medicine,kaggle_fake_real\dataset\Real\images214.jpg,authentic,unsplit_pool,286,176,JPEG,6553,False,,images214
kaggle_fake_real_medicine,kaggle_fake_real\dataset\Real\images215.jpg,authentic,unsplit_pool,224,224,JPEG,7695,True,watermark_stock_photo_confound,images215
kaggle_fake_real_medicine,kaggle_fake_real\dataset\Real\images216.jpg,authentic,unsplit_pool,225,225,JPEG,8164,False,,images216
kaggle_fake_real_medicine,kaggle_fake_real\dataset\Real\images217.jpg,authentic,unsplit_pool,207,243,JPEG,10059,False,,images217
kaggle_fake_real_medicine,kaggle_fake_real\dataset\Real\images218.jpg,authentic,unsplit_pool,225,225,JPEG,6205,False,,images218
kaggle_fake_real_medicine,kaggle_fake_real\dataset\Real\images219.jpg,authentic,unsplit_pool,225,225,JPEG,8661,False,,images219
kaggle_fake_real_medicine,kaggle_fake_real\dataset\Real\images22.jpg,authentic,unsplit_pool,168,168,JPEG,3950,True,watermark_stock_photo_confound,images22
kaggle_fake_real_medicine,kaggle_fake_real\dataset\Real\images220.jpg,authentic,unsplit_pool,225,225,JPEG,7277,False,,images220
kaggle_fake_real_medicine,kaggle_fake_real\dataset\Real\images221.jpg,authentic,unsplit_pool,225,224,JPEG,6634,False,,images221
kaggle_fake_real_medicine,kaggle_fake_real\dataset\Real\images222.jpg,authentic,unsplit_pool,225,225,JPEG,7063,False,,images222
kaggle_fake_real_medicine,kaggle_fake_real\dataset\Real\images223.jpg,authentic,unsplit_pool,168,300,JPEG,5694,False,,images223
kaggle_fake_real_medicine,kaggle_fake_real\dataset\Real\images224.jpg,authentic,unsplit_pool,224,225,JPEG,5621,False,,images224
kaggle_fake_real_medicine,kaggle_fake_real\dataset\Real\images225.jpg,authentic,unsplit_pool,182,276,JPEG,9036,False,,images225
kaggle_fake_real_medicine,kaggle_fake_real\dataset\Real\images226.jpg,authentic,unsplit_pool,100,100,JPEG,2088,False,,images226
kaggle_fake_real_medicine,kaggle_fake_real\dataset\Real\images227.jpg,authentic,unsplit_pool,100,100,JPEG,2080,False,,images227
kaggle_fake_real_medicine,kaggle_fake_real\dataset\Real\images228.jpg,authentic,unsplit_pool,100,100,JPEG,1702,False,,images228
kaggle_fake_real_medicine,kaggle_fake_real\dataset\Real\images229.jpg,authentic,unsplit_pool,225,225,JPEG,5997,False,,images229
kaggle_fake_real_medicine,kaggle_fake_real\dataset\Real\images23.jpg,authentic,unsplit_pool,275,183,JPEG,4892,False,,images23
kaggle_fake_real_medicine,kaggle_fake_real\dataset\Real\images230.jpg,authentic,unsplit_pool,172,293,JPEG,7949,False,,images230
kaggle_fake_real_medicine,kaggle_fake_real\dataset\Real\images231.jpg,authentic,unsplit_pool,225,225,JPEG,6717,False,,images231
kaggle_fake_real_medicine,kaggle_fake_real\dataset\Real\images232.jpg,authentic,unsplit_pool,225,225,JPEG,8567,False,,images232
kaggle_fake_real_medicine,kaggle_fake_real\dataset\Real\images233.jpg,authentic,unsplit_pool,251,200,JPEG,4890,False,,images233
kaggle_fake_real_medicine,kaggle_fake_real\dataset\Real\images234.jpg,authentic,unsplit_pool,194,259,JPEG,5753,False,,images234
kaggle_fake_real_medicine,kaggle_fake_real\dataset\Real\images235.jpg,authentic,unsplit_pool,225,225,JPEG,9978,False,,images235
kaggle_fake_real_medicine,kaggle_fake_real\dataset\Real\images236.jpg,authentic,unsplit_pool,205,246,JPEG,8178,False,,images236
kaggle_fake_real_medicine,kaggle_fake_real\dataset\Real\images237.jpg,authentic,unsplit_pool,225,225,JPEG,6309,False,,images237
kaggle_fake_real_medicine,kaggle_fake_real\dataset\Real\images238.jpg,authentic,unsplit_pool,227,222,JPEG,6595,False,,images238
kaggle_fake_real_medicine,kaggle_fake_real\dataset\Real\images239.jpg,authentic,unsplit_pool,225,225,JPEG,7193,False,,images239
kaggle_fake_real_medicine,kaggle_fake_real\dataset\Real\images24.jpg,authentic,unsplit_pool,225,225,JPEG,5264,False,,images24
kaggle_fake_real_medicine,kaggle_fake_real\dataset\Real\images240.jpg,authentic,unsplit_pool,192,263,JPEG,9065,False,,images240
kaggle_fake_real_medicine,kaggle_fake_real\dataset\Real\images241.jpg,authentic,unsplit_pool,194,259,JPEG,8356,True,watermark_stock_photo_confound,images241
kaggle_fake_real_medicine,kaggle_fake_real\dataset\Real\images242.jpg,authentic,unsplit_pool,225,225,JPEG,6832,False,,images242
kaggle_fake_real_medicine,kaggle_fake_real\dataset\Real\images243.jpg,authentic,unsplit_pool,225,225,JPEG,9851,False,,images243
kaggle_fake_real_medicine,kaggle_fake_real\dataset\Real\images244.jpg,authentic,unsplit_pool,300,168,JPEG,9433,False,,images244
kaggle_fake_real_medicine,kaggle_fake_real\dataset\Real\images245.jpg,authentic,unsplit_pool,225,225,JPEG,6587,False,,images245
kaggle_fake_real_medicine,kaggle_fake_real\dataset\Real\images246.jpg,authentic,unsplit_pool,262,193,JPEG,12209,True,watermark_stock_photo_confound,images246
kaggle_fake_real_medicine,kaggle_fake_real\dataset\Real\images247.jpg,authentic,unsplit_pool,275,183,JPEG,10520,False,,images247
kaggle_fake_real_medicine,kaggle_fake_real\dataset\Real\images248.jpg,authentic,unsplit_pool,225,225,JPEG,6924,False,,images248
kaggle_fake_real_medicine,kaggle_fake_real\dataset\Real\images249.jpg,authentic,unsplit_pool,217,232,JPEG,9510,False,,images249
kaggle_fake_real_medicine,kaggle_fake_real\dataset\Real\images25.jpg,authentic,unsplit_pool,225,225,JPEG,8567,False,,images25
kaggle_fake_real_medicine,kaggle_fake_real\dataset\Real\images250.jpg,authentic,unsplit_pool,225,225,JPEG,6863,False,,images250
kaggle_fake_real_medicine,kaggle_fake_real\dataset\Real\images251.jpg,authentic,unsplit_pool,273,184,JPEG,4443,False,,images251
kaggle_fake_real_medicine,kaggle_fake_real\dataset\Real\images252.jpg,authentic,unsplit_pool,248,203,JPEG,14236,False,,images252
kaggle_fake_real_medicine,kaggle_fake_real\dataset\Real\images253.jpg,authentic,unsplit_pool,100,100,JPEG,2531,False,,images253
kaggle_fake_real_medicine,kaggle_fake_real\dataset\Real\images254.jpg,authentic,unsplit_pool,224,225,JPEG,7540,False,,images254
kaggle_fake_real_medicine,kaggle_fake_real\dataset\Real\images255.jpg,authentic,unsplit_pool,250,188,JPEG,6513,False,,images255
kaggle_fake_real_medicine,kaggle_fake_real\dataset\Real\images256.jpg,authentic,unsplit_pool,194,259,JPEG,7851,True,watermark_stock_photo_confound,images256
kaggle_fake_real_medicine,kaggle_fake_real\dataset\Real\images257.jpg,authentic,unsplit_pool,225,225,JPEG,5040,False,,images257
kaggle_fake_real_medicine,kaggle_fake_real\dataset\Real\images258.jpg,authentic,unsplit_pool,299,168,JPEG,12173,False,,images258
kaggle_fake_real_medicine,kaggle_fake_real\dataset\Real\images259.jpg,authentic,unsplit_pool,241,209,JPEG,10168,False,,images259
kaggle_fake_real_medicine,kaggle_fake_real\dataset\Real\images26.jpg,authentic,unsplit_pool,100,100,JPEG,2088,False,,images26
kaggle_fake_real_medicine,kaggle_fake_real\dataset\Real\images260.jpg,authentic,unsplit_pool,199,254,JPEG,7222,False,,images260
kaggle_fake_real_medicine,kaggle_fake_real\dataset\Real\images261.jpg,authentic,unsplit_pool,298,169,JPEG,7281,False,,images261
kaggle_fake_real_medicine,kaggle_fake_real\dataset\Real\images262.jpg,authentic,unsplit_pool,225,225,JPEG,5856,False,,images262
kaggle_fake_real_medicine,kaggle_fake_real\dataset\Real\images263.jpg,authentic,unsplit_pool,225,225,JPEG,6815,False,,images263
kaggle_fake_real_medicine,kaggle_fake_real\dataset\Real\images264.jpg,authentic,unsplit_pool,225,225,JPEG,3668,False,,images264
kaggle_fake_real_medicine,kaggle_fake_real\dataset\Real\images265.jpg,authentic,unsplit_pool,225,225,JPEG,7298,False,,images265
kaggle_fake_real_medicine,kaggle_fake_real\dataset\Real\images266.jpg,authentic,unsplit_pool,225,225,JPEG,6169,False,,images266
kaggle_fake_real_medicine,kaggle_fake_real\dataset\Real\images267.jpg,authentic,unsplit_pool,225,225,JPEG,5311,False,,images267
kaggle_fake_real_medicine,kaggle_fake_real\dataset\Real\images268.jpg,authentic,unsplit_pool,205,246,JPEG,9160,False,,images268
kaggle_fake_real_medicine,kaggle_fake_real\dataset\Real\images269.jpg,authentic,unsplit_pool,225,225,JPEG,6655,False,,images269
kaggle_fake_real_medicine,kaggle_fake_real\dataset\Real\images27.jpg,authentic,unsplit_pool,100,100,JPEG,2080,False,,images27
kaggle_fake_real_medicine,kaggle_fake_real\dataset\Real\images270.jpg,authentic,unsplit_pool,212,234,JPEG,8768,False,,images270
kaggle_fake_real_medicine,kaggle_fake_real\dataset\Real\images271.jpg,authentic,unsplit_pool,251,201,JPEG,7431,False,,images271
kaggle_fake_real_medicine,kaggle_fake_real\dataset\Real\images272.jpg,authentic,unsplit_pool,198,155,JPEG,6960,False,,images272
kaggle_fake_real_medicine,kaggle_fake_real\dataset\Real\images273.jpg,authentic,unsplit_pool,250,143,JPEG,6354,False,,images273
kaggle_fake_real_medicine,kaggle_fake_real\dataset\Real\images274.jpg,authentic,unsplit_pool,259,194,JPEG,6559,False,,images274
kaggle_fake_real_medicine,kaggle_fake_real\dataset\Real\images275.jpg,authentic,unsplit_pool,225,225,JPEG,5766,False,,images275
kaggle_fake_real_medicine,kaggle_fake_real\dataset\Real\images276.jpg,authentic,unsplit_pool,225,225,JPEG,4515,False,,images276
kaggle_fake_real_medicine,kaggle_fake_real\dataset\Real\images277.jpg,authentic,unsplit_pool,194,259,JPEG,5738,False,,images277
kaggle_fake_real_medicine,kaggle_fake_real\dataset\Real\images278.jpg,authentic,unsplit_pool,100,100,JPEG,1631,True,syrup_bottle_wrong_modality,images278
kaggle_fake_real_medicine,kaggle_fake_real\dataset\Real\images279.jpg,authentic,unsplit_pool,100,100,JPEG,2070,False,,images279
kaggle_fake_real_medicine,kaggle_fake_real\dataset\Real\images28.jpg,authentic,unsplit_pool,100,100,JPEG,1702,False,,images28
kaggle_fake_real_medicine,kaggle_fake_real\dataset\Real\images280.jpg,authentic,unsplit_pool,100,100,JPEG,2435,False,,images280
kaggle_fake_real_medicine,kaggle_fake_real\dataset\Real\images281.jpg,authentic,unsplit_pool,225,225,JPEG,3700,False,,images281
kaggle_fake_real_medicine,kaggle_fake_real\dataset\Real\images282.jpg,authentic,unsplit_pool,225,225,JPEG,5611,False,,images282
kaggle_fake_real_medicine,kaggle_fake_real\dataset\Real\images283.jpg,authentic,unsplit_pool,250,201,JPEG,14469,False,,images283
kaggle_fake_real_medicine,kaggle_fake_real\dataset\Real\images29.jpg,authentic,unsplit_pool,266,190,JPEG,7490,False,,images29
kaggle_fake_real_medicine,kaggle_fake_real\dataset\Real\images30.jpg,authentic,unsplit_pool,224,224,JPEG,9930,False,,images30
kaggle_fake_real_medicine,kaggle_fake_real\dataset\Real\images301.jpg,authentic,unsplit_pool,225,225,JPEG,6119,False,,images301
kaggle_fake_real_medicine,kaggle_fake_real\dataset\Real\images302.jpg,authentic,unsplit_pool,225,225,JPEG,7138,False,,images302
kaggle_fake_real_medicine,kaggle_fake_real\dataset\Real\images303.jpg,authentic,unsplit_pool,225,225,JPEG,7523,False,,images303
kaggle_fake_real_medicine,kaggle_fake_real\dataset\Real\images304.jpg,authentic,unsplit_pool,225,225,JPEG,5442,False,,images304
kaggle_fake_real_medicine,kaggle_fake_real\dataset\Real\images305.jpg,authentic,unsplit_pool,225,225,JPEG,6868,False,,images305
kaggle_fake_real_medicine,kaggle_fake_real\dataset\Real\images306.jpg,authentic,unsplit_pool,225,225,JPEG,4967,False,,images306
kaggle_fake_real_medicine,kaggle_fake_real\dataset\Real\images307.jpg,authentic,unsplit_pool,225,225,JPEG,4511,False,,images307
kaggle_fake_real_medicine,kaggle_fake_real\dataset\Real\images308.jpg,authentic,unsplit_pool,219,231,JPEG,7049,False,,images308
kaggle_fake_real_medicine,kaggle_fake_real\dataset\Real\images309.jpg,authentic,unsplit_pool,238,212,JPEG,5963,False,,images309
kaggle_fake_real_medicine,kaggle_fake_real\dataset\Real\images31.jpg,authentic,unsplit_pool,225,225,JPEG,8294,True,watermark_stock_photo_confound,images31
kaggle_fake_real_medicine,kaggle_fake_real\dataset\Real\images310.jpg,authentic,unsplit_pool,246,205,JPEG,7275,False,,images310
kaggle_fake_real_medicine,kaggle_fake_real\dataset\Real\images311.jpg,authentic,unsplit_pool,224,224,JPEG,6803,True,watermark_stock_photo_confound,images311
kaggle_fake_real_medicine,kaggle_fake_real\dataset\Real\images312.jpg,authentic,unsplit_pool,225,225,JPEG,7416,False,,images312
kaggle_fake_real_medicine,kaggle_fake_real\dataset\Real\images313.jpg,authentic,unsplit_pool,203,248,JPEG,7804,False,,images313
kaggle_fake_real_medicine,kaggle_fake_real\dataset\Real\images314.jpg,authentic,unsplit_pool,225,225,JPEG,7580,False,,images314
kaggle_fake_real_medicine,kaggle_fake_real\dataset\Real\images315.jpg,authentic,unsplit_pool,300,168,JPEG,5834,False,,images315
kaggle_fake_real_medicine,kaggle_fake_real\dataset\Real\images316.jpg,authentic,unsplit_pool,220,229,JPEG,6780,False,,images316
kaggle_fake_real_medicine,kaggle_fake_real\dataset\Real\images317.jpg,authentic,unsplit_pool,225,225,JPEG,5324,False,,images317
kaggle_fake_real_medicine,kaggle_fake_real\dataset\Real\images318.jpg,authentic,unsplit_pool,225,225,JPEG,6901,False,,images318
kaggle_fake_real_medicine,kaggle_fake_real\dataset\Real\images319.jpg,authentic,unsplit_pool,269,187,JPEG,6761,False,,images319
kaggle_fake_real_medicine,kaggle_fake_real\dataset\Real\images32.jpg,authentic,unsplit_pool,231,219,JPEG,10756,False,,images32
kaggle_fake_real_medicine,kaggle_fake_real\dataset\Real\images320.jpg,authentic,unsplit_pool,312,162,JPEG,7457,False,,images320
kaggle_fake_real_medicine,kaggle_fake_real\dataset\Real\images321.jpg,authentic,unsplit_pool,220,229,JPEG,4927,False,,images321
kaggle_fake_real_medicine,kaggle_fake_real\dataset\Real\images322.jpg,authentic,unsplit_pool,194,259,JPEG,4672,False,,images322
kaggle_fake_real_medicine,kaggle_fake_real\dataset\Real\images323.jpg,authentic,unsplit_pool,266,190,JPEG,4873,False,,images323
kaggle_fake_real_medicine,kaggle_fake_real\dataset\Real\images324.jpg,authentic,unsplit_pool,256,197,JPEG,5063,False,,images324
kaggle_fake_real_medicine,kaggle_fake_real\dataset\Real\images325.jpg,authentic,unsplit_pool,225,225,JPEG,6353,False,,images325
kaggle_fake_real_medicine,kaggle_fake_real\dataset\Real\images326.jpg,authentic,unsplit_pool,100,100,JPEG,1968,False,,images326
kaggle_fake_real_medicine,kaggle_fake_real\dataset\Real\images327.jpg,authentic,unsplit_pool,100,100,JPEG,2362,False,,images327
kaggle_fake_real_medicine,kaggle_fake_real\dataset\Real\images328.jpg,authentic,unsplit_pool,100,100,JPEG,1919,False,,images328
kaggle_fake_real_medicine,kaggle_fake_real\dataset\Real\images329.jpg,authentic,unsplit_pool,221,228,JPEG,5241,False,,images329
kaggle_fake_real_medicine,kaggle_fake_real\dataset\Real\images33.jpg,authentic,unsplit_pool,225,225,JPEG,6308,False,,images33
kaggle_fake_real_medicine,kaggle_fake_real\dataset\Real\images330.jpg,authentic,unsplit_pool,225,225,JPEG,5178,False,,images330
kaggle_fake_real_medicine,kaggle_fake_real\dataset\Real\images331.jpg,authentic,unsplit_pool,188,250,JPEG,7140,False,,images331
kaggle_fake_real_medicine,kaggle_fake_real\dataset\Real\images332.jpg,authentic,unsplit_pool,275,183,JPEG,4858,False,,images332
kaggle_fake_real_medicine,kaggle_fake_real\dataset\Real\images333.jpg,authentic,unsplit_pool,209,241,JPEG,7510,False,,images333
kaggle_fake_real_medicine,kaggle_fake_real\dataset\Real\images334.jpg,authentic,unsplit_pool,225,225,JPEG,7332,False,,images334
kaggle_fake_real_medicine,kaggle_fake_real\dataset\Real\images335.jpg,authentic,unsplit_pool,225,225,JPEG,7288,False,,images335
kaggle_fake_real_medicine,kaggle_fake_real\dataset\Real\images336.jpg,authentic,unsplit_pool,224,224,JPEG,6595,True,watermark_stock_photo_confound,images336
kaggle_fake_real_medicine,kaggle_fake_real\dataset\Real\images337.jpg,authentic,unsplit_pool,259,194,JPEG,5316,False,,images337
kaggle_fake_real_medicine,kaggle_fake_real\dataset\Real\images338.jpg,authentic,unsplit_pool,168,300,JPEG,6009,False,,images338
kaggle_fake_real_medicine,kaggle_fake_real\dataset\Real\images339.jpg,authentic,unsplit_pool,264,191,JPEG,8981,True,watermark_stock_photo_confound,images339
kaggle_fake_real_medicine,kaggle_fake_real\dataset\Real\images34.jpg,authentic,unsplit_pool,251,200,JPEG,4890,False,,images34
kaggle_fake_real_medicine,kaggle_fake_real\dataset\Real\images340.jpg,authentic,unsplit_pool,201,250,JPEG,8856,True,watermark_stock_photo_confound,images340
kaggle_fake_real_medicine,kaggle_fake_real\dataset\Real\images341.jpg,authentic,unsplit_pool,225,225,JPEG,4296,False,,images341
kaggle_fake_real_medicine,kaggle_fake_real\dataset\Real\images342.jpg,authentic,unsplit_pool,275,183,JPEG,4178,False,,images342
kaggle_fake_real_medicine,kaggle_fake_real\dataset\Real\images343.jpg,authentic,unsplit_pool,225,225,JPEG,4871,False,,images343
kaggle_fake_real_medicine,kaggle_fake_real\dataset\Real\images344.jpg,authentic,unsplit_pool,225,225,JPEG,5110,False,,images344
kaggle_fake_real_medicine,kaggle_fake_real\dataset\Real\images345.jpg,authentic,unsplit_pool,226,223,JPEG,7635,False,,images345
kaggle_fake_real_medicine,kaggle_fake_real\dataset\Real\images346.jpg,authentic,unsplit_pool,225,225,JPEG,4969,False,,images346
kaggle_fake_real_medicine,kaggle_fake_real\dataset\Real\images347.jpg,authentic,unsplit_pool,225,225,JPEG,4450,False,,images347
kaggle_fake_real_medicine,kaggle_fake_real\dataset\Real\images348.jpg,authentic,unsplit_pool,225,225,JPEG,5083,False,,images348
kaggle_fake_real_medicine,kaggle_fake_real\dataset\Real\images349.jpg,authentic,unsplit_pool,225,225,JPEG,7744,False,,images349
kaggle_fake_real_medicine,kaggle_fake_real\dataset\Real\images35.jpg,authentic,unsplit_pool,194,259,JPEG,7581,False,,images35
kaggle_fake_real_medicine,kaggle_fake_real\dataset\Real\images350.jpg,authentic,unsplit_pool,259,194,JPEG,5404,False,,images350
kaggle_fake_real_medicine,kaggle_fake_real\dataset\Real\images351.jpg,authentic,unsplit_pool,189,267,JPEG,8247,False,,images351
kaggle_fake_real_medicine,kaggle_fake_real\dataset\Real\images352.jpg,authentic,unsplit_pool,245,206,JPEG,7739,False,,images352
kaggle_fake_real_medicine,kaggle_fake_real\dataset\Real\images36.jpg,authentic,unsplit_pool,225,225,JPEG,5878,False,,images36
kaggle_fake_real_medicine,kaggle_fake_real\dataset\Real\images37.jpg,authentic,unsplit_pool,220,229,JPEG,5503,False,,images37
kaggle_fake_real_medicine,kaggle_fake_real\dataset\Real\images38.jpg,authentic,unsplit_pool,224,224,JPEG,8394,False,,images38
kaggle_fake_real_medicine,kaggle_fake_real\dataset\Real\images39.jpg,authentic,unsplit_pool,298,169,JPEG,6617,False,,images39
kaggle_fake_real_medicine,kaggle_fake_real\dataset\Real\images40.jpg,authentic,unsplit_pool,225,225,JPEG,8826,False,,images40
kaggle_fake_real_medicine,kaggle_fake_real\dataset\Real\images4001.jpg,authentic,unsplit_pool,100,100,JPEG,2553,False,,images4001
kaggle_fake_real_medicine,kaggle_fake_real\dataset\Real\images4002.jpg,authentic,unsplit_pool,100,100,JPEG,1634,False,,images4002
kaggle_fake_real_medicine,kaggle_fake_real\dataset\Real\images4003.jpg,authentic,unsplit_pool,100,100,JPEG,1202,False,,images4003
kaggle_fake_real_medicine,kaggle_fake_real\dataset\Real\images4004.jpg,authentic,unsplit_pool,100,100,JPEG,2687,False,,images4004
kaggle_fake_real_medicine,kaggle_fake_real\dataset\Real\images4005.jpg,authentic,unsplit_pool,100,100,JPEG,2085,False,,images4005
kaggle_fake_real_medicine,kaggle_fake_real\dataset\Real\images4006.jpg,authentic,unsplit_pool,100,100,JPEG,1401,True,not_a_medicine_photo_browser_screenshot,images4006
kaggle_fake_real_medicine,kaggle_fake_real\dataset\Real\images4007.jpg,authentic,unsplit_pool,100,100,JPEG,1811,False,,images4007
kaggle_fake_real_medicine,kaggle_fake_real\dataset\Real\images4008.jpg,authentic,unsplit_pool,100,100,JPEG,1427,False,,images4008
kaggle_fake_real_medicine,kaggle_fake_real\dataset\Real\images4009.jpg,authentic,unsplit_pool,100,100,JPEG,1632,False,,images4009
kaggle_fake_real_medicine,kaggle_fake_real\dataset\Real\images4010.jpg,authentic,unsplit_pool,100,100,JPEG,3202,False,,images4010
kaggle_fake_real_medicine,kaggle_fake_real\dataset\Real\images4011.jpg,authentic,unsplit_pool,100,100,JPEG,1321,False,,images4011
kaggle_fake_real_medicine,kaggle_fake_real\dataset\Real\images4012.jpg,authentic,unsplit_pool,100,100,JPEG,1956,False,,images4012
kaggle_fake_real_medicine,kaggle_fake_real\dataset\Real\images4013.jpg,authentic,unsplit_pool,100,100,JPEG,1726,False,,images4013
kaggle_fake_real_medicine,kaggle_fake_real\dataset\Real\images4014.jpg,authentic,unsplit_pool,100,100,JPEG,1177,False,,images4014
kaggle_fake_real_medicine,kaggle_fake_real\dataset\Real\images4015.jpg,authentic,unsplit_pool,100,100,JPEG,3065,True,watermark_stock_photo_confound,images4015
kaggle_fake_real_medicine,kaggle_fake_real\dataset\Real\images4016.jpg,authentic,unsplit_pool,100,100,JPEG,2181,False,,images4016
kaggle_fake_real_medicine,kaggle_fake_real\dataset\Real\images4017.jpg,authentic,unsplit_pool,100,100,JPEG,2298,False,,images4017
kaggle_fake_real_medicine,kaggle_fake_real\dataset\Real\images4018.jpg,authentic,unsplit_pool,100,100,JPEG,1814,False,,images4018
kaggle_fake_real_medicine,kaggle_fake_real\dataset\Real\images4019.jpg,authentic,unsplit_pool,100,100,JPEG,1407,False,,images4019
kaggle_fake_real_medicine,kaggle_fake_real\dataset\Real\images4020.jpg,authentic,unsplit_pool,100,100,JPEG,2137,False,,images4020
kaggle_fake_real_medicine,kaggle_fake_real\dataset\Real\images4021.jpg,authentic,unsplit_pool,100,100,JPEG,2671,False,,images4021
kaggle_fake_real_medicine,kaggle_fake_real\dataset\Real\images4022.jpg,authentic,unsplit_pool,100,100,JPEG,2842,False,,images4022
kaggle_fake_real_medicine,kaggle_fake_real\dataset\Real\images4023.jpg,authentic,unsplit_pool,100,100,JPEG,2778,False,,images4023
kaggle_fake_real_medicine,kaggle_fake_real\dataset\Real\images4024.jpg,authentic,unsplit_pool,100,100,JPEG,3060,True,watermark_stock_photo_confound,images4024
kaggle_fake_real_medicine,kaggle_fake_real\dataset\Real\images4025.jpg,authentic,unsplit_pool,225,225,JPEG,5962,False,,images4025
kaggle_fake_real_medicine,kaggle_fake_real\dataset\Real\images4026.jpg,authentic,unsplit_pool,225,225,JPEG,5624,False,,images4026
kaggle_fake_real_medicine,kaggle_fake_real\dataset\Real\images4027.jpg,authentic,unsplit_pool,205,246,JPEG,6472,False,,images4027
kaggle_fake_real_medicine,kaggle_fake_real\dataset\Real\images4028.jpg,authentic,unsplit_pool,225,225,JPEG,3672,True,watermark_stock_photo_confound,images4028
kaggle_fake_real_medicine,kaggle_fake_real\dataset\Real\images4029.jpg,authentic,unsplit_pool,225,225,JPEG,13047,False,,images4029
kaggle_fake_real_medicine,kaggle_fake_real\dataset\Real\images4030.jpg,authentic,unsplit_pool,225,225,JPEG,9035,False,,images4030
kaggle_fake_real_medicine,kaggle_fake_real\dataset\Real\images4031.jpg,authentic,unsplit_pool,225,225,JPEG,7821,False,,images4031
kaggle_fake_real_medicine,kaggle_fake_real\dataset\Real\images4032.jpg,authentic,unsplit_pool,225,225,JPEG,4067,False,,images4032
kaggle_fake_real_medicine,kaggle_fake_real\dataset\Real\images4033.jpg,authentic,unsplit_pool,205,246,JPEG,10830,False,,images4033
kaggle_fake_real_medicine,kaggle_fake_real\dataset\Real\images4034.jpg,authentic,unsplit_pool,225,225,JPEG,5455,False,,images4034
kaggle_fake_real_medicine,kaggle_fake_real\dataset\Real\images4035.jpg,authentic,unsplit_pool,134,375,JPEG,14854,True,watermark_stock_photo_confound,images4035
kaggle_fake_real_medicine,kaggle_fake_real\dataset\Real\images4036.jpg,authentic,unsplit_pool,234,215,JPEG,13821,True,watermark_stock_photo_confound,images4036
kaggle_fake_real_medicine,kaggle_fake_real\dataset\Real\images4037.jpg,authentic,unsplit_pool,225,225,JPEG,5779,False,,images4037
kaggle_fake_real_medicine,kaggle_fake_real\dataset\Real\images4038.jpg,authentic,unsplit_pool,200,176,JPEG,6742,True,watermark_stock_photo_confound,images4038
kaggle_fake_real_medicine,kaggle_fake_real\dataset\Real\images4039.jpg,authentic,unsplit_pool,225,225,JPEG,7676,False,,images4039
kaggle_fake_real_medicine,kaggle_fake_real\dataset\Real\images4040.jpg,authentic,unsplit_pool,225,225,JPEG,12425,False,,images4040
kaggle_fake_real_medicine,kaggle_fake_real\dataset\Real\images4041.jpg,authentic,unsplit_pool,225,225,JPEG,5396,False,,images4041
kaggle_fake_real_medicine,kaggle_fake_real\dataset\Real\images4042.jpg,authentic,unsplit_pool,225,225,JPEG,6373,False,,images4042
kaggle_fake_real_medicine,kaggle_fake_real\dataset\Real\images4043.jpg,authentic,unsplit_pool,241,209,JPEG,8401,True,not_a_medicine_photo_browser_screenshot,images4043
kaggle_fake_real_medicine,kaggle_fake_real\dataset\Real\images4044.jpg,authentic,unsplit_pool,194,259,JPEG,10597,False,,images4044
kaggle_fake_real_medicine,kaggle_fake_real\dataset\Real\images4045.jpg,authentic,unsplit_pool,225,225,JPEG,7733,False,,images4045
kaggle_fake_real_medicine,kaggle_fake_real\dataset\Real\images4046.jpg,authentic,unsplit_pool,132,383,JPEG,16194,False,,images4046
kaggle_fake_real_medicine,kaggle_fake_real\dataset\Real\images4047.jpg,authentic,unsplit_pool,225,225,JPEG,9412,False,,images4047
kaggle_fake_real_medicine,kaggle_fake_real\dataset\Real\images4048.jpg,authentic,unsplit_pool,205,246,JPEG,7462,False,,images4048
kaggle_fake_real_medicine,kaggle_fake_real\dataset\Real\images4049.jpg,authentic,unsplit_pool,100,100,JPEG,2687,False,,images4049
kaggle_fake_real_medicine,kaggle_fake_real\dataset\Real\images4050.jpg,authentic,unsplit_pool,100,100,JPEG,3329,False,,images4050
kaggle_fake_real_medicine,kaggle_fake_real\dataset\Real\images4051.jpg,authentic,unsplit_pool,100,100,JPEG,1678,False,,images4051
kaggle_fake_real_medicine,kaggle_fake_real\dataset\Real\images4052.jpg,authentic,unsplit_pool,224,224,JPEG,8178,False,,images4052
kaggle_fake_real_medicine,kaggle_fake_real\dataset\Real\images4053.jpg,authentic,unsplit_pool,281,180,JPEG,5617,True,watermark_stock_photo_confound,images4053
kaggle_fake_real_medicine,kaggle_fake_real\dataset\Real\images4054.jpg,authentic,unsplit_pool,205,246,JPEG,9993,False,,images4054
kaggle_fake_real_medicine,kaggle_fake_real\dataset\Real\images4055.jpg,authentic,unsplit_pool,281,180,JPEG,7146,False,,images4055
kaggle_fake_real_medicine,kaggle_fake_real\dataset\Real\images4056.jpg,authentic,unsplit_pool,223,226,JPEG,5329,False,,images4056
kaggle_fake_real_medicine,kaggle_fake_real\dataset\Real\images4057.jpg,authentic,unsplit_pool,225,225,JPEG,5001,False,,images4057
kaggle_fake_real_medicine,kaggle_fake_real\dataset\Real\images4058.jpg,authentic,unsplit_pool,281,180,JPEG,5991,False,,images4058
kaggle_fake_real_medicine,kaggle_fake_real\dataset\Real\images4059.jpg,authentic,unsplit_pool,205,246,JPEG,6766,False,,images4059
kaggle_fake_real_medicine,kaggle_fake_real\dataset\Real\images4060.jpg,authentic,unsplit_pool,223,226,JPEG,11576,False,,images4060
kaggle_fake_real_medicine,kaggle_fake_real\dataset\Real\images4061.jpg,authentic,unsplit_pool,225,225,JPEG,4568,False,,images4061
kaggle_fake_real_medicine,kaggle_fake_real\dataset\Real\images4062.jpg,authentic,unsplit_pool,225,225,JPEG,5868,False,,images4062
kaggle_fake_real_medicine,kaggle_fake_real\dataset\Real\images4063.jpg,authentic,unsplit_pool,182,277,JPEG,4217,False,,images4063
kaggle_fake_real_medicine,kaggle_fake_real\dataset\Real\images4064.jpg,authentic,unsplit_pool,225,225,JPEG,6118,False,,images4064
kaggle_fake_real_medicine,kaggle_fake_real\dataset\Real\images4065.jpg,authentic,unsplit_pool,225,225,JPEG,4184,False,,images4065
kaggle_fake_real_medicine,kaggle_fake_real\dataset\Real\images4066.jpg,authentic,unsplit_pool,225,225,JPEG,6880,False,,images4066
kaggle_fake_real_medicine,kaggle_fake_real\dataset\Real\images4067.jpg,authentic,unsplit_pool,225,225,JPEG,7412,False,,images4067
kaggle_fake_real_medicine,kaggle_fake_real\dataset\Real\images4068.jpg,authentic,unsplit_pool,205,246,JPEG,11185,False,,images4068
kaggle_fake_real_medicine,kaggle_fake_real\dataset\Real\images4069.jpg,authentic,unsplit_pool,225,225,JPEG,5975,False,,images4069
kaggle_fake_real_medicine,kaggle_fake_real\dataset\Real\images4070.jpg,authentic,unsplit_pool,225,225,JPEG,13241,False,,images4070
kaggle_fake_real_medicine,kaggle_fake_real\dataset\Real\images4071.jpg,authentic,unsplit_pool,223,226,JPEG,4977,True,watermark_stock_photo_confound,images4071
kaggle_fake_real_medicine,kaggle_fake_real\dataset\Real\images4072.jpg,authentic,unsplit_pool,225,225,JPEG,4879,False,,images4072
kaggle_fake_real_medicine,kaggle_fake_real\dataset\Real\images4073.jpg,authentic,unsplit_pool,259,195,JPEG,7123,False,,images4073
kaggle_fake_real_medicine,kaggle_fake_real\dataset\Real\images4074.jpg,authentic,unsplit_pool,205,246,JPEG,6791,False,,images4074
kaggle_fake_real_medicine,kaggle_fake_real\dataset\Real\images4075.jpg,authentic,unsplit_pool,225,225,JPEG,5969,False,,images4075
kaggle_fake_real_medicine,kaggle_fake_real\dataset\Real\images4076.jpg,authentic,unsplit_pool,100,100,JPEG,3105,False,,images4076
kaggle_fake_real_medicine,kaggle_fake_real\dataset\Real\images4077.jpg,authentic,unsplit_pool,100,100,JPEG,2115,False,,images4077
kaggle_fake_real_medicine,kaggle_fake_real\dataset\Real\images4078.jpg,authentic,unsplit_pool,100,100,JPEG,2007,False,,images4078
kaggle_fake_real_medicine,kaggle_fake_real\dataset\Real\images4079.jpg,authentic,unsplit_pool,225,225,JPEG,7349,False,,images4079
kaggle_fake_real_medicine,kaggle_fake_real\dataset\Real\images4080.jpg,authentic,unsplit_pool,237,213,JPEG,9301,True,watermark_stock_photo_confound,images4080
kaggle_fake_real_medicine,kaggle_fake_real\dataset\Real\images4081.jpg,authentic,unsplit_pool,225,225,JPEG,6135,False,,images4081
kaggle_fake_real_medicine,kaggle_fake_real\dataset\Real\images4082.jpg,authentic,unsplit_pool,205,246,JPEG,6733,False,,images4082
kaggle_fake_real_medicine,kaggle_fake_real\dataset\Real\images4083.jpg,authentic,unsplit_pool,281,180,JPEG,4892,True,watermark_stock_photo_confound,images4083
kaggle_fake_real_medicine,kaggle_fake_real\dataset\Real\images4084.jpg,authentic,unsplit_pool,183,275,JPEG,7921,False,,images4084
kaggle_fake_real_medicine,kaggle_fake_real\dataset\Real\images4085.jpg,authentic,unsplit_pool,268,188,JPEG,10587,False,,images4085
kaggle_fake_real_medicine,kaggle_fake_real\dataset\Real\images4086.jpg,authentic,unsplit_pool,225,225,JPEG,3105,False,,images4086
kaggle_fake_real_medicine,kaggle_fake_real\dataset\Real\images4087.jpg,authentic,unsplit_pool,225,225,JPEG,9020,False,,images4087
kaggle_fake_real_medicine,kaggle_fake_real\dataset\Real\images4088.jpg,authentic,unsplit_pool,225,225,JPEG,5439,False,,images4088
kaggle_fake_real_medicine,kaggle_fake_real\dataset\Real\images4089.jpg,authentic,unsplit_pool,225,225,JPEG,7064,True,watermark_stock_photo_confound,images4089
kaggle_fake_real_medicine,kaggle_fake_real\dataset\Real\images4090.jpg,authentic,unsplit_pool,225,225,JPEG,3765,False,,images4090
kaggle_fake_real_medicine,kaggle_fake_real\dataset\Real\images4091.jpg,authentic,unsplit_pool,223,226,JPEG,5150,False,,images4091
kaggle_fake_real_medicine,kaggle_fake_real\dataset\Real\images4092.jpg,authentic,unsplit_pool,259,194,JPEG,6867,True,watermark_stock_photo_confound,images4092
kaggle_fake_real_medicine,kaggle_fake_real\dataset\Real\images4093.jpg,authentic,unsplit_pool,225,225,JPEG,5286,True,watermark_stock_photo_confound,images4093
kaggle_fake_real_medicine,kaggle_fake_real\dataset\Real\images4094.jpg,authentic,unsplit_pool,248,203,JPEG,4774,False,,images4094
kaggle_fake_real_medicine,kaggle_fake_real\dataset\Real\images4095.jpg,authentic,unsplit_pool,225,225,JPEG,5668,True,watermark_stock_photo_confound,images4095
kaggle_fake_real_medicine,kaggle_fake_real\dataset\Real\images4096.jpg,authentic,unsplit_pool,225,225,JPEG,7136,False,,images4096
kaggle_fake_real_medicine,kaggle_fake_real\dataset\Real\images4097.jpg,authentic,unsplit_pool,237,213,JPEG,3638,False,,images4097
kaggle_fake_real_medicine,kaggle_fake_real\dataset\Real\images4098.jpg,authentic,unsplit_pool,225,225,JPEG,8074,False,,images4098
kaggle_fake_real_medicine,kaggle_fake_real\dataset\Real\images4099.jpg,authentic,unsplit_pool,205,246,JPEG,7402,False,,images4099
kaggle_fake_real_medicine,kaggle_fake_real\dataset\Real\images41.jpg,authentic,unsplit_pool,194,259,JPEG,5753,False,,images41
kaggle_fake_real_medicine,kaggle_fake_real\dataset\Real\images4100.jpg,authentic,unsplit_pool,277,182,JPEG,12244,False,,images4100
kaggle_fake_real_medicine,kaggle_fake_real\dataset\Real\images4101.jpg,authentic,unsplit_pool,225,225,JPEG,5865,False,,images4101
kaggle_fake_real_medicine,kaggle_fake_real\dataset\Real\images4102.jpg,authentic,unsplit_pool,225,225,JPEG,7792,False,,images4102
kaggle_fake_real_medicine,kaggle_fake_real\dataset\Real\images4103.jpg,authentic,unsplit_pool,100,100,JPEG,3367,False,,images4103
kaggle_fake_real_medicine,kaggle_fake_real\dataset\Real\images4104.jpg,authentic,unsplit_pool,100,100,JPEG,1634,False,,images4104
kaggle_fake_real_medicine,kaggle_fake_real\dataset\Real\images4105.jpg,authentic,unsplit_pool,225,225,JPEG,8242,False,,images4105
kaggle_fake_real_medicine,kaggle_fake_real\dataset\Real\images4106.jpg,authentic,unsplit_pool,225,225,JPEG,8281,False,,images4106
kaggle_fake_real_medicine,kaggle_fake_real\dataset\Real\images4107.jpg,authentic,unsplit_pool,294,172,JPEG,6320,False,,images4107
kaggle_fake_real_medicine,kaggle_fake_real\dataset\Real\images4108.jpg,authentic,unsplit_pool,225,225,JPEG,12091,False,,images4108
kaggle_fake_real_medicine,kaggle_fake_real\dataset\Real\images4109.jpg,authentic,unsplit_pool,225,225,JPEG,6028,False,,images4109
kaggle_fake_real_medicine,kaggle_fake_real\dataset\Real\images4110.jpg,authentic,unsplit_pool,193,261,JPEG,15648,False,,images4110
kaggle_fake_real_medicine,kaggle_fake_real\dataset\Real\images4111.jpg,authentic,unsplit_pool,252,200,JPEG,2989,False,,images4111
kaggle_fake_real_medicine,kaggle_fake_real\dataset\Real\images4112.jpg,authentic,unsplit_pool,223,226,JPEG,3957,False,,images4112
kaggle_fake_real_medicine,kaggle_fake_real\dataset\Real\images4113.jpg,authentic,unsplit_pool,225,225,JPEG,8890,False,,images4113
kaggle_fake_real_medicine,kaggle_fake_real\dataset\Real\images4114.jpg,authentic,unsplit_pool,225,225,JPEG,5287,False,,images4114
kaggle_fake_real_medicine,kaggle_fake_real\dataset\Real\images4115.jpg,authentic,unsplit_pool,168,300,JPEG,7901,False,,images4115
kaggle_fake_real_medicine,kaggle_fake_real\dataset\Real\images4116.jpg,authentic,unsplit_pool,225,225,JPEG,6888,False,,images4116
kaggle_fake_real_medicine,kaggle_fake_real\dataset\Real\images4117.jpg,authentic,unsplit_pool,275,183,JPEG,4795,False,,images4117
kaggle_fake_real_medicine,kaggle_fake_real\dataset\Real\images4118.jpg,authentic,unsplit_pool,225,225,JPEG,5922,False,,images4118
kaggle_fake_real_medicine,kaggle_fake_real\dataset\Real\images4119.jpg,authentic,unsplit_pool,225,225,JPEG,4562,False,,images4119
kaggle_fake_real_medicine,kaggle_fake_real\dataset\Real\images4120.jpg,authentic,unsplit_pool,223,226,JPEG,7116,False,,images4120
kaggle_fake_real_medicine,kaggle_fake_real\dataset\Real\images4121.jpg,authentic,unsplit_pool,225,225,JPEG,3869,False,,images4121
kaggle_fake_real_medicine,kaggle_fake_real\dataset\Real\images4122.jpg,authentic,unsplit_pool,225,225,JPEG,5041,True,watermark_stock_photo_confound,images4122
kaggle_fake_real_medicine,kaggle_fake_real\dataset\Real\images4123.jpg,authentic,unsplit_pool,243,207,JPEG,8515,False,,images4123
kaggle_fake_real_medicine,kaggle_fake_real\dataset\Real\images4124.jpg,authentic,unsplit_pool,248,203,JPEG,8997,False,,images4124
kaggle_fake_real_medicine,kaggle_fake_real\dataset\Real\images42.jpg,authentic,unsplit_pool,225,225,JPEG,8397,False,,images42
kaggle_fake_real_medicine,kaggle_fake_real\dataset\Real\images43.jpg,authentic,unsplit_pool,225,225,JPEG,7620,False,,images43
kaggle_fake_real_medicine,kaggle_fake_real\dataset\Real\images44.jpg,authentic,unsplit_pool,225,225,JPEG,5252,False,,images44
kaggle_fake_real_medicine,kaggle_fake_real\dataset\Real\images45.jpg,authentic,unsplit_pool,225,225,JPEG,12651,False,,images45
kaggle_fake_real_medicine,kaggle_fake_real\dataset\Real\images46.jpg,authentic,unsplit_pool,208,242,JPEG,4369,False,,images46
kaggle_fake_real_medicine,kaggle_fake_real\dataset\Real\images47.jpg,authentic,unsplit_pool,223,226,JPEG,5040,False,,images47
kaggle_fake_real_medicine,kaggle_fake_real\dataset\Real\images48.jpg,authentic,unsplit_pool,227,222,JPEG,6595,False,,images48
kaggle_fake_real_medicine,kaggle_fake_real\dataset\Real\images49.jpg,authentic,unsplit_pool,223,226,JPEG,3668,False,,images49
kaggle_fake_real_medicine,kaggle_fake_real\dataset\Real\images50.jpg,authentic,unsplit_pool,236,214,JPEG,6932,True,watermark_stock_photo_confound,images50
kaggle_fake_real_medicine,kaggle_fake_real\dataset\Real\images5001.jpg,authentic,unsplit_pool,100,100,JPEG,3355,True,watermark_stock_photo_confound,images5001
kaggle_fake_real_medicine,kaggle_fake_real\dataset\Real\images5003.jpg,authentic,unsplit_pool,100,100,JPEG,2168,True,watermark_stock_photo_confound,images5003
kaggle_fake_real_medicine,kaggle_fake_real\dataset\Real\images5004.jpg,authentic,unsplit_pool,100,100,JPEG,1776,False,,images5004
kaggle_fake_real_medicine,kaggle_fake_real\dataset\Real\images5005.jpg,authentic,unsplit_pool,100,100,JPEG,1729,False,,images5005
kaggle_fake_real_medicine,kaggle_fake_real\dataset\Real\images5007.jpg,authentic,unsplit_pool,100,100,JPEG,2927,True,watermark_stock_photo_confound,images5007
kaggle_fake_real_medicine,kaggle_fake_real\dataset\Real\images5008.jpg,authentic,unsplit_pool,100,100,JPEG,1263,False,,images5008
kaggle_fake_real_medicine,kaggle_fake_real\dataset\Real\images5010.jpg,authentic,unsplit_pool,100,100,JPEG,2021,False,,images5010
kaggle_fake_real_medicine,kaggle_fake_real\dataset\Real\images5011.jpg,authentic,unsplit_pool,100,100,JPEG,1818,False,,images5011
kaggle_fake_real_medicine,kaggle_fake_real\dataset\Real\images5012.jpg,authentic,unsplit_pool,100,100,JPEG,1530,True,not_a_medicine_photo_browser_screenshot,images5012
kaggle_fake_real_medicine,kaggle_fake_real\dataset\Real\images5013.jpg,authentic,unsplit_pool,100,100,JPEG,1971,False,,images5013
kaggle_fake_real_medicine,kaggle_fake_real\dataset\Real\images5014.jpg,authentic,unsplit_pool,100,100,JPEG,2596,False,,images5014
kaggle_fake_real_medicine,kaggle_fake_real\dataset\Real\images5015.jpg,authentic,unsplit_pool,100,100,JPEG,1791,False,,images5015
kaggle_fake_real_medicine,kaggle_fake_real\dataset\Real\images5017.jpg,authentic,unsplit_pool,100,100,JPEG,2088,False,,images5017
kaggle_fake_real_medicine,kaggle_fake_real\dataset\Real\images5018.jpg,authentic,unsplit_pool,100,100,JPEG,2796,False,,images5018
kaggle_fake_real_medicine,kaggle_fake_real\dataset\Real\images5019.jpg,authentic,unsplit_pool,100,100,JPEG,2480,False,,images5019
kaggle_fake_real_medicine,kaggle_fake_real\dataset\Real\images5020.jpg,authentic,unsplit_pool,100,100,JPEG,2018,False,,images5020
kaggle_fake_real_medicine,kaggle_fake_real\dataset\Real\images5021.jpg,authentic,unsplit_pool,100,100,JPEG,1903,False,,images5021
kaggle_fake_real_medicine,kaggle_fake_real\dataset\Real\images5023.jpg,authentic,unsplit_pool,225,225,JPEG,4940,False,,images5023
kaggle_fake_real_medicine,kaggle_fake_real\dataset\Real\images5024.jpg,authentic,unsplit_pool,175,288,JPEG,9172,False,,images5024
kaggle_fake_real_medicine,kaggle_fake_real\dataset\Real\images5025.jpg,authentic,unsplit_pool,222,227,JPEG,14516,True,watermark_stock_photo_confound,images5025
kaggle_fake_real_medicine,kaggle_fake_real\dataset\Real\images5026.jpg,authentic,unsplit_pool,223,226,JPEG,14631,True,watermark_stock_photo_confound,images5026
kaggle_fake_real_medicine,kaggle_fake_real\dataset\Real\images5028.jpg,authentic,unsplit_pool,225,225,JPEG,7495,True,watermark_stock_photo_confound,images5028
kaggle_fake_real_medicine,kaggle_fake_real\dataset\Real\images5029.jpg,authentic,unsplit_pool,225,225,JPEG,6826,False,,images5029
kaggle_fake_real_medicine,kaggle_fake_real\dataset\Real\images5032.jpg,authentic,unsplit_pool,242,209,JPEG,13707,False,,images5032
kaggle_fake_real_medicine,kaggle_fake_real\dataset\Real\images5033.jpg,authentic,unsplit_pool,225,225,JPEG,5115,False,,images5033
kaggle_fake_real_medicine,kaggle_fake_real\dataset\Real\images5034.jpg,authentic,unsplit_pool,225,225,JPEG,8554,False,,images5034
kaggle_fake_real_medicine,kaggle_fake_real\dataset\Real\images5035.jpg,authentic,unsplit_pool,225,225,JPEG,6792,True,watermark_stock_photo_confound,images5035
kaggle_fake_real_medicine,kaggle_fake_real\dataset\Real\images5038.jpg,authentic,unsplit_pool,205,246,JPEG,10147,False,,images5038
kaggle_fake_real_medicine,kaggle_fake_real\dataset\Real\images5039.jpg,authentic,unsplit_pool,225,225,JPEG,8224,False,,images5039
kaggle_fake_real_medicine,kaggle_fake_real\dataset\Real\images5040.jpg,authentic,unsplit_pool,225,225,JPEG,14784,True,watermark_stock_photo_confound,images5040
kaggle_fake_real_medicine,kaggle_fake_real\dataset\Real\images5041.jpg,authentic,unsplit_pool,225,225,JPEG,11851,False,,images5041
kaggle_fake_real_medicine,kaggle_fake_real\dataset\Real\images5043.jpg,authentic,unsplit_pool,281,180,JPEG,5926,True,watermark_stock_photo_confound,images5043
kaggle_fake_real_medicine,kaggle_fake_real\dataset\Real\images5044.jpg,authentic,unsplit_pool,225,225,JPEG,10036,False,,images5044
kaggle_fake_real_medicine,kaggle_fake_real\dataset\Real\images5045.jpg,authentic,unsplit_pool,225,225,JPEG,8011,True,watermark_stock_photo_confound,images5045
kaggle_fake_real_medicine,kaggle_fake_real\dataset\Real\images5046.jpg,authentic,unsplit_pool,225,225,JPEG,6796,False,,images5046
kaggle_fake_real_medicine,kaggle_fake_real\dataset\Real\images5047.jpg,authentic,unsplit_pool,100,100,JPEG,2798,False,,images5047
kaggle_fake_real_medicine,kaggle_fake_real\dataset\Real\images5049.jpg,authentic,unsplit_pool,100,100,JPEG,2336,False,,images5049
kaggle_fake_real_medicine,kaggle_fake_real\dataset\Real\images5050.jpg,authentic,unsplit_pool,259,194,JPEG,7572,False,,images5050
kaggle_fake_real_medicine,kaggle_fake_real\dataset\Real\images5051.jpg,authentic,unsplit_pool,225,225,JPEG,4205,False,,images5051
kaggle_fake_real_medicine,kaggle_fake_real\dataset\Real\images5052.jpg,authentic,unsplit_pool,241,209,JPEG,14467,False,,images5052
kaggle_fake_real_medicine,kaggle_fake_real\dataset\Real\images5053.jpg,authentic,unsplit_pool,225,225,JPEG,4190,False,,images5053
kaggle_fake_real_medicine,kaggle_fake_real\dataset\Real\images5054.jpg,authentic,unsplit_pool,225,225,JPEG,7443,False,,images5054
kaggle_fake_real_medicine,kaggle_fake_real\dataset\Real\images5055.jpg,authentic,unsplit_pool,245,206,JPEG,6079,False,,images5055
kaggle_fake_real_medicine,kaggle_fake_real\dataset\Real\images5057.jpg,authentic,unsplit_pool,281,180,JPEG,4930,False,,images5057
kaggle_fake_real_medicine,kaggle_fake_real\dataset\Real\images5058.jpg,authentic,unsplit_pool,220,229,JPEG,13569,True,watermark_stock_photo_confound,images5058
kaggle_fake_real_medicine,kaggle_fake_real\dataset\Real\images5059.jpg,authentic,unsplit_pool,223,226,JPEG,6568,False,,images5059
kaggle_fake_real_medicine,kaggle_fake_real\dataset\Real\images5060.jpg,authentic,unsplit_pool,225,225,JPEG,6922,False,,images5060
kaggle_fake_real_medicine,kaggle_fake_real\dataset\Real\images5061.jpg,authentic,unsplit_pool,225,225,JPEG,6695,False,,images5061
kaggle_fake_real_medicine,kaggle_fake_real\dataset\Real\images5062.jpg,authentic,unsplit_pool,225,225,JPEG,3874,False,,images5062
kaggle_fake_real_medicine,kaggle_fake_real\dataset\Real\images5063.jpg,authentic,unsplit_pool,225,225,JPEG,4102,False,,images5063
kaggle_fake_real_medicine,kaggle_fake_real\dataset\Real\images5064.jpg,authentic,unsplit_pool,225,225,JPEG,9075,False,,images5064
kaggle_fake_real_medicine,kaggle_fake_real\dataset\Real\images5065.jpg,authentic,unsplit_pool,221,228,JPEG,10510,True,watermark_stock_photo_confound,images5065
kaggle_fake_real_medicine,kaggle_fake_real\dataset\Real\images5067.jpg,authentic,unsplit_pool,223,226,JPEG,7717,False,,images5067
kaggle_fake_real_medicine,kaggle_fake_real\dataset\Real\images5068.jpg,authentic,unsplit_pool,281,180,JPEG,5333,False,,images5068
kaggle_fake_real_medicine,kaggle_fake_real\dataset\Real\images5069.jpg,authentic,unsplit_pool,223,226,JPEG,11256,False,,images5069
kaggle_fake_real_medicine,kaggle_fake_real\dataset\Real\images5070.jpg,authentic,unsplit_pool,225,225,JPEG,10481,False,,images5070
kaggle_fake_real_medicine,kaggle_fake_real\dataset\Real\images5071.jpg,authentic,unsplit_pool,225,225,JPEG,6906,False,,images5071
kaggle_fake_real_medicine,kaggle_fake_real\dataset\Real\images5072.jpg,authentic,unsplit_pool,225,225,JPEG,11314,False,,images5072
kaggle_fake_real_medicine,kaggle_fake_real\dataset\Real\images5073.jpg,authentic,unsplit_pool,222,227,JPEG,13537,False,,images5073
kaggle_fake_real_medicine,kaggle_fake_real\dataset\Real\images5074.jpg,authentic,unsplit_pool,100,100,JPEG,3489,False,,images5074
kaggle_fake_real_medicine,kaggle_fake_real\dataset\Real\images5075.jpg,authentic,unsplit_pool,100,100,JPEG,2217,True,syrup_bottle_wrong_modality,images5075
kaggle_fake_real_medicine,kaggle_fake_real\dataset\Real\images5077.jpg,authentic,unsplit_pool,225,225,JPEG,3438,False,,images5077
kaggle_fake_real_medicine,kaggle_fake_real\dataset\Real\images5078.jpg,authentic,unsplit_pool,225,225,JPEG,6621,False,,images5078
kaggle_fake_real_medicine,kaggle_fake_real\dataset\Real\images5079.jpg,authentic,unsplit_pool,225,225,JPEG,3262,True,syrup_bottle_wrong_modality,images5079
kaggle_fake_real_medicine,kaggle_fake_real\dataset\Real\images5080.jpg,authentic,unsplit_pool,225,225,JPEG,7690,False,,images5080
kaggle_fake_real_medicine,kaggle_fake_real\dataset\Real\images5081.jpg,authentic,unsplit_pool,259,194,JPEG,6742,False,,images5081
kaggle_fake_real_medicine,kaggle_fake_real\dataset\Real\images5082.jpg,authentic,unsplit_pool,223,226,JPEG,4831,False,,images5082
kaggle_fake_real_medicine,kaggle_fake_real\dataset\Real\images5083.jpg,authentic,unsplit_pool,221,228,JPEG,12670,True,watermark_stock_photo_confound,images5083
kaggle_fake_real_medicine,kaggle_fake_real\dataset\Real\images5084.jpg,authentic,unsplit_pool,225,225,JPEG,5812,False,,images5084
kaggle_fake_real_medicine,kaggle_fake_real\dataset\Real\images5085.jpg,authentic,unsplit_pool,259,194,JPEG,9182,True,watermark_stock_photo_confound,images5085
kaggle_fake_real_medicine,kaggle_fake_real\dataset\Real\images5086.jpg,authentic,unsplit_pool,225,225,JPEG,4929,False,,images5086
kaggle_fake_real_medicine,kaggle_fake_real\dataset\Real\images5087.jpg,authentic,unsplit_pool,223,226,JPEG,3854,False,,images5087
kaggle_fake_real_medicine,kaggle_fake_real\dataset\Real\images5088.jpg,authentic,unsplit_pool,243,207,JPEG,11180,True,watermark_stock_photo_confound,images5088
kaggle_fake_real_medicine,kaggle_fake_real\dataset\Real\images5089.jpg,authentic,unsplit_pool,225,225,JPEG,6704,False,,images5089
kaggle_fake_real_medicine,kaggle_fake_real\dataset\Real\images5090.jpg,authentic,unsplit_pool,281,180,JPEG,5552,True,watermark_stock_photo_confound,images5090
kaggle_fake_real_medicine,kaggle_fake_real\dataset\Real\images5091.jpg,authentic,unsplit_pool,300,168,JPEG,15570,False,,images5091
kaggle_fake_real_medicine,kaggle_fake_real\dataset\Real\images5092.jpg,authentic,unsplit_pool,225,225,JPEG,11354,False,,images5092
kaggle_fake_real_medicine,kaggle_fake_real\dataset\Real\images5093.jpg,authentic,unsplit_pool,223,226,JPEG,4093,False,,images5093
kaggle_fake_real_medicine,kaggle_fake_real\dataset\Real\images5094.jpg,authentic,unsplit_pool,225,225,JPEG,9270,False,,images5094
kaggle_fake_real_medicine,kaggle_fake_real\dataset\Real\images5095.jpg,authentic,unsplit_pool,180,281,JPEG,8703,False,,images5095
kaggle_fake_real_medicine,kaggle_fake_real\dataset\Real\images5096.jpg,authentic,unsplit_pool,249,203,JPEG,9411,False,,images5096
kaggle_fake_real_medicine,kaggle_fake_real\dataset\Real\images5097.jpg,authentic,unsplit_pool,225,225,JPEG,5721,False,,images5097
kaggle_fake_real_medicine,kaggle_fake_real\dataset\Real\images5098.jpg,authentic,unsplit_pool,225,225,JPEG,10040,False,,images5098
kaggle_fake_real_medicine,kaggle_fake_real\dataset\Real\images5099.jpg,authentic,unsplit_pool,237,213,JPEG,7162,False,,images5099
kaggle_fake_real_medicine,kaggle_fake_real\dataset\Real\images51.jpg,authentic,unsplit_pool,194,259,JPEG,5738,False,,images51
kaggle_fake_real_medicine,kaggle_fake_real\dataset\Real\images5100.jpg,authentic,unsplit_pool,100,100,JPEG,2856,False,,images5100
kaggle_fake_real_medicine,kaggle_fake_real\dataset\Real\images5102.jpg,authentic,unsplit_pool,100,100,JPEG,2537,False,,images5102
kaggle_fake_real_medicine,kaggle_fake_real\dataset\Real\images5103.jpg,authentic,unsplit_pool,225,225,JPEG,5160,False,,images5103
kaggle_fake_real_medicine,kaggle_fake_real\dataset\Real\images5104.jpg,authentic,unsplit_pool,225,225,JPEG,6163,False,,images5104
kaggle_fake_real_medicine,kaggle_fake_real\dataset\Real\images5105.jpg,authentic,unsplit_pool,259,194,JPEG,8177,True,watermark_stock_photo_confound,images5105
kaggle_fake_real_medicine,kaggle_fake_real\dataset\Real\images5106.jpg,authentic,unsplit_pool,225,225,JPEG,9787,False,,images5106
kaggle_fake_real_medicine,kaggle_fake_real\dataset\Real\images5107.jpg,authentic,unsplit_pool,225,225,JPEG,4430,False,,images5107
kaggle_fake_real_medicine,kaggle_fake_real\dataset\Real\images5108.jpg,authentic,unsplit_pool,225,224,JPEG,6647,False,,images5108
kaggle_fake_real_medicine,kaggle_fake_real\dataset\Real\images5109.jpg,authentic,unsplit_pool,167,302,JPEG,9240,False,,images5109
kaggle_fake_real_medicine,kaggle_fake_real\dataset\Real\images5110.jpg,authentic,unsplit_pool,225,225,JPEG,1571,False,,images5110
kaggle_fake_real_medicine,kaggle_fake_real\dataset\Real\images5111.jpg,authentic,unsplit_pool,225,225,JPEG,7301,False,,images5111
kaggle_fake_real_medicine,kaggle_fake_real\dataset\Real\images5112.jpg,authentic,unsplit_pool,225,225,JPEG,7215,False,,images5112
kaggle_fake_real_medicine,kaggle_fake_real\dataset\Real\images5113.jpg,authentic,unsplit_pool,205,246,JPEG,7529,False,,images5113
kaggle_fake_real_medicine,kaggle_fake_real\dataset\Real\images5114.jpg,authentic,unsplit_pool,194,259,JPEG,5417,True,syrup_bottle_wrong_modality,images5114
kaggle_fake_real_medicine,kaggle_fake_real\dataset\Real\images5115.jpg,authentic,unsplit_pool,225,225,JPEG,7048,True,watermark_stock_photo_confound,images5115
kaggle_fake_real_medicine,kaggle_fake_real\dataset\Real\images5116.jpg,authentic,unsplit_pool,221,228,JPEG,14370,False,,images5116
kaggle_fake_real_medicine,kaggle_fake_real\dataset\Real\images5117.jpg,authentic,unsplit_pool,225,225,JPEG,12635,False,,images5117
kaggle_fake_real_medicine,kaggle_fake_real\dataset\Real\images5118.jpg,authentic,unsplit_pool,225,225,JPEG,6650,True,watermark_stock_photo_confound,images5118
kaggle_fake_real_medicine,kaggle_fake_real\dataset\Real\images5119.jpg,authentic,unsplit_pool,300,168,JPEG,5769,False,,images5119
kaggle_fake_real_medicine,kaggle_fake_real\dataset\Real\images5120.jpg,authentic,unsplit_pool,224,224,JPEG,6913,False,,images5120
kaggle_fake_real_medicine,kaggle_fake_real\dataset\Real\images5121.jpg,authentic,unsplit_pool,225,225,JPEG,3925,False,,images5121
kaggle_fake_real_medicine,kaggle_fake_real\dataset\Real\images5122.jpg,authentic,unsplit_pool,225,225,JPEG,10779,False,,images5122
kaggle_fake_real_medicine,kaggle_fake_real\dataset\Real\images5123.jpg,authentic,unsplit_pool,100,100,JPEG,1858,False,,images5123
kaggle_fake_real_medicine,kaggle_fake_real\dataset\Real\images5124.jpg,authentic,unsplit_pool,100,100,JPEG,2726,False,,images5124
kaggle_fake_real_medicine,kaggle_fake_real\dataset\Real\images5125.jpg,authentic,unsplit_pool,100,100,JPEG,3191,False,,images5125
kaggle_fake_real_medicine,kaggle_fake_real\dataset\Real\images5126.jpg,authentic,unsplit_pool,223,226,JPEG,6173,False,,images5126
kaggle_fake_real_medicine,kaggle_fake_real\dataset\Real\images5127.jpg,authentic,unsplit_pool,187,270,JPEG,8015,False,,images5127
