image_id,source_dataset,orig_relpath,class_label,product_identity,cluster_size,modality,apparent_capture_condition,width,height,format,notes
roboflow_counterfeit_med_detection_552035579b,Roboflow - Counterfeit_med_detection (v4),roboflow\train\images4110_jpg.rf.a51e0991684677a14b9133060d820f1f.jpg,authentic,pid_00000,19,outer_packaging_or_product_photo,unclassified_needs_manual_review,640,640,JPEG,member_of_near_duplicate_cluster_size_19
roboflow_counterfeit_med_detection_0d326e802f,Roboflow - Counterfeit_med_detection (v4),roboflow\train\images239_jpg.rf.a540397ce79b45d1f9bb91b4662815e1.jpg,authentic,pid_00001,22,outer_packaging_or_product_photo,unclassified_needs_manual_review,640,640,JPEG,member_of_near_duplicate_cluster_size_22
roboflow_counterfeit_med_detection_6cfbb5ec81,Roboflow - Counterfeit_med_detection (v4),roboflow\train\images342_jpg.rf.a4eb8f802f5a983da235655539bb2cff.jpg,authentic,pid_00002,25,outer_packaging_or_product_photo,unclassified_needs_manual_review,640,640,JPEG,member_of_near_duplicate_cluster_size_25
roboflow_counterfeit_med_detection_cd817d8d11,Roboflow - Counterfeit_med_detection (v4),roboflow\train\images349_jpg.rf.a45a8680d4a5970bba93346bad1ed1b9.jpg,authentic,pid_00003,1,outer_packaging_or_product_photo,unclassified_needs_manual_review,640,640,JPEG,
roboflow_counterfeit_med_detection_54b90024ff,Roboflow - Counterfeit_med_detection (v4),roboflow\train\images314_jpg.rf.a5086ebc5a1623d5efdbb3d7391d1649.jpg,authentic,pid_00004,5,outer_packaging_or_product_photo,unclassified_needs_manual_review,640,640,JPEG,member_of_near_duplicate_cluster_size_5
roboflow_counterfeit_med_detection_74200db1e5,Roboflow - Counterfeit_med_detection (v4),roboflow\train\images5097_jpg.rf.a4df7443dac11baeb0b36b3965d6c94b.jpg,authentic,pid_00005,28,outer_packaging_or_product_photo,unclassified_needs_manual_review,640,640,JPEG,member_of_near_duplicate_cluster_size_28
roboflow_counterfeit_med_detection_2cb154a402,Roboflow - Counterfeit_med_detection (v4),roboflow\train\images36_jpg.rf.a48f22d8fdf91da130c454497de884ea.jpg,authentic,pid_00006,37,outer_packaging_or_product_photo,unclassified_needs_manual_review,640,640,JPEG,member_of_near_duplicate_cluster_size_37
roboflow_counterfeit_med_detection_e0f019891f,Roboflow - Counterfeit_med_detection (v4),roboflow\train\images02_jpg.rf.a52f743680b9c9b5c64582a70139e3eb.jpg,authentic,pid_00007,14,outer_packaging_or_product_photo,unclassified_needs_manual_review,640,640,JPEG,member_of_near_duplicate_cluster_size_14
roboflow_counterfeit_med_detection_23d5c173a5,Roboflow - Counterfeit_med_detection (v4),roboflow\train\images15_jpg.rf.a490747ae66eb8b3075407a8c3ee1b9f.jpg,authentic,pid_00008,6,outer_packaging_or_product_photo,unclassified_needs_manual_review,640,640,JPEG,member_of_near_duplicate_cluster_size_6
roboflow_counterfeit_med_detection_d1f95449fc,Roboflow - Counterfeit_med_detection (v4),roboflow\train\images5034_jpg.rf.a49699cbfbc9b6b1d1173a59dfe2728b.jpg,authentic,pid_00009,19,outer_packaging_or_product_photo,unclassified_needs_manual_review,640,640,JPEG,member_of_near_duplicate_cluster_size_19
roboflow_counterfeit_med_detection_6db26a9ff4,Roboflow - Counterfeit_med_detection (v4),roboflow\train\images4060_jpg.rf.a4ce4bfe3ef3a874aa01866abc2132ab.jpg,authentic,pid_00010,56,outer_packaging_or_product_photo,unclassified_needs_manual_review,640,640,JPEG,member_of_near_duplicate_cluster_size_56
roboflow_counterfeit_med_detection_84240a6b72,Roboflow - Counterfeit_med_detection (v4),roboflow\train\images5041_jpg.rf.a526102f3fcdf9b3dba445669a264078.jpg,authentic,pid_00011,14,outer_packaging_or_product_photo,unclassified_needs_manual_review,640,640,JPEG,member_of_near_duplicate_cluster_size_14
roboflow_counterfeit_med_detection_cf5c066973,Roboflow - Counterfeit_med_detection (v4),roboflow\train\images4031_jpg.rf.a51b0a1065129520d6ad2cb49efb2d3e.jpg,authentic,pid_00012,23,outer_packaging_or_product_photo,unclassified_needs_manual_review,640,640,JPEG,member_of_near_duplicate_cluster_size_23
roboflow_counterfeit_med_detection_fa1204569a,Roboflow - Counterfeit_med_detection (v4),roboflow\train\images5032_jpg.rf.a51bdf9d50613304f305581f8151e894.jpg,authentic,pid_00013,19,outer_packaging_or_product_photo,unclassified_needs_manual_review,640,640,JPEG,member_of_near_duplicate_cluster_size_19
roboflow_counterfeit_med_detection_8647371a92,Roboflow - Counterfeit_med_detection (v4),roboflow\train\images5044_jpg.rf.a505cbc20eb4cab11ffc39bd7b73f8bf.jpg,authentic,pid_00014,19,outer_packaging_or_product_photo,unclassified_needs_manual_review,640,640,JPEG,member_of_near_duplicate_cluster_size_19
roboflow_counterfeit_med_detection_8b77e43012,Roboflow - Counterfeit_med_detection (v4),roboflow\train\images5127_jpg.rf.a57bc5e91475e321b22f04c7e2059d5d.jpg,authentic,pid_00015,12,outer_packaging_or_product_photo,unclassified_needs_manual_review,640,640,JPEG,member_of_near_duplicate_cluster_size_12
roboflow_counterfeit_med_detection_ece6fa1307,Roboflow - Counterfeit_med_detection (v4),roboflow\train\images5127_jpg.rf.a4fa2276745964ac01a537ba99b48b4f.jpg,authentic,pid_00015,12,outer_packaging_or_product_photo,unclassified_needs_manual_review,640,640,JPEG,member_of_near_duplicate_cluster_size_12
roboflow_counterfeit_med_detection_fd5f134490,Roboflow - Counterfeit_med_detection (v4),roboflow\train\images252_jpg.rf.a581a9434dc7cbfa7d9a6976b3bd8d44.jpg,authentic,pid_00016,10,outer_packaging_or_product_photo,unclassified_needs_manual_review,640,640,JPEG,member_of_near_duplicate_cluster_size_10
roboflow_counterfeit_med_detection_6b51465d8d,Roboflow - Counterfeit_med_detection (v4),roboflow\train\images4048_jpg.rf.a4c17d7c984bf7560dbfb1faed201c5e.jpg,authentic,pid_00017,28,outer_packaging_or_product_photo,unclassified_needs_manual_review,640,640,JPEG,member_of_near_duplicate_cluster_size_28
roboflow_counterfeit_med_detection_46006546ed,Roboflow - Counterfeit_med_detection (v4),roboflow\train\images302_jpg.rf.a5558bea247c2d6babaa37fdd6ba7e64.jpg,authentic,pid_00018,18,outer_packaging_or_product_photo,unclassified_needs_manual_review,640,640,JPEG,member_of_near_duplicate_cluster_size_18
roboflow_counterfeit_med_detection_d1087f2469,Roboflow - Counterfeit_med_detection (v4),roboflow\train\images264_jpg.rf.a57ce9bdca6feb2c39fa01b0372a38c6.jpg,authentic,pid_00019,18,outer_packaging_or_product_photo,unclassified_needs_manual_review,640,640,JPEG,member_of_near_duplicate_cluster_size_18
roboflow_counterfeit_med_detection_2aa0f3978c,Roboflow - Counterfeit_med_detection (v4),roboflow\train\images351_jpg.rf.a47be2687a17ae7c12b66da50e3b3651.jpg,authentic,pid_00020,25,outer_packaging_or_product_photo,unclassified_needs_manual_review,640,640,JPEG,member_of_near_duplicate_cluster_size_25
roboflow_counterfeit_med_detection_91259987f6,Roboflow - Counterfeit_med_detection (v4),roboflow\train\images5085_jpg.rf.a552e5697b00220f2d64d6c836829b6a.jpg,authentic,pid_00021,10,outer_packaging_or_product_photo,unclassified_needs_manual_review,640,640,JPEG,member_of_near_duplicate_cluster_size_10
roboflow_counterfeit_med_detection_59448ec257,Roboflow - Counterfeit_med_detection (v4),roboflow\train\images4040_jpg.rf.a5a603fc1817f8e46647741d1f94a0f1.jpg,authentic,pid_00022,10,outer_packaging_or_product_photo,unclassified_needs_manual_review,640,640,JPEG,member_of_near_duplicate_cluster_size_10
roboflow_counterfeit_med_detection_47b0e14831,Roboflow - Counterfeit_med_detection (v4),roboflow\train\images323_jpg.rf.a5d43742007667bc9965f8edc4c1764a.jpg,authentic,pid_00023,18,outer_packaging_or_product_photo,unclassified_needs_manual_review,640,640,JPEG,member_of_near_duplicate_cluster_size_18
roboflow_counterfeit_med_detection_41fd198dc2,Roboflow - Counterfeit_med_detection (v4),roboflow\train\images23_jpg.rf.a4cc85b4859398e2a28fa6a107a1796c.jpg,authentic,pid_00024,22,outer_packaging_or_product_photo,unclassified_needs_manual_review,640,640,JPEG,member_of_near_duplicate_cluster_size_22
roboflow_counterfeit_med_detection_020c5ace00,Roboflow - Counterfeit_med_detection (v4),roboflow\train\images4094_jpg.rf.a5b10555833d1873e1307b44e07bb382.jpg,authentic,pid_00025,19,outer_packaging_or_product_photo,unclassified_needs_manual_review,640,640,JPEG,member_of_near_duplicate_cluster_size_19
roboflow_counterfeit_med_detection_b2f2d58d34,Roboflow - Counterfeit_med_detection (v4),roboflow\train\images4081_jpg.rf.a5cd2836ac37680e83e0cbd1b966f659.jpg,authentic,pid_00026,19,outer_packaging_or_product_photo,unclassified_needs_manual_review,640,640,JPEG,member_of_near_duplicate_cluster_size_19
roboflow_counterfeit_med_detection_93851a3c7d,Roboflow - Counterfeit_med_detection (v4),roboflow\train\images266_jpg.rf.a5e9885104ba4f7b06323b17e1e7ff23.jpg,authentic,pid_00027,19,outer_packaging_or_product_photo,unclassified_needs_manual_review,640,640,JPEG,member_of_near_duplicate_cluster_size_19
roboflow_counterfeit_med_detection_4ae4f3ff82,Roboflow - Counterfeit_med_detection (v4),roboflow\train\images4054_jpg.rf.a5eafa610705e6ce1ca5e8918701631f.jpg,authentic,pid_00028,35,outer_packaging_or_product_photo,unclassified_needs_manual_review,640,640,JPEG,member_of_near_duplicate_cluster_size_35
roboflow_counterfeit_med_detection_cff918ec2e,Roboflow - Counterfeit_med_detection (v4),roboflow\train\images5090_jpg.rf.a5f568846e1e54f6cf42469bb31079cd.jpg,authentic,pid_00029,7,outer_packaging_or_product_photo,unclassified_needs_manual_review,640,640,JPEG,member_of_near_duplicate_cluster_size_7
roboflow_counterfeit_med_detection_fd1c42e09e,Roboflow - Counterfeit_med_detection (v4),roboflow\train\images210_jpg.rf.a5ef21a4c25edb110418abd2074edb02.jpg,authentic,pid_00030,9,outer_packaging_or_product_photo,unclassified_needs_manual_review,640,640,JPEG,member_of_near_duplicate_cluster_size_9
roboflow_counterfeit_med_detection_a9b1856479,Roboflow - Counterfeit_med_detection (v4),roboflow\train\images257_jpg.rf.a6986385aa9b3885cc059a73cf729d28.jpg,authentic,pid_00031,25,outer_packaging_or_product_photo,unclassified_needs_manual_review,640,640,JPEG,member_of_near_duplicate_cluster_size_25
roboflow_counterfeit_med_detection_6b5b74a6cb,Roboflow - Counterfeit_med_detection (v4),roboflow\train\images4054_jpg.rf.a620a74484eab33ee9fdd9038d98d742.jpg,authentic,pid_00028,35,outer_packaging_or_product_photo,unclassified_needs_manual_review,640,640,JPEG,member_of_near_duplicate_cluster_size_35
roboflow_counterfeit_med_detection_369c44b881,Roboflow - Counterfeit_med_detection (v4),roboflow\train\images210_jpg.rf.a630442f099713a0b8ff693c1b3020a6.jpg,authentic,pid_00030,9,outer_packaging_or_product_photo,unclassified_needs_manual_review,640,640,JPEG,member_of_near_duplicate_cluster_size_9
roboflow_counterfeit_med_detection_97e1d386ef,Roboflow - Counterfeit_med_detection (v4),roboflow\train\images4095_jpg.rf.a6be4d5c0aa28f3972d96c2e79ea5a72.jpg,authentic,pid_00032,16,outer_packaging_or_product_photo,unclassified_needs_manual_review,640,640,JPEG,member_of_near_duplicate_cluster_size_16
roboflow_counterfeit_med_detection_8ff50b979d,Roboflow - Counterfeit_med_detection (v4),roboflow\train\images5045_jpg.rf.a6c8f1aac711e0a698c0fdbfc1fa6ceb.jpg,authentic,pid_00033,4,outer_packaging_or_product_photo,unclassified_needs_manual_review,640,640,JPEG,member_of_near_duplicate_cluster_size_4
roboflow_counterfeit_med_detection_4c4fc58b26,Roboflow - Counterfeit_med_detection (v4),roboflow\train\images08_jpg.rf.a66cb524410ddfbdd648f66f82911829.jpg,authentic,pid_00034,12,outer_packaging_or_product_photo,unclassified_needs_manual_review,640,640,JPEG,member_of_near_duplicate_cluster_size_12
roboflow_counterfeit_med_detection_e54712269d,Roboflow - Counterfeit_med_detection (v4),roboflow\train\images5112_jpg.rf.a64f5b2041b17283124fcdd51aa7325e.jpg,authentic,pid_00035,19,outer_packaging_or_product_photo,unclassified_needs_manual_review,640,640,JPEG,member_of_near_duplicate_cluster_size_19
roboflow_counterfeit_med_detection_5a5f389061,Roboflow - Counterfeit_med_detection (v4),roboflow\train\images5051_jpg.rf.a6be84a962a88aec51aa76578bbfb53f.jpg,authentic,pid_00036,18,outer_packaging_or_product_photo,unclassified_needs_manual_review,640,640,JPEG,member_of_near_duplicate_cluster_size_18
roboflow_counterfeit_med_detection_5bba6847be,Roboflow - Counterfeit_med_detection (v4),roboflow\train\images5052_jpg.rf.a69e81ca1951eb9ab6a098c00b3c17b8.jpg,authentic,pid_00037,19,outer_packaging_or_product_photo,unclassified_needs_manual_review,640,640,JPEG,member_of_near_duplicate_cluster_size_19
roboflow_counterfeit_med_detection_f0299406db,Roboflow - Counterfeit_med_detection (v4),roboflow\train\images348_jpg.rf.a6c193d8d91f56ea8b3f3ad90ed7a96f.jpg,authentic,pid_00038,37,outer_packaging_or_product_photo,unclassified_needs_manual_review,640,640,JPEG,member_of_near_duplicate_cluster_size_37
roboflow_counterfeit_med_detection_8062863254,Roboflow - Counterfeit_med_detection (v4),roboflow\train\images351_jpg.rf.a6e47e56db944d584f0ef198fa736d48.jpg,authentic,pid_00020,25,outer_packaging_or_product_photo,unclassified_needs_manual_review,640,640,JPEG,member_of_near_duplicate_cluster_size_25
roboflow_counterfeit_med_detection_61ca53dc08,Roboflow - Counterfeit_med_detection (v4),roboflow\train\images5097_jpg.rf.a6eaa300239181c9700b1fb1ab3c63b9.jpg,authentic,pid_00005,28,outer_packaging_or_product_photo,unclassified_needs_manual_review,640,640,JPEG,member_of_near_duplicate_cluster_size_28
roboflow_counterfeit_med_detection_deaa199444,Roboflow - Counterfeit_med_detection (v4),roboflow\train\images212_jpg.rf.a6dd53a8c682d97defcdf8040bc88433.jpg,authentic,pid_00024,22,outer_packaging_or_product_photo,unclassified_needs_manual_review,640,640,JPEG,member_of_near_duplicate_cluster_size_22
roboflow_counterfeit_med_detection_2e39287269,Roboflow - Counterfeit_med_detection (v4),roboflow\train\images38_jpg.rf.a6c10d0b2e79affd3812f0f83e6c8dac.jpg,authentic,pid_00039,35,outer_packaging_or_product_photo,unclassified_needs_manual_review,640,640,JPEG,member_of_near_duplicate_cluster_size_35
roboflow_counterfeit_med_detection_93369609d0,Roboflow - Counterfeit_med_detection (v4),roboflow\train\images301_jpg.rf.a757fd75656aad57c32819faf7b0fbcf.jpg,authentic,pid_00040,13,outer_packaging_or_product_photo,unclassified_needs_manual_review,640,640,JPEG,member_of_near_duplicate_cluster_size_13
roboflow_counterfeit_med_detection_a83f92ce74,Roboflow - Counterfeit_med_detection (v4),roboflow\train\images349_jpg.rf.a75a26fa80bcee968ecd6f40b5ea2702.jpg,authentic,pid_00041,11,outer_packaging_or_product_photo,unclassified_needs_manual_review,640,640,JPEG,member_of_near_duplicate_cluster_size_11
roboflow_counterfeit_med_detection_e8d3f0b881,Roboflow - Counterfeit_med_detection (v4),roboflow\train\images4116_jpg.rf.a6dc1a1f6315a164fbe5123a012f97f6.jpg,authentic,pid_00042,7,outer_packaging_or_product_photo,unclassified_needs_manual_review,640,640,JPEG,member_of_near_duplicate_cluster_size_7
roboflow_counterfeit_med_detection_95e8e21376,Roboflow - Counterfeit_med_detection (v4),roboflow\train\images08_jpg.rf.a75c8f64ef265722cb3d6a0a1462ee30.jpg,authentic,pid_00043,19,outer_packaging_or_product_photo,unclassified_needs_manual_review,640,640,JPEG,member_of_near_duplicate_cluster_size_19
roboflow_counterfeit_med_detection_d324d2cde5,Roboflow - Counterfeit_med_detection (v4),roboflow\train\images09_jpg.rf.a70859fe65fc117002e52843bf82a48d.jpg,authentic,pid_00044,12,outer_packaging_or_product_photo,unclassified_needs_manual_review,640,640,JPEG,member_of_near_duplicate_cluster_size_12
roboflow_counterfeit_med_detection_21a1d244db,Roboflow - Counterfeit_med_detection (v4),roboflow\train\images4116_jpg.rf.a6d04fb6edb7dec0f50431cc0c6a3cc5.jpg,authentic,pid_00045,12,outer_packaging_or_product_photo,unclassified_needs_manual_review,640,640,JPEG,member_of_near_duplicate_cluster_size_12
roboflow_counterfeit_med_detection_9890b0d004,Roboflow - Counterfeit_med_detection (v4),roboflow\train\images352_jpg.rf.a717e8d39eca233ab0c6e96c72c4e41f.jpg,authentic,pid_00046,18,outer_packaging_or_product_photo,unclassified_needs_manual_review,640,640,JPEG,member_of_near_duplicate_cluster_size_18
roboflow_counterfeit_med_detection_8d8c61d985,Roboflow - Counterfeit_med_detection (v4),roboflow\train\images4100_jpg.rf.a7c8dba42241c072d710c6d9c101f3b9.jpg,authentic,pid_00047,15,outer_packaging_or_product_photo,unclassified_needs_manual_review,640,640,JPEG,member_of_near_duplicate_cluster_size_15
roboflow_counterfeit_med_detection_5c0b3282ac,Roboflow - Counterfeit_med_detection (v4),roboflow\train\images339_jpg.rf.a7895f15a30ebd74065818f02aa04a4f.jpg,authentic,pid_00048,34,outer_packaging_or_product_photo,unclassified_needs_manual_review,640,640,JPEG,member_of_near_duplicate_cluster_size_34
roboflow_counterfeit_med_detection_0eb0d99199,Roboflow - Counterfeit_med_detection (v4),roboflow\train\images5024_jpg.rf.a7c73ce399a84f6f310a2e7ed7ddc6d4.jpg,authentic,pid_00049,2,outer_packaging_or_product_photo,unclassified_needs_manual_review,640,640,JPEG,member_of_near_duplicate_cluster_size_2
roboflow_counterfeit_med_detection_182613a683,Roboflow - Counterfeit_med_detection (v4),roboflow\train\images4040_jpg.rf.a82a124b519aa1ba0f8663b8ecfe8d6a.jpg,authentic,pid_00050,3,outer_packaging_or_product_photo,unclassified_needs_manual_review,640,640,JPEG,member_of_near_duplicate_cluster_size_3
roboflow_counterfeit_med_detection_c9e433584a,Roboflow - Counterfeit_med_detection (v4),roboflow\train\images4061_jpg.rf.a83205936613954e4e5a492f1440abaf.jpg,authentic,pid_00051,17,outer_packaging_or_product_photo,unclassified_needs_manual_review,640,640,JPEG,member_of_near_duplicate_cluster_size_17
roboflow_counterfeit_med_detection_74eaddccc1,Roboflow - Counterfeit_med_detection (v4),roboflow\train\images346_jpg.rf.a7e37e7797854749dddb28ace9e41521.jpg,authentic,pid_00052,12,outer_packaging_or_product_photo,unclassified_needs_manual_review,640,640,JPEG,member_of_near_duplicate_cluster_size_12
roboflow_counterfeit_med_detection_55649aa21c,Roboflow - Counterfeit_med_detection (v4),roboflow\train\images5034_jpg.rf.a86e3253929eb7a474c9851d9db8f00a.jpg,authentic,pid_00009,19,outer_packaging_or_product_photo,unclassified_needs_manual_review,640,640,JPEG,member_of_near_duplicate_cluster_size_19
roboflow_counterfeit_med_detection_6c74df78de,Roboflow - Counterfeit_med_detection (v4),roboflow\train\images21_jpg.rf.a883ba59475a1757c54c8d6a28473847.jpg,authentic,pid_00053,12,outer_packaging_or_product_photo,unclassified_needs_manual_review,640,640,JPEG,member_of_near_duplicate_cluster_size_12
roboflow_counterfeit_med_detection_7886bbcd32,Roboflow - Counterfeit_med_detection (v4),roboflow\train\images5024_jpg.rf.a89d66ad78116080ea01ad1a122be51b.jpg,authentic,pid_00054,1,outer_packaging_or_product_photo,unclassified_needs_manual_review,640,640,JPEG,
roboflow_counterfeit_med_detection_c3eaded323,Roboflow - Counterfeit_med_detection (v4),roboflow\train\images208_jpg.rf.a8cd88a4b83aba4f6825831235326a94.jpg,authentic,pid_00055,19,outer_packaging_or_product_photo,unclassified_needs_manual_review,640,640,JPEG,member_of_near_duplicate_cluster_size_19
roboflow_counterfeit_med_detection_10d6b98fb4,Roboflow - Counterfeit_med_detection (v4),roboflow\train\images338_jpg.rf.a8be5b785c9588bfd66a1f74ffc2a6bd.jpg,authentic,pid_00056,10,outer_packaging_or_product_photo,unclassified_needs_manual_review,640,640,JPEG,member_of_near_duplicate_cluster_size_10
roboflow_counterfeit_med_detection_3d510c0910,Roboflow - Counterfeit_med_detection (v4),roboflow\train\images4038_jpg.rf.a8b67bb0a5a401e93a469841ddb02b43.jpg,authentic,pid_00057,55,outer_packaging_or_product_photo,unclassified_needs_manual_review,640,640,JPEG,member_of_near_duplicate_cluster_size_55
roboflow_counterfeit_med_detection_ee915758ba,Roboflow - Counterfeit_med_detection (v4),roboflow\train\images219_jpg.rf.a88eef173ae13d043a2d2f48d653c7cf.jpg,authentic,pid_00058,7,outer_packaging_or_product_photo,unclassified_needs_manual_review,640,640,JPEG,member_of_near_duplicate_cluster_size_7
roboflow_counterfeit_med_detection_f9b068edae,Roboflow - Counterfeit_med_detection (v4),roboflow\train\images315_jpg.rf.a8c420bac9cbf27961c1cd6f028988cc.jpg,authentic,pid_00059,12,outer_packaging_or_product_photo,unclassified_needs_manual_review,640,640,JPEG,member_of_near_duplicate_cluster_size_12
roboflow_counterfeit_med_detection_23d859c9da,Roboflow - Counterfeit_med_detection (v4),roboflow\train\images4029_jpg.rf.a8cfdf9b8a3ff9ab0d72fd25269993b0.jpg,authentic,pid_00060,14,outer_packaging_or_product_photo,unclassified_needs_manual_review,640,640,JPEG,member_of_near_duplicate_cluster_size_14
roboflow_counterfeit_med_detection_8d032490de,Roboflow - Counterfeit_med_detection (v4),roboflow\train\images4033_jpg.rf.a8cdbe682a5713190071a9c077a0cd74.jpg,authentic,pid_00061,41,outer_packaging_or_product_photo,unclassified_needs_manual_review,640,640,JPEG,member_of_near_duplicate_cluster_size_41
roboflow_counterfeit_med_detection_8b1555beed,Roboflow - Counterfeit_med_detection (v4),roboflow\train\images209_jpg.rf.a8d0dfb5a55da75f8d58f7ce5ea6e6be.jpg,authentic,pid_00062,14,outer_packaging_or_product_photo,unclassified_needs_manual_review,640,640,JPEG,member_of_near_duplicate_cluster_size_14
roboflow_counterfeit_med_detection_2f88898125,Roboflow - Counterfeit_med_detection (v4),roboflow\train\images5115_jpg.rf.a7f5662d45e98933f30e1fe16c8d3998.jpg,authentic,pid_00063,2,outer_packaging_or_product_photo,unclassified_needs_manual_review,640,640,JPEG,member_of_near_duplicate_cluster_size_2
roboflow_counterfeit_med_detection_7ffcc97a28,Roboflow - Counterfeit_med_detection (v4),roboflow\train\images316_jpg.rf.a8e38b69595cde4faa73de5ed631d35c.jpg,authentic,pid_00064,19,outer_packaging_or_product_photo,unclassified_needs_manual_review,640,640,JPEG,member_of_near_duplicate_cluster_size_19
roboflow_counterfeit_med_detection_44c4fa3133,Roboflow - Counterfeit_med_detection (v4),roboflow\train\images4079_jpg.rf.a8eb5285431668ae00d01c3b626b157d.jpg,authentic,pid_00065,3,outer_packaging_or_product_photo,unclassified_needs_manual_review,640,640,JPEG,member_of_near_duplicate_cluster_size_3
roboflow_counterfeit_med_detection_f6aa41667c,Roboflow - Counterfeit_med_detection (v4),roboflow\train\images4116_jpg.rf.a8eec3c40442a04516399b468ff8118e.jpg,authentic,pid_00042,7,outer_packaging_or_product_photo,unclassified_needs_manual_review,640,640,JPEG,member_of_near_duplicate_cluster_size_7
roboflow_counterfeit_med_detection_b9e3fdc380,Roboflow - Counterfeit_med_detection (v4),roboflow\train\images256_jpg.rf.a97523dac2a325e24add956506c976c0.jpg,authentic,pid_00066,23,outer_packaging_or_product_photo,unclassified_needs_manual_review,640,640,JPEG,member_of_near_duplicate_cluster_size_23
roboflow_counterfeit_med_detection_17954498f9,Roboflow - Counterfeit_med_detection (v4),roboflow\train\images219_jpg.rf.a93a71204d9c23578c39acf795481cad.jpg,authentic,pid_00067,11,outer_packaging_or_product_photo,unclassified_needs_manual_review,640,640,JPEG,member_of_near_duplicate_cluster_size_11
roboflow_counterfeit_med_detection_af161819ce,Roboflow - Counterfeit_med_detection (v4),roboflow\train\images222_jpg.rf.a9cb05f505b23dd616a61ece5776b0b5.jpg,authentic,pid_00068,36,outer_packaging_or_product_photo,unclassified_needs_manual_review,640,640,JPEG,member_of_near_duplicate_cluster_size_36
roboflow_counterfeit_med_detection_868e905816,Roboflow - Counterfeit_med_detection (v4),roboflow\train\images5052_jpg.rf.a97f963868f757e83142fd09f390500c.jpg,authentic,pid_00037,19,outer_packaging_or_product_photo,unclassified_needs_manual_review,640,640,JPEG,member_of_near_duplicate_cluster_size_19
roboflow_counterfeit_med_detection_59e35107bc,Roboflow - Counterfeit_med_detection (v4),roboflow\train\images4039_jpg.rf.a999931e8aa019c0b691a3328ee2fdd4.jpg,authentic,pid_00069,17,outer_packaging_or_product_photo,unclassified_needs_manual_review,640,640,JPEG,member_of_near_duplicate_cluster_size_17
roboflow_counterfeit_med_detection_e5b0fe714e,Roboflow - Counterfeit_med_detection (v4),roboflow\train\images252_jpg.rf.a95a81a7c4171d26cbcb31de44b990b5.jpg,authentic,pid_00070,12,outer_packaging_or_product_photo,unclassified_needs_manual_review,640,640,JPEG,member_of_near_duplicate_cluster_size_12
roboflow_counterfeit_med_detection_5368eace88,Roboflow - Counterfeit_med_detection (v4),roboflow\train\images4045_jpg.rf.aa4b04bab14bff900690b764499e1f91.jpg,authentic,pid_00071,8,outer_packaging_or_product_photo,unclassified_needs_manual_review,640,640,JPEG,member_of_near_duplicate_cluster_size_8
roboflow_counterfeit_med_detection_60bc3fc373,Roboflow - Counterfeit_med_detection (v4),roboflow\train\images262_jpg.rf.a92f3715f3689f1247ede77b6276c362.jpg,authentic,pid_00072,20,outer_packaging_or_product_photo,unclassified_needs_manual_review,640,640,JPEG,member_of_near_duplicate_cluster_size_20
roboflow_counterfeit_med_detection_fb0b818b61,Roboflow - Counterfeit_med_detection (v4),roboflow\train\images35_jpg.rf.a92a60d752563a85eca89690d8698ce8.jpg,authentic,pid_00073,25,outer_packaging_or_product_photo,unclassified_needs_manual_review,640,640,JPEG,member_of_near_duplicate_cluster_size_25
roboflow_counterfeit_med_detection_01724b2316,Roboflow - Counterfeit_med_detection (v4),roboflow\train\images321_jpg.rf.aa1cf2e20ca3b6f61cd5edcfaec7d118.jpg,authentic,pid_00074,55,outer_packaging_or_product_photo,unclassified_needs_manual_review,640,640,JPEG,member_of_near_duplicate_cluster_size_55
roboflow_counterfeit_med_detection_ca91625d29,Roboflow - Counterfeit_med_detection (v4),roboflow\train\images4039_jpg.rf.a90266a7d70a3850c6160de7be710c5e.jpg,authentic,pid_00075,20,outer_packaging_or_product_photo,unclassified_needs_manual_review,640,640,JPEG,member_of_near_duplicate_cluster_size_20
roboflow_counterfeit_med_detection_8bd063622c,Roboflow - Counterfeit_med_detection (v4),roboflow\train\images4039_jpg.rf.a945afbf88f906e807a9b56541bfe64d.jpg,authentic,pid_00069,17,outer_packaging_or_product_photo,unclassified_needs_manual_review,640,640,JPEG,member_of_near_duplicate_cluster_size_17
roboflow_counterfeit_med_detection_c6b3b25e94,Roboflow - Counterfeit_med_detection (v4),roboflow\train\images209_jpg.rf.a983f2b33ba114fae9fa09b5a95329c4.jpg,authentic,pid_00062,14,outer_packaging_or_product_photo,unclassified_needs_manual_review,640,640,JPEG,member_of_near_duplicate_cluster_size_14
roboflow_counterfeit_med_detection_9d9142e07e,Roboflow - Counterfeit_med_detection (v4),roboflow\train\images4068_jpg.rf.aa32938fd4ab899b4c7cc6b998d7c944.jpg,authentic,pid_00076,19,outer_packaging_or_product_photo,unclassified_needs_manual_review,640,640,JPEG,member_of_near_duplicate_cluster_size_19
roboflow_counterfeit_med_detection_8afb9752fe,Roboflow - Counterfeit_med_detection (v4),roboflow\train\images4058_jpg.rf.aa2ec254c6703085527f4c0f9b0d76cb.jpg,authentic,pid_00077,19,outer_packaging_or_product_photo,unclassified_needs_manual_review,640,640,JPEG,member_of_near_duplicate_cluster_size_19
roboflow_counterfeit_med_detection_63c53f518e,Roboflow - Counterfeit_med_detection (v4),roboflow\train\images240_jpg.rf.aa4d256e4194df9b10b1558eb74f8796.jpg,authentic,pid_00078,6,outer_packaging_or_product_photo,unclassified_needs_manual_review,640,640,JPEG,member_of_near_duplicate_cluster_size_6
roboflow_counterfeit_med_detection_5c71aa662e,Roboflow - Counterfeit_med_detection (v4),roboflow\train\images4063_jpg.rf.aaf89781ec1aef91c298498803cfbc5d.jpg,authentic,pid_00079,14,outer_packaging_or_product_photo,unclassified_needs_manual_review,640,640,JPEG,member_of_near_duplicate_cluster_size_14
roboflow_counterfeit_med_detection_2f5e2f41a9,Roboflow - Counterfeit_med_detection (v4),roboflow\train\images213_jpg.rf.aab222844af06ddd63a24c660891c090.jpg,authentic,pid_00080,6,outer_packaging_or_product_photo,unclassified_needs_manual_review,640,640,JPEG,member_of_near_duplicate_cluster_size_6
roboflow_counterfeit_med_detection_ee218543c3,Roboflow - Counterfeit_med_detection (v4),roboflow\train\images268_jpg.rf.aaed47461b9313079b6fc19bc50f97e3.jpg,authentic,pid_00010,56,outer_packaging_or_product_photo,unclassified_needs_manual_review,640,640,JPEG,member_of_near_duplicate_cluster_size_56
roboflow_counterfeit_med_detection_6557c8138f,Roboflow - Counterfeit_med_detection (v4),roboflow\train\images242_jpg.rf.aac3045f52a9846b6a018cda3a72d143.jpg,authentic,pid_00081,6,outer_packaging_or_product_photo,unclassified_needs_manual_review,640,640,JPEG,member_of_near_duplicate_cluster_size_6
roboflow_counterfeit_med_detection_3231939e72,Roboflow - Counterfeit_med_detection (v4),roboflow\train\images214_jpg.rf.aa4f3e95bc4764251be187971d782393.jpg,authentic,pid_00082,19,outer_packaging_or_product_photo,unclassified_needs_manual_review,640,640,JPEG,member_of_near_duplicate_cluster_size_19
roboflow_counterfeit_med_detection_eb5ebebf5f,Roboflow - Counterfeit_med_detection (v4),roboflow\train\images4029_jpg.rf.aad47efff46053c214daa3bcc32aa63e.jpg,authentic,pid_00083,23,outer_packaging_or_product_photo,unclassified_needs_manual_review,640,640,JPEG,member_of_near_duplicate_cluster_size_23
roboflow_counterfeit_med_detection_1602ddc724,Roboflow - Counterfeit_med_detection (v4),roboflow\train\images4090_jpg.rf.ab95c16b0af8d66b55253b4b1a9a8481.jpg,authentic,pid_00084,21,outer_packaging_or_product_photo,unclassified_needs_manual_review,640,640,JPEG,member_of_near_duplicate_cluster_size_21
roboflow_counterfeit_med_detection_6e8762240a,Roboflow - Counterfeit_med_detection (v4),roboflow\train\images5107_jpg.rf.ab34c0c85a9c4c13daf8923dac5cc269.jpg,authentic,pid_00085,17,outer_packaging_or_product_photo,unclassified_needs_manual_review,640,640,JPEG,member_of_near_duplicate_cluster_size_17
roboflow_counterfeit_med_detection_c7b590c286,Roboflow - Counterfeit_med_detection (v4),roboflow\train\images4035_jpg.rf.ab18df9e8af1fdd5525c2efb9f34366c.jpg,authentic,pid_00086,18,outer_packaging_or_product_photo,unclassified_needs_manual_review,640,640,JPEG,member_of_near_duplicate_cluster_size_18
roboflow_counterfeit_med_detection_6ebb90a3b0,Roboflow - Counterfeit_med_detection (v4),roboflow\train\images4046_jpg.rf.abbf76455cccd847bf95e5b65adaec3b.jpg,authentic,pid_00087,37,outer_packaging_or_product_photo,unclassified_needs_manual_review,640,640,JPEG,member_of_near_duplicate_cluster_size_37
roboflow_counterfeit_med_detection_e1560d58e7,Roboflow - Counterfeit_med_detection (v4),roboflow\train\images5111_jpg.rf.ac28487c7f1d77805684ddc4d85b0fdd.jpg,authentic,pid_00088,35,outer_packaging_or_product_photo,unclassified_needs_manual_review,640,640,JPEG,member_of_near_duplicate_cluster_size_35
roboflow_counterfeit_med_detection_d407529476,Roboflow - Counterfeit_med_detection (v4),roboflow\train\images4068_jpg.rf.ab672406fac552546887879b2fcad08c.jpg,authentic,pid_00076,19,outer_packaging_or_product_photo,unclassified_needs_manual_review,640,640,JPEG,member_of_near_duplicate_cluster_size_19
roboflow_counterfeit_med_detection_a72b69aef5,Roboflow - Counterfeit_med_detection (v4),roboflow\train\images342_jpg.rf.ac8cf1d31ec4f90a6335501e911962ba.jpg,authentic,pid_00089,12,outer_packaging_or_product_photo,unclassified_needs_manual_review,640,640,JPEG,member_of_near_duplicate_cluster_size_12
roboflow_counterfeit_med_detection_79cb9e845e,Roboflow - Counterfeit_med_detection (v4),roboflow\train\images231_jpg.rf.ababd88d0753cf0be2d47110ed5b8ac5.jpg,authentic,pid_00090,18,outer_packaging_or_product_photo,unclassified_needs_manual_review,640,640,JPEG,member_of_near_duplicate_cluster_size_18
roboflow_counterfeit_med_detection_392a3ac7e7,Roboflow - Counterfeit_med_detection (v4),roboflow\train\images5062_jpg.rf.ac0724254e0ac49fa009816a2fb5f7e9.jpg,authentic,pid_00091,20,outer_packaging_or_product_photo,unclassified_needs_manual_review,640,640,JPEG,member_of_near_duplicate_cluster_size_20
roboflow_counterfeit_med_detection_9981f77fea,Roboflow - Counterfeit_med_detection (v4),roboflow\train\images4100_jpg.rf.aba9cf743f66771b894c318a928cab49.jpg,authentic,pid_00047,15,outer_packaging_or_product_photo,unclassified_needs_manual_review,640,640,JPEG,member_of_near_duplicate_cluster_size_15
roboflow_counterfeit_med_detection_851ffdd4ab,Roboflow - Counterfeit_med_detection (v4),roboflow\train\images4042_jpg.rf.ac6e3b7b5db301a8650c34576c74ab58.jpg,authentic,pid_00092,40,outer_packaging_or_product_photo,unclassified_needs_manual_review,640,640,JPEG,member_of_near_duplicate_cluster_size_40
roboflow_counterfeit_med_detection_1dafe24116,Roboflow - Counterfeit_med_detection (v4),roboflow\train\images4069_jpg.rf.ac01ba66ef9a006c8619dddbcae126af.jpg,authentic,pid_00093,2,outer_packaging_or_product_photo,unclassified_needs_manual_review,640,640,JPEG,member_of_near_duplicate_cluster_size_2
roboflow_counterfeit_med_detection_2752ab6a90,Roboflow - Counterfeit_med_detection (v4),roboflow\train\images263_jpg.rf.ac9c4bc957ea8225c384e3bbd6e5165a.jpg,authentic,pid_00094,25,outer_packaging_or_product_photo,unclassified_needs_manual_review,640,640,JPEG,member_of_near_duplicate_cluster_size_25
roboflow_counterfeit_med_detection_e277df43ae,Roboflow - Counterfeit_med_detection (v4),roboflow\train\images4060_jpg.rf.ac79f5ab24cc5f9391361be5f9c35d76.jpg,authentic,pid_00010,56,outer_packaging_or_product_photo,unclassified_needs_manual_review,640,640,JPEG,member_of_near_duplicate_cluster_size_56
roboflow_counterfeit_med_detection_264f599027,Roboflow - Counterfeit_med_detection (v4),roboflow\train\images210_jpg.rf.ac469894b7bfefdaadea27136e5f4411.jpg,authentic,pid_00095,10,outer_packaging_or_product_photo,unclassified_needs_manual_review,640,640,JPEG,member_of_near_duplicate_cluster_size_10
roboflow_counterfeit_med_detection_b08ba05403,Roboflow - Counterfeit_med_detection (v4),roboflow\train\images5023_jpg.rf.abc587777620c4a61d1b56d2bb87b4b9.jpg,authentic,pid_00096,34,outer_packaging_or_product_photo,unclassified_needs_manual_review,640,640,JPEG,member_of_near_duplicate_cluster_size_34
roboflow_counterfeit_med_detection_0c4808aa4b,Roboflow - Counterfeit_med_detection (v4),roboflow\train\images4061_jpg.rf.abfa052be1ca405564057145f265f0a8.jpg,authentic,pid_00097,19,outer_packaging_or_product_photo,unclassified_needs_manual_review,640,640,JPEG,member_of_near_duplicate_cluster_size_19
roboflow_counterfeit_med_detection_5ea964ef86,Roboflow - Counterfeit_med_detection (v4),roboflow\train\images4107_jpg.rf.abc28e075448cb42a1edf5da5a08c38d.jpg,authentic,pid_00098,13,outer_packaging_or_product_photo,unclassified_needs_manual_review,640,640,JPEG,member_of_near_duplicate_cluster_size_13
roboflow_counterfeit_med_detection_5c458540ea,Roboflow - Counterfeit_med_detection (v4),roboflow\train\images5040_jpg.rf.ac8640d2141b222f78cf4f20a57e80d7.jpg,authentic,pid_00099,17,outer_packaging_or_product_photo,unclassified_needs_manual_review,640,640,JPEG,member_of_near_duplicate_cluster_size_17
roboflow_counterfeit_med_detection_bd9513fd60,Roboflow - Counterfeit_med_detection (v4),roboflow\train\images13_jpg.rf.ac0341374cfb04be28a4b7b22a2d3513.jpg,authentic,pid_00100,1,outer_packaging_or_product_photo,unclassified_needs_manual_review,640,640,JPEG,
roboflow_counterfeit_med_detection_3aefe5e17c,Roboflow - Counterfeit_med_detection (v4),roboflow\train\images338_jpg.rf.abba598057a3b2ebbee8dfcfeb966e67.jpg,authentic,pid_00101,6,outer_packaging_or_product_photo,unclassified_needs_manual_review,640,640,JPEG,member_of_near_duplicate_cluster_size_6
roboflow_counterfeit_med_detection_28cadf9f14,Roboflow - Counterfeit_med_detection (v4),roboflow\train\images258_jpg.rf.ac62fe0819a0de0fdb9a9b1af2174147.jpg,authentic,pid_00102,19,outer_packaging_or_product_photo,unclassified_needs_manual_review,640,640,JPEG,member_of_near_duplicate_cluster_size_19
roboflow_counterfeit_med_detection_30f60a62f6,Roboflow - Counterfeit_med_detection (v4),roboflow\train\images4079_jpg.rf.acd7375c1833a0deeb1df579940645d4.jpg,authentic,pid_00103,13,outer_packaging_or_product_photo,unclassified_needs_manual_review,640,640,JPEG,member_of_near_duplicate_cluster_size_13
roboflow_counterfeit_med_detection_fa8f538a88,Roboflow - Counterfeit_med_detection (v4),roboflow\train\images4110_jpg.rf.acae9a4fb59ca2239dae7cbf7a2260ad.jpg,authentic,pid_00000,19,outer_packaging_or_product_photo,unclassified_needs_manual_review,640,640,JPEG,member_of_near_duplicate_cluster_size_19
roboflow_counterfeit_med_detection_ec805b11f1,Roboflow - Counterfeit_med_detection (v4),roboflow\train\images4067_jpg.rf.acc88fd2ae80eb517a6b1cec8d38fece.jpg,authentic,pid_00104,20,outer_packaging_or_product_photo,unclassified_needs_manual_review,640,640,JPEG,member_of_near_duplicate_cluster_size_20
roboflow_counterfeit_med_detection_472813a17a,Roboflow - Counterfeit_med_detection (v4),roboflow\train\images07_jpg.rf.ace6377076399c138a31cfb40ee69015.jpg,authentic,pid_00105,20,outer_packaging_or_product_photo,unclassified_needs_manual_review,640,640,JPEG,member_of_near_duplicate_cluster_size_20
roboflow_counterfeit_med_detection_921eede6e9,Roboflow - Counterfeit_med_detection (v4),roboflow\train\images212_jpg.rf.ad799fe8e6ebf168301cfd6ba9934e02.jpg,authentic,pid_00024,22,outer_packaging_or_product_photo,unclassified_needs_manual_review,640,640,JPEG,member_of_near_duplicate_cluster_size_22
roboflow_counterfeit_med_detection_dc3a668a25,Roboflow - Counterfeit_med_detection (v4),roboflow\train\images307_jpg.rf.ad89999007a7d388f55465e628a3b6c5.jpg,authentic,pid_00106,8,outer_packaging_or_product_photo,unclassified_needs_manual_review,640,640,JPEG,member_of_near_duplicate_cluster_size_8
roboflow_counterfeit_med_detection_c9392a61a5,Roboflow - Counterfeit_med_detection (v4),roboflow\train\images275_jpg.rf.ad546e3ae417ed2d06993aaaeb70885a.jpg,authentic,pid_00107,19,outer_packaging_or_product_photo,unclassified_needs_manual_review,640,640,JPEG,member_of_near_duplicate_cluster_size_19
roboflow_counterfeit_med_detection_ad4923a29d,Roboflow - Counterfeit_med_detection (v4),roboflow\train\images5090_jpg.rf.acf0d9eb7d6cd9f9480f8827f5ef1d41.jpg,authentic,pid_00108,10,outer_packaging_or_product_photo,unclassified_needs_manual_review,640,640,JPEG,member_of_near_duplicate_cluster_size_10
roboflow_counterfeit_med_detection_7c7df1bb22,Roboflow - Counterfeit_med_detection (v4),roboflow\train\images4090_jpg.rf.ad3145545a304c239924910d11107e49.jpg,authentic,pid_00084,21,outer_packaging_or_product_photo,unclassified_needs_manual_review,640,640,JPEG,member_of_near_duplicate_cluster_size_21
roboflow_counterfeit_med_detection_4099ca6b2c,Roboflow - Counterfeit_med_detection (v4),roboflow\train\images242_jpg.rf.acfd28974f8c8533e0f32235b77e0785.jpg,authentic,pid_00109,12,outer_packaging_or_product_photo,unclassified_needs_manual_review,640,640,JPEG,member_of_near_duplicate_cluster_size_12
roboflow_counterfeit_med_detection_e8202e93ee,Roboflow - Counterfeit_med_detection (v4),roboflow\train\images268_jpg.rf.ad9945d9f92c150e289c0c3ab6644466.jpg,authentic,pid_00010,56,outer_packaging_or_product_photo,unclassified_needs_manual_review,640,640,JPEG,member_of_near_duplicate_cluster_size_56
roboflow_counterfeit_med_detection_668b4343a6,Roboflow - Counterfeit_med_detection (v4),roboflow\train\images4047_jpg.rf.ad7b04cc0f20b1767830241bf899c12b.jpg,authentic,pid_00110,25,outer_packaging_or_product_photo,unclassified_needs_manual_review,640,640,JPEG,member_of_near_duplicate_cluster_size_25
roboflow_counterfeit_med_detection_88def639c0,Roboflow - Counterfeit_med_detection (v4),roboflow\train\images283_jpg.rf.ad507df30184157dc00d122faa06965b.jpg,authentic,pid_00111,6,outer_packaging_or_product_photo,unclassified_needs_manual_review,640,640,JPEG,member_of_near_duplicate_cluster_size_6
roboflow_counterfeit_med_detection_a84eac9f18,Roboflow - Counterfeit_med_detection (v4),roboflow\train\images349_jpg.rf.adaef565250d63f6528cc4f63a72de4a.jpg,authentic,pid_00112,9,outer_packaging_or_product_photo,unclassified_needs_manual_review,640,640,JPEG,member_of_near_duplicate_cluster_size_9
roboflow_counterfeit_med_detection_19c133e955,Roboflow - Counterfeit_med_detection (v4),roboflow\train\images303_jpg.rf.adc889f4ce153ecbc276a1a7512f8de8.jpg,authentic,pid_00113,17,outer_packaging_or_product_photo,unclassified_needs_manual_review,640,640,JPEG,member_of_near_duplicate_cluster_size_17
roboflow_counterfeit_med_detection_a84d9aafb8,Roboflow - Counterfeit_med_detection (v4),roboflow\train\images316_jpg.rf.ae00faa010b7145221c6e61794651dee.jpg,authentic,pid_00064,19,outer_packaging_or_product_photo,unclassified_needs_manual_review,640,640,JPEG,member_of_near_duplicate_cluster_size_19
roboflow_counterfeit_med_detection_d0bbfb5f69,Roboflow - Counterfeit_med_detection (v4),roboflow\train\images19_jpg.rf.ae26fc70cdc75a822bb15b2759032baa.jpg,authentic,pid_00114,13,outer_packaging_or_product_photo,unclassified_needs_manual_review,640,640,JPEG,member_of_near_duplicate_cluster_size_13
roboflow_counterfeit_med_detection_0bd0d816ca,Roboflow - Counterfeit_med_detection (v4),roboflow\train\images5106_jpg.rf.ad4f9a71590bbc8b3f7199d59bdde08d.jpg,authentic,pid_00115,19,outer_packaging_or_product_photo,unclassified_needs_manual_review,640,640,JPEG,member_of_near_duplicate_cluster_size_19
roboflow_counterfeit_med_detection_63b21a1065,Roboflow - Counterfeit_med_detection (v4),roboflow\train\images31_jpg.rf.adee911c344b5dd548c07c76bc4fe7a4.jpg,authentic,pid_00116,18,outer_packaging_or_product_photo,unclassified_needs_manual_review,640,640,JPEG,member_of_near_duplicate_cluster_size_18
roboflow_counterfeit_med_detection_bc2198a56b,Roboflow - Counterfeit_med_detection (v4),roboflow\train\images4042_jpg.rf.addf216773162b54193ff365e2f4ec71.jpg,authentic,pid_00092,40,outer_packaging_or_product_photo,unclassified_needs_manual_review,640,640,JPEG,member_of_near_duplicate_cluster_size_40
roboflow_counterfeit_med_detection_b78b8d08a0,Roboflow - Counterfeit_med_detection (v4),roboflow\train\images5056_jpg.rf.ae4780cad821ebb6701a4bf760bd2385.jpg,authentic,pid_00117,11,outer_packaging_or_product_photo,unclassified_needs_manual_review,640,640,JPEG,member_of_near_duplicate_cluster_size_11
roboflow_counterfeit_med_detection_05feae9ee0,Roboflow - Counterfeit_med_detection (v4),roboflow\train\images4042_jpg.rf.ae6985a54d4c15349c4472b411b15b15.jpg,authentic,pid_00092,40,outer_packaging_or_product_photo,unclassified_needs_manual_review,640,640,JPEG,member_of_near_duplicate_cluster_size_40
roboflow_counterfeit_med_detection_86637e3ecc,Roboflow - Counterfeit_med_detection (v4),roboflow\train\images5053_jpg.rf.ae3f67c6c2f8f5173bb7c047a95d81de.jpg,authentic,pid_00118,7,outer_packaging_or_product_photo,unclassified_needs_manual_review,640,640,JPEG,member_of_near_duplicate_cluster_size_7
roboflow_counterfeit_med_detection_320a44d60c,Roboflow - Counterfeit_med_detection (v4),roboflow\train\images4060_jpg.rf.aefa339d42c1f543b091bf00556917e5.jpg,authentic,pid_00010,56,outer_packaging_or_product_photo,unclassified_needs_manual_review,640,640,JPEG,member_of_near_duplicate_cluster_size_56
roboflow_counterfeit_med_detection_6cf0fff9c5,Roboflow - Counterfeit_med_detection (v4),roboflow\train\images347_jpg.rf.aec905cea22e968ca9a1a2fed8b5a808.jpg,authentic,pid_00119,35,outer_packaging_or_product_photo,unclassified_needs_manual_review,640,640,JPEG,member_of_near_duplicate_cluster_size_35
roboflow_counterfeit_med_detection_93d51ac44f,Roboflow - Counterfeit_med_detection (v4),roboflow\train\images210_jpg.rf.aea00a9e8f7bde7079f90cc1bc781571.jpg,authentic,pid_00095,10,outer_packaging_or_product_photo,unclassified_needs_manual_review,640,640,JPEG,member_of_near_duplicate_cluster_size_10
roboflow_counterfeit_med_detection_9c36fa7914,Roboflow - Counterfeit_med_detection (v4),roboflow\train\images342_jpg.rf.aeeed21426fca8022487bd11d1f5ed52.jpg,authentic,pid_00089,12,outer_packaging_or_product_photo,unclassified_needs_manual_review,640,640,JPEG,member_of_near_duplicate_cluster_size_12
roboflow_counterfeit_med_detection_8c746b2a10,Roboflow - Counterfeit_med_detection (v4),roboflow\train\images222_jpg.rf.afc60a1e72ded2305f51fab5c8342d0f.jpg,authentic,pid_00068,36,outer_packaging_or_product_photo,unclassified_needs_manual_review,640,640,JPEG,member_of_near_duplicate_cluster_size_36
roboflow_counterfeit_med_detection_5abafd80f4,Roboflow - Counterfeit_med_detection (v4),roboflow\train\images5044_jpg.rf.afc930f4ba33af7c29bf61f6229d0ff8.jpg,authentic,pid_00014,19,outer_packaging_or_product_photo,unclassified_needs_manual_review,640,640,JPEG,member_of_near_duplicate_cluster_size_19
roboflow_counterfeit_med_detection_5226deaafa,Roboflow - Counterfeit_med_detection (v4),roboflow\train\images303_jpg.rf.afe05df5811a1061fad04cf4472af9f5.jpg,authentic,pid_00113,17,outer_packaging_or_product_photo,unclassified_needs_manual_review,640,640,JPEG,member_of_near_duplicate_cluster_size_17
roboflow_counterfeit_med_detection_6bedfe12cd,Roboflow - Counterfeit_med_detection (v4),roboflow\train\images232_jpg.rf.af489ee56c22b72c1002bc5b7d924b20.jpg,authentic,pid_00120,16,outer_packaging_or_product_photo,unclassified_needs_manual_review,640,640,JPEG,member_of_near_duplicate_cluster_size_16
roboflow_counterfeit_med_detection_dd4dbf8d65,Roboflow - Counterfeit_med_detection (v4),roboflow\train\images5059_jpg.rf.aec52beff2e8ccd113237956a7c08e69.jpg,authentic,pid_00121,19,outer_packaging_or_product_photo,unclassified_needs_manual_review,640,640,JPEG,member_of_near_duplicate_cluster_size_19
roboflow_counterfeit_med_detection_b44d099266,Roboflow - Counterfeit_med_detection (v4),roboflow\train\images4116_jpg.rf.af5e570d6319c41c3d4d5a5ae86f255b.jpg,authentic,pid_00045,12,outer_packaging_or_product_photo,unclassified_needs_manual_review,640,640,JPEG,member_of_near_duplicate_cluster_size_12
roboflow_counterfeit_med_detection_40b132cc0a,Roboflow - Counterfeit_med_detection (v4),roboflow\train\images4039_jpg.rf.afb9a2fd25742b5b49ab21fe83f93ddc.jpg,authentic,pid_00075,20,outer_packaging_or_product_photo,unclassified_needs_manual_review,640,640,JPEG,member_of_near_duplicate_cluster_size_20
roboflow_counterfeit_med_detection_450f88a27f,Roboflow - Counterfeit_med_detection (v4),roboflow\train\images311_jpg.rf.af83361db885d946dacbb417a8a4343b.jpg,authentic,pid_00122,7,outer_packaging_or_product_photo,unclassified_needs_manual_review,640,640,JPEG,member_of_near_duplicate_cluster_size_7
roboflow_counterfeit_med_detection_bdb6c365a4,Roboflow - Counterfeit_med_detection (v4),roboflow\train\images4063_jpg.rf.ae4e91b7a91b35cce05020975e661f05.jpg,authentic,pid_00123,11,outer_packaging_or_product_photo,unclassified_needs_manual_review,640,640,JPEG,member_of_near_duplicate_cluster_size_11
roboflow_counterfeit_med_detection_d13d8e2d2b,Roboflow - Counterfeit_med_detection (v4),roboflow\train\images19_jpg.rf.afa772ae5103b2d1bda3ae3ed3802da9.jpg,authentic,pid_00114,13,outer_packaging_or_product_photo,unclassified_needs_manual_review,640,640,JPEG,member_of_near_duplicate_cluster_size_13
roboflow_counterfeit_med_detection_4f8382cb46,Roboflow - Counterfeit_med_detection (v4),roboflow\train\images13_jpg.rf.b00ac3f7b9bcd9083099fd4d5085d976.jpg,authentic,pid_00124,11,outer_packaging_or_product_photo,unclassified_needs_manual_review,640,640,JPEG,member_of_near_duplicate_cluster_size_11
roboflow_counterfeit_med_detection_0febee73cc,Roboflow - Counterfeit_med_detection (v4),roboflow\train\images311_jpg.rf.b0171bfc1223d160d2e6f6db4604769c.jpg,authentic,pid_00122,7,outer_packaging_or_product_photo,unclassified_needs_manual_review,640,640,JPEG,member_of_near_duplicate_cluster_size_7
roboflow_counterfeit_med_detection_8557c8f9de,Roboflow - Counterfeit_med_detection (v4),roboflow\train\images5097_jpg.rf.aff16a2d883b89504f56bc17dfb7e891.jpg,authentic,pid_00005,28,outer_packaging_or_product_photo,unclassified_needs_manual_review,640,640,JPEG,member_of_near_duplicate_cluster_size_28
roboflow_counterfeit_med_detection_6b6cf5327a,Roboflow - Counterfeit_med_detection (v4),roboflow\train\images5060_jpg.rf.afa7dae2bbcb7cf472f66edcced2affd.jpg,authentic,pid_00094,25,outer_packaging_or_product_photo,unclassified_needs_manual_review,640,640,JPEG,member_of_near_duplicate_cluster_size_25
roboflow_counterfeit_med_detection_615345a12c,Roboflow - Counterfeit_med_detection (v4),roboflow\train\images5035_jpg.rf.afe8bde03d295abcc3a759da975d343b.jpg,authentic,pid_00125,19,outer_packaging_or_product_photo,unclassified_needs_manual_review,640,640,JPEG,member_of_near_duplicate_cluster_size_19
roboflow_counterfeit_med_detection_6379211721,Roboflow - Counterfeit_med_detection (v4),roboflow\train\images283_jpg.rf.af301b74fd77907cf9a38f6d3f9776cd.jpg,authentic,pid_00126,15,outer_packaging_or_product_photo,unclassified_needs_manual_review,640,640,JPEG,member_of_near_duplicate_cluster_size_15
roboflow_counterfeit_med_detection_17e9ce46c4,Roboflow - Counterfeit_med_detection (v4),roboflow\train\images5116_jpg.rf.b0740cae329eb256bb0c973c14b90b23.jpg,authentic,pid_00127,7,outer_packaging_or_product_photo,unclassified_needs_manual_review,640,640,JPEG,member_of_near_duplicate_cluster_size_7
roboflow_counterfeit_med_detection_e1567fc4c3,Roboflow - Counterfeit_med_detection (v4),roboflow\train\images351_jpg.rf.b0161117552cd0abaede0b3e36975977.jpg,authentic,pid_00128,12,outer_packaging_or_product_photo,unclassified_needs_manual_review,640,640,JPEG,member_of_near_duplicate_cluster_size_12
roboflow_counterfeit_med_detection_58371d09fb,Roboflow - Counterfeit_med_detection (v4),roboflow\train\images4025_jpg.rf.b08122030d9c62eb284352c14eea3144.jpg,authentic,pid_00129,29,outer_packaging_or_product_photo,unclassified_needs_manual_review,640,640,JPEG,member_of_near_duplicate_cluster_size_29
roboflow_counterfeit_med_detection_c818735d35,Roboflow - Counterfeit_med_detection (v4),roboflow\train\images4047_jpg.rf.afd65075f5f885d6a2e5531db19cc91d.jpg,authentic,pid_00130,12,outer_packaging_or_product_photo,unclassified_needs_manual_review,640,640,JPEG,member_of_near_duplicate_cluster_size_12
roboflow_counterfeit_med_detection_d96b6ae473,Roboflow - Counterfeit_med_detection (v4),roboflow\train\images235_jpg.rf.b0584ce211b113f8203b53f92a9c0855.jpg,authentic,pid_00034,12,outer_packaging_or_product_photo,unclassified_needs_manual_review,640,640,JPEG,member_of_near_duplicate_cluster_size_12
roboflow_counterfeit_med_detection_bbfc1d74f1,Roboflow - Counterfeit_med_detection (v4),roboflow\train\images5031_jpg.rf.b07ffa0ca515ce8dd2ba63edc60bfc4c.jpg,authentic,pid_00131,33,outer_packaging_or_product_photo,unclassified_needs_manual_review,640,640,JPEG,member_of_near_duplicate_cluster_size_33
roboflow_counterfeit_med_detection_eed46a6cf0,Roboflow - Counterfeit_med_detection (v4),roboflow\train\images4110_jpg.rf.b0dbb4e43eafd6936264a01faaf5b2be.jpg,authentic,pid_00000,19,outer_packaging_or_product_photo,unclassified_needs_manual_review,640,640,JPEG,member_of_near_duplicate_cluster_size_19
roboflow_counterfeit_med_detection_35dea203d6,Roboflow - Counterfeit_med_detection (v4),roboflow\train\images14_jpg.rf.b0621a13f9252e3539120be8fb9fa77a.jpg,authentic,pid_00132,13,outer_packaging_or_product_photo,unclassified_needs_manual_review,640,640,JPEG,member_of_near_duplicate_cluster_size_13
roboflow_counterfeit_med_detection_a2f595795a,Roboflow - Counterfeit_med_detection (v4),roboflow\train\images339_jpg.rf.b12a755e5ede8b4e1d80d0e5e8b0e76f.jpg,authentic,pid_00048,34,outer_packaging_or_product_photo,unclassified_needs_manual_review,640,640,JPEG,member_of_near_duplicate_cluster_size_34
roboflow_counterfeit_med_detection_d2b25a6303,Roboflow - Counterfeit_med_detection (v4),roboflow\train\images02_jpg.rf.b176ea33e99f5d7df042d10b47de29fd.jpg,authentic,pid_00007,14,outer_packaging_or_product_photo,unclassified_needs_manual_review,640,640,JPEG,member_of_near_duplicate_cluster_size_14
roboflow_counterfeit_med_detection_4abc77265e,Roboflow - Counterfeit_med_detection (v4),roboflow\train\images242_jpg.rf.b10341b87f5abe84ccef36a6d56a96b0.jpg,authentic,pid_00081,6,outer_packaging_or_product_photo,unclassified_needs_manual_review,640,640,JPEG,member_of_near_duplicate_cluster_size_6
roboflow_counterfeit_med_detection_dbd91ae583,Roboflow - Counterfeit_med_detection (v4),roboflow\train\images5104_jpg.rf.b168be55ba936e956b07dd392fcc1b4d.jpg,authentic,pid_00133,15,outer_packaging_or_product_photo,unclassified_needs_manual_review,640,640,JPEG,member_of_near_duplicate_cluster_size_15
roboflow_counterfeit_med_detection_ad43900544,Roboflow - Counterfeit_med_detection (v4),roboflow\train\images4107_jpg.rf.b104fd4be817fc3e13592f1ad102f856.jpg,authentic,pid_00098,13,outer_packaging_or_product_photo,unclassified_needs_manual_review,640,640,JPEG,member_of_near_duplicate_cluster_size_13
roboflow_counterfeit_med_detection_dfb9f37155,Roboflow - Counterfeit_med_detection (v4),roboflow\train\images4061_jpg.rf.b11d22ca9d260fecc81c8ad43153fa63.jpg,authentic,pid_00097,19,outer_packaging_or_product_photo,unclassified_needs_manual_review,640,640,JPEG,member_of_near_duplicate_cluster_size_19
roboflow_counterfeit_med_detection_444685d4e3,Roboflow - Counterfeit_med_detection (v4),roboflow\train\images335_jpg.rf.b0bfe8a68c5dc65d49a0f51a68fda1d6.jpg,authentic,pid_00134,7,outer_packaging_or_product_photo,unclassified_needs_manual_review,640,640,JPEG,member_of_near_duplicate_cluster_size_7
roboflow_counterfeit_med_detection_9bd1847627,Roboflow - Counterfeit_med_detection (v4),roboflow\train\images4100_jpg.rf.b0cb6b40430427fbcabb104292d4858c.jpg,authentic,pid_00047,15,outer_packaging_or_product_photo,unclassified_needs_manual_review,640,640,JPEG,member_of_near_duplicate_cluster_size_15
roboflow_counterfeit_med_detection_3de5929ecc,Roboflow - Counterfeit_med_detection (v4),roboflow\train\images4087_jpg.rf.b15a9f75c549e20969e6216c30e93b45.jpg,authentic,pid_00135,20,outer_packaging_or_product_photo,unclassified_needs_manual_review,640,640,JPEG,member_of_near_duplicate_cluster_size_20
roboflow_counterfeit_med_detection_7d42e4b689,Roboflow - Counterfeit_med_detection (v4),roboflow\train\images218_jpg.rf.b135b93e2903936572c859b1bb11922f.jpg,authentic,pid_00136,5,outer_packaging_or_product_photo,unclassified_needs_manual_review,640,640,JPEG,member_of_near_duplicate_cluster_size_5
roboflow_counterfeit_med_detection_80b7615d06,Roboflow - Counterfeit_med_detection (v4),roboflow\train\images339_jpg.rf.b16ae25acbac4882b7bd5fb9bcc97045.jpg,authentic,pid_00048,34,outer_packaging_or_product_photo,unclassified_needs_manual_review,640,640,JPEG,member_of_near_duplicate_cluster_size_34
roboflow_counterfeit_med_detection_ea58cc0513,Roboflow - Counterfeit_med_detection (v4),roboflow\train\images4035_jpg.rf.b178ed9a36fd074d931efbb6f3da2d2b.jpg,authentic,pid_00086,18,outer_packaging_or_product_photo,unclassified_needs_manual_review,640,640,JPEG,member_of_near_duplicate_cluster_size_18
roboflow_counterfeit_med_detection_b0c1bd120a,Roboflow - Counterfeit_med_detection (v4),roboflow\train\images01_jpg.rf.b18c76bac44fd8f956e949728711644d.jpg,authentic,pid_00137,5,outer_packaging_or_product_photo,unclassified_needs_manual_review,640,640,JPEG,member_of_near_duplicate_cluster_size_5
roboflow_counterfeit_med_detection_c40a9e49b4,Roboflow - Counterfeit_med_detection (v4),roboflow\train\images266_jpg.rf.b1826ff1afbf50495ef192eb5432e02a.jpg,authentic,pid_00027,19,outer_packaging_or_product_photo,unclassified_needs_manual_review,640,640,JPEG,member_of_near_duplicate_cluster_size_19
roboflow_counterfeit_med_detection_41cb2e2688,Roboflow - Counterfeit_med_detection (v4),roboflow\train\images4033_jpg.rf.b0fb93a29fe41293a92540e43b914f8d.jpg,authentic,pid_00138,11,outer_packaging_or_product_photo,unclassified_needs_manual_review,640,640,JPEG,member_of_near_duplicate_cluster_size_11
roboflow_counterfeit_med_detection_93a91200ec,Roboflow - Counterfeit_med_detection (v4),roboflow\train\images05_jpg.rf.b12770237ceb947672c6ea5e21382e8b.jpg,authentic,pid_00139,21,outer_packaging_or_product_photo,unclassified_needs_manual_review,640,640,JPEG,member_of_near_duplicate_cluster_size_21
roboflow_counterfeit_med_detection_46aabf2a15,Roboflow - Counterfeit_med_detection (v4),roboflow\train\images4044_jpg.rf.b1d9e548942fdab4373cdc05b48b185d.jpg,authentic,pid_00140,24,outer_packaging_or_product_photo,unclassified_needs_manual_review,640,640,JPEG,member_of_near_duplicate_cluster_size_24
roboflow_counterfeit_med_detection_a207d9a8e0,Roboflow - Counterfeit_med_detection (v4),roboflow\train\images5096_jpg.rf.b22aabb7f4a311d5f1668cb5d85cde3f.jpg,authentic,pid_00141,18,outer_packaging_or_product_photo,unclassified_needs_manual_review,640,640,JPEG,member_of_near_duplicate_cluster_size_18
roboflow_counterfeit_med_detection_044aeab970,Roboflow - Counterfeit_med_detection (v4),roboflow\train\images338_jpg.rf.b2a3cc40296998153ca4045a26a55cf7.jpg,authentic,pid_00101,6,outer_packaging_or_product_photo,unclassified_needs_manual_review,640,640,JPEG,member_of_near_duplicate_cluster_size_6
roboflow_counterfeit_med_detection_bdf9f0f0da,Roboflow - Counterfeit_med_detection (v4),roboflow\train\images352_jpg.rf.b1d403dee0a56c9873c1155c3578710a.jpg,authentic,pid_00142,7,outer_packaging_or_product_photo,unclassified_needs_manual_review,640,640,JPEG,member_of_near_duplicate_cluster_size_7
roboflow_counterfeit_med_detection_12c5192011,Roboflow - Counterfeit_med_detection (v4),roboflow\train\images263_jpg.rf.b27696988fb4f7bc994681d0520ed8b0.jpg,authentic,pid_00094,25,outer_packaging_or_product_photo,unclassified_needs_manual_review,640,640,JPEG,member_of_near_duplicate_cluster_size_25
roboflow_counterfeit_med_detection_7fbae4fe1a,Roboflow - Counterfeit_med_detection (v4),roboflow\train\images5110_jpg.rf.b2df56adee9bc64bb74f413927b08d21.jpg,authentic,pid_00143,8,outer_packaging_or_product_photo,unclassified_needs_manual_review,640,640,JPEG,member_of_near_duplicate_cluster_size_8
roboflow_counterfeit_med_detection_2af3cd74f1,Roboflow - Counterfeit_med_detection (v4),roboflow\train\images5098_jpg.rf.b20b95ddf2784afece8561f1d8522c6c.jpg,authentic,pid_00144,19,outer_packaging_or_product_photo,unclassified_needs_manual_review,640,640,JPEG,member_of_near_duplicate_cluster_size_19
roboflow_counterfeit_med_detection_e65c5482c6,Roboflow - Counterfeit_med_detection (v4),roboflow\train\images210_jpg.rf.b2742a851818c4556c5cfa7f39f2484d.jpg,authentic,pid_00030,9,outer_packaging_or_product_photo,unclassified_needs_manual_review,640,640,JPEG,member_of_near_duplicate_cluster_size_9
roboflow_counterfeit_med_detection_469838283d,Roboflow - Counterfeit_med_detection (v4),roboflow\train\images239_jpg.rf.b26bc5dd3b9edc6af020c931b9d623fb.jpg,authentic,pid_00001,22,outer_packaging_or_product_photo,unclassified_needs_manual_review,640,640,JPEG,member_of_near_duplicate_cluster_size_22
roboflow_counterfeit_med_detection_80d25cac3e,Roboflow - Counterfeit_med_detection (v4),roboflow\train\images314_jpg.rf.b1ea59226c6410313ee9365d128b1781.jpg,authentic,pid_00145,8,outer_packaging_or_product_photo,unclassified_needs_manual_review,640,640,JPEG,member_of_near_duplicate_cluster_size_8
roboflow_counterfeit_med_detection_da37fb30e0,Roboflow - Counterfeit_med_detection (v4),roboflow\train\images4035_jpg.rf.b28b48738f093f6d145d2cdfac7053c7.jpg,authentic,pid_00146,18,outer_packaging_or_product_photo,unclassified_needs_manual_review,640,640,JPEG,member_of_near_duplicate_cluster_size_18
roboflow_counterfeit_med_detection_dc0b22a4f2,Roboflow - Counterfeit_med_detection (v4),roboflow\train\images4048_jpg.rf.b239a706184ba0f53feb3caba9981289.jpg,authentic,pid_00147,9,outer_packaging_or_product_photo,unclassified_needs_manual_review,640,640,JPEG,member_of_near_duplicate_cluster_size_9
roboflow_counterfeit_med_detection_fa1504a206,Roboflow - Counterfeit_med_detection (v4),roboflow\train\images5061_jpg.rf.b2ea20a7cc1f67a22c47e01f926c85f3.jpg,authentic,pid_00088,35,outer_packaging_or_product_photo,unclassified_needs_manual_review,640,640,JPEG,member_of_near_duplicate_cluster_size_35
roboflow_counterfeit_med_detection_4f3e6ebbe2,Roboflow - Counterfeit_med_detection (v4),roboflow\train\images4033_jpg.rf.b1d6f2c9973912820d297067f2fa22b5.jpg,authentic,pid_00061,41,outer_packaging_or_product_photo,unclassified_needs_manual_review,640,640,JPEG,member_of_near_duplicate_cluster_size_41
roboflow_counterfeit_med_detection_14f6fdab87,Roboflow - Counterfeit_med_detection (v4),roboflow\train\images252_jpg.rf.b28225cfca3d3555e7881ac390141af2.jpg,authentic,pid_00070,12,outer_packaging_or_product_photo,unclassified_needs_manual_review,640,640,JPEG,member_of_near_duplicate_cluster_size_12
roboflow_counterfeit_med_detection_c8777c4720,Roboflow - Counterfeit_med_detection (v4),roboflow\train\images4044_jpg.rf.b308c6f29ddfae1d532e0993f518727c.jpg,authentic,pid_00140,24,outer_packaging_or_product_photo,unclassified_needs_manual_review,640,640,JPEG,member_of_near_duplicate_cluster_size_24
roboflow_counterfeit_med_detection_bf8b15cd08,Roboflow - Counterfeit_med_detection (v4),roboflow\train\images5095_jpg.rf.b1f1ea839f63cefe336eabaf0d23800b.jpg,authentic,pid_00148,13,outer_packaging_or_product_photo,unclassified_needs_manual_review,640,640,JPEG,member_of_near_duplicate_cluster_size_13
roboflow_counterfeit_med_detection_78c11b9f44,Roboflow - Counterfeit_med_detection (v4),roboflow\train\images209_jpg.rf.b18e795a67026cf467806caacefe303d.jpg,authentic,pid_00062,14,outer_packaging_or_product_photo,unclassified_needs_manual_review,640,640,JPEG,member_of_near_duplicate_cluster_size_14
roboflow_counterfeit_med_detection_52eed8d281,Roboflow - Counterfeit_med_detection (v4),roboflow\train\images262_jpg.rf.b2a58bd314ca35fce46de6f5331502f1.jpg,authentic,pid_00072,20,outer_packaging_or_product_photo,unclassified_needs_manual_review,640,640,JPEG,member_of_near_duplicate_cluster_size_20
roboflow_counterfeit_med_detection_e841d8df4e,Roboflow - Counterfeit_med_detection (v4),roboflow\train\images338_jpg.rf.b32b30b2f88abe1ef5b0e2e28a4b309b.jpg,authentic,pid_00149,4,outer_packaging_or_product_photo,unclassified_needs_manual_review,640,640,JPEG,member_of_near_duplicate_cluster_size_4
roboflow_counterfeit_med_detection_8106742566,Roboflow - Counterfeit_med_detection (v4),roboflow\train\images4044_jpg.rf.b329b8f330729967d72492a8a564baf2.jpg,authentic,pid_00140,24,outer_packaging_or_product_photo,unclassified_needs_manual_review,640,640,JPEG,member_of_near_duplicate_cluster_size_24
roboflow_counterfeit_med_detection_75db0e4ab0,Roboflow - Counterfeit_med_detection (v4),roboflow\train\images01_jpg.rf.b32beed514e8f70161a08b1a1334b56e.jpg,authentic,pid_00061,41,outer_packaging_or_product_photo,unclassified_needs_manual_review,640,640,JPEG,member_of_near_duplicate_cluster_size_41
roboflow_counterfeit_med_detection_e839493eba,Roboflow - Counterfeit_med_detection (v4),roboflow\train\images312_jpg.rf.b3432bd2be8137691ae9b43bace4baf9.jpg,authentic,pid_00150,13,outer_packaging_or_product_photo,unclassified_needs_manual_review,640,640,JPEG,member_of_near_duplicate_cluster_size_13
roboflow_counterfeit_med_detection_3a7a3e9687,Roboflow - Counterfeit_med_detection (v4),roboflow\train\images307_jpg.rf.b363ed7a54b42813cdc2a54d90112e38.jpg,authentic,pid_00106,8,outer_packaging_or_product_photo,unclassified_needs_manual_review,640,640,JPEG,member_of_near_duplicate_cluster_size_8
roboflow_counterfeit_med_detection_cb0f34b2d0,Roboflow - Counterfeit_med_detection (v4),roboflow\train\images4029_jpg.rf.b3662f67ee7b7b4b7b70817ed8a39885.jpg,authentic,pid_00083,23,outer_packaging_or_product_photo,unclassified_needs_manual_review,640,640,JPEG,member_of_near_duplicate_cluster_size_23
roboflow_counterfeit_med_detection_7c01880151,Roboflow - Counterfeit_med_detection (v4),roboflow\train\images236_jpg.rf.b3a11b88a0bfda1f7b316287496cefd0.jpg,authentic,pid_00055,19,outer_packaging_or_product_photo,unclassified_needs_manual_review,640,640,JPEG,member_of_near_duplicate_cluster_size_19
roboflow_counterfeit_med_detection_933e4319fd,Roboflow - Counterfeit_med_detection (v4),roboflow\train\images38_jpg.rf.b38f6aa9631cffe191c200b250c266ca.jpg,authentic,pid_00039,35,outer_packaging_or_product_photo,unclassified_needs_manual_review,640,640,JPEG,member_of_near_duplicate_cluster_size_35
roboflow_counterfeit_med_detection_2eb270a318,Roboflow - Counterfeit_med_detection (v4),roboflow\train\images255_jpg.rf.b423a3e1410ed7fc2e7873b406bd9e3d.jpg,authentic,pid_00151,6,outer_packaging_or_product_photo,unclassified_needs_manual_review,640,640,JPEG,member_of_near_duplicate_cluster_size_6
roboflow_counterfeit_med_detection_cb4a35151b,Roboflow - Counterfeit_med_detection (v4),roboflow\train\images4124_jpg.rf.b414d7d8cc7797dfbcea6b5be1c2caf0.jpg,authentic,pid_00152,19,outer_packaging_or_product_photo,unclassified_needs_manual_review,640,640,JPEG,member_of_near_duplicate_cluster_size_19
roboflow_counterfeit_med_detection_8d81ad85c9,Roboflow - Counterfeit_med_detection (v4),roboflow\train\images231_jpg.rf.b462239282bf2e00c058b19ab692a748.jpg,authentic,pid_00153,1,outer_packaging_or_product_photo,unclassified_needs_manual_review,640,640,JPEG,
roboflow_counterfeit_med_detection_647704f267,Roboflow - Counterfeit_med_detection (v4),roboflow\train\images4079_jpg.rf.b3d732096a4977c8720a28cbfdd490e6.jpg,authentic,pid_00103,13,outer_packaging_or_product_photo,unclassified_needs_manual_review,640,640,JPEG,member_of_near_duplicate_cluster_size_13
roboflow_counterfeit_med_detection_2901f69be3,Roboflow - Counterfeit_med_detection (v4),roboflow\train\images5111_jpg.rf.b41e0bca095c9f77b43979d0a55c2c68.jpg,authentic,pid_00088,35,outer_packaging_or_product_photo,unclassified_needs_manual_review,640,640,JPEG,member_of_near_duplicate_cluster_size_35
roboflow_counterfeit_med_detection_ef9c4e78a6,Roboflow - Counterfeit_med_detection (v4),roboflow\train\images5062_jpg.rf.b413abfbd7132ab3a8f0b2f740da8acf.jpg,authentic,pid_00091,20,outer_packaging_or_product_photo,unclassified_needs_manual_review,640,640,JPEG,member_of_near_duplicate_cluster_size_20
roboflow_counterfeit_med_detection_5cbe436da2,Roboflow - Counterfeit_med_detection (v4),roboflow\train\images4082_jpg.rf.b443ea9a5d66e32f33fbb41eb396e9a8.jpg,authentic,pid_00154,18,outer_packaging_or_product_photo,unclassified_needs_manual_review,640,640,JPEG,member_of_near_duplicate_cluster_size_18
roboflow_counterfeit_med_detection_7404b4fe29,Roboflow - Counterfeit_med_detection (v4),roboflow\train\images258_jpg.rf.b40dd98f4d524e1fef10992bd55ccd9f.jpg,authentic,pid_00102,19,outer_packaging_or_product_photo,unclassified_needs_manual_review,640,640,JPEG,member_of_near_duplicate_cluster_size_19
roboflow_counterfeit_med_detection_925bef6d49,Roboflow - Counterfeit_med_detection (v4),roboflow\train\images4067_jpg.rf.b3fc5c7fbbe005891ed740e48f6b2c63.jpg,authentic,pid_00104,20,outer_packaging_or_product_photo,unclassified_needs_manual_review,640,640,JPEG,member_of_near_duplicate_cluster_size_20
roboflow_counterfeit_med_detection_e5598a8d80,Roboflow - Counterfeit_med_detection (v4),roboflow\train\images4081_jpg.rf.b499e0740ccfb554c8fec310899dff9e.jpg,authentic,pid_00026,19,outer_packaging_or_product_photo,unclassified_needs_manual_review,640,640,JPEG,member_of_near_duplicate_cluster_size_19
roboflow_counterfeit_med_detection_d008f72585,Roboflow - Counterfeit_med_detection (v4),roboflow\train\images242_jpg.rf.b44dbf4c8171b0d5b97d3baa3453b409.jpg,authentic,pid_00109,12,outer_packaging_or_product_photo,unclassified_needs_manual_review,640,640,JPEG,member_of_near_duplicate_cluster_size_12
roboflow_counterfeit_med_detection_8542e3c13d,Roboflow - Counterfeit_med_detection (v4),roboflow\train\images335_jpg.rf.b469f478aabd6e58c65c124a9555ec3e.jpg,authentic,pid_00134,7,outer_packaging_or_product_photo,unclassified_needs_manual_review,640,640,JPEG,member_of_near_duplicate_cluster_size_7
roboflow_counterfeit_med_detection_26c2357d66,Roboflow - Counterfeit_med_detection (v4),roboflow\train\images307_jpg.rf.b470666e5659f9964376f30752937bdf.jpg,authentic,pid_00106,8,outer_packaging_or_product_photo,unclassified_needs_manual_review,640,640,JPEG,member_of_near_duplicate_cluster_size_8
roboflow_counterfeit_med_detection_929c6043c0,Roboflow - Counterfeit_med_detection (v4),roboflow\train\images5098_jpg.rf.b483fb92f2937c67d8900b35f0301ab1.jpg,authentic,pid_00144,19,outer_packaging_or_product_photo,unclassified_needs_manual_review,640,640,JPEG,member_of_near_duplicate_cluster_size_19
roboflow_counterfeit_med_detection_75805766b0,Roboflow - Counterfeit_med_detection (v4),roboflow\train\images5060_jpg.rf.b39cab44a97978d6212f08e55d54b1a5.jpg,authentic,pid_00155,7,outer_packaging_or_product_photo,unclassified_needs_manual_review,640,640,JPEG,member_of_near_duplicate_cluster_size_7
roboflow_counterfeit_med_detection_35300670f4,Roboflow - Counterfeit_med_detection (v4),roboflow\train\images4035_jpg.rf.b3819709e7b2751e893401b833b5d0a8.jpg,authentic,pid_00086,18,outer_packaging_or_product_photo,unclassified_needs_manual_review,640,640,JPEG,member_of_near_duplicate_cluster_size_18
roboflow_counterfeit_med_detection_897c1027ef,Roboflow - Counterfeit_med_detection (v4),roboflow\train\images339_jpg.rf.b4317221d63e17a9e5cf7a77917a9a8a.jpg,authentic,pid_00048,34,outer_packaging_or_product_photo,unclassified_needs_manual_review,640,640,JPEG,member_of_near_duplicate_cluster_size_34
roboflow_counterfeit_med_detection_a94ca2c0c7,Roboflow - Counterfeit_med_detection (v4),roboflow\train\images227_jpg.rf.b5ec3b0ee5dea2f4870b55c82c46577e.jpg,authentic,pid_00156,5,outer_packaging_or_product_photo,unclassified_needs_manual_review,640,640,JPEG,member_of_near_duplicate_cluster_size_5
roboflow_counterfeit_med_detection_a7a3c9b744,Roboflow - Counterfeit_med_detection (v4),roboflow\train\images342_jpg.rf.b4cf2293d4e529a8d3752be149150691.jpg,authentic,pid_00089,12,outer_packaging_or_product_photo,unclassified_needs_manual_review,640,640,JPEG,member_of_near_duplicate_cluster_size_12
roboflow_counterfeit_med_detection_60cb791ebe,Roboflow - Counterfeit_med_detection (v4),roboflow\train\images4047_jpg.rf.b6308f41efcdd02cc6ee92a45ee123b4.jpg,authentic,pid_00110,25,outer_packaging_or_product_photo,unclassified_needs_manual_review,640,640,JPEG,member_of_near_duplicate_cluster_size_25
roboflow_counterfeit_med_detection_e46edc42f1,Roboflow - Counterfeit_med_detection (v4),roboflow\train\images43_jpg.rf.b682686d23e4aeff470a2b558551eedc.jpg,authentic,pid_00157,2,outer_packaging_or_product_photo,unclassified_needs_manual_review,640,640,JPEG,member_of_near_duplicate_cluster_size_2
roboflow_counterfeit_med_detection_ff124b0c12,Roboflow - Counterfeit_med_detection (v4),roboflow\train\images4058_jpg.rf.b58cafdf2c0eeb89f4373ce3f0bb59cd.jpg,authentic,pid_00158,43,outer_packaging_or_product_photo,unclassified_needs_manual_review,640,640,JPEG,member_of_near_duplicate_cluster_size_43
roboflow_counterfeit_med_detection_99f5191e22,Roboflow - Counterfeit_med_detection (v4),roboflow\train\images5056_jpg.rf.b4b3eb5715ee79f6fec2497310581d2c.jpg,authentic,pid_00117,11,outer_packaging_or_product_photo,unclassified_needs_manual_review,640,640,JPEG,member_of_near_duplicate_cluster_size_11
roboflow_counterfeit_med_detection_6aff42dfba,Roboflow - Counterfeit_med_detection (v4),roboflow\train\images256_jpg.rf.b5ff234e82dff518ece3d3544ca39c65.jpg,authentic,pid_00066,23,outer_packaging_or_product_photo,unclassified_needs_manual_review,640,640,JPEG,member_of_near_duplicate_cluster_size_23
roboflow_counterfeit_med_detection_92135469d8,Roboflow - Counterfeit_med_detection (v4),roboflow\train\images5103_jpg.rf.b62a19773bafcec2e3211759d0d603ef.jpg,authentic,pid_00077,19,outer_packaging_or_product_photo,unclassified_needs_manual_review,640,640,JPEG,member_of_near_duplicate_cluster_size_19
roboflow_counterfeit_med_detection_6010be2f8e,Roboflow - Counterfeit_med_detection (v4),roboflow\train\images15_jpg.rf.b69b6584735311d3883cd590ceb49f6f.jpg,authentic,pid_00159,12,outer_packaging_or_product_photo,unclassified_needs_manual_review,640,640,JPEG,member_of_near_duplicate_cluster_size_12
roboflow_counterfeit_med_detection_7c7e8cb0bf,Roboflow - Counterfeit_med_detection (v4),roboflow\train\images07_jpg.rf.b693db2a5102a8116223055d101652b8.jpg,authentic,pid_00105,20,outer_packaging_or_product_photo,unclassified_needs_manual_review,640,640,JPEG,member_of_near_duplicate_cluster_size_20
roboflow_counterfeit_med_detection_32ff0666bb,Roboflow - Counterfeit_med_detection (v4),roboflow\train\images256_jpg.rf.b4b69e03f7b4b67454b07cfadd2f9386.jpg,authentic,pid_00066,23,outer_packaging_or_product_photo,unclassified_needs_manual_review,640,640,JPEG,member_of_near_duplicate_cluster_size_23
roboflow_counterfeit_med_detection_2a64bf2f28,Roboflow - Counterfeit_med_detection (v4),roboflow\train\images31_jpg.rf.b634db02c8afb566124372968e7d7d0e.jpg,authentic,pid_00116,18,outer_packaging_or_product_photo,unclassified_needs_manual_review,640,640,JPEG,member_of_near_duplicate_cluster_size_18
roboflow_counterfeit_med_detection_cc1d5c097d,Roboflow - Counterfeit_med_detection (v4),roboflow\train\images4025_jpg.rf.b5317c714c5c405fee701ed597f090af.jpg,authentic,pid_00129,29,outer_packaging_or_product_photo,unclassified_needs_manual_review,640,640,JPEG,member_of_near_duplicate_cluster_size_29
roboflow_counterfeit_med_detection_4a86a9fde3,Roboflow - Counterfeit_med_detection (v4),roboflow\train\images260_jpg.rf.b68bdeff889631fe49a57cbc0cc452c5.jpg,authentic,pid_00160,19,outer_packaging_or_product_photo,unclassified_needs_manual_review,640,640,JPEG,member_of_near_duplicate_cluster_size_19
roboflow_counterfeit_med_detection_7240c5f8c4,Roboflow - Counterfeit_med_detection (v4),roboflow\train\images21_jpg.rf.b524d1c53a7a2867513af013c364fa4f.jpg,authentic,pid_00161,7,outer_packaging_or_product_photo,unclassified_needs_manual_review,640,640,JPEG,member_of_near_duplicate_cluster_size_7
roboflow_counterfeit_med_detection_998410a21e,Roboflow - Counterfeit_med_detection (v4),roboflow\train\images5127_jpg.rf.b564eb19e0a6b71ec971f198ed3933ac.jpg,authentic,pid_00162,7,outer_packaging_or_product_photo,unclassified_needs_manual_review,640,640,JPEG,member_of_near_duplicate_cluster_size_7
roboflow_counterfeit_med_detection_ffe55a4dbc,Roboflow - Counterfeit_med_detection (v4),roboflow\train\images01_jpg.rf.b6dc4cea853915cf98611d81e4892638.jpg,authentic,pid_00061,41,outer_packaging_or_product_photo,unclassified_needs_manual_review,640,640,JPEG,member_of_near_duplicate_cluster_size_41
roboflow_counterfeit_med_detection_a85c0c01b4,Roboflow - Counterfeit_med_detection (v4),roboflow\train\images4060_jpg.rf.b6617fbec97763bf23f0b47d756eb163.jpg,authentic,pid_00010,56,outer_packaging_or_product_photo,unclassified_needs_manual_review,640,640,JPEG,member_of_near_duplicate_cluster_size_56
roboflow_counterfeit_med_detection_d97266c9da,Roboflow - Counterfeit_med_detection (v4),roboflow\train\images5126_jpg.rf.b6e0567352c515cefbe81894a1833d7d.jpg,authentic,pid_00163,1,outer_packaging_or_product_photo,unclassified_needs_manual_review,640,640,JPEG,
roboflow_counterfeit_med_detection_b04293573b,Roboflow - Counterfeit_med_detection (v4),roboflow\train\images256_jpg.rf.b636f4edbca13575cf6bf702597f80d1.jpg,authentic,pid_00066,23,outer_packaging_or_product_photo,unclassified_needs_manual_review,640,640,JPEG,member_of_near_duplicate_cluster_size_23
roboflow_counterfeit_med_detection_36c24eb055,Roboflow - Counterfeit_med_detection (v4),roboflow\train\images4047_jpg.rf.b454b03c0d6ee450513fea961be149f7.jpg,authentic,pid_00110,25,outer_packaging_or_product_photo,unclassified_needs_manual_review,640,640,JPEG,member_of_near_duplicate_cluster_size_25
roboflow_counterfeit_med_detection_2a29418118,Roboflow - Counterfeit_med_detection (v4),roboflow\train\images5045_jpg.rf.b69c67dbb8da5ad8c31fd510097f4952.jpg,authentic,pid_00096,34,outer_packaging_or_product_photo,unclassified_needs_manual_review,640,640,JPEG,member_of_near_duplicate_cluster_size_34
roboflow_counterfeit_med_detection_d3fda8aa17,Roboflow - Counterfeit_med_detection (v4),roboflow\train\images4045_jpg.rf.b70142111c1726188f095307c2d627ad.jpg,authentic,pid_00164,12,outer_packaging_or_product_photo,unclassified_needs_manual_review,640,640,JPEG,member_of_near_duplicate_cluster_size_12
roboflow_counterfeit_med_detection_f3d8f3606d,Roboflow - Counterfeit_med_detection (v4),roboflow\train\images4042_jpg.rf.b51591de907cd8776f94bc6d14e3a61b.jpg,authentic,pid_00092,40,outer_packaging_or_product_photo,unclassified_needs_manual_review,640,640,JPEG,member_of_near_duplicate_cluster_size_40
roboflow_counterfeit_med_detection_0e166b3fce,Roboflow - Counterfeit_med_detection (v4),roboflow\train\images5023_jpg.rf.b5750ea9deb70cc12d410a1826776ccd.jpg,authentic,pid_00096,34,outer_packaging_or_product_photo,unclassified_needs_manual_review,640,640,JPEG,member_of_near_duplicate_cluster_size_34
roboflow_counterfeit_med_detection_39b12fd990,Roboflow - Counterfeit_med_detection (v4),roboflow\train\images5116_jpg.rf.b70b71852ae594f17b9cbf11f09920ec.jpg,authentic,pid_00165,10,outer_packaging_or_product_photo,unclassified_needs_manual_review,640,640,JPEG,member_of_near_duplicate_cluster_size_10
roboflow_counterfeit_med_detection_02c5f94122,Roboflow - Counterfeit_med_detection (v4),roboflow\train\images4040_jpg.rf.b7527e8323a9fde6937617413c9a2e2b.jpg,authentic,pid_00166,24,outer_packaging_or_product_photo,unclassified_needs_manual_review,640,640,JPEG,member_of_near_duplicate_cluster_size_24
roboflow_counterfeit_med_detection_26099f5019,Roboflow - Counterfeit_med_detection (v4),roboflow\train\images4038_jpg.rf.b7de7d93d9c74938281ff533f8f674ab.jpg,authentic,pid_00057,55,outer_packaging_or_product_photo,unclassified_needs_manual_review,640,640,JPEG,member_of_near_duplicate_cluster_size_55
roboflow_counterfeit_med_detection_b32b34ff9a,Roboflow - Counterfeit_med_detection (v4),roboflow\train\images4087_jpg.rf.b844e0651805a2ed5127f67c3cc4e861.jpg,authentic,pid_00135,20,outer_packaging_or_product_photo,unclassified_needs_manual_review,640,640,JPEG,member_of_near_duplicate_cluster_size_20
roboflow_counterfeit_med_detection_5e9258210d,Roboflow - Counterfeit_med_detection (v4),roboflow\train\images5090_jpg.rf.b713b856f88449b3ea373803b3401fc7.jpg,authentic,pid_00167,3,outer_packaging_or_product_photo,unclassified_needs_manual_review,640,640,JPEG,member_of_near_duplicate_cluster_size_3
roboflow_counterfeit_med_detection_21f4be08f5,Roboflow - Counterfeit_med_detection (v4),roboflow\train\images227_jpg.rf.b85602a1f1dd1194e5f8fd83973c04ce.jpg,authentic,pid_00156,5,outer_packaging_or_product_photo,unclassified_needs_manual_review,640,640,JPEG,member_of_near_duplicate_cluster_size_5
roboflow_counterfeit_med_detection_e499b9827d,Roboflow - Counterfeit_med_detection (v4),roboflow\train\images07_jpg.rf.b85e0ab014fd607983c0a6bd16bbd34a.jpg,authentic,pid_00105,20,outer_packaging_or_product_photo,unclassified_needs_manual_review,640,640,JPEG,member_of_near_duplicate_cluster_size_20
roboflow_counterfeit_med_detection_3428885ec7,Roboflow - Counterfeit_med_detection (v4),roboflow\train\images230_jpg.rf.b8cbdf1fd3ce7978cfc661c16b30cd0a.jpg,authentic,pid_00168,18,outer_packaging_or_product_photo,unclassified_needs_manual_review,640,640,JPEG,member_of_near_duplicate_cluster_size_18
roboflow_counterfeit_med_detection_c1dff485b3,Roboflow - Counterfeit_med_detection (v4),roboflow\train\images340_jpg.rf.b8af933f138786ca7339affaa458ce74.jpg,authentic,pid_00169,12,outer_packaging_or_product_photo,unclassified_needs_manual_review,640,640,JPEG,member_of_near_duplicate_cluster_size_12
roboflow_counterfeit_med_detection_3e4524c2b1,Roboflow - Counterfeit_med_detection (v4),roboflow\train\images311_jpg.rf.b904a20b3aacbd7ce643f136d7227380.jpg,authentic,pid_00170,11,outer_packaging_or_product_photo,unclassified_needs_manual_review,640,640,JPEG,member_of_near_duplicate_cluster_size_11
roboflow_counterfeit_med_detection_47fa6255c5,Roboflow - Counterfeit_med_detection (v4),roboflow\train\images4044_jpg.rf.b8241aa6bd7f670d5032caad9478e7e3.jpg,authentic,pid_00140,24,outer_packaging_or_product_photo,unclassified_needs_manual_review,640,640,JPEG,member_of_near_duplicate_cluster_size_24
roboflow_counterfeit_med_detection_a26411a21e,Roboflow - Counterfeit_med_detection (v4),roboflow\train\images257_jpg.rf.b8f3e4e83e27a04815a2485d2dcf34fd.jpg,authentic,pid_00031,25,outer_packaging_or_product_photo,unclassified_needs_manual_review,640,640,JPEG,member_of_near_duplicate_cluster_size_25
roboflow_counterfeit_med_detection_02d90d0ca4,Roboflow - Counterfeit_med_detection (v4),roboflow\train\images225_jpg.rf.b82368bb20e065499ef4db68758ae53f.jpg,authentic,pid_00171,19,outer_packaging_or_product_photo,unclassified_needs_manual_review,640,640,JPEG,member_of_near_duplicate_cluster_size_19
roboflow_counterfeit_med_detection_04c378cdf8,Roboflow - Counterfeit_med_detection (v4),roboflow\train\images5041_jpg.rf.b8defd383ad537c15658074c737211cc.jpg,authentic,pid_00011,14,outer_packaging_or_product_photo,unclassified_needs_manual_review,640,640,JPEG,member_of_near_duplicate_cluster_size_14
roboflow_counterfeit_med_detection_47bcb53d9c,Roboflow - Counterfeit_med_detection (v4),roboflow\train\images5117_jpg.rf.b80f29904933e457412c9b086326132f.jpg,authentic,pid_00172,18,outer_packaging_or_product_photo,unclassified_needs_manual_review,640,640,JPEG,member_of_near_duplicate_cluster_size_18
roboflow_counterfeit_med_detection_a7d4d8600b,Roboflow - Counterfeit_med_detection (v4),roboflow\train\images5056_jpg.rf.b733d46c62eed86fcb2c662b8acc6b91.jpg,authentic,pid_00173,7,outer_packaging_or_product_photo,unclassified_needs_manual_review,640,640,JPEG,member_of_near_duplicate_cluster_size_7
roboflow_counterfeit_med_detection_854652de50,Roboflow - Counterfeit_med_detection (v4),roboflow\train\images5071_jpg.rf.b95d7be16f08d96ddccaef12cb183b7e.jpg,authentic,pid_00174,20,outer_packaging_or_product_photo,unclassified_needs_manual_review,640,640,JPEG,member_of_near_duplicate_cluster_size_20
roboflow_counterfeit_med_detection_5a30743fd5,Roboflow - Counterfeit_med_detection (v4),roboflow\train\images4058_jpg.rf.b9602baa36a8979e234f5c6d476d6d4a.jpg,authentic,pid_00158,43,outer_packaging_or_product_photo,unclassified_needs_manual_review,640,640,JPEG,member_of_near_duplicate_cluster_size_43
roboflow_counterfeit_med_detection_e0278ee1fe,Roboflow - Counterfeit_med_detection (v4),roboflow\train\images5024_jpg.rf.b913b8111d503a00f36f84b1721ded6d.jpg,authentic,pid_00049,2,outer_packaging_or_product_photo,unclassified_needs_manual_review,640,640,JPEG,member_of_near_duplicate_cluster_size_2
roboflow_counterfeit_med_detection_f11b7b2089,Roboflow - Counterfeit_med_detection (v4),roboflow\train\images5061_jpg.rf.b966fdba09596293622fee385fd4c853.jpg,authentic,pid_00088,35,outer_packaging_or_product_photo,unclassified_needs_manual_review,640,640,JPEG,member_of_near_duplicate_cluster_size_35
roboflow_counterfeit_med_detection_9edfdd4621,Roboflow - Counterfeit_med_detection (v4),roboflow\train\images303_jpg.rf.b960aeadedabe17de6d781c41d8c8dca.jpg,authentic,pid_00175,2,outer_packaging_or_product_photo,unclassified_needs_manual_review,640,640,JPEG,member_of_near_duplicate_cluster_size_2
roboflow_counterfeit_med_detection_45c98c6ea7,Roboflow - Counterfeit_med_detection (v4),roboflow\train\images5059_jpg.rf.b9154d38aceb89506ad5ab64be324969.jpg,authentic,pid_00121,19,outer_packaging_or_product_photo,unclassified_needs_manual_review,640,640,JPEG,member_of_near_duplicate_cluster_size_19
roboflow_counterfeit_med_detection_3ef8e8e2fc,Roboflow - Counterfeit_med_detection (v4),roboflow\train\images5031_jpg.rf.b9d42573b0d15a914b55f016cad2957e.jpg,authentic,pid_00176,6,outer_packaging_or_product_photo,unclassified_needs_manual_review,640,640,JPEG,member_of_near_duplicate_cluster_size_6
roboflow_counterfeit_med_detection_74a0e60d7d,Roboflow - Counterfeit_med_detection (v4),roboflow\train\images4063_jpg.rf.b9f9b1b979cf2a2977f04d73dfdec432.jpg,authentic,pid_00079,14,outer_packaging_or_product_photo,unclassified_needs_manual_review,640,640,JPEG,member_of_near_duplicate_cluster_size_14
roboflow_counterfeit_med_detection_5429d73936,Roboflow - Counterfeit_med_detection (v4),roboflow\train\images4054_jpg.rf.baaf4b661f8de7136f3993c32efcddde.jpg,authentic,pid_00028,35,outer_packaging_or_product_photo,unclassified_needs_manual_review,640,640,JPEG,member_of_near_duplicate_cluster_size_35
roboflow_counterfeit_med_detection_0832e2b7e2,Roboflow - Counterfeit_med_detection (v4),roboflow\train\images5097_jpg.rf.bab21fe87d22e4b502c5032e75498797.jpg,authentic,pid_00005,28,outer_packaging_or_product_photo,unclassified_needs_manual_review,640,640,JPEG,member_of_near_duplicate_cluster_size_28
roboflow_counterfeit_med_detection_e943e72e11,Roboflow - Counterfeit_med_detection (v4),roboflow\train\images38_jpg.rf.baa9f9824cf90bd455a84f3ce26a7c9c.jpg,authentic,pid_00039,35,outer_packaging_or_product_photo,unclassified_needs_manual_review,640,640,JPEG,member_of_near_duplicate_cluster_size_35
roboflow_counterfeit_med_detection_5516c4a9d8,Roboflow - Counterfeit_med_detection (v4),roboflow\train\images245_jpg.rf.b99e0e95aadb0d3e8402c133c845d769.jpg,authentic,pid_00177,6,outer_packaging_or_product_photo,unclassified_needs_manual_review,640,640,JPEG,member_of_near_duplicate_cluster_size_6
roboflow_counterfeit_med_detection_87b186b5ae,Roboflow - Counterfeit_med_detection (v4),roboflow\train\images4035_jpg.rf.baa24c79adaa20dae04dbb2e9f7f3ba0.jpg,authentic,pid_00086,18,outer_packaging_or_product_photo,unclassified_needs_manual_review,640,640,JPEG,member_of_near_duplicate_cluster_size_18
roboflow_counterfeit_med_detection_3642c88513,Roboflow - Counterfeit_med_detection (v4),roboflow\train\images08_jpg.rf.bb61106d76631e67e35b9b90345eaa2b.jpg,authentic,pid_00043,19,outer_packaging_or_product_photo,unclassified_needs_manual_review,640,640,JPEG,member_of_near_duplicate_cluster_size_19
roboflow_counterfeit_med_detection_9452990c76,Roboflow - Counterfeit_med_detection (v4),roboflow\train\images47_jpg.rf.b9d6bbcbab05692fe73df5bf27f81d9f.jpg,authentic,pid_00178,5,outer_packaging_or_product_photo,unclassified_needs_manual_review,640,640,JPEG,member_of_near_duplicate_cluster_size_5
roboflow_counterfeit_med_detection_45bd3963a2,Roboflow - Counterfeit_med_detection (v4),roboflow\train\images5085_jpg.rf.ba5d85e0e20a4c9e98736b07233dec59.jpg,authentic,pid_00179,8,outer_packaging_or_product_photo,unclassified_needs_manual_review,640,640,JPEG,member_of_near_duplicate_cluster_size_8
roboflow_counterfeit_med_detection_7c67cc3061,Roboflow - Counterfeit_med_detection (v4),roboflow\train\images348_jpg.rf.ba4e6fb1432f7fdf9d6a1e6bd44b1056.jpg,authentic,pid_00038,37,outer_packaging_or_product_photo,unclassified_needs_manual_review,640,640,JPEG,member_of_near_duplicate_cluster_size_37
roboflow_counterfeit_med_detection_9576574830,Roboflow - Counterfeit_med_detection (v4),roboflow\train\images4046_jpg.rf.baf7fb9026a43ccd4872c2535ce623c0.jpg,authentic,pid_00087,37,outer_packaging_or_product_photo,unclassified_needs_manual_review,640,640,JPEG,member_of_near_duplicate_cluster_size_37
roboflow_counterfeit_med_detection_7c30b83ffc,Roboflow - Counterfeit_med_detection (v4),roboflow\train\images260_jpg.rf.bb84a4853e3045b03beec7b9f4091786.jpg,authentic,pid_00160,19,outer_packaging_or_product_photo,unclassified_needs_manual_review,640,640,JPEG,member_of_near_duplicate_cluster_size_19
roboflow_counterfeit_med_detection_5a388551de,Roboflow - Counterfeit_med_detection (v4),roboflow\train\images241_jpg.rf.ba2fd6722a52f33d1c08682a59cc2c29.jpg,authentic,pid_00066,23,outer_packaging_or_product_photo,unclassified_needs_manual_review,640,640,JPEG,member_of_near_duplicate_cluster_size_23
roboflow_counterfeit_med_detection_5f506fb3ed,Roboflow - Counterfeit_med_detection (v4),roboflow\train\images4035_jpg.rf.baf3930fd1b8030fe2b86803df792d30.jpg,authentic,pid_00086,18,outer_packaging_or_product_photo,unclassified_needs_manual_review,640,640,JPEG,member_of_near_duplicate_cluster_size_18
roboflow_counterfeit_med_detection_4c32a19b41,Roboflow - Counterfeit_med_detection (v4),roboflow\train\images19_jpg.rf.bb4e85daf3758d13d4d606b43a43077c.jpg,authentic,pid_00114,13,outer_packaging_or_product_photo,unclassified_needs_manual_review,640,640,JPEG,member_of_near_duplicate_cluster_size_13
roboflow_counterfeit_med_detection_682491f2d7,Roboflow - Counterfeit_med_detection (v4),roboflow\train\images5051_jpg.rf.babd74b839304372a1d7a3a707068a85.jpg,authentic,pid_00036,18,outer_packaging_or_product_photo,unclassified_needs_manual_review,640,640,JPEG,member_of_near_duplicate_cluster_size_18
roboflow_counterfeit_med_detection_07377352d5,Roboflow - Counterfeit_med_detection (v4),roboflow\train\images254_jpg.rf.bb3b28e8dbebc53f7dd45c24280bf7d6.jpg,authentic,pid_00180,17,outer_packaging_or_product_photo,unclassified_needs_manual_review,640,640,JPEG,member_of_near_duplicate_cluster_size_17
roboflow_counterfeit_med_detection_bef03289f9,Roboflow - Counterfeit_med_detection (v4),roboflow\train\images235_jpg.rf.bb9d7e66ab74a8059746db5ac8fb2b54.jpg,authentic,pid_00034,12,outer_packaging_or_product_photo,unclassified_needs_manual_review,640,640,JPEG,member_of_near_duplicate_cluster_size_12
roboflow_counterfeit_med_detection_b5b4f93c22,Roboflow - Counterfeit_med_detection (v4),roboflow\train\images227_jpg.rf.bbb719ad639c25fb74b4e548e4c4d18d.jpg,authentic,pid_00139,21,outer_packaging_or_product_photo,unclassified_needs_manual_review,640,640,JPEG,member_of_near_duplicate_cluster_size_21
roboflow_counterfeit_med_detection_29a83ae481,Roboflow - Counterfeit_med_detection (v4),roboflow\train\images4033_jpg.rf.baf79bad826e43e3c49399ff0fe55f5a.jpg,authentic,pid_00061,41,outer_packaging_or_product_photo,unclassified_needs_manual_review,640,640,JPEG,member_of_near_duplicate_cluster_size_41
roboflow_counterfeit_med_detection_a2bcd307e4,Roboflow - Counterfeit_med_detection (v4),roboflow\train\images252_jpg.rf.bbb8f439082bfe24da8927252cc75a6d.jpg,authentic,pid_00070,12,outer_packaging_or_product_photo,unclassified_needs_manual_review,640,640,JPEG,member_of_near_duplicate_cluster_size_12
roboflow_counterfeit_med_detection_5a22d8d6ea,Roboflow - Counterfeit_med_detection (v4),roboflow\train\images35_jpg.rf.bbe212c192f4cc74e0acb75e09eb039c.jpg,authentic,pid_00073,25,outer_packaging_or_product_photo,unclassified_needs_manual_review,640,640,JPEG,member_of_near_duplicate_cluster_size_25
roboflow_counterfeit_med_detection_431d0f63d5,Roboflow - Counterfeit_med_detection (v4),roboflow\train\images210_jpg.rf.bbf10343d5c82a111a2996fc71f853fc.jpg,authentic,pid_00030,9,outer_packaging_or_product_photo,unclassified_needs_manual_review,640,640,JPEG,member_of_near_duplicate_cluster_size_9
roboflow_counterfeit_med_detection_0794e2dd7e,Roboflow - Counterfeit_med_detection (v4),roboflow\train\images5087_jpg.rf.bc610afa2b9dc2bab2a3e9bea8594870.jpg,authentic,pid_00181,18,outer_packaging_or_product_photo,unclassified_needs_manual_review,640,640,JPEG,member_of_near_duplicate_cluster_size_18
roboflow_counterfeit_med_detection_98c3c5448e,Roboflow - Counterfeit_med_detection (v4),roboflow\train\images5104_jpg.rf.bc9b6043c18b7d9272de3c2f60c19bb1.jpg,authentic,pid_00133,15,outer_packaging_or_product_photo,unclassified_needs_manual_review,640,640,JPEG,member_of_near_duplicate_cluster_size_15
roboflow_counterfeit_med_detection_70763bd35f,Roboflow - Counterfeit_med_detection (v4),roboflow\train\images244_jpg.rf.bc2912f8affb442cc31dc8c93490901a.jpg,authentic,pid_00182,12,outer_packaging_or_product_photo,unclassified_needs_manual_review,640,640,JPEG,member_of_near_duplicate_cluster_size_12
roboflow_counterfeit_med_detection_3e0ce30f41,Roboflow - Counterfeit_med_detection (v4),roboflow\train\images36_jpg.rf.bd31988f05b9a77fe6b6c482c2a0bd3b.jpg,authentic,pid_00006,37,outer_packaging_or_product_photo,unclassified_needs_manual_review,640,640,JPEG,member_of_near_duplicate_cluster_size_37
roboflow_counterfeit_med_detection_b27958274b,Roboflow - Counterfeit_med_detection (v4),roboflow\train\images265_jpg.rf.bd5c57d6d66d98b20f731bfe6ae8bf0a.jpg,authentic,pid_00183,13,outer_packaging_or_product_photo,unclassified_needs_manual_review,640,640,JPEG,member_of_near_duplicate_cluster_size_13
roboflow_counterfeit_med_detection_9a146d6ceb,Roboflow - Counterfeit_med_detection (v4),roboflow\train\images219_jpg.rf.bbd3906e46192b9a128a14382f468c05.jpg,authentic,pid_00067,11,outer_packaging_or_product_photo,unclassified_needs_manual_review,640,640,JPEG,member_of_near_duplicate_cluster_size_11
roboflow_counterfeit_med_detection_fba13f78b3,Roboflow - Counterfeit_med_detection (v4),roboflow\train\images29_jpg.rf.bcdea5a6907bac55de40c7563a30e519.jpg,authentic,pid_00184,19,outer_packaging_or_product_photo,unclassified_needs_manual_review,640,640,JPEG,member_of_near_duplicate_cluster_size_19
roboflow_counterfeit_med_detection_3a5595a9b9,Roboflow - Counterfeit_med_detection (v4),roboflow\train\images321_jpg.rf.bcdbf3904d599b121bbe4ad4760d0536.jpg,authentic,pid_00074,55,outer_packaging_or_product_photo,unclassified_needs_manual_review,640,640,JPEG,member_of_near_duplicate_cluster_size_55
roboflow_counterfeit_med_detection_1bfb630f8a,Roboflow - Counterfeit_med_detection (v4),roboflow\train\images4088_jpg.rf.bcb0006664f2f21a17378def68e095f0.jpg,authentic,pid_00185,19,outer_packaging_or_product_photo,unclassified_needs_manual_review,640,640,JPEG,member_of_near_duplicate_cluster_size_19
roboflow_counterfeit_med_detection_d1d3f599fd,Roboflow - Counterfeit_med_detection (v4),roboflow\train\images5098_jpg.rf.bd088f41c6a2bdca6ab5cfca114683e0.jpg,authentic,pid_00144,19,outer_packaging_or_product_photo,unclassified_needs_manual_review,640,640,JPEG,member_of_near_duplicate_cluster_size_19
roboflow_counterfeit_med_detection_7aa344c6fe,Roboflow - Counterfeit_med_detection (v4),roboflow\train\images07_jpg.rf.bd4b86479a96cee3a3a8806e8067a0d8.jpg,authentic,pid_00105,20,outer_packaging_or_product_photo,unclassified_needs_manual_review,640,640,JPEG,member_of_near_duplicate_cluster_size_20
roboflow_counterfeit_med_detection_f76281b642,Roboflow - Counterfeit_med_detection (v4),roboflow\train\images5032_jpg.rf.bd69b48494fbae7f39f1be5ee83a3dd2.jpg,authentic,pid_00013,19,outer_packaging_or_product_photo,unclassified_needs_manual_review,640,640,JPEG,member_of_near_duplicate_cluster_size_19
roboflow_counterfeit_med_detection_a574e84706,Roboflow - Counterfeit_med_detection (v4),roboflow\train\images4040_jpg.rf.bcfc993285309ea93aeba26c95b398fb.jpg,authentic,pid_00022,10,outer_packaging_or_product_photo,unclassified_needs_manual_review,640,640,JPEG,member_of_near_duplicate_cluster_size_10
roboflow_counterfeit_med_detection_59073bc213,Roboflow - Counterfeit_med_detection (v4),roboflow\train\images4087_jpg.rf.bd5f736b803d0ccc9e6a46227a645735.jpg,authentic,pid_00135,20,outer_packaging_or_product_photo,unclassified_needs_manual_review,640,640,JPEG,member_of_near_duplicate_cluster_size_20
roboflow_counterfeit_med_detection_c4851c3771,Roboflow - Counterfeit_med_detection (v4),roboflow\train\images31_jpg.rf.bccd42c7fcb0477409d62251d45b8973.jpg,authentic,pid_00116,18,outer_packaging_or_product_photo,unclassified_needs_manual_review,640,640,JPEG,member_of_near_duplicate_cluster_size_18
roboflow_counterfeit_med_detection_3682be61c1,Roboflow - Counterfeit_med_detection (v4),roboflow\train\images5051_jpg.rf.bce3c18c3c94c7f71d7689098eadffcc.jpg,authentic,pid_00036,18,outer_packaging_or_product_photo,unclassified_needs_manual_review,640,640,JPEG,member_of_near_duplicate_cluster_size_18
roboflow_counterfeit_med_detection_dd8200fa6d,Roboflow - Counterfeit_med_detection (v4),roboflow\train\images236_jpg.rf.bd86a682bcedb42d4d14a8eb47d2e31b.jpg,authentic,pid_00055,19,outer_packaging_or_product_photo,unclassified_needs_manual_review,640,640,JPEG,member_of_near_duplicate_cluster_size_19
roboflow_counterfeit_med_detection_7f47510ceb,Roboflow - Counterfeit_med_detection (v4),roboflow\train\images4061_jpg.rf.bd6c3cd4a3609d47953218f2ceb009c5.jpg,authentic,pid_00051,17,outer_packaging_or_product_photo,unclassified_needs_manual_review,640,640,JPEG,member_of_near_duplicate_cluster_size_17
roboflow_counterfeit_med_detection_8a0b56b9b4,Roboflow - Counterfeit_med_detection (v4),roboflow\train\images283_jpg.rf.bd34432d3fc5e5b13b0cd90bc341dc25.jpg,authentic,pid_00111,6,outer_packaging_or_product_photo,unclassified_needs_manual_review,640,640,JPEG,member_of_near_duplicate_cluster_size_6
roboflow_counterfeit_med_detection_47ba14417a,Roboflow - Counterfeit_med_detection (v4),roboflow\train\images5112_jpg.rf.bd86f87623f5a9764e119125551c02f8.jpg,authentic,pid_00035,19,outer_packaging_or_product_photo,unclassified_needs_manual_review,640,640,JPEG,member_of_near_duplicate_cluster_size_19
roboflow_counterfeit_med_detection_b04579e3c9,Roboflow - Counterfeit_med_detection (v4),roboflow\train\images31_jpg.rf.bc64fbfa6f1423fc7855a8b1b2600335.jpg,authentic,pid_00116,18,outer_packaging_or_product_photo,unclassified_needs_manual_review,640,640,JPEG,member_of_near_duplicate_cluster_size_18
roboflow_counterfeit_med_detection_fd38172365,Roboflow - Counterfeit_med_detection (v4),roboflow\train\images5110_jpg.rf.bd34cd9d3f355df539ed5066ffccafb6.jpg,authentic,pid_00143,8,outer_packaging_or_product_photo,unclassified_needs_manual_review,640,640,JPEG,member_of_near_duplicate_cluster_size_8
roboflow_counterfeit_med_detection_486b2151fc,Roboflow - Counterfeit_med_detection (v4),roboflow\train\images38_jpg.rf.bdae3c741db169c50a2015962a39e1aa.jpg,authentic,pid_00039,35,outer_packaging_or_product_photo,unclassified_needs_manual_review,640,640,JPEG,member_of_near_duplicate_cluster_size_35
roboflow_counterfeit_med_detection_1fd4b20a7b,Roboflow - Counterfeit_med_detection (v4),roboflow\train\images226_jpg.rf.be305812fd8abf50fc0e9e211a8a7af9.jpg,authentic,pid_00186,19,outer_packaging_or_product_photo,unclassified_needs_manual_review,640,640,JPEG,member_of_near_duplicate_cluster_size_19
roboflow_counterfeit_med_detection_65c26b4285,Roboflow - Counterfeit_med_detection (v4),roboflow\train\images35_jpg.rf.bdd27564585fe905f5ad07da12bdf727.jpg,authentic,pid_00187,12,outer_packaging_or_product_photo,unclassified_needs_manual_review,640,640,JPEG,member_of_near_duplicate_cluster_size_12
roboflow_counterfeit_med_detection_3fa208205c,Roboflow - Counterfeit_med_detection (v4),roboflow\train\images5100_jpg.rf.bd86b1d528191b4c7e1b8692afd5ec7c.jpg,authentic,pid_00188,2,outer_packaging_or_product_photo,unclassified_needs_manual_review,640,640,JPEG,member_of_near_duplicate_cluster_size_2
roboflow_counterfeit_med_detection_7eb94e08b9,Roboflow - Counterfeit_med_detection (v4),roboflow\train\images242_jpg.rf.bdf4eb746cb47273e5f22509f0e192b3.jpg,authentic,pid_00081,6,outer_packaging_or_product_photo,unclassified_needs_manual_review,640,640,JPEG,member_of_near_duplicate_cluster_size_6
roboflow_counterfeit_med_detection_3fd433ee5a,Roboflow - Counterfeit_med_detection (v4),roboflow\train\images346_jpg.rf.be9f6290007a79c9e053180077190887.jpg,authentic,pid_00189,24,outer_packaging_or_product_photo,unclassified_needs_manual_review,640,640,JPEG,member_of_near_duplicate_cluster_size_24
roboflow_counterfeit_med_detection_1d7aa7bac0,Roboflow - Counterfeit_med_detection (v4),roboflow\train\images4048_jpg.rf.be214804ba863622c8b66c59bca0d1fa.jpg,authentic,pid_00017,28,outer_packaging_or_product_photo,unclassified_needs_manual_review,640,640,JPEG,member_of_near_duplicate_cluster_size_28
roboflow_counterfeit_med_detection_4569205a16,Roboflow - Counterfeit_med_detection (v4),roboflow\train\images4090_jpg.rf.be8dee29db3eaed08bbea0023ac807b0.jpg,authentic,pid_00084,21,outer_packaging_or_product_photo,unclassified_needs_manual_review,640,640,JPEG,member_of_near_duplicate_cluster_size_21
roboflow_counterfeit_med_detection_f48d58d8ee,Roboflow - Counterfeit_med_detection (v4),roboflow\train\images4100_jpg.rf.bdfe606755a87fb065823881321e7997.jpg,authentic,pid_00047,15,outer_packaging_or_product_photo,unclassified_needs_manual_review,640,640,JPEG,member_of_near_duplicate_cluster_size_15
roboflow_counterfeit_med_detection_3db11fe4e0,Roboflow - Counterfeit_med_detection (v4),roboflow\train\images310_jpg.rf.bde33ef86749d5a893dccc1f50e7394c.jpg,authentic,pid_00190,10,outer_packaging_or_product_photo,unclassified_needs_manual_review,640,640,JPEG,member_of_near_duplicate_cluster_size_10
roboflow_counterfeit_med_detection_9df9a9ac64,Roboflow - Counterfeit_med_detection (v4),roboflow\train\images339_jpg.rf.bd9bfd73acd64a6cdbd3cedcfbf279d2.jpg,authentic,pid_00048,34,outer_packaging_or_product_photo,unclassified_needs_manual_review,640,640,JPEG,member_of_near_duplicate_cluster_size_34
roboflow_counterfeit_med_detection_010164dc66,Roboflow - Counterfeit_med_detection (v4),roboflow\train\images4045_jpg.rf.be0742898a62de0660403621a260636a.jpg,authentic,pid_00164,12,outer_packaging_or_product_photo,unclassified_needs_manual_review,640,640,JPEG,member_of_near_duplicate_cluster_size_12
roboflow_counterfeit_med_detection_d6e3248c78,Roboflow - Counterfeit_med_detection (v4),roboflow\train\images05_jpg.rf.bdbfa1272f76f52b6083517d33a5efb4.jpg,authentic,pid_00191,11,outer_packaging_or_product_photo,unclassified_needs_manual_review,640,640,JPEG,member_of_near_duplicate_cluster_size_11
roboflow_counterfeit_med_detection_e078b454b5,Roboflow - Counterfeit_med_detection (v4),roboflow\train\images219_jpg.rf.be8f28e17df2f1352c1ec5c84a2fc965.jpg,authentic,pid_00058,7,outer_packaging_or_product_photo,unclassified_needs_manual_review,640,640,JPEG,member_of_near_duplicate_cluster_size_7
roboflow_counterfeit_med_detection_47112dc6c6,Roboflow - Counterfeit_med_detection (v4),roboflow\train\images5126_jpg.rf.be9ac58df75e7ad7347488679417789e.jpg,authentic,pid_00192,8,outer_packaging_or_product_photo,unclassified_needs_manual_review,640,640,JPEG,member_of_near_duplicate_cluster_size_8
roboflow_counterfeit_med_detection_bc8c9fe4db,Roboflow - Counterfeit_med_detection (v4),roboflow\train\images5067_jpg.rf.bdb380d3ddb4f9fb6038fb07350ee681.jpg,authentic,pid_00193,6,outer_packaging_or_product_photo,unclassified_needs_manual_review,640,640,JPEG,member_of_near_duplicate_cluster_size_6
roboflow_counterfeit_med_detection_f6e0216762,Roboflow - Counterfeit_med_detection (v4),roboflow\train\images5103_jpg.rf.beb6ca54153f0a615994ecd977c00a6e.jpg,authentic,pid_00194,8,outer_packaging_or_product_photo,unclassified_needs_manual_review,640,640,JPEG,member_of_near_duplicate_cluster_size_8
roboflow_counterfeit_med_detection_ceab22d434,Roboflow - Counterfeit_med_detection (v4),roboflow\train\images338_jpg.rf.bea8b303b7c29a718edb0dad3822c832.jpg,authentic,pid_00149,4,outer_packaging_or_product_photo,unclassified_needs_manual_review,640,640,JPEG,member_of_near_duplicate_cluster_size_4
roboflow_counterfeit_med_detection_692e1fd7a7,Roboflow - Counterfeit_med_detection (v4),roboflow\train\images42_jpg.rf.be0e2d5c8a99f1e3aa2a25104cebf382.jpg,authentic,pid_00195,21,outer_packaging_or_product_photo,unclassified_needs_manual_review,640,640,JPEG,member_of_near_duplicate_cluster_size_21
roboflow_counterfeit_med_detection_53d8c8748a,Roboflow - Counterfeit_med_detection (v4),roboflow\train\images4067_jpg.rf.be42f2c405d1fe5bff0997a697cb0adb.jpg,authentic,pid_00104,20,outer_packaging_or_product_photo,unclassified_needs_manual_review,640,640,JPEG,member_of_near_duplicate_cluster_size_20
roboflow_counterfeit_med_detection_2e593ef46a,Roboflow - Counterfeit_med_detection (v4),roboflow\train\images236_jpg.rf.beb87078007bf1da3478ec06b8328799.jpg,authentic,pid_00196,17,outer_packaging_or_product_photo,unclassified_needs_manual_review,640,640,JPEG,member_of_near_duplicate_cluster_size_17
roboflow_counterfeit_med_detection_d73959e32d,Roboflow - Counterfeit_med_detection (v4),roboflow\train\images5045_jpg.rf.bedae4ee90bd1d71353c44f60000a28f.jpg,authentic,pid_00096,34,outer_packaging_or_product_photo,unclassified_needs_manual_review,640,640,JPEG,member_of_near_duplicate_cluster_size_34
roboflow_counterfeit_med_detection_8325f7e7c3,Roboflow - Counterfeit_med_detection (v4),roboflow\train\images5062_jpg.rf.bef14e78f8d6669fe79ba5a279d84893.jpg,authentic,pid_00091,20,outer_packaging_or_product_photo,unclassified_needs_manual_review,640,640,JPEG,member_of_near_duplicate_cluster_size_20
roboflow_counterfeit_med_detection_5227dfeeec,Roboflow - Counterfeit_med_detection (v4),roboflow\train\images352_jpg.rf.bee1a82a763aa9ba88cc0464a15c11bb.jpg,authentic,pid_00197,3,outer_packaging_or_product_photo,unclassified_needs_manual_review,640,640,JPEG,member_of_near_duplicate_cluster_size_3
roboflow_counterfeit_med_detection_ade1fc1ca7,Roboflow - Counterfeit_med_detection (v4),roboflow\train\images346_jpg.rf.bef459e77d9ab604bd77f18366749495.jpg,authentic,pid_00052,12,outer_packaging_or_product_photo,unclassified_needs_manual_review,640,640,JPEG,member_of_near_duplicate_cluster_size_12
roboflow_counterfeit_med_detection_345150b979,Roboflow - Counterfeit_med_detection (v4),roboflow\train\images4068_jpg.rf.beb7754cbf28e4f094a6a4c3d560b871.jpg,authentic,pid_00076,19,outer_packaging_or_product_photo,unclassified_needs_manual_review,640,640,JPEG,member_of_near_duplicate_cluster_size_19
roboflow_counterfeit_med_detection_620aa40c5d,Roboflow - Counterfeit_med_detection (v4),roboflow\train\images4124_jpg.rf.bfea956d5b0b509db2c260aa76024c92.jpg,authentic,pid_00152,19,outer_packaging_or_product_photo,unclassified_needs_manual_review,640,640,JPEG,member_of_near_duplicate_cluster_size_19
roboflow_counterfeit_med_detection_97f05aba9b,Roboflow - Counterfeit_med_detection (v4),roboflow\train\images4038_jpg.rf.bf771ae3a553bdc20019133485090f2b.jpg,authentic,pid_00057,55,outer_packaging_or_product_photo,unclassified_needs_manual_review,640,640,JPEG,member_of_near_duplicate_cluster_size_55
roboflow_counterfeit_med_detection_dffe7fde69,Roboflow - Counterfeit_med_detection (v4),roboflow\train\images5062_jpg.rf.bf079d71cca38b46d45692298109e674.jpg,authentic,pid_00091,20,outer_packaging_or_product_photo,unclassified_needs_manual_review,640,640,JPEG,member_of_near_duplicate_cluster_size_20
roboflow_counterfeit_med_detection_95a5b5982b,Roboflow - Counterfeit_med_detection (v4),roboflow\train\images262_jpg.rf.bfa4ef859942755ec60ce0cc5c95393c.jpg,authentic,pid_00072,20,outer_packaging_or_product_photo,unclassified_needs_manual_review,640,640,JPEG,member_of_near_duplicate_cluster_size_20
roboflow_counterfeit_med_detection_4ebb1d06f6,Roboflow - Counterfeit_med_detection (v4),roboflow\train\images5031_jpg.rf.bfa8b8b677205c73383a9f0855f0bbdc.jpg,authentic,pid_00176,6,outer_packaging_or_product_photo,unclassified_needs_manual_review,640,640,JPEG,member_of_near_duplicate_cluster_size_6
roboflow_counterfeit_med_detection_9932c9df11,Roboflow - Counterfeit_med_detection (v4),roboflow\train\images264_jpg.rf.beda0401153f8e9d1cbb529bdba2af30.jpg,authentic,pid_00019,18,outer_packaging_or_product_photo,unclassified_needs_manual_review,640,640,JPEG,member_of_near_duplicate_cluster_size_18
roboflow_counterfeit_med_detection_87f1ed757c,Roboflow - Counterfeit_med_detection (v4),roboflow\train\images5058_jpg.rf.bfef52dc7ac0f9bdb3b18351bd7a4130.jpg,authentic,pid_00198,4,outer_packaging_or_product_photo,unclassified_needs_manual_review,640,640,JPEG,member_of_near_duplicate_cluster_size_4
roboflow_counterfeit_med_detection_c9699bd53b,Roboflow - Counterfeit_med_detection (v4),roboflow\train\images5085_jpg.rf.bfc0fde23d6b3c314347ad865c111d36.jpg,authentic,pid_00021,10,outer_packaging_or_product_photo,unclassified_needs_manual_review,640,640,JPEG,member_of_near_duplicate_cluster_size_10
roboflow_counterfeit_med_detection_cca8dd12f7,Roboflow - Counterfeit_med_detection (v4),roboflow\train\images4088_jpg.rf.bfa86e7a29bf2af2a30ed10ba0f4461c.jpg,authentic,pid_00185,19,outer_packaging_or_product_photo,unclassified_needs_manual_review,640,640,JPEG,member_of_near_duplicate_cluster_size_19
roboflow_counterfeit_med_detection_c8216d123c,Roboflow - Counterfeit_med_detection (v4),roboflow\train\images4025_jpg.rf.bf5d237f6afd239e86fd6043cddcb45f.jpg,authentic,pid_00129,29,outer_packaging_or_product_photo,unclassified_needs_manual_review,640,640,JPEG,member_of_near_duplicate_cluster_size_29
roboflow_counterfeit_med_detection_9ee4809c83,Roboflow - Counterfeit_med_detection (v4),roboflow\train\images33_jpg.rf.bf8d23c30ae037507dffd4cd2a77ec29.jpg,authentic,pid_00199,12,outer_packaging_or_product_photo,unclassified_needs_manual_review,640,640,JPEG,member_of_near_duplicate_cluster_size_12
roboflow_counterfeit_med_detection_7a4f6f03b8,Roboflow - Counterfeit_med_detection (v4),roboflow\train\images256_jpg.rf.bf2f4f102bc28e36a03dac1ebe8f053f.jpg,authentic,pid_00066,23,outer_packaging_or_product_photo,unclassified_needs_manual_review,640,640,JPEG,member_of_near_duplicate_cluster_size_23
roboflow_counterfeit_med_detection_6ae6b60f61,Roboflow - Counterfeit_med_detection (v4),roboflow\train\images5098_jpg.rf.bffab0d58faaef88df8d449a75b78521.jpg,authentic,pid_00144,19,outer_packaging_or_product_photo,unclassified_needs_manual_review,640,640,JPEG,member_of_near_duplicate_cluster_size_19
roboflow_counterfeit_med_detection_85009315bd,Roboflow - Counterfeit_med_detection (v4),roboflow\train\images4093_jpg.rf.bfeaead003104c10e71b8c9c9b83f8e1.jpg,authentic,pid_00200,5,outer_packaging_or_product_photo,unclassified_needs_manual_review,640,640,JPEG,member_of_near_duplicate_cluster_size_5
roboflow_counterfeit_med_detection_f82d8339ed,Roboflow - Counterfeit_med_detection (v4),roboflow\train\images4031_jpg.rf.bfdd5aaa2a3ebf3b4f3c85ad2862bf42.jpg,authentic,pid_00012,23,outer_packaging_or_product_photo,unclassified_needs_manual_review,640,640,JPEG,member_of_near_duplicate_cluster_size_23
roboflow_counterfeit_med_detection_b5d9c36c4a,Roboflow - Counterfeit_med_detection (v4),roboflow\train\images35_jpg.rf.bfb2882b7a7b1b02d02c6cdfe8cc5cfc.jpg,authentic,pid_00187,12,outer_packaging_or_product_photo,unclassified_needs_manual_review,640,640,JPEG,member_of_near_duplicate_cluster_size_12
roboflow_counterfeit_med_detection_650c09e3bd,Roboflow - Counterfeit_med_detection (v4),roboflow\train\images5107_jpg.rf.bebce1ae4d48934d7618c671c5fa6aaa.jpg,authentic,pid_00085,17,outer_packaging_or_product_photo,unclassified_needs_manual_review,640,640,JPEG,member_of_near_duplicate_cluster_size_17
roboflow_counterfeit_med_detection_51bbdb1dfc,Roboflow - Counterfeit_med_detection (v4),roboflow\train\images254_jpg.rf.c01f9b72a354c5265794cbcf94da0ac3.jpg,authentic,pid_00201,2,outer_packaging_or_product_photo,unclassified_needs_manual_review,640,640,JPEG,member_of_near_duplicate_cluster_size_2
roboflow_counterfeit_med_detection_1ad1f459ff,Roboflow - Counterfeit_med_detection (v4),roboflow\train\images4046_jpg.rf.bff166b5e26cf9a4114f3e2bc7a34658.jpg,authentic,pid_00087,37,outer_packaging_or_product_photo,unclassified_needs_manual_review,640,640,JPEG,member_of_near_duplicate_cluster_size_37
roboflow_counterfeit_med_detection_dc86003f4c,Roboflow - Counterfeit_med_detection (v4),roboflow\train\images5080_jpg.rf.c02b533c522ea2d806e75bd3ef4a50a4.jpg,authentic,pid_00202,10,outer_packaging_or_product_photo,unclassified_needs_manual_review,640,640,JPEG,member_of_near_duplicate_cluster_size_10
roboflow_counterfeit_med_detection_d2344a1658,Roboflow - Counterfeit_med_detection (v4),roboflow\train\images236_jpg.rf.c0839ea8a2fe00ffa87a21dd8c3da190.jpg,authentic,pid_00055,19,outer_packaging_or_product_photo,unclassified_needs_manual_review,640,640,JPEG,member_of_near_duplicate_cluster_size_19
roboflow_counterfeit_med_detection_eb4b4f6b86,Roboflow - Counterfeit_med_detection (v4),roboflow\train\images09_jpg.rf.c1415e36007016816bbced6ff05d117a.jpg,authentic,pid_00203,7,outer_packaging_or_product_photo,unclassified_needs_manual_review,640,640,JPEG,member_of_near_duplicate_cluster_size_7
roboflow_counterfeit_med_detection_432ada54ff,Roboflow - Counterfeit_med_detection (v4),roboflow\train\images4087_jpg.rf.c0e7661c07d7b0ed053ee03964d421e8.jpg,authentic,pid_00135,20,outer_packaging_or_product_photo,unclassified_needs_manual_review,640,640,JPEG,member_of_near_duplicate_cluster_size_20
roboflow_counterfeit_med_detection_b5c660b74f,Roboflow - Counterfeit_med_detection (v4),roboflow\train\images213_jpg.rf.c12c649a0cfb2a2abc0d7e925493ea9b.jpg,authentic,pid_00204,5,outer_packaging_or_product_photo,unclassified_needs_manual_review,640,640,JPEG,member_of_near_duplicate_cluster_size_5
roboflow_counterfeit_med_detection_7670cb6797,Roboflow - Counterfeit_med_detection (v4),roboflow\train\images347_jpg.rf.c072659a9099ab9f38180076aee05aed.jpg,authentic,pid_00119,35,outer_packaging_or_product_photo,unclassified_needs_manual_review,640,640,JPEG,member_of_near_duplicate_cluster_size_35
roboflow_counterfeit_med_detection_b459ea46c4,Roboflow - Counterfeit_med_detection (v4),roboflow\train\images307_jpg.rf.c02eac1b2c6185db49a610cd9c46d5ee.jpg,authentic,pid_00205,10,outer_packaging_or_product_photo,unclassified_needs_manual_review,640,640,JPEG,member_of_near_duplicate_cluster_size_10
roboflow_counterfeit_med_detection_903604dc4b,Roboflow - Counterfeit_med_detection (v4),roboflow\train\images37_jpg.rf.c0f7df958a87523722b9a103c3d586cb.jpg,authentic,pid_00074,55,outer_packaging_or_product_photo,unclassified_needs_manual_review,640,640,JPEG,member_of_near_duplicate_cluster_size_55
roboflow_counterfeit_med_detection_6dd1ae0eaa,Roboflow - Counterfeit_med_detection (v4),roboflow\train\images5056_jpg.rf.c11435780c8cd4fe0b5f223e7c949169.jpg,authentic,pid_00117,11,outer_packaging_or_product_photo,unclassified_needs_manual_review,640,640,JPEG,member_of_near_duplicate_cluster_size_11
roboflow_counterfeit_med_detection_3b5cd03e93,Roboflow - Counterfeit_med_detection (v4),roboflow\train\images4031_jpg.rf.c057c31d9f5cb62226f041d2f8f4a7ee.jpg,authentic,pid_00012,23,outer_packaging_or_product_photo,unclassified_needs_manual_review,640,640,JPEG,member_of_near_duplicate_cluster_size_23
roboflow_counterfeit_med_detection_9272b4c4e8,Roboflow - Counterfeit_med_detection (v4),roboflow\train\images4047_jpg.rf.c0b2a1c66b7efff3e5dc10cc64006833.jpg,authentic,pid_00110,25,outer_packaging_or_product_photo,unclassified_needs_manual_review,640,640,JPEG,member_of_near_duplicate_cluster_size_25
roboflow_counterfeit_med_detection_c38f675565,Roboflow - Counterfeit_med_detection (v4),roboflow\train\images37_jpg.rf.c0cb17a7b5f4b0215beab3d4b489e8b9.jpg,authentic,pid_00074,55,outer_packaging_or_product_photo,unclassified_needs_manual_review,640,640,JPEG,member_of_near_duplicate_cluster_size_55
roboflow_counterfeit_med_detection_18f3921004,Roboflow - Counterfeit_med_detection (v4),roboflow\train\images268_jpg.rf.c09a7357eab9601fd4cc383efe05dfc4.jpg,authentic,pid_00010,56,outer_packaging_or_product_photo,unclassified_needs_manual_review,640,640,JPEG,member_of_near_duplicate_cluster_size_56
roboflow_counterfeit_med_detection_17b36da6f3,Roboflow - Counterfeit_med_detection (v4),roboflow\train\images5035_jpg.rf.c19605ae2664101fcc9816a607e459fc.jpg,authentic,pid_00125,19,outer_packaging_or_product_photo,unclassified_needs_manual_review,640,640,JPEG,member_of_near_duplicate_cluster_size_19
roboflow_counterfeit_med_detection_c83e4d2bd2,Roboflow - Counterfeit_med_detection (v4),roboflow\train\images35_jpg.rf.c190a40b1e8613234ecd0e673bcaef3b.jpg,authentic,pid_00073,25,outer_packaging_or_product_photo,unclassified_needs_manual_review,640,640,JPEG,member_of_near_duplicate_cluster_size_25
roboflow_counterfeit_med_detection_d7df7a24e2,Roboflow - Counterfeit_med_detection (v4),roboflow\train\images4088_jpg.rf.c1603aa0dd4d32a910501ab2261e9387.jpg,authentic,pid_00185,19,outer_packaging_or_product_photo,unclassified_needs_manual_review,640,640,JPEG,member_of_near_duplicate_cluster_size_19
roboflow_counterfeit_med_detection_fe0b4afd6a,Roboflow - Counterfeit_med_detection (v4),roboflow\train\images346_jpg.rf.c1e91179a0399b93558408590423d1ec.jpg,authentic,pid_00189,24,outer_packaging_or_product_photo,unclassified_needs_manual_review,640,640,JPEG,member_of_near_duplicate_cluster_size_24
roboflow_counterfeit_med_detection_ec9b7a087a,Roboflow - Counterfeit_med_detection (v4),roboflow\train\images5060_jpg.rf.c145866a71fac0415f6ab9df9500ce91.jpg,authentic,pid_00094,25,outer_packaging_or_product_photo,unclassified_needs_manual_review,640,640,JPEG,member_of_near_duplicate_cluster_size_25
roboflow_counterfeit_med_detection_ac43d5697b,Roboflow - Counterfeit_med_detection (v4),roboflow\train\images5053_jpg.rf.c1dff54392ea63538950a10af89c342f.jpg,authentic,pid_00118,7,outer_packaging_or_product_photo,unclassified_needs_manual_review,640,640,JPEG,member_of_near_duplicate_cluster_size_7
roboflow_counterfeit_med_detection_3c51e7c5be,Roboflow - Counterfeit_med_detection (v4),roboflow\train\images321_jpg.rf.c17be086f18376945424123b5962daa0.jpg,authentic,pid_00074,55,outer_packaging_or_product_photo,unclassified_needs_manual_review,640,640,JPEG,member_of_near_duplicate_cluster_size_55
roboflow_counterfeit_med_detection_9daf9af551,Roboflow - Counterfeit_med_detection (v4),roboflow\train\images352_jpg.rf.c096581dc78ca55c7ee9ebe0ebd88883.jpg,authentic,pid_00046,18,outer_packaging_or_product_photo,unclassified_needs_manual_review,640,640,JPEG,member_of_near_duplicate_cluster_size_18
roboflow_counterfeit_med_detection_b43e2bded5,Roboflow - Counterfeit_med_detection (v4),roboflow\train\images314_jpg.rf.c0cc75bcfbd96ab19a94390876d6663c.jpg,authentic,pid_00206,5,outer_packaging_or_product_photo,unclassified_needs_manual_review,640,640,JPEG,member_of_near_duplicate_cluster_size_5
roboflow_counterfeit_med_detection_ea83cf4c90,Roboflow - Counterfeit_med_detection (v4),roboflow\train\images5056_jpg.rf.c1ee66086c61955354a492a177904a2e.jpg,authentic,pid_00117,11,outer_packaging_or_product_photo,unclassified_needs_manual_review,640,640,JPEG,member_of_near_duplicate_cluster_size_11
roboflow_counterfeit_med_detection_b81836104b,Roboflow - Counterfeit_med_detection (v4),roboflow\train\images4046_jpg.rf.c210aebd541de4495c4aee3f55240ab1.jpg,authentic,pid_00087,37,outer_packaging_or_product_photo,unclassified_needs_manual_review,640,640,JPEG,member_of_near_duplicate_cluster_size_37
roboflow_counterfeit_med_detection_ee0fcfcce1,Roboflow - Counterfeit_med_detection (v4),roboflow\train\images5114_jpg.rf.c239e8a45becb797349c3c083791bf41.jpg,authentic,pid_00207,18,outer_packaging_or_product_photo,unclassified_needs_manual_review,640,640,JPEG,member_of_near_duplicate_cluster_size_18
roboflow_counterfeit_med_detection_3eb417c242,Roboflow - Counterfeit_med_detection (v4),roboflow\train\images239_jpg.rf.c2658d2455ca2fb3d9d35c708563aa34.jpg,authentic,pid_00001,22,outer_packaging_or_product_photo,unclassified_needs_manual_review,640,640,JPEG,member_of_near_duplicate_cluster_size_22
roboflow_counterfeit_med_detection_95a569fb96,Roboflow - Counterfeit_med_detection (v4),roboflow\train\images351_jpg.rf.c29f2e070ae7c1ef6f83309e636cebf3.jpg,authentic,pid_00128,12,outer_packaging_or_product_photo,unclassified_needs_manual_review,640,640,JPEG,member_of_near_duplicate_cluster_size_12
roboflow_counterfeit_med_detection_863c3781f1,Roboflow - Counterfeit_med_detection (v4),roboflow\train\images5052_jpg.rf.c342456d071d69f92bc2089dc1d8df36.jpg,authentic,pid_00037,19,outer_packaging_or_product_photo,unclassified_needs_manual_review,640,640,JPEG,member_of_near_duplicate_cluster_size_19
roboflow_counterfeit_med_detection_f66a1a35d9,Roboflow - Counterfeit_med_detection (v4),roboflow\train\images4116_jpg.rf.c2e62cebcd925d517702f11616ee4c6c.jpg,authentic,pid_00045,12,outer_packaging_or_product_photo,unclassified_needs_manual_review,640,640,JPEG,member_of_near_duplicate_cluster_size_12
roboflow_counterfeit_med_detection_746ce2cbd4,Roboflow - Counterfeit_med_detection (v4),roboflow\train\images5031_jpg.rf.c2b30f9a6db80605b932acc75234b12b.jpg,authentic,pid_00131,33,outer_packaging_or_product_photo,unclassified_needs_manual_review,640,640,JPEG,member_of_near_duplicate_cluster_size_33
roboflow_counterfeit_med_detection_bd05ee0777,Roboflow - Counterfeit_med_detection (v4),roboflow\train\images5039_jpg.rf.c32dd85ee384a8366a4298f3319dd50c.jpg,authentic,pid_00208,6,outer_packaging_or_product_photo,unclassified_needs_manual_review,640,640,JPEG,member_of_near_duplicate_cluster_size_6
roboflow_counterfeit_med_detection_21aefcb21d,Roboflow - Counterfeit_med_detection (v4),roboflow\train\images4079_jpg.rf.c30f261d4e73a795bc3543bd27ae81e9.jpg,authentic,pid_00209,3,outer_packaging_or_product_photo,unclassified_needs_manual_review,640,640,JPEG,member_of_near_duplicate_cluster_size_3
roboflow_counterfeit_med_detection_4b2febe02b,Roboflow - Counterfeit_med_detection (v4),roboflow\train\images46_jpg.rf.c283ea6bf8517b98d47b938b1fde34e6.jpg,authentic,pid_00210,17,outer_packaging_or_product_photo,unclassified_needs_manual_review,640,640,JPEG,member_of_near_duplicate_cluster_size_17
roboflow_counterfeit_med_detection_6b91312e47,Roboflow - Counterfeit_med_detection (v4),roboflow\train\images5107_jpg.rf.c30e01d7e379fc56abb8ebf9307aeb84.jpg,authentic,pid_00085,17,outer_packaging_or_product_photo,unclassified_needs_manual_review,640,640,JPEG,member_of_near_duplicate_cluster_size_17
roboflow_counterfeit_med_detection_c7ca575033,Roboflow - Counterfeit_med_detection (v4),roboflow\train\images347_jpg.rf.c2123a35109834dc6a839b66368a8b01.jpg,authentic,pid_00119,35,outer_packaging_or_product_photo,unclassified_needs_manual_review,640,640,JPEG,member_of_near_duplicate_cluster_size_35
roboflow_counterfeit_med_detection_4a18061215,Roboflow - Counterfeit_med_detection (v4),roboflow\train\images4046_jpg.rf.c25cb6e697fd87a95626f7b1d0e21710.jpg,authentic,pid_00087,37,outer_packaging_or_product_photo,unclassified_needs_manual_review,640,640,JPEG,member_of_near_duplicate_cluster_size_37
roboflow_counterfeit_med_detection_8d20486320,Roboflow - Counterfeit_med_detection (v4),roboflow\train\images35_jpg.rf.c28566d28ec6be0ddc08dce2ec5309a6.jpg,authentic,pid_00073,25,outer_packaging_or_product_photo,unclassified_needs_manual_review,640,640,JPEG,member_of_near_duplicate_cluster_size_25
roboflow_counterfeit_med_detection_69cfae0618,Roboflow - Counterfeit_med_detection (v4),roboflow\train\images347_jpg.rf.c3150d48774b06ae2d06689edbb51401.jpg,authentic,pid_00119,35,outer_packaging_or_product_photo,unclassified_needs_manual_review,640,640,JPEG,member_of_near_duplicate_cluster_size_35
roboflow_counterfeit_med_detection_7e2fc8609c,Roboflow - Counterfeit_med_detection (v4),roboflow\train\images4044_jpg.rf.c2d40f2d9431f3bd82439235b8d75d4e.jpg,authentic,pid_00140,24,outer_packaging_or_product_photo,unclassified_needs_manual_review,640,640,JPEG,member_of_near_duplicate_cluster_size_24
roboflow_counterfeit_med_detection_04a11fd226,Roboflow - Counterfeit_med_detection (v4),roboflow\train\images5114_jpg.rf.c32633ae4e5d88790db0dd57bd27cb00.jpg,authentic,pid_00207,18,outer_packaging_or_product_photo,unclassified_needs_manual_review,640,640,JPEG,member_of_near_duplicate_cluster_size_18
roboflow_counterfeit_med_detection_7d459b7c22,Roboflow - Counterfeit_med_detection (v4),roboflow\train\images4064_jpg.rf.c3341d25f6135b8197093b284dacbb41.jpg,authentic,pid_00026,19,outer_packaging_or_product_photo,unclassified_needs_manual_review,640,640,JPEG,member_of_near_duplicate_cluster_size_19
roboflow_counterfeit_med_detection_1bd20a9490,Roboflow - Counterfeit_med_detection (v4),roboflow\train\images340_jpg.rf.c35397cf3a66458e2402e18d106fae57.jpg,authentic,pid_00169,12,outer_packaging_or_product_photo,unclassified_needs_manual_review,640,640,JPEG,member_of_near_duplicate_cluster_size_12
roboflow_counterfeit_med_detection_f383c7f526,Roboflow - Counterfeit_med_detection (v4),roboflow\train\images348_jpg.rf.c32c5f7ed56d2de41bf8953d094ea3de.jpg,authentic,pid_00038,37,outer_packaging_or_product_photo,unclassified_needs_manual_review,640,640,JPEG,member_of_near_duplicate_cluster_size_37
roboflow_counterfeit_med_detection_bcb3594e6c,Roboflow - Counterfeit_med_detection (v4),roboflow\train\images4088_jpg.rf.c278bcc8c70b35be23b212aa0a7e96d7.jpg,authentic,pid_00185,19,outer_packaging_or_product_photo,unclassified_needs_manual_review,640,640,JPEG,member_of_near_duplicate_cluster_size_19
roboflow_counterfeit_med_detection_1d8e0b1ab9,Roboflow - Counterfeit_med_detection (v4),roboflow\train\images252_jpg.rf.c362075dca09260f48846d6aaf6c42d8.jpg,authentic,pid_00070,12,outer_packaging_or_product_photo,unclassified_needs_manual_review,640,640,JPEG,member_of_near_duplicate_cluster_size_12
roboflow_counterfeit_med_detection_d7b5bc5282,Roboflow - Counterfeit_med_detection (v4),roboflow\train\images38_jpg.rf.c35522e220136ef32c94a036c9077077.jpg,authentic,pid_00039,35,outer_packaging_or_product_photo,unclassified_needs_manual_review,640,640,JPEG,member_of_near_duplicate_cluster_size_35
roboflow_counterfeit_med_detection_e192ae81c9,Roboflow - Counterfeit_med_detection (v4),roboflow\train\images47_jpg.rf.c38a45f2c5d1822738d595bb351015fb.jpg,authentic,pid_00211,2,outer_packaging_or_product_photo,unclassified_needs_manual_review,640,640,JPEG,member_of_near_duplicate_cluster_size_2
roboflow_counterfeit_med_detection_faa2d46eb5,Roboflow - Counterfeit_med_detection (v4),roboflow\train\images307_jpg.rf.c3f0d04585088c79fa849d7cc1f3da02.jpg,authentic,pid_00212,1,outer_packaging_or_product_photo,unclassified_needs_manual_review,640,640,JPEG,
roboflow_counterfeit_med_detection_f285f09d70,Roboflow - Counterfeit_med_detection (v4),roboflow\train\images5034_jpg.rf.c40795f156ed0209bf29ca8361de808d.jpg,authentic,pid_00009,19,outer_packaging_or_product_photo,unclassified_needs_manual_review,640,640,JPEG,member_of_near_duplicate_cluster_size_19
roboflow_counterfeit_med_detection_e533e9bdea,Roboflow - Counterfeit_med_detection (v4),roboflow\train\images4082_jpg.rf.c421b30b26461a04199dea1e05ad3c91.jpg,authentic,pid_00154,18,outer_packaging_or_product_photo,unclassified_needs_manual_review,640,640,JPEG,member_of_near_duplicate_cluster_size_18
roboflow_counterfeit_med_detection_2c71a98de2,Roboflow - Counterfeit_med_detection (v4),roboflow\train\images4064_jpg.rf.c38c0b35f1c253d7e1af61fe84968fb7.jpg,authentic,pid_00213,19,outer_packaging_or_product_photo,unclassified_needs_manual_review,640,640,JPEG,member_of_near_duplicate_cluster_size_19
roboflow_counterfeit_med_detection_60ac8151ff,Roboflow - Counterfeit_med_detection (v4),roboflow\train\images5100_jpg.rf.c4a92a2f764ebdae84ae0f7f1be75b70.jpg,authentic,pid_00214,17,outer_packaging_or_product_photo,unclassified_needs_manual_review,640,640,JPEG,member_of_near_duplicate_cluster_size_17
roboflow_counterfeit_med_detection_81a32815ae,Roboflow - Counterfeit_med_detection (v4),roboflow\train\images222_jpg.rf.c47a663379d8072ad7fb036714496c91.jpg,authentic,pid_00068,36,outer_packaging_or_product_photo,unclassified_needs_manual_review,640,640,JPEG,member_of_near_duplicate_cluster_size_36
roboflow_counterfeit_med_detection_426556551b,Roboflow - Counterfeit_med_detection (v4),roboflow\train\images314_jpg.rf.c3dcc47ba27abddb282f5bfb5934a146.jpg,authentic,pid_00004,5,outer_packaging_or_product_photo,unclassified_needs_manual_review,640,640,JPEG,member_of_near_duplicate_cluster_size_5
roboflow_counterfeit_med_detection_167da8699a,Roboflow - Counterfeit_med_detection (v4),roboflow\train\images5098_jpg.rf.c3dbe9a9eb667c9428c03f8e454a2f2c.jpg,authentic,pid_00144,19,outer_packaging_or_product_photo,unclassified_needs_manual_review,640,640,JPEG,member_of_near_duplicate_cluster_size_19
roboflow_counterfeit_med_detection_359c0da45a,Roboflow - Counterfeit_med_detection (v4),roboflow\train\images4063_jpg.rf.c44d48d4905222e59e6581865afb7670.jpg,authentic,pid_00123,11,outer_packaging_or_product_photo,unclassified_needs_manual_review,640,640,JPEG,member_of_near_duplicate_cluster_size_11
roboflow_counterfeit_med_detection_85f5a0eb5f,Roboflow - Counterfeit_med_detection (v4),roboflow\train\images218_jpg.rf.c407954450d4e77a3de07bda2af9a088.jpg,authentic,pid_00215,14,outer_packaging_or_product_photo,unclassified_needs_manual_review,640,640,JPEG,member_of_near_duplicate_cluster_size_14
roboflow_counterfeit_med_detection_27e6adfcd1,Roboflow - Counterfeit_med_detection (v4),roboflow\train\images5069_jpg.rf.c3aabf0057e6904ffc3d11569548d607.jpg,authentic,pid_00216,3,outer_packaging_or_product_photo,unclassified_needs_manual_review,640,640,JPEG,member_of_near_duplicate_cluster_size_3
roboflow_counterfeit_med_detection_9d62aa69e7,Roboflow - Counterfeit_med_detection (v4),roboflow\train\images5107_jpg.rf.c42fea866ed9d80893a37d960394b0ec.jpg,authentic,pid_00085,17,outer_packaging_or_product_photo,unclassified_needs_manual_review,640,640,JPEG,member_of_near_duplicate_cluster_size_17
roboflow_counterfeit_med_detection_fccd3cca7c,Roboflow - Counterfeit_med_detection (v4),roboflow\train\images5024_jpg.rf.c42f3c4386ea168e299d3cdb15fa174c.jpg,authentic,pid_00217,15,outer_packaging_or_product_photo,unclassified_needs_manual_review,640,640,JPEG,member_of_near_duplicate_cluster_size_15
roboflow_counterfeit_med_detection_edbdbbc619,Roboflow - Counterfeit_med_detection (v4),roboflow\train\images266_jpg.rf.c399a57e9a7325a162a49072012af53d.jpg,authentic,pid_00027,19,outer_packaging_or_product_photo,unclassified_needs_manual_review,640,640,JPEG,member_of_near_duplicate_cluster_size_19
roboflow_counterfeit_med_detection_7bc96e0b5a,Roboflow - Counterfeit_med_detection (v4),roboflow\train\images240_jpg.rf.c486fe5355fbfbb8ef063c129909d5fc.jpg,authentic,pid_00078,6,outer_packaging_or_product_photo,unclassified_needs_manual_review,640,640,JPEG,member_of_near_duplicate_cluster_size_6
roboflow_counterfeit_med_detection_97944029da,Roboflow - Counterfeit_med_detection (v4),roboflow\train\images342_jpg.rf.c4d20f99bc82aaf873333e8897446ab7.jpg,authentic,pid_00002,25,outer_packaging_or_product_photo,unclassified_needs_manual_review,640,640,JPEG,member_of_near_duplicate_cluster_size_25
roboflow_counterfeit_med_detection_8526282773,Roboflow - Counterfeit_med_detection (v4),roboflow\train\images5063_jpg.rf.c4ec6e7f3fdd0429829c07555a3a1a88.jpg,authentic,pid_00218,5,outer_packaging_or_product_photo,unclassified_needs_manual_review,640,640,JPEG,member_of_near_duplicate_cluster_size_5
roboflow_counterfeit_med_detection_fcfceea96c,Roboflow - Counterfeit_med_detection (v4),roboflow\train\images346_jpg.rf.c4ddfa5891190705747acfc5e9631510.jpg,authentic,pid_00052,12,outer_packaging_or_product_photo,unclassified_needs_manual_review,640,640,JPEG,member_of_near_duplicate_cluster_size_12
roboflow_counterfeit_med_detection_03758a53aa,Roboflow - Counterfeit_med_detection (v4),roboflow\train\images5041_jpg.rf.c55718502afe182ebad07be839577871.jpg,authentic,pid_00219,4,outer_packaging_or_product_photo,unclassified_needs_manual_review,640,640,JPEG,member_of_near_duplicate_cluster_size_4
roboflow_counterfeit_med_detection_ab4377d02a,Roboflow - Counterfeit_med_detection (v4),roboflow\train\images206_jpg.rf.c4bc97d78c3f4214214990dfecdc2dc0.jpg,authentic,pid_00220,14,outer_packaging_or_product_photo,unclassified_needs_manual_review,640,640,JPEG,member_of_near_duplicate_cluster_size_14
roboflow_counterfeit_med_detection_0f3d1ab606,Roboflow - Counterfeit_med_detection (v4),roboflow\train\images5030_jpg.rf.c568907115f513c6d8b9580266cd7358.jpg,authentic,pid_00221,6,outer_packaging_or_product_photo,unclassified_needs_manual_review,640,640,JPEG,member_of_near_duplicate_cluster_size_6
roboflow_counterfeit_med_detection_cd147045bb,Roboflow - Counterfeit_med_detection (v4),roboflow\train\images5035_jpg.rf.c5a3a57738758bb4799d1465dc05c9e0.jpg,authentic,pid_00125,19,outer_packaging_or_product_photo,unclassified_needs_manual_review,640,640,JPEG,member_of_near_duplicate_cluster_size_19
roboflow_counterfeit_med_detection_67828d5b6e,Roboflow - Counterfeit_med_detection (v4),roboflow\train\images339_jpg.rf.c4db6ff30c00f041e74a144941351ae2.jpg,authentic,pid_00048,34,outer_packaging_or_product_photo,unclassified_needs_manual_review,640,640,JPEG,member_of_near_duplicate_cluster_size_34
roboflow_counterfeit_med_detection_ad965b2e55,Roboflow - Counterfeit_med_detection (v4),roboflow\train\images338_jpg.rf.c4fde0a9ffeea97c2665dc6973731a74.jpg,authentic,pid_00056,10,outer_packaging_or_product_photo,unclassified_needs_manual_review,640,640,JPEG,member_of_near_duplicate_cluster_size_10
roboflow_counterfeit_med_detection_b3ac80e037,Roboflow - Counterfeit_med_detection (v4),roboflow\train\images4045_jpg.rf.c5022e74fe353f20c8ec960a0cb43043.jpg,authentic,pid_00071,8,outer_packaging_or_product_photo,unclassified_needs_manual_review,640,640,JPEG,member_of_near_duplicate_cluster_size_8
roboflow_counterfeit_med_detection_a745925c9a,Roboflow - Counterfeit_med_detection (v4),roboflow\train\images346_jpg.rf.c4f3ff27c7110a63c2f54820e39ca6ff.jpg,authentic,pid_00189,24,outer_packaging_or_product_photo,unclassified_needs_manual_review,640,640,JPEG,member_of_near_duplicate_cluster_size_24
roboflow_counterfeit_med_detection_e6e731f43d,Roboflow - Counterfeit_med_detection (v4),roboflow\train\images314_jpg.rf.c57a075722239cde667963feed4902dd.jpg,authentic,pid_00004,5,outer_packaging_or_product_photo,unclassified_needs_manual_review,640,640,JPEG,member_of_near_duplicate_cluster_size_5
roboflow_counterfeit_med_detection_b982786774,Roboflow - Counterfeit_med_detection (v4),roboflow\train\images260_jpg.rf.c5ac1a3cdc3191f93edf88a8466e7a27.jpg,authentic,pid_00160,19,outer_packaging_or_product_photo,unclassified_needs_manual_review,640,640,JPEG,member_of_near_duplicate_cluster_size_19
roboflow_counterfeit_med_detection_d2200b36ef,Roboflow - Counterfeit_med_detection (v4),roboflow\train\images301_jpg.rf.869efa703467ee2e398ff66c022f6307.jpg,authentic,pid_00222,5,outer_packaging_or_product_photo,unclassified_needs_manual_review,640,640,JPEG,member_of_near_duplicate_cluster_size_5
roboflow_counterfeit_med_detection_e108f83baf,Roboflow - Counterfeit_med_detection (v4),roboflow\train\images13_jpg.rf.85ed235cb6ff8cc231157f5f5662e638.jpg,authentic,pid_00124,11,outer_packaging_or_product_photo,unclassified_needs_manual_review,640,640,JPEG,member_of_near_duplicate_cluster_size_11
roboflow_counterfeit_med_detection_fc67d52fc5,Roboflow - Counterfeit_med_detection (v4),roboflow\train\images11_jpg.rf.865ddbc9c869ea2989bd51e88401707d.jpg,authentic,pid_00223,13,outer_packaging_or_product_photo,unclassified_needs_manual_review,640,640,JPEG,member_of_near_duplicate_cluster_size_13
roboflow_counterfeit_med_detection_fbf6a0e0a2,Roboflow - Counterfeit_med_detection (v4),roboflow\train\images01_jpg.rf.85d05e7e6d4f6eedf1daaa07ceed16cd.jpg,authentic,pid_00061,41,outer_packaging_or_product_photo,unclassified_needs_manual_review,640,640,JPEG,member_of_near_duplicate_cluster_size_41
roboflow_counterfeit_med_detection_c8f0c3cf64,Roboflow - Counterfeit_med_detection (v4),roboflow\train\images340_jpg.rf.8701a860ec3f0a656fbf0518783497bc.jpg,authentic,pid_00224,24,outer_packaging_or_product_photo,unclassified_needs_manual_review,640,640,JPEG,member_of_near_duplicate_cluster_size_24
roboflow_counterfeit_med_detection_4a692e7639,Roboflow - Counterfeit_med_detection (v4),roboflow\train\images05_jpg.rf.86499703d20002ed800e06a8cafa776e.jpg,authentic,pid_00225,2,outer_packaging_or_product_photo,unclassified_needs_manual_review,640,640,JPEG,member_of_near_duplicate_cluster_size_2
roboflow_counterfeit_med_detection_a51be37996,Roboflow - Counterfeit_med_detection (v4),roboflow\train\images263_jpg.rf.86a3a045168759f8820d7f0ad74154b5.jpg,authentic,pid_00094,25,outer_packaging_or_product_photo,unclassified_needs_manual_review,640,640,JPEG,member_of_near_duplicate_cluster_size_25
roboflow_counterfeit_med_detection_745111e10a,Roboflow - Counterfeit_med_detection (v4),roboflow\train\images232_jpg.rf.85c99ad1d928a7df2563e09312e3fa71.jpg,authentic,pid_00120,16,outer_packaging_or_product_photo,unclassified_needs_manual_review,640,640,JPEG,member_of_near_duplicate_cluster_size_16
roboflow_counterfeit_med_detection_6ae64f8df5,Roboflow - Counterfeit_med_detection (v4),roboflow\train\images4064_jpg.rf.8707851fc3758f24d3d63840111ace30.jpg,authentic,pid_00213,19,outer_packaging_or_product_photo,unclassified_needs_manual_review,640,640,JPEG,member_of_near_duplicate_cluster_size_19
roboflow_counterfeit_med_detection_bb5f9bdc80,Roboflow - Counterfeit_med_detection (v4),roboflow\train\images37_jpg.rf.863f75c5c4acd86699c8631a92b9dbd5.jpg,authentic,pid_00074,55,outer_packaging_or_product_photo,unclassified_needs_manual_review,640,640,JPEG,member_of_near_duplicate_cluster_size_55
roboflow_counterfeit_med_detection_133edc649e,Roboflow - Counterfeit_med_detection (v4),roboflow\train\images38_jpg.rf.871d4b98b581cb0bf773992351a5f9c2.jpg,authentic,pid_00039,35,outer_packaging_or_product_photo,unclassified_needs_manual_review,640,640,JPEG,member_of_near_duplicate_cluster_size_35
roboflow_counterfeit_med_detection_bd14cbc767,Roboflow - Counterfeit_med_detection (v4),roboflow\train\images5058_jpg.rf.86bcae13747dab91216e74fd714e2a71.jpg,authentic,pid_00226,14,outer_packaging_or_product_photo,unclassified_needs_manual_review,640,640,JPEG,member_of_near_duplicate_cluster_size_14
roboflow_counterfeit_med_detection_a9aa2bbb26,Roboflow - Counterfeit_med_detection (v4),roboflow\train\images226_jpg.rf.868725eb08a64265a06643b20945db37.jpg,authentic,pid_00186,19,outer_packaging_or_product_photo,unclassified_needs_manual_review,640,640,JPEG,member_of_near_duplicate_cluster_size_19
roboflow_counterfeit_med_detection_72b78b5c2a,Roboflow - Counterfeit_med_detection (v4),roboflow\train\images5112_jpg.rf.8681f6f33490d55c77dbc1431b12c7ee.jpg,authentic,pid_00035,19,outer_packaging_or_product_photo,unclassified_needs_manual_review,640,640,JPEG,member_of_near_duplicate_cluster_size_19
roboflow_counterfeit_med_detection_91980ebf59,Roboflow - Counterfeit_med_detection (v4),roboflow\train\images5041_jpg.rf.8758e0374d07c12f0aadf634bad32667.jpg,authentic,pid_00011,14,outer_packaging_or_product_photo,unclassified_needs_manual_review,640,640,JPEG,member_of_near_duplicate_cluster_size_14
roboflow_counterfeit_med_detection_8863b66af4,Roboflow - Counterfeit_med_detection (v4),roboflow\train\images5045_jpg.rf.8683761b29a09cd9b1530884ba5cc088.jpg,authentic,pid_00033,4,outer_packaging_or_product_photo,unclassified_needs_manual_review,640,640,JPEG,member_of_near_duplicate_cluster_size_4
roboflow_counterfeit_med_detection_93089b4f2d,Roboflow - Counterfeit_med_detection (v4),roboflow\train\images5046_jpg.rf.872792617e90505731b12174f09ebd0d.jpg,authentic,pid_00068,36,outer_packaging_or_product_photo,unclassified_needs_manual_review,640,640,JPEG,member_of_near_duplicate_cluster_size_36
roboflow_counterfeit_med_detection_b7fd6d2709,Roboflow - Counterfeit_med_detection (v4),roboflow\train\images352_jpg.rf.8719f832c98271a76c696563648b9932.jpg,authentic,pid_00227,9,outer_packaging_or_product_photo,unclassified_needs_manual_review,640,640,JPEG,member_of_near_duplicate_cluster_size_9
roboflow_counterfeit_med_detection_de7ea9be73,Roboflow - Counterfeit_med_detection (v4),roboflow\train\images5044_jpg.rf.860e072d377fb51eb9b816f339ca386a.jpg,authentic,pid_00014,19,outer_packaging_or_product_photo,unclassified_needs_manual_review,640,640,JPEG,member_of_near_duplicate_cluster_size_19
roboflow_counterfeit_med_detection_7eca93246e,Roboflow - Counterfeit_med_detection (v4),roboflow\train\images264_jpg.rf.876c82a0fa35597a2ca00f4ed25fbc9f.jpg,authentic,pid_00019,18,outer_packaging_or_product_photo,unclassified_needs_manual_review,640,640,JPEG,member_of_near_duplicate_cluster_size_18
roboflow_counterfeit_med_detection_a1404bdb1e,Roboflow - Counterfeit_med_detection (v4),roboflow\train\images4063_jpg.rf.876e3aad3d80a7167a7e09b6ba57be82.jpg,authentic,pid_00228,3,outer_packaging_or_product_photo,unclassified_needs_manual_review,640,640,JPEG,member_of_near_duplicate_cluster_size_3
roboflow_counterfeit_med_detection_d18d541582,Roboflow - Counterfeit_med_detection (v4),roboflow\train\images5023_jpg.rf.876e2374c30349f0fddd4dc06474f8fe.jpg,authentic,pid_00096,34,outer_packaging_or_product_photo,unclassified_needs_manual_review,640,640,JPEG,member_of_near_duplicate_cluster_size_34
roboflow_counterfeit_med_detection_34b26d6afb,Roboflow - Counterfeit_med_detection (v4),roboflow\train\images283_jpg.rf.8760b58e045e9176c235139338acd664.jpg,authentic,pid_00126,15,outer_packaging_or_product_photo,unclassified_needs_manual_review,640,640,JPEG,member_of_near_duplicate_cluster_size_15
roboflow_counterfeit_med_detection_a7d3f50078,Roboflow - Counterfeit_med_detection (v4),roboflow\train\images208_jpg.rf.877a35323ace2f370f1c1d77479b2c20.jpg,authentic,pid_00196,17,outer_packaging_or_product_photo,unclassified_needs_manual_review,640,640,JPEG,member_of_near_duplicate_cluster_size_17
roboflow_counterfeit_med_detection_8107bab722,Roboflow - Counterfeit_med_detection (v4),roboflow\train\images5126_jpg.rf.8779e1ccf677d42344e84d26061288e6.jpg,authentic,pid_00229,10,outer_packaging_or_product_photo,unclassified_needs_manual_review,640,640,JPEG,member_of_near_duplicate_cluster_size_10
roboflow_counterfeit_med_detection_c5c26f2485,Roboflow - Counterfeit_med_detection (v4),roboflow\train\images5117_jpg.rf.8795328ff1820798bc7d8962bfd7bd0d.jpg,authentic,pid_00172,18,outer_packaging_or_product_photo,unclassified_needs_manual_review,640,640,JPEG,member_of_near_duplicate_cluster_size_18
roboflow_counterfeit_med_detection_ccdb4be97f,Roboflow - Counterfeit_med_detection (v4),roboflow\train\images11_jpg.rf.879a5af7f341a094500c2615f161d77d.jpg,authentic,pid_00223,13,outer_packaging_or_product_photo,unclassified_needs_manual_review,640,640,JPEG,member_of_near_duplicate_cluster_size_13
roboflow_counterfeit_med_detection_59d1e63eb3,Roboflow - Counterfeit_med_detection (v4),roboflow\train\images262_jpg.rf.87b16b5becc8792668bbed6f3748cb6f.jpg,authentic,pid_00072,20,outer_packaging_or_product_photo,unclassified_needs_manual_review,640,640,JPEG,member_of_near_duplicate_cluster_size_20
roboflow_counterfeit_med_detection_7a7f5dc79f,Roboflow - Counterfeit_med_detection (v4),roboflow\train\images4065_jpg.rf.87c4c518c98f403d945ef43d5bf32e01.jpg,authentic,pid_00230,19,outer_packaging_or_product_photo,unclassified_needs_manual_review,640,640,JPEG,member_of_near_duplicate_cluster_size_19
roboflow_counterfeit_med_detection_e2ee3af0da,Roboflow - Counterfeit_med_detection (v4),roboflow\train\images226_jpg.rf.87e6d5be635148fa4b1d16133d2b76d9.jpg,authentic,pid_00231,1,outer_packaging_or_product_photo,unclassified_needs_manual_review,640,640,JPEG,
roboflow_counterfeit_med_detection_a3f5cbac4d,Roboflow - Counterfeit_med_detection (v4),roboflow\train\images31_jpg.rf.8863fee701f9aa9f4b8ca0b77bd2d31e.jpg,authentic,pid_00116,18,outer_packaging_or_product_photo,unclassified_needs_manual_review,640,640,JPEG,member_of_near_duplicate_cluster_size_18
roboflow_counterfeit_med_detection_f5d1da89a4,Roboflow - Counterfeit_med_detection (v4),roboflow\train\images302_jpg.rf.88c4040d95ec8f7ffa031d110efc911f.jpg,authentic,pid_00232,1,outer_packaging_or_product_photo,unclassified_needs_manual_review,640,640,JPEG,
roboflow_counterfeit_med_detection_1de8ed8a2a,Roboflow - Counterfeit_med_detection (v4),roboflow\train\images222_jpg.rf.886d08e4e4dd3d76d9932d3bc06c750c.jpg,authentic,pid_00068,36,outer_packaging_or_product_photo,unclassified_needs_manual_review,640,640,JPEG,member_of_near_duplicate_cluster_size_36
roboflow_counterfeit_med_detection_ee8a066af0,Roboflow - Counterfeit_med_detection (v4),roboflow\train\images4061_jpg.rf.8808b1fc8c431d81593eda77a1ee625a.jpg,authentic,pid_00051,17,outer_packaging_or_product_photo,unclassified_needs_manual_review,640,640,JPEG,member_of_near_duplicate_cluster_size_17
roboflow_counterfeit_med_detection_e59793f94e,Roboflow - Counterfeit_med_detection (v4),roboflow\train\images5044_jpg.rf.88a76dff28178a28b2f80b3ac904bdd4.jpg,authentic,pid_00014,19,outer_packaging_or_product_photo,unclassified_needs_manual_review,640,640,JPEG,member_of_near_duplicate_cluster_size_19
roboflow_counterfeit_med_detection_45dcf7f6ff,Roboflow - Counterfeit_med_detection (v4),roboflow\train\images214_jpg.rf.881c3bb7e57f7436b51a439d8b888ea4.jpg,authentic,pid_00082,19,outer_packaging_or_product_photo,unclassified_needs_manual_review,640,640,JPEG,member_of_near_duplicate_cluster_size_19
roboflow_counterfeit_med_detection_a9f82892d3,Roboflow - Counterfeit_med_detection (v4),roboflow\train\images4044_jpg.rf.88344e7130d6713ee1229dca302b3fbd.jpg,authentic,pid_00140,24,outer_packaging_or_product_photo,unclassified_needs_manual_review,640,640,JPEG,member_of_near_duplicate_cluster_size_24
roboflow_counterfeit_med_detection_2fae16d775,Roboflow - Counterfeit_med_detection (v4),roboflow\train\images09_jpg.rf.88c59f90d044a8432bf672f7123bcffe.jpg,authentic,pid_00044,12,outer_packaging_or_product_photo,unclassified_needs_manual_review,640,640,JPEG,member_of_near_duplicate_cluster_size_12
roboflow_counterfeit_med_detection_b335cc2380,Roboflow - Counterfeit_med_detection (v4),roboflow\train\images212_jpg.rf.88f5735882e6290a5b09fbe352acac51.jpg,authentic,pid_00233,10,outer_packaging_or_product_photo,unclassified_needs_manual_review,640,640,JPEG,member_of_near_duplicate_cluster_size_10
roboflow_counterfeit_med_detection_b042c696dc,Roboflow - Counterfeit_med_detection (v4),roboflow\train\images4085_jpg.rf.8806be0a0f400c6ed7b3cf9ae28c43c1.jpg,authentic,pid_00057,55,outer_packaging_or_product_photo,unclassified_needs_manual_review,640,640,JPEG,member_of_near_duplicate_cluster_size_55
roboflow_counterfeit_med_detection_de7718654a,Roboflow - Counterfeit_med_detection (v4),roboflow\train\images5090_jpg.rf.89342f149e39f936e317227ab11e51b5.jpg,authentic,pid_00108,10,outer_packaging_or_product_photo,unclassified_needs_manual_review,640,640,JPEG,member_of_near_duplicate_cluster_size_10
roboflow_counterfeit_med_detection_64f81ebfe9,Roboflow - Counterfeit_med_detection (v4),roboflow\train\images5069_jpg.rf.87eb295fd00d18244bc5690874eeb09f.jpg,authentic,pid_00234,11,outer_packaging_or_product_photo,unclassified_needs_manual_review,640,640,JPEG,member_of_near_duplicate_cluster_size_11
roboflow_counterfeit_med_detection_57c815af5e,Roboflow - Counterfeit_med_detection (v4),roboflow\train\images339_jpg.rf.89251519a87d4a4f8382b3f00bc02831.jpg,authentic,pid_00048,34,outer_packaging_or_product_photo,unclassified_needs_manual_review,640,640,JPEG,member_of_near_duplicate_cluster_size_34
roboflow_counterfeit_med_detection_e778461b4f,Roboflow - Counterfeit_med_detection (v4),roboflow\train\images4040_jpg.rf.894c5f3ea8c585716002b702ba378e8a.jpg,authentic,pid_00166,24,outer_packaging_or_product_photo,unclassified_needs_manual_review,640,640,JPEG,member_of_near_duplicate_cluster_size_24
roboflow_counterfeit_med_detection_b18e3fb6b2,Roboflow - Counterfeit_med_detection (v4),roboflow\train\images227_jpg.rf.890ed45e7b4f41f56276a480334bba48.jpg,authentic,pid_00139,21,outer_packaging_or_product_photo,unclassified_needs_manual_review,640,640,JPEG,member_of_near_duplicate_cluster_size_21
roboflow_counterfeit_med_detection_71ece1c57b,Roboflow - Counterfeit_med_detection (v4),roboflow\train\images263_jpg.rf.8921e37b0fb1e29ac67fd27d0a9b1a37.jpg,authentic,pid_00235,7,outer_packaging_or_product_photo,unclassified_needs_manual_review,640,640,JPEG,member_of_near_duplicate_cluster_size_7
roboflow_counterfeit_med_detection_ea87e7b39e,Roboflow - Counterfeit_med_detection (v4),roboflow\train\images340_jpg.rf.89742bb64623be9617e27d797a089f5b.jpg,authentic,pid_00224,24,outer_packaging_or_product_photo,unclassified_needs_manual_review,640,640,JPEG,member_of_near_duplicate_cluster_size_24
roboflow_counterfeit_med_detection_ad242bcd0e,Roboflow - Counterfeit_med_detection (v4),roboflow\train\images320_jpg.rf.892e3211c2f1e75b5beacd2ba19b68e8.jpg,authentic,pid_00236,6,outer_packaging_or_product_photo,unclassified_needs_manual_review,640,640,JPEG,member_of_near_duplicate_cluster_size_6
roboflow_counterfeit_med_detection_55641bbca2,Roboflow - Counterfeit_med_detection (v4),roboflow\train\images4029_jpg.rf.893528b2cdad2ae50752d0aa54bf72cf.jpg,authentic,pid_00060,14,outer_packaging_or_product_photo,unclassified_needs_manual_review,640,640,JPEG,member_of_near_duplicate_cluster_size_14
roboflow_counterfeit_med_detection_c5469081ad,Roboflow - Counterfeit_med_detection (v4),roboflow\train\images4085_jpg.rf.896f0987ef8bed14aa49c3a30841c9d3.jpg,authentic,pid_00057,55,outer_packaging_or_product_photo,unclassified_needs_manual_review,640,640,JPEG,member_of_near_duplicate_cluster_size_55
roboflow_counterfeit_med_detection_8f201043cb,Roboflow - Counterfeit_med_detection (v4),roboflow\train\images241_jpg.rf.89868553452eb7758c8e54c955228543.jpg,authentic,pid_00237,12,outer_packaging_or_product_photo,unclassified_needs_manual_review,640,640,JPEG,member_of_near_duplicate_cluster_size_12
roboflow_counterfeit_med_detection_29a30fee94,Roboflow - Counterfeit_med_detection (v4),roboflow\train\images5117_jpg.rf.89c337865de7d4b426bcec76de8bd379.jpg,authentic,pid_00172,18,outer_packaging_or_product_photo,unclassified_needs_manual_review,640,640,JPEG,member_of_near_duplicate_cluster_size_18
roboflow_counterfeit_med_detection_50afeb8712,Roboflow - Counterfeit_med_detection (v4),roboflow\train\images07_jpg.rf.89e47ee0b3f174b83703f9a1ad28f01e.jpg,authentic,pid_00105,20,outer_packaging_or_product_photo,unclassified_needs_manual_review,640,640,JPEG,member_of_near_duplicate_cluster_size_20
roboflow_counterfeit_med_detection_c82914745e,Roboflow - Counterfeit_med_detection (v4),roboflow\train\images310_jpg.rf.89f3653a8e683919220bbcaa826c35c1.jpg,authentic,pid_00238,3,outer_packaging_or_product_photo,unclassified_needs_manual_review,640,640,JPEG,member_of_near_duplicate_cluster_size_3
roboflow_counterfeit_med_detection_e70e3a7615,Roboflow - Counterfeit_med_detection (v4),roboflow\train\images346_jpg.rf.8a2a6f36bb292651c3c7503a5605c21a.jpg,authentic,pid_00189,24,outer_packaging_or_product_photo,unclassified_needs_manual_review,640,640,JPEG,member_of_near_duplicate_cluster_size_24
roboflow_counterfeit_med_detection_e62a6d00f5,Roboflow - Counterfeit_med_detection (v4),roboflow\train\images301_jpg.rf.89bf5b8b2977046df065287895b0ec2c.jpg,authentic,pid_00040,13,outer_packaging_or_product_photo,unclassified_needs_manual_review,640,640,JPEG,member_of_near_duplicate_cluster_size_13
roboflow_counterfeit_med_detection_0ac9717ef6,Roboflow - Counterfeit_med_detection (v4),roboflow\train\images263_jpg.rf.898e6f329c11d06f823b0936da97efee.jpg,authentic,pid_00235,7,outer_packaging_or_product_photo,unclassified_needs_manual_review,640,640,JPEG,member_of_near_duplicate_cluster_size_7
roboflow_counterfeit_med_detection_46e57b8467,Roboflow - Counterfeit_med_detection (v4),roboflow\train\images338_jpg.rf.8a544b370143b6dcbc339f099f704534.jpg,authentic,pid_00056,10,outer_packaging_or_product_photo,unclassified_needs_manual_review,640,640,JPEG,member_of_near_duplicate_cluster_size_10
roboflow_counterfeit_med_detection_47787f1b9f,Roboflow - Counterfeit_med_detection (v4),roboflow\train\images04_jpg.rf.8a43c3f2692c9dbf9ac9eeb41debc311.jpg,authentic,pid_00239,15,outer_packaging_or_product_photo,unclassified_needs_manual_review,640,640,JPEG,member_of_near_duplicate_cluster_size_15
roboflow_counterfeit_med_detection_fb689defda,Roboflow - Counterfeit_med_detection (v4),roboflow\train\images307_jpg.rf.8a5975af4b59ec2e8385cd9498b07021.jpg,authentic,pid_00205,10,outer_packaging_or_product_photo,unclassified_needs_manual_review,640,640,JPEG,member_of_near_duplicate_cluster_size_10
roboflow_counterfeit_med_detection_96d6cf474b,Roboflow - Counterfeit_med_detection (v4),roboflow\train\images15_jpg.rf.8a61ea51208b7a1cd480fe85f14b63b7.jpg,authentic,pid_00159,12,outer_packaging_or_product_photo,unclassified_needs_manual_review,640,640,JPEG,member_of_near_duplicate_cluster_size_12
roboflow_counterfeit_med_detection_b13e8a00aa,Roboflow - Counterfeit_med_detection (v4),roboflow\train\images4095_jpg.rf.8ad5891d5ab3a2e0ef496fae568d534f.jpg,authentic,pid_00032,16,outer_packaging_or_product_photo,unclassified_needs_manual_review,640,640,JPEG,member_of_near_duplicate_cluster_size_16
roboflow_counterfeit_med_detection_e005ebddba,Roboflow - Counterfeit_med_detection (v4),roboflow\train\images4048_jpg.rf.8ad57db3ba1c00abcec9ceedc93251ee.jpg,authentic,pid_00147,9,outer_packaging_or_product_photo,unclassified_needs_manual_review,640,640,JPEG,member_of_near_duplicate_cluster_size_9
roboflow_counterfeit_med_detection_acd45b2506,Roboflow - Counterfeit_med_detection (v4),roboflow\train\images5112_jpg.rf.8aed0ff2474bf2d746fc85b5b6f4ef9d.jpg,authentic,pid_00035,19,outer_packaging_or_product_photo,unclassified_needs_manual_review,640,640,JPEG,member_of_near_duplicate_cluster_size_19
roboflow_counterfeit_med_detection_4013748b21,Roboflow - Counterfeit_med_detection (v4),roboflow\train\images4031_jpg.rf.8aaf7b87c15179d79f97cf6989c46803.jpg,authentic,pid_00240,12,outer_packaging_or_product_photo,unclassified_needs_manual_review,640,640,JPEG,member_of_near_duplicate_cluster_size_12
roboflow_counterfeit_med_detection_c6fe796ad6,Roboflow - Counterfeit_med_detection (v4),roboflow\train\images11_jpg.rf.8b0f032c1dc0227f66d6649fa6062671.jpg,authentic,pid_00241,6,outer_packaging_or_product_photo,unclassified_needs_manual_review,640,640,JPEG,member_of_near_duplicate_cluster_size_6
roboflow_counterfeit_med_detection_d4bdd57d41,Roboflow - Counterfeit_med_detection (v4),roboflow\train\images5085_jpg.rf.8aee912580a1bd2e39276e415b39063c.jpg,authentic,pid_00021,10,outer_packaging_or_product_photo,unclassified_needs_manual_review,640,640,JPEG,member_of_near_duplicate_cluster_size_10
roboflow_counterfeit_med_detection_4271c06f35,Roboflow - Counterfeit_med_detection (v4),roboflow\train\images210_jpg.rf.8b347fdbeb8d42b8b280b4ee528fec2a.jpg,authentic,pid_00095,10,outer_packaging_or_product_photo,unclassified_needs_manual_review,640,640,JPEG,member_of_near_duplicate_cluster_size_10
roboflow_counterfeit_med_detection_766c2a7db0,Roboflow - Counterfeit_med_detection (v4),roboflow\train\images07_jpg.rf.8b4addc215933d177f419e820469ec19.jpg,authentic,pid_00105,20,outer_packaging_or_product_photo,unclassified_needs_manual_review,640,640,JPEG,member_of_near_duplicate_cluster_size_20
roboflow_counterfeit_med_detection_1a2012209a,Roboflow - Counterfeit_med_detection (v4),roboflow\train\images351_jpg.rf.8b23e0382f08970e4b96333cca9dce03.jpg,authentic,pid_00020,25,outer_packaging_or_product_photo,unclassified_needs_manual_review,640,640,JPEG,member_of_near_duplicate_cluster_size_25
roboflow_counterfeit_med_detection_9d3e379c33,Roboflow - Counterfeit_med_detection (v4),roboflow\train\images227_jpg.rf.8b5c5f481ddb58aef67fa2e2df197754.jpg,authentic,pid_00156,5,outer_packaging_or_product_photo,unclassified_needs_manual_review,640,640,JPEG,member_of_near_duplicate_cluster_size_5
roboflow_counterfeit_med_detection_3b6205cc20,Roboflow - Counterfeit_med_detection (v4),roboflow\train\images35_jpg.rf.8b6cfb341dcc7aecf4bc326954cafd52.jpg,authentic,pid_00073,25,outer_packaging_or_product_photo,unclassified_needs_manual_review,640,640,JPEG,member_of_near_duplicate_cluster_size_25
roboflow_counterfeit_med_detection_0eea62e6bb,Roboflow - Counterfeit_med_detection (v4),roboflow\train\images21_jpg.rf.8b50eec1d6ff0613f4de74ff2812ae82.jpg,authentic,pid_00053,12,outer_packaging_or_product_photo,unclassified_needs_manual_review,640,640,JPEG,member_of_near_duplicate_cluster_size_12
roboflow_counterfeit_med_detection_02fcf73d1d,Roboflow - Counterfeit_med_detection (v4),roboflow\train\images264_jpg.rf.8b713c17d2a8d5acb5a98c58fe17e4f7.jpg,authentic,pid_00019,18,outer_packaging_or_product_photo,unclassified_needs_manual_review,640,640,JPEG,member_of_near_duplicate_cluster_size_18
roboflow_counterfeit_med_detection_e816f11f7d,Roboflow - Counterfeit_med_detection (v4),roboflow\train\images4033_jpg.rf.8b7559bc930192c115f46418fcb116a1.jpg,authentic,pid_00138,11,outer_packaging_or_product_photo,unclassified_needs_manual_review,640,640,JPEG,member_of_near_duplicate_cluster_size_11
roboflow_counterfeit_med_detection_9af6a955c4,Roboflow - Counterfeit_med_detection (v4),roboflow\train\images5103_jpg.rf.8bcc0426148da253e23a11082eab0973.jpg,authentic,pid_00194,8,outer_packaging_or_product_photo,unclassified_needs_manual_review,640,640,JPEG,member_of_near_duplicate_cluster_size_8
roboflow_counterfeit_med_detection_dadd51d22c,Roboflow - Counterfeit_med_detection (v4),roboflow\train\images335_jpg.rf.8b983df84cf506683ace119bed5d5f4c.jpg,authentic,pid_00134,7,outer_packaging_or_product_photo,unclassified_needs_manual_review,640,640,JPEG,member_of_near_duplicate_cluster_size_7
roboflow_counterfeit_med_detection_d415f6b252,Roboflow - Counterfeit_med_detection (v4),roboflow\train\images4042_jpg.rf.8bc943825b5b5a848745a733c76918b5.jpg,authentic,pid_00092,40,outer_packaging_or_product_photo,unclassified_needs_manual_review,640,640,JPEG,member_of_near_duplicate_cluster_size_40
roboflow_counterfeit_med_detection_34e2e30bb8,Roboflow - Counterfeit_med_detection (v4),roboflow\train\images4033_jpg.rf.8bdec93401f5ce72ccb741e655e678d7.jpg,authentic,pid_00061,41,outer_packaging_or_product_photo,unclassified_needs_manual_review,640,640,JPEG,member_of_near_duplicate_cluster_size_41
roboflow_counterfeit_med_detection_5eb1a1f1d7,Roboflow - Counterfeit_med_detection (v4),roboflow\train\images05_jpg.rf.8b88adbf50b6122db28edc61829df8f0.jpg,authentic,pid_00191,11,outer_packaging_or_product_photo,unclassified_needs_manual_review,640,640,JPEG,member_of_near_duplicate_cluster_size_11
roboflow_counterfeit_med_detection_9e7d43ea4a,Roboflow - Counterfeit_med_detection (v4),roboflow\train\images5097_jpg.rf.8c54dbdb61f40106c98cd3e5d6219747.jpg,authentic,pid_00005,28,outer_packaging_or_product_photo,unclassified_needs_manual_review,640,640,JPEG,member_of_near_duplicate_cluster_size_28
roboflow_counterfeit_med_detection_070adcd10c,Roboflow - Counterfeit_med_detection (v4),roboflow\train\images5096_jpg.rf.8ba17a4b68fb036abb5e750dd6f5ff85.jpg,authentic,pid_00141,18,outer_packaging_or_product_photo,unclassified_needs_manual_review,640,640,JPEG,member_of_near_duplicate_cluster_size_18
roboflow_counterfeit_med_detection_730620e3e3,Roboflow - Counterfeit_med_detection (v4),roboflow\train\images225_jpg.rf.8c31f9989ddc73a2551b60a37710c9ce.jpg,authentic,pid_00171,19,outer_packaging_or_product_photo,unclassified_needs_manual_review,640,640,JPEG,member_of_near_duplicate_cluster_size_19
roboflow_counterfeit_med_detection_b754886a7d,Roboflow - Counterfeit_med_detection (v4),roboflow\train\images4046_jpg.rf.8c4e06e976bc99ac710f89d66487200a.jpg,authentic,pid_00087,37,outer_packaging_or_product_photo,unclassified_needs_manual_review,640,640,JPEG,member_of_near_duplicate_cluster_size_37
roboflow_counterfeit_med_detection_8c076f49d6,Roboflow - Counterfeit_med_detection (v4),roboflow\train\images5110_jpg.rf.8bcc85e7ab6765b9bde4a5d7980a993e.jpg,authentic,pid_00143,8,outer_packaging_or_product_photo,unclassified_needs_manual_review,640,640,JPEG,member_of_near_duplicate_cluster_size_8
roboflow_counterfeit_med_detection_c1d389b715,Roboflow - Counterfeit_med_detection (v4),roboflow\train\images4042_jpg.rf.8c6f81bc4e1745081b06f9bef2ffb864.jpg,authentic,pid_00092,40,outer_packaging_or_product_photo,unclassified_needs_manual_review,640,640,JPEG,member_of_near_duplicate_cluster_size_40
roboflow_counterfeit_med_detection_f8b3380970,Roboflow - Counterfeit_med_detection (v4),roboflow\train\images4094_jpg.rf.8bdab80f9791189e850633cc44a11e35.jpg,authentic,pid_00025,19,outer_packaging_or_product_photo,unclassified_needs_manual_review,640,640,JPEG,member_of_near_duplicate_cluster_size_19
roboflow_counterfeit_med_detection_0752dc075f,Roboflow - Counterfeit_med_detection (v4),roboflow\train\images5044_jpg.rf.8c9a58b86201e88ae48c2fdf6674493b.jpg,authentic,pid_00014,19,outer_packaging_or_product_photo,unclassified_needs_manual_review,640,640,JPEG,member_of_near_duplicate_cluster_size_19
roboflow_counterfeit_med_detection_4958594232,Roboflow - Counterfeit_med_detection (v4),roboflow\train\images5052_jpg.rf.8ce003b68ea64b9f883fd3e811b32872.jpg,authentic,pid_00037,19,outer_packaging_or_product_photo,unclassified_needs_manual_review,640,640,JPEG,member_of_near_duplicate_cluster_size_19
roboflow_counterfeit_med_detection_a94bb11b94,Roboflow - Counterfeit_med_detection (v4),roboflow\train\images08_jpg.rf.8cf374b38893fa28dc90451cefb27914.jpg,authentic,pid_00034,12,outer_packaging_or_product_photo,unclassified_needs_manual_review,640,640,JPEG,member_of_near_duplicate_cluster_size_12
roboflow_counterfeit_med_detection_dfdc6b737d,Roboflow - Counterfeit_med_detection (v4),roboflow\train\images228_jpg.rf.8cd49f3210766e594740d4d3e14b397e.jpg,authentic,pid_00131,33,outer_packaging_or_product_photo,unclassified_needs_manual_review,640,640,JPEG,member_of_near_duplicate_cluster_size_33
roboflow_counterfeit_med_detection_651bedd8ec,Roboflow - Counterfeit_med_detection (v4),roboflow\train\images241_jpg.rf.8ccfb71f12c2c9ba9044765481c98167.jpg,authentic,pid_00237,12,outer_packaging_or_product_photo,unclassified_needs_manual_review,640,640,JPEG,member_of_near_duplicate_cluster_size_12
roboflow_counterfeit_med_detection_e502f6d035,Roboflow - Counterfeit_med_detection (v4),roboflow\train\images265_jpg.rf.8c9f90c789824efcefb1ca0dbbde8c37.jpg,authentic,pid_00242,6,outer_packaging_or_product_photo,unclassified_needs_manual_review,640,640,JPEG,member_of_near_duplicate_cluster_size_6
roboflow_counterfeit_med_detection_79c8aa14d0,Roboflow - Counterfeit_med_detection (v4),roboflow\train\images38_jpg.rf.8cd3755b679fbed796a3a08b4532dcc1.jpg,authentic,pid_00039,35,outer_packaging_or_product_photo,unclassified_needs_manual_review,640,640,JPEG,member_of_near_duplicate_cluster_size_35
roboflow_counterfeit_med_detection_a2a757137e,Roboflow - Counterfeit_med_detection (v4),roboflow\train\images316_jpg.rf.8c97e170c3550d75dd08320c4b96ca83.jpg,authentic,pid_00064,19,outer_packaging_or_product_photo,unclassified_needs_manual_review,640,640,JPEG,member_of_near_duplicate_cluster_size_19
roboflow_counterfeit_med_detection_751d45f242,Roboflow - Counterfeit_med_detection (v4),roboflow\train\images21_jpg.rf.8c9d1329b8bd9fe8891c44dac1292e9a.jpg,authentic,pid_00053,12,outer_packaging_or_product_photo,unclassified_needs_manual_review,640,640,JPEG,member_of_near_duplicate_cluster_size_12
roboflow_counterfeit_med_detection_7f721c6ec9,Roboflow - Counterfeit_med_detection (v4),roboflow\train\images5030_jpg.rf.8d017893cb4c04133afdd021fe049abc.jpg,authentic,pid_00221,6,outer_packaging_or_product_photo,unclassified_needs_manual_review,640,640,JPEG,member_of_near_duplicate_cluster_size_6
roboflow_counterfeit_med_detection_dce7b6f1e0,Roboflow - Counterfeit_med_detection (v4),roboflow\train\images303_jpg.rf.8d0c04abc491e23973d0f845e053a39d.jpg,authentic,pid_00113,17,outer_packaging_or_product_photo,unclassified_needs_manual_review,640,640,JPEG,member_of_near_duplicate_cluster_size_17
roboflow_counterfeit_med_detection_f24a6c7b43,Roboflow - Counterfeit_med_detection (v4),roboflow\train\images35_jpg.rf.8d1c54b2ac361459c10f4a23e5833552.jpg,authentic,pid_00073,25,outer_packaging_or_product_photo,unclassified_needs_manual_review,640,640,JPEG,member_of_near_duplicate_cluster_size_25
roboflow_counterfeit_med_detection_116b2de8ec,Roboflow - Counterfeit_med_detection (v4),roboflow\train\images213_jpg.rf.8ce33eec6f0572abf9954f890006599e.jpg,authentic,pid_00243,6,outer_packaging_or_product_photo,unclassified_needs_manual_review,640,640,JPEG,member_of_near_duplicate_cluster_size_6
roboflow_counterfeit_med_detection_a52c41c8d7,Roboflow - Counterfeit_med_detection (v4),roboflow\train\images4060_jpg.rf.8d78f23fa0ff97ddda17052c51b8941f.jpg,authentic,pid_00010,56,outer_packaging_or_product_photo,unclassified_needs_manual_review,640,640,JPEG,member_of_near_duplicate_cluster_size_56
roboflow_counterfeit_med_detection_334c535b29,Roboflow - Counterfeit_med_detection (v4),roboflow\train\images5067_jpg.rf.8e4ccceff664a76018f88985aaa2af2f.jpg,authentic,pid_00244,12,outer_packaging_or_product_photo,unclassified_needs_manual_review,640,640,JPEG,member_of_near_duplicate_cluster_size_12
roboflow_counterfeit_med_detection_60fbe42a3c,Roboflow - Counterfeit_med_detection (v4),roboflow\train\images4067_jpg.rf.8d47f55a474f4b1a21b31417a2d8f526.jpg,authentic,pid_00104,20,outer_packaging_or_product_photo,unclassified_needs_manual_review,640,640,JPEG,member_of_near_duplicate_cluster_size_20
roboflow_counterfeit_med_detection_f808109151,Roboflow - Counterfeit_med_detection (v4),roboflow\train\images213_jpg.rf.8e39d4d0d9fc4471a0748fe1d97fdc45.jpg,authentic,pid_00245,1,outer_packaging_or_product_photo,unclassified_needs_manual_review,640,640,JPEG,
roboflow_counterfeit_med_detection_eda2219ee5,Roboflow - Counterfeit_med_detection (v4),roboflow\train\images4054_jpg.rf.8e26db9d0a8f7d652e710d57edea1bfe.jpg,authentic,pid_00028,35,outer_packaging_or_product_photo,unclassified_needs_manual_review,640,640,JPEG,member_of_near_duplicate_cluster_size_35
roboflow_counterfeit_med_detection_28738eec7d,Roboflow - Counterfeit_med_detection (v4),roboflow\train\images4045_jpg.rf.8d7c6e03183417b895adc8a2df646256.jpg,authentic,pid_00246,4,outer_packaging_or_product_photo,unclassified_needs_manual_review,640,640,JPEG,member_of_near_duplicate_cluster_size_4
roboflow_counterfeit_med_detection_1ba266fbd6,Roboflow - Counterfeit_med_detection (v4),roboflow\train\images335_jpg.rf.8d4758b8cd158d92d6bfdacaea68d7ab.jpg,authentic,pid_00247,12,outer_packaging_or_product_photo,unclassified_needs_manual_review,640,640,JPEG,member_of_near_duplicate_cluster_size_12
roboflow_counterfeit_med_detection_4e7df849b5,Roboflow - Counterfeit_med_detection (v4),roboflow\train\images4031_jpg.rf.8dddfb3eaf8cd3eccec3422ff01cc270.jpg,authentic,pid_00012,23,outer_packaging_or_product_photo,unclassified_needs_manual_review,640,640,JPEG,member_of_near_duplicate_cluster_size_23
roboflow_counterfeit_med_detection_8b7cf454af,Roboflow - Counterfeit_med_detection (v4),roboflow\train\images240_jpg.rf.8e656f2757ff987e33e4d187049d04e5.jpg,authentic,pid_00248,13,outer_packaging_or_product_photo,unclassified_needs_manual_review,640,640,JPEG,member_of_near_duplicate_cluster_size_13
roboflow_counterfeit_med_detection_e731bb6efc,Roboflow - Counterfeit_med_detection (v4),roboflow\train\images342_jpg.rf.8db501239e7cc77d79da21f369cd3a5c.jpg,authentic,pid_00089,12,outer_packaging_or_product_photo,unclassified_needs_manual_review,640,640,JPEG,member_of_near_duplicate_cluster_size_12
roboflow_counterfeit_med_detection_4ab066df6e,Roboflow - Counterfeit_med_detection (v4),roboflow\train\images240_jpg.rf.8e36731a904d4795de8b6484c8796cd6.jpg,authentic,pid_00248,13,outer_packaging_or_product_photo,unclassified_needs_manual_review,640,640,JPEG,member_of_near_duplicate_cluster_size_13
roboflow_counterfeit_med_detection_cf30373b8e,Roboflow - Counterfeit_med_detection (v4),roboflow\train\images5095_jpg.rf.8ec0282f9fce179ef439d50922be5831.jpg,authentic,pid_00249,6,outer_packaging_or_product_photo,unclassified_needs_manual_review,640,640,JPEG,member_of_near_duplicate_cluster_size_6
roboflow_counterfeit_med_detection_acffeb73e3,Roboflow - Counterfeit_med_detection (v4),roboflow\train\images36_jpg.rf.8ecbb1e5d0ea28d522db0439813370f4.jpg,authentic,pid_00006,37,outer_packaging_or_product_photo,unclassified_needs_manual_review,640,640,JPEG,member_of_near_duplicate_cluster_size_37
roboflow_counterfeit_med_detection_b5f44ff18e,Roboflow - Counterfeit_med_detection (v4),roboflow\train\images05_jpg.rf.8e6e66c0009cf5aa9e473c175c620398.jpg,authentic,pid_00139,21,outer_packaging_or_product_photo,unclassified_needs_manual_review,640,640,JPEG,member_of_near_duplicate_cluster_size_21
roboflow_counterfeit_med_detection_4eb7209f8b,Roboflow - Counterfeit_med_detection (v4),roboflow\train\images209_jpg.rf.8e6658a95952891e450521d3bda7c300.jpg,authentic,pid_00250,4,outer_packaging_or_product_photo,unclassified_needs_manual_review,640,640,JPEG,member_of_near_duplicate_cluster_size_4
roboflow_counterfeit_med_detection_b28b60311f,Roboflow - Counterfeit_med_detection (v4),roboflow\train\images209_jpg.rf.8e4c4230e6370de21434e4c6ea6dc8be.jpg,authentic,pid_00250,4,outer_packaging_or_product_photo,unclassified_needs_manual_review,640,640,JPEG,member_of_near_duplicate_cluster_size_4
roboflow_counterfeit_med_detection_5bf2d4bc91,Roboflow - Counterfeit_med_detection (v4),roboflow\train\images5031_jpg.rf.8e3f9e152b8eaab839e56008ad02b3c7.jpg,authentic,pid_00131,33,outer_packaging_or_product_photo,unclassified_needs_manual_review,640,640,JPEG,member_of_near_duplicate_cluster_size_33
roboflow_counterfeit_med_detection_f49a56477b,Roboflow - Counterfeit_med_detection (v4),roboflow\train\images230_jpg.rf.8ef169d53fb61e73a3df8a2b31ec64cd.jpg,authentic,pid_00168,18,outer_packaging_or_product_photo,unclassified_needs_manual_review,640,640,JPEG,member_of_near_duplicate_cluster_size_18
roboflow_counterfeit_med_detection_0ae55ff7ac,Roboflow - Counterfeit_med_detection (v4),roboflow\train\images4093_jpg.rf.8f45b36a75616a7b62f9629f23e97220.jpg,authentic,pid_00251,12,outer_packaging_or_product_photo,unclassified_needs_manual_review,640,640,JPEG,member_of_near_duplicate_cluster_size_12
roboflow_counterfeit_med_detection_3b94f4f521,Roboflow - Counterfeit_med_detection (v4),roboflow\train\images252_jpg.rf.8f10c1e77ce8565887ce93e300b93343.jpg,authentic,pid_00070,12,outer_packaging_or_product_photo,unclassified_needs_manual_review,640,640,JPEG,member_of_near_duplicate_cluster_size_12
roboflow_counterfeit_med_detection_4e02e6092c,Roboflow - Counterfeit_med_detection (v4),roboflow\train\images5064_jpg.rf.8f744992144f92869dee5c7c30bf87e3.jpg,authentic,pid_00252,13,outer_packaging_or_product_photo,unclassified_needs_manual_review,640,640,JPEG,member_of_near_duplicate_cluster_size_13
roboflow_counterfeit_med_detection_7c1cf19c97,Roboflow - Counterfeit_med_detection (v4),roboflow\train\images4054_jpg.rf.8f62f3b19f7d00f0cc1fe238944ce998.jpg,authentic,pid_00028,35,outer_packaging_or_product_photo,unclassified_needs_manual_review,640,640,JPEG,member_of_near_duplicate_cluster_size_35
roboflow_counterfeit_med_detection_ded6b2e062,Roboflow - Counterfeit_med_detection (v4),roboflow\train\images4081_jpg.rf.8f9ccf8d8ffc97f51b1f357ce983dd3a.jpg,authentic,pid_00213,19,outer_packaging_or_product_photo,unclassified_needs_manual_review,640,640,JPEG,member_of_near_duplicate_cluster_size_19
roboflow_counterfeit_med_detection_de3bc16a01,Roboflow - Counterfeit_med_detection (v4),roboflow\train\images314_jpg.rf.8eb368577a849c410b69f9c917fe8655.jpg,authentic,pid_00145,8,outer_packaging_or_product_photo,unclassified_needs_manual_review,640,640,JPEG,member_of_near_duplicate_cluster_size_8
roboflow_counterfeit_med_detection_ea3a9832ca,Roboflow - Counterfeit_med_detection (v4),roboflow\train\images46_jpg.rf.8fd987a142795287d6c652a642a0ae4b.jpg,authentic,pid_00210,17,outer_packaging_or_product_photo,unclassified_needs_manual_review,640,640,JPEG,member_of_near_duplicate_cluster_size_17
roboflow_counterfeit_med_detection_226bdddb70,Roboflow - Counterfeit_med_detection (v4),roboflow\train\images254_jpg.rf.8efc1452f4f7ecef87cbb76b9b37904a.jpg,authentic,pid_00180,17,outer_packaging_or_product_photo,unclassified_needs_manual_review,640,640,JPEG,member_of_near_duplicate_cluster_size_17
roboflow_counterfeit_med_detection_5753fb6432,Roboflow - Counterfeit_med_detection (v4),roboflow\train\images4033_jpg.rf.8fefb9ce55713aa4162ec213af14eb6d.jpg,authentic,pid_00061,41,outer_packaging_or_product_photo,unclassified_needs_manual_review,640,640,JPEG,member_of_near_duplicate_cluster_size_41
roboflow_counterfeit_med_detection_14a46680c1,Roboflow - Counterfeit_med_detection (v4),roboflow\train\images276_jpg.rf.8fa5bbe7de8be7a9abb3cacc720716da.jpg,authentic,pid_00253,5,outer_packaging_or_product_photo,unclassified_needs_manual_review,640,640,JPEG,member_of_near_duplicate_cluster_size_5
roboflow_counterfeit_med_detection_0d8a9dba1b,Roboflow - Counterfeit_med_detection (v4),roboflow\train\images208_jpg.rf.8fa7b73a4f8edcd39460471dccd3353a.jpg,authentic,pid_00196,17,outer_packaging_or_product_photo,unclassified_needs_manual_review,640,640,JPEG,member_of_near_duplicate_cluster_size_17
roboflow_counterfeit_med_detection_867b4c7752,Roboflow - Counterfeit_med_detection (v4),roboflow\train\images4038_jpg.rf.8ff13fd8758eb62d8a46095365e5f29a.jpg,authentic,pid_00057,55,outer_packaging_or_product_photo,unclassified_needs_manual_review,640,640,JPEG,member_of_near_duplicate_cluster_size_55
roboflow_counterfeit_med_detection_a119f63a6d,Roboflow - Counterfeit_med_detection (v4),roboflow\train\images245_jpg.rf.90116d2318eb625472adb3fca6fa1f44.jpg,authentic,pid_00254,14,outer_packaging_or_product_photo,unclassified_needs_manual_review,640,640,JPEG,member_of_near_duplicate_cluster_size_14
roboflow_counterfeit_med_detection_3646a4e9a6,Roboflow - Counterfeit_med_detection (v4),roboflow\train\images4065_jpg.rf.8fe3dc6b5db114e5d6ec4a5452f8378f.jpg,authentic,pid_00230,19,outer_packaging_or_product_photo,unclassified_needs_manual_review,640,640,JPEG,member_of_near_duplicate_cluster_size_19
roboflow_counterfeit_med_detection_4dd1336db8,Roboflow - Counterfeit_med_detection (v4),roboflow\train\images302_jpg.rf.9057b8982e0841a987847937788a5142.jpg,authentic,pid_00018,18,outer_packaging_or_product_photo,unclassified_needs_manual_review,640,640,JPEG,member_of_near_duplicate_cluster_size_18
roboflow_counterfeit_med_detection_31ff0b315f,Roboflow - Counterfeit_med_detection (v4),roboflow\train\images4031_jpg.rf.903d9edd21779e264a45f3e8b10d3807.jpg,authentic,pid_00012,23,outer_packaging_or_product_photo,unclassified_needs_manual_review,640,640,JPEG,member_of_near_duplicate_cluster_size_23
roboflow_counterfeit_med_detection_5e8468e18d,Roboflow - Counterfeit_med_detection (v4),roboflow\train\images4082_jpg.rf.905a3a9862a202f4e62841f639a7fe46.jpg,authentic,pid_00154,18,outer_packaging_or_product_photo,unclassified_needs_manual_review,640,640,JPEG,member_of_near_duplicate_cluster_size_18
roboflow_counterfeit_med_detection_740b8498ab,Roboflow - Counterfeit_med_detection (v4),roboflow\train\images268_jpg.rf.905441f23d9acbee4a12ec6fc7216616.jpg,authentic,pid_00010,56,outer_packaging_or_product_photo,unclassified_needs_manual_review,640,640,JPEG,member_of_near_duplicate_cluster_size_56
roboflow_counterfeit_med_detection_5fc3291e77,Roboflow - Counterfeit_med_detection (v4),roboflow\train\images5104_jpg.rf.90773dd84820fa4a4dc309e89427d328.jpg,authentic,pid_00255,2,outer_packaging_or_product_photo,unclassified_needs_manual_review,640,640,JPEG,member_of_near_duplicate_cluster_size_2
roboflow_counterfeit_med_detection_650cb83b81,Roboflow - Counterfeit_med_detection (v4),roboflow\train\images15_jpg.rf.8f9f6e18b94f3a8e6f9d530e1c0d4d1d.jpg,authentic,pid_00008,6,outer_packaging_or_product_photo,unclassified_needs_manual_review,640,640,JPEG,member_of_near_duplicate_cluster_size_6
roboflow_counterfeit_med_detection_6fa36bee3c,Roboflow - Counterfeit_med_detection (v4),roboflow\train\images36_jpg.rf.90a363163f8bba1916482100c7627ab8.jpg,authentic,pid_00006,37,outer_packaging_or_product_photo,unclassified_needs_manual_review,640,640,JPEG,member_of_near_duplicate_cluster_size_37
roboflow_counterfeit_med_detection_ac334b23c0,Roboflow - Counterfeit_med_detection (v4),roboflow\train\images316_jpg.rf.9084d72242a78ac246ebf6c3efddcefd.jpg,authentic,pid_00064,19,outer_packaging_or_product_photo,unclassified_needs_manual_review,640,640,JPEG,member_of_near_duplicate_cluster_size_19
roboflow_counterfeit_med_detection_90dd9f713a,Roboflow - Counterfeit_med_detection (v4),roboflow\train\images4092_jpg.rf.908e2b65c982c04fff9ec7871d36caa5.jpg,authentic,pid_00256,5,outer_packaging_or_product_photo,unclassified_needs_manual_review,640,640,JPEG,member_of_near_duplicate_cluster_size_5
roboflow_counterfeit_med_detection_cea54d17a0,Roboflow - Counterfeit_med_detection (v4),roboflow\train\images5087_jpg.rf.90885914eee2aa0f30c07848271363b9.jpg,authentic,pid_00181,18,outer_packaging_or_product_photo,unclassified_needs_manual_review,640,640,JPEG,member_of_near_duplicate_cluster_size_18
roboflow_counterfeit_med_detection_41b37707d3,Roboflow - Counterfeit_med_detection (v4),roboflow\train\images351_jpg.rf.90ad5ced771f35f602c3fb2b67e84c50.jpg,authentic,pid_00020,25,outer_packaging_or_product_photo,unclassified_needs_manual_review,640,640,JPEG,member_of_near_duplicate_cluster_size_25
roboflow_counterfeit_med_detection_70b4ce3db8,Roboflow - Counterfeit_med_detection (v4),roboflow\train\images206_jpg.rf.90b7848a63c39e347d229a4e2200b350.jpg,authentic,pid_00220,14,outer_packaging_or_product_photo,unclassified_needs_manual_review,640,640,JPEG,member_of_near_duplicate_cluster_size_14
roboflow_counterfeit_med_detection_a155b75963,Roboflow - Counterfeit_med_detection (v4),roboflow\train\images5126_jpg.rf.90c045aa3b97c54f12b7853d6924afe5.jpg,authentic,pid_00192,8,outer_packaging_or_product_photo,unclassified_needs_manual_review,640,640,JPEG,member_of_near_duplicate_cluster_size_8
roboflow_counterfeit_med_detection_af369d1bd6,Roboflow - Counterfeit_med_detection (v4),roboflow\train\images08_jpg.rf.90c91a1889621da4b79645034b7a9941.jpg,authentic,pid_00043,19,outer_packaging_or_product_photo,unclassified_needs_manual_review,640,640,JPEG,member_of_near_duplicate_cluster_size_19
roboflow_counterfeit_med_detection_8e01ae6b5f,Roboflow - Counterfeit_med_detection (v4),roboflow\train\images42_jpg.rf.90df9ed618df91d94ef957f5e5ba1f0f.jpg,authentic,pid_00195,21,outer_packaging_or_product_photo,unclassified_needs_manual_review,640,640,JPEG,member_of_near_duplicate_cluster_size_21
roboflow_counterfeit_med_detection_3cc9acb4be,Roboflow - Counterfeit_med_detection (v4),roboflow\train\images4082_jpg.rf.9167ff29d8116c2a79cc6752de100155.jpg,authentic,pid_00154,18,outer_packaging_or_product_photo,unclassified_needs_manual_review,640,640,JPEG,member_of_near_duplicate_cluster_size_18
roboflow_counterfeit_med_detection_802e162708,Roboflow - Counterfeit_med_detection (v4),roboflow\train\images5060_jpg.rf.9136a6279364310d2d1e69ffc4b94144.jpg,authentic,pid_00257,1,outer_packaging_or_product_photo,unclassified_needs_manual_review,640,640,JPEG,
roboflow_counterfeit_med_detection_4d55061d74,Roboflow - Counterfeit_med_detection (v4),roboflow\train\images346_jpg.rf.911945423fe08fbff33a66174706f2d0.jpg,authentic,pid_00189,24,outer_packaging_or_product_photo,unclassified_needs_manual_review,640,640,JPEG,member_of_near_duplicate_cluster_size_24
roboflow_counterfeit_med_detection_a7f6bc0406,Roboflow - Counterfeit_med_detection (v4),roboflow\train\images232_jpg.rf.910f25067cf87f0d8d833db5d3beef68.jpg,authentic,pid_00120,16,outer_packaging_or_product_photo,unclassified_needs_manual_review,640,640,JPEG,member_of_near_duplicate_cluster_size_16
roboflow_counterfeit_med_detection_f1cdcdc0ca,Roboflow - Counterfeit_med_detection (v4),roboflow\train\images15_jpg.rf.90d5c312f5c71b44f44cb01ebbd6c9ab.jpg,authentic,pid_00159,12,outer_packaging_or_product_photo,unclassified_needs_manual_review,640,640,JPEG,member_of_near_duplicate_cluster_size_12
roboflow_counterfeit_med_detection_cf43022e33,Roboflow - Counterfeit_med_detection (v4),roboflow\train\images348_jpg.rf.91c6cac0bc2719d143d397437b42e86f.jpg,authentic,pid_00038,37,outer_packaging_or_product_photo,unclassified_needs_manual_review,640,640,JPEG,member_of_near_duplicate_cluster_size_37
roboflow_counterfeit_med_detection_6d67fdbae9,Roboflow - Counterfeit_med_detection (v4),roboflow\train\images4039_jpg.rf.912ea38aa9845109ea92b8776549f741.jpg,authentic,pid_00075,20,outer_packaging_or_product_photo,unclassified_needs_manual_review,640,640,JPEG,member_of_near_duplicate_cluster_size_20
roboflow_counterfeit_med_detection_cb4be4bf66,Roboflow - Counterfeit_med_detection (v4),roboflow\train\images5024_jpg.rf.919dba02242fe542dc8d36c96ce72cae.jpg,authentic,pid_00217,15,outer_packaging_or_product_photo,unclassified_needs_manual_review,640,640,JPEG,member_of_near_duplicate_cluster_size_15
roboflow_counterfeit_med_detection_0feb5fa256,Roboflow - Counterfeit_med_detection (v4),roboflow\train\images5113_jpg.rf.91d3a845e32135744f7035f660d10fa2.jpg,authentic,pid_00258,17,outer_packaging_or_product_photo,unclassified_needs_manual_review,640,640,JPEG,member_of_near_duplicate_cluster_size_17
roboflow_counterfeit_med_detection_6ff19469b7,Roboflow - Counterfeit_med_detection (v4),roboflow\train\images228_jpg.rf.915007da43e27876ef415938678619e1.jpg,authentic,pid_00131,33,outer_packaging_or_product_photo,unclassified_needs_manual_review,640,640,JPEG,member_of_near_duplicate_cluster_size_33
roboflow_counterfeit_med_detection_5e23ec72fa,Roboflow - Counterfeit_med_detection (v4),roboflow\train\images4035_jpg.rf.912d752a3aaf6ba1f6a42ef1403cb078.jpg,authentic,pid_00146,18,outer_packaging_or_product_photo,unclassified_needs_manual_review,640,640,JPEG,member_of_near_duplicate_cluster_size_18
roboflow_counterfeit_med_detection_6fcccf92fe,Roboflow - Counterfeit_med_detection (v4),roboflow\train\images5061_jpg.rf.919689427f376b50c253ab3f30b1260f.jpg,authentic,pid_00088,35,outer_packaging_or_product_photo,unclassified_needs_manual_review,640,640,JPEG,member_of_near_duplicate_cluster_size_35
roboflow_counterfeit_med_detection_e4383a2d2f,Roboflow - Counterfeit_med_detection (v4),roboflow\train\images4082_jpg.rf.915afed420dca92becc7acbcc1768d4b.jpg,authentic,pid_00154,18,outer_packaging_or_product_photo,unclassified_needs_manual_review,640,640,JPEG,member_of_near_duplicate_cluster_size_18
roboflow_counterfeit_med_detection_c2000f6461,Roboflow - Counterfeit_med_detection (v4),roboflow\train\images212_jpg.rf.91e0c5d843686e5d363e63d2480a8eab.jpg,authentic,pid_00024,22,outer_packaging_or_product_photo,unclassified_needs_manual_review,640,640,JPEG,member_of_near_duplicate_cluster_size_22
roboflow_counterfeit_med_detection_5ec0a85443,Roboflow - Counterfeit_med_detection (v4),roboflow\train\images4087_jpg.rf.91dfa06fd2aff43383894220e6459d97.jpg,authentic,pid_00135,20,outer_packaging_or_product_photo,unclassified_needs_manual_review,640,640,JPEG,member_of_near_duplicate_cluster_size_20
roboflow_counterfeit_med_detection_f1cc7b2d55,Roboflow - Counterfeit_med_detection (v4),roboflow\train\images5098_jpg.rf.917745387f17f2d95abcd604d777e427.jpg,authentic,pid_00144,19,outer_packaging_or_product_photo,unclassified_needs_manual_review,640,640,JPEG,member_of_near_duplicate_cluster_size_19
roboflow_counterfeit_med_detection_fc7a4a5330,Roboflow - Counterfeit_med_detection (v4),roboflow\train\images4045_jpg.rf.91b7dedb67979bc4b1e615f6a126afab.jpg,authentic,pid_00164,12,outer_packaging_or_product_photo,unclassified_needs_manual_review,640,640,JPEG,member_of_near_duplicate_cluster_size_12
roboflow_counterfeit_med_detection_112a826d54,Roboflow - Counterfeit_med_detection (v4),roboflow\train\images352_jpg.rf.91e1b4059f2522dd94e7d2c986b0cd32.jpg,authentic,pid_00142,7,outer_packaging_or_product_photo,unclassified_needs_manual_review,640,640,JPEG,member_of_near_duplicate_cluster_size_7
roboflow_counterfeit_med_detection_e9cfc9fb7c,Roboflow - Counterfeit_med_detection (v4),roboflow\train\images242_jpg.rf.914bcaef818e776dcdedfdf718612e82.jpg,authentic,pid_00109,12,outer_packaging_or_product_photo,unclassified_needs_manual_review,640,640,JPEG,member_of_near_duplicate_cluster_size_12
roboflow_counterfeit_med_detection_5664e07bc6,Roboflow - Counterfeit_med_detection (v4),roboflow\train\images301_jpg.rf.916fe311121120b16ab2386638fc56c9.jpg,authentic,pid_00040,13,outer_packaging_or_product_photo,unclassified_needs_manual_review,640,640,JPEG,member_of_near_duplicate_cluster_size_13
roboflow_counterfeit_med_detection_744c7cac03,Roboflow - Counterfeit_med_detection (v4),roboflow\train\images349_jpg.rf.91e5e9c119424f5a699de13ab231c0bf.jpg,authentic,pid_00259,16,outer_packaging_or_product_photo,unclassified_needs_manual_review,640,640,JPEG,member_of_near_duplicate_cluster_size_16
roboflow_counterfeit_med_detection_8d7b7e0506,Roboflow - Counterfeit_med_detection (v4),roboflow\train\images236_jpg.rf.91e2b39d504a88acb069704e592c6daa.jpg,authentic,pid_00055,19,outer_packaging_or_product_photo,unclassified_needs_manual_review,640,640,JPEG,member_of_near_duplicate_cluster_size_19
roboflow_counterfeit_med_detection_d086c3b2e5,Roboflow - Counterfeit_med_detection (v4),roboflow\train\images244_jpg.rf.91eee7475a48daed9317659968500b43.jpg,authentic,pid_00182,12,outer_packaging_or_product_photo,unclassified_needs_manual_review,640,640,JPEG,member_of_near_duplicate_cluster_size_12
roboflow_counterfeit_med_detection_843225a099,Roboflow - Counterfeit_med_detection (v4),roboflow\train\images35_jpg.rf.91ffbb0bdb882b71b8695aacd19851ff.jpg,authentic,pid_00073,25,outer_packaging_or_product_photo,unclassified_needs_manual_review,640,640,JPEG,member_of_near_duplicate_cluster_size_25
roboflow_counterfeit_med_detection_9af78cd6f2,Roboflow - Counterfeit_med_detection (v4),roboflow\train\images346_jpg.rf.9248bf3caafe22f1490702490e43bfb3.jpg,authentic,pid_00189,24,outer_packaging_or_product_photo,unclassified_needs_manual_review,640,640,JPEG,member_of_near_duplicate_cluster_size_24
roboflow_counterfeit_med_detection_26af1746f4,Roboflow - Counterfeit_med_detection (v4),roboflow\train\images5040_jpg.rf.9238ebc5aa339f09535dcc21e6602397.jpg,authentic,pid_00099,17,outer_packaging_or_product_photo,unclassified_needs_manual_review,640,640,JPEG,member_of_near_duplicate_cluster_size_17
roboflow_counterfeit_med_detection_06d7ba5975,Roboflow - Counterfeit_med_detection (v4),roboflow\train\images5116_jpg.rf.9211cba29f213a8435ffbcfa9d9dc22e.jpg,authentic,pid_00260,1,outer_packaging_or_product_photo,unclassified_needs_manual_review,640,640,JPEG,
roboflow_counterfeit_med_detection_be05224d21,Roboflow - Counterfeit_med_detection (v4),roboflow\train\images4120_jpg.rf.9290410596c437c2d92f5e8fe0399bfd.jpg,authentic,pid_00261,19,outer_packaging_or_product_photo,unclassified_needs_manual_review,640,640,JPEG,member_of_near_duplicate_cluster_size_19
roboflow_counterfeit_med_detection_11ba756824,Roboflow - Counterfeit_med_detection (v4),roboflow\train\images4025_jpg.rf.9273ba243d841792e7fd4d14d5192cd7.jpg,authentic,pid_00129,29,outer_packaging_or_product_photo,unclassified_needs_manual_review,640,640,JPEG,member_of_near_duplicate_cluster_size_29
roboflow_counterfeit_med_detection_c58947d72d,Roboflow - Counterfeit_med_detection (v4),roboflow\train\images4067_jpg.rf.92c3bd5c9c025df01458464544920578.jpg,authentic,pid_00104,20,outer_packaging_or_product_photo,unclassified_needs_manual_review,640,640,JPEG,member_of_near_duplicate_cluster_size_20
roboflow_counterfeit_med_detection_1c0b10a5a2,Roboflow - Counterfeit_med_detection (v4),roboflow\train\images239_jpg.rf.924870db86577c273395ebdcb754b001.jpg,authentic,pid_00001,22,outer_packaging_or_product_photo,unclassified_needs_manual_review,640,640,JPEG,member_of_near_duplicate_cluster_size_22
roboflow_counterfeit_med_detection_3cd50ca292,Roboflow - Counterfeit_med_detection (v4),roboflow\train\images4038_jpg.rf.92bd06822dd19378f32c67f264ac2896.jpg,authentic,pid_00057,55,outer_packaging_or_product_photo,unclassified_needs_manual_review,640,640,JPEG,member_of_near_duplicate_cluster_size_55
roboflow_counterfeit_med_detection_6c57dc0a50,Roboflow - Counterfeit_med_detection (v4),roboflow\train\images226_jpg.rf.92ba26598fb8efde511220836537c5e0.jpg,authentic,pid_00186,19,outer_packaging_or_product_photo,unclassified_needs_manual_review,640,640,JPEG,member_of_near_duplicate_cluster_size_19
roboflow_counterfeit_med_detection_1d5973b4d2,Roboflow - Counterfeit_med_detection (v4),roboflow\train\images4029_jpg.rf.92320965d539a19d5a52256a0fad48d9.jpg,authentic,pid_00083,23,outer_packaging_or_product_photo,unclassified_needs_manual_review,640,640,JPEG,member_of_near_duplicate_cluster_size_23
roboflow_counterfeit_med_detection_985366a343,Roboflow - Counterfeit_med_detection (v4),roboflow\train\images4061_jpg.rf.929ac4fe85c79855471a2bfeee8524ee.jpg,authentic,pid_00097,19,outer_packaging_or_product_photo,unclassified_needs_manual_review,640,640,JPEG,member_of_near_duplicate_cluster_size_19
roboflow_counterfeit_med_detection_2e793f538f,Roboflow - Counterfeit_med_detection (v4),roboflow\train\images4039_jpg.rf.9296247190ae25300dc0212177be4e08.jpg,authentic,pid_00069,17,outer_packaging_or_product_photo,unclassified_needs_manual_review,640,640,JPEG,member_of_near_duplicate_cluster_size_17
roboflow_counterfeit_med_detection_a8e5d74046,Roboflow - Counterfeit_med_detection (v4),roboflow\train\images4085_jpg.rf.929976d6a5f5c4be4937cc6e0060bf6c.jpg,authentic,pid_00057,55,outer_packaging_or_product_photo,unclassified_needs_manual_review,640,640,JPEG,member_of_near_duplicate_cluster_size_55
roboflow_counterfeit_med_detection_783acbfde4,Roboflow - Counterfeit_med_detection (v4),roboflow\train\images4087_jpg.rf.930bae01642aaa90f323d9c167c35d3e.jpg,authentic,pid_00135,20,outer_packaging_or_product_photo,unclassified_needs_manual_review,640,640,JPEG,member_of_near_duplicate_cluster_size_20
roboflow_counterfeit_med_detection_d76083f3b0,Roboflow - Counterfeit_med_detection (v4),roboflow\train\images01_jpg.rf.92b953fc57f2d13aaa201f00883077bc.jpg,authentic,pid_00137,5,outer_packaging_or_product_photo,unclassified_needs_manual_review,640,640,JPEG,member_of_near_duplicate_cluster_size_5
roboflow_counterfeit_med_detection_74ccbe89c9,Roboflow - Counterfeit_med_detection (v4),roboflow\train\images5100_jpg.rf.931b364261cba66de14c5294052dc899.jpg,authentic,pid_00214,17,outer_packaging_or_product_photo,unclassified_needs_manual_review,640,640,JPEG,member_of_near_duplicate_cluster_size_17
roboflow_counterfeit_med_detection_2e744918dc,Roboflow - Counterfeit_med_detection (v4),roboflow\train\images4040_jpg.rf.930231ef1403172b7c5b07680f71a330.jpg,authentic,pid_00166,24,outer_packaging_or_product_photo,unclassified_needs_manual_review,640,640,JPEG,member_of_near_duplicate_cluster_size_24
roboflow_counterfeit_med_detection_54688ae7f7,Roboflow - Counterfeit_med_detection (v4),roboflow\train\images5104_jpg.rf.932fd12810812c4c5b4ec85466fa2f00.jpg,authentic,pid_00133,15,outer_packaging_or_product_photo,unclassified_needs_manual_review,640,640,JPEG,member_of_near_duplicate_cluster_size_15
roboflow_counterfeit_med_detection_34661c01e6,Roboflow - Counterfeit_med_detection (v4),roboflow\train\images5069_jpg.rf.9351ffe877821f782772eeba1d1776b4.jpg,authentic,pid_00234,11,outer_packaging_or_product_photo,unclassified_needs_manual_review,640,640,JPEG,member_of_near_duplicate_cluster_size_11
roboflow_counterfeit_med_detection_a80de722d9,Roboflow - Counterfeit_med_detection (v4),roboflow\train\images5112_jpg.rf.9363f7058b7ef2f49f8995e196085d56.jpg,authentic,pid_00035,19,outer_packaging_or_product_photo,unclassified_needs_manual_review,640,640,JPEG,member_of_near_duplicate_cluster_size_19
roboflow_counterfeit_med_detection_42b5e7478d,Roboflow - Counterfeit_med_detection (v4),roboflow\train\images43_jpg.rf.9385d1836a8298e37809edf53df4119d.jpg,authentic,pid_00262,8,outer_packaging_or_product_photo,unclassified_needs_manual_review,640,640,JPEG,member_of_near_duplicate_cluster_size_8
roboflow_counterfeit_med_detection_2875c90e63,Roboflow - Counterfeit_med_detection (v4),roboflow\train\images5046_jpg.rf.9352ec5692278c37ac5b3aac46fc15a0.jpg,authentic,pid_00263,14,outer_packaging_or_product_photo,unclassified_needs_manual_review,640,640,JPEG,member_of_near_duplicate_cluster_size_14
roboflow_counterfeit_med_detection_a2391e8c1b,Roboflow - Counterfeit_med_detection (v4),roboflow\train\images04_jpg.rf.9360523a17cdcada4553c0a22698777f.jpg,authentic,pid_00239,15,outer_packaging_or_product_photo,unclassified_needs_manual_review,640,640,JPEG,member_of_near_duplicate_cluster_size_15
roboflow_counterfeit_med_detection_92b9599afa,Roboflow - Counterfeit_med_detection (v4),roboflow\train\images241_jpg.rf.93db866f485c28796e64d30aff2535ea.jpg,authentic,pid_00237,12,outer_packaging_or_product_photo,unclassified_needs_manual_review,640,640,JPEG,member_of_near_duplicate_cluster_size_12
roboflow_counterfeit_med_detection_26b2d298f7,Roboflow - Counterfeit_med_detection (v4),roboflow\train\images348_jpg.rf.937a7dccaae4045e0cd122f49d29f7f6.jpg,authentic,pid_00038,37,outer_packaging_or_product_photo,unclassified_needs_manual_review,640,640,JPEG,member_of_near_duplicate_cluster_size_37
roboflow_counterfeit_med_detection_76c220c019,Roboflow - Counterfeit_med_detection (v4),roboflow\train\images4039_jpg.rf.935caf5705dfc702e091b8951705d0c5.jpg,authentic,pid_00075,20,outer_packaging_or_product_photo,unclassified_needs_manual_review,640,640,JPEG,member_of_near_duplicate_cluster_size_20
roboflow_counterfeit_med_detection_291575a8c4,Roboflow - Counterfeit_med_detection (v4),roboflow\train\images5051_jpg.rf.93cb42a7430022af515d9b665ac87b34.jpg,authentic,pid_00036,18,outer_packaging_or_product_photo,unclassified_needs_manual_review,640,640,JPEG,member_of_near_duplicate_cluster_size_18
roboflow_counterfeit_med_detection_8d8c7888ac,Roboflow - Counterfeit_med_detection (v4),roboflow\train\images219_jpg.rf.93d99bf9d6047a6e917547a2fe450711.jpg,authentic,pid_00067,11,outer_packaging_or_product_photo,unclassified_needs_manual_review,640,640,JPEG,member_of_near_duplicate_cluster_size_11
roboflow_counterfeit_med_detection_efb5caa68a,Roboflow - Counterfeit_med_detection (v4),roboflow\train\images4066_jpg.rf.93e9a87ed5414fcdf47015a88ca62254.jpg,authentic,pid_00264,19,outer_packaging_or_product_photo,unclassified_needs_manual_review,640,640,JPEG,member_of_near_duplicate_cluster_size_19
roboflow_counterfeit_med_detection_55c19b2e56,Roboflow - Counterfeit_med_detection (v4),roboflow\train\images5112_jpg.rf.9367f216cbfd7c332e7e05010a02fda0.jpg,authentic,pid_00035,19,outer_packaging_or_product_photo,unclassified_needs_manual_review,640,640,JPEG,member_of_near_duplicate_cluster_size_19
roboflow_counterfeit_med_detection_1c77f1394f,Roboflow - Counterfeit_med_detection (v4),roboflow\train\images4092_jpg.rf.9342f67c4348b16b60673933bcf0b47e.jpg,authentic,pid_00265,6,outer_packaging_or_product_photo,unclassified_needs_manual_review,640,640,JPEG,member_of_near_duplicate_cluster_size_6
roboflow_counterfeit_med_detection_4cd77212ad,Roboflow - Counterfeit_med_detection (v4),roboflow\train\images275_jpg.rf.947219db37097a9f697e5c998afdee37.jpg,authentic,pid_00107,19,outer_packaging_or_product_photo,unclassified_needs_manual_review,640,640,JPEG,member_of_near_duplicate_cluster_size_19
roboflow_counterfeit_med_detection_b635b71a38,Roboflow - Counterfeit_med_detection (v4),roboflow\train\images4116_jpg.rf.9468a34e0303a99319bc16ad2e096472.jpg,authentic,pid_00045,12,outer_packaging_or_product_photo,unclassified_needs_manual_review,640,640,JPEG,member_of_near_duplicate_cluster_size_12
roboflow_counterfeit_med_detection_3040dc0a48,Roboflow - Counterfeit_med_detection (v4),roboflow\train\images349_jpg.rf.93eda52ba82b106e99a68ada6d7051b4.jpg,authentic,pid_00259,16,outer_packaging_or_product_photo,unclassified_needs_manual_review,640,640,JPEG,member_of_near_duplicate_cluster_size_16
roboflow_counterfeit_med_detection_e4087cadde,Roboflow - Counterfeit_med_detection (v4),roboflow\train\images4110_jpg.rf.947f9c926ead1f7a4953340f22d6bd33.jpg,authentic,pid_00000,19,outer_packaging_or_product_photo,unclassified_needs_manual_review,640,640,JPEG,member_of_near_duplicate_cluster_size_19
roboflow_counterfeit_med_detection_171065b8ec,Roboflow - Counterfeit_med_detection (v4),roboflow\train\images351_jpg.rf.9450dc4f7a3152f69348f5d2e96b7d15.jpg,authentic,pid_00020,25,outer_packaging_or_product_photo,unclassified_needs_manual_review,640,640,JPEG,member_of_near_duplicate_cluster_size_25
roboflow_counterfeit_med_detection_7c96fe24db,Roboflow - Counterfeit_med_detection (v4),roboflow\train\images4054_jpg.rf.945410b2c3b0c67cc691d76d8c1306de.jpg,authentic,pid_00028,35,outer_packaging_or_product_photo,unclassified_needs_manual_review,640,640,JPEG,member_of_near_duplicate_cluster_size_35
roboflow_counterfeit_med_detection_49ea8610b8,Roboflow - Counterfeit_med_detection (v4),roboflow\train\images347_jpg.rf.94831db67712b58d6269c3c96cd6bf42.jpg,authentic,pid_00119,35,outer_packaging_or_product_photo,unclassified_needs_manual_review,640,640,JPEG,member_of_near_duplicate_cluster_size_35
roboflow_counterfeit_med_detection_0f043b5b88,Roboflow - Counterfeit_med_detection (v4),roboflow\train\images5046_jpg.rf.94838addd9914ea02e2de8a477d1f67f.jpg,authentic,pid_00263,14,outer_packaging_or_product_photo,unclassified_needs_manual_review,640,640,JPEG,member_of_near_duplicate_cluster_size_14
roboflow_counterfeit_med_detection_248e9e2b55,Roboflow - Counterfeit_med_detection (v4),roboflow\train\images4038_jpg.rf.94ad516166b49e0e5a94561c2e35c0fc.jpg,authentic,pid_00057,55,outer_packaging_or_product_photo,unclassified_needs_manual_review,640,640,JPEG,member_of_near_duplicate_cluster_size_55
roboflow_counterfeit_med_detection_8cd7e2c721,Roboflow - Counterfeit_med_detection (v4),roboflow\train\images4039_jpg.rf.94b7e438c0a112680f25e61d75616a8d.jpg,authentic,pid_00069,17,outer_packaging_or_product_photo,unclassified_needs_manual_review,640,640,JPEG,member_of_near_duplicate_cluster_size_17
roboflow_counterfeit_med_detection_d172807a34,Roboflow - Counterfeit_med_detection (v4),roboflow\train\images265_jpg.rf.955914a3c669a0f3f534824a63c1adca.jpg,authentic,pid_00183,13,outer_packaging_or_product_photo,unclassified_needs_manual_review,640,640,JPEG,member_of_near_duplicate_cluster_size_13
roboflow_counterfeit_med_detection_17722017b7,Roboflow - Counterfeit_med_detection (v4),roboflow\train\images4054_jpg.rf.9488e52aee9b213adb8f79b9d6778eec.jpg,authentic,pid_00266,2,outer_packaging_or_product_photo,unclassified_needs_manual_review,640,640,JPEG,member_of_near_duplicate_cluster_size_2
roboflow_counterfeit_med_detection_599fe486a1,Roboflow - Counterfeit_med_detection (v4),roboflow\train\images240_jpg.rf.94a3903b3620c7a37b59ca04c7745cef.jpg,authentic,pid_00248,13,outer_packaging_or_product_photo,unclassified_needs_manual_review,640,640,JPEG,member_of_near_duplicate_cluster_size_13
roboflow_counterfeit_med_detection_4d250cc1a1,Roboflow - Counterfeit_med_detection (v4),roboflow\train\images351_jpg.rf.953f42e39d0e102adb4f021c374b34d5.jpg,authentic,pid_00020,25,outer_packaging_or_product_photo,unclassified_needs_manual_review,640,640,JPEG,member_of_near_duplicate_cluster_size_25
roboflow_counterfeit_med_detection_50462a9cb2,Roboflow - Counterfeit_med_detection (v4),roboflow\train\images5115_jpg.rf.961d1c0ac3d7e1d9d97d3104cdff6ced.jpg,authentic,pid_00158,43,outer_packaging_or_product_photo,unclassified_needs_manual_review,640,640,JPEG,member_of_near_duplicate_cluster_size_43
roboflow_counterfeit_med_detection_e75c429ec7,Roboflow - Counterfeit_med_detection (v4),roboflow\train\images4054_jpg.rf.950575027d810b0330940e32b90e1e3c.jpg,authentic,pid_00266,2,outer_packaging_or_product_photo,unclassified_needs_manual_review,640,640,JPEG,member_of_near_duplicate_cluster_size_2
roboflow_counterfeit_med_detection_165654bf41,Roboflow - Counterfeit_med_detection (v4),roboflow\train\images4040_jpg.rf.94ee6b448a903e9da3a67ce2b068ad13.jpg,authentic,pid_00022,10,outer_packaging_or_product_photo,unclassified_needs_manual_review,640,640,JPEG,member_of_near_duplicate_cluster_size_10
roboflow_counterfeit_med_detection_3e132957f7,Roboflow - Counterfeit_med_detection (v4),roboflow\train\images5032_jpg.rf.95169cd1382f723d9a47ea741f6bff16.jpg,authentic,pid_00013,19,outer_packaging_or_product_photo,unclassified_needs_manual_review,640,640,JPEG,member_of_near_duplicate_cluster_size_19
roboflow_counterfeit_med_detection_049c8a2eaf,Roboflow - Counterfeit_med_detection (v4),roboflow\train\images5095_jpg.rf.95ffd3f7aad430d61d27d7a4a05719df.jpg,authentic,pid_00249,6,outer_packaging_or_product_photo,unclassified_needs_manual_review,640,640,JPEG,member_of_near_duplicate_cluster_size_6
roboflow_counterfeit_med_detection_06e9be20bb,Roboflow - Counterfeit_med_detection (v4),roboflow\train\images08_jpg.rf.95d073d9cd17a3700a035db8ec47b811.jpg,authentic,pid_00034,12,outer_packaging_or_product_photo,unclassified_needs_manual_review,640,640,JPEG,member_of_near_duplicate_cluster_size_12
roboflow_counterfeit_med_detection_9345adffb4,Roboflow - Counterfeit_med_detection (v4),roboflow\train\images4063_jpg.rf.95aec5f4421381f4dd886ce50714e302.jpg,authentic,pid_00123,11,outer_packaging_or_product_photo,unclassified_needs_manual_review,640,640,JPEG,member_of_near_duplicate_cluster_size_11
roboflow_counterfeit_med_detection_03a3d63e20,Roboflow - Counterfeit_med_detection (v4),roboflow\train\images218_jpg.rf.95bb5bb85dbd5949a776f1067af06b21.jpg,authentic,pid_00215,14,outer_packaging_or_product_photo,unclassified_needs_manual_review,640,640,JPEG,member_of_near_duplicate_cluster_size_14
roboflow_counterfeit_med_detection_df62d222e4,Roboflow - Counterfeit_med_detection (v4),roboflow\train\images4088_jpg.rf.95afb6b6c4e977dd53601fbc622443be.jpg,authentic,pid_00185,19,outer_packaging_or_product_photo,unclassified_needs_manual_review,640,640,JPEG,member_of_near_duplicate_cluster_size_19
roboflow_counterfeit_med_detection_df6800dd02,Roboflow - Counterfeit_med_detection (v4),roboflow\train\images5060_jpg.rf.9651c0d01d0948dd8aae2feb0ea409ce.jpg,authentic,pid_00094,25,outer_packaging_or_product_photo,unclassified_needs_manual_review,640,640,JPEG,member_of_near_duplicate_cluster_size_25
roboflow_counterfeit_med_detection_38d4f15435,Roboflow - Counterfeit_med_detection (v4),roboflow\train\images5110_jpg.rf.965a2ba153e05675aff84e0e82032018.jpg,authentic,pid_00143,8,outer_packaging_or_product_photo,unclassified_needs_manual_review,640,640,JPEG,member_of_near_duplicate_cluster_size_8
roboflow_counterfeit_med_detection_5371f5791b,Roboflow - Counterfeit_med_detection (v4),roboflow\train\images208_jpg.rf.958d775f0d3bab887ff6046727f047bb.jpg,authentic,pid_00196,17,outer_packaging_or_product_photo,unclassified_needs_manual_review,640,640,JPEG,member_of_near_duplicate_cluster_size_17
roboflow_counterfeit_med_detection_b2682b4241,Roboflow - Counterfeit_med_detection (v4),roboflow\train\images303_jpg.rf.9623e79d57fee5d1fe7821b38efb7031.jpg,authentic,pid_00113,17,outer_packaging_or_product_photo,unclassified_needs_manual_review,640,640,JPEG,member_of_near_duplicate_cluster_size_17
roboflow_counterfeit_med_detection_046e0b1e74,Roboflow - Counterfeit_med_detection (v4),roboflow\train\images5052_jpg.rf.9557f383b470f723a8a3f59c5de4dc05.jpg,authentic,pid_00037,19,outer_packaging_or_product_photo,unclassified_needs_manual_review,640,640,JPEG,member_of_near_duplicate_cluster_size_19
roboflow_counterfeit_med_detection_92174732d0,Roboflow - Counterfeit_med_detection (v4),roboflow\train\images252_jpg.rf.96836c355ebe35d52987910a0d247aac.jpg,authentic,pid_00016,10,outer_packaging_or_product_photo,unclassified_needs_manual_review,640,640,JPEG,member_of_near_duplicate_cluster_size_10
roboflow_counterfeit_med_detection_dc7254e8ce,Roboflow - Counterfeit_med_detection (v4),roboflow\train\images5030_jpg.rf.968384f74d37665f585fc983f36b94af.jpg,authentic,pid_00267,12,outer_packaging_or_product_photo,unclassified_needs_manual_review,640,640,JPEG,member_of_near_duplicate_cluster_size_12
roboflow_counterfeit_med_detection_2b4f9eb4e3,Roboflow - Counterfeit_med_detection (v4),roboflow\train\images214_jpg.rf.9681a9874201d6df9ded092fea542721.jpg,authentic,pid_00082,19,outer_packaging_or_product_photo,unclassified_needs_manual_review,640,640,JPEG,member_of_near_duplicate_cluster_size_19
roboflow_counterfeit_med_detection_ba43ce5db9,Roboflow - Counterfeit_med_detection (v4),roboflow\train\images4045_jpg.rf.9700c064e0fd1928bb1623283ec961a1.jpg,authentic,pid_00268,12,outer_packaging_or_product_photo,unclassified_needs_manual_review,640,640,JPEG,member_of_near_duplicate_cluster_size_12
roboflow_counterfeit_med_detection_41eb37e318,Roboflow - Counterfeit_med_detection (v4),roboflow\train\images14_jpg.rf.97ea5150863de68f2e210d086c6a8746.jpg,authentic,pid_00132,13,outer_packaging_or_product_photo,unclassified_needs_manual_review,640,640,JPEG,member_of_near_duplicate_cluster_size_13
roboflow_counterfeit_med_detection_113b8c2f34,Roboflow - Counterfeit_med_detection (v4),roboflow\train\images323_jpg.rf.971dca9ec1f41989bbae7b1a72850ba7.jpg,authentic,pid_00023,18,outer_packaging_or_product_photo,unclassified_needs_manual_review,640,640,JPEG,member_of_near_duplicate_cluster_size_18
roboflow_counterfeit_med_detection_b31738461d,Roboflow - Counterfeit_med_detection (v4),roboflow\train\images43_jpg.rf.97d4c6d4b96d7c64509ac7ae21b9be2b.jpg,authentic,pid_00068,36,outer_packaging_or_product_photo,unclassified_needs_manual_review,640,640,JPEG,member_of_near_duplicate_cluster_size_36
roboflow_counterfeit_med_detection_cdec2dc226,Roboflow - Counterfeit_med_detection (v4),roboflow\train\images4045_jpg.rf.97f6d4f5c7f97c3ed9ef903f3ad8df0a.jpg,authentic,pid_00268,12,outer_packaging_or_product_photo,unclassified_needs_manual_review,640,640,JPEG,member_of_near_duplicate_cluster_size_12
roboflow_counterfeit_med_detection_636c5beaf5,Roboflow - Counterfeit_med_detection (v4),roboflow\train\images268_jpg.rf.97b6e83334b07e271f973265f83adf2f.jpg,authentic,pid_00010,56,outer_packaging_or_product_photo,unclassified_needs_manual_review,640,640,JPEG,member_of_near_duplicate_cluster_size_56
roboflow_counterfeit_med_detection_251a74d88f,Roboflow - Counterfeit_med_detection (v4),roboflow\train\images5104_jpg.rf.973860a5dcff04c80ccbd991547dfd6f.jpg,authentic,pid_00133,15,outer_packaging_or_product_photo,unclassified_needs_manual_review,640,640,JPEG,member_of_near_duplicate_cluster_size_15
roboflow_counterfeit_med_detection_015d1a8226,Roboflow - Counterfeit_med_detection (v4),roboflow\train\images347_jpg.rf.97902b24646d2f1041147843f5facfde.jpg,authentic,pid_00119,35,outer_packaging_or_product_photo,unclassified_needs_manual_review,640,640,JPEG,member_of_near_duplicate_cluster_size_35
roboflow_counterfeit_med_detection_f7a16bce40,Roboflow - Counterfeit_med_detection (v4),roboflow\train\images222_jpg.rf.97b5a728665bd3bf5db7122aa54b847f.jpg,authentic,pid_00068,36,outer_packaging_or_product_photo,unclassified_needs_manual_review,640,640,JPEG,member_of_near_duplicate_cluster_size_36
roboflow_counterfeit_med_detection_4090b0daf8,Roboflow - Counterfeit_med_detection (v4),roboflow\train\images5059_jpg.rf.9823b7d04f6ff3dda51efd68517bcf3c.jpg,authentic,pid_00121,19,outer_packaging_or_product_photo,unclassified_needs_manual_review,640,640,JPEG,member_of_near_duplicate_cluster_size_19
roboflow_counterfeit_med_detection_4ef86817f5,Roboflow - Counterfeit_med_detection (v4),roboflow\train\images5064_jpg.rf.97ef8b0393f284cd0a0d7f3e8b37a1a2.jpg,authentic,pid_00252,13,outer_packaging_or_product_photo,unclassified_needs_manual_review,640,640,JPEG,member_of_near_duplicate_cluster_size_13
roboflow_counterfeit_med_detection_cccb121cc7,Roboflow - Counterfeit_med_detection (v4),roboflow\train\images268_jpg.rf.96ad6f21a5402f3c1bed88e62555c79f.jpg,authentic,pid_00010,56,outer_packaging_or_product_photo,unclassified_needs_manual_review,640,640,JPEG,member_of_near_duplicate_cluster_size_56
roboflow_counterfeit_med_detection_086a57905d,Roboflow - Counterfeit_med_detection (v4),roboflow\train\images266_jpg.rf.97cfdb9e9f9f764d680008da26fbada7.jpg,authentic,pid_00027,19,outer_packaging_or_product_photo,unclassified_needs_manual_review,640,640,JPEG,member_of_near_duplicate_cluster_size_19
roboflow_counterfeit_med_detection_fbbacf5b02,Roboflow - Counterfeit_med_detection (v4),roboflow\train\images210_jpg.rf.96cdf5440788b59b3e72d180360517e5.jpg,authentic,pid_00030,9,outer_packaging_or_product_photo,unclassified_needs_manual_review,640,640,JPEG,member_of_near_duplicate_cluster_size_9
roboflow_counterfeit_med_detection_348cc494d9,Roboflow - Counterfeit_med_detection (v4),roboflow\train\images4066_jpg.rf.97f0036a813457f0ac39c471cdfe2633.jpg,authentic,pid_00264,19,outer_packaging_or_product_photo,unclassified_needs_manual_review,640,640,JPEG,member_of_near_duplicate_cluster_size_19
roboflow_counterfeit_med_detection_a59c7ffe86,Roboflow - Counterfeit_med_detection (v4),roboflow\train\images4068_jpg.rf.98063c3d284aacfa2371f6da956ab003.jpg,authentic,pid_00076,19,outer_packaging_or_product_photo,unclassified_needs_manual_review,640,640,JPEG,member_of_near_duplicate_cluster_size_19
roboflow_counterfeit_med_detection_f1553f5dce,Roboflow - Counterfeit_med_detection (v4),roboflow\train\images46_jpg.rf.98267557a9b608d731d39813157c9790.jpg,authentic,pid_00210,17,outer_packaging_or_product_photo,unclassified_needs_manual_review,640,640,JPEG,member_of_near_duplicate_cluster_size_17
roboflow_counterfeit_med_detection_912550b96b,Roboflow - Counterfeit_med_detection (v4),roboflow\train\images5034_jpg.rf.983a437550d91f5c9a0f5f7f0f768fcd.jpg,authentic,pid_00009,19,outer_packaging_or_product_photo,unclassified_needs_manual_review,640,640,JPEG,member_of_near_duplicate_cluster_size_19
roboflow_counterfeit_med_detection_b28ff0bb59,Roboflow - Counterfeit_med_detection (v4),roboflow\train\images212_jpg.rf.984f598dff53afba0c3807ef150f5b36.jpg,authentic,pid_00233,10,outer_packaging_or_product_photo,unclassified_needs_manual_review,640,640,JPEG,member_of_near_duplicate_cluster_size_10
roboflow_counterfeit_med_detection_0e6f64d28d,Roboflow - Counterfeit_med_detection (v4),roboflow\train\images4042_jpg.rf.989958eefb89c46a43c6a55577d96330.jpg,authentic,pid_00092,40,outer_packaging_or_product_photo,unclassified_needs_manual_review,640,640,JPEG,member_of_near_duplicate_cluster_size_40
roboflow_counterfeit_med_detection_5d2da35e9a,Roboflow - Counterfeit_med_detection (v4),roboflow\train\images5100_jpg.rf.98cded38f135caad2ab696d291ccbfb1.jpg,authentic,pid_00214,17,outer_packaging_or_product_photo,unclassified_needs_manual_review,640,640,JPEG,member_of_near_duplicate_cluster_size_17
roboflow_counterfeit_med_detection_cd6bb16d98,Roboflow - Counterfeit_med_detection (v4),roboflow\train\images4107_jpg.rf.986147213cfcf9374bd26b0505228817.jpg,authentic,pid_00098,13,outer_packaging_or_product_photo,unclassified_needs_manual_review,640,640,JPEG,member_of_near_duplicate_cluster_size_13
roboflow_counterfeit_med_detection_32a19e4e8c,Roboflow - Counterfeit_med_detection (v4),roboflow\train\images4107_jpg.rf.987a6208b4e2189ee2f0f57621e6c6c7.jpg,authentic,pid_00098,13,outer_packaging_or_product_photo,unclassified_needs_manual_review,640,640,JPEG,member_of_near_duplicate_cluster_size_13
roboflow_counterfeit_med_detection_11199b3213,Roboflow - Counterfeit_med_detection (v4),roboflow\train\images29_jpg.rf.9907485fdbb16601da366d24c853e0ed.jpg,authentic,pid_00184,19,outer_packaging_or_product_photo,unclassified_needs_manual_review,640,640,JPEG,member_of_near_duplicate_cluster_size_19
roboflow_counterfeit_med_detection_a3fb27a1d9,Roboflow - Counterfeit_med_detection (v4),roboflow\train\images352_jpg.rf.9866ca02605e53979f85845e1eb4a97c.jpg,authentic,pid_00046,18,outer_packaging_or_product_photo,unclassified_needs_manual_review,640,640,JPEG,member_of_near_duplicate_cluster_size_18
roboflow_counterfeit_med_detection_a8f78aa2c0,Roboflow - Counterfeit_med_detection (v4),roboflow\train\images5039_jpg.rf.98f92b427a731ad2d65f69cb68888d35.jpg,authentic,pid_00208,6,outer_packaging_or_product_photo,unclassified_needs_manual_review,640,640,JPEG,member_of_near_duplicate_cluster_size_6
roboflow_counterfeit_med_detection_4754f86c7d,Roboflow - Counterfeit_med_detection (v4),roboflow\train\images37_jpg.rf.9978a81f16b1d98076982c7b78fdfbc5.jpg,authentic,pid_00074,55,outer_packaging_or_product_photo,unclassified_needs_manual_review,640,640,JPEG,member_of_near_duplicate_cluster_size_55
roboflow_counterfeit_med_detection_9fbb9d460c,Roboflow - Counterfeit_med_detection (v4),roboflow\train\images5087_jpg.rf.99096c34887d68d91ca6eba1235d9243.jpg,authentic,pid_00181,18,outer_packaging_or_product_photo,unclassified_needs_manual_review,640,640,JPEG,member_of_near_duplicate_cluster_size_18
roboflow_counterfeit_med_detection_58656ee5a3,Roboflow - Counterfeit_med_detection (v4),roboflow\train\images275_jpg.rf.99162b45be86e0886f0c7d0f7881e557.jpg,authentic,pid_00107,19,outer_packaging_or_product_photo,unclassified_needs_manual_review,640,640,JPEG,member_of_near_duplicate_cluster_size_19
roboflow_counterfeit_med_detection_fe1f604237,Roboflow - Counterfeit_med_detection (v4),roboflow\train\images4120_jpg.rf.9936bbfbf1ba964a4d59c67829878ab7.jpg,authentic,pid_00261,19,outer_packaging_or_product_photo,unclassified_needs_manual_review,640,640,JPEG,member_of_near_duplicate_cluster_size_19
roboflow_counterfeit_med_detection_ac251d10f5,Roboflow - Counterfeit_med_detection (v4),roboflow\train\images232_jpg.rf.98e1b2c747935982fd34a77ad78c678d.jpg,authentic,pid_00120,16,outer_packaging_or_product_photo,unclassified_needs_manual_review,640,640,JPEG,member_of_near_duplicate_cluster_size_16
roboflow_counterfeit_med_detection_b8b9efe504,Roboflow - Counterfeit_med_detection (v4),roboflow\train\images4046_jpg.rf.984a5dba7460c41840a6ae7a04efad37.jpg,authentic,pid_00087,37,outer_packaging_or_product_photo,unclassified_needs_manual_review,640,640,JPEG,member_of_near_duplicate_cluster_size_37
roboflow_counterfeit_med_detection_bd2f844f0a,Roboflow - Counterfeit_med_detection (v4),roboflow\train\images256_jpg.rf.9a0da8234e0c9d7823f88033534c9f0e.jpg,authentic,pid_00066,23,outer_packaging_or_product_photo,unclassified_needs_manual_review,640,640,JPEG,member_of_near_duplicate_cluster_size_23
roboflow_counterfeit_med_detection_4e12fb141a,Roboflow - Counterfeit_med_detection (v4),roboflow\train\images268_jpg.rf.9941b0ef0deaf4fca0968a49fd535490.jpg,authentic,pid_00010,56,outer_packaging_or_product_photo,unclassified_needs_manual_review,640,640,JPEG,member_of_near_duplicate_cluster_size_56
roboflow_counterfeit_med_detection_ff3aa73920,Roboflow - Counterfeit_med_detection (v4),roboflow\train\images4047_jpg.rf.998698810d12b0a0c26a555dbd916fba.jpg,authentic,pid_00110,25,outer_packaging_or_product_photo,unclassified_needs_manual_review,640,640,JPEG,member_of_near_duplicate_cluster_size_25
roboflow_counterfeit_med_detection_a7d322a47a,Roboflow - Counterfeit_med_detection (v4),roboflow\train\images321_jpg.rf.9a36fd022bf6392a20b4fde6ea0ce8de.jpg,authentic,pid_00074,55,outer_packaging_or_product_photo,unclassified_needs_manual_review,640,640,JPEG,member_of_near_duplicate_cluster_size_55
roboflow_counterfeit_med_detection_482033c3bd,Roboflow - Counterfeit_med_detection (v4),roboflow\train\images4025_jpg.rf.9a4a50be063a6d94843c101ee5290b16.jpg,authentic,pid_00129,29,outer_packaging_or_product_photo,unclassified_needs_manual_review,640,640,JPEG,member_of_near_duplicate_cluster_size_29
roboflow_counterfeit_med_detection_20ce113d09,Roboflow - Counterfeit_med_detection (v4),roboflow\train\images4094_jpg.rf.9a7d18a4dca5b1951a9609f6fb02f393.jpg,authentic,pid_00025,19,outer_packaging_or_product_photo,unclassified_needs_manual_review,640,640,JPEG,member_of_near_duplicate_cluster_size_19
roboflow_counterfeit_med_detection_db70d48b3e,Roboflow - Counterfeit_med_detection (v4),roboflow\train\images4042_jpg.rf.9a39aa9d3ea29ec0fad0596559ab07e0.jpg,authentic,pid_00092,40,outer_packaging_or_product_photo,unclassified_needs_manual_review,640,640,JPEG,member_of_near_duplicate_cluster_size_40
roboflow_counterfeit_med_detection_145972beab,Roboflow - Counterfeit_med_detection (v4),roboflow\train\images5051_jpg.rf.9a08bb493b06389fdbfcbeb4ee030f45.jpg,authentic,pid_00036,18,outer_packaging_or_product_photo,unclassified_needs_manual_review,640,640,JPEG,member_of_near_duplicate_cluster_size_18
roboflow_counterfeit_med_detection_6dc463305b,Roboflow - Counterfeit_med_detection (v4),roboflow\train\images4060_jpg.rf.9a361171547e01a03a7d57efcb087782.jpg,authentic,pid_00010,56,outer_packaging_or_product_photo,unclassified_needs_manual_review,640,640,JPEG,member_of_near_duplicate_cluster_size_56
roboflow_counterfeit_med_detection_86f03c53a0,Roboflow - Counterfeit_med_detection (v4),roboflow\train\images316_jpg.rf.9a8ad5047c043c3e828e8e7dce08520c.jpg,authentic,pid_00064,19,outer_packaging_or_product_photo,unclassified_needs_manual_review,640,640,JPEG,member_of_near_duplicate_cluster_size_19
roboflow_counterfeit_med_detection_46f6f88fc7,Roboflow - Counterfeit_med_detection (v4),roboflow\train\images228_jpg.rf.9adbbc76ba30afced56db566d4dd4ea9.jpg,authentic,pid_00131,33,outer_packaging_or_product_photo,unclassified_needs_manual_review,640,640,JPEG,member_of_near_duplicate_cluster_size_33
roboflow_counterfeit_med_detection_294ff7f28b,Roboflow - Counterfeit_med_detection (v4),roboflow\train\images5095_jpg.rf.9aaa704c99d84de739c74e09cb1c7dac.jpg,authentic,pid_00148,13,outer_packaging_or_product_photo,unclassified_needs_manual_review,640,640,JPEG,member_of_near_duplicate_cluster_size_13
roboflow_counterfeit_med_detection_1f55e1df22,Roboflow - Counterfeit_med_detection (v4),roboflow\train\images5046_jpg.rf.9ad3346335815c2bce90a63063f3eb3f.jpg,authentic,pid_00263,14,outer_packaging_or_product_photo,unclassified_needs_manual_review,640,640,JPEG,member_of_near_duplicate_cluster_size_14
roboflow_counterfeit_med_detection_b7e3de0bc9,Roboflow - Counterfeit_med_detection (v4),roboflow\train\images5080_jpg.rf.9ab85ad635c7b2f5ea3dd3f77a227f71.jpg,authentic,pid_00005,28,outer_packaging_or_product_photo,unclassified_needs_manual_review,640,640,JPEG,member_of_near_duplicate_cluster_size_28
roboflow_counterfeit_med_detection_7299058db2,Roboflow - Counterfeit_med_detection (v4),roboflow\train\images4090_jpg.rf.9b2698dec05de1902abc5feb846f3d75.jpg,authentic,pid_00084,21,outer_packaging_or_product_photo,unclassified_needs_manual_review,640,640,JPEG,member_of_near_duplicate_cluster_size_21
roboflow_counterfeit_med_detection_7358f7c288,Roboflow - Counterfeit_med_detection (v4),roboflow\train\images33_jpg.rf.9b311bbfa92aa1ac7301d76ebd104b01.jpg,authentic,pid_00269,24,outer_packaging_or_product_photo,unclassified_needs_manual_review,640,640,JPEG,member_of_near_duplicate_cluster_size_24
roboflow_counterfeit_med_detection_ccb7fabe5c,Roboflow - Counterfeit_med_detection (v4),roboflow\train\images4090_jpg.rf.9afc19ed62b038cd2aaa209b215e5d1a.jpg,authentic,pid_00084,21,outer_packaging_or_product_photo,unclassified_needs_manual_review,640,640,JPEG,member_of_near_duplicate_cluster_size_21
roboflow_counterfeit_med_detection_d7a1edeb3e,Roboflow - Counterfeit_med_detection (v4),roboflow\train\images275_jpg.rf.9b755dcf1456ae90d3cc77f3de9e1d69.jpg,authentic,pid_00107,19,outer_packaging_or_product_photo,unclassified_needs_manual_review,640,640,JPEG,member_of_near_duplicate_cluster_size_19
roboflow_counterfeit_med_detection_4d9498497c,Roboflow - Counterfeit_med_detection (v4),roboflow\train\images235_jpg.rf.9acdeedeb55b4043b573e69cff36cda6.jpg,authentic,pid_00034,12,outer_packaging_or_product_photo,unclassified_needs_manual_review,640,640,JPEG,member_of_near_duplicate_cluster_size_12
roboflow_counterfeit_med_detection_22e1961bc7,Roboflow - Counterfeit_med_detection (v4),roboflow\train\images5039_jpg.rf.9ba349d46a08a5ba9bb62969e85201b1.jpg,authentic,pid_00270,9,outer_packaging_or_product_photo,unclassified_needs_manual_review,640,640,JPEG,member_of_near_duplicate_cluster_size_9
roboflow_counterfeit_med_detection_04161a1450,Roboflow - Counterfeit_med_detection (v4),roboflow\train\images5062_jpg.rf.9b65e6f902d1ab8e76e41d88b12884da.jpg,authentic,pid_00091,20,outer_packaging_or_product_photo,unclassified_needs_manual_review,640,640,JPEG,member_of_near_duplicate_cluster_size_20
roboflow_counterfeit_med_detection_57f24d4cc6,Roboflow - Counterfeit_med_detection (v4),roboflow\train\images5110_jpg.rf.9b1e177405065c7e9100f7d4945a70b7.jpg,authentic,pid_00271,7,outer_packaging_or_product_photo,unclassified_needs_manual_review,640,640,JPEG,member_of_near_duplicate_cluster_size_7
roboflow_counterfeit_med_detection_cd3e317bfc,Roboflow - Counterfeit_med_detection (v4),roboflow\train\images244_jpg.rf.9b1c753e763b2984bab59c6b99ac1887.jpg,authentic,pid_00182,12,outer_packaging_or_product_photo,unclassified_needs_manual_review,640,640,JPEG,member_of_near_duplicate_cluster_size_12
roboflow_counterfeit_med_detection_5550415346,Roboflow - Counterfeit_med_detection (v4),roboflow\train\images263_jpg.rf.9af20def6563038b57f41177366ebb41.jpg,authentic,pid_00235,7,outer_packaging_or_product_photo,unclassified_needs_manual_review,640,640,JPEG,member_of_near_duplicate_cluster_size_7
roboflow_counterfeit_med_detection_4293793a3e,Roboflow - Counterfeit_med_detection (v4),roboflow\train\images11_jpg.rf.9b195f844a248075883c0ab64116f617.jpg,authentic,pid_00241,6,outer_packaging_or_product_photo,unclassified_needs_manual_review,640,640,JPEG,member_of_near_duplicate_cluster_size_6
roboflow_counterfeit_med_detection_a89dd6dba7,Roboflow - Counterfeit_med_detection (v4),roboflow\train\images5056_jpg.rf.9b42f499d43ed639fc835817c8e37e21.jpg,authentic,pid_00173,7,outer_packaging_or_product_photo,unclassified_needs_manual_review,640,640,JPEG,member_of_near_duplicate_cluster_size_7
roboflow_counterfeit_med_detection_c6a057c662,Roboflow - Counterfeit_med_detection (v4),roboflow\train\images352_jpg.rf.9afc9d6e42e4c06b85d7cf3dd15159da.jpg,authentic,pid_00197,3,outer_packaging_or_product_photo,unclassified_needs_manual_review,640,640,JPEG,member_of_near_duplicate_cluster_size_3
roboflow_counterfeit_med_detection_f825420d7e,Roboflow - Counterfeit_med_detection (v4),roboflow\train\images4092_jpg.rf.9baef308ad77f549f3541bf2e45ef8f6.jpg,authentic,pid_00272,5,outer_packaging_or_product_photo,unclassified_needs_manual_review,640,640,JPEG,member_of_near_duplicate_cluster_size_5
roboflow_counterfeit_med_detection_5c36b7a780,Roboflow - Counterfeit_med_detection (v4),roboflow\train\images4074_jpg.rf.9b0b1bbb726ab03914adc60262ad94b8.jpg,authentic,pid_00273,19,outer_packaging_or_product_photo,unclassified_needs_manual_review,640,640,JPEG,member_of_near_duplicate_cluster_size_19
roboflow_counterfeit_med_detection_6a118accb2,Roboflow - Counterfeit_med_detection (v4),roboflow\train\images4040_jpg.rf.9b9ef6bbb3ada1f1b102d86364dfe5df.jpg,authentic,pid_00166,24,outer_packaging_or_product_photo,unclassified_needs_manual_review,640,640,JPEG,member_of_near_duplicate_cluster_size_24
roboflow_counterfeit_med_detection_7bbd409c64,Roboflow - Counterfeit_med_detection (v4),roboflow\train\images310_jpg.rf.9b8cfda7fa922dcc4da05989eb505895.jpg,authentic,pid_00190,10,outer_packaging_or_product_photo,unclassified_needs_manual_review,640,640,JPEG,member_of_near_duplicate_cluster_size_10
roboflow_counterfeit_med_detection_2bf22610de,Roboflow - Counterfeit_med_detection (v4),roboflow\train\images4060_jpg.rf.9b2ea994efbc93f07c6dfbcf9d946bcf.jpg,authentic,pid_00010,56,outer_packaging_or_product_photo,unclassified_needs_manual_review,640,640,JPEG,member_of_near_duplicate_cluster_size_56
roboflow_counterfeit_med_detection_0f063effbc,Roboflow - Counterfeit_med_detection (v4),roboflow\train\images43_jpg.rf.9bc93e141a0c6743121ea3b24af01cfe.jpg,authentic,pid_00068,36,outer_packaging_or_product_photo,unclassified_needs_manual_review,640,640,JPEG,member_of_near_duplicate_cluster_size_36
roboflow_counterfeit_med_detection_6a50961eb3,Roboflow - Counterfeit_med_detection (v4),roboflow\train\images4095_jpg.rf.9c6bdfcbdf9d46b541a024e4d04989d2.jpg,authentic,pid_00032,16,outer_packaging_or_product_photo,unclassified_needs_manual_review,640,640,JPEG,member_of_near_duplicate_cluster_size_16
roboflow_counterfeit_med_detection_77a5f9ff78,Roboflow - Counterfeit_med_detection (v4),roboflow\train\images349_jpg.rf.9be1ae70c13485ef09935956c19c952d.jpg,authentic,pid_00259,16,outer_packaging_or_product_photo,unclassified_needs_manual_review,640,640,JPEG,member_of_near_duplicate_cluster_size_16
roboflow_counterfeit_med_detection_bdff09cb0a,Roboflow - Counterfeit_med_detection (v4),roboflow\train\images4044_jpg.rf.9c044bc9629d531b79b35f3f59316ce9.jpg,authentic,pid_00274,13,outer_packaging_or_product_photo,unclassified_needs_manual_review,640,640,JPEG,member_of_near_duplicate_cluster_size_13
roboflow_counterfeit_med_detection_d75083aae6,Roboflow - Counterfeit_med_detection (v4),roboflow\train\images4029_jpg.rf.9d3755f2435dbddb681526176b3fd789.jpg,authentic,pid_00060,14,outer_packaging_or_product_photo,unclassified_needs_manual_review,640,640,JPEG,member_of_near_duplicate_cluster_size_14
roboflow_counterfeit_med_detection_b5a902687c,Roboflow - Counterfeit_med_detection (v4),roboflow\train\images4047_jpg.rf.9ce512ef8051804d70c898ba27953eef.jpg,authentic,pid_00130,12,outer_packaging_or_product_photo,unclassified_needs_manual_review,640,640,JPEG,member_of_near_duplicate_cluster_size_12
roboflow_counterfeit_med_detection_6aa8056ade,Roboflow - Counterfeit_med_detection (v4),roboflow\train\images4069_jpg.rf.9c3a8f3cda618ba18fc8d6508497a372.jpg,authentic,pid_00275,10,outer_packaging_or_product_photo,unclassified_needs_manual_review,640,640,JPEG,member_of_near_duplicate_cluster_size_10
roboflow_counterfeit_med_detection_ae64fe02bb,Roboflow - Counterfeit_med_detection (v4),roboflow\train\images245_jpg.rf.9bb4b2bf69fc5dbfcfa909b86066ef22.jpg,authentic,pid_00177,6,outer_packaging_or_product_photo,unclassified_needs_manual_review,640,640,JPEG,member_of_near_duplicate_cluster_size_6
roboflow_counterfeit_med_detection_1bf4c5a806,Roboflow - Counterfeit_med_detection (v4),roboflow\train\images235_jpg.rf.9bfb4de0487f77232ccaed8fdcc9e160.jpg,authentic,pid_00276,2,outer_packaging_or_product_photo,unclassified_needs_manual_review,640,640,JPEG,member_of_near_duplicate_cluster_size_2
roboflow_counterfeit_med_detection_c35280bd8a,Roboflow - Counterfeit_med_detection (v4),roboflow\train\images23_jpg.rf.9bed6a4a56183e76f08125f4acc91b55.jpg,authentic,pid_00233,10,outer_packaging_or_product_photo,unclassified_needs_manual_review,640,640,JPEG,member_of_near_duplicate_cluster_size_10
roboflow_counterfeit_med_detection_160eb6b2f0,Roboflow - Counterfeit_med_detection (v4),roboflow\train\images255_jpg.rf.9d9d538046e991c1b3e81bdc47bc71cf.jpg,authentic,pid_00277,13,outer_packaging_or_product_photo,unclassified_needs_manual_review,640,640,JPEG,member_of_near_duplicate_cluster_size_13
roboflow_counterfeit_med_detection_2c8dc8776f,Roboflow - Counterfeit_med_detection (v4),roboflow\train\images4081_jpg.rf.9cbbffc2098c415d3c5a11ac64721de6.jpg,authentic,pid_00213,19,outer_packaging_or_product_photo,unclassified_needs_manual_review,640,640,JPEG,member_of_near_duplicate_cluster_size_19
roboflow_counterfeit_med_detection_fd6ec7fc98,Roboflow - Counterfeit_med_detection (v4),roboflow\train\images5040_jpg.rf.9d8a008735f30d8e3b618b4cf43531d4.jpg,authentic,pid_00099,17,outer_packaging_or_product_photo,unclassified_needs_manual_review,640,640,JPEG,member_of_near_duplicate_cluster_size_17
roboflow_counterfeit_med_detection_4bf80733d5,Roboflow - Counterfeit_med_detection (v4),roboflow\train\images4065_jpg.rf.9ce9249c3fcaa5f5002cf7c50832dbf9.jpg,authentic,pid_00230,19,outer_packaging_or_product_photo,unclassified_needs_manual_review,640,640,JPEG,member_of_near_duplicate_cluster_size_19
roboflow_counterfeit_med_detection_55cb75e845,Roboflow - Counterfeit_med_detection (v4),roboflow\train\images4025_jpg.rf.9dad6a4757c96bcd801a9d1a9ce2e5c1.jpg,authentic,pid_00278,7,outer_packaging_or_product_photo,unclassified_needs_manual_review,640,640,JPEG,member_of_near_duplicate_cluster_size_7
roboflow_counterfeit_med_detection_82b0c8b845,Roboflow - Counterfeit_med_detection (v4),roboflow\train\images5061_jpg.rf.9dcb5540fa5ef9c97613c7c23d8d0e5d.jpg,authentic,pid_00088,35,outer_packaging_or_product_photo,unclassified_needs_manual_review,640,640,JPEG,member_of_near_duplicate_cluster_size_35
roboflow_counterfeit_med_detection_12742042d3,Roboflow - Counterfeit_med_detection (v4),roboflow\train\images235_jpg.rf.9c0aa6b1953c264142eb0f31a97c9a46.jpg,authentic,pid_00279,2,outer_packaging_or_product_photo,unclassified_needs_manual_review,640,640,JPEG,member_of_near_duplicate_cluster_size_2
roboflow_counterfeit_med_detection_519bb29e8b,Roboflow - Counterfeit_med_detection (v4),roboflow\train\images4092_jpg.rf.9cd2ab263561626f33d91a957939cb2e.jpg,authentic,pid_00256,5,outer_packaging_or_product_photo,unclassified_needs_manual_review,640,640,JPEG,member_of_near_duplicate_cluster_size_5
roboflow_counterfeit_med_detection_c3ef5be66e,Roboflow - Counterfeit_med_detection (v4),roboflow\train\images5071_jpg.rf.9cffd55b27e6c1d860932cb46d10a45c.jpg,authentic,pid_00174,20,outer_packaging_or_product_photo,unclassified_needs_manual_review,640,640,JPEG,member_of_near_duplicate_cluster_size_20
roboflow_counterfeit_med_detection_a241f8945d,Roboflow - Counterfeit_med_detection (v4),roboflow\train\images4066_jpg.rf.9c6fe3d18b7f23e726afd1935b57aa78.jpg,authentic,pid_00264,19,outer_packaging_or_product_photo,unclassified_needs_manual_review,640,640,JPEG,member_of_near_duplicate_cluster_size_19
roboflow_counterfeit_med_detection_7874416131,Roboflow - Counterfeit_med_detection (v4),roboflow\train\images301_jpg.rf.9e16831d0f25d73fd3f25e4c26e70f27.jpg,authentic,pid_00040,13,outer_packaging_or_product_photo,unclassified_needs_manual_review,640,640,JPEG,member_of_near_duplicate_cluster_size_13
roboflow_counterfeit_med_detection_ee030732e2,Roboflow - Counterfeit_med_detection (v4),roboflow\train\images245_jpg.rf.9df807bc6a3bc7eaba3a197d814f9502.jpg,authentic,pid_00254,14,outer_packaging_or_product_photo,unclassified_needs_manual_review,640,640,JPEG,member_of_near_duplicate_cluster_size_14
roboflow_counterfeit_med_detection_87208d8110,Roboflow - Counterfeit_med_detection (v4),roboflow\train\images5113_jpg.rf.9ebd7f75f1f0705fc36b284e4e59c0bc.jpg,authentic,pid_00258,17,outer_packaging_or_product_photo,unclassified_needs_manual_review,640,640,JPEG,member_of_near_duplicate_cluster_size_17
roboflow_counterfeit_med_detection_9d6bfb6deb,Roboflow - Counterfeit_med_detection (v4),roboflow\train\images47_jpg.rf.9e4f7fe2413b9a2a66c6c49f0a67e89d.jpg,authentic,pid_00280,12,outer_packaging_or_product_photo,unclassified_needs_manual_review,640,640,JPEG,member_of_near_duplicate_cluster_size_12
roboflow_counterfeit_med_detection_00feaf8261,Roboflow - Counterfeit_med_detection (v4),roboflow\train\images230_jpg.rf.9e7befa01f223067da0542d341ddc201.jpg,authentic,pid_00168,18,outer_packaging_or_product_photo,unclassified_needs_manual_review,640,640,JPEG,member_of_near_duplicate_cluster_size_18
roboflow_counterfeit_med_detection_1db05a7d35,Roboflow - Counterfeit_med_detection (v4),roboflow\train\images5096_jpg.rf.9f300a28a2a0d1fba43ea6a43ccceacb.jpg,authentic,pid_00141,18,outer_packaging_or_product_photo,unclassified_needs_manual_review,640,640,JPEG,member_of_near_duplicate_cluster_size_18
roboflow_counterfeit_med_detection_0f481497d2,Roboflow - Counterfeit_med_detection (v4),roboflow\train\images07_jpg.rf.9ea563ef0782f4a2645d048e75c0949b.jpg,authentic,pid_00105,20,outer_packaging_or_product_photo,unclassified_needs_manual_review,640,640,JPEG,member_of_near_duplicate_cluster_size_20
roboflow_counterfeit_med_detection_e4092ebdcc,Roboflow - Counterfeit_med_detection (v4),roboflow\train\images5041_jpg.rf.9eace1d7caf7dcde53ea7b88a7e77218.jpg,authentic,pid_00219,4,outer_packaging_or_product_photo,unclassified_needs_manual_review,640,640,JPEG,member_of_near_duplicate_cluster_size_4
roboflow_counterfeit_med_detection_248573696c,Roboflow - Counterfeit_med_detection (v4),roboflow\train\images4058_jpg.rf.9e3ba375df88c09ddd52d2ae71036a83.jpg,authentic,pid_00158,43,outer_packaging_or_product_photo,unclassified_needs_manual_review,640,640,JPEG,member_of_near_duplicate_cluster_size_43
roboflow_counterfeit_med_detection_769db960e3,Roboflow - Counterfeit_med_detection (v4),roboflow\train\images4074_jpg.rf.9f13ec228c1c12db57d4dffbbb31387b.jpg,authentic,pid_00273,19,outer_packaging_or_product_photo,unclassified_needs_manual_review,640,640,JPEG,member_of_near_duplicate_cluster_size_19
roboflow_counterfeit_med_detection_772cbc4f26,Roboflow - Counterfeit_med_detection (v4),roboflow\train\images35_jpg.rf.9ee57b0f920ca1449c19476578e499ee.jpg,authentic,pid_00073,25,outer_packaging_or_product_photo,unclassified_needs_manual_review,640,640,JPEG,member_of_near_duplicate_cluster_size_25
roboflow_counterfeit_med_detection_9534621ba5,Roboflow - Counterfeit_med_detection (v4),roboflow\train\images5103_jpg.rf.9e7f72fa6bd5498af59ab629c8eb42d5.jpg,authentic,pid_00194,8,outer_packaging_or_product_photo,unclassified_needs_manual_review,640,640,JPEG,member_of_near_duplicate_cluster_size_8
roboflow_counterfeit_med_detection_9b661735ec,Roboflow - Counterfeit_med_detection (v4),roboflow\train\images36_jpg.rf.9ec9040b24d5b0b2d7e279bd9e3143b7.jpg,authentic,pid_00006,37,outer_packaging_or_product_photo,unclassified_needs_manual_review,640,640,JPEG,member_of_near_duplicate_cluster_size_37
roboflow_counterfeit_med_detection_6474e83496,Roboflow - Counterfeit_med_detection (v4),roboflow\train\images209_jpg.rf.9f93d416275e0b39408db275985d7e86.jpg,authentic,pid_00062,14,outer_packaging_or_product_photo,unclassified_needs_manual_review,640,640,JPEG,member_of_near_duplicate_cluster_size_14
roboflow_counterfeit_med_detection_0b9e44782d,Roboflow - Counterfeit_med_detection (v4),roboflow\train\images07_jpg.rf.9f779aecc06fcdfc4af9181fba732ad8.jpg,authentic,pid_00105,20,outer_packaging_or_product_photo,unclassified_needs_manual_review,640,640,JPEG,member_of_near_duplicate_cluster_size_20
roboflow_counterfeit_med_detection_211e4231a9,Roboflow - Counterfeit_med_detection (v4),roboflow\train\images4124_jpg.rf.9f57d7f6d29bfec8400e7a6c1dfa0525.jpg,authentic,pid_00152,19,outer_packaging_or_product_photo,unclassified_needs_manual_review,640,640,JPEG,member_of_near_duplicate_cluster_size_19
roboflow_counterfeit_med_detection_6bb6c64d71,Roboflow - Counterfeit_med_detection (v4),roboflow\train\images4031_jpg.rf.9f8ef2e043c17e57bfa667a10c072d07.jpg,authentic,pid_00012,23,outer_packaging_or_product_photo,unclassified_needs_manual_review,640,640,JPEG,member_of_near_duplicate_cluster_size_23
roboflow_counterfeit_med_detection_2ad8858b59,Roboflow - Counterfeit_med_detection (v4),roboflow\train\images340_jpg.rf.9fa5adf1fbb3e14baa0946973ceb8665.jpg,authentic,pid_00224,24,outer_packaging_or_product_photo,unclassified_needs_manual_review,640,640,JPEG,member_of_near_duplicate_cluster_size_24
roboflow_counterfeit_med_detection_17348c978d,Roboflow - Counterfeit_med_detection (v4),roboflow\train\images258_jpg.rf.9fb180ac5f1421d573f962a16ca9a9f3.jpg,authentic,pid_00102,19,outer_packaging_or_product_photo,unclassified_needs_manual_review,640,640,JPEG,member_of_near_duplicate_cluster_size_19
roboflow_counterfeit_med_detection_ceff33a8aa,Roboflow - Counterfeit_med_detection (v4),roboflow\train\images240_jpg.rf.9fb336dee11e1b4ce95a4bc02e5b1aaf.jpg,authentic,pid_00078,6,outer_packaging_or_product_photo,unclassified_needs_manual_review,640,640,JPEG,member_of_near_duplicate_cluster_size_6
roboflow_counterfeit_med_detection_f5cbfd5f2d,Roboflow - Counterfeit_med_detection (v4),roboflow\train\images38_jpg.rf.9e9c95b181d1575729b98907696f6322.jpg,authentic,pid_00039,35,outer_packaging_or_product_photo,unclassified_needs_manual_review,640,640,JPEG,member_of_near_duplicate_cluster_size_35
roboflow_counterfeit_med_detection_e71c001ab5,Roboflow - Counterfeit_med_detection (v4),roboflow\train\images4065_jpg.rf.9fcc183331659f4f78b0ef0242ca0516.jpg,authentic,pid_00230,19,outer_packaging_or_product_photo,unclassified_needs_manual_review,640,640,JPEG,member_of_near_duplicate_cluster_size_19
roboflow_counterfeit_med_detection_15f7f340e9,Roboflow - Counterfeit_med_detection (v4),roboflow\train\images5060_jpg.rf.a039108701ef5698f6265997908c0462.jpg,authentic,pid_00094,25,outer_packaging_or_product_photo,unclassified_needs_manual_review,640,640,JPEG,member_of_near_duplicate_cluster_size_25
roboflow_counterfeit_med_detection_e300ceac45,Roboflow - Counterfeit_med_detection (v4),roboflow\train\images13_jpg.rf.a02dd76733b64588cbaf323268aea716.jpg,authentic,pid_00281,4,outer_packaging_or_product_photo,unclassified_needs_manual_review,640,640,JPEG,member_of_near_duplicate_cluster_size_4
roboflow_counterfeit_med_detection_7a8fe1d0c6,Roboflow - Counterfeit_med_detection (v4),roboflow\train\images4031_jpg.rf.a045a74a302d15d085f8ad1d5062dc30.jpg,authentic,pid_00012,23,outer_packaging_or_product_photo,unclassified_needs_manual_review,640,640,JPEG,member_of_near_duplicate_cluster_size_23
roboflow_counterfeit_med_detection_c64827067e,Roboflow - Counterfeit_med_detection (v4),roboflow\train\images264_jpg.rf.a0552ceedafbac2d20173ec6d998cf90.jpg,authentic,pid_00019,18,outer_packaging_or_product_photo,unclassified_needs_manual_review,640,640,JPEG,member_of_near_duplicate_cluster_size_18
roboflow_counterfeit_med_detection_00aab4621c,Roboflow - Counterfeit_med_detection (v4),roboflow\train\images4046_jpg.rf.a03eda5b56bd2145cee1b4460c8b7945.jpg,authentic,pid_00087,37,outer_packaging_or_product_photo,unclassified_needs_manual_review,640,640,JPEG,member_of_near_duplicate_cluster_size_37
roboflow_counterfeit_med_detection_b5c5e14dad,Roboflow - Counterfeit_med_detection (v4),roboflow\train\images228_jpg.rf.a0927dd82e1b2c1c07a4f1b20c0d33aa.jpg,authentic,pid_00131,33,outer_packaging_or_product_photo,unclassified_needs_manual_review,640,640,JPEG,member_of_near_duplicate_cluster_size_33
roboflow_counterfeit_med_detection_69a3e7377a,Roboflow - Counterfeit_med_detection (v4),roboflow\train\images5080_jpg.rf.a14a1373eee3085eac0d25b08db3d5ec.jpg,authentic,pid_00202,10,outer_packaging_or_product_photo,unclassified_needs_manual_review,640,640,JPEG,member_of_near_duplicate_cluster_size_10
roboflow_counterfeit_med_detection_9c1f0e47d6,Roboflow - Counterfeit_med_detection (v4),roboflow\train\images209_jpg.rf.a0ad0dbab7f20970d6bd0a0817dc5248.jpg,authentic,pid_00250,4,outer_packaging_or_product_photo,unclassified_needs_manual_review,640,640,JPEG,member_of_near_duplicate_cluster_size_4
roboflow_counterfeit_med_detection_d0322cb0ce,Roboflow - Counterfeit_med_detection (v4),roboflow\train\images5117_jpg.rf.a0d7068e86b88f3950980728e4675312.jpg,authentic,pid_00172,18,outer_packaging_or_product_photo,unclassified_needs_manual_review,640,640,JPEG,member_of_near_duplicate_cluster_size_18
roboflow_counterfeit_med_detection_9c7f371545,Roboflow - Counterfeit_med_detection (v4),roboflow\train\images5052_jpg.rf.a115f510afa4018a4f50aa94f60e1db8.jpg,authentic,pid_00037,19,outer_packaging_or_product_photo,unclassified_needs_manual_review,640,640,JPEG,member_of_near_duplicate_cluster_size_19
roboflow_counterfeit_med_detection_122e9d0f16,Roboflow - Counterfeit_med_detection (v4),roboflow\train\images47_jpg.rf.a06d8c43938307378f1745a80f901e20.jpg,authentic,pid_00178,5,outer_packaging_or_product_photo,unclassified_needs_manual_review,640,640,JPEG,member_of_near_duplicate_cluster_size_5
roboflow_counterfeit_med_detection_628a4f43f1,Roboflow - Counterfeit_med_detection (v4),roboflow\train\images5058_jpg.rf.a0f583907adfdb1599349b2801282fa2.jpg,authentic,pid_00226,14,outer_packaging_or_product_photo,unclassified_needs_manual_review,640,640,JPEG,member_of_near_duplicate_cluster_size_14
roboflow_counterfeit_med_detection_3e66e15204,Roboflow - Counterfeit_med_detection (v4),roboflow\train\images4040_jpg.rf.a0a4fa12ec6fb29e7cf34e878fae9a03.jpg,authentic,pid_00166,24,outer_packaging_or_product_photo,unclassified_needs_manual_review,640,640,JPEG,member_of_near_duplicate_cluster_size_24
roboflow_counterfeit_med_detection_d3616ab78f,Roboflow - Counterfeit_med_detection (v4),roboflow\train\images5041_jpg.rf.a143a2d7d9f8325fc8e94634d58c7ab6.jpg,authentic,pid_00011,14,outer_packaging_or_product_photo,unclassified_needs_manual_review,640,640,JPEG,member_of_near_duplicate_cluster_size_14
roboflow_counterfeit_med_detection_6cc77b92cf,Roboflow - Counterfeit_med_detection (v4),roboflow\train\images4074_jpg.rf.a061ddddfd4f28833d7850ab1c5276c9.jpg,authentic,pid_00273,19,outer_packaging_or_product_photo,unclassified_needs_manual_review,640,640,JPEG,member_of_near_duplicate_cluster_size_19
roboflow_counterfeit_med_detection_37c00da7b0,Roboflow - Counterfeit_med_detection (v4),roboflow\train\images5060_jpg.rf.a0b108775f31df85d6d0386b07674070.jpg,authentic,pid_00155,7,outer_packaging_or_product_photo,unclassified_needs_manual_review,640,640,JPEG,member_of_near_duplicate_cluster_size_7
roboflow_counterfeit_med_detection_35176ad848,Roboflow - Counterfeit_med_detection (v4),roboflow\train\images5030_jpg.rf.a0f566ba9ee6d91bae8d2359252f543d.jpg,authentic,pid_00267,12,outer_packaging_or_product_photo,unclassified_needs_manual_review,640,640,JPEG,member_of_near_duplicate_cluster_size_12
roboflow_counterfeit_med_detection_ffb1ebfecb,Roboflow - Counterfeit_med_detection (v4),roboflow\train\images14_jpg.rf.a16de8dc7c8993098ff7cedb97495c0a.jpg,authentic,pid_00132,13,outer_packaging_or_product_photo,unclassified_needs_manual_review,640,640,JPEG,member_of_near_duplicate_cluster_size_13
roboflow_counterfeit_med_detection_9d083b8732,Roboflow - Counterfeit_med_detection (v4),roboflow\train\images4081_jpg.rf.a12de139564f92a406bfaa3883e1e16f.jpg,authentic,pid_00026,19,outer_packaging_or_product_photo,unclassified_needs_manual_review,640,640,JPEG,member_of_near_duplicate_cluster_size_19
roboflow_counterfeit_med_detection_6feabcf282,Roboflow - Counterfeit_med_detection (v4),roboflow\train\images349_jpg.rf.a1feeb33a02642ef1afdf920475ccdcf.jpg,authentic,pid_00041,11,outer_packaging_or_product_photo,unclassified_needs_manual_review,640,640,JPEG,member_of_near_duplicate_cluster_size_11
roboflow_counterfeit_med_detection_87a6889b0c,Roboflow - Counterfeit_med_detection (v4),roboflow\train\images312_jpg.rf.a1f9a11be41f48a74711da8c3ca010ab.jpg,authentic,pid_00150,13,outer_packaging_or_product_photo,unclassified_needs_manual_review,640,640,JPEG,member_of_near_duplicate_cluster_size_13
roboflow_counterfeit_med_detection_cd0d94ed1c,Roboflow - Counterfeit_med_detection (v4),roboflow\train\images4031_jpg.rf.a2412176a4ea1a49f685def158950262.jpg,authentic,pid_00012,23,outer_packaging_or_product_photo,unclassified_needs_manual_review,640,640,JPEG,member_of_near_duplicate_cluster_size_23
roboflow_counterfeit_med_detection_eda5b0e1b1,Roboflow - Counterfeit_med_detection (v4),roboflow\train\images4044_jpg.rf.a26daeb60e4559953519398e2be23990.jpg,authentic,pid_00274,13,outer_packaging_or_product_photo,unclassified_needs_manual_review,640,640,JPEG,member_of_near_duplicate_cluster_size_13
roboflow_counterfeit_med_detection_ab41e71c5a,Roboflow - Counterfeit_med_detection (v4),roboflow\train\images5126_jpg.rf.a2f56b29b0667aa7e398f479c876a61f.jpg,authentic,pid_00229,10,outer_packaging_or_product_photo,unclassified_needs_manual_review,640,640,JPEG,member_of_near_duplicate_cluster_size_10
roboflow_counterfeit_med_detection_28ba61f578,Roboflow - Counterfeit_med_detection (v4),roboflow\train\images5126_jpg.rf.a2ca6dab8de8c8e32ca51dcc54af245e.jpg,authentic,pid_00192,8,outer_packaging_or_product_photo,unclassified_needs_manual_review,640,640,JPEG,member_of_near_duplicate_cluster_size_8
roboflow_counterfeit_med_detection_50db9b51ee,Roboflow - Counterfeit_med_detection (v4),roboflow\train\images315_jpg.rf.a2c4c27e9ef3faf9de455da4bce3531b.jpg,authentic,pid_00059,12,outer_packaging_or_product_photo,unclassified_needs_manual_review,640,640,JPEG,member_of_near_duplicate_cluster_size_12
roboflow_counterfeit_med_detection_e5225cfb8b,Roboflow - Counterfeit_med_detection (v4),roboflow\train\images232_jpg.rf.a31463bd0ec2c127f839ef077499c9e5.jpg,authentic,pid_00120,16,outer_packaging_or_product_photo,unclassified_needs_manual_review,640,640,JPEG,member_of_near_duplicate_cluster_size_16
roboflow_counterfeit_med_detection_a01d9af3db,Roboflow - Counterfeit_med_detection (v4),roboflow\train\images230_jpg.rf.a325621b2bb00ea57a1e72e08319948c.jpg,authentic,pid_00168,18,outer_packaging_or_product_photo,unclassified_needs_manual_review,640,640,JPEG,member_of_near_duplicate_cluster_size_18
roboflow_counterfeit_med_detection_780c8ce2b1,Roboflow - Counterfeit_med_detection (v4),roboflow\train\images303_jpg.rf.a35b900b302bc3301749503054eedee0.jpg,authentic,pid_00113,17,outer_packaging_or_product_photo,unclassified_needs_manual_review,640,640,JPEG,member_of_near_duplicate_cluster_size_17
roboflow_counterfeit_med_detection_ca1e0694c1,Roboflow - Counterfeit_med_detection (v4),roboflow\train\images302_jpg.rf.a2a22c365e0b1a89cae197662d94dc47.jpg,authentic,pid_00018,18,outer_packaging_or_product_photo,unclassified_needs_manual_review,640,640,JPEG,member_of_near_duplicate_cluster_size_18
roboflow_counterfeit_med_detection_e4aa8463f4,Roboflow - Counterfeit_med_detection (v4),roboflow\train\images5110_jpg.rf.a3112129108bbca46003528475663cdd.jpg,authentic,pid_00271,7,outer_packaging_or_product_photo,unclassified_needs_manual_review,640,640,JPEG,member_of_near_duplicate_cluster_size_7
roboflow_counterfeit_med_detection_643d220690,Roboflow - Counterfeit_med_detection (v4),roboflow\train\images307_jpg.rf.a2fd88981a4f6008172ccc76b334b5bf.jpg,authentic,pid_00205,10,outer_packaging_or_product_photo,unclassified_needs_manual_review,640,640,JPEG,member_of_near_duplicate_cluster_size_10
roboflow_counterfeit_med_detection_5d54ca50ce,Roboflow - Counterfeit_med_detection (v4),roboflow\train\images5062_jpg.rf.a368f4b88d5d3187db87723b18b75c82.jpg,authentic,pid_00091,20,outer_packaging_or_product_photo,unclassified_needs_manual_review,640,640,JPEG,member_of_near_duplicate_cluster_size_20
roboflow_counterfeit_med_detection_fef296c3be,Roboflow - Counterfeit_med_detection (v4),roboflow\train\images5053_jpg.rf.a32e3961c2feeb33c3da490834048f99.jpg,authentic,pid_00282,5,outer_packaging_or_product_photo,unclassified_needs_manual_review,640,640,JPEG,member_of_near_duplicate_cluster_size_5
roboflow_counterfeit_med_detection_5d2999b18b,Roboflow - Counterfeit_med_detection (v4),roboflow\train\images262_jpg.rf.a3ef678f4131bda02c3c3a707759bb3d.jpg,authentic,pid_00072,20,outer_packaging_or_product_photo,unclassified_needs_manual_review,640,640,JPEG,member_of_near_duplicate_cluster_size_20
roboflow_counterfeit_med_detection_cd3022cc69,Roboflow - Counterfeit_med_detection (v4),roboflow\train\images4029_jpg.rf.a33456008cb345501beb65df8bc0d70f.jpg,authentic,pid_00083,23,outer_packaging_or_product_photo,unclassified_needs_manual_review,640,640,JPEG,member_of_near_duplicate_cluster_size_23
roboflow_counterfeit_med_detection_d3264703eb,Roboflow - Counterfeit_med_detection (v4),roboflow\train\images33_jpg.rf.a361b98301a67fa6862528994a277a69.jpg,authentic,pid_00269,24,outer_packaging_or_product_photo,unclassified_needs_manual_review,640,640,JPEG,member_of_near_duplicate_cluster_size_24
roboflow_counterfeit_med_detection_75be18d9df,Roboflow - Counterfeit_med_detection (v4),roboflow\train\images4094_jpg.rf.a3ea3321122f7495d991bc7f5016ce41.jpg,authentic,pid_00025,19,outer_packaging_or_product_photo,unclassified_needs_manual_review,640,640,JPEG,member_of_near_duplicate_cluster_size_19
roboflow_counterfeit_med_detection_a8d8d73e23,Roboflow - Counterfeit_med_detection (v4),roboflow\train\images244_jpg.rf.a3d49f75473891533b6f60358b6c37d8.jpg,authentic,pid_00283,3,outer_packaging_or_product_photo,unclassified_needs_manual_review,640,640,JPEG,member_of_near_duplicate_cluster_size_3
roboflow_counterfeit_med_detection_d6157baab9,Roboflow - Counterfeit_med_detection (v4),roboflow\train\images5071_jpg.rf.a3825a5fafcd10484c7c8a8ecf2b8f7e.jpg,authentic,pid_00174,20,outer_packaging_or_product_photo,unclassified_needs_manual_review,640,640,JPEG,member_of_near_duplicate_cluster_size_20
roboflow_counterfeit_med_detection_7bcb548c57,Roboflow - Counterfeit_med_detection (v4),roboflow\train\images29_jpg.rf.a42818789d1e172d3b5b8358b43aa820.jpg,authentic,pid_00184,19,outer_packaging_or_product_photo,unclassified_needs_manual_review,640,640,JPEG,member_of_near_duplicate_cluster_size_19
roboflow_counterfeit_med_detection_c3755f75ac,Roboflow - Counterfeit_med_detection (v4),roboflow\train\images5030_jpg.rf.a42e0e26f4546ea4862caf8627a8b48c.jpg,authentic,pid_00267,12,outer_packaging_or_product_photo,unclassified_needs_manual_review,640,640,JPEG,member_of_near_duplicate_cluster_size_12
roboflow_counterfeit_med_detection_20c06c3f41,Roboflow - Counterfeit_med_detection (v4),roboflow\train\images4068_jpg.rf.a440de5c6afd2ec31ef0116d7dd43ec8.jpg,authentic,pid_00076,19,outer_packaging_or_product_photo,unclassified_needs_manual_review,640,640,JPEG,member_of_near_duplicate_cluster_size_19
roboflow_counterfeit_med_detection_334ca095b9,Roboflow - Counterfeit_med_detection (v4),roboflow\train\images351_jpg.rf.001d4f1485fc83651ce782f1efb5a9d2.jpg,authentic,pid_00128,12,outer_packaging_or_product_photo,unclassified_needs_manual_review,640,640,JPEG,member_of_near_duplicate_cluster_size_12
roboflow_counterfeit_med_detection_b0ca333066,Roboflow - Counterfeit_med_detection (v4),roboflow\train\images4087_jpg.rf.0047bf63efcbfa7d8bd493caf51f1c4c.jpg,authentic,pid_00135,20,outer_packaging_or_product_photo,unclassified_needs_manual_review,640,640,JPEG,member_of_near_duplicate_cluster_size_20
roboflow_counterfeit_med_detection_a7a2af6787,Roboflow - Counterfeit_med_detection (v4),roboflow\train\images5106_jpg.rf.01032d597387d49b9effbf3eff8a4427.jpg,authentic,pid_00115,19,outer_packaging_or_product_photo,unclassified_needs_manual_review,640,640,JPEG,member_of_near_duplicate_cluster_size_19
roboflow_counterfeit_med_detection_69f6b1f9f3,Roboflow - Counterfeit_med_detection (v4),roboflow\train\images4092_jpg.rf.00520cc9d40483afa1a5d30ac3bd5384.jpg,authentic,pid_00265,6,outer_packaging_or_product_photo,unclassified_needs_manual_review,640,640,JPEG,member_of_near_duplicate_cluster_size_6
roboflow_counterfeit_med_detection_fa3a34bf46,Roboflow - Counterfeit_med_detection (v4),roboflow\train\images4058_jpg.rf.00ff337b2831e1c71da4a596134375cf.jpg,authentic,pid_00158,43,outer_packaging_or_product_photo,unclassified_needs_manual_review,640,640,JPEG,member_of_near_duplicate_cluster_size_43
roboflow_counterfeit_med_detection_cf628372d3,Roboflow - Counterfeit_med_detection (v4),roboflow\train\images4093_jpg.rf.00cd23425ed95db13aa7de045af8d8ef.jpg,authentic,pid_00251,12,outer_packaging_or_product_photo,unclassified_needs_manual_review,640,640,JPEG,member_of_near_duplicate_cluster_size_12
roboflow_counterfeit_med_detection_e3b9032a47,Roboflow - Counterfeit_med_detection (v4),roboflow\train\images5046_jpg.rf.006b30c0ba3b01574a5319a513e47020.jpg,authentic,pid_00068,36,outer_packaging_or_product_photo,unclassified_needs_manual_review,640,640,JPEG,member_of_near_duplicate_cluster_size_36
roboflow_counterfeit_med_detection_357541a1f9,Roboflow - Counterfeit_med_detection (v4),roboflow\train\images236_jpg.rf.00d30cbb04322974838dc3bb8cae6c98.jpg,authentic,pid_00196,17,outer_packaging_or_product_photo,unclassified_needs_manual_review,640,640,JPEG,member_of_near_duplicate_cluster_size_17
roboflow_counterfeit_med_detection_23c03268b3,Roboflow - Counterfeit_med_detection (v4),roboflow\train\images303_jpg.rf.01036ec07ec9085cd3daed88d9ee5e3c.jpg,authentic,pid_00113,17,outer_packaging_or_product_photo,unclassified_needs_manual_review,640,640,JPEG,member_of_near_duplicate_cluster_size_17
roboflow_counterfeit_med_detection_1557586a16,Roboflow - Counterfeit_med_detection (v4),roboflow\train\images5045_jpg.rf.005b54235b5dc212200fd13d2c718e0a.jpg,authentic,pid_00096,34,outer_packaging_or_product_photo,unclassified_needs_manual_review,640,640,JPEG,member_of_near_duplicate_cluster_size_34
roboflow_counterfeit_med_detection_421366b37f,Roboflow - Counterfeit_med_detection (v4),roboflow\train\images11_jpg.rf.00554a51059083f2f3b64a9107b6b63f.jpg,authentic,pid_00223,13,outer_packaging_or_product_photo,unclassified_needs_manual_review,640,640,JPEG,member_of_near_duplicate_cluster_size_13
roboflow_counterfeit_med_detection_60731bfcca,Roboflow - Counterfeit_med_detection (v4),roboflow\train\images21_jpg.rf.0094900be4fb50210442e818cfda1087.jpg,authentic,pid_00053,12,outer_packaging_or_product_photo,unclassified_needs_manual_review,640,640,JPEG,member_of_near_duplicate_cluster_size_12
roboflow_counterfeit_med_detection_a0125ed7c6,Roboflow - Counterfeit_med_detection (v4),roboflow\train\images4025_jpg.rf.011978da50471cf410ae38ed1047f1fc.jpg,authentic,pid_00129,29,outer_packaging_or_product_photo,unclassified_needs_manual_review,640,640,JPEG,member_of_near_duplicate_cluster_size_29
roboflow_counterfeit_med_detection_e482c73233,Roboflow - Counterfeit_med_detection (v4),roboflow\train\images206_jpg.rf.011717393b4f178af091da2bab86bdd4.jpg,authentic,pid_00220,14,outer_packaging_or_product_photo,unclassified_needs_manual_review,640,640,JPEG,member_of_near_duplicate_cluster_size_14
roboflow_counterfeit_med_detection_4f545e5ec0,Roboflow - Counterfeit_med_detection (v4),roboflow\train\images4029_jpg.rf.0174991dd217442bd70086f98af6cd00.jpg,authentic,pid_00083,23,outer_packaging_or_product_photo,unclassified_needs_manual_review,640,640,JPEG,member_of_near_duplicate_cluster_size_23
roboflow_counterfeit_med_detection_3e3955002c,Roboflow - Counterfeit_med_detection (v4),roboflow\train\images33_jpg.rf.00ff60ffb880b5d0f4b8206da9ad2136.jpg,authentic,pid_00199,12,outer_packaging_or_product_photo,unclassified_needs_manual_review,640,640,JPEG,member_of_near_duplicate_cluster_size_12
roboflow_counterfeit_med_detection_f49186e3b9,Roboflow - Counterfeit_med_detection (v4),roboflow\train\images5115_jpg.rf.00e03cc94cd55d7c8aec4225cb836394.jpg,authentic,pid_00158,43,outer_packaging_or_product_photo,unclassified_needs_manual_review,640,640,JPEG,member_of_near_duplicate_cluster_size_43
roboflow_counterfeit_med_detection_2d485e997c,Roboflow - Counterfeit_med_detection (v4),roboflow\train\images214_jpg.rf.0158dbd7db6138b215cd10cb9d165cfa.jpg,authentic,pid_00082,19,outer_packaging_or_product_photo,unclassified_needs_manual_review,640,640,JPEG,member_of_near_duplicate_cluster_size_19
roboflow_counterfeit_med_detection_a74e23f4ed,Roboflow - Counterfeit_med_detection (v4),roboflow\train\images265_jpg.rf.015d546eb9abaa8bb026a31bc73e52ba.jpg,authentic,pid_00183,13,outer_packaging_or_product_photo,unclassified_needs_manual_review,640,640,JPEG,member_of_near_duplicate_cluster_size_13
roboflow_counterfeit_med_detection_5b2c540f0d,Roboflow - Counterfeit_med_detection (v4),roboflow\train\images320_jpg.rf.01978a80befe01187b07af68433154f7.jpg,authentic,pid_00284,13,outer_packaging_or_product_photo,unclassified_needs_manual_review,640,640,JPEG,member_of_near_duplicate_cluster_size_13
roboflow_counterfeit_med_detection_d1aa6bc3d4,Roboflow - Counterfeit_med_detection (v4),roboflow\train\images347_jpg.rf.014739888a6a160031bef267dbf41d35.jpg,authentic,pid_00119,35,outer_packaging_or_product_photo,unclassified_needs_manual_review,640,640,JPEG,member_of_near_duplicate_cluster_size_35
roboflow_counterfeit_med_detection_a5c1ff3bd1,Roboflow - Counterfeit_med_detection (v4),roboflow\train\images5106_jpg.rf.01bfc455c12c6e11421a0e14aa64c2a1.jpg,authentic,pid_00115,19,outer_packaging_or_product_photo,unclassified_needs_manual_review,640,640,JPEG,member_of_near_duplicate_cluster_size_19
roboflow_counterfeit_med_detection_a2c9a4eacf,Roboflow - Counterfeit_med_detection (v4),roboflow\train\images4035_jpg.rf.01f3631ca1d8bcd2162702536b1e7b82.jpg,authentic,pid_00146,18,outer_packaging_or_product_photo,unclassified_needs_manual_review,640,640,JPEG,member_of_near_duplicate_cluster_size_18
roboflow_counterfeit_med_detection_f9843bca95,Roboflow - Counterfeit_med_detection (v4),roboflow\train\images5063_jpg.rf.0276702df4691f46dd58991cad6c1ada.jpg,authentic,pid_00285,14,outer_packaging_or_product_photo,unclassified_needs_manual_review,640,640,JPEG,member_of_near_duplicate_cluster_size_14
roboflow_counterfeit_med_detection_0ef8c55319,Roboflow - Counterfeit_med_detection (v4),roboflow\train\images5114_jpg.rf.02de251244c514f3d3c1cd0473ff3182.jpg,authentic,pid_00207,18,outer_packaging_or_product_photo,unclassified_needs_manual_review,640,640,JPEG,member_of_near_duplicate_cluster_size_18
roboflow_counterfeit_med_detection_f36eff63c7,Roboflow - Counterfeit_med_detection (v4),roboflow\train\images5080_jpg.rf.01f31b2b33b8993610b543cca8fbb57d.jpg,authentic,pid_00202,10,outer_packaging_or_product_photo,unclassified_needs_manual_review,640,640,JPEG,member_of_near_duplicate_cluster_size_10
roboflow_counterfeit_med_detection_75c7b02ac6,Roboflow - Counterfeit_med_detection (v4),roboflow\train\images5080_jpg.rf.035014f006c826409d759d3c7c647aec.jpg,authentic,pid_00005,28,outer_packaging_or_product_photo,unclassified_needs_manual_review,640,640,JPEG,member_of_near_duplicate_cluster_size_28
roboflow_counterfeit_med_detection_948f0e7be7,Roboflow - Counterfeit_med_detection (v4),roboflow\train\images4038_jpg.rf.021bbbde0d7d02f620c7b28b77028904.jpg,authentic,pid_00057,55,outer_packaging_or_product_photo,unclassified_needs_manual_review,640,640,JPEG,member_of_near_duplicate_cluster_size_55
roboflow_counterfeit_med_detection_8fd7da0797,Roboflow - Counterfeit_med_detection (v4),roboflow\train\images323_jpg.rf.02b972c77823cdcc7ed8617669d402cb.jpg,authentic,pid_00023,18,outer_packaging_or_product_photo,unclassified_needs_manual_review,640,640,JPEG,member_of_near_duplicate_cluster_size_18
roboflow_counterfeit_med_detection_cec0e63d60,Roboflow - Counterfeit_med_detection (v4),roboflow\train\images05_jpg.rf.033ab55a6c5a042c42a53bd51c421a2b.jpg,authentic,pid_00139,21,outer_packaging_or_product_photo,unclassified_needs_manual_review,640,640,JPEG,member_of_near_duplicate_cluster_size_21
roboflow_counterfeit_med_detection_11dbec0fbf,Roboflow - Counterfeit_med_detection (v4),roboflow\train\images5116_jpg.rf.027cfa700da4e0bc731ae6778fbfd045.jpg,authentic,pid_00127,7,outer_packaging_or_product_photo,unclassified_needs_manual_review,640,640,JPEG,member_of_near_duplicate_cluster_size_7
roboflow_counterfeit_med_detection_c0c7c6c36d,Roboflow - Counterfeit_med_detection (v4),roboflow\train\images5114_jpg.rf.0340cf40b40466e17a1aae6468e235be.jpg,authentic,pid_00207,18,outer_packaging_or_product_photo,unclassified_needs_manual_review,640,640,JPEG,member_of_near_duplicate_cluster_size_18
roboflow_counterfeit_med_detection_dfaab974ab,Roboflow - Counterfeit_med_detection (v4),roboflow\train\images4038_jpg.rf.02d18318593390e6ea2c5eac0b3bad72.jpg,authentic,pid_00057,55,outer_packaging_or_product_photo,unclassified_needs_manual_review,640,640,JPEG,member_of_near_duplicate_cluster_size_55
roboflow_counterfeit_med_detection_d2d2b95bf2,Roboflow - Counterfeit_med_detection (v4),roboflow\train\images4046_jpg.rf.0342cb6bccc34b8ee6138b15605667c1.jpg,authentic,pid_00087,37,outer_packaging_or_product_photo,unclassified_needs_manual_review,640,640,JPEG,member_of_near_duplicate_cluster_size_37
roboflow_counterfeit_med_detection_5da77d9f52,Roboflow - Counterfeit_med_detection (v4),roboflow\train\images227_jpg.rf.038d6511c1ae92301210c1c6514a5baa.jpg,authentic,pid_00139,21,outer_packaging_or_product_photo,unclassified_needs_manual_review,640,640,JPEG,member_of_near_duplicate_cluster_size_21
roboflow_counterfeit_med_detection_f1fcb3cb3f,Roboflow - Counterfeit_med_detection (v4),roboflow\train\images346_jpg.rf.03ae366188eb11f56244959330f2f421.jpg,authentic,pid_00189,24,outer_packaging_or_product_photo,unclassified_needs_manual_review,640,640,JPEG,member_of_near_duplicate_cluster_size_24
roboflow_counterfeit_med_detection_eba725287d,Roboflow - Counterfeit_med_detection (v4),roboflow\train\images5127_jpg.rf.03a4e1f5488636d3c84ffde609fe40e4.jpg,authentic,pid_00015,12,outer_packaging_or_product_photo,unclassified_needs_manual_review,640,640,JPEG,member_of_near_duplicate_cluster_size_12
roboflow_counterfeit_med_detection_fb908c2874,Roboflow - Counterfeit_med_detection (v4),roboflow\train\images37_jpg.rf.0435784ee32f71e1d2d1615bcb1d9239.jpg,authentic,pid_00074,55,outer_packaging_or_product_photo,unclassified_needs_manual_review,640,640,JPEG,member_of_near_duplicate_cluster_size_55
roboflow_counterfeit_med_detection_23db1cbef6,Roboflow - Counterfeit_med_detection (v4),roboflow\train\images232_jpg.rf.03f18da48a0291eace2b3493a03ffa0c.jpg,authentic,pid_00286,3,outer_packaging_or_product_photo,unclassified_needs_manual_review,640,640,JPEG,member_of_near_duplicate_cluster_size_3
roboflow_counterfeit_med_detection_f63b2d429e,Roboflow - Counterfeit_med_detection (v4),roboflow\train\images4124_jpg.rf.04c862c084335ceec006ac3c066cecee.jpg,authentic,pid_00152,19,outer_packaging_or_product_photo,unclassified_needs_manual_review,640,640,JPEG,member_of_near_duplicate_cluster_size_19
roboflow_counterfeit_med_detection_f27db8a523,Roboflow - Counterfeit_med_detection (v4),roboflow\train\images4074_jpg.rf.0538e06bb1ab7a6b1a6f9bf7a2792121.jpg,authentic,pid_00273,19,outer_packaging_or_product_photo,unclassified_needs_manual_review,640,640,JPEG,member_of_near_duplicate_cluster_size_19
roboflow_counterfeit_med_detection_4bbb66773e,Roboflow - Counterfeit_med_detection (v4),roboflow\train\images4068_jpg.rf.048498b1fec358bf962081eef2efe867.jpg,authentic,pid_00076,19,outer_packaging_or_product_photo,unclassified_needs_manual_review,640,640,JPEG,member_of_near_duplicate_cluster_size_19
roboflow_counterfeit_med_detection_e7d6599ff8,Roboflow - Counterfeit_med_detection (v4),roboflow\train\images5116_jpg.rf.04249590582d8faafe493d5142dfc412.jpg,authentic,pid_00165,10,outer_packaging_or_product_photo,unclassified_needs_manual_review,640,640,JPEG,member_of_near_duplicate_cluster_size_10
roboflow_counterfeit_med_detection_4e170b8b9e,Roboflow - Counterfeit_med_detection (v4),roboflow\train\images342_jpg.rf.05e9fc8b69905fb09a689b5c865f2e8a.jpg,authentic,pid_00002,25,outer_packaging_or_product_photo,unclassified_needs_manual_review,640,640,JPEG,member_of_near_duplicate_cluster_size_25
roboflow_counterfeit_med_detection_196551b7d9,Roboflow - Counterfeit_med_detection (v4),roboflow\train\images236_jpg.rf.04d71bf20483ff8f30da7263be27968b.jpg,authentic,pid_00055,19,outer_packaging_or_product_photo,unclassified_needs_manual_review,640,640,JPEG,member_of_near_duplicate_cluster_size_19
roboflow_counterfeit_med_detection_38ed287585,Roboflow - Counterfeit_med_detection (v4),roboflow\train\images4058_jpg.rf.05f8e4b088c9f6b70ac5a8cadfdc8df7.jpg,authentic,pid_00158,43,outer_packaging_or_product_photo,unclassified_needs_manual_review,640,640,JPEG,member_of_near_duplicate_cluster_size_43
roboflow_counterfeit_med_detection_8283f5a4df,Roboflow - Counterfeit_med_detection (v4),roboflow\train\images227_jpg.rf.064af2f43d49bbdf731c11f2f3f2f5c4.jpg,authentic,pid_00139,21,outer_packaging_or_product_photo,unclassified_needs_manual_review,640,640,JPEG,member_of_near_duplicate_cluster_size_21
roboflow_counterfeit_med_detection_b46ea52040,Roboflow - Counterfeit_med_detection (v4),roboflow\train\images323_jpg.rf.04674e28ba1db1c3d28e509891a65eb2.jpg,authentic,pid_00023,18,outer_packaging_or_product_photo,unclassified_needs_manual_review,640,640,JPEG,member_of_near_duplicate_cluster_size_18
roboflow_counterfeit_med_detection_3161680e88,Roboflow - Counterfeit_med_detection (v4),roboflow\train\images5126_jpg.rf.0423ec2e768d0e6cc150782cc3bc0915.jpg,authentic,pid_00229,10,outer_packaging_or_product_photo,unclassified_needs_manual_review,640,640,JPEG,member_of_near_duplicate_cluster_size_10
roboflow_counterfeit_med_detection_e5c141177d,Roboflow - Counterfeit_med_detection (v4),roboflow\train\images4107_jpg.rf.047de3ccad75df3d6fc5c8a29f569ed0.jpg,authentic,pid_00287,6,outer_packaging_or_product_photo,unclassified_needs_manual_review,640,640,JPEG,member_of_near_duplicate_cluster_size_6
roboflow_counterfeit_med_detection_4d8981175d,Roboflow - Counterfeit_med_detection (v4),roboflow\train\images254_jpg.rf.047d62f08cc0662bf0f0338145c139e3.jpg,authentic,pid_00180,17,outer_packaging_or_product_photo,unclassified_needs_manual_review,640,640,JPEG,member_of_near_duplicate_cluster_size_17
roboflow_counterfeit_med_detection_4825f9836b,Roboflow - Counterfeit_med_detection (v4),roboflow\train\images320_jpg.rf.0511988fbe6349cdd6555970dfe1505f.jpg,authentic,pid_00284,13,outer_packaging_or_product_photo,unclassified_needs_manual_review,640,640,JPEG,member_of_near_duplicate_cluster_size_13
roboflow_counterfeit_med_detection_17d48d6c69,Roboflow - Counterfeit_med_detection (v4),roboflow\train\images352_jpg.rf.061c21a2fc4f35f3c553ea0fbbc6afa2.jpg,authentic,pid_00046,18,outer_packaging_or_product_photo,unclassified_needs_manual_review,640,640,JPEG,member_of_near_duplicate_cluster_size_18
roboflow_counterfeit_med_detection_7db614d76e,Roboflow - Counterfeit_med_detection (v4),roboflow\train\images4067_jpg.rf.0662dc08a44b307c972ba99c9adb6333.jpg,authentic,pid_00104,20,outer_packaging_or_product_photo,unclassified_needs_manual_review,640,640,JPEG,member_of_near_duplicate_cluster_size_20
roboflow_counterfeit_med_detection_ff1ed7b80e,Roboflow - Counterfeit_med_detection (v4),roboflow\train\images232_jpg.rf.067bacd1c10ee549effdc4cf4dcedbd5.jpg,authentic,pid_00120,16,outer_packaging_or_product_photo,unclassified_needs_manual_review,640,640,JPEG,member_of_near_duplicate_cluster_size_16
roboflow_counterfeit_med_detection_7cd067d624,Roboflow - Counterfeit_med_detection (v4),roboflow\train\images5107_jpg.rf.06eea170d1366b12a7dd0e4f377499fd.jpg,authentic,pid_00085,17,outer_packaging_or_product_photo,unclassified_needs_manual_review,640,640,JPEG,member_of_near_duplicate_cluster_size_17
roboflow_counterfeit_med_detection_17e2e1d3d0,Roboflow - Counterfeit_med_detection (v4),roboflow\train\images310_jpg.rf.068ab29363ce67df0f333b24dbc99aae.jpg,authentic,pid_00190,10,outer_packaging_or_product_photo,unclassified_needs_manual_review,640,640,JPEG,member_of_near_duplicate_cluster_size_10
roboflow_counterfeit_med_detection_f5863755d0,Roboflow - Counterfeit_med_detection (v4),roboflow\train\images5044_jpg.rf.07af529d38cb9877a984c56a31ad0353.jpg,authentic,pid_00014,19,outer_packaging_or_product_photo,unclassified_needs_manual_review,640,640,JPEG,member_of_near_duplicate_cluster_size_19
roboflow_counterfeit_med_detection_b32675fccb,Roboflow - Counterfeit_med_detection (v4),roboflow\train\images348_jpg.rf.06f224f56302fccf0dc10dc7372c0cd3.jpg,authentic,pid_00038,37,outer_packaging_or_product_photo,unclassified_needs_manual_review,640,640,JPEG,member_of_near_duplicate_cluster_size_37
roboflow_counterfeit_med_detection_e1906614e7,Roboflow - Counterfeit_med_detection (v4),roboflow\train\images225_jpg.rf.076b8cbb34e455ea056dfb03d9bfe4a7.jpg,authentic,pid_00171,19,outer_packaging_or_product_photo,unclassified_needs_manual_review,640,640,JPEG,member_of_near_duplicate_cluster_size_19
roboflow_counterfeit_med_detection_5584d0f387,Roboflow - Counterfeit_med_detection (v4),roboflow\train\images4054_jpg.rf.08768282b6b4c97c3f11bebea696b902.jpg,authentic,pid_00028,35,outer_packaging_or_product_photo,unclassified_needs_manual_review,640,640,JPEG,member_of_near_duplicate_cluster_size_35
roboflow_counterfeit_med_detection_2021d1a0be,Roboflow - Counterfeit_med_detection (v4),roboflow\train\images4033_jpg.rf.08a548b38e7f14b7059da5778b84f351.jpg,authentic,pid_00061,41,outer_packaging_or_product_photo,unclassified_needs_manual_review,640,640,JPEG,member_of_near_duplicate_cluster_size_41
roboflow_counterfeit_med_detection_278f42d59f,Roboflow - Counterfeit_med_detection (v4),roboflow\train\images4025_jpg.rf.06c6a55fcca701691323ecab6490314c.jpg,authentic,pid_00129,29,outer_packaging_or_product_photo,unclassified_needs_manual_review,640,640,JPEG,member_of_near_duplicate_cluster_size_29
roboflow_counterfeit_med_detection_4db77120fd,Roboflow - Counterfeit_med_detection (v4),roboflow\train\images340_jpg.rf.08045e011d026e1695e64c931e1f258d.jpg,authentic,pid_00224,24,outer_packaging_or_product_photo,unclassified_needs_manual_review,640,640,JPEG,member_of_near_duplicate_cluster_size_24
roboflow_counterfeit_med_detection_3bfdd63e6f,Roboflow - Counterfeit_med_detection (v4),roboflow\train\images312_jpg.rf.08716634cbef8281ca274beee70200bb.jpg,authentic,pid_00288,6,outer_packaging_or_product_photo,unclassified_needs_manual_review,640,640,JPEG,member_of_near_duplicate_cluster_size_6
roboflow_counterfeit_med_detection_8f72544776,Roboflow - Counterfeit_med_detection (v4),roboflow\train\images4039_jpg.rf.087680b816bfe5b8530998610d22d8b6.jpg,authentic,pid_00075,20,outer_packaging_or_product_photo,unclassified_needs_manual_review,640,640,JPEG,member_of_near_duplicate_cluster_size_20
roboflow_counterfeit_med_detection_3b0e03a6be,Roboflow - Counterfeit_med_detection (v4),roboflow\train\images339_jpg.rf.086218670edf825c23148c74e5cccd5a.jpg,authentic,pid_00048,34,outer_packaging_or_product_photo,unclassified_needs_manual_review,640,640,JPEG,member_of_near_duplicate_cluster_size_34
roboflow_counterfeit_med_detection_e6fa1658bb,Roboflow - Counterfeit_med_detection (v4),roboflow\train\images23_jpg.rf.0859b4370229750a0ae997e36fcc3747.jpg,authentic,pid_00289,6,outer_packaging_or_product_photo,unclassified_needs_manual_review,640,640,JPEG,member_of_near_duplicate_cluster_size_6
roboflow_counterfeit_med_detection_80f02eee21,Roboflow - Counterfeit_med_detection (v4),roboflow\train\images218_jpg.rf.08a87b09a5e1346bde8a23a9fa377290.jpg,authentic,pid_00215,14,outer_packaging_or_product_photo,unclassified_needs_manual_review,640,640,JPEG,member_of_near_duplicate_cluster_size_14
roboflow_counterfeit_med_detection_d024e471b0,Roboflow - Counterfeit_med_detection (v4),roboflow\train\images4031_jpg.rf.08c88dd7667180379b72b8262fb9bbf5.jpg,authentic,pid_00240,12,outer_packaging_or_product_photo,unclassified_needs_manual_review,640,640,JPEG,member_of_near_duplicate_cluster_size_12
roboflow_counterfeit_med_detection_bcdd73a62f,Roboflow - Counterfeit_med_detection (v4),roboflow\train\images4063_jpg.rf.08e22223ac75a199a5745fa8545d9b17.jpg,authentic,pid_00079,14,outer_packaging_or_product_photo,unclassified_needs_manual_review,640,640,JPEG,member_of_near_duplicate_cluster_size_14
roboflow_counterfeit_med_detection_b55fba04af,Roboflow - Counterfeit_med_detection (v4),roboflow\train\images5067_jpg.rf.08f5c9609ea373b673a47ab5a534715b.jpg,authentic,pid_00193,6,outer_packaging_or_product_photo,unclassified_needs_manual_review,640,640,JPEG,member_of_near_duplicate_cluster_size_6
roboflow_counterfeit_med_detection_9981bda5f3,Roboflow - Counterfeit_med_detection (v4),roboflow\train\images5097_jpg.rf.08f938dde81b25589025ea54f6c9963f.jpg,authentic,pid_00005,28,outer_packaging_or_product_photo,unclassified_needs_manual_review,640,640,JPEG,member_of_near_duplicate_cluster_size_28
roboflow_counterfeit_med_detection_07fde3f5cc,Roboflow - Counterfeit_med_detection (v4),roboflow\train\images4060_jpg.rf.08d488f47e0acfdd8262d2d73cf0ab27.jpg,authentic,pid_00010,56,outer_packaging_or_product_photo,unclassified_needs_manual_review,640,640,JPEG,member_of_near_duplicate_cluster_size_56
roboflow_counterfeit_med_detection_69ee4f4a80,Roboflow - Counterfeit_med_detection (v4),roboflow\train\images5116_jpg.rf.08a593e1e95178ddd08ad1173b6f8a54.jpg,authentic,pid_00127,7,outer_packaging_or_product_photo,unclassified_needs_manual_review,640,640,JPEG,member_of_near_duplicate_cluster_size_7
roboflow_counterfeit_med_detection_b908e49935,Roboflow - Counterfeit_med_detection (v4),roboflow\train\images4048_jpg.rf.08ddea23260d31e75cc0f55071f9fbeb.jpg,authentic,pid_00017,28,outer_packaging_or_product_photo,unclassified_needs_manual_review,640,640,JPEG,member_of_near_duplicate_cluster_size_28
roboflow_counterfeit_med_detection_540b2660ad,Roboflow - Counterfeit_med_detection (v4),roboflow\train\images208_jpg.rf.08e46f98cc1af8e2354ce884186c6b1f.jpg,authentic,pid_00196,17,outer_packaging_or_product_photo,unclassified_needs_manual_review,640,640,JPEG,member_of_near_duplicate_cluster_size_17
roboflow_counterfeit_med_detection_eedbbf90ce,Roboflow - Counterfeit_med_detection (v4),roboflow\train\images213_jpg.rf.0926ea98737abd13d2a2568e3e4202e1.jpg,authentic,pid_00080,6,outer_packaging_or_product_photo,unclassified_needs_manual_review,640,640,JPEG,member_of_near_duplicate_cluster_size_6
roboflow_counterfeit_med_detection_4c45b1df3f,Roboflow - Counterfeit_med_detection (v4),roboflow\train\images227_jpg.rf.0938ef1659961a4bd8fec8eac2908388.jpg,authentic,pid_00191,11,outer_packaging_or_product_photo,unclassified_needs_manual_review,640,640,JPEG,member_of_near_duplicate_cluster_size_11
roboflow_counterfeit_med_detection_0808dc792e,Roboflow - Counterfeit_med_detection (v4),roboflow\train\images4060_jpg.rf.093a63e4e4c526c033f11a6792882af6.jpg,authentic,pid_00010,56,outer_packaging_or_product_photo,unclassified_needs_manual_review,640,640,JPEG,member_of_near_duplicate_cluster_size_56
roboflow_counterfeit_med_detection_8d41564aea,Roboflow - Counterfeit_med_detection (v4),roboflow\train\images5031_jpg.rf.0961eecaacfd7b6c9fc24f526cf548cf.jpg,authentic,pid_00131,33,outer_packaging_or_product_photo,unclassified_needs_manual_review,640,640,JPEG,member_of_near_duplicate_cluster_size_33
roboflow_counterfeit_med_detection_50748195b5,Roboflow - Counterfeit_med_detection (v4),roboflow\train\images5053_jpg.rf.09b7166ffff45bf073f69fa2fc890564.jpg,authentic,pid_00290,7,outer_packaging_or_product_photo,unclassified_needs_manual_review,640,640,JPEG,member_of_near_duplicate_cluster_size_7
roboflow_counterfeit_med_detection_b16d92744b,Roboflow - Counterfeit_med_detection (v4),roboflow\train\images283_jpg.rf.09ad6955a903eece5823c266cdeef7a9.jpg,authentic,pid_00126,15,outer_packaging_or_product_photo,unclassified_needs_manual_review,640,640,JPEG,member_of_near_duplicate_cluster_size_15
roboflow_counterfeit_med_detection_578ea43885,Roboflow - Counterfeit_med_detection (v4),roboflow\train\images4045_jpg.rf.09b2f185b1c30826c2efe1784b741ef5.jpg,authentic,pid_00268,12,outer_packaging_or_product_photo,unclassified_needs_manual_review,640,640,JPEG,member_of_near_duplicate_cluster_size_12
roboflow_counterfeit_med_detection_cdd3b41604,Roboflow - Counterfeit_med_detection (v4),roboflow\train\images5045_jpg.rf.094bb468212115610f599b71f8d0e53f.jpg,authentic,pid_00096,34,outer_packaging_or_product_photo,unclassified_needs_manual_review,640,640,JPEG,member_of_near_duplicate_cluster_size_34
roboflow_counterfeit_med_detection_f389225763,Roboflow - Counterfeit_med_detection (v4),roboflow\train\images4061_jpg.rf.09ad6f622958a7c750f8801ee3678eb1.jpg,authentic,pid_00051,17,outer_packaging_or_product_photo,unclassified_needs_manual_review,640,640,JPEG,member_of_near_duplicate_cluster_size_17
roboflow_counterfeit_med_detection_9b7bfc65ec,Roboflow - Counterfeit_med_detection (v4),roboflow\train\images5069_jpg.rf.09df83348528d6d0e9d0bc3f3c24d3e6.jpg,authentic,pid_00234,11,outer_packaging_or_product_photo,unclassified_needs_manual_review,640,640,JPEG,member_of_near_duplicate_cluster_size_11
roboflow_counterfeit_med_detection_e45880f0ef,Roboflow - Counterfeit_med_detection (v4),roboflow\train\images11_jpg.rf.08db1618efbe8598cbbda3e2324ded4d.jpg,authentic,pid_00223,13,outer_packaging_or_product_photo,unclassified_needs_manual_review,640,640,JPEG,member_of_near_duplicate_cluster_size_13
roboflow_counterfeit_med_detection_2824c6a9cc,Roboflow - Counterfeit_med_detection (v4),roboflow\train\images214_jpg.rf.0a0d080d77657bebbb197200410c933e.jpg,authentic,pid_00082,19,outer_packaging_or_product_photo,unclassified_needs_manual_review,640,640,JPEG,member_of_near_duplicate_cluster_size_19
roboflow_counterfeit_med_detection_d43a1164a2,Roboflow - Counterfeit_med_detection (v4),roboflow\train\images37_jpg.rf.0a15f434d901284c4ed06cdc5078e4cf.jpg,authentic,pid_00074,55,outer_packaging_or_product_photo,unclassified_needs_manual_review,640,640,JPEG,member_of_near_duplicate_cluster_size_55
roboflow_counterfeit_med_detection_d315d15985,Roboflow - Counterfeit_med_detection (v4),roboflow\train\images5107_jpg.rf.0a48b7a7948b36419844c5d2a32653e9.jpg,authentic,pid_00085,17,outer_packaging_or_product_photo,unclassified_needs_manual_review,640,640,JPEG,member_of_near_duplicate_cluster_size_17
roboflow_counterfeit_med_detection_c92716c598,Roboflow - Counterfeit_med_detection (v4),roboflow\train\images342_jpg.rf.08d3b2b202d521c6a93e9c94569e9968.jpg,authentic,pid_00002,25,outer_packaging_or_product_photo,unclassified_needs_manual_review,640,640,JPEG,member_of_near_duplicate_cluster_size_25
roboflow_counterfeit_med_detection_2dc7c813c1,Roboflow - Counterfeit_med_detection (v4),roboflow\train\images4033_jpg.rf.0ad234e0286dfabeadbb51cd648ff3de.jpg,authentic,pid_00061,41,outer_packaging_or_product_photo,unclassified_needs_manual_review,640,640,JPEG,member_of_near_duplicate_cluster_size_41
roboflow_counterfeit_med_detection_66f5030de4,Roboflow - Counterfeit_med_detection (v4),roboflow\train\images342_jpg.rf.0a50ccfe61d3317accf3c7979eb1f05e.jpg,authentic,pid_00089,12,outer_packaging_or_product_photo,unclassified_needs_manual_review,640,640,JPEG,member_of_near_duplicate_cluster_size_12
roboflow_counterfeit_med_detection_7414e84287,Roboflow - Counterfeit_med_detection (v4),roboflow\train\images239_jpg.rf.0a918f613d1895710a9184d8e4cb6d0a.jpg,authentic,pid_00001,22,outer_packaging_or_product_photo,unclassified_needs_manual_review,640,640,JPEG,member_of_near_duplicate_cluster_size_22
roboflow_counterfeit_med_detection_40808b83b2,Roboflow - Counterfeit_med_detection (v4),roboflow\train\images5058_jpg.rf.0a2997b5ed978f300de403b9f3745f58.jpg,authentic,pid_00226,14,outer_packaging_or_product_photo,unclassified_needs_manual_review,640,640,JPEG,member_of_near_duplicate_cluster_size_14
roboflow_counterfeit_med_detection_27766c7aff,Roboflow - Counterfeit_med_detection (v4),roboflow\train\images5032_jpg.rf.0aa5af5786edf1127681ab413335a258.jpg,authentic,pid_00013,19,outer_packaging_or_product_photo,unclassified_needs_manual_review,640,640,JPEG,member_of_near_duplicate_cluster_size_19
roboflow_counterfeit_med_detection_012e764548,Roboflow - Counterfeit_med_detection (v4),roboflow\train\images36_jpg.rf.0adbeee88e5c67949341e259f45d8532.jpg,authentic,pid_00006,37,outer_packaging_or_product_photo,unclassified_needs_manual_review,640,640,JPEG,member_of_near_duplicate_cluster_size_37
roboflow_counterfeit_med_detection_27dced2fcc,Roboflow - Counterfeit_med_detection (v4),roboflow\train\images29_jpg.rf.0aa790bb33024eab0207d57e36ecb588.jpg,authentic,pid_00184,19,outer_packaging_or_product_photo,unclassified_needs_manual_review,640,640,JPEG,member_of_near_duplicate_cluster_size_19
roboflow_counterfeit_med_detection_f90012d289,Roboflow - Counterfeit_med_detection (v4),roboflow\train\images208_jpg.rf.0b25212f2aefb4b770a61ea18b265e4e.jpg,authentic,pid_00196,17,outer_packaging_or_product_photo,unclassified_needs_manual_review,640,640,JPEG,member_of_near_duplicate_cluster_size_17
roboflow_counterfeit_med_detection_66b77b40eb,Roboflow - Counterfeit_med_detection (v4),roboflow\train\images5031_jpg.rf.0a7f7430b5418f661d3657e93a4c4c0a.jpg,authentic,pid_00176,6,outer_packaging_or_product_photo,unclassified_needs_manual_review,640,640,JPEG,member_of_near_duplicate_cluster_size_6
roboflow_counterfeit_med_detection_77839c1c4b,Roboflow - Counterfeit_med_detection (v4),roboflow\train\images4042_jpg.rf.0b5ef2ec9e3a2f39f701c19778beb055.jpg,authentic,pid_00092,40,outer_packaging_or_product_photo,unclassified_needs_manual_review,640,640,JPEG,member_of_near_duplicate_cluster_size_40
roboflow_counterfeit_med_detection_ddc2bb1121,Roboflow - Counterfeit_med_detection (v4),roboflow\train\images5117_jpg.rf.0b88d1511ef276ad99ad9b581dcc4c8a.jpg,authentic,pid_00172,18,outer_packaging_or_product_photo,unclassified_needs_manual_review,640,640,JPEG,member_of_near_duplicate_cluster_size_18
roboflow_counterfeit_med_detection_27d3a6bc06,Roboflow - Counterfeit_med_detection (v4),roboflow\train\images36_jpg.rf.0bb9ecd281d1a22d0da5a877c3ac521d.jpg,authentic,pid_00006,37,outer_packaging_or_product_photo,unclassified_needs_manual_review,640,640,JPEG,member_of_near_duplicate_cluster_size_37
roboflow_counterfeit_med_detection_c7a49bf34d,Roboflow - Counterfeit_med_detection (v4),roboflow\train\images4025_jpg.rf.0b954003d7e49ab361ff72df3cc14bfa.jpg,authentic,pid_00129,29,outer_packaging_or_product_photo,unclassified_needs_manual_review,640,640,JPEG,member_of_near_duplicate_cluster_size_29
roboflow_counterfeit_med_detection_78a0719861,Roboflow - Counterfeit_med_detection (v4),roboflow\train\images264_jpg.rf.0c095d66d3b6dce41d3f509ca459947f.jpg,authentic,pid_00019,18,outer_packaging_or_product_photo,unclassified_needs_manual_review,640,640,JPEG,member_of_near_duplicate_cluster_size_18
roboflow_counterfeit_med_detection_a0c065035d,Roboflow - Counterfeit_med_detection (v4),roboflow\train\images5053_jpg.rf.0c1d7ff7f27caff195780d5d89098155.jpg,authentic,pid_00282,5,outer_packaging_or_product_photo,unclassified_needs_manual_review,640,640,JPEG,member_of_near_duplicate_cluster_size_5
roboflow_counterfeit_med_detection_80377c3d96,Roboflow - Counterfeit_med_detection (v4),roboflow\train\images346_jpg.rf.0c233fd9685e53718838af0a86f65033.jpg,authentic,pid_00052,12,outer_packaging_or_product_photo,unclassified_needs_manual_review,640,640,JPEG,member_of_near_duplicate_cluster_size_12
roboflow_counterfeit_med_detection_3b31300d01,Roboflow - Counterfeit_med_detection (v4),roboflow\train\images5069_jpg.rf.0c518d14e80b4dfe4eadfae5faccaf29.jpg,authentic,pid_00234,11,outer_packaging_or_product_photo,unclassified_needs_manual_review,640,640,JPEG,member_of_near_duplicate_cluster_size_11
roboflow_counterfeit_med_detection_e11cd3a5f9,Roboflow - Counterfeit_med_detection (v4),roboflow\train\images4085_jpg.rf.0c30e24482419af6b2d224f8f8cb2d53.jpg,authentic,pid_00057,55,outer_packaging_or_product_photo,unclassified_needs_manual_review,640,640,JPEG,member_of_near_duplicate_cluster_size_55
roboflow_counterfeit_med_detection_2f527e0b22,Roboflow - Counterfeit_med_detection (v4),roboflow\train\images4033_jpg.rf.0c0d628b377fd4c2423b31f5072adb5d.jpg,authentic,pid_00138,11,outer_packaging_or_product_photo,unclassified_needs_manual_review,640,640,JPEG,member_of_near_duplicate_cluster_size_11
roboflow_counterfeit_med_detection_6ee8929cde,Roboflow - Counterfeit_med_detection (v4),roboflow\train\images218_jpg.rf.0c6f5c199d7afeba6fb60d09f75601e4.jpg,authentic,pid_00215,14,outer_packaging_or_product_photo,unclassified_needs_manual_review,640,640,JPEG,member_of_near_duplicate_cluster_size_14
roboflow_counterfeit_med_detection_daf4073cf3,Roboflow - Counterfeit_med_detection (v4),roboflow\train\images275_jpg.rf.0c6a5a977c9611357af3f2a4cb739375.jpg,authentic,pid_00107,19,outer_packaging_or_product_photo,unclassified_needs_manual_review,640,640,JPEG,member_of_near_duplicate_cluster_size_19
roboflow_counterfeit_med_detection_2d0fd96901,Roboflow - Counterfeit_med_detection (v4),roboflow\train\images46_jpg.rf.0c7441517c12af25edd3424c35efdeb9.jpg,authentic,pid_00210,17,outer_packaging_or_product_photo,unclassified_needs_manual_review,640,640,JPEG,member_of_near_duplicate_cluster_size_17
roboflow_counterfeit_med_detection_e522f7cbd9,Roboflow - Counterfeit_med_detection (v4),roboflow\train\images266_jpg.rf.0c8926d98165755cb796c25bf33701cd.jpg,authentic,pid_00027,19,outer_packaging_or_product_photo,unclassified_needs_manual_review,640,640,JPEG,member_of_near_duplicate_cluster_size_19
roboflow_counterfeit_med_detection_3fd45a1756,Roboflow - Counterfeit_med_detection (v4),roboflow\train\images5114_jpg.rf.0c860f72cb1ac32b4a1ce8f7a14a98c4.jpg,authentic,pid_00207,18,outer_packaging_or_product_photo,unclassified_needs_manual_review,640,640,JPEG,member_of_near_duplicate_cluster_size_18
roboflow_counterfeit_med_detection_cca8d5500d,Roboflow - Counterfeit_med_detection (v4),roboflow\train\images201_jpg.rf.0c97b57d71e542ba7d3b3eb65a517a5f.jpg,authentic,pid_00291,12,outer_packaging_or_product_photo,unclassified_needs_manual_review,640,640,JPEG,member_of_near_duplicate_cluster_size_12
roboflow_counterfeit_med_detection_9d20fa7767,Roboflow - Counterfeit_med_detection (v4),roboflow\train\images212_jpg.rf.0d03430bf342b137d59259880089ffb7.jpg,authentic,pid_00024,22,outer_packaging_or_product_photo,unclassified_needs_manual_review,640,640,JPEG,member_of_near_duplicate_cluster_size_22
roboflow_counterfeit_med_detection_24a9c765ad,Roboflow - Counterfeit_med_detection (v4),roboflow\train\images5098_jpg.rf.0d52dcb33d4389faa2444f81e4ec8fc9.jpg,authentic,pid_00144,19,outer_packaging_or_product_photo,unclassified_needs_manual_review,640,640,JPEG,member_of_near_duplicate_cluster_size_19
roboflow_counterfeit_med_detection_3be18a9b5f,Roboflow - Counterfeit_med_detection (v4),roboflow\train\images4095_jpg.rf.0d1a626f47d64b46db511b90adf2baab.jpg,authentic,pid_00032,16,outer_packaging_or_product_photo,unclassified_needs_manual_review,640,640,JPEG,member_of_near_duplicate_cluster_size_16
roboflow_counterfeit_med_detection_411e0962a6,Roboflow - Counterfeit_med_detection (v4),roboflow\train\images4066_jpg.rf.0d81d5e11e64fcdd1fc88415c7e4790e.jpg,authentic,pid_00264,19,outer_packaging_or_product_photo,unclassified_needs_manual_review,640,640,JPEG,member_of_near_duplicate_cluster_size_19
roboflow_counterfeit_med_detection_58ab24d266,Roboflow - Counterfeit_med_detection (v4),roboflow\train\images340_jpg.rf.0ccd923cbaff40199fceeca700c34267.jpg,authentic,pid_00169,12,outer_packaging_or_product_photo,unclassified_needs_manual_review,640,640,JPEG,member_of_near_duplicate_cluster_size_12
roboflow_counterfeit_med_detection_c5259144e2,Roboflow - Counterfeit_med_detection (v4),roboflow\train\images5103_jpg.rf.0d144db56202a08ea8e1d010b198ea3c.jpg,authentic,pid_00077,19,outer_packaging_or_product_photo,unclassified_needs_manual_review,640,640,JPEG,member_of_near_duplicate_cluster_size_19
roboflow_counterfeit_med_detection_b20b5f84f1,Roboflow - Counterfeit_med_detection (v4),roboflow\train\images4040_jpg.rf.0d4413b195ae950ef24ddc5bf0db4f12.jpg,authentic,pid_00022,10,outer_packaging_or_product_photo,unclassified_needs_manual_review,640,640,JPEG,member_of_near_duplicate_cluster_size_10
roboflow_counterfeit_med_detection_99cc74b74b,Roboflow - Counterfeit_med_detection (v4),roboflow\train\images5058_jpg.rf.0d50f21092ec74671cabbd7558181ca8.jpg,authentic,pid_00226,14,outer_packaging_or_product_photo,unclassified_needs_manual_review,640,640,JPEG,member_of_near_duplicate_cluster_size_14
roboflow_counterfeit_med_detection_85d4d7f5cd,Roboflow - Counterfeit_med_detection (v4),roboflow\train\images4035_jpg.rf.0dc2e4346c81fb10b81d710d5632516a.jpg,authentic,pid_00086,18,outer_packaging_or_product_photo,unclassified_needs_manual_review,640,640,JPEG,member_of_near_duplicate_cluster_size_18
roboflow_counterfeit_med_detection_faa4ed4cd3,Roboflow - Counterfeit_med_detection (v4),roboflow\train\images227_jpg.rf.0d959065d4c8cc3d0dcc593be4731832.jpg,authentic,pid_00225,2,outer_packaging_or_product_photo,unclassified_needs_manual_review,640,640,JPEG,member_of_near_duplicate_cluster_size_2
roboflow_counterfeit_med_detection_8ab479426f,Roboflow - Counterfeit_med_detection (v4),roboflow\train\images4040_jpg.rf.0d808c5afc0552eec8b97db4f02c6e91.jpg,authentic,pid_00050,3,outer_packaging_or_product_photo,unclassified_needs_manual_review,640,640,JPEG,member_of_near_duplicate_cluster_size_3
roboflow_counterfeit_med_detection_ce6af8f1c0,Roboflow - Counterfeit_med_detection (v4),roboflow\train\images352_jpg.rf.0cd920ab8ed58c134a7298a1bd19a4d8.jpg,authentic,pid_00142,7,outer_packaging_or_product_photo,unclassified_needs_manual_review,640,640,JPEG,member_of_near_duplicate_cluster_size_7
roboflow_counterfeit_med_detection_43d177e362,Roboflow - Counterfeit_med_detection (v4),roboflow\train\images5053_jpg.rf.0cdd8b855ffa2246aeb0a3e11119e94f.jpg,authentic,pid_00118,7,outer_packaging_or_product_photo,unclassified_needs_manual_review,640,640,JPEG,member_of_near_duplicate_cluster_size_7
roboflow_counterfeit_med_detection_c6c23c5fc8,Roboflow - Counterfeit_med_detection (v4),roboflow\train\images206_jpg.rf.0d4107b98c8a07271d3cf8201c34396b.jpg,authentic,pid_00292,5,outer_packaging_or_product_photo,unclassified_needs_manual_review,640,640,JPEG,member_of_near_duplicate_cluster_size_5
roboflow_counterfeit_med_detection_651f359e3b,Roboflow - Counterfeit_med_detection (v4),roboflow\train\images321_jpg.rf.0cf94591f6641699dfc103ddb4b0a9ef.jpg,authentic,pid_00074,55,outer_packaging_or_product_photo,unclassified_needs_manual_review,640,640,JPEG,member_of_near_duplicate_cluster_size_55
roboflow_counterfeit_med_detection_d2309f662e,Roboflow - Counterfeit_med_detection (v4),roboflow\train\images5085_jpg.rf.0d37b102843a43974c84012b4923b730.jpg,authentic,pid_00021,10,outer_packaging_or_product_photo,unclassified_needs_manual_review,640,640,JPEG,member_of_near_duplicate_cluster_size_10
roboflow_counterfeit_med_detection_9f624752ab,Roboflow - Counterfeit_med_detection (v4),roboflow\train\images311_jpg.rf.0dfdde46e893ad6dd8abfa028a610624.jpg,authentic,pid_00170,11,outer_packaging_or_product_photo,unclassified_needs_manual_review,640,640,JPEG,member_of_near_duplicate_cluster_size_11
roboflow_counterfeit_med_detection_123dc42041,Roboflow - Counterfeit_med_detection (v4),roboflow\train\images4124_jpg.rf.0de76494c4f72a56b72772ea32e0a120.jpg,authentic,pid_00152,19,outer_packaging_or_product_photo,unclassified_needs_manual_review,640,640,JPEG,member_of_near_duplicate_cluster_size_19
roboflow_counterfeit_med_detection_0e97f243bf,Roboflow - Counterfeit_med_detection (v4),roboflow\train\images5040_jpg.rf.0e676575375c1a038eaaf755e130e5f7.jpg,authentic,pid_00099,17,outer_packaging_or_product_photo,unclassified_needs_manual_review,640,640,JPEG,member_of_near_duplicate_cluster_size_17
roboflow_counterfeit_med_detection_0470f60f6a,Roboflow - Counterfeit_med_detection (v4),roboflow\train\images4045_jpg.rf.0f057dbc145a95367aa7eba3e22a96fc.jpg,authentic,pid_00246,4,outer_packaging_or_product_photo,unclassified_needs_manual_review,640,640,JPEG,member_of_near_duplicate_cluster_size_4
roboflow_counterfeit_med_detection_c197d99fef,Roboflow - Counterfeit_med_detection (v4),roboflow\train\images314_jpg.rf.0f394c5dfcc89b8f51b16545b24f808e.jpg,authentic,pid_00145,8,outer_packaging_or_product_photo,unclassified_needs_manual_review,640,640,JPEG,member_of_near_duplicate_cluster_size_8
roboflow_counterfeit_med_detection_de607a3555,Roboflow - Counterfeit_med_detection (v4),roboflow\train\images225_jpg.rf.0e6c745f4bb46e95782fe3d87ef87997.jpg,authentic,pid_00171,19,outer_packaging_or_product_photo,unclassified_needs_manual_review,640,640,JPEG,member_of_near_duplicate_cluster_size_19
roboflow_counterfeit_med_detection_2fdc183291,Roboflow - Counterfeit_med_detection (v4),roboflow\train\images258_jpg.rf.0f4e55cb98b63c67c88fabc798824fcb.jpg,authentic,pid_00102,19,outer_packaging_or_product_photo,unclassified_needs_manual_review,640,640,JPEG,member_of_near_duplicate_cluster_size_19
roboflow_counterfeit_med_detection_e9cb36e549,Roboflow - Counterfeit_med_detection (v4),roboflow\train\images222_jpg.rf.0eea7e007d2172e89b6362477e026926.jpg,authentic,pid_00068,36,outer_packaging_or_product_photo,unclassified_needs_manual_review,640,640,JPEG,member_of_near_duplicate_cluster_size_36
roboflow_counterfeit_med_detection_70ba77bd67,Roboflow - Counterfeit_med_detection (v4),roboflow\train\images342_jpg.rf.0f1316f9638e02558decd4b508235d97.jpg,authentic,pid_00002,25,outer_packaging_or_product_photo,unclassified_needs_manual_review,640,640,JPEG,member_of_near_duplicate_cluster_size_25
roboflow_counterfeit_med_detection_75cba3411f,Roboflow - Counterfeit_med_detection (v4),roboflow\train\images242_jpg.rf.0f7241f538fd0af398436918d7efbe85.jpg,authentic,pid_00109,12,outer_packaging_or_product_photo,unclassified_needs_manual_review,640,640,JPEG,member_of_near_duplicate_cluster_size_12
roboflow_counterfeit_med_detection_75f7645f74,Roboflow - Counterfeit_med_detection (v4),roboflow\train\images219_jpg.rf.0ffc344b8041cf8acf8b7f81246b4298.jpg,authentic,pid_00067,11,outer_packaging_or_product_photo,unclassified_needs_manual_review,640,640,JPEG,member_of_near_duplicate_cluster_size_11
roboflow_counterfeit_med_detection_274cf5c24c,Roboflow - Counterfeit_med_detection (v4),roboflow\train\images4120_jpg.rf.0fc2ab2274b4820ef521167ec8d2c98d.jpg,authentic,pid_00261,19,outer_packaging_or_product_photo,unclassified_needs_manual_review,640,640,JPEG,member_of_near_duplicate_cluster_size_19
roboflow_counterfeit_med_detection_95f8092754,Roboflow - Counterfeit_med_detection (v4),roboflow\train\images265_jpg.rf.0f0ce8197829cb84ac9191a92c4d1029.jpg,authentic,pid_00183,13,outer_packaging_or_product_photo,unclassified_needs_manual_review,640,640,JPEG,member_of_near_duplicate_cluster_size_13
roboflow_counterfeit_med_detection_06cfff5c4f,Roboflow - Counterfeit_med_detection (v4),roboflow\train\images4090_jpg.rf.0f99f541602c7059e4db2faa68c8ac02.jpg,authentic,pid_00084,21,outer_packaging_or_product_photo,unclassified_needs_manual_review,640,640,JPEG,member_of_near_duplicate_cluster_size_21
roboflow_counterfeit_med_detection_3602f57276,Roboflow - Counterfeit_med_detection (v4),roboflow\train\images5087_jpg.rf.0fb6c7116285b84676685a47e18ce558.jpg,authentic,pid_00181,18,outer_packaging_or_product_photo,unclassified_needs_manual_review,640,640,JPEG,member_of_near_duplicate_cluster_size_18
roboflow_counterfeit_med_detection_16dc7ee368,Roboflow - Counterfeit_med_detection (v4),roboflow\train\images4054_jpg.rf.0f712e62dc15a73ac1ba99414a32d242.jpg,authentic,pid_00028,35,outer_packaging_or_product_photo,unclassified_needs_manual_review,640,640,JPEG,member_of_near_duplicate_cluster_size_35
roboflow_counterfeit_med_detection_526cb1eda2,Roboflow - Counterfeit_med_detection (v4),roboflow\train\images235_jpg.rf.1032f82164e777f746ceaf18845c5573.jpg,authentic,pid_00043,19,outer_packaging_or_product_photo,unclassified_needs_manual_review,640,640,JPEG,member_of_near_duplicate_cluster_size_19
roboflow_counterfeit_med_detection_d837c11014,Roboflow - Counterfeit_med_detection (v4),roboflow\train\images307_jpg.rf.10540c05d7bdce4194eeb52aae8188aa.jpg,authentic,pid_00205,10,outer_packaging_or_product_photo,unclassified_needs_manual_review,640,640,JPEG,member_of_near_duplicate_cluster_size_10
roboflow_counterfeit_med_detection_04a5a65690,Roboflow - Counterfeit_med_detection (v4),roboflow\train\images5106_jpg.rf.10f27c26ee7704b502a58eef3fbc50f5.jpg,authentic,pid_00115,19,outer_packaging_or_product_photo,unclassified_needs_manual_review,640,640,JPEG,member_of_near_duplicate_cluster_size_19
roboflow_counterfeit_med_detection_7422e318c9,Roboflow - Counterfeit_med_detection (v4),roboflow\train\images312_jpg.rf.118b1271730daabdaf01d63d1acb238d.jpg,authentic,pid_00150,13,outer_packaging_or_product_photo,unclassified_needs_manual_review,640,640,JPEG,member_of_near_duplicate_cluster_size_13
roboflow_counterfeit_med_detection_ee4cf7cb22,Roboflow - Counterfeit_med_detection (v4),roboflow\train\images5061_jpg.rf.1116aa0c286814c6a251b9aed62f69f8.jpg,authentic,pid_00088,35,outer_packaging_or_product_photo,unclassified_needs_manual_review,640,640,JPEG,member_of_near_duplicate_cluster_size_35
roboflow_counterfeit_med_detection_2aedcf2bf1,Roboflow - Counterfeit_med_detection (v4),roboflow\train\images4100_jpg.rf.10b0f0676b257f4cfa5520c7f85e492e.jpg,authentic,pid_00047,15,outer_packaging_or_product_photo,unclassified_needs_manual_review,640,640,JPEG,member_of_near_duplicate_cluster_size_15
roboflow_counterfeit_med_detection_89d5dae4bb,Roboflow - Counterfeit_med_detection (v4),roboflow\train\images5080_jpg.rf.1206ec2cd99ede039a8e5f3542cb9b5a.jpg,authentic,pid_00202,10,outer_packaging_or_product_photo,unclassified_needs_manual_review,640,640,JPEG,member_of_near_duplicate_cluster_size_10
roboflow_counterfeit_med_detection_65b60e05c7,Roboflow - Counterfeit_med_detection (v4),roboflow\train\images21_jpg.rf.118ab5ebcd095490d82e9d357781ac4f.jpg,authentic,pid_00161,7,outer_packaging_or_product_photo,unclassified_needs_manual_review,640,640,JPEG,member_of_near_duplicate_cluster_size_7
roboflow_counterfeit_med_detection_4c9006fce6,Roboflow - Counterfeit_med_detection (v4),roboflow\train\images5111_jpg.rf.11484c4660453ca417ce0cfd4393f681.jpg,authentic,pid_00293,3,outer_packaging_or_product_photo,unclassified_needs_manual_review,640,640,JPEG,member_of_near_duplicate_cluster_size_3
roboflow_counterfeit_med_detection_a18087e9b9,Roboflow - Counterfeit_med_detection (v4),roboflow\train\images38_jpg.rf.11d8edd784281b0d261f5b6008478add.jpg,authentic,pid_00039,35,outer_packaging_or_product_photo,unclassified_needs_manual_review,640,640,JPEG,member_of_near_duplicate_cluster_size_35
roboflow_counterfeit_med_detection_03eed19aed,Roboflow - Counterfeit_med_detection (v4),roboflow\train\images314_jpg.rf.11d73d4bc9c9c9d3a6119abe92499c9d.jpg,authentic,pid_00004,5,outer_packaging_or_product_photo,unclassified_needs_manual_review,640,640,JPEG,member_of_near_duplicate_cluster_size_5
roboflow_counterfeit_med_detection_f7a72089a6,Roboflow - Counterfeit_med_detection (v4),roboflow\train\images349_jpg.rf.10fe130a1efe18b7055404a3fbff7217.jpg,authentic,pid_00112,9,outer_packaging_or_product_photo,unclassified_needs_manual_review,640,640,JPEG,member_of_near_duplicate_cluster_size_9
roboflow_counterfeit_med_detection_84214a73f6,Roboflow - Counterfeit_med_detection (v4),roboflow\train\images335_jpg.rf.10865b99637c282379545b2cb6d429f4.jpg,authentic,pid_00247,12,outer_packaging_or_product_photo,unclassified_needs_manual_review,640,640,JPEG,member_of_near_duplicate_cluster_size_12
roboflow_counterfeit_med_detection_ab320bef97,Roboflow - Counterfeit_med_detection (v4),roboflow\train\images244_jpg.rf.10f1c4eb0da401e95e6aecc77d647839.jpg,authentic,pid_00182,12,outer_packaging_or_product_photo,unclassified_needs_manual_review,640,640,JPEG,member_of_near_duplicate_cluster_size_12
roboflow_counterfeit_med_detection_a1b8c23356,Roboflow - Counterfeit_med_detection (v4),roboflow\train\images230_jpg.rf.1157324ac369fcc30f8c301d1f381707.jpg,authentic,pid_00168,18,outer_packaging_or_product_photo,unclassified_needs_manual_review,640,640,JPEG,member_of_near_duplicate_cluster_size_18
roboflow_counterfeit_med_detection_1a5043db04,Roboflow - Counterfeit_med_detection (v4),roboflow\train\images4054_jpg.rf.10d7e8fef9c24ff7639e04f89b5395a8.jpg,authentic,pid_00028,35,outer_packaging_or_product_photo,unclassified_needs_manual_review,640,640,JPEG,member_of_near_duplicate_cluster_size_35
roboflow_counterfeit_med_detection_cb255f403b,Roboflow - Counterfeit_med_detection (v4),roboflow\train\images314_jpg.rf.1303c3163f50733d8e37915f36351a82.jpg,authentic,pid_00206,5,outer_packaging_or_product_photo,unclassified_needs_manual_review,640,640,JPEG,member_of_near_duplicate_cluster_size_5
roboflow_counterfeit_med_detection_078cce9d02,Roboflow - Counterfeit_med_detection (v4),roboflow\train\images349_jpg.rf.13100ad827017a020349e731f1d5f04c.jpg,authentic,pid_00259,16,outer_packaging_or_product_photo,unclassified_needs_manual_review,640,640,JPEG,member_of_near_duplicate_cluster_size_16
roboflow_counterfeit_med_detection_e406c6c4db,Roboflow - Counterfeit_med_detection (v4),roboflow\train\images5127_jpg.rf.123ff7c4924738582f4afb40ea840631.jpg,authentic,pid_00015,12,outer_packaging_or_product_photo,unclassified_needs_manual_review,640,640,JPEG,member_of_near_duplicate_cluster_size_12
roboflow_counterfeit_med_detection_0184ea4d38,Roboflow - Counterfeit_med_detection (v4),roboflow\train\images05_jpg.rf.12d13ac9d41a94601f28560a2dc3eff8.jpg,authentic,pid_00191,11,outer_packaging_or_product_photo,unclassified_needs_manual_review,640,640,JPEG,member_of_near_duplicate_cluster_size_11
roboflow_counterfeit_med_detection_713a700e3c,Roboflow - Counterfeit_med_detection (v4),roboflow\train\images4031_jpg.rf.134148ea93eff08b0e893721f14ba2b4.jpg,authentic,pid_00240,12,outer_packaging_or_product_photo,unclassified_needs_manual_review,640,640,JPEG,member_of_near_duplicate_cluster_size_12
roboflow_counterfeit_med_detection_557e61d7d4,Roboflow - Counterfeit_med_detection (v4),roboflow\train\images5100_jpg.rf.12a2322bcf33fc2c0755f7ed2ef966af.jpg,authentic,pid_00214,17,outer_packaging_or_product_photo,unclassified_needs_manual_review,640,640,JPEG,member_of_near_duplicate_cluster_size_17
roboflow_counterfeit_med_detection_f9bb75e771,Roboflow - Counterfeit_med_detection (v4),roboflow\train\images33_jpg.rf.138a2a85ed131a713ae2793c515d16a7.jpg,authentic,pid_00199,12,outer_packaging_or_product_photo,unclassified_needs_manual_review,640,640,JPEG,member_of_near_duplicate_cluster_size_12
roboflow_counterfeit_med_detection_4a29ebc0f1,Roboflow - Counterfeit_med_detection (v4),roboflow\train\images4035_jpg.rf.136de9057fd3892905a8b15ebee8664f.jpg,authentic,pid_00086,18,outer_packaging_or_product_photo,unclassified_needs_manual_review,640,640,JPEG,member_of_near_duplicate_cluster_size_18
roboflow_counterfeit_med_detection_76a779cb5b,Roboflow - Counterfeit_med_detection (v4),roboflow\train\images254_jpg.rf.13e488c9fe6c5d99bd89ec67a9ddd582.jpg,authentic,pid_00180,17,outer_packaging_or_product_photo,unclassified_needs_manual_review,640,640,JPEG,member_of_near_duplicate_cluster_size_17
roboflow_counterfeit_med_detection_9a6e2a6797,Roboflow - Counterfeit_med_detection (v4),roboflow\train\images244_jpg.rf.12120d8a90b3e50220032de736dfdff5.jpg,authentic,pid_00294,3,outer_packaging_or_product_photo,unclassified_needs_manual_review,640,640,JPEG,member_of_near_duplicate_cluster_size_3
roboflow_counterfeit_med_detection_3fa5521b2d,Roboflow - Counterfeit_med_detection (v4),roboflow\train\images5064_jpg.rf.13714464928f71d59790d9c4c356ba47.jpg,authentic,pid_00252,13,outer_packaging_or_product_photo,unclassified_needs_manual_review,640,640,JPEG,member_of_near_duplicate_cluster_size_13
roboflow_counterfeit_med_detection_8b2182eb49,Roboflow - Counterfeit_med_detection (v4),roboflow\train\images5059_jpg.rf.13f74779280645267518b82f58c6d099.jpg,authentic,pid_00121,19,outer_packaging_or_product_photo,unclassified_needs_manual_review,640,640,JPEG,member_of_near_duplicate_cluster_size_19
roboflow_counterfeit_med_detection_f12c8c6f83,Roboflow - Counterfeit_med_detection (v4),roboflow\train\images5045_jpg.rf.1429f8803612831e5a57dd93aa3db894.jpg,authentic,pid_00096,34,outer_packaging_or_product_photo,unclassified_needs_manual_review,640,640,JPEG,member_of_near_duplicate_cluster_size_34
roboflow_counterfeit_med_detection_440d470980,Roboflow - Counterfeit_med_detection (v4),roboflow\train\images5096_jpg.rf.1369aa28b1fda553528df715fd2e9085.jpg,authentic,pid_00141,18,outer_packaging_or_product_photo,unclassified_needs_manual_review,640,640,JPEG,member_of_near_duplicate_cluster_size_18
roboflow_counterfeit_med_detection_62062278b6,Roboflow - Counterfeit_med_detection (v4),roboflow\train\images5087_jpg.rf.144a36a2d3beb9f100a37411ce32e0c1.jpg,authentic,pid_00181,18,outer_packaging_or_product_photo,unclassified_needs_manual_review,640,640,JPEG,member_of_near_duplicate_cluster_size_18
roboflow_counterfeit_med_detection_8385a05772,Roboflow - Counterfeit_med_detection (v4),roboflow\train\images4048_jpg.rf.144115b0de30f2dc2fa9e9724d7e0963.jpg,authentic,pid_00017,28,outer_packaging_or_product_photo,unclassified_needs_manual_review,640,640,JPEG,member_of_near_duplicate_cluster_size_28
roboflow_counterfeit_med_detection_a8a53a5cd4,Roboflow - Counterfeit_med_detection (v4),roboflow\train\images214_jpg.rf.145f70d1c4916833dd79c2354937ed53.jpg,authentic,pid_00082,19,outer_packaging_or_product_photo,unclassified_needs_manual_review,640,640,JPEG,member_of_near_duplicate_cluster_size_19
roboflow_counterfeit_med_detection_4a0608eb21,Roboflow - Counterfeit_med_detection (v4),roboflow\train\images35_jpg.rf.152d47b78907dfa7bbaab8887206ef02.jpg,authentic,pid_00073,25,outer_packaging_or_product_photo,unclassified_needs_manual_review,640,640,JPEG,member_of_near_duplicate_cluster_size_25
roboflow_counterfeit_med_detection_81843577c6,Roboflow - Counterfeit_med_detection (v4),roboflow\train\images5063_jpg.rf.145d7afbe10b8c30f49011fb39ffc71e.jpg,authentic,pid_00285,14,outer_packaging_or_product_photo,unclassified_needs_manual_review,640,640,JPEG,member_of_near_duplicate_cluster_size_14
roboflow_counterfeit_med_detection_0477288b03,Roboflow - Counterfeit_med_detection (v4),roboflow\train\images5069_jpg.rf.142e700daf40aa2416fca6882ebdf0fa.jpg,authentic,pid_00295,5,outer_packaging_or_product_photo,unclassified_needs_manual_review,640,640,JPEG,member_of_near_duplicate_cluster_size_5
roboflow_counterfeit_med_detection_b44fdf529c,Roboflow - Counterfeit_med_detection (v4),roboflow\train\images5106_jpg.rf.15d11aa3d01922c086097092d0c6b19b.jpg,authentic,pid_00115,19,outer_packaging_or_product_photo,unclassified_needs_manual_review,640,640,JPEG,member_of_near_duplicate_cluster_size_19
roboflow_counterfeit_med_detection_429af73bb3,Roboflow - Counterfeit_med_detection (v4),roboflow\train\images239_jpg.rf.156c84db80224e4b7b0aeef2074bb1ce.jpg,authentic,pid_00001,22,outer_packaging_or_product_photo,unclassified_needs_manual_review,640,640,JPEG,member_of_near_duplicate_cluster_size_22
roboflow_counterfeit_med_detection_365c555b86,Roboflow - Counterfeit_med_detection (v4),roboflow\train\images210_jpg.rf.147b22f13983a34b1f7ff0752a00899a.jpg,authentic,pid_00030,9,outer_packaging_or_product_photo,unclassified_needs_manual_review,640,640,JPEG,member_of_near_duplicate_cluster_size_9
roboflow_counterfeit_med_detection_b03cf86d36,Roboflow - Counterfeit_med_detection (v4),roboflow\train\images5052_jpg.rf.15a24dccab1bf28f8d0dc50e95f0ef7d.jpg,authentic,pid_00037,19,outer_packaging_or_product_photo,unclassified_needs_manual_review,640,640,JPEG,member_of_near_duplicate_cluster_size_19
roboflow_counterfeit_med_detection_21c44a0114,Roboflow - Counterfeit_med_detection (v4),roboflow\train\images209_jpg.rf.1559c9727146f2b9d9ed97981fcf512b.jpg,authentic,pid_00062,14,outer_packaging_or_product_photo,unclassified_needs_manual_review,640,640,JPEG,member_of_near_duplicate_cluster_size_14
roboflow_counterfeit_med_detection_c239d908ab,Roboflow - Counterfeit_med_detection (v4),roboflow\train\images21_jpg.rf.148acd345ee89266eafed2e4f2d3e2a1.jpg,authentic,pid_00053,12,outer_packaging_or_product_photo,unclassified_needs_manual_review,640,640,JPEG,member_of_near_duplicate_cluster_size_12
roboflow_counterfeit_med_detection_13d735e81c,Roboflow - Counterfeit_med_detection (v4),roboflow\train\images5113_jpg.rf.14a0effd0c716acd458db1af7abe7e69.jpg,authentic,pid_00258,17,outer_packaging_or_product_photo,unclassified_needs_manual_review,640,640,JPEG,member_of_near_duplicate_cluster_size_17
roboflow_counterfeit_med_detection_88396988ef,Roboflow - Counterfeit_med_detection (v4),roboflow\train\images37_jpg.rf.158c6f6f0410f7f9e87c29f4fd78fa5b.jpg,authentic,pid_00296,3,outer_packaging_or_product_photo,unclassified_needs_manual_review,640,640,JPEG,member_of_near_duplicate_cluster_size_3
roboflow_counterfeit_med_detection_a04bbd48ca,Roboflow - Counterfeit_med_detection (v4),roboflow\train\images212_jpg.rf.14ed89026f274df1cd22a1b4e10d1110.jpg,authentic,pid_00024,22,outer_packaging_or_product_photo,unclassified_needs_manual_review,640,640,JPEG,member_of_near_duplicate_cluster_size_22
roboflow_counterfeit_med_detection_0b2a74c8f3,Roboflow - Counterfeit_med_detection (v4),roboflow\train\images4110_jpg.rf.1579eb9867fe16a27d841b702171dccc.jpg,authentic,pid_00000,19,outer_packaging_or_product_photo,unclassified_needs_manual_review,640,640,JPEG,member_of_near_duplicate_cluster_size_19
roboflow_counterfeit_med_detection_1a5db4d642,Roboflow - Counterfeit_med_detection (v4),roboflow\train\images252_jpg.rf.1517d15492a033b10c8244366dc02fe4.jpg,authentic,pid_00016,10,outer_packaging_or_product_photo,unclassified_needs_manual_review,640,640,JPEG,member_of_near_duplicate_cluster_size_10
roboflow_counterfeit_med_detection_d012594bac,Roboflow - Counterfeit_med_detection (v4),roboflow\train\images342_jpg.rf.1595c482b2b915ddd1062e47479731ce.jpg,authentic,pid_00089,12,outer_packaging_or_product_photo,unclassified_needs_manual_review,640,640,JPEG,member_of_near_duplicate_cluster_size_12
roboflow_counterfeit_med_detection_5e4b3f472c,Roboflow - Counterfeit_med_detection (v4),roboflow\train\images15_jpg.rf.14bc76260d78531f3ef5899b47462528.jpg,authentic,pid_00008,6,outer_packaging_or_product_photo,unclassified_needs_manual_review,640,640,JPEG,member_of_near_duplicate_cluster_size_6
roboflow_counterfeit_med_detection_97fadc8698,Roboflow - Counterfeit_med_detection (v4),roboflow\train\images5085_jpg.rf.15ecbc18bf384fe28c1a83a25baf0b50.jpg,authentic,pid_00179,8,outer_packaging_or_product_photo,unclassified_needs_manual_review,640,640,JPEG,member_of_near_duplicate_cluster_size_8
roboflow_counterfeit_med_detection_dfd8ddfc58,Roboflow - Counterfeit_med_detection (v4),roboflow\train\images4058_jpg.rf.16071642026e62a144be1645b84954e9.jpg,authentic,pid_00158,43,outer_packaging_or_product_photo,unclassified_needs_manual_review,640,640,JPEG,member_of_near_duplicate_cluster_size_43
roboflow_counterfeit_med_detection_823000a311,Roboflow - Counterfeit_med_detection (v4),roboflow\train\images35_jpg.rf.1638865d995aa102ee8a3cc023b73e5e.jpg,authentic,pid_00187,12,outer_packaging_or_product_photo,unclassified_needs_manual_review,640,640,JPEG,member_of_near_duplicate_cluster_size_12
roboflow_counterfeit_med_detection_8879cb5f62,Roboflow - Counterfeit_med_detection (v4),roboflow\train\images4031_jpg.rf.16ef3701ab77bbdaeaf99cbbd68425e8.jpg,authentic,pid_00012,23,outer_packaging_or_product_photo,unclassified_needs_manual_review,640,640,JPEG,member_of_near_duplicate_cluster_size_23
roboflow_counterfeit_med_detection_de55f95ff3,Roboflow - Counterfeit_med_detection (v4),roboflow\train\images212_jpg.rf.16a182d9df9be1a09580c0ea11553cf5.jpg,authentic,pid_00024,22,outer_packaging_or_product_photo,unclassified_needs_manual_review,640,640,JPEG,member_of_near_duplicate_cluster_size_22
roboflow_counterfeit_med_detection_d6f577b170,Roboflow - Counterfeit_med_detection (v4),roboflow\train\images4069_jpg.rf.1642950f2c81b8cf15a2ea7fdf1920f9.jpg,authentic,pid_00275,10,outer_packaging_or_product_photo,unclassified_needs_manual_review,640,640,JPEG,member_of_near_duplicate_cluster_size_10
roboflow_counterfeit_med_detection_ad0e7bba2a,Roboflow - Counterfeit_med_detection (v4),roboflow\train\images5067_jpg.rf.16aa8f9b75d7dda989e54ae08bc04f65.jpg,authentic,pid_00244,12,outer_packaging_or_product_photo,unclassified_needs_manual_review,640,640,JPEG,member_of_near_duplicate_cluster_size_12
roboflow_counterfeit_med_detection_d3b26dadfc,Roboflow - Counterfeit_med_detection (v4),roboflow\train\images4068_jpg.rf.168bce37a550081a3552f0b0339ed90d.jpg,authentic,pid_00076,19,outer_packaging_or_product_photo,unclassified_needs_manual_review,640,640,JPEG,member_of_near_duplicate_cluster_size_19
roboflow_counterfeit_med_detection_30b2e0a903,Roboflow - Counterfeit_med_detection (v4),roboflow\train\images225_jpg.rf.16e93e516ba0089310b6c73acd2510fe.jpg,authentic,pid_00171,19,outer_packaging_or_product_photo,unclassified_needs_manual_review,640,640,JPEG,member_of_near_duplicate_cluster_size_19
roboflow_counterfeit_med_detection_2925dde49f,Roboflow - Counterfeit_med_detection (v4),roboflow\train\images276_jpg.rf.170f6228e5062c79227d13c469427a65.jpg,authentic,pid_00297,4,outer_packaging_or_product_photo,unclassified_needs_manual_review,640,640,JPEG,member_of_near_duplicate_cluster_size_4
roboflow_counterfeit_med_detection_9b3fb42033,Roboflow - Counterfeit_med_detection (v4),roboflow\train\images5039_jpg.rf.16d71a62b539bc0dd3659664a9997749.jpg,authentic,pid_00298,3,outer_packaging_or_product_photo,unclassified_needs_manual_review,640,640,JPEG,member_of_near_duplicate_cluster_size_3
roboflow_counterfeit_med_detection_e3867d5a90,Roboflow - Counterfeit_med_detection (v4),roboflow\train\images4092_jpg.rf.16863dc9cf36d1ed481e0584c4ca368e.jpg,authentic,pid_00265,6,outer_packaging_or_product_photo,unclassified_needs_manual_review,640,640,JPEG,member_of_near_duplicate_cluster_size_6
roboflow_counterfeit_med_detection_f87216fe64,Roboflow - Counterfeit_med_detection (v4),roboflow\train\images42_jpg.rf.16fd5bd928a96052b1b834212375b691.jpg,authentic,pid_00195,21,outer_packaging_or_product_photo,unclassified_needs_manual_review,640,640,JPEG,member_of_near_duplicate_cluster_size_21
roboflow_counterfeit_med_detection_9919d0cf92,Roboflow - Counterfeit_med_detection (v4),roboflow\train\images5039_jpg.rf.17e2ef431e5cd93dfb6fb2388b461631.jpg,authentic,pid_00270,9,outer_packaging_or_product_photo,unclassified_needs_manual_review,640,640,JPEG,member_of_near_duplicate_cluster_size_9
roboflow_counterfeit_med_detection_aa69b6d037,Roboflow - Counterfeit_med_detection (v4),roboflow\train\images5069_jpg.rf.17f92a1e004c608d2bef109039351135.jpg,authentic,pid_00234,11,outer_packaging_or_product_photo,unclassified_needs_manual_review,640,640,JPEG,member_of_near_duplicate_cluster_size_11
roboflow_counterfeit_med_detection_602c66839c,Roboflow - Counterfeit_med_detection (v4),roboflow\train\images265_jpg.rf.173c83792f8582bc4e85d3c9447fd96b.jpg,authentic,pid_00242,6,outer_packaging_or_product_photo,unclassified_needs_manual_review,640,640,JPEG,member_of_near_duplicate_cluster_size_6
roboflow_counterfeit_med_detection_a2fac34926,Roboflow - Counterfeit_med_detection (v4),roboflow\train\images35_jpg.rf.1729d2a4c0a833bfda57f4860e094def.jpg,authentic,pid_00073,25,outer_packaging_or_product_photo,unclassified_needs_manual_review,640,640,JPEG,member_of_near_duplicate_cluster_size_25
roboflow_counterfeit_med_detection_85d1d1c29d,Roboflow - Counterfeit_med_detection (v4),roboflow\train\images23_jpg.rf.1872896018b0139fc9859e19807b992e.jpg,authentic,pid_00024,22,outer_packaging_or_product_photo,unclassified_needs_manual_review,640,640,JPEG,member_of_near_duplicate_cluster_size_22
roboflow_counterfeit_med_detection_a40c653948,Roboflow - Counterfeit_med_detection (v4),roboflow\train\images208_jpg.rf.1844760ebea67ccb28ffd4eca3500821.jpg,authentic,pid_00055,19,outer_packaging_or_product_photo,unclassified_needs_manual_review,640,640,JPEG,member_of_near_duplicate_cluster_size_19
roboflow_counterfeit_med_detection_6b9e06d373,Roboflow - Counterfeit_med_detection (v4),roboflow\train\images315_jpg.rf.185fb810cea42d89accd0f078d92ba31.jpg,authentic,pid_00299,7,outer_packaging_or_product_photo,unclassified_needs_manual_review,640,640,JPEG,member_of_near_duplicate_cluster_size_7
roboflow_counterfeit_med_detection_9c4c31f39e,Roboflow - Counterfeit_med_detection (v4),roboflow\train\images241_jpg.rf.185b2e9e9343780f144ea6478b0ac667.jpg,authentic,pid_00066,23,outer_packaging_or_product_photo,unclassified_needs_manual_review,640,640,JPEG,member_of_near_duplicate_cluster_size_23
roboflow_counterfeit_med_detection_80abf51401,Roboflow - Counterfeit_med_detection (v4),roboflow\train\images4040_jpg.rf.18f27be11012a77fb55cf8f8d7152eaa.jpg,authentic,pid_00166,24,outer_packaging_or_product_photo,unclassified_needs_manual_review,640,640,JPEG,member_of_near_duplicate_cluster_size_24
roboflow_counterfeit_med_detection_0e03cbf135,Roboflow - Counterfeit_med_detection (v4),roboflow\train\images07_jpg.rf.18de925ab06257e70c0ae4837b7685e6.jpg,authentic,pid_00105,20,outer_packaging_or_product_photo,unclassified_needs_manual_review,640,640,JPEG,member_of_near_duplicate_cluster_size_20
roboflow_counterfeit_med_detection_8e85067e5b,Roboflow - Counterfeit_med_detection (v4),roboflow\train\images4033_jpg.rf.196fc63d468af689fdff0dd403a46d5f.jpg,authentic,pid_00061,41,outer_packaging_or_product_photo,unclassified_needs_manual_review,640,640,JPEG,member_of_near_duplicate_cluster_size_41
roboflow_counterfeit_med_detection_43d2a6f486,Roboflow - Counterfeit_med_detection (v4),roboflow\train\images13_jpg.rf.192df083e5136386e7bf2aa48b4232a0.jpg,authentic,pid_00124,11,outer_packaging_or_product_photo,unclassified_needs_manual_review,640,640,JPEG,member_of_near_duplicate_cluster_size_11
roboflow_counterfeit_med_detection_1407003245,Roboflow - Counterfeit_med_detection (v4),roboflow\train\images36_jpg.rf.193cf70f6264e515f63d36599d59eafb.jpg,authentic,pid_00006,37,outer_packaging_or_product_photo,unclassified_needs_manual_review,640,640,JPEG,member_of_near_duplicate_cluster_size_37
roboflow_counterfeit_med_detection_b38e312ec8,Roboflow - Counterfeit_med_detection (v4),roboflow\train\images5062_jpg.rf.18f066d3629aa38a7e25bab2ff8ab57f.jpg,authentic,pid_00091,20,outer_packaging_or_product_photo,unclassified_needs_manual_review,640,640,JPEG,member_of_near_duplicate_cluster_size_20
roboflow_counterfeit_med_detection_0332ab376b,Roboflow - Counterfeit_med_detection (v4),roboflow\train\images323_jpg.rf.199965ad94dd8fc92725576d967d8a82.jpg,authentic,pid_00023,18,outer_packaging_or_product_photo,unclassified_needs_manual_review,640,640,JPEG,member_of_near_duplicate_cluster_size_18
roboflow_counterfeit_med_detection_961c2ddf4b,Roboflow - Counterfeit_med_detection (v4),roboflow\train\images5059_jpg.rf.1899d7be28cf693079450eae185fb6e2.jpg,authentic,pid_00121,19,outer_packaging_or_product_photo,unclassified_needs_manual_review,640,640,JPEG,member_of_near_duplicate_cluster_size_19
roboflow_counterfeit_med_detection_5ebe8e344c,Roboflow - Counterfeit_med_detection (v4),roboflow\train\images316_jpg.rf.19e3501db3d8e2cf97500b4381cfe9a6.jpg,authentic,pid_00064,19,outer_packaging_or_product_photo,unclassified_needs_manual_review,640,640,JPEG,member_of_near_duplicate_cluster_size_19
roboflow_counterfeit_med_detection_8db63a6b2c,Roboflow - Counterfeit_med_detection (v4),roboflow\train\images339_jpg.rf.1a0b59e583cc33bfa2a4a6f60d6cf6be.jpg,authentic,pid_00048,34,outer_packaging_or_product_photo,unclassified_needs_manual_review,640,640,JPEG,member_of_near_duplicate_cluster_size_34
roboflow_counterfeit_med_detection_3773b38bc6,Roboflow - Counterfeit_med_detection (v4),roboflow\train\images4064_jpg.rf.1a0459be534841582d5eb9acad7ea372.jpg,authentic,pid_00213,19,outer_packaging_or_product_photo,unclassified_needs_manual_review,640,640,JPEG,member_of_near_duplicate_cluster_size_19
roboflow_counterfeit_med_detection_ef5a78ab46,Roboflow - Counterfeit_med_detection (v4),roboflow\train\images256_jpg.rf.19c6f6fd3c2efcb306a017768b051583.jpg,authentic,pid_00066,23,outer_packaging_or_product_photo,unclassified_needs_manual_review,640,640,JPEG,member_of_near_duplicate_cluster_size_23
roboflow_counterfeit_med_detection_07f673c264,Roboflow - Counterfeit_med_detection (v4),roboflow\train\images5071_jpg.rf.1a95fa18508cd0a924d32216f6490123.jpg,authentic,pid_00174,20,outer_packaging_or_product_photo,unclassified_needs_manual_review,640,640,JPEG,member_of_near_duplicate_cluster_size_20
roboflow_counterfeit_med_detection_a2da399f11,Roboflow - Counterfeit_med_detection (v4),roboflow\train\images4064_jpg.rf.1a3999dd5b7c01016ef6ab6127068440.jpg,authentic,pid_00213,19,outer_packaging_or_product_photo,unclassified_needs_manual_review,640,640,JPEG,member_of_near_duplicate_cluster_size_19
roboflow_counterfeit_med_detection_24625db627,Roboflow - Counterfeit_med_detection (v4),roboflow\train\images265_jpg.rf.1a2e40a18475c16fad2473eea7f9d0fc.jpg,authentic,pid_00242,6,outer_packaging_or_product_photo,unclassified_needs_manual_review,640,640,JPEG,member_of_near_duplicate_cluster_size_6
roboflow_counterfeit_med_detection_d1d828b502,Roboflow - Counterfeit_med_detection (v4),roboflow\train\images08_jpg.rf.1ac366365a8d754100fab3430c0aafb6.jpg,authentic,pid_00300,1,outer_packaging_or_product_photo,unclassified_needs_manual_review,640,640,JPEG,
roboflow_counterfeit_med_detection_9e5b91e945,Roboflow - Counterfeit_med_detection (v4),roboflow\train\images4067_jpg.rf.1acd17aa2aafae709e87db779e41c2e3.jpg,authentic,pid_00104,20,outer_packaging_or_product_photo,unclassified_needs_manual_review,640,640,JPEG,member_of_near_duplicate_cluster_size_20
roboflow_counterfeit_med_detection_b9cc1dd7ae,Roboflow - Counterfeit_med_detection (v4),roboflow\train\images4120_jpg.rf.1a9941d674429d9ad2dd085b17a49a7c.jpg,authentic,pid_00261,19,outer_packaging_or_product_photo,unclassified_needs_manual_review,640,640,JPEG,member_of_near_duplicate_cluster_size_19
roboflow_counterfeit_med_detection_c899846790,Roboflow - Counterfeit_med_detection (v4),roboflow\train\images303_jpg.rf.1aa63ef1938341cd64a86de34df4f2f1.jpg,authentic,pid_00113,17,outer_packaging_or_product_photo,unclassified_needs_manual_review,640,640,JPEG,member_of_near_duplicate_cluster_size_17
roboflow_counterfeit_med_detection_0db7ef92e1,Roboflow - Counterfeit_med_detection (v4),roboflow\train\images11_jpg.rf.1ae64ac8c6204d30dd7b75e4cd1a65cc.jpg,authentic,pid_00223,13,outer_packaging_or_product_photo,unclassified_needs_manual_review,640,640,JPEG,member_of_near_duplicate_cluster_size_13
roboflow_counterfeit_med_detection_de1a1c60ba,Roboflow - Counterfeit_med_detection (v4),roboflow\train\images5106_jpg.rf.1b3ba057392670681a8dc86ed87782f3.jpg,authentic,pid_00115,19,outer_packaging_or_product_photo,unclassified_needs_manual_review,640,640,JPEG,member_of_near_duplicate_cluster_size_19
roboflow_counterfeit_med_detection_0a0adb2413,Roboflow - Counterfeit_med_detection (v4),roboflow\train\images231_jpg.rf.1b79260198e7ffbb22abf0821a51f67a.jpg,authentic,pid_00090,18,outer_packaging_or_product_photo,unclassified_needs_manual_review,640,640,JPEG,member_of_near_duplicate_cluster_size_18
roboflow_counterfeit_med_detection_37c562e059,Roboflow - Counterfeit_med_detection (v4),roboflow\train\images257_jpg.rf.1ba0967ef4db3df941359766c4fcd167.jpg,authentic,pid_00031,25,outer_packaging_or_product_photo,unclassified_needs_manual_review,640,640,JPEG,member_of_near_duplicate_cluster_size_25
roboflow_counterfeit_med_detection_b373d970e5,Roboflow - Counterfeit_med_detection (v4),roboflow\train\images4029_jpg.rf.1b29dc4c6eea2fdc7d9e884ee10b8e32.jpg,authentic,pid_00083,23,outer_packaging_or_product_photo,unclassified_needs_manual_review,640,640,JPEG,member_of_near_duplicate_cluster_size_23
roboflow_counterfeit_med_detection_67c58fea2e,Roboflow - Counterfeit_med_detection (v4),roboflow\train\images02_jpg.rf.1bb1c386a29d59a160bbb731de1e4357.jpg,authentic,pid_00007,14,outer_packaging_or_product_photo,unclassified_needs_manual_review,640,640,JPEG,member_of_near_duplicate_cluster_size_14
roboflow_counterfeit_med_detection_01e8700da4,Roboflow - Counterfeit_med_detection (v4),roboflow\train\images5096_jpg.rf.1b018f48614326d038829eba887201bb.jpg,authentic,pid_00141,18,outer_packaging_or_product_photo,unclassified_needs_manual_review,640,640,JPEG,member_of_near_duplicate_cluster_size_18
roboflow_counterfeit_med_detection_782b3ed243,Roboflow - Counterfeit_med_detection (v4),roboflow\train\images339_jpg.rf.1bf25279d83cf03fe329f465e4f63491.jpg,authentic,pid_00048,34,outer_packaging_or_product_photo,unclassified_needs_manual_review,640,640,JPEG,member_of_near_duplicate_cluster_size_34
roboflow_counterfeit_med_detection_a3d5912c58,Roboflow - Counterfeit_med_detection (v4),roboflow\train\images349_jpg.rf.1b37b789a74038116b27aeaec2520c67.jpg,authentic,pid_00259,16,outer_packaging_or_product_photo,unclassified_needs_manual_review,640,640,JPEG,member_of_near_duplicate_cluster_size_16
roboflow_counterfeit_med_detection_da20373ffe,Roboflow - Counterfeit_med_detection (v4),roboflow\train\images312_jpg.rf.1af4a59a66c81c43bb4083424db02737.jpg,authentic,pid_00150,13,outer_packaging_or_product_photo,unclassified_needs_manual_review,640,640,JPEG,member_of_near_duplicate_cluster_size_13
roboflow_counterfeit_med_detection_4dd8e1f82d,Roboflow - Counterfeit_med_detection (v4),roboflow\train\images208_jpg.rf.1c113a6640b0819eeaf7d3dcd8c3bf07.jpg,authentic,pid_00196,17,outer_packaging_or_product_photo,unclassified_needs_manual_review,640,640,JPEG,member_of_near_duplicate_cluster_size_17
roboflow_counterfeit_med_detection_9dd1d2499e,Roboflow - Counterfeit_med_detection (v4),roboflow\train\images4025_jpg.rf.1bd2e4f5b1435708b8333834832e6fab.jpg,authentic,pid_00129,29,outer_packaging_or_product_photo,unclassified_needs_manual_review,640,640,JPEG,member_of_near_duplicate_cluster_size_29
roboflow_counterfeit_med_detection_f165cb6796,Roboflow - Counterfeit_med_detection (v4),roboflow\train\images307_jpg.rf.1b8c63a71b04017c9f1a467f87814a53.jpg,authentic,pid_00205,10,outer_packaging_or_product_photo,unclassified_needs_manual_review,640,640,JPEG,member_of_near_duplicate_cluster_size_10
roboflow_counterfeit_med_detection_d6da15a6dd,Roboflow - Counterfeit_med_detection (v4),roboflow\train\images4044_jpg.rf.1b129dff4e75d9b319bcaaccf0bca8a2.jpg,authentic,pid_00140,24,outer_packaging_or_product_photo,unclassified_needs_manual_review,640,640,JPEG,member_of_near_duplicate_cluster_size_24
roboflow_counterfeit_med_detection_bb973ef416,Roboflow - Counterfeit_med_detection (v4),roboflow\train\images4038_jpg.rf.1c6cbc4ddf37fdcf966a236aebee86d6.jpg,authentic,pid_00057,55,outer_packaging_or_product_photo,unclassified_needs_manual_review,640,640,JPEG,member_of_near_duplicate_cluster_size_55
roboflow_counterfeit_med_detection_c525e23c2f,Roboflow - Counterfeit_med_detection (v4),roboflow\train\images5080_jpg.rf.1c74ecd6133edf82bc1acbddb6aaec28.jpg,authentic,pid_00005,28,outer_packaging_or_product_photo,unclassified_needs_manual_review,640,640,JPEG,member_of_near_duplicate_cluster_size_28
roboflow_counterfeit_med_detection_9733edc236,Roboflow - Counterfeit_med_detection (v4),roboflow\train\images347_jpg.rf.1c5793bfb1a883638fba9037811d2c4d.jpg,authentic,pid_00119,35,outer_packaging_or_product_photo,unclassified_needs_manual_review,640,640,JPEG,member_of_near_duplicate_cluster_size_35
roboflow_counterfeit_med_detection_03d390ece6,Roboflow - Counterfeit_med_detection (v4),roboflow\train\images338_jpg.rf.1c8a71e7bcc21b54e0048a6ce23ae087.jpg,authentic,pid_00301,1,outer_packaging_or_product_photo,unclassified_needs_manual_review,640,640,JPEG,
roboflow_counterfeit_med_detection_3b3b8c4ade,Roboflow - Counterfeit_med_detection (v4),roboflow\train\images312_jpg.rf.1c8522da8fdc5f3d2fcda5dec8f213b4.jpg,authentic,pid_00150,13,outer_packaging_or_product_photo,unclassified_needs_manual_review,640,640,JPEG,member_of_near_duplicate_cluster_size_13
roboflow_counterfeit_med_detection_1c97d05e25,Roboflow - Counterfeit_med_detection (v4),roboflow\train\images236_jpg.rf.1c4d24e93d1ee7b71245ca2ac2c9cadc.jpg,authentic,pid_00055,19,outer_packaging_or_product_photo,unclassified_needs_manual_review,640,640,JPEG,member_of_near_duplicate_cluster_size_19
roboflow_counterfeit_med_detection_810f887ec8,Roboflow - Counterfeit_med_detection (v4),roboflow\train\images310_jpg.rf.1cbe32887312bb95987fed9466ba87c9.jpg,authentic,pid_00302,6,outer_packaging_or_product_photo,unclassified_needs_manual_review,640,640,JPEG,member_of_near_duplicate_cluster_size_6
roboflow_counterfeit_med_detection_a7a9f3136b,Roboflow - Counterfeit_med_detection (v4),roboflow\train\images275_jpg.rf.1cc1f5bdd15b36e43312b8edbd26cdb4.jpg,authentic,pid_00107,19,outer_packaging_or_product_photo,unclassified_needs_manual_review,640,640,JPEG,member_of_near_duplicate_cluster_size_19
roboflow_counterfeit_med_detection_8a80d65c9e,Roboflow - Counterfeit_med_detection (v4),roboflow\train\images244_jpg.rf.1cd6d17de37afeeb02b3618dc602533b.jpg,authentic,pid_00182,12,outer_packaging_or_product_photo,unclassified_needs_manual_review,640,640,JPEG,member_of_near_duplicate_cluster_size_12
roboflow_counterfeit_med_detection_1f4ecc9ad0,Roboflow - Counterfeit_med_detection (v4),roboflow\train\images227_jpg.rf.1ce885730a838103b6a321922cdeb0dc.jpg,authentic,pid_00191,11,outer_packaging_or_product_photo,unclassified_needs_manual_review,640,640,JPEG,member_of_near_duplicate_cluster_size_11
roboflow_counterfeit_med_detection_c483993e08,Roboflow - Counterfeit_med_detection (v4),roboflow\train\images5112_jpg.rf.1d10dc2271ac19df3f539667e1539b35.jpg,authentic,pid_00035,19,outer_packaging_or_product_photo,unclassified_needs_manual_review,640,640,JPEG,member_of_near_duplicate_cluster_size_19
roboflow_counterfeit_med_detection_ed5d569aef,Roboflow - Counterfeit_med_detection (v4),roboflow\train\images5063_jpg.rf.1ce81dc2a91ae343e01ddbe341c0a3f7.jpg,authentic,pid_00285,14,outer_packaging_or_product_photo,unclassified_needs_manual_review,640,640,JPEG,member_of_near_duplicate_cluster_size_14
roboflow_counterfeit_med_detection_871a63174e,Roboflow - Counterfeit_med_detection (v4),roboflow\train\images13_jpg.rf.1d312c62f875b505f2a6a420d057e721.jpg,authentic,pid_00303,2,outer_packaging_or_product_photo,unclassified_needs_manual_review,640,640,JPEG,member_of_near_duplicate_cluster_size_2
roboflow_counterfeit_med_detection_32818a8e78,Roboflow - Counterfeit_med_detection (v4),roboflow\train\images347_jpg.rf.1d7eb4dd377d807ca5a17a15091e716d.jpg,authentic,pid_00119,35,outer_packaging_or_product_photo,unclassified_needs_manual_review,640,640,JPEG,member_of_near_duplicate_cluster_size_35
roboflow_counterfeit_med_detection_6cf838112b,Roboflow - Counterfeit_med_detection (v4),roboflow\train\images310_jpg.rf.1dbfefc4bd32927f0cf73be773ee72be.jpg,authentic,pid_00238,3,outer_packaging_or_product_photo,unclassified_needs_manual_review,640,640,JPEG,member_of_near_duplicate_cluster_size_3
roboflow_counterfeit_med_detection_6820a43a03,Roboflow - Counterfeit_med_detection (v4),roboflow\train\images5095_jpg.rf.1cdd777b1b54a7c18c995d448b6095a2.jpg,authentic,pid_00148,13,outer_packaging_or_product_photo,unclassified_needs_manual_review,640,640,JPEG,member_of_near_duplicate_cluster_size_13
roboflow_counterfeit_med_detection_5fc1a09b1e,Roboflow - Counterfeit_med_detection (v4),roboflow\train\images4044_jpg.rf.1da3a8eece87f6ea425ce518d8a5628e.jpg,authentic,pid_00274,13,outer_packaging_or_product_photo,unclassified_needs_manual_review,640,640,JPEG,member_of_near_duplicate_cluster_size_13
roboflow_counterfeit_med_detection_d37008ac57,Roboflow - Counterfeit_med_detection (v4),roboflow\train\images5111_jpg.rf.1dda33e42b29573aa236f2672520c521.jpg,authentic,pid_00088,35,outer_packaging_or_product_photo,unclassified_needs_manual_review,640,640,JPEG,member_of_near_duplicate_cluster_size_35
roboflow_counterfeit_med_detection_d8253154e1,Roboflow - Counterfeit_med_detection (v4),roboflow\train\images42_jpg.rf.1da6517b95cb47c844bf44d71040b691.jpg,authentic,pid_00195,21,outer_packaging_or_product_photo,unclassified_needs_manual_review,640,640,JPEG,member_of_near_duplicate_cluster_size_21
roboflow_counterfeit_med_detection_028f69de8f,Roboflow - Counterfeit_med_detection (v4),roboflow\train\images4060_jpg.rf.1df6ce5f0512d8fb49a55a4eae847c94.jpg,authentic,pid_00010,56,outer_packaging_or_product_photo,unclassified_needs_manual_review,640,640,JPEG,member_of_near_duplicate_cluster_size_56
roboflow_counterfeit_med_detection_31b05d3061,Roboflow - Counterfeit_med_detection (v4),roboflow\train\images09_jpg.rf.1e34db7d0285c2b2526c12ddf78b1368.jpg,authentic,pid_00044,12,outer_packaging_or_product_photo,unclassified_needs_manual_review,640,640,JPEG,member_of_near_duplicate_cluster_size_12
roboflow_counterfeit_med_detection_6e1d5c2df2,Roboflow - Counterfeit_med_detection (v4),roboflow\train\images5060_jpg.rf.1eaae9f6677ff7e17f05469efec5ba36.jpg,authentic,pid_00155,7,outer_packaging_or_product_photo,unclassified_needs_manual_review,640,640,JPEG,member_of_near_duplicate_cluster_size_7
roboflow_counterfeit_med_detection_526595652d,Roboflow - Counterfeit_med_detection (v4),roboflow\train\images4068_jpg.rf.1e7d3365b5fdee3dd034354e13a1e5fb.jpg,authentic,pid_00076,19,outer_packaging_or_product_photo,unclassified_needs_manual_review,640,640,JPEG,member_of_near_duplicate_cluster_size_19
roboflow_counterfeit_med_detection_27013e10a5,Roboflow - Counterfeit_med_detection (v4),roboflow\train\images275_jpg.rf.1e28080618a044b87004599f62359cdc.jpg,authentic,pid_00107,19,outer_packaging_or_product_photo,unclassified_needs_manual_review,640,640,JPEG,member_of_near_duplicate_cluster_size_19
roboflow_counterfeit_med_detection_0873b63510,Roboflow - Counterfeit_med_detection (v4),roboflow\train\images4092_jpg.rf.1ec97b062d81ad214b8f46549b7d6e69.jpg,authentic,pid_00272,5,outer_packaging_or_product_photo,unclassified_needs_manual_review,640,640,JPEG,member_of_near_duplicate_cluster_size_5
roboflow_counterfeit_med_detection_09a078374c,Roboflow - Counterfeit_med_detection (v4),roboflow\train\images4066_jpg.rf.1e7540f88da9353b76064983160f4fdf.jpg,authentic,pid_00264,19,outer_packaging_or_product_photo,unclassified_needs_manual_review,640,640,JPEG,member_of_near_duplicate_cluster_size_19
roboflow_counterfeit_med_detection_751f141cbb,Roboflow - Counterfeit_med_detection (v4),roboflow\train\download_jpg.rf.1e7609b8f53ddb15a04f9ad911e75e8e.jpg,counterfeit,pid_00304,3,outer_packaging_or_product_photo,unclassified_needs_manual_review,640,640,JPEG,member_of_near_duplicate_cluster_size_3; rare_class_for_this_source_only_3_raw_instances_survived_filtering
roboflow_counterfeit_med_detection_b4869e370e,Roboflow - Counterfeit_med_detection (v4),roboflow\train\images348_jpg.rf.1ee5fa2be9363f01c57e45d5b540437b.jpg,authentic,pid_00038,37,outer_packaging_or_product_photo,unclassified_needs_manual_review,640,640,JPEG,member_of_near_duplicate_cluster_size_37
roboflow_counterfeit_med_detection_90698e392f,Roboflow - Counterfeit_med_detection (v4),roboflow\train\images29_jpg.rf.1eac839b221ba579f91d5de6e55bed79.jpg,authentic,pid_00184,19,outer_packaging_or_product_photo,unclassified_needs_manual_review,640,640,JPEG,member_of_near_duplicate_cluster_size_19
roboflow_counterfeit_med_detection_19713bbfba,Roboflow - Counterfeit_med_detection (v4),roboflow\train\images352_jpg.rf.1f3b2f3063760dd1ed5aaa38dbd31266.jpg,authentic,pid_00227,9,outer_packaging_or_product_photo,unclassified_needs_manual_review,640,640,JPEG,member_of_near_duplicate_cluster_size_9
roboflow_counterfeit_med_detection_7ecae52414,Roboflow - Counterfeit_med_detection (v4),roboflow\train\images352_jpg.rf.1ef825431e4a1ad8e77231d49fae40b2.jpg,authentic,pid_00046,18,outer_packaging_or_product_photo,unclassified_needs_manual_review,640,640,JPEG,member_of_near_duplicate_cluster_size_18
roboflow_counterfeit_med_detection_bde996e873,Roboflow - Counterfeit_med_detection (v4),roboflow\train\images42_jpg.rf.1f3f60eaac8dcb6159ef905fd322019b.jpg,authentic,pid_00195,21,outer_packaging_or_product_photo,unclassified_needs_manual_review,640,640,JPEG,member_of_near_duplicate_cluster_size_21
roboflow_counterfeit_med_detection_18c174bd79,Roboflow - Counterfeit_med_detection (v4),roboflow\train\images241_jpg.rf.1f430dcb5d13c2f30bbc0cd9e89ab567.jpg,authentic,pid_00237,12,outer_packaging_or_product_photo,unclassified_needs_manual_review,640,640,JPEG,member_of_near_duplicate_cluster_size_12
roboflow_counterfeit_med_detection_fc101f1b87,Roboflow - Counterfeit_med_detection (v4),roboflow\train\images245_jpg.rf.1f1b17d0986b21e2ec9c6b59bee61d7b.jpg,authentic,pid_00254,14,outer_packaging_or_product_photo,unclassified_needs_manual_review,640,640,JPEG,member_of_near_duplicate_cluster_size_14
roboflow_counterfeit_med_detection_3229265b61,Roboflow - Counterfeit_med_detection (v4),roboflow\train\images4044_jpg.rf.1f3e969e8b211b84c46bba6db996829e.jpg,authentic,pid_00140,24,outer_packaging_or_product_photo,unclassified_needs_manual_review,640,640,JPEG,member_of_near_duplicate_cluster_size_24
roboflow_counterfeit_med_detection_48d67f1ac5,Roboflow - Counterfeit_med_detection (v4),roboflow\train\images4054_jpg.rf.1f43977448792fff1b279f059a980ea1.jpg,authentic,pid_00028,35,outer_packaging_or_product_photo,unclassified_needs_manual_review,640,640,JPEG,member_of_near_duplicate_cluster_size_35
roboflow_counterfeit_med_detection_3a95dd3c3c,Roboflow - Counterfeit_med_detection (v4),roboflow\train\images5069_jpg.rf.1f7c58e0e85addec4e266b6c9fd5f93d.jpg,authentic,pid_00234,11,outer_packaging_or_product_photo,unclassified_needs_manual_review,640,640,JPEG,member_of_near_duplicate_cluster_size_11
roboflow_counterfeit_med_detection_a22b14ca55,Roboflow - Counterfeit_med_detection (v4),roboflow\train\images4079_jpg.rf.1f575cc342dca6b1368a042ff2ac1766.jpg,authentic,pid_00103,13,outer_packaging_or_product_photo,unclassified_needs_manual_review,640,640,JPEG,member_of_near_duplicate_cluster_size_13
roboflow_counterfeit_med_detection_fd678dc8ad,Roboflow - Counterfeit_med_detection (v4),roboflow\train\images5127_jpg.rf.1f9b19d9c59cf78a945cfbf8582df52c.jpg,authentic,pid_00015,12,outer_packaging_or_product_photo,unclassified_needs_manual_review,640,640,JPEG,member_of_near_duplicate_cluster_size_12
roboflow_counterfeit_med_detection_4db09d780c,Roboflow - Counterfeit_med_detection (v4),roboflow\train\images4061_jpg.rf.203d668bc24222b4a7d366601fdb5153.jpg,authentic,pid_00051,17,outer_packaging_or_product_photo,unclassified_needs_manual_review,640,640,JPEG,member_of_near_duplicate_cluster_size_17
roboflow_counterfeit_med_detection_a196776c77,Roboflow - Counterfeit_med_detection (v4),roboflow\train\images5045_jpg.rf.2168dbd774b0004246cda4a2e76bd84c.jpg,authentic,pid_00096,34,outer_packaging_or_product_photo,unclassified_needs_manual_review,640,640,JPEG,member_of_near_duplicate_cluster_size_34
roboflow_counterfeit_med_detection_c9aefc4472,Roboflow - Counterfeit_med_detection (v4),roboflow\train\images5080_jpg.rf.20122bf3e77c4770688ae3e485d51fe8.jpg,authentic,pid_00202,10,outer_packaging_or_product_photo,unclassified_needs_manual_review,640,640,JPEG,member_of_near_duplicate_cluster_size_10
roboflow_counterfeit_med_detection_7baeee9b97,Roboflow - Counterfeit_med_detection (v4),roboflow\train\images5056_jpg.rf.208ccafd0b318a7566bf2dff22627b01.jpg,authentic,pid_00173,7,outer_packaging_or_product_photo,unclassified_needs_manual_review,640,640,JPEG,member_of_near_duplicate_cluster_size_7
roboflow_counterfeit_med_detection_fef3fa7d6a,Roboflow - Counterfeit_med_detection (v4),roboflow\train\images4093_jpg.rf.20c93d2eb109f55cb44a6bd2968c740c.jpg,authentic,pid_00251,12,outer_packaging_or_product_photo,unclassified_needs_manual_review,640,640,JPEG,member_of_near_duplicate_cluster_size_12
roboflow_counterfeit_med_detection_03f1dad54d,Roboflow - Counterfeit_med_detection (v4),roboflow\train\images347_jpg.rf.2146ee78451f2c0e8c9b8588cc5166ee.jpg,authentic,pid_00305,1,outer_packaging_or_product_photo,unclassified_needs_manual_review,640,640,JPEG,
roboflow_counterfeit_med_detection_5ec254e4b1,Roboflow - Counterfeit_med_detection (v4),roboflow\train\images4095_jpg.rf.207b4537282b621a8d41fc3d03760d3a.jpg,authentic,pid_00306,2,outer_packaging_or_product_photo,unclassified_needs_manual_review,640,640,JPEG,member_of_near_duplicate_cluster_size_2
roboflow_counterfeit_med_detection_c5994f6f49,Roboflow - Counterfeit_med_detection (v4),roboflow\train\images346_jpg.rf.212cf817dccc599ec479947098722226.jpg,authentic,pid_00189,24,outer_packaging_or_product_photo,unclassified_needs_manual_review,640,640,JPEG,member_of_near_duplicate_cluster_size_24
roboflow_counterfeit_med_detection_ecaa1eeb10,Roboflow - Counterfeit_med_detection (v4),roboflow\train\images225_jpg.rf.1f9cfa9a88fb5f09b54f5a98b9339640.jpg,authentic,pid_00171,19,outer_packaging_or_product_photo,unclassified_needs_manual_review,640,640,JPEG,member_of_near_duplicate_cluster_size_19
roboflow_counterfeit_med_detection_e9c9a139b0,Roboflow - Counterfeit_med_detection (v4),roboflow\train\images46_jpg.rf.2177e443a422caf0ae639fde60b2d5b4.jpg,authentic,pid_00210,17,outer_packaging_or_product_photo,unclassified_needs_manual_review,640,640,JPEG,member_of_near_duplicate_cluster_size_17
roboflow_counterfeit_med_detection_04318a94e2,Roboflow - Counterfeit_med_detection (v4),roboflow\train\images265_jpg.rf.20dd1e65a9b086d35b21462e0d38e1d7.jpg,authentic,pid_00242,6,outer_packaging_or_product_photo,unclassified_needs_manual_review,640,640,JPEG,member_of_near_duplicate_cluster_size_6
roboflow_counterfeit_med_detection_2aa5325a95,Roboflow - Counterfeit_med_detection (v4),roboflow\train\images213_jpg.rf.214cc58fdefe831f5a42c965c1eaa4a8.jpg,authentic,pid_00243,6,outer_packaging_or_product_photo,unclassified_needs_manual_review,640,640,JPEG,member_of_near_duplicate_cluster_size_6
roboflow_counterfeit_med_detection_f60f10cc5d,Roboflow - Counterfeit_med_detection (v4),roboflow\train\images5113_jpg.rf.20dfe1cfb8b105c5bef3b1d87f9a3b4f.jpg,authentic,pid_00258,17,outer_packaging_or_product_photo,unclassified_needs_manual_review,640,640,JPEG,member_of_near_duplicate_cluster_size_17
roboflow_counterfeit_med_detection_d4853ca8a2,Roboflow - Counterfeit_med_detection (v4),roboflow\train\images5114_jpg.rf.2172538a21e5f325cb76eb7bb0078cfe.jpg,authentic,pid_00207,18,outer_packaging_or_product_photo,unclassified_needs_manual_review,640,640,JPEG,member_of_near_duplicate_cluster_size_18
roboflow_counterfeit_med_detection_eb197ea64f,Roboflow - Counterfeit_med_detection (v4),roboflow\train\images5085_jpg.rf.212345242f1f11cc9d546516ff071d47.jpg,authentic,pid_00021,10,outer_packaging_or_product_photo,unclassified_needs_manual_review,640,640,JPEG,member_of_near_duplicate_cluster_size_10
roboflow_counterfeit_med_detection_6c011bf365,Roboflow - Counterfeit_med_detection (v4),roboflow\train\images351_jpg.rf.21b81296b6a5b1c826e18bf8e0e61025.jpg,authentic,pid_00020,25,outer_packaging_or_product_photo,unclassified_needs_manual_review,640,640,JPEG,member_of_near_duplicate_cluster_size_25
roboflow_counterfeit_med_detection_68b1f3548a,Roboflow - Counterfeit_med_detection (v4),roboflow\train\images38_jpg.rf.21ae21f6561dd106ddd44f15b15832ba.jpg,authentic,pid_00039,35,outer_packaging_or_product_photo,unclassified_needs_manual_review,640,640,JPEG,member_of_near_duplicate_cluster_size_35
roboflow_counterfeit_med_detection_5ef7245c56,Roboflow - Counterfeit_med_detection (v4),roboflow\train\images4116_jpg.rf.2230f7fe39b56d30647e6ead7c9938c5.jpg,authentic,pid_00045,12,outer_packaging_or_product_photo,unclassified_needs_manual_review,640,640,JPEG,member_of_near_duplicate_cluster_size_12
roboflow_counterfeit_med_detection_61cff48547,Roboflow - Counterfeit_med_detection (v4),roboflow\train\images301_jpg.rf.21c74bb54e0d43772fcd1dfa2ba4dfb2.jpg,authentic,pid_00040,13,outer_packaging_or_product_photo,unclassified_needs_manual_review,640,640,JPEG,member_of_near_duplicate_cluster_size_13
roboflow_counterfeit_med_detection_fa30cf998a,Roboflow - Counterfeit_med_detection (v4),roboflow\train\images4087_jpg.rf.2237f5f13c70fa48ec5bcde93eaee10b.jpg,authentic,pid_00135,20,outer_packaging_or_product_photo,unclassified_needs_manual_review,640,640,JPEG,member_of_near_duplicate_cluster_size_20
roboflow_counterfeit_med_detection_b7d82736d9,Roboflow - Counterfeit_med_detection (v4),roboflow\train\images5032_jpg.rf.22a81e748639bf1b3433ad61ef992c67.jpg,authentic,pid_00013,19,outer_packaging_or_product_photo,unclassified_needs_manual_review,640,640,JPEG,member_of_near_duplicate_cluster_size_19
roboflow_counterfeit_med_detection_358fdc2b2b,Roboflow - Counterfeit_med_detection (v4),roboflow\train\images268_jpg.rf.20f7e5f94b37185e018f8108ef54d1f6.jpg,authentic,pid_00010,56,outer_packaging_or_product_photo,unclassified_needs_manual_review,640,640,JPEG,member_of_near_duplicate_cluster_size_56
roboflow_counterfeit_med_detection_1d23bd9593,Roboflow - Counterfeit_med_detection (v4),roboflow\train\images19_jpg.rf.2261d4c7f7ba77ad4845441445fd401a.jpg,authentic,pid_00114,13,outer_packaging_or_product_photo,unclassified_needs_manual_review,640,640,JPEG,member_of_near_duplicate_cluster_size_13
roboflow_counterfeit_med_detection_7a73f5648e,Roboflow - Counterfeit_med_detection (v4),roboflow\train\images4044_jpg.rf.2238dcb0b168885b1c3c6af44e447853.jpg,authentic,pid_00274,13,outer_packaging_or_product_photo,unclassified_needs_manual_review,640,640,JPEG,member_of_near_duplicate_cluster_size_13
roboflow_counterfeit_med_detection_b0b4211211,Roboflow - Counterfeit_med_detection (v4),roboflow\train\images4039_jpg.rf.227ee1fa2161b9ffa896e068314bcc63.jpg,authentic,pid_00069,17,outer_packaging_or_product_photo,unclassified_needs_manual_review,640,640,JPEG,member_of_near_duplicate_cluster_size_17
roboflow_counterfeit_med_detection_ff9fb69393,Roboflow - Counterfeit_med_detection (v4),roboflow\train\images226_jpg.rf.226a8a7c9166e0b17238dd8baae22ccb.jpg,authentic,pid_00186,19,outer_packaging_or_product_photo,unclassified_needs_manual_review,640,640,JPEG,member_of_near_duplicate_cluster_size_19
roboflow_counterfeit_med_detection_a6b63dbaa2,Roboflow - Counterfeit_med_detection (v4),roboflow\train\images5034_jpg.rf.22ae53185d5b61e151e9d0046800e2ae.jpg,authentic,pid_00009,19,outer_packaging_or_product_photo,unclassified_needs_manual_review,640,640,JPEG,member_of_near_duplicate_cluster_size_19
roboflow_counterfeit_med_detection_9bbc05022d,Roboflow - Counterfeit_med_detection (v4),roboflow\train\images5064_jpg.rf.2356ac5dfc8600624d5e093359aa337c.jpg,authentic,pid_00252,13,outer_packaging_or_product_photo,unclassified_needs_manual_review,640,640,JPEG,member_of_near_duplicate_cluster_size_13
roboflow_counterfeit_med_detection_8499646bb3,Roboflow - Counterfeit_med_detection (v4),roboflow\train\images4029_jpg.rf.230c1ae3b121fe6628300795524ce945.jpg,authentic,pid_00060,14,outer_packaging_or_product_photo,unclassified_needs_manual_review,640,640,JPEG,member_of_near_duplicate_cluster_size_14
roboflow_counterfeit_med_detection_626dd37207,Roboflow - Counterfeit_med_detection (v4),roboflow\train\images19_jpg.rf.234890600f843d6de951e1fd85fb1d6b.jpg,authentic,pid_00114,13,outer_packaging_or_product_photo,unclassified_needs_manual_review,640,640,JPEG,member_of_near_duplicate_cluster_size_13
roboflow_counterfeit_med_detection_cb21c100a5,Roboflow - Counterfeit_med_detection (v4),roboflow\train\images347_jpg.rf.22e14fdba991685c6f554a12adb05a00.jpg,authentic,pid_00119,35,outer_packaging_or_product_photo,unclassified_needs_manual_review,640,640,JPEG,member_of_near_duplicate_cluster_size_35
roboflow_counterfeit_med_detection_763162c862,Roboflow - Counterfeit_med_detection (v4),roboflow\train\images38_jpg.rf.233e98d5fa533617b9b83f6727c098fb.jpg,authentic,pid_00039,35,outer_packaging_or_product_photo,unclassified_needs_manual_review,640,640,JPEG,member_of_near_duplicate_cluster_size_35
roboflow_counterfeit_med_detection_6bbd93f0d4,Roboflow - Counterfeit_med_detection (v4),roboflow\train\images342_jpg.rf.23403ff90c92597f90b114a5a83106d6.jpg,authentic,pid_00002,25,outer_packaging_or_product_photo,unclassified_needs_manual_review,640,640,JPEG,member_of_near_duplicate_cluster_size_25
roboflow_counterfeit_med_detection_1749579c04,Roboflow - Counterfeit_med_detection (v4),roboflow\train\images244_jpg.rf.23bfec80f787b2e7946fa0e9f8092682.jpg,authentic,pid_00182,12,outer_packaging_or_product_photo,unclassified_needs_manual_review,640,640,JPEG,member_of_near_duplicate_cluster_size_12
roboflow_counterfeit_med_detection_76a552c5ae,Roboflow - Counterfeit_med_detection (v4),roboflow\train\images4025_jpg.rf.23b8cdb099d7471489c0e066a2b248f2.jpg,authentic,pid_00129,29,outer_packaging_or_product_photo,unclassified_needs_manual_review,640,640,JPEG,member_of_near_duplicate_cluster_size_29
roboflow_counterfeit_med_detection_c3f96a5bbd,Roboflow - Counterfeit_med_detection (v4),roboflow\train\images352_jpg.rf.23dc400c23f914a84e4af8b0c4d15536.jpg,authentic,pid_00227,9,outer_packaging_or_product_photo,unclassified_needs_manual_review,640,640,JPEG,member_of_near_duplicate_cluster_size_9
roboflow_counterfeit_med_detection_17dec18601,Roboflow - Counterfeit_med_detection (v4),roboflow\train\images239_jpg.rf.23bdac25d44d71ce71423d5115a057af.jpg,authentic,pid_00094,25,outer_packaging_or_product_photo,unclassified_needs_manual_review,640,640,JPEG,member_of_near_duplicate_cluster_size_25
roboflow_counterfeit_med_detection_b60dfcfc31,Roboflow - Counterfeit_med_detection (v4),roboflow\train\images4058_jpg.rf.23bdebda9c96c8a1f0eed6d48502c851.jpg,authentic,pid_00077,19,outer_packaging_or_product_photo,unclassified_needs_manual_review,640,640,JPEG,member_of_near_duplicate_cluster_size_19
roboflow_counterfeit_med_detection_c7912b5e90,Roboflow - Counterfeit_med_detection (v4),roboflow\train\images257_jpg.rf.23e46ebd86d82e01f218c7f25e4aceff.jpg,authentic,pid_00031,25,outer_packaging_or_product_photo,unclassified_needs_manual_review,640,640,JPEG,member_of_near_duplicate_cluster_size_25
roboflow_counterfeit_med_detection_67a84b9820,Roboflow - Counterfeit_med_detection (v4),roboflow\train\images226_jpg.rf.24282b60d3827f61dad72ef607b5143e.jpg,authentic,pid_00186,19,outer_packaging_or_product_photo,unclassified_needs_manual_review,640,640,JPEG,member_of_near_duplicate_cluster_size_19
roboflow_counterfeit_med_detection_ba44e6ba97,Roboflow - Counterfeit_med_detection (v4),roboflow\train\images07_jpg.rf.23de5e8b6bcac6f4eb2a92d0ef1ad48b.jpg,authentic,pid_00105,20,outer_packaging_or_product_photo,unclassified_needs_manual_review,640,640,JPEG,member_of_near_duplicate_cluster_size_20
roboflow_counterfeit_med_detection_138e5917bf,Roboflow - Counterfeit_med_detection (v4),roboflow\train\images254_jpg.rf.236ed9a0fd9163771d747f071e46c04a.jpg,authentic,pid_00180,17,outer_packaging_or_product_photo,unclassified_needs_manual_review,640,640,JPEG,member_of_near_duplicate_cluster_size_17
roboflow_counterfeit_med_detection_198251b775,Roboflow - Counterfeit_med_detection (v4),roboflow\train\images255_jpg.rf.239abebcf334a8faaf991edae83e122d.jpg,authentic,pid_00151,6,outer_packaging_or_product_photo,unclassified_needs_manual_review,640,640,JPEG,member_of_near_duplicate_cluster_size_6
roboflow_counterfeit_med_detection_6e89a1a6e8,Roboflow - Counterfeit_med_detection (v4),roboflow\train\images5107_jpg.rf.243635838048f95412ff42ffa7b5dce6.jpg,authentic,pid_00085,17,outer_packaging_or_product_photo,unclassified_needs_manual_review,640,640,JPEG,member_of_near_duplicate_cluster_size_17
roboflow_counterfeit_med_detection_902271f943,Roboflow - Counterfeit_med_detection (v4),roboflow\train\images4100_jpg.rf.23ddd45867d39a10f7dbec0c00118742.jpg,authentic,pid_00307,3,outer_packaging_or_product_photo,unclassified_needs_manual_review,640,640,JPEG,member_of_near_duplicate_cluster_size_3
roboflow_counterfeit_med_detection_1168792ff7,Roboflow - Counterfeit_med_detection (v4),roboflow\train\images08_jpg.rf.2441b3865bae8a4b4965f7b76d163ee0.jpg,authentic,pid_00043,19,outer_packaging_or_product_photo,unclassified_needs_manual_review,640,640,JPEG,member_of_near_duplicate_cluster_size_19
roboflow_counterfeit_med_detection_4b3fc3ca95,Roboflow - Counterfeit_med_detection (v4),roboflow\train\images5063_jpg.rf.245df1f5cb94be17de9f00b2ffd861e5.jpg,authentic,pid_00218,5,outer_packaging_or_product_photo,unclassified_needs_manual_review,640,640,JPEG,member_of_near_duplicate_cluster_size_5
roboflow_counterfeit_med_detection_eef75fbea7,Roboflow - Counterfeit_med_detection (v4),roboflow\train\images5069_jpg.rf.23e5911ce387cc8b253f411a68a52ce8.jpg,authentic,pid_00295,5,outer_packaging_or_product_photo,unclassified_needs_manual_review,640,640,JPEG,member_of_near_duplicate_cluster_size_5
roboflow_counterfeit_med_detection_586c53ed98,Roboflow - Counterfeit_med_detection (v4),roboflow\train\images5035_jpg.rf.2429b17cee8e68233b2487fcf1bf75d3.jpg,authentic,pid_00125,19,outer_packaging_or_product_photo,unclassified_needs_manual_review,640,640,JPEG,member_of_near_duplicate_cluster_size_19
roboflow_counterfeit_med_detection_2325387ebb,Roboflow - Counterfeit_med_detection (v4),roboflow\train\images4033_jpg.rf.2453c12285d2eb1c02e78084b040c625.jpg,authentic,pid_00061,41,outer_packaging_or_product_photo,unclassified_needs_manual_review,640,640,JPEG,member_of_near_duplicate_cluster_size_41
roboflow_counterfeit_med_detection_25ad57bab6,Roboflow - Counterfeit_med_detection (v4),roboflow\train\images5113_jpg.rf.2468ef8edf56ae9c3681f52092311b13.jpg,authentic,pid_00258,17,outer_packaging_or_product_photo,unclassified_needs_manual_review,640,640,JPEG,member_of_near_duplicate_cluster_size_17
roboflow_counterfeit_med_detection_2903290df5,Roboflow - Counterfeit_med_detection (v4),roboflow\train\images320_jpg.rf.248d73acbe487e37bf0009a4c80ca1c8.jpg,authentic,pid_00284,13,outer_packaging_or_product_photo,unclassified_needs_manual_review,640,640,JPEG,member_of_near_duplicate_cluster_size_13
roboflow_counterfeit_med_detection_a771e41cf9,Roboflow - Counterfeit_med_detection (v4),roboflow\train\images208_jpg.rf.24e3e3cbd3749f1b3040d3162946030e.jpg,authentic,pid_00055,19,outer_packaging_or_product_photo,unclassified_needs_manual_review,640,640,JPEG,member_of_near_duplicate_cluster_size_19
roboflow_counterfeit_med_detection_fc91d9f97c,Roboflow - Counterfeit_med_detection (v4),roboflow\train\images4045_jpg.rf.247a65179e6f0b3f47c6c3ca5047ff53.jpg,authentic,pid_00071,8,outer_packaging_or_product_photo,unclassified_needs_manual_review,640,640,JPEG,member_of_near_duplicate_cluster_size_8
roboflow_counterfeit_med_detection_a315de3dfa,Roboflow - Counterfeit_med_detection (v4),roboflow\train\images310_jpg.rf.249d8e2e6e3c65edd493aa40dd2ec4d5.jpg,authentic,pid_00302,6,outer_packaging_or_product_photo,unclassified_needs_manual_review,640,640,JPEG,member_of_near_duplicate_cluster_size_6
roboflow_counterfeit_med_detection_ef52240020,Roboflow - Counterfeit_med_detection (v4),roboflow\train\images4031_jpg.rf.244be6afec7aa1782928e582cd4ece4f.jpg,authentic,pid_00012,23,outer_packaging_or_product_photo,unclassified_needs_manual_review,640,640,JPEG,member_of_near_duplicate_cluster_size_23
roboflow_counterfeit_med_detection_4271159119,Roboflow - Counterfeit_med_detection (v4),roboflow\train\images5096_jpg.rf.24bdb7f78d4fbb88ac16309956f3cf78.jpg,authentic,pid_00141,18,outer_packaging_or_product_photo,unclassified_needs_manual_review,640,640,JPEG,member_of_near_duplicate_cluster_size_18
roboflow_counterfeit_med_detection_2eae9f2159,Roboflow - Counterfeit_med_detection (v4),roboflow\train\images5106_jpg.rf.256be58458bf98ada25f5c0da1c78ca3.jpg,authentic,pid_00115,19,outer_packaging_or_product_photo,unclassified_needs_manual_review,640,640,JPEG,member_of_near_duplicate_cluster_size_19
roboflow_counterfeit_med_detection_a379489e2c,Roboflow - Counterfeit_med_detection (v4),roboflow\train\images240_jpg.rf.2507c14ce326b0e5832b4099f0961d89.jpg,authentic,pid_00248,13,outer_packaging_or_product_photo,unclassified_needs_manual_review,640,640,JPEG,member_of_near_duplicate_cluster_size_13
roboflow_counterfeit_med_detection_686fd07290,Roboflow - Counterfeit_med_detection (v4),roboflow\train\images320_jpg.rf.2525002ee8a57ec4c8cf6d0b3f2d547c.jpg,authentic,pid_00284,13,outer_packaging_or_product_photo,unclassified_needs_manual_review,640,640,JPEG,member_of_near_duplicate_cluster_size_13
roboflow_counterfeit_med_detection_0bab158a16,Roboflow - Counterfeit_med_detection (v4),roboflow\train\images262_jpg.rf.260ddf924afd4f6c2c31097ac2be9af4.jpg,authentic,pid_00072,20,outer_packaging_or_product_photo,unclassified_needs_manual_review,640,640,JPEG,member_of_near_duplicate_cluster_size_20
roboflow_counterfeit_med_detection_b7ecd5e413,Roboflow - Counterfeit_med_detection (v4),roboflow\train\images225_jpg.rf.25b1ec67c00910b4770071a834feea42.jpg,authentic,pid_00171,19,outer_packaging_or_product_photo,unclassified_needs_manual_review,640,640,JPEG,member_of_near_duplicate_cluster_size_19
roboflow_counterfeit_med_detection_6ba028a8c6,Roboflow - Counterfeit_med_detection (v4),roboflow\train\images5040_jpg.rf.26212f7aa2af16e390d686da182359de.jpg,authentic,pid_00099,17,outer_packaging_or_product_photo,unclassified_needs_manual_review,640,640,JPEG,member_of_near_duplicate_cluster_size_17
roboflow_counterfeit_med_detection_f1b1033ede,Roboflow - Counterfeit_med_detection (v4),roboflow\train\images311_jpg.rf.25a2635aa8e50a9420c1984c4b4d3546.jpg,authentic,pid_00122,7,outer_packaging_or_product_photo,unclassified_needs_manual_review,640,640,JPEG,member_of_near_duplicate_cluster_size_7
roboflow_counterfeit_med_detection_9ade17c9fa,Roboflow - Counterfeit_med_detection (v4),roboflow\train\images263_jpg.rf.260011cab14e1dbb3d24aaf953130c41.jpg,authentic,pid_00235,7,outer_packaging_or_product_photo,unclassified_needs_manual_review,640,640,JPEG,member_of_near_duplicate_cluster_size_7
roboflow_counterfeit_med_detection_007e736abc,Roboflow - Counterfeit_med_detection (v4),roboflow\train\images226_jpg.rf.26843cd7aea7e5a3b65f360d85bdfa88.jpg,authentic,pid_00186,19,outer_packaging_or_product_photo,unclassified_needs_manual_review,640,640,JPEG,member_of_near_duplicate_cluster_size_19
roboflow_counterfeit_med_detection_560dd84b08,Roboflow - Counterfeit_med_detection (v4),roboflow\train\images276_jpg.rf.265b13c7778de7b93023ebfeed570774.jpg,authentic,pid_00308,8,outer_packaging_or_product_photo,unclassified_needs_manual_review,640,640,JPEG,member_of_near_duplicate_cluster_size_8
roboflow_counterfeit_med_detection_8ad27604a6,Roboflow - Counterfeit_med_detection (v4),roboflow\train\images5100_jpg.rf.261c6266002679745cd3325abafcb641.jpg,authentic,pid_00214,17,outer_packaging_or_product_photo,unclassified_needs_manual_review,640,640,JPEG,member_of_near_duplicate_cluster_size_17
roboflow_counterfeit_med_detection_a09553a1fa,Roboflow - Counterfeit_med_detection (v4),roboflow\train\images4045_jpg.rf.268be2d1341e083edb0fe374e1930bf4.jpg,authentic,pid_00164,12,outer_packaging_or_product_photo,unclassified_needs_manual_review,640,640,JPEG,member_of_near_duplicate_cluster_size_12
roboflow_counterfeit_med_detection_8c41ebe7a6,Roboflow - Counterfeit_med_detection (v4),roboflow\train\images4110_jpg.rf.2689c38f150530939b415317f8dc6236.jpg,authentic,pid_00000,19,outer_packaging_or_product_photo,unclassified_needs_manual_review,640,640,JPEG,member_of_near_duplicate_cluster_size_19
roboflow_counterfeit_med_detection_11b9780fd0,Roboflow - Counterfeit_med_detection (v4),roboflow\train\images5039_jpg.rf.25eafc29253c7aa2e889ce2cc07dae25.jpg,authentic,pid_00270,9,outer_packaging_or_product_photo,unclassified_needs_manual_review,640,640,JPEG,member_of_near_duplicate_cluster_size_9
roboflow_counterfeit_med_detection_9be051e134,Roboflow - Counterfeit_med_detection (v4),roboflow\train\images5111_jpg.rf.262d5556faa8d590360d20cfc86665d8.jpg,authentic,pid_00088,35,outer_packaging_or_product_photo,unclassified_needs_manual_review,640,640,JPEG,member_of_near_duplicate_cluster_size_35
roboflow_counterfeit_med_detection_a0d90b3e7d,Roboflow - Counterfeit_med_detection (v4),roboflow\train\images5107_jpg.rf.26c45a5b9960c568cfd5f7e4eedd4eed.jpg,authentic,pid_00085,17,outer_packaging_or_product_photo,unclassified_needs_manual_review,640,640,JPEG,member_of_near_duplicate_cluster_size_17
roboflow_counterfeit_med_detection_f5b0f40743,Roboflow - Counterfeit_med_detection (v4),roboflow\train\images5126_jpg.rf.267bf24f569b082079f757fed02d8a04.jpg,authentic,pid_00192,8,outer_packaging_or_product_photo,unclassified_needs_manual_review,640,640,JPEG,member_of_near_duplicate_cluster_size_8
roboflow_counterfeit_med_detection_4d85e9510a,Roboflow - Counterfeit_med_detection (v4),roboflow\train\images4039_jpg.rf.26d32155e026881c8585908ba4213deb.jpg,authentic,pid_00075,20,outer_packaging_or_product_photo,unclassified_needs_manual_review,640,640,JPEG,member_of_near_duplicate_cluster_size_20
roboflow_counterfeit_med_detection_d011170804,Roboflow - Counterfeit_med_detection (v4),roboflow\train\images4090_jpg.rf.26e81d4cf92536fd7f254b3aa509a353.jpg,authentic,pid_00084,21,outer_packaging_or_product_photo,unclassified_needs_manual_review,640,640,JPEG,member_of_near_duplicate_cluster_size_21
roboflow_counterfeit_med_detection_68912ae7ba,Roboflow - Counterfeit_med_detection (v4),roboflow\train\images31_jpg.rf.276f20eed6d2786925b0e66ee094f54f.jpg,authentic,pid_00116,18,outer_packaging_or_product_photo,unclassified_needs_manual_review,640,640,JPEG,member_of_near_duplicate_cluster_size_18
roboflow_counterfeit_med_detection_2d1a2c1db5,Roboflow - Counterfeit_med_detection (v4),roboflow\train\images4107_jpg.rf.271a9565dae037dbea8a4b8924937bb1.jpg,authentic,pid_00098,13,outer_packaging_or_product_photo,unclassified_needs_manual_review,640,640,JPEG,member_of_near_duplicate_cluster_size_13
roboflow_counterfeit_med_detection_36ad3ba433,Roboflow - Counterfeit_med_detection (v4),roboflow\train\images228_jpg.rf.271cb84b381c74a547dd50c7f245bed7.jpg,authentic,pid_00131,33,outer_packaging_or_product_photo,unclassified_needs_manual_review,640,640,JPEG,member_of_near_duplicate_cluster_size_33
roboflow_counterfeit_med_detection_9497cabda8,Roboflow - Counterfeit_med_detection (v4),roboflow\train\images5044_jpg.rf.276aaf3f7e36bb5087357b9031df41dc.jpg,authentic,pid_00014,19,outer_packaging_or_product_photo,unclassified_needs_manual_review,640,640,JPEG,member_of_near_duplicate_cluster_size_19
roboflow_counterfeit_med_detection_2e25279cb0,Roboflow - Counterfeit_med_detection (v4),roboflow\train\images4082_jpg.rf.27cf567e5feb3b45350605aa8973afeb.jpg,authentic,pid_00154,18,outer_packaging_or_product_photo,unclassified_needs_manual_review,640,640,JPEG,member_of_near_duplicate_cluster_size_18
roboflow_counterfeit_med_detection_325ee7b172,Roboflow - Counterfeit_med_detection (v4),roboflow\train\images4047_jpg.rf.2732d02753a8eca5ecb01af317ff2b4d.jpg,authentic,pid_00130,12,outer_packaging_or_product_photo,unclassified_needs_manual_review,640,640,JPEG,member_of_near_duplicate_cluster_size_12
roboflow_counterfeit_med_detection_3a5fdc496a,Roboflow - Counterfeit_med_detection (v4),roboflow\train\images4035_jpg.rf.278e569ac2e47d83f44c128a1d835c0d.jpg,authentic,pid_00146,18,outer_packaging_or_product_photo,unclassified_needs_manual_review,640,640,JPEG,member_of_near_duplicate_cluster_size_18
roboflow_counterfeit_med_detection_ee6f08399d,Roboflow - Counterfeit_med_detection (v4),roboflow\train\images213_jpg.rf.27be966b2483603b4b907c8b58fb339d.jpg,authentic,pid_00204,5,outer_packaging_or_product_photo,unclassified_needs_manual_review,640,640,JPEG,member_of_near_duplicate_cluster_size_5
roboflow_counterfeit_med_detection_9ec1bb7384,Roboflow - Counterfeit_med_detection (v4),roboflow\train\images5085_jpg.rf.2852ee2c2a3002f06818223ca7f6bc2d.jpg,authentic,pid_00179,8,outer_packaging_or_product_photo,unclassified_needs_manual_review,640,640,JPEG,member_of_near_duplicate_cluster_size_8
roboflow_counterfeit_med_detection_22f5bdb1d1,Roboflow - Counterfeit_med_detection (v4),roboflow\train\images5031_jpg.rf.27a863908419c6af631a31352cb78233.jpg,authentic,pid_00131,33,outer_packaging_or_product_photo,unclassified_needs_manual_review,640,640,JPEG,member_of_near_duplicate_cluster_size_33
roboflow_counterfeit_med_detection_5c3c863be5,Roboflow - Counterfeit_med_detection (v4),roboflow\train\images5023_jpg.rf.284c65e6b149a9e7dad00df61b466957.jpg,authentic,pid_00096,34,outer_packaging_or_product_photo,unclassified_needs_manual_review,640,640,JPEG,member_of_near_duplicate_cluster_size_34
roboflow_counterfeit_med_detection_5bad8c862e,Roboflow - Counterfeit_med_detection (v4),roboflow\train\images4039_jpg.rf.280e9926e3091c7014df9c76dbcd4edd.jpg,authentic,pid_00069,17,outer_packaging_or_product_photo,unclassified_needs_manual_review,640,640,JPEG,member_of_near_duplicate_cluster_size_17
roboflow_counterfeit_med_detection_cefa706768,Roboflow - Counterfeit_med_detection (v4),roboflow\train\images5090_jpg.rf.2757e71adadb7ae40b2c5026924c8ab2.jpg,authentic,pid_00029,7,outer_packaging_or_product_photo,unclassified_needs_manual_review,640,640,JPEG,member_of_near_duplicate_cluster_size_7
roboflow_counterfeit_med_detection_55cabafddc,Roboflow - Counterfeit_med_detection (v4),roboflow\train\images320_jpg.rf.2861e2b5dc0377a58babf5d7126977ca.jpg,authentic,pid_00236,6,outer_packaging_or_product_photo,unclassified_needs_manual_review,640,640,JPEG,member_of_near_duplicate_cluster_size_6
roboflow_counterfeit_med_detection_3a52f34ef6,Roboflow - Counterfeit_med_detection (v4),roboflow\train\images4040_jpg.rf.2716a4f05762fad66a132ce1aec5c465.jpg,authentic,pid_00050,3,outer_packaging_or_product_photo,unclassified_needs_manual_review,640,640,JPEG,member_of_near_duplicate_cluster_size_3
roboflow_counterfeit_med_detection_212835e25a,Roboflow - Counterfeit_med_detection (v4),roboflow\train\images252_jpg.rf.27628addd052fc2ba8ced00b5b48d4e2.jpg,authentic,pid_00016,10,outer_packaging_or_product_photo,unclassified_needs_manual_review,640,640,JPEG,member_of_near_duplicate_cluster_size_10
roboflow_counterfeit_med_detection_5045855325,Roboflow - Counterfeit_med_detection (v4),roboflow\train\images310_jpg.rf.27e2f64bf889ca21e47019b03171179a.jpg,authentic,pid_00190,10,outer_packaging_or_product_photo,unclassified_needs_manual_review,640,640,JPEG,member_of_near_duplicate_cluster_size_10
roboflow_counterfeit_med_detection_02f3f71065,Roboflow - Counterfeit_med_detection (v4),roboflow\train\images21_jpg.rf.2873e3476bb8959cc2f79f06dac5204f.jpg,authentic,pid_00161,7,outer_packaging_or_product_photo,unclassified_needs_manual_review,640,640,JPEG,member_of_near_duplicate_cluster_size_7
roboflow_counterfeit_med_detection_4428eaba47,Roboflow - Counterfeit_med_detection (v4),roboflow\train\images342_jpg.rf.2881b925a361e7e2290a45532138f759.jpg,authentic,pid_00002,25,outer_packaging_or_product_photo,unclassified_needs_manual_review,640,640,JPEG,member_of_near_duplicate_cluster_size_25
roboflow_counterfeit_med_detection_531a98755c,Roboflow - Counterfeit_med_detection (v4),roboflow\train\images283_jpg.rf.28a5fa42dae08022a3dd2662261a79db.jpg,authentic,pid_00111,6,outer_packaging_or_product_photo,unclassified_needs_manual_review,640,640,JPEG,member_of_near_duplicate_cluster_size_6
roboflow_counterfeit_med_detection_6e69bd0854,Roboflow - Counterfeit_med_detection (v4),roboflow\train\images5030_jpg.rf.28b07432ee29ec9c01922fac043edcaf.jpg,authentic,pid_00267,12,outer_packaging_or_product_photo,unclassified_needs_manual_review,640,640,JPEG,member_of_near_duplicate_cluster_size_12
roboflow_counterfeit_med_detection_38be92a398,Roboflow - Counterfeit_med_detection (v4),roboflow\train\images38_jpg.rf.28ce8a43f83a98588e8726c8212e0601.jpg,authentic,pid_00039,35,outer_packaging_or_product_photo,unclassified_needs_manual_review,640,640,JPEG,member_of_near_duplicate_cluster_size_35
roboflow_counterfeit_med_detection_2434f03667,Roboflow - Counterfeit_med_detection (v4),roboflow\train\images231_jpg.rf.294d1eace20fc8f7caa56db3fb2c2861.jpg,authentic,pid_00090,18,outer_packaging_or_product_photo,unclassified_needs_manual_review,640,640,JPEG,member_of_near_duplicate_cluster_size_18
roboflow_counterfeit_med_detection_4aeb89e953,Roboflow - Counterfeit_med_detection (v4),roboflow\train\images4048_jpg.rf.293acd9ecbf4c9acb57fc72989e2c227.jpg,authentic,pid_00017,28,outer_packaging_or_product_photo,unclassified_needs_manual_review,640,640,JPEG,member_of_near_duplicate_cluster_size_28
roboflow_counterfeit_med_detection_4ae72c3324,Roboflow - Counterfeit_med_detection (v4),roboflow\train\images4063_jpg.rf.293315c04fd56664448399e82692615b.jpg,authentic,pid_00123,11,outer_packaging_or_product_photo,unclassified_needs_manual_review,640,640,JPEG,member_of_near_duplicate_cluster_size_11
roboflow_counterfeit_med_detection_c99ad3adc2,Roboflow - Counterfeit_med_detection (v4),roboflow\train\images263_jpg.rf.29a3420697b21094009cda5ad35bd058.jpg,authentic,pid_00094,25,outer_packaging_or_product_photo,unclassified_needs_manual_review,640,640,JPEG,member_of_near_duplicate_cluster_size_25
roboflow_counterfeit_med_detection_c9def0cb67,Roboflow - Counterfeit_med_detection (v4),roboflow\train\images47_jpg.rf.29c44f5eb5755056944e73c82c69dd70.jpg,authentic,pid_00280,12,outer_packaging_or_product_photo,unclassified_needs_manual_review,640,640,JPEG,member_of_near_duplicate_cluster_size_12
roboflow_counterfeit_med_detection_a9efe81f44,Roboflow - Counterfeit_med_detection (v4),roboflow\train\images347_jpg.rf.2a0652b894bc27d6135fbb97b1c3ba25.jpg,authentic,pid_00119,35,outer_packaging_or_product_photo,unclassified_needs_manual_review,640,640,JPEG,member_of_near_duplicate_cluster_size_35
roboflow_counterfeit_med_detection_03d08a8daf,Roboflow - Counterfeit_med_detection (v4),roboflow\train\images47_jpg.rf.296232b851184a5043356de09f758a1a.jpg,authentic,pid_00280,12,outer_packaging_or_product_photo,unclassified_needs_manual_review,640,640,JPEG,member_of_near_duplicate_cluster_size_12
roboflow_counterfeit_med_detection_12041868d1,Roboflow - Counterfeit_med_detection (v4),roboflow\train\images227_jpg.rf.2912e552b96ace90ef83887962ac2cb1.jpg,authentic,pid_00156,5,outer_packaging_or_product_photo,unclassified_needs_manual_review,640,640,JPEG,member_of_near_duplicate_cluster_size_5
roboflow_counterfeit_med_detection_8dae49ab1b,Roboflow - Counterfeit_med_detection (v4),roboflow\train\images351_jpg.rf.2a19af101e536f4fd8c694549f6aeade.jpg,authentic,pid_00128,12,outer_packaging_or_product_photo,unclassified_needs_manual_review,640,640,JPEG,member_of_near_duplicate_cluster_size_12
roboflow_counterfeit_med_detection_3c9042747a,Roboflow - Counterfeit_med_detection (v4),roboflow\train\images201_jpg.rf.2a226822b4ce980d6095bc56f9f6ad87.jpg,authentic,pid_00309,10,outer_packaging_or_product_photo,unclassified_needs_manual_review,640,640,JPEG,member_of_near_duplicate_cluster_size_10
roboflow_counterfeit_med_detection_38f6531bc2,Roboflow - Counterfeit_med_detection (v4),roboflow\train\images5114_jpg.rf.29c0a9f0116a32272649fa346b4312b2.jpg,authentic,pid_00207,18,outer_packaging_or_product_photo,unclassified_needs_manual_review,640,640,JPEG,member_of_near_duplicate_cluster_size_18
roboflow_counterfeit_med_detection_1e2f653f22,Roboflow - Counterfeit_med_detection (v4),roboflow\train\images5024_jpg.rf.29aac591cf6f71dba8a0e476df25349b.jpg,authentic,pid_00310,1,outer_packaging_or_product_photo,unclassified_needs_manual_review,640,640,JPEG,
roboflow_counterfeit_med_detection_5329440f4d,Roboflow - Counterfeit_med_detection (v4),roboflow\train\images4063_jpg.rf.2a56ac888ad570072f6e36434d18334f.jpg,authentic,pid_00079,14,outer_packaging_or_product_photo,unclassified_needs_manual_review,640,640,JPEG,member_of_near_duplicate_cluster_size_14
roboflow_counterfeit_med_detection_becab60592,Roboflow - Counterfeit_med_detection (v4),roboflow\train\images4074_jpg.rf.2a3caf05e3035ac456fd5d2620db493f.jpg,authentic,pid_00273,19,outer_packaging_or_product_photo,unclassified_needs_manual_review,640,640,JPEG,member_of_near_duplicate_cluster_size_19
roboflow_counterfeit_med_detection_9f0616b464,Roboflow - Counterfeit_med_detection (v4),roboflow\train\images262_jpg.rf.29d7289e420bbfb22299339c7dfb9b79.jpg,authentic,pid_00072,20,outer_packaging_or_product_photo,unclassified_needs_manual_review,640,640,JPEG,member_of_near_duplicate_cluster_size_20
roboflow_counterfeit_med_detection_f22f6d43f2,Roboflow - Counterfeit_med_detection (v4),roboflow\train\images4079_jpg.rf.2a49689e71b39d4460a5f0f61a8fc8ae.jpg,authentic,pid_00103,13,outer_packaging_or_product_photo,unclassified_needs_manual_review,640,640,JPEG,member_of_near_duplicate_cluster_size_13
roboflow_counterfeit_med_detection_4f03f2fb5d,Roboflow - Counterfeit_med_detection (v4),roboflow\train\images201_jpg.rf.2a99fb37dc37f63bae2d310d08687532.jpg,authentic,pid_00291,12,outer_packaging_or_product_photo,unclassified_needs_manual_review,640,640,JPEG,member_of_near_duplicate_cluster_size_12
roboflow_counterfeit_med_detection_69a72537d7,Roboflow - Counterfeit_med_detection (v4),roboflow\train\images5064_jpg.rf.2a8b4b93fd5a182109c1b603e1bb3076.jpg,authentic,pid_00311,4,outer_packaging_or_product_photo,unclassified_needs_manual_review,640,640,JPEG,member_of_near_duplicate_cluster_size_4
roboflow_counterfeit_med_detection_1dec6ad96e,Roboflow - Counterfeit_med_detection (v4),roboflow\train\images5103_jpg.rf.2a83fa1e5f73b3657d3bdd99b74f62be.jpg,authentic,pid_00077,19,outer_packaging_or_product_photo,unclassified_needs_manual_review,640,640,JPEG,member_of_near_duplicate_cluster_size_19
roboflow_counterfeit_med_detection_0a2492f3c4,Roboflow - Counterfeit_med_detection (v4),roboflow\train\images257_jpg.rf.2a9ce66cbfca900082dc0d4b09c916ac.jpg,authentic,pid_00031,25,outer_packaging_or_product_photo,unclassified_needs_manual_review,640,640,JPEG,member_of_near_duplicate_cluster_size_25
roboflow_counterfeit_med_detection_37e83da094,Roboflow - Counterfeit_med_detection (v4),roboflow\train\images4047_jpg.rf.2b96c4ef642e1af173b18462c75f4b19.jpg,authentic,pid_00130,12,outer_packaging_or_product_photo,unclassified_needs_manual_review,640,640,JPEG,member_of_near_duplicate_cluster_size_12
roboflow_counterfeit_med_detection_314c77f24b,Roboflow - Counterfeit_med_detection (v4),roboflow\train\images346_jpg.rf.2ab9d3bd2eff53120f1fc2f34d2803de.jpg,authentic,pid_00052,12,outer_packaging_or_product_photo,unclassified_needs_manual_review,640,640,JPEG,member_of_near_duplicate_cluster_size_12
roboflow_counterfeit_med_detection_2e5cd11b46,Roboflow - Counterfeit_med_detection (v4),roboflow\train\images33_jpg.rf.2ac839e7885b2912f7e6ea873214e927.jpg,authentic,pid_00269,24,outer_packaging_or_product_photo,unclassified_needs_manual_review,640,640,JPEG,member_of_near_duplicate_cluster_size_24
roboflow_counterfeit_med_detection_efaeffaae6,Roboflow - Counterfeit_med_detection (v4),roboflow\train\images4061_jpg.rf.2b8e06e619d5353a9f1574ba85515f04.jpg,authentic,pid_00051,17,outer_packaging_or_product_photo,unclassified_needs_manual_review,640,640,JPEG,member_of_near_duplicate_cluster_size_17
roboflow_counterfeit_med_detection_31f66a4cd9,Roboflow - Counterfeit_med_detection (v4),roboflow\train\images4039_jpg.rf.2af58dc014c4c4fec7bb90dcf718df44.jpg,authentic,pid_00069,17,outer_packaging_or_product_photo,unclassified_needs_manual_review,640,640,JPEG,member_of_near_duplicate_cluster_size_17
roboflow_counterfeit_med_detection_1aae31fba8,Roboflow - Counterfeit_med_detection (v4),roboflow\train\images4092_jpg.rf.2b0e7fd1e36e3ce8dc02254dfb157dcb.jpg,authentic,pid_00272,5,outer_packaging_or_product_photo,unclassified_needs_manual_review,640,640,JPEG,member_of_near_duplicate_cluster_size_5
roboflow_counterfeit_med_detection_4cb46c434d,Roboflow - Counterfeit_med_detection (v4),roboflow\train\images201_jpg.rf.2b0ade32288d6a587e7123d840060730.jpg,authentic,pid_00291,12,outer_packaging_or_product_photo,unclassified_needs_manual_review,640,640,JPEG,member_of_near_duplicate_cluster_size_12
roboflow_counterfeit_med_detection_f9042408c9,Roboflow - Counterfeit_med_detection (v4),roboflow\train\images5087_jpg.rf.2a8bdb27cd526b91fe554c22e4d3c28c.jpg,authentic,pid_00181,18,outer_packaging_or_product_photo,unclassified_needs_manual_review,640,640,JPEG,member_of_near_duplicate_cluster_size_18
roboflow_counterfeit_med_detection_d4ced8f23f,Roboflow - Counterfeit_med_detection (v4),roboflow\train\images260_jpg.rf.2b591afbec7269db10a5d04e638dbe7b.jpg,authentic,pid_00160,19,outer_packaging_or_product_photo,unclassified_needs_manual_review,640,640,JPEG,member_of_near_duplicate_cluster_size_19
roboflow_counterfeit_med_detection_799c42420a,Roboflow - Counterfeit_med_detection (v4),roboflow\train\images02_jpg.rf.2b9668cd2d542668de34230041d778e5.jpg,authentic,pid_00312,6,outer_packaging_or_product_photo,unclassified_needs_manual_review,640,640,JPEG,member_of_near_duplicate_cluster_size_6
roboflow_counterfeit_med_detection_d012b6c1bf,Roboflow - Counterfeit_med_detection (v4),roboflow\train\images214_jpg.rf.2bd435e268d2600810b55aa6c21d4a15.jpg,authentic,pid_00082,19,outer_packaging_or_product_photo,unclassified_needs_manual_review,640,640,JPEG,member_of_near_duplicate_cluster_size_19
roboflow_counterfeit_med_detection_a4ab020497,Roboflow - Counterfeit_med_detection (v4),roboflow\train\images4068_jpg.rf.2af1ae94103bd9b1652d0ac6737d17a5.jpg,authentic,pid_00076,19,outer_packaging_or_product_photo,unclassified_needs_manual_review,640,640,JPEG,member_of_near_duplicate_cluster_size_19
roboflow_counterfeit_med_detection_781fcbeca0,Roboflow - Counterfeit_med_detection (v4),roboflow\train\images4116_jpg.rf.2bea63954525a9647efe419e93776c40.jpg,authentic,pid_00042,7,outer_packaging_or_product_photo,unclassified_needs_manual_review,640,640,JPEG,member_of_near_duplicate_cluster_size_7
roboflow_counterfeit_med_detection_8d81c316df,Roboflow - Counterfeit_med_detection (v4),roboflow\train\images5110_jpg.rf.2c1e1b914dc0c762e9636b1c02333256.jpg,authentic,pid_00313,3,outer_packaging_or_product_photo,unclassified_needs_manual_review,640,640,JPEG,member_of_near_duplicate_cluster_size_3
roboflow_counterfeit_med_detection_82ffa6b1ac,Roboflow - Counterfeit_med_detection (v4),roboflow\train\images4124_jpg.rf.2bf3b1bdaac2275132db55fca4fd6f69.jpg,authentic,pid_00152,19,outer_packaging_or_product_photo,unclassified_needs_manual_review,640,640,JPEG,member_of_near_duplicate_cluster_size_19
roboflow_counterfeit_med_detection_22aaf62f37,Roboflow - Counterfeit_med_detection (v4),roboflow\train\images4039_jpg.rf.2c684a43f54d7f78f15523a0d3c46449.jpg,authentic,pid_00069,17,outer_packaging_or_product_photo,unclassified_needs_manual_review,640,640,JPEG,member_of_near_duplicate_cluster_size_17
roboflow_counterfeit_med_detection_5bda91235c,Roboflow - Counterfeit_med_detection (v4),roboflow\train\images08_jpg.rf.2c0d5a68c0ec36fd9b697bbe3775b453.jpg,authentic,pid_00043,19,outer_packaging_or_product_photo,unclassified_needs_manual_review,640,640,JPEG,member_of_near_duplicate_cluster_size_19
roboflow_counterfeit_med_detection_de840cb0d6,Roboflow - Counterfeit_med_detection (v4),roboflow\train\images340_jpg.rf.2c2679abc439f8e9ddf5a5e834460b46.jpg,authentic,pid_00224,24,outer_packaging_or_product_photo,unclassified_needs_manual_review,640,640,JPEG,member_of_near_duplicate_cluster_size_24
roboflow_counterfeit_med_detection_acd4742f6c,Roboflow - Counterfeit_med_detection (v4),roboflow\train\images4066_jpg.rf.2c6aef2192589b59b6d24b8fbbc2f86a.jpg,authentic,pid_00264,19,outer_packaging_or_product_photo,unclassified_needs_manual_review,640,640,JPEG,member_of_near_duplicate_cluster_size_19
roboflow_counterfeit_med_detection_2e800633c1,Roboflow - Counterfeit_med_detection (v4),roboflow\train\images240_jpg.rf.2c8b35bb8d46fa607d8d82972fcc994f.jpg,authentic,pid_00078,6,outer_packaging_or_product_photo,unclassified_needs_manual_review,640,640,JPEG,member_of_near_duplicate_cluster_size_6
roboflow_counterfeit_med_detection_4be8967807,Roboflow - Counterfeit_med_detection (v4),roboflow\train\images321_jpg.rf.2c2c51b4cc9e8d5606b6df331c7680d1.jpg,authentic,pid_00074,55,outer_packaging_or_product_photo,unclassified_needs_manual_review,640,640,JPEG,member_of_near_duplicate_cluster_size_55
roboflow_counterfeit_med_detection_a5b9d1d5bf,Roboflow - Counterfeit_med_detection (v4),roboflow\train\images4095_jpg.rf.2cb0e18b096697cc7033bff01c3d10cb.jpg,authentic,pid_00032,16,outer_packaging_or_product_photo,unclassified_needs_manual_review,640,640,JPEG,member_of_near_duplicate_cluster_size_16
roboflow_counterfeit_med_detection_602b3d76db,Roboflow - Counterfeit_med_detection (v4),roboflow\train\images5095_jpg.rf.2bfc62fce34e4cc1e7ff2912e9c34315.jpg,authentic,pid_00249,6,outer_packaging_or_product_photo,unclassified_needs_manual_review,640,640,JPEG,member_of_near_duplicate_cluster_size_6
roboflow_counterfeit_med_detection_fea0f0c1dc,Roboflow - Counterfeit_med_detection (v4),roboflow\train\images351_jpg.rf.2caba658982225435f58efa2b0111693.jpg,authentic,pid_00128,12,outer_packaging_or_product_photo,unclassified_needs_manual_review,640,640,JPEG,member_of_near_duplicate_cluster_size_12
roboflow_counterfeit_med_detection_10dadfec2d,Roboflow - Counterfeit_med_detection (v4),roboflow\train\images316_jpg.rf.2cc5701be481e47659a8e41736cf212e.jpg,authentic,pid_00064,19,outer_packaging_or_product_photo,unclassified_needs_manual_review,640,640,JPEG,member_of_near_duplicate_cluster_size_19
roboflow_counterfeit_med_detection_8ddcbd6af9,Roboflow - Counterfeit_med_detection (v4),roboflow\train\images302_jpg.rf.2cb0278ea1cffd8e171a76135aaf8d73.jpg,authentic,pid_00018,18,outer_packaging_or_product_photo,unclassified_needs_manual_review,640,640,JPEG,member_of_near_duplicate_cluster_size_18
roboflow_counterfeit_med_detection_a6bddb8838,Roboflow - Counterfeit_med_detection (v4),roboflow\train\images5051_jpg.rf.2c9d5dbc16a00629ce84956402a54cd8.jpg,authentic,pid_00036,18,outer_packaging_or_product_photo,unclassified_needs_manual_review,640,640,JPEG,member_of_near_duplicate_cluster_size_18
roboflow_counterfeit_med_detection_5d5f125636,Roboflow - Counterfeit_med_detection (v4),roboflow\train\images4060_jpg.rf.2ce8f00aa361a1cea7edd34be7868799.jpg,authentic,pid_00010,56,outer_packaging_or_product_photo,unclassified_needs_manual_review,640,640,JPEG,member_of_near_duplicate_cluster_size_56
roboflow_counterfeit_med_detection_af46da37cf,Roboflow - Counterfeit_med_detection (v4),roboflow\train\images5071_jpg.rf.2cdbbf0e1672b43d705d683adf5705be.jpg,authentic,pid_00174,20,outer_packaging_or_product_photo,unclassified_needs_manual_review,640,640,JPEG,member_of_near_duplicate_cluster_size_20
roboflow_counterfeit_med_detection_d08200c62d,Roboflow - Counterfeit_med_detection (v4),roboflow\train\images11_jpg.rf.2c75105d3a685224a430861095907cc6.jpg,authentic,pid_00241,6,outer_packaging_or_product_photo,unclassified_needs_manual_review,640,640,JPEG,member_of_near_duplicate_cluster_size_6
roboflow_counterfeit_med_detection_fc534bd210,Roboflow - Counterfeit_med_detection (v4),roboflow\train\images201_jpg.rf.2db657edff1e9bc996f32d4716a90891.jpg,authentic,pid_00309,10,outer_packaging_or_product_photo,unclassified_needs_manual_review,640,640,JPEG,member_of_near_duplicate_cluster_size_10
roboflow_counterfeit_med_detection_090cc33b84,Roboflow - Counterfeit_med_detection (v4),roboflow\train\images46_jpg.rf.2d61741394a663bc6ff68d9bc5ec5ad0.jpg,authentic,pid_00210,17,outer_packaging_or_product_photo,unclassified_needs_manual_review,640,640,JPEG,member_of_near_duplicate_cluster_size_17
roboflow_counterfeit_med_detection_305147e1e5,Roboflow - Counterfeit_med_detection (v4),roboflow\train\images310_jpg.rf.2d2344bf552f27537987021687432bd0.jpg,authentic,pid_00190,10,outer_packaging_or_product_photo,unclassified_needs_manual_review,640,640,JPEG,member_of_near_duplicate_cluster_size_10
roboflow_counterfeit_med_detection_c7e36afd1a,Roboflow - Counterfeit_med_detection (v4),roboflow\train\images5063_jpg.rf.2d97b531b68babc458df1e61dbb53c49.jpg,authentic,pid_00285,14,outer_packaging_or_product_photo,unclassified_needs_manual_review,640,640,JPEG,member_of_near_duplicate_cluster_size_14
roboflow_counterfeit_med_detection_57f9da70e3,Roboflow - Counterfeit_med_detection (v4),roboflow\train\images260_jpg.rf.2d805aa28a697ed28f46fb1313df9291.jpg,authentic,pid_00160,19,outer_packaging_or_product_photo,unclassified_needs_manual_review,640,640,JPEG,member_of_near_duplicate_cluster_size_19
roboflow_counterfeit_med_detection_4b5e34161f,Roboflow - Counterfeit_med_detection (v4),roboflow\train\images4100_jpg.rf.2c9708aaaa95a722ee9fe1d2a00d53b8.jpg,authentic,pid_00307,3,outer_packaging_or_product_photo,unclassified_needs_manual_review,640,640,JPEG,member_of_near_duplicate_cluster_size_3
roboflow_counterfeit_med_detection_105fe0b52e,Roboflow - Counterfeit_med_detection (v4),roboflow\train\images5104_jpg.rf.2dc52005724a280a5632a27608f69dec.jpg,authentic,pid_00133,15,outer_packaging_or_product_photo,unclassified_needs_manual_review,640,640,JPEG,member_of_near_duplicate_cluster_size_15
roboflow_counterfeit_med_detection_3b655dc443,Roboflow - Counterfeit_med_detection (v4),roboflow\train\images5106_jpg.rf.2d292eb4e8cb428cee925c61e28eea45.jpg,authentic,pid_00115,19,outer_packaging_or_product_photo,unclassified_needs_manual_review,640,640,JPEG,member_of_near_duplicate_cluster_size_19
roboflow_counterfeit_med_detection_5eb0fe0147,Roboflow - Counterfeit_med_detection (v4),roboflow\train\images265_jpg.rf.2ddf7be60649b5b8e6e00d6e6304c35b.jpg,authentic,pid_00183,13,outer_packaging_or_product_photo,unclassified_needs_manual_review,640,640,JPEG,member_of_near_duplicate_cluster_size_13
roboflow_counterfeit_med_detection_6ffdf06ba1,Roboflow - Counterfeit_med_detection (v4),roboflow\train\images212_jpg.rf.2e341e0a6ba96abed4ab766fd0673253.jpg,authentic,pid_00233,10,outer_packaging_or_product_photo,unclassified_needs_manual_review,640,640,JPEG,member_of_near_duplicate_cluster_size_10
roboflow_counterfeit_med_detection_8f35117ad4,Roboflow - Counterfeit_med_detection (v4),roboflow\train\images214_jpg.rf.2e3e95034c48ed37a0f7b940a0b67abd.jpg,authentic,pid_00082,19,outer_packaging_or_product_photo,unclassified_needs_manual_review,640,640,JPEG,member_of_near_duplicate_cluster_size_19
roboflow_counterfeit_med_detection_0ed6b010cf,Roboflow - Counterfeit_med_detection (v4),roboflow\train\images349_jpg.rf.2eb1b8853d1a94117224518b69ee0575.jpg,authentic,pid_00112,9,outer_packaging_or_product_photo,unclassified_needs_manual_review,640,640,JPEG,member_of_near_duplicate_cluster_size_9
roboflow_counterfeit_med_detection_ebf20ffc73,Roboflow - Counterfeit_med_detection (v4),roboflow\train\images315_jpg.rf.2f51da39be44c1219367cb74dc386ed3.jpg,authentic,pid_00299,7,outer_packaging_or_product_photo,unclassified_needs_manual_review,640,640,JPEG,member_of_near_duplicate_cluster_size_7
roboflow_counterfeit_med_detection_09393c68b8,Roboflow - Counterfeit_med_detection (v4),roboflow\train\images4031_jpg.rf.2e8499b0021c94da39fde1d825450367.jpg,authentic,pid_00314,4,outer_packaging_or_product_photo,unclassified_needs_manual_review,640,640,JPEG,member_of_near_duplicate_cluster_size_4
roboflow_counterfeit_med_detection_f61b6690a3,Roboflow - Counterfeit_med_detection (v4),roboflow\train\images4064_jpg.rf.2ec0ae3508c435f6461377fdadd230ea.jpg,authentic,pid_00026,19,outer_packaging_or_product_photo,unclassified_needs_manual_review,640,640,JPEG,member_of_near_duplicate_cluster_size_19
roboflow_counterfeit_med_detection_2e7a441dad,Roboflow - Counterfeit_med_detection (v4),roboflow\train\images07_jpg.rf.2eb13b9556871ffb685a54c740676f63.jpg,authentic,pid_00105,20,outer_packaging_or_product_photo,unclassified_needs_manual_review,640,640,JPEG,member_of_near_duplicate_cluster_size_20
roboflow_counterfeit_med_detection_0274f7e696,Roboflow - Counterfeit_med_detection (v4),roboflow\train\images311_jpg.rf.2f6bddef05d0d3d88d15bc357202a144.jpg,authentic,pid_00122,7,outer_packaging_or_product_photo,unclassified_needs_manual_review,640,640,JPEG,member_of_near_duplicate_cluster_size_7
roboflow_counterfeit_med_detection_f2734b6cf9,Roboflow - Counterfeit_med_detection (v4),roboflow\train\images346_jpg.rf.2f7876c6c8a9f021fd01df39f12dd914.jpg,authentic,pid_00189,24,outer_packaging_or_product_photo,unclassified_needs_manual_review,640,640,JPEG,member_of_near_duplicate_cluster_size_24
roboflow_counterfeit_med_detection_170f9cc8ba,Roboflow - Counterfeit_med_detection (v4),roboflow\train\images4067_jpg.rf.2df84e8e1969ea547b4fc6cf9c558e4f.jpg,authentic,pid_00104,20,outer_packaging_or_product_photo,unclassified_needs_manual_review,640,640,JPEG,member_of_near_duplicate_cluster_size_20
roboflow_counterfeit_med_detection_7c01a9f842,Roboflow - Counterfeit_med_detection (v4),roboflow\train\images4094_jpg.rf.2e3532c374b2ae900dae690ff18a0d2d.jpg,authentic,pid_00025,19,outer_packaging_or_product_photo,unclassified_needs_manual_review,640,640,JPEG,member_of_near_duplicate_cluster_size_19
roboflow_counterfeit_med_detection_ab203bad2b,Roboflow - Counterfeit_med_detection (v4),roboflow\train\images4046_jpg.rf.2eefed1a143ef1a00b399d7984747be9.jpg,authentic,pid_00087,37,outer_packaging_or_product_photo,unclassified_needs_manual_review,640,640,JPEG,member_of_near_duplicate_cluster_size_37
roboflow_counterfeit_med_detection_68e128ec21,Roboflow - Counterfeit_med_detection (v4),roboflow\train\images4029_jpg.rf.2f99f20d35cbcdda81d858f875b07ac4.jpg,authentic,pid_00060,14,outer_packaging_or_product_photo,unclassified_needs_manual_review,640,640,JPEG,member_of_near_duplicate_cluster_size_14
roboflow_counterfeit_med_detection_dbeb2c60f3,Roboflow - Counterfeit_med_detection (v4),roboflow\train\images242_jpg.rf.2f8a5f5304d361c5c2b1e4d1cf857f0a.jpg,authentic,pid_00081,6,outer_packaging_or_product_photo,unclassified_needs_manual_review,640,640,JPEG,member_of_near_duplicate_cluster_size_6
roboflow_counterfeit_med_detection_21c4ff1126,Roboflow - Counterfeit_med_detection (v4),roboflow\train\images4045_jpg.rf.2ff45eaf383138211a34b8fea893bc21.jpg,authentic,pid_00268,12,outer_packaging_or_product_photo,unclassified_needs_manual_review,640,640,JPEG,member_of_near_duplicate_cluster_size_12
roboflow_counterfeit_med_detection_f74f0d66c4,Roboflow - Counterfeit_med_detection (v4),roboflow\train\images245_jpg.rf.2fb10122baff0e041c293858565c4d78.jpg,authentic,pid_00254,14,outer_packaging_or_product_photo,unclassified_needs_manual_review,640,640,JPEG,member_of_near_duplicate_cluster_size_14
roboflow_counterfeit_med_detection_8243e96c49,Roboflow - Counterfeit_med_detection (v4),roboflow\train\images5087_jpg.rf.3006d57900fac5b3e509a37d07314653.jpg,authentic,pid_00181,18,outer_packaging_or_product_photo,unclassified_needs_manual_review,640,640,JPEG,member_of_near_duplicate_cluster_size_18
roboflow_counterfeit_med_detection_6115c82713,Roboflow - Counterfeit_med_detection (v4),roboflow\train\images262_jpg.rf.300337a0e7da9b58fb50a77d5d3216c0.jpg,authentic,pid_00072,20,outer_packaging_or_product_photo,unclassified_needs_manual_review,640,640,JPEG,member_of_near_duplicate_cluster_size_20
roboflow_counterfeit_med_detection_762a38d534,Roboflow - Counterfeit_med_detection (v4),roboflow\train\images227_jpg.rf.3005b213daad562cc337df3277df0026.jpg,authentic,pid_00139,21,outer_packaging_or_product_photo,unclassified_needs_manual_review,640,640,JPEG,member_of_near_duplicate_cluster_size_21
roboflow_counterfeit_med_detection_bb5799db40,Roboflow - Counterfeit_med_detection (v4),roboflow\train\images4068_jpg.rf.309436c75ec11ffaf9fb6e5556090245.jpg,authentic,pid_00076,19,outer_packaging_or_product_photo,unclassified_needs_manual_review,640,640,JPEG,member_of_near_duplicate_cluster_size_19
roboflow_counterfeit_med_detection_d1c55f76ba,Roboflow - Counterfeit_med_detection (v4),roboflow\train\images4046_jpg.rf.30a30b15d45f0d718f9e9b8da092b9da.jpg,authentic,pid_00087,37,outer_packaging_or_product_photo,unclassified_needs_manual_review,640,640,JPEG,member_of_near_duplicate_cluster_size_37
roboflow_counterfeit_med_detection_e33158dce8,Roboflow - Counterfeit_med_detection (v4),roboflow\train\images5067_jpg.rf.303ef836aa369d25ffa3f12460a22ebc.jpg,authentic,pid_00193,6,outer_packaging_or_product_photo,unclassified_needs_manual_review,640,640,JPEG,member_of_near_duplicate_cluster_size_6
roboflow_counterfeit_med_detection_0b7c8afbc5,Roboflow - Counterfeit_med_detection (v4),roboflow\train\images257_jpg.rf.30d93a1030bd02dff44f54fb229226f8.jpg,authentic,pid_00031,25,outer_packaging_or_product_photo,unclassified_needs_manual_review,640,640,JPEG,member_of_near_duplicate_cluster_size_25
roboflow_counterfeit_med_detection_bf370cbbe8,Roboflow - Counterfeit_med_detection (v4),roboflow\train\images4095_jpg.rf.313082461ba612b35182efe0b2878291.jpg,authentic,pid_00032,16,outer_packaging_or_product_photo,unclassified_needs_manual_review,640,640,JPEG,member_of_near_duplicate_cluster_size_16
roboflow_counterfeit_med_detection_077725939c,Roboflow - Counterfeit_med_detection (v4),roboflow\train\images265_jpg.rf.30dbae4ac103d7bd379771991b133da9.jpg,authentic,pid_00183,13,outer_packaging_or_product_photo,unclassified_needs_manual_review,640,640,JPEG,member_of_near_duplicate_cluster_size_13
roboflow_counterfeit_med_detection_ebac4abd75,Roboflow - Counterfeit_med_detection (v4),roboflow\train\images348_jpg.rf.3148e5825e29621737593fa716086eac.jpg,authentic,pid_00038,37,outer_packaging_or_product_photo,unclassified_needs_manual_review,640,640,JPEG,member_of_near_duplicate_cluster_size_37
roboflow_counterfeit_med_detection_0b2c5d2b14,Roboflow - Counterfeit_med_detection (v4),roboflow\train\images346_jpg.rf.311c42d4eaeedd9e9f63641f94686db9.jpg,authentic,pid_00189,24,outer_packaging_or_product_photo,unclassified_needs_manual_review,640,640,JPEG,member_of_near_duplicate_cluster_size_24
roboflow_counterfeit_med_detection_e173ce9584,Roboflow - Counterfeit_med_detection (v4),roboflow\train\images314_jpg.rf.31b3b108a1678af9434d54025327ef0a.jpg,authentic,pid_00145,8,outer_packaging_or_product_photo,unclassified_needs_manual_review,640,640,JPEG,member_of_near_duplicate_cluster_size_8
roboflow_counterfeit_med_detection_a56114943d,Roboflow - Counterfeit_med_detection (v4),roboflow\train\images4054_jpg.rf.315f0014632e27d83a940aea16d875b1.jpg,authentic,pid_00028,35,outer_packaging_or_product_photo,unclassified_needs_manual_review,640,640,JPEG,member_of_near_duplicate_cluster_size_35
roboflow_counterfeit_med_detection_c2e357929e,Roboflow - Counterfeit_med_detection (v4),roboflow\train\images321_jpg.rf.3192cb95ffea203077a05c55a8469860.jpg,authentic,pid_00074,55,outer_packaging_or_product_photo,unclassified_needs_manual_review,640,640,JPEG,member_of_near_duplicate_cluster_size_55
roboflow_counterfeit_med_detection_8f89e4aec9,Roboflow - Counterfeit_med_detection (v4),roboflow\train\images4048_jpg.rf.317676fec37f2ccc7f8044d6554672f2.jpg,authentic,pid_00147,9,outer_packaging_or_product_photo,unclassified_needs_manual_review,640,640,JPEG,member_of_near_duplicate_cluster_size_9
roboflow_counterfeit_med_detection_19d10d14a1,Roboflow - Counterfeit_med_detection (v4),roboflow\train\images265_jpg.rf.313fdd6592f27d7acacce21d4bf3492a.jpg,authentic,pid_00183,13,outer_packaging_or_product_photo,unclassified_needs_manual_review,640,640,JPEG,member_of_near_duplicate_cluster_size_13
roboflow_counterfeit_med_detection_3c671aa502,Roboflow - Counterfeit_med_detection (v4),roboflow\train\images4045_jpg.rf.317e9f0fe50fe158e1737e0a3593c6ad.jpg,authentic,pid_00268,12,outer_packaging_or_product_photo,unclassified_needs_manual_review,640,640,JPEG,member_of_near_duplicate_cluster_size_12
roboflow_counterfeit_med_detection_55c21d7632,Roboflow - Counterfeit_med_detection (v4),roboflow\train\images4067_jpg.rf.31db6d41c89fade24c766d744e2bf7b9.jpg,authentic,pid_00104,20,outer_packaging_or_product_photo,unclassified_needs_manual_review,640,640,JPEG,member_of_near_duplicate_cluster_size_20
roboflow_counterfeit_med_detection_3fdc38636d,Roboflow - Counterfeit_med_detection (v4),roboflow\train\images42_jpg.rf.31e008d7c00ec5ff9fa22faa88ae6fa1.jpg,authentic,pid_00195,21,outer_packaging_or_product_photo,unclassified_needs_manual_review,640,640,JPEG,member_of_near_duplicate_cluster_size_21
roboflow_counterfeit_med_detection_c51a6b8772,Roboflow - Counterfeit_med_detection (v4),roboflow\train\images244_jpg.rf.31e15cbd9a27628a4cc8a443a9099cee.jpg,authentic,pid_00283,3,outer_packaging_or_product_photo,unclassified_needs_manual_review,640,640,JPEG,member_of_near_duplicate_cluster_size_3
roboflow_counterfeit_med_detection_713086efb5,Roboflow - Counterfeit_med_detection (v4),roboflow\train\images241_jpg.rf.3204f2b5441c7787935a0858ef007da2.jpg,authentic,pid_00237,12,outer_packaging_or_product_photo,unclassified_needs_manual_review,640,640,JPEG,member_of_near_duplicate_cluster_size_12
roboflow_counterfeit_med_detection_67aa90be64,Roboflow - Counterfeit_med_detection (v4),roboflow\train\images5040_jpg.rf.3234bc65ef531df6b458b039e4af2704.jpg,authentic,pid_00099,17,outer_packaging_or_product_photo,unclassified_needs_manual_review,640,640,JPEG,member_of_near_duplicate_cluster_size_17
roboflow_counterfeit_med_detection_b5e6bde2b5,Roboflow - Counterfeit_med_detection (v4),roboflow\train\images4079_jpg.rf.32228e0e1a77d7b7586d4a4f3317f4d7.jpg,authentic,pid_00103,13,outer_packaging_or_product_photo,unclassified_needs_manual_review,640,640,JPEG,member_of_near_duplicate_cluster_size_13
roboflow_counterfeit_med_detection_e6e3e43b8c,Roboflow - Counterfeit_med_detection (v4),roboflow\train\images4069_jpg.rf.319695aff23ba67057fa48c872bd82da.jpg,authentic,pid_00275,10,outer_packaging_or_product_photo,unclassified_needs_manual_review,640,640,JPEG,member_of_near_duplicate_cluster_size_10
roboflow_counterfeit_med_detection_e5c2aed779,Roboflow - Counterfeit_med_detection (v4),roboflow\train\images02_jpg.rf.330b035a1bd66d3d3afdd6355c1d7f29.jpg,authentic,pid_00007,14,outer_packaging_or_product_photo,unclassified_needs_manual_review,640,640,JPEG,member_of_near_duplicate_cluster_size_14
roboflow_counterfeit_med_detection_deede1d6c5,Roboflow - Counterfeit_med_detection (v4),roboflow\train\images342_jpg.rf.32797e7bed2ff306e77a07d2bc24e193.jpg,authentic,pid_00002,25,outer_packaging_or_product_photo,unclassified_needs_manual_review,640,640,JPEG,member_of_near_duplicate_cluster_size_25
roboflow_counterfeit_med_detection_ed1015ca38,Roboflow - Counterfeit_med_detection (v4),roboflow\train\images231_jpg.rf.32d6a2aecad89baf92a95b3f1d780a95.jpg,authentic,pid_00090,18,outer_packaging_or_product_photo,unclassified_needs_manual_review,640,640,JPEG,member_of_near_duplicate_cluster_size_18
roboflow_counterfeit_med_detection_fb7ecbb0dd,Roboflow - Counterfeit_med_detection (v4),roboflow\train\images5060_jpg.rf.32f119b47e5e2513ecee11e52fe03cf5.jpg,authentic,pid_00155,7,outer_packaging_or_product_photo,unclassified_needs_manual_review,640,640,JPEG,member_of_near_duplicate_cluster_size_7
roboflow_counterfeit_med_detection_9cea20c3a2,Roboflow - Counterfeit_med_detection (v4),roboflow\train\images5062_jpg.rf.32885521f28fe99b4032a8cf240c39d0.jpg,authentic,pid_00091,20,outer_packaging_or_product_photo,unclassified_needs_manual_review,640,640,JPEG,member_of_near_duplicate_cluster_size_20
roboflow_counterfeit_med_detection_41d620ce16,Roboflow - Counterfeit_med_detection (v4),roboflow\train\images219_jpg.rf.32ce5802706648c68dc3ada205bc2eca.jpg,authentic,pid_00067,11,outer_packaging_or_product_photo,unclassified_needs_manual_review,640,640,JPEG,member_of_near_duplicate_cluster_size_11
roboflow_counterfeit_med_detection_98fcec0fbd,Roboflow - Counterfeit_med_detection (v4),roboflow\train\images254_jpg.rf.33ae233ed04416829572b287eea560ed.jpg,authentic,pid_00180,17,outer_packaging_or_product_photo,unclassified_needs_manual_review,640,640,JPEG,member_of_near_duplicate_cluster_size_17
roboflow_counterfeit_med_detection_4127908b80,Roboflow - Counterfeit_med_detection (v4),roboflow\train\images232_jpg.rf.33bd2dc317efe02644dd382cb274459d.jpg,authentic,pid_00120,16,outer_packaging_or_product_photo,unclassified_needs_manual_review,640,640,JPEG,member_of_near_duplicate_cluster_size_16
roboflow_counterfeit_med_detection_88ef3fc810,Roboflow - Counterfeit_med_detection (v4),roboflow\train\images4120_jpg.rf.334bbbc8ea9992ea7a68f7ce4c038525.jpg,authentic,pid_00261,19,outer_packaging_or_product_photo,unclassified_needs_manual_review,640,640,JPEG,member_of_near_duplicate_cluster_size_19
roboflow_counterfeit_med_detection_d1dfc08b9c,Roboflow - Counterfeit_med_detection (v4),roboflow\train\images4092_jpg.rf.326d687661487f76ab67425a36e2b86a.jpg,authentic,pid_00315,1,outer_packaging_or_product_photo,unclassified_needs_manual_review,640,640,JPEG,
roboflow_counterfeit_med_detection_b063705ad3,Roboflow - Counterfeit_med_detection (v4),roboflow\train\images352_jpg.rf.32ce17feb4bacba917e2682e336ae37b.jpg,authentic,pid_00046,18,outer_packaging_or_product_photo,unclassified_needs_manual_review,640,640,JPEG,member_of_near_duplicate_cluster_size_18
roboflow_counterfeit_med_detection_3c7c70c93e,Roboflow - Counterfeit_med_detection (v4),roboflow\train\images339_jpg.rf.33d1f1f330758e2edf5bb19fabc4266a.jpg,authentic,pid_00048,34,outer_packaging_or_product_photo,unclassified_needs_manual_review,640,640,JPEG,member_of_near_duplicate_cluster_size_34
roboflow_counterfeit_med_detection_770416a41e,Roboflow - Counterfeit_med_detection (v4),roboflow\train\images311_jpg.rf.32a228bc353f1e51db9f4a3b0531c769.jpg,authentic,pid_00170,11,outer_packaging_or_product_photo,unclassified_needs_manual_review,640,640,JPEG,member_of_near_duplicate_cluster_size_11
roboflow_counterfeit_med_detection_81943167a2,Roboflow - Counterfeit_med_detection (v4),roboflow\train\images37_jpg.rf.332403ea044e0e9d5c7b569d0813769d.jpg,authentic,pid_00074,55,outer_packaging_or_product_photo,unclassified_needs_manual_review,640,640,JPEG,member_of_near_duplicate_cluster_size_55
roboflow_counterfeit_med_detection_573a467198,Roboflow - Counterfeit_med_detection (v4),roboflow\train\images4039_jpg.rf.339d07f2459cb73e7fb5c0f4dee8cf74.jpg,authentic,pid_00075,20,outer_packaging_or_product_photo,unclassified_needs_manual_review,640,640,JPEG,member_of_near_duplicate_cluster_size_20
roboflow_counterfeit_med_detection_c7c7d5b3cc,Roboflow - Counterfeit_med_detection (v4),roboflow\train\images4058_jpg.rf.33cd63a2c8731750b4e89e1dda0dcffa.jpg,authentic,pid_00158,43,outer_packaging_or_product_photo,unclassified_needs_manual_review,640,640,JPEG,member_of_near_duplicate_cluster_size_43
roboflow_counterfeit_med_detection_92dce6b521,Roboflow - Counterfeit_med_detection (v4),roboflow\train\images5097_jpg.rf.349bf81cdb246123740910cac34f1eab.jpg,authentic,pid_00005,28,outer_packaging_or_product_photo,unclassified_needs_manual_review,640,640,JPEG,member_of_near_duplicate_cluster_size_28
roboflow_counterfeit_med_detection_a4504d5f31,Roboflow - Counterfeit_med_detection (v4),roboflow\train\images314_jpg.rf.33d4dd658d71572523cfeab2d39d3c80.jpg,authentic,pid_00206,5,outer_packaging_or_product_photo,unclassified_needs_manual_review,640,640,JPEG,member_of_near_duplicate_cluster_size_5
roboflow_counterfeit_med_detection_611b966009,Roboflow - Counterfeit_med_detection (v4),roboflow\train\images4110_jpg.rf.3438b7eb09d7f763a22bd2d8e36d8c4c.jpg,authentic,pid_00000,19,outer_packaging_or_product_photo,unclassified_needs_manual_review,640,640,JPEG,member_of_near_duplicate_cluster_size_19
roboflow_counterfeit_med_detection_1f7460818b,Roboflow - Counterfeit_med_detection (v4),roboflow\train\images222_jpg.rf.353617bfd3df1b4a2bb793a8792b31a3.jpg,authentic,pid_00068,36,outer_packaging_or_product_photo,unclassified_needs_manual_review,640,640,JPEG,member_of_near_duplicate_cluster_size_36
roboflow_counterfeit_med_detection_257941ca25,Roboflow - Counterfeit_med_detection (v4),roboflow\train\images4035_jpg.rf.340425d0721a97b19fc78cc3b19abc08.jpg,authentic,pid_00146,18,outer_packaging_or_product_photo,unclassified_needs_manual_review,640,640,JPEG,member_of_near_duplicate_cluster_size_18
roboflow_counterfeit_med_detection_7b4035be50,Roboflow - Counterfeit_med_detection (v4),roboflow\train\images4058_jpg.rf.350781645a638216037837cb634610c7.jpg,authentic,pid_00158,43,outer_packaging_or_product_photo,unclassified_needs_manual_review,640,640,JPEG,member_of_near_duplicate_cluster_size_43
roboflow_counterfeit_med_detection_da17fe94fd,Roboflow - Counterfeit_med_detection (v4),roboflow\train\images35_jpg.rf.34470ad3939275b787dc700955b97989.jpg,authentic,pid_00187,12,outer_packaging_or_product_photo,unclassified_needs_manual_review,640,640,JPEG,member_of_near_duplicate_cluster_size_12
roboflow_counterfeit_med_detection_076850035e,Roboflow - Counterfeit_med_detection (v4),roboflow\train\images4046_jpg.rf.343fe01bb68fda8f29c679fdf5d0508b.jpg,authentic,pid_00087,37,outer_packaging_or_product_photo,unclassified_needs_manual_review,640,640,JPEG,member_of_near_duplicate_cluster_size_37
roboflow_counterfeit_med_detection_4ae4606a40,Roboflow - Counterfeit_med_detection (v4),roboflow\train\images5112_jpg.rf.34927af6f03e1f28477615a643f6df38.jpg,authentic,pid_00035,19,outer_packaging_or_product_photo,unclassified_needs_manual_review,640,640,JPEG,member_of_near_duplicate_cluster_size_19
roboflow_counterfeit_med_detection_dc244ae23e,Roboflow - Counterfeit_med_detection (v4),roboflow\train\images254_jpg.rf.34fb8c308774d7587abeadfa7bf9d5ae.jpg,authentic,pid_00180,17,outer_packaging_or_product_photo,unclassified_needs_manual_review,640,640,JPEG,member_of_near_duplicate_cluster_size_17
roboflow_counterfeit_med_detection_9f6a478cf8,Roboflow - Counterfeit_med_detection (v4),roboflow\train\images4100_jpg.rf.343130908ddf118df2a24e7c87bdce2d.jpg,authentic,pid_00047,15,outer_packaging_or_product_photo,unclassified_needs_manual_review,640,640,JPEG,member_of_near_duplicate_cluster_size_15
roboflow_counterfeit_med_detection_6624d89e85,Roboflow - Counterfeit_med_detection (v4),roboflow\train\images4093_jpg.rf.34bf4bc517ac39f72628102c1f73db63.jpg,authentic,pid_00200,5,outer_packaging_or_product_photo,unclassified_needs_manual_review,640,640,JPEG,member_of_near_duplicate_cluster_size_5
roboflow_counterfeit_med_detection_a6602d5434,Roboflow - Counterfeit_med_detection (v4),roboflow\train\images239_jpg.rf.34d8f5d5b46b6530eb542129683d920d.jpg,authentic,pid_00001,22,outer_packaging_or_product_photo,unclassified_needs_manual_review,640,640,JPEG,member_of_near_duplicate_cluster_size_22
roboflow_counterfeit_med_detection_36d75fee85,Roboflow - Counterfeit_med_detection (v4),roboflow\train\images09_jpg.rf.34925c88c46f38f966d4daa31392537b.jpg,authentic,pid_00203,7,outer_packaging_or_product_photo,unclassified_needs_manual_review,640,640,JPEG,member_of_near_duplicate_cluster_size_7
roboflow_counterfeit_med_detection_67707dc05a,Roboflow - Counterfeit_med_detection (v4),roboflow\train\images311_jpg.rf.3438831d0d8097050ce11ecfb79ba07f.jpg,authentic,pid_00170,11,outer_packaging_or_product_photo,unclassified_needs_manual_review,640,640,JPEG,member_of_near_duplicate_cluster_size_11
roboflow_counterfeit_med_detection_c8dfb6fa2b,Roboflow - Counterfeit_med_detection (v4),roboflow\train\images14_jpg.rf.3406d139f0dba7599eaacc32a31659c9.jpg,authentic,pid_00031,25,outer_packaging_or_product_photo,unclassified_needs_manual_review,640,640,JPEG,member_of_near_duplicate_cluster_size_25
roboflow_counterfeit_med_detection_b1096a8cd0,Roboflow - Counterfeit_med_detection (v4),roboflow\train\images252_jpg.rf.357d8126dcf31e64cfe4f6f043405ae3.jpg,authentic,pid_00070,12,outer_packaging_or_product_photo,unclassified_needs_manual_review,640,640,JPEG,member_of_near_duplicate_cluster_size_12
roboflow_counterfeit_med_detection_7b2aada999,Roboflow - Counterfeit_med_detection (v4),roboflow\train\images5069_jpg.rf.34a41a5f35ef3635f3921de45290a949.jpg,authentic,pid_00234,11,outer_packaging_or_product_photo,unclassified_needs_manual_review,640,640,JPEG,member_of_near_duplicate_cluster_size_11
roboflow_counterfeit_med_detection_55e7e94503,Roboflow - Counterfeit_med_detection (v4),roboflow\train\images5116_jpg.rf.359e19f665ac2b938cdd91750a1ee014.jpg,authentic,pid_00165,10,outer_packaging_or_product_photo,unclassified_needs_manual_review,640,640,JPEG,member_of_near_duplicate_cluster_size_10
roboflow_counterfeit_med_detection_05fb478d4a,Roboflow - Counterfeit_med_detection (v4),roboflow\train\images335_jpg.rf.3515cb09decd6e20f20344aa5f9c053d.jpg,authentic,pid_00247,12,outer_packaging_or_product_photo,unclassified_needs_manual_review,640,640,JPEG,member_of_near_duplicate_cluster_size_12
roboflow_counterfeit_med_detection_f57480d373,Roboflow - Counterfeit_med_detection (v4),roboflow\train\images268_jpg.rf.35c7793f867a087ca5a4c841b8abfae7.jpg,authentic,pid_00010,56,outer_packaging_or_product_photo,unclassified_needs_manual_review,640,640,JPEG,member_of_near_duplicate_cluster_size_56
roboflow_counterfeit_med_detection_9ad91e8f34,Roboflow - Counterfeit_med_detection (v4),roboflow\train\images347_jpg.rf.35c110d8fcff6e5d2f694a8682d11cef.jpg,authentic,pid_00119,35,outer_packaging_or_product_photo,unclassified_needs_manual_review,640,640,JPEG,member_of_near_duplicate_cluster_size_35
roboflow_counterfeit_med_detection_c98c00e850,Roboflow - Counterfeit_med_detection (v4),roboflow\train\images13_jpg.rf.35f6b579bb4e462b169672107de1be68.jpg,authentic,pid_00281,4,outer_packaging_or_product_photo,unclassified_needs_manual_review,640,640,JPEG,member_of_near_duplicate_cluster_size_4
roboflow_counterfeit_med_detection_bf309b8b2d,Roboflow - Counterfeit_med_detection (v4),roboflow\train\images4124_jpg.rf.35c9fdfc1d054acab6f113690f1c9cca.jpg,authentic,pid_00152,19,outer_packaging_or_product_photo,unclassified_needs_manual_review,640,640,JPEG,member_of_near_duplicate_cluster_size_19
roboflow_counterfeit_med_detection_ace93f54d3,Roboflow - Counterfeit_med_detection (v4),roboflow\train\images5064_jpg.rf.3602b8c13ce77d51c8d87a532f7648f2.jpg,authentic,pid_00252,13,outer_packaging_or_product_photo,unclassified_needs_manual_review,640,640,JPEG,member_of_near_duplicate_cluster_size_13
roboflow_counterfeit_med_detection_4cdbff0aee,Roboflow - Counterfeit_med_detection (v4),roboflow\train\images214_jpg.rf.36318d2b2dd14b749ebde004f2b723ad.jpg,authentic,pid_00082,19,outer_packaging_or_product_photo,unclassified_needs_manual_review,640,640,JPEG,member_of_near_duplicate_cluster_size_19
roboflow_counterfeit_med_detection_9075531d20,Roboflow - Counterfeit_med_detection (v4),roboflow\train\images4048_jpg.rf.35b496f5272024dd288cfa089e94d14b.jpg,authentic,pid_00017,28,outer_packaging_or_product_photo,unclassified_needs_manual_review,640,640,JPEG,member_of_near_duplicate_cluster_size_28
roboflow_counterfeit_med_detection_e6d16d43ef,Roboflow - Counterfeit_med_detection (v4),roboflow\train\images4081_jpg.rf.35de9e240e9f1f5068cf82b0cf1e7f10.jpg,authentic,pid_00026,19,outer_packaging_or_product_photo,unclassified_needs_manual_review,640,640,JPEG,member_of_near_duplicate_cluster_size_19
roboflow_counterfeit_med_detection_60bf0c046f,Roboflow - Counterfeit_med_detection (v4),roboflow\train\images5059_jpg.rf.3689e320a0f431c215a86394d2e052bd.jpg,authentic,pid_00121,19,outer_packaging_or_product_photo,unclassified_needs_manual_review,640,640,JPEG,member_of_near_duplicate_cluster_size_19
roboflow_counterfeit_med_detection_bbe129dbfa,Roboflow - Counterfeit_med_detection (v4),roboflow\train\images352_jpg.rf.360db2cf207022337f22c5dc071b0d30.jpg,authentic,pid_00227,9,outer_packaging_or_product_photo,unclassified_needs_manual_review,640,640,JPEG,member_of_near_duplicate_cluster_size_9
roboflow_counterfeit_med_detection_4cd1cb14a9,Roboflow - Counterfeit_med_detection (v4),roboflow\train\images226_jpg.rf.3680e92037accc059255f3efcecd946b.jpg,authentic,pid_00186,19,outer_packaging_or_product_photo,unclassified_needs_manual_review,640,640,JPEG,member_of_near_duplicate_cluster_size_19
roboflow_counterfeit_med_detection_ecaced524e,Roboflow - Counterfeit_med_detection (v4),roboflow\train\images4100_jpg.rf.365b959067e854cc77d06dc53812760e.jpg,authentic,pid_00047,15,outer_packaging_or_product_photo,unclassified_needs_manual_review,640,640,JPEG,member_of_near_duplicate_cluster_size_15
roboflow_counterfeit_med_detection_ac7f72e250,Roboflow - Counterfeit_med_detection (v4),roboflow\train\images5111_jpg.rf.366b97abea3bbb5d6d983671ad152bd3.jpg,authentic,pid_00088,35,outer_packaging_or_product_photo,unclassified_needs_manual_review,640,640,JPEG,member_of_near_duplicate_cluster_size_35
roboflow_counterfeit_med_detection_ec78976ce1,Roboflow - Counterfeit_med_detection (v4),roboflow\train\images342_jpg.rf.363fe0a6615f8ce236def119d813c2aa.jpg,authentic,pid_00002,25,outer_packaging_or_product_photo,unclassified_needs_manual_review,640,640,JPEG,member_of_near_duplicate_cluster_size_25
roboflow_counterfeit_med_detection_839c060632,Roboflow - Counterfeit_med_detection (v4),roboflow\train\images4124_jpg.rf.3622d215b79561fac53ca760510db573.jpg,authentic,pid_00152,19,outer_packaging_or_product_photo,unclassified_needs_manual_review,640,640,JPEG,member_of_near_duplicate_cluster_size_19
roboflow_counterfeit_med_detection_1b41e2c520,Roboflow - Counterfeit_med_detection (v4),roboflow\train\images4031_jpg.rf.36aec5859b06d93576fa08d6d9ea320b.jpg,authentic,pid_00012,23,outer_packaging_or_product_photo,unclassified_needs_manual_review,640,640,JPEG,member_of_near_duplicate_cluster_size_23
roboflow_counterfeit_med_detection_68eb6e3eee,Roboflow - Counterfeit_med_detection (v4),roboflow\train\images260_jpg.rf.361830272eff2b62b4b9c1a2e671f842.jpg,authentic,pid_00160,19,outer_packaging_or_product_photo,unclassified_needs_manual_review,640,640,JPEG,member_of_near_duplicate_cluster_size_19
roboflow_counterfeit_med_detection_9d7a087a55,Roboflow - Counterfeit_med_detection (v4),roboflow\train\images232_jpg.rf.36ce93b155aa0b499a305405a8e962d5.jpg,authentic,pid_00120,16,outer_packaging_or_product_photo,unclassified_needs_manual_review,640,640,JPEG,member_of_near_duplicate_cluster_size_16
roboflow_counterfeit_med_detection_00b83e9abe,Roboflow - Counterfeit_med_detection (v4),roboflow\train\images5041_jpg.rf.37304f4f4d349e78dd372e79c204b3f6.jpg,authentic,pid_00011,14,outer_packaging_or_product_photo,unclassified_needs_manual_review,640,640,JPEG,member_of_near_duplicate_cluster_size_14
roboflow_counterfeit_med_detection_7210932784,Roboflow - Counterfeit_med_detection (v4),roboflow\train\images38_jpg.rf.3714b1051056522874566905f7777b96.jpg,authentic,pid_00039,35,outer_packaging_or_product_photo,unclassified_needs_manual_review,640,640,JPEG,member_of_near_duplicate_cluster_size_35
roboflow_counterfeit_med_detection_9934784364,Roboflow - Counterfeit_med_detection (v4),roboflow\train\images5110_jpg.rf.37adf8b8f501b487b301f0e89dab708f.jpg,authentic,pid_00271,7,outer_packaging_or_product_photo,unclassified_needs_manual_review,640,640,JPEG,member_of_near_duplicate_cluster_size_7
roboflow_counterfeit_med_detection_70b43b2709,Roboflow - Counterfeit_med_detection (v4),roboflow\train\images35_jpg.rf.376d54e20a13a083506f4a3327274fef.jpg,authentic,pid_00073,25,outer_packaging_or_product_photo,unclassified_needs_manual_review,640,640,JPEG,member_of_near_duplicate_cluster_size_25
roboflow_counterfeit_med_detection_cb80bc9555,Roboflow - Counterfeit_med_detection (v4),roboflow\train\images310_jpg.rf.37c5e7fa8615e8a47b4d4fec986266c5.jpg,authentic,pid_00190,10,outer_packaging_or_product_photo,unclassified_needs_manual_review,640,640,JPEG,member_of_near_duplicate_cluster_size_10
roboflow_counterfeit_med_detection_f9f3d5f7e7,Roboflow - Counterfeit_med_detection (v4),roboflow\train\images05_jpg.rf.37b4aeee6b64cd4de154fbfd492d35ce.jpg,authentic,pid_00139,21,outer_packaging_or_product_photo,unclassified_needs_manual_review,640,640,JPEG,member_of_near_duplicate_cluster_size_21
roboflow_counterfeit_med_detection_c4867137e7,Roboflow - Counterfeit_med_detection (v4),roboflow\train\images4038_jpg.rf.37475c13d29f7ca69224700c9107ba72.jpg,authentic,pid_00057,55,outer_packaging_or_product_photo,unclassified_needs_manual_review,640,640,JPEG,member_of_near_duplicate_cluster_size_55
roboflow_counterfeit_med_detection_060cef9c86,Roboflow - Counterfeit_med_detection (v4),roboflow\train\images05_jpg.rf.38519d60ed915dd1e04da2248a63bb90.jpg,authentic,pid_00191,11,outer_packaging_or_product_photo,unclassified_needs_manual_review,640,640,JPEG,member_of_near_duplicate_cluster_size_11
roboflow_counterfeit_med_detection_0d9ecd16e3,Roboflow - Counterfeit_med_detection (v4),roboflow\train\images5030_jpg.rf.38354cd9f821fa0052584100b439b7a3.jpg,authentic,pid_00221,6,outer_packaging_or_product_photo,unclassified_needs_manual_review,640,640,JPEG,member_of_near_duplicate_cluster_size_6
roboflow_counterfeit_med_detection_c97f86c5a2,Roboflow - Counterfeit_med_detection (v4),roboflow\train\images5024_jpg.rf.388e249e06c0f294506c435abecb2d9e.jpg,authentic,pid_00217,15,outer_packaging_or_product_photo,unclassified_needs_manual_review,640,640,JPEG,member_of_near_duplicate_cluster_size_15
roboflow_counterfeit_med_detection_172c811ca1,Roboflow - Counterfeit_med_detection (v4),roboflow\train\images5061_jpg.rf.386bba4455936459242b5876ec4b0dbb.jpg,authentic,pid_00088,35,outer_packaging_or_product_photo,unclassified_needs_manual_review,640,640,JPEG,member_of_near_duplicate_cluster_size_35
roboflow_counterfeit_med_detection_cb24fe4705,Roboflow - Counterfeit_med_detection (v4),roboflow\train\images226_jpg.rf.38903f2a0b67d0a7c74c5d852b8942b7.jpg,authentic,pid_00186,19,outer_packaging_or_product_photo,unclassified_needs_manual_review,640,640,JPEG,member_of_near_duplicate_cluster_size_19
roboflow_counterfeit_med_detection_d6d3c86fc8,Roboflow - Counterfeit_med_detection (v4),roboflow\train\images5041_jpg.rf.38c07d59aeea8e7c6cca5387e781ff15.jpg,authentic,pid_00219,4,outer_packaging_or_product_photo,unclassified_needs_manual_review,640,640,JPEG,member_of_near_duplicate_cluster_size_4
roboflow_counterfeit_med_detection_7cb7a48b60,Roboflow - Counterfeit_med_detection (v4),roboflow\train\images201_jpg.rf.38d720af36ea9b82d586993b15a1fd8b.jpg,authentic,pid_00291,12,outer_packaging_or_product_photo,unclassified_needs_manual_review,640,640,JPEG,member_of_near_duplicate_cluster_size_12
roboflow_counterfeit_med_detection_821f973a33,Roboflow - Counterfeit_med_detection (v4),roboflow\train\images4120_jpg.rf.38bfcdb8e6556a2f7b60bdf3547027ee.jpg,authentic,pid_00261,19,outer_packaging_or_product_photo,unclassified_needs_manual_review,640,640,JPEG,member_of_near_duplicate_cluster_size_19
roboflow_counterfeit_med_detection_63753f1ed3,Roboflow - Counterfeit_med_detection (v4),roboflow\train\images260_jpg.rf.371bb670cc0404dc1b07d72fee4666e3.jpg,authentic,pid_00160,19,outer_packaging_or_product_photo,unclassified_needs_manual_review,640,640,JPEG,member_of_near_duplicate_cluster_size_19
roboflow_counterfeit_med_detection_060cd3d6ab,Roboflow - Counterfeit_med_detection (v4),roboflow\train\images38_jpg.rf.37c8607fe79be550b5e4bbef548d2204.jpg,authentic,pid_00039,35,outer_packaging_or_product_photo,unclassified_needs_manual_review,640,640,JPEG,member_of_near_duplicate_cluster_size_35
roboflow_counterfeit_med_detection_f375975c21,Roboflow - Counterfeit_med_detection (v4),roboflow\train\images5113_jpg.rf.38d21dfc5dc31ab0c5e05ca2e8118ee4.jpg,authentic,pid_00316,1,outer_packaging_or_product_photo,unclassified_needs_manual_review,640,640,JPEG,
roboflow_counterfeit_med_detection_cdf45afa3d,Roboflow - Counterfeit_med_detection (v4),roboflow\train\images5095_jpg.rf.37221858adb7c04be3d0f0d400151da1.jpg,authentic,pid_00148,13,outer_packaging_or_product_photo,unclassified_needs_manual_review,640,640,JPEG,member_of_near_duplicate_cluster_size_13
roboflow_counterfeit_med_detection_f0ae3108b5,Roboflow - Counterfeit_med_detection (v4),roboflow\train\images339_jpg.rf.392a45b066bbf4c6083576677847b32a.jpg,authentic,pid_00048,34,outer_packaging_or_product_photo,unclassified_needs_manual_review,640,640,JPEG,member_of_near_duplicate_cluster_size_34
roboflow_counterfeit_med_detection_4716cee1af,Roboflow - Counterfeit_med_detection (v4),roboflow\train\images5024_jpg.rf.3939633d66b419b353cabc06a66fbb14.jpg,authentic,pid_00217,15,outer_packaging_or_product_photo,unclassified_needs_manual_review,640,640,JPEG,member_of_near_duplicate_cluster_size_15
roboflow_counterfeit_med_detection_a04c26308a,Roboflow - Counterfeit_med_detection (v4),roboflow\train\images4040_jpg.rf.398bb3bccae86e1d9b926752c721cd38.jpg,authentic,pid_00022,10,outer_packaging_or_product_photo,unclassified_needs_manual_review,640,640,JPEG,member_of_near_duplicate_cluster_size_10
roboflow_counterfeit_med_detection_5e12895275,Roboflow - Counterfeit_med_detection (v4),roboflow\train\images231_jpg.rf.3940649259be2aef33619c3fecdd500a.jpg,authentic,pid_00090,18,outer_packaging_or_product_photo,unclassified_needs_manual_review,640,640,JPEG,member_of_near_duplicate_cluster_size_18
roboflow_counterfeit_med_detection_8af0a85085,Roboflow - Counterfeit_med_detection (v4),roboflow\train\images232_jpg.rf.393a01d7b9fa0520757e73ca76445552.jpg,authentic,pid_00317,1,outer_packaging_or_product_photo,unclassified_needs_manual_review,640,640,JPEG,
roboflow_counterfeit_med_detection_f908028e73,Roboflow - Counterfeit_med_detection (v4),roboflow\train\images4094_jpg.rf.3a2bc152a262f3c37c7a248b466dec37.jpg,authentic,pid_00025,19,outer_packaging_or_product_photo,unclassified_needs_manual_review,640,640,JPEG,member_of_near_duplicate_cluster_size_19
roboflow_counterfeit_med_detection_9fb3dccfdb,Roboflow - Counterfeit_med_detection (v4),roboflow\train\images09_jpg.rf.3a7939fec485e1b6506113c69afa027f.jpg,authentic,pid_00203,7,outer_packaging_or_product_photo,unclassified_needs_manual_review,640,640,JPEG,member_of_near_duplicate_cluster_size_7
roboflow_counterfeit_med_detection_3cc6f4e670,Roboflow - Counterfeit_med_detection (v4),roboflow\train\images214_jpg.rf.39f6e370d492ee67888545a4d1a1063d.jpg,authentic,pid_00082,19,outer_packaging_or_product_photo,unclassified_needs_manual_review,640,640,JPEG,member_of_near_duplicate_cluster_size_19
roboflow_counterfeit_med_detection_a6f944dc7b,Roboflow - Counterfeit_med_detection (v4),roboflow\train\images4025_jpg.rf.3a1d53bc5c529bca46707b96de878ac5.jpg,authentic,pid_00129,29,outer_packaging_or_product_photo,unclassified_needs_manual_review,640,640,JPEG,member_of_near_duplicate_cluster_size_29
roboflow_counterfeit_med_detection_9f34f26642,Roboflow - Counterfeit_med_detection (v4),roboflow\train\images316_jpg.rf.39b7425739a2ceae891628580d4be29a.jpg,authentic,pid_00064,19,outer_packaging_or_product_photo,unclassified_needs_manual_review,640,640,JPEG,member_of_near_duplicate_cluster_size_19
roboflow_counterfeit_med_detection_faedc81396,Roboflow - Counterfeit_med_detection (v4),roboflow\train\images4033_jpg.rf.3a804f34a988457f03952aa79f2b0503.jpg,authentic,pid_00061,41,outer_packaging_or_product_photo,unclassified_needs_manual_review,640,640,JPEG,member_of_near_duplicate_cluster_size_41
roboflow_counterfeit_med_detection_9d575cf847,Roboflow - Counterfeit_med_detection (v4),roboflow\train\images4047_jpg.rf.3a9c149e88d11e15f2639a60420366dc.jpg,authentic,pid_00110,25,outer_packaging_or_product_photo,unclassified_needs_manual_review,640,640,JPEG,member_of_near_duplicate_cluster_size_25
roboflow_counterfeit_med_detection_cffe3c7378,Roboflow - Counterfeit_med_detection (v4),roboflow\train\images4095_jpg.rf.3a9e2107c1624334a9d8a2cae8f8fac8.jpg,authentic,pid_00032,16,outer_packaging_or_product_photo,unclassified_needs_manual_review,640,640,JPEG,member_of_near_duplicate_cluster_size_16
roboflow_counterfeit_med_detection_efd214a791,Roboflow - Counterfeit_med_detection (v4),roboflow\train\images5039_jpg.rf.39c1f045e85aa59eaf68b135b1ed0c10.jpg,authentic,pid_00298,3,outer_packaging_or_product_photo,unclassified_needs_manual_review,640,640,JPEG,member_of_near_duplicate_cluster_size_3
roboflow_counterfeit_med_detection_2fb61533e3,Roboflow - Counterfeit_med_detection (v4),roboflow\train\images339_jpg.rf.3a2c2e0f4937818b2cf8b16833083309.jpg,authentic,pid_00048,34,outer_packaging_or_product_photo,unclassified_needs_manual_review,640,640,JPEG,member_of_near_duplicate_cluster_size_34
roboflow_counterfeit_med_detection_25a8e6e2ae,Roboflow - Counterfeit_med_detection (v4),roboflow\train\images15_jpg.rf.3a2c4d1c5333618ba547f86ddf43fd22.jpg,authentic,pid_00159,12,outer_packaging_or_product_photo,unclassified_needs_manual_review,640,640,JPEG,member_of_near_duplicate_cluster_size_12
roboflow_counterfeit_med_detection_1a6a0a6c70,Roboflow - Counterfeit_med_detection (v4),roboflow\train\images340_jpg.rf.3aea34c5729d5768fddb473e91deb5db.jpg,authentic,pid_00224,24,outer_packaging_or_product_photo,unclassified_needs_manual_review,640,640,JPEG,member_of_near_duplicate_cluster_size_24
roboflow_counterfeit_med_detection_d40b027b7a,Roboflow - Counterfeit_med_detection (v4),roboflow\train\images02_jpg.rf.3af8d9e8059121686c7a968b409e72d7.jpg,authentic,pid_00007,14,outer_packaging_or_product_photo,unclassified_needs_manual_review,640,640,JPEG,member_of_near_duplicate_cluster_size_14
roboflow_counterfeit_med_detection_ab60d8d83f,Roboflow - Counterfeit_med_detection (v4),roboflow\train\images5039_jpg.rf.3b281b75b2bcdd2cd0182e60ed00b961.jpg,authentic,pid_00270,9,outer_packaging_or_product_photo,unclassified_needs_manual_review,640,640,JPEG,member_of_near_duplicate_cluster_size_9
roboflow_counterfeit_med_detection_aef81201d7,Roboflow - Counterfeit_med_detection (v4),roboflow\train\images29_jpg.rf.3b1f33b4d53394da2820544b8f68ef9e.jpg,authentic,pid_00184,19,outer_packaging_or_product_photo,unclassified_needs_manual_review,640,640,JPEG,member_of_near_duplicate_cluster_size_19
roboflow_counterfeit_med_detection_9e651e3bdb,Roboflow - Counterfeit_med_detection (v4),roboflow\train\images222_jpg.rf.3c2396ebbf6257cb9027a9f725b0ca15.jpg,authentic,pid_00068,36,outer_packaging_or_product_photo,unclassified_needs_manual_review,640,640,JPEG,member_of_near_duplicate_cluster_size_36
roboflow_counterfeit_med_detection_fdeb93e452,Roboflow - Counterfeit_med_detection (v4),roboflow\train\images255_jpg.rf.3b8c5e5702329b16742ad0fda4c60b8b.jpg,authentic,pid_00277,13,outer_packaging_or_product_photo,unclassified_needs_manual_review,640,640,JPEG,member_of_near_duplicate_cluster_size_13
roboflow_counterfeit_med_detection_4a3f6f8374,Roboflow - Counterfeit_med_detection (v4),roboflow\train\images4110_jpg.rf.3bda396277c55e072f18518711674915.jpg,authentic,pid_00000,19,outer_packaging_or_product_photo,unclassified_needs_manual_review,640,640,JPEG,member_of_near_duplicate_cluster_size_19
roboflow_counterfeit_med_detection_a396e02fc8,Roboflow - Counterfeit_med_detection (v4),roboflow\train\images5045_jpg.rf.3b42a7289a719965de01fbae10c12b33.jpg,authentic,pid_00096,34,outer_packaging_or_product_photo,unclassified_needs_manual_review,640,640,JPEG,member_of_near_duplicate_cluster_size_34
roboflow_counterfeit_med_detection_066ce9ac62,Roboflow - Counterfeit_med_detection (v4),roboflow\train\images4060_jpg.rf.3c7ffab5f6c1976098cade90b69bbac8.jpg,authentic,pid_00010,56,outer_packaging_or_product_photo,unclassified_needs_manual_review,640,640,JPEG,member_of_near_duplicate_cluster_size_56
roboflow_counterfeit_med_detection_d365b451a8,Roboflow - Counterfeit_med_detection (v4),roboflow\train\images265_jpg.rf.3c5be1b169898d2846336f1eb0a4ae1d.jpg,authentic,pid_00183,13,outer_packaging_or_product_photo,unclassified_needs_manual_review,640,640,JPEG,member_of_near_duplicate_cluster_size_13
roboflow_counterfeit_med_detection_3441711580,Roboflow - Counterfeit_med_detection (v4),roboflow\train\images4040_jpg.rf.3cc60fadf10883f0cc881cc3f23492c9.jpg,authentic,pid_00166,24,outer_packaging_or_product_photo,unclassified_needs_manual_review,640,640,JPEG,member_of_near_duplicate_cluster_size_24
roboflow_counterfeit_med_detection_cc8ddd1a2c,Roboflow - Counterfeit_med_detection (v4),roboflow\train\images4031_jpg.rf.3cc20bb94de4996a4db92c093cd2568d.jpg,authentic,pid_00240,12,outer_packaging_or_product_photo,unclassified_needs_manual_review,640,640,JPEG,member_of_near_duplicate_cluster_size_12
roboflow_counterfeit_med_detection_1452de9eb2,Roboflow - Counterfeit_med_detection (v4),roboflow\train\images4033_jpg.rf.3c9ab2a99ff6b0229065b338e3f7f697.jpg,authentic,pid_00138,11,outer_packaging_or_product_photo,unclassified_needs_manual_review,640,640,JPEG,member_of_near_duplicate_cluster_size_11
roboflow_counterfeit_med_detection_085af2b9f8,Roboflow - Counterfeit_med_detection (v4),roboflow\train\images4124_jpg.rf.3c9ffa8648076d3219632f556ca57a41.jpg,authentic,pid_00152,19,outer_packaging_or_product_photo,unclassified_needs_manual_review,640,640,JPEG,member_of_near_duplicate_cluster_size_19
roboflow_counterfeit_med_detection_fb7882e4cf,Roboflow - Counterfeit_med_detection (v4),roboflow\train\images5095_jpg.rf.3c051a3de1d73d5aa222f7793b96961a.jpg,authentic,pid_00148,13,outer_packaging_or_product_photo,unclassified_needs_manual_review,640,640,JPEG,member_of_near_duplicate_cluster_size_13
roboflow_counterfeit_med_detection_644419e0cb,Roboflow - Counterfeit_med_detection (v4),roboflow\train\images4047_jpg.rf.3c4874dfe18484f58c8b48045aa717d9.jpg,authentic,pid_00110,25,outer_packaging_or_product_photo,unclassified_needs_manual_review,640,640,JPEG,member_of_near_duplicate_cluster_size_25
roboflow_counterfeit_med_detection_de897de1f1,Roboflow - Counterfeit_med_detection (v4),roboflow\train\images338_jpg.rf.3e0c00568803ae115773f2af43946d0e.jpg,authentic,pid_00056,10,outer_packaging_or_product_photo,unclassified_needs_manual_review,640,640,JPEG,member_of_near_duplicate_cluster_size_10
roboflow_counterfeit_med_detection_2d5db05523,Roboflow - Counterfeit_med_detection (v4),roboflow\train\images339_jpg.rf.3da8f777ca95a49da4c7419d13f283d0.jpg,authentic,pid_00048,34,outer_packaging_or_product_photo,unclassified_needs_manual_review,640,640,JPEG,member_of_near_duplicate_cluster_size_34
roboflow_counterfeit_med_detection_63ec88158f,Roboflow - Counterfeit_med_detection (v4),roboflow\train\images4025_jpg.rf.3dbb80934150da40c631fa7181c15c5c.jpg,authentic,pid_00318,3,outer_packaging_or_product_photo,unclassified_needs_manual_review,640,640,JPEG,member_of_near_duplicate_cluster_size_3
roboflow_counterfeit_med_detection_3685fa74b6,Roboflow - Counterfeit_med_detection (v4),roboflow\train\images5113_jpg.rf.3d6452dfdeda213a2aae0c92a1ebf093.jpg,authentic,pid_00258,17,outer_packaging_or_product_photo,unclassified_needs_manual_review,640,640,JPEG,member_of_near_duplicate_cluster_size_17
roboflow_counterfeit_med_detection_8824a8f516,Roboflow - Counterfeit_med_detection (v4),roboflow\train\images301_jpg.rf.3d0da57d25b1eef93f480eb416e2ef6f.jpg,authentic,pid_00319,1,outer_packaging_or_product_photo,unclassified_needs_manual_review,640,640,JPEG,
roboflow_counterfeit_med_detection_178e6e3c69,Roboflow - Counterfeit_med_detection (v4),roboflow\train\images33_jpg.rf.3e97a1db1ddaf2be2aa8c290f44f487d.jpg,authentic,pid_00199,12,outer_packaging_or_product_photo,unclassified_needs_manual_review,640,640,JPEG,member_of_near_duplicate_cluster_size_12
roboflow_counterfeit_med_detection_bad2a85b01,Roboflow - Counterfeit_med_detection (v4),roboflow\train\images02_jpg.rf.3ef937ad021c0e2516c61b10bcf6ca3e.jpg,authentic,pid_00007,14,outer_packaging_or_product_photo,unclassified_needs_manual_review,640,640,JPEG,member_of_near_duplicate_cluster_size_14
roboflow_counterfeit_med_detection_57aad9ca38,Roboflow - Counterfeit_med_detection (v4),roboflow\train\images23_jpg.rf.3d8882ba8317ca9335bd34010994fc0e.jpg,authentic,pid_00024,22,outer_packaging_or_product_photo,unclassified_needs_manual_review,640,640,JPEG,member_of_near_duplicate_cluster_size_22
roboflow_counterfeit_med_detection_f04e707e66,Roboflow - Counterfeit_med_detection (v4),roboflow\train\images5114_jpg.rf.3eab66a2182cd5bb9f63f8eb29b3f3a8.jpg,authentic,pid_00207,18,outer_packaging_or_product_photo,unclassified_needs_manual_review,640,640,JPEG,member_of_near_duplicate_cluster_size_18
roboflow_counterfeit_med_detection_37f8bc407d,Roboflow - Counterfeit_med_detection (v4),roboflow\train\images316_jpg.rf.3f49b2f3cf5e4c944e497dd8fd0dcc64.jpg,authentic,pid_00064,19,outer_packaging_or_product_photo,unclassified_needs_manual_review,640,640,JPEG,member_of_near_duplicate_cluster_size_19
roboflow_counterfeit_med_detection_f857768bdb,Roboflow - Counterfeit_med_detection (v4),roboflow\train\images4060_jpg.rf.3e9497bdf5d7fb22527829dc46392038.jpg,authentic,pid_00010,56,outer_packaging_or_product_photo,unclassified_needs_manual_review,640,640,JPEG,member_of_near_duplicate_cluster_size_56
roboflow_counterfeit_med_detection_f5d7dc0594,Roboflow - Counterfeit_med_detection (v4),roboflow\train\images5115_jpg.rf.3ea229660a8ab578a587398887e0eac3.jpg,authentic,pid_00158,43,outer_packaging_or_product_photo,unclassified_needs_manual_review,640,640,JPEG,member_of_near_duplicate_cluster_size_43
roboflow_counterfeit_med_detection_5b57590bda,Roboflow - Counterfeit_med_detection (v4),roboflow\train\images5056_jpg.rf.3f6838baed450ee71a3b7680d9e069c6.jpg,authentic,pid_00117,11,outer_packaging_or_product_photo,unclassified_needs_manual_review,640,640,JPEG,member_of_near_duplicate_cluster_size_11
roboflow_counterfeit_med_detection_9e140c1527,Roboflow - Counterfeit_med_detection (v4),roboflow\train\images5090_jpg.rf.3f53352ba00e35521b0c915c84e651c5.jpg,authentic,pid_00167,3,outer_packaging_or_product_photo,unclassified_needs_manual_review,640,640,JPEG,member_of_near_duplicate_cluster_size_3
roboflow_counterfeit_med_detection_69b7d1b966,Roboflow - Counterfeit_med_detection (v4),roboflow\train\images315_jpg.rf.3fcfefb577eab9cd4fc5a36eced9cd2e.jpg,authentic,pid_00059,12,outer_packaging_or_product_photo,unclassified_needs_manual_review,640,640,JPEG,member_of_near_duplicate_cluster_size_12
roboflow_counterfeit_med_detection_d679788071,Roboflow - Counterfeit_med_detection (v4),roboflow\train\images276_jpg.rf.3fc43e486c3169dcfc52f7ce940dc1f6.jpg,authentic,pid_00297,4,outer_packaging_or_product_photo,unclassified_needs_manual_review,640,640,JPEG,member_of_near_duplicate_cluster_size_4
roboflow_counterfeit_med_detection_fe6e025bbc,Roboflow - Counterfeit_med_detection (v4),roboflow\train\images349_jpg.rf.4087403849680c9105319db4140598d0.jpg,authentic,pid_00112,9,outer_packaging_or_product_photo,unclassified_needs_manual_review,640,640,JPEG,member_of_near_duplicate_cluster_size_9
roboflow_counterfeit_med_detection_b5b9661e15,Roboflow - Counterfeit_med_detection (v4),roboflow\train\images206_jpg.rf.405c90443ebf824419d756492793921d.jpg,authentic,pid_00220,14,outer_packaging_or_product_photo,unclassified_needs_manual_review,640,640,JPEG,member_of_near_duplicate_cluster_size_14
roboflow_counterfeit_med_detection_e191307350,Roboflow - Counterfeit_med_detection (v4),roboflow\train\images5112_jpg.rf.3f7ffab6bd74989cd118d57145e62d02.jpg,authentic,pid_00035,19,outer_packaging_or_product_photo,unclassified_needs_manual_review,640,640,JPEG,member_of_near_duplicate_cluster_size_19
roboflow_counterfeit_med_detection_c97a2ccada,Roboflow - Counterfeit_med_detection (v4),roboflow\train\images4035_jpg.rf.405d51fcb556af32913bc850635029b4.jpg,authentic,pid_00146,18,outer_packaging_or_product_photo,unclassified_needs_manual_review,640,640,JPEG,member_of_near_duplicate_cluster_size_18
roboflow_counterfeit_med_detection_722da4c4d5,Roboflow - Counterfeit_med_detection (v4),roboflow\train\images5056_jpg.rf.40a0f5efe1f80690ea71a7b5509e9a83.jpg,authentic,pid_00173,7,outer_packaging_or_product_photo,unclassified_needs_manual_review,640,640,JPEG,member_of_near_duplicate_cluster_size_7
roboflow_counterfeit_med_detection_1503eca2b7,Roboflow - Counterfeit_med_detection (v4),roboflow\train\images239_jpg.rf.40264611325b5b96a07434ed7281f2a7.jpg,authentic,pid_00001,22,outer_packaging_or_product_photo,unclassified_needs_manual_review,640,640,JPEG,member_of_near_duplicate_cluster_size_22
roboflow_counterfeit_med_detection_4607e7ceee,Roboflow - Counterfeit_med_detection (v4),roboflow\train\images4029_jpg.rf.3f998f39afa8bcdafb8f290d037f3f59.jpg,authentic,pid_00083,23,outer_packaging_or_product_photo,unclassified_needs_manual_review,640,640,JPEG,member_of_near_duplicate_cluster_size_23
roboflow_counterfeit_med_detection_14a4f12b28,Roboflow - Counterfeit_med_detection (v4),roboflow\train\images4039_jpg.rf.40a30fe63a460e174c457a10ff9bfc9c.jpg,authentic,pid_00069,17,outer_packaging_or_product_photo,unclassified_needs_manual_review,640,640,JPEG,member_of_near_duplicate_cluster_size_17
roboflow_counterfeit_med_detection_8c25f04d95,Roboflow - Counterfeit_med_detection (v4),roboflow\train\images266_jpg.rf.401f366442f084581e72aa5557e3fd75.jpg,authentic,pid_00027,19,outer_packaging_or_product_photo,unclassified_needs_manual_review,640,640,JPEG,member_of_near_duplicate_cluster_size_19
roboflow_counterfeit_med_detection_c27539f131,Roboflow - Counterfeit_med_detection (v4),roboflow\train\images5052_jpg.rf.41579bcb161bbf868d695e96f6405137.jpg,authentic,pid_00037,19,outer_packaging_or_product_photo,unclassified_needs_manual_review,640,640,JPEG,member_of_near_duplicate_cluster_size_19
roboflow_counterfeit_med_detection_a09f8c48bb,Roboflow - Counterfeit_med_detection (v4),roboflow\train\images4064_jpg.rf.40e505024976f64d1457ec8a379908b5.jpg,authentic,pid_00026,19,outer_packaging_or_product_photo,unclassified_needs_manual_review,640,640,JPEG,member_of_near_duplicate_cluster_size_19
roboflow_counterfeit_med_detection_45b28f796e,Roboflow - Counterfeit_med_detection (v4),roboflow\train\images264_jpg.rf.410b69c7f747d691e4a4a5bb99116a04.jpg,authentic,pid_00019,18,outer_packaging_or_product_photo,unclassified_needs_manual_review,640,640,JPEG,member_of_near_duplicate_cluster_size_18
roboflow_counterfeit_med_detection_5796fabad3,Roboflow - Counterfeit_med_detection (v4),roboflow\train\images14_jpg.rf.406abaa5dbf6ba83dc9cdb19ceb2d4aa.jpg,authentic,pid_00132,13,outer_packaging_or_product_photo,unclassified_needs_manual_review,640,640,JPEG,member_of_near_duplicate_cluster_size_13
roboflow_counterfeit_med_detection_049de520b1,Roboflow - Counterfeit_med_detection (v4),roboflow\train\images4054_jpg.rf.4093ca3678f6a51d6cc7d3320cffc9f5.jpg,authentic,pid_00028,35,outer_packaging_or_product_photo,unclassified_needs_manual_review,640,640,JPEG,member_of_near_duplicate_cluster_size_35
roboflow_counterfeit_med_detection_869a9ba21c,Roboflow - Counterfeit_med_detection (v4),roboflow\train\images4047_jpg.rf.41cb503795b9cd5c35271b03f81e387f.jpg,authentic,pid_00110,25,outer_packaging_or_product_photo,unclassified_needs_manual_review,640,640,JPEG,member_of_near_duplicate_cluster_size_25
roboflow_counterfeit_med_detection_23674ccbbb,Roboflow - Counterfeit_med_detection (v4),roboflow\train\images4040_jpg.rf.416346fd0570da3128fb835c62483760.jpg,authentic,pid_00022,10,outer_packaging_or_product_photo,unclassified_needs_manual_review,640,640,JPEG,member_of_near_duplicate_cluster_size_10
roboflow_counterfeit_med_detection_a9a06fd189,Roboflow - Counterfeit_med_detection (v4),roboflow\train\images335_jpg.rf.4192037acf7bf7d9f00ea6fb857726cc.jpg,authentic,pid_00134,7,outer_packaging_or_product_photo,unclassified_needs_manual_review,640,640,JPEG,member_of_near_duplicate_cluster_size_7
roboflow_counterfeit_med_detection_b84e266359,Roboflow - Counterfeit_med_detection (v4),roboflow\train\images5069_jpg.rf.422f7f328bc0b49a795d98dc67a4d7ff.jpg,authentic,pid_00234,11,outer_packaging_or_product_photo,unclassified_needs_manual_review,640,640,JPEG,member_of_near_duplicate_cluster_size_11
roboflow_counterfeit_med_detection_ef1402009c,Roboflow - Counterfeit_med_detection (v4),roboflow\train\images5056_jpg.rf.420c3362df388796fa468a179561f2e9.jpg,authentic,pid_00117,11,outer_packaging_or_product_photo,unclassified_needs_manual_review,640,640,JPEG,member_of_near_duplicate_cluster_size_11
roboflow_counterfeit_med_detection_8281ddc9c3,Roboflow - Counterfeit_med_detection (v4),roboflow\train\images4061_jpg.rf.42726e39a1f0abe6d2dd3c8d629f833a.jpg,authentic,pid_00051,17,outer_packaging_or_product_photo,unclassified_needs_manual_review,640,640,JPEG,member_of_near_duplicate_cluster_size_17
roboflow_counterfeit_med_detection_d996b8253a,Roboflow - Counterfeit_med_detection (v4),roboflow\train\images43_jpg.rf.424bb80fc0e83031a3f24dc5bb10be82.jpg,authentic,pid_00262,8,outer_packaging_or_product_photo,unclassified_needs_manual_review,640,640,JPEG,member_of_near_duplicate_cluster_size_8
roboflow_counterfeit_med_detection_32e6dddb17,Roboflow - Counterfeit_med_detection (v4),roboflow\train\images5044_jpg.rf.423f6de7970e7fb2a3caa335c179d79e.jpg,authentic,pid_00014,19,outer_packaging_or_product_photo,unclassified_needs_manual_review,640,640,JPEG,member_of_near_duplicate_cluster_size_19
roboflow_counterfeit_med_detection_15a2b07951,Roboflow - Counterfeit_med_detection (v4),roboflow\train\images42_jpg.rf.41eec4a19c2f32a5609eec0d5b575f7f.jpg,authentic,pid_00195,21,outer_packaging_or_product_photo,unclassified_needs_manual_review,640,640,JPEG,member_of_near_duplicate_cluster_size_21
roboflow_counterfeit_med_detection_11ebc4f75f,Roboflow - Counterfeit_med_detection (v4),roboflow\train\images5040_jpg.rf.42bb651d599abd5b3c4c80d2a136723f.jpg,authentic,pid_00320,1,outer_packaging_or_product_photo,unclassified_needs_manual_review,640,640,JPEG,
roboflow_counterfeit_med_detection_da239ab660,Roboflow - Counterfeit_med_detection (v4),roboflow\train\images5071_jpg.rf.423765a53a090a06f9782d93c6940155.jpg,authentic,pid_00174,20,outer_packaging_or_product_photo,unclassified_needs_manual_review,640,640,JPEG,member_of_near_duplicate_cluster_size_20
roboflow_counterfeit_med_detection_38e98492cb,Roboflow - Counterfeit_med_detection (v4),roboflow\train\images5113_jpg.rf.422e0cd6e896f2b886c872e7910fe0d3.jpg,authentic,pid_00258,17,outer_packaging_or_product_photo,unclassified_needs_manual_review,640,640,JPEG,member_of_near_duplicate_cluster_size_17
roboflow_counterfeit_med_detection_403abcdbdd,Roboflow - Counterfeit_med_detection (v4),roboflow\train\images4045_jpg.rf.428f793d146f8088b0178938a53ee1f2.jpg,authentic,pid_00071,8,outer_packaging_or_product_photo,unclassified_needs_manual_review,640,640,JPEG,member_of_near_duplicate_cluster_size_8
roboflow_counterfeit_med_detection_0b37cced77,Roboflow - Counterfeit_med_detection (v4),roboflow\train\images320_jpg.rf.419c57a9c89a5781a7247160727d0b8e.jpg,authentic,pid_00236,6,outer_packaging_or_product_photo,unclassified_needs_manual_review,640,640,JPEG,member_of_near_duplicate_cluster_size_6
roboflow_counterfeit_med_detection_7d5f379e6e,Roboflow - Counterfeit_med_detection (v4),roboflow\train\images47_jpg.rf.42f395804f7ae14e980a9994b2ba4a8d.jpg,authentic,pid_00280,12,outer_packaging_or_product_photo,unclassified_needs_manual_review,640,640,JPEG,member_of_near_duplicate_cluster_size_12
roboflow_counterfeit_med_detection_5d0f00a763,Roboflow - Counterfeit_med_detection (v4),roboflow\train\images342_jpg.rf.42fea07d6225862f2619b8dbc14a3c9a.jpg,authentic,pid_00002,25,outer_packaging_or_product_photo,unclassified_needs_manual_review,640,640,JPEG,member_of_near_duplicate_cluster_size_25
roboflow_counterfeit_med_detection_12a8d6d71d,Roboflow - Counterfeit_med_detection (v4),roboflow\train\images5111_jpg.rf.434f7509b6d8ce21e41fbab48b195d41.jpg,authentic,pid_00293,3,outer_packaging_or_product_photo,unclassified_needs_manual_review,640,640,JPEG,member_of_near_duplicate_cluster_size_3
roboflow_counterfeit_med_detection_157b194938,Roboflow - Counterfeit_med_detection (v4),roboflow\train\images5023_jpg.rf.434ac8bc3f18327b653298886698a1c4.jpg,authentic,pid_00096,34,outer_packaging_or_product_photo,unclassified_needs_manual_review,640,640,JPEG,member_of_near_duplicate_cluster_size_34
roboflow_counterfeit_med_detection_3fc0a13447,Roboflow - Counterfeit_med_detection (v4),roboflow\train\images09_jpg.rf.43638183fc5453fbeb3b5a3d61a68e63.jpg,authentic,pid_00044,12,outer_packaging_or_product_photo,unclassified_needs_manual_review,640,640,JPEG,member_of_near_duplicate_cluster_size_12
roboflow_counterfeit_med_detection_694da32f7d,Roboflow - Counterfeit_med_detection (v4),roboflow\train\images4065_jpg.rf.43051513882fccc8b4114a68f658a185.jpg,authentic,pid_00230,19,outer_packaging_or_product_photo,unclassified_needs_manual_review,640,640,JPEG,member_of_near_duplicate_cluster_size_19
roboflow_counterfeit_med_detection_cd3133ef87,Roboflow - Counterfeit_med_detection (v4),roboflow\train\images4035_jpg.rf.437436c9511d568cf96516d31f3a06ff.jpg,authentic,pid_00146,18,outer_packaging_or_product_photo,unclassified_needs_manual_review,640,640,JPEG,member_of_near_duplicate_cluster_size_18
roboflow_counterfeit_med_detection_3bf5f10a37,Roboflow - Counterfeit_med_detection (v4),roboflow\train\images235_jpg.rf.43754646477dc65bd440996a855ec58c.jpg,authentic,pid_00043,19,outer_packaging_or_product_photo,unclassified_needs_manual_review,640,640,JPEG,member_of_near_duplicate_cluster_size_19
roboflow_counterfeit_med_detection_12609a98ef,Roboflow - Counterfeit_med_detection (v4),roboflow\train\images225_jpg.rf.43e3a19089b483291ead08bf8a5fd1d4.jpg,authentic,pid_00171,19,outer_packaging_or_product_photo,unclassified_needs_manual_review,640,640,JPEG,member_of_near_duplicate_cluster_size_19
roboflow_counterfeit_med_detection_7e1046df8c,Roboflow - Counterfeit_med_detection (v4),roboflow\train\images5111_jpg.rf.43cc9a3b5960a1c564328ed689179c46.jpg,authentic,pid_00088,35,outer_packaging_or_product_photo,unclassified_needs_manual_review,640,640,JPEG,member_of_near_duplicate_cluster_size_35
roboflow_counterfeit_med_detection_832370b830,Roboflow - Counterfeit_med_detection (v4),roboflow\train\images5061_jpg.rf.4377bd053fe666c4d4e955cdf6d50eec.jpg,authentic,pid_00088,35,outer_packaging_or_product_photo,unclassified_needs_manual_review,640,640,JPEG,member_of_near_duplicate_cluster_size_35
roboflow_counterfeit_med_detection_99b05a6600,Roboflow - Counterfeit_med_detection (v4),roboflow\train\images5035_jpg.rf.4403c206ea9c65621a7d432e1a78bdfa.jpg,authentic,pid_00125,19,outer_packaging_or_product_photo,unclassified_needs_manual_review,640,640,JPEG,member_of_near_duplicate_cluster_size_19
roboflow_counterfeit_med_detection_8ea35473f4,Roboflow - Counterfeit_med_detection (v4),roboflow\train\images5104_jpg.rf.4427dff2e8396145556305f41ec0d3c4.jpg,authentic,pid_00133,15,outer_packaging_or_product_photo,unclassified_needs_manual_review,640,640,JPEG,member_of_near_duplicate_cluster_size_15
roboflow_counterfeit_med_detection_c6c568a7f0,Roboflow - Counterfeit_med_detection (v4),roboflow\train\images33_jpg.rf.44361697565b7e69c803a4d1b414b42c.jpg,authentic,pid_00269,24,outer_packaging_or_product_photo,unclassified_needs_manual_review,640,640,JPEG,member_of_near_duplicate_cluster_size_24
roboflow_counterfeit_med_detection_650791a9e3,Roboflow - Counterfeit_med_detection (v4),roboflow\train\images4094_jpg.rf.44456a84edbcd262e828f86b60bb0227.jpg,authentic,pid_00025,19,outer_packaging_or_product_photo,unclassified_needs_manual_review,640,640,JPEG,member_of_near_duplicate_cluster_size_19
roboflow_counterfeit_med_detection_5473f8cde9,Roboflow - Counterfeit_med_detection (v4),roboflow\train\images4047_jpg.rf.439867d392f2d74a9f4af3b83e5db41f.jpg,authentic,pid_00110,25,outer_packaging_or_product_photo,unclassified_needs_manual_review,640,640,JPEG,member_of_near_duplicate_cluster_size_25
roboflow_counterfeit_med_detection_89b743e5b5,Roboflow - Counterfeit_med_detection (v4),roboflow\train\images321_jpg.rf.4439b5bd778f4c9eefaa2be456cc38c5.jpg,authentic,pid_00074,55,outer_packaging_or_product_photo,unclassified_needs_manual_review,640,640,JPEG,member_of_near_duplicate_cluster_size_55
roboflow_counterfeit_med_detection_65b84a95e1,Roboflow - Counterfeit_med_detection (v4),roboflow\train\images11_jpg.rf.445e35dddcd17901c7355f8364aa935d.jpg,authentic,pid_00223,13,outer_packaging_or_product_photo,unclassified_needs_manual_review,640,640,JPEG,member_of_near_duplicate_cluster_size_13
roboflow_counterfeit_med_detection_aefacb611c,Roboflow - Counterfeit_med_detection (v4),roboflow\train\images255_jpg.rf.446855e0c76fbf6cebe2f71ec3a7cca3.jpg,authentic,pid_00277,13,outer_packaging_or_product_photo,unclassified_needs_manual_review,640,640,JPEG,member_of_near_duplicate_cluster_size_13
roboflow_counterfeit_med_detection_de92cdb8cb,Roboflow - Counterfeit_med_detection (v4),roboflow\train\images348_jpg.rf.447f91a3dc95807f3c8ef733ebfcb3aa.jpg,authentic,pid_00038,37,outer_packaging_or_product_photo,unclassified_needs_manual_review,640,640,JPEG,member_of_near_duplicate_cluster_size_37
roboflow_counterfeit_med_detection_9697e5d324,Roboflow - Counterfeit_med_detection (v4),roboflow\train\images4088_jpg.rf.446a5156f515942bb93f662cc825e6b3.jpg,authentic,pid_00185,19,outer_packaging_or_product_photo,unclassified_needs_manual_review,640,640,JPEG,member_of_near_duplicate_cluster_size_19
roboflow_counterfeit_med_detection_d3ffb53c4c,Roboflow - Counterfeit_med_detection (v4),roboflow\train\images5060_jpg.rf.44ac6d6564e57096007d34bd56bdec40.jpg,authentic,pid_00094,25,outer_packaging_or_product_photo,unclassified_needs_manual_review,640,640,JPEG,member_of_near_duplicate_cluster_size_25
roboflow_counterfeit_med_detection_c17ccec094,Roboflow - Counterfeit_med_detection (v4),roboflow\train\images4065_jpg.rf.4478ec3bb4d119ef7590269704c34224.jpg,authentic,pid_00230,19,outer_packaging_or_product_photo,unclassified_needs_manual_review,640,640,JPEG,member_of_near_duplicate_cluster_size_19
roboflow_counterfeit_med_detection_7fc4cea13f,Roboflow - Counterfeit_med_detection (v4),roboflow\train\images208_jpg.rf.4474cb2a2d4ff74377441304bc96e562.jpg,authentic,pid_00196,17,outer_packaging_or_product_photo,unclassified_needs_manual_review,640,640,JPEG,member_of_near_duplicate_cluster_size_17
roboflow_counterfeit_med_detection_d00c231ee3,Roboflow - Counterfeit_med_detection (v4),roboflow\train\images15_jpg.rf.44bd5a2bef4cd5ad90eaa7e1452e9b22.jpg,authentic,pid_00159,12,outer_packaging_or_product_photo,unclassified_needs_manual_review,640,640,JPEG,member_of_near_duplicate_cluster_size_12
roboflow_counterfeit_med_detection_e13bc627bc,Roboflow - Counterfeit_med_detection (v4),roboflow\train\images312_jpg.rf.44ee64a6eec9ce29e06fcead8c66d65f.jpg,authentic,pid_00288,6,outer_packaging_or_product_photo,unclassified_needs_manual_review,640,640,JPEG,member_of_near_duplicate_cluster_size_6
roboflow_counterfeit_med_detection_18184ff9d9,Roboflow - Counterfeit_med_detection (v4),roboflow\train\images342_jpg.rf.4528d5e443a2af9c59f43b85cf46347f.jpg,authentic,pid_00002,25,outer_packaging_or_product_photo,unclassified_needs_manual_review,640,640,JPEG,member_of_near_duplicate_cluster_size_25
roboflow_counterfeit_med_detection_f85186b966,Roboflow - Counterfeit_med_detection (v4),roboflow\train\images257_jpg.rf.455b7d7a2ff3f4489a7e1ee7ba26f50c.jpg,authentic,pid_00031,25,outer_packaging_or_product_photo,unclassified_needs_manual_review,640,640,JPEG,member_of_near_duplicate_cluster_size_25
roboflow_counterfeit_med_detection_6348b9832a,Roboflow - Counterfeit_med_detection (v4),roboflow\train\images4069_jpg.rf.451a4b64e941db346f6d72ff5891962d.jpg,authentic,pid_00321,7,outer_packaging_or_product_photo,unclassified_needs_manual_review,640,640,JPEG,member_of_near_duplicate_cluster_size_7
roboflow_counterfeit_med_detection_3692e69ded,Roboflow - Counterfeit_med_detection (v4),roboflow\train\images47_jpg.rf.4555b18887c333aad3bc234eca412778.jpg,authentic,pid_00280,12,outer_packaging_or_product_photo,unclassified_needs_manual_review,640,640,JPEG,member_of_near_duplicate_cluster_size_12
roboflow_counterfeit_med_detection_a852b35e6e,Roboflow - Counterfeit_med_detection (v4),roboflow\train\images213_jpg.rf.45193ab0c9ed48b436b75b917df3774e.jpg,authentic,pid_00204,5,outer_packaging_or_product_photo,unclassified_needs_manual_review,640,640,JPEG,member_of_near_duplicate_cluster_size_5
roboflow_counterfeit_med_detection_8c8541333f,Roboflow - Counterfeit_med_detection (v4),roboflow\train\images5056_jpg.rf.465dc57e245292513e178f24b18488e9.jpg,authentic,pid_00173,7,outer_packaging_or_product_photo,unclassified_needs_manual_review,640,640,JPEG,member_of_near_duplicate_cluster_size_7
roboflow_counterfeit_med_detection_a0fea5177c,Roboflow - Counterfeit_med_detection (v4),roboflow\train\images201_jpg.rf.4506aa7a3514581f2e28fc989e983d63.jpg,authentic,pid_00291,12,outer_packaging_or_product_photo,unclassified_needs_manual_review,640,640,JPEG,member_of_near_duplicate_cluster_size_12
roboflow_counterfeit_med_detection_a90af2d9ed,Roboflow - Counterfeit_med_detection (v4),roboflow\train\images4085_jpg.rf.4663745cde09425e807959fc07317e71.jpg,authentic,pid_00057,55,outer_packaging_or_product_photo,unclassified_needs_manual_review,640,640,JPEG,member_of_near_duplicate_cluster_size_55
roboflow_counterfeit_med_detection_41a65a63d9,Roboflow - Counterfeit_med_detection (v4),roboflow\train\images219_jpg.rf.4528f1e15f4aee5759b553b01baac107.jpg,authentic,pid_00058,7,outer_packaging_or_product_photo,unclassified_needs_manual_review,640,640,JPEG,member_of_near_duplicate_cluster_size_7
roboflow_counterfeit_med_detection_356a7ee40b,Roboflow - Counterfeit_med_detection (v4),roboflow\train\images263_jpg.rf.46619d6471e869ec6e7014411ede8d52.jpg,authentic,pid_00235,7,outer_packaging_or_product_photo,unclassified_needs_manual_review,640,640,JPEG,member_of_near_duplicate_cluster_size_7
roboflow_counterfeit_med_detection_a84df3f948,Roboflow - Counterfeit_med_detection (v4),roboflow\train\images5087_jpg.rf.463dc32ce5dfc23050eaf54edf0b0845.jpg,authentic,pid_00181,18,outer_packaging_or_product_photo,unclassified_needs_manual_review,640,640,JPEG,member_of_near_duplicate_cluster_size_18
roboflow_counterfeit_med_detection_2ab450fe5d,Roboflow - Counterfeit_med_detection (v4),roboflow\train\images4060_jpg.rf.460e11aeeb7d5a3e9aa937cdf4f2831c.jpg,authentic,pid_00010,56,outer_packaging_or_product_photo,unclassified_needs_manual_review,640,640,JPEG,member_of_near_duplicate_cluster_size_56
roboflow_counterfeit_med_detection_b0b6abac03,Roboflow - Counterfeit_med_detection (v4),roboflow\train\images321_jpg.rf.469cac1254c486c75a2b7d2e99c0bbea.jpg,authentic,pid_00074,55,outer_packaging_or_product_photo,unclassified_needs_manual_review,640,640,JPEG,member_of_near_duplicate_cluster_size_55
roboflow_counterfeit_med_detection_99a9ac48b6,Roboflow - Counterfeit_med_detection (v4),roboflow\train\images236_jpg.rf.46b157c32a75ec864284773ebd25fbfd.jpg,authentic,pid_00055,19,outer_packaging_or_product_photo,unclassified_needs_manual_review,640,640,JPEG,member_of_near_duplicate_cluster_size_19
roboflow_counterfeit_med_detection_740117b641,Roboflow - Counterfeit_med_detection (v4),roboflow\train\images4074_jpg.rf.46d67ca6ee1ed03837f1761b4fb8ab78.jpg,authentic,pid_00273,19,outer_packaging_or_product_photo,unclassified_needs_manual_review,640,640,JPEG,member_of_near_duplicate_cluster_size_19
roboflow_counterfeit_med_detection_ccd176b09c,Roboflow - Counterfeit_med_detection (v4),roboflow\train\images252_jpg.rf.4586cf9fb1284a577e22a99c2bc987c2.jpg,authentic,pid_00016,10,outer_packaging_or_product_photo,unclassified_needs_manual_review,640,640,JPEG,member_of_near_duplicate_cluster_size_10
roboflow_counterfeit_med_detection_7309a7b3bd,Roboflow - Counterfeit_med_detection (v4),roboflow\train\images5040_jpg.rf.46f115f8208e38ac343657d6836de471.jpg,authentic,pid_00099,17,outer_packaging_or_product_photo,unclassified_needs_manual_review,640,640,JPEG,member_of_near_duplicate_cluster_size_17
roboflow_counterfeit_med_detection_58d95c5193,Roboflow - Counterfeit_med_detection (v4),roboflow\train\images5053_jpg.rf.46ed237efbed145c54980199533a02c5.jpg,authentic,pid_00290,7,outer_packaging_or_product_photo,unclassified_needs_manual_review,640,640,JPEG,member_of_near_duplicate_cluster_size_7
roboflow_counterfeit_med_detection_42f2f6b2dc,Roboflow - Counterfeit_med_detection (v4),roboflow\train\images268_jpg.rf.46fac55408bb8057b97482176d201ec4.jpg,authentic,pid_00010,56,outer_packaging_or_product_photo,unclassified_needs_manual_review,640,640,JPEG,member_of_near_duplicate_cluster_size_56
roboflow_counterfeit_med_detection_5a16b47ce8,Roboflow - Counterfeit_med_detection (v4),roboflow\train\images311_jpg.rf.478da2cbc0f11035a4c6d2dbeffd2acc.jpg,authentic,pid_00122,7,outer_packaging_or_product_photo,unclassified_needs_manual_review,640,640,JPEG,member_of_near_duplicate_cluster_size_7
roboflow_counterfeit_med_detection_3df948dfe5,Roboflow - Counterfeit_med_detection (v4),roboflow\train\images222_jpg.rf.46e1521a966e350dea066056ebf339d4.jpg,authentic,pid_00068,36,outer_packaging_or_product_photo,unclassified_needs_manual_review,640,640,JPEG,member_of_near_duplicate_cluster_size_36
roboflow_counterfeit_med_detection_6de8e655c6,Roboflow - Counterfeit_med_detection (v4),roboflow\train\images4063_jpg.rf.47a1a6c55bc054902d9a550ebbdf859d.jpg,authentic,pid_00079,14,outer_packaging_or_product_photo,unclassified_needs_manual_review,640,640,JPEG,member_of_near_duplicate_cluster_size_14
roboflow_counterfeit_med_detection_ef99fc57dd,Roboflow - Counterfeit_med_detection (v4),roboflow\train\images33_jpg.rf.47bb828a9835129e552df6c93a5e5684.jpg,authentic,pid_00269,24,outer_packaging_or_product_photo,unclassified_needs_manual_review,640,640,JPEG,member_of_near_duplicate_cluster_size_24
roboflow_counterfeit_med_detection_07b31b83ab,Roboflow - Counterfeit_med_detection (v4),roboflow\train\images5052_jpg.rf.4743da18ad338fbc5aaae4ecb1c02da2.jpg,authentic,pid_00037,19,outer_packaging_or_product_photo,unclassified_needs_manual_review,640,640,JPEG,member_of_near_duplicate_cluster_size_19
roboflow_counterfeit_med_detection_3963bc3a86,Roboflow - Counterfeit_med_detection (v4),roboflow\train\images38_jpg.rf.4858970486c4c6fd5fa3bd6a99466afd.jpg,authentic,pid_00039,35,outer_packaging_or_product_photo,unclassified_needs_manual_review,640,640,JPEG,member_of_near_duplicate_cluster_size_35
roboflow_counterfeit_med_detection_98f573a370,Roboflow - Counterfeit_med_detection (v4),roboflow\train\images4082_jpg.rf.48746bd0e83c3334cf579c8c8a1f0f18.jpg,authentic,pid_00154,18,outer_packaging_or_product_photo,unclassified_needs_manual_review,640,640,JPEG,member_of_near_duplicate_cluster_size_18
roboflow_counterfeit_med_detection_9ad0a9b1f2,Roboflow - Counterfeit_med_detection (v4),roboflow\train\images4035_jpg.rf.48cf0a98132f4e40dfc34ecefa793fd9.jpg,authentic,pid_00146,18,outer_packaging_or_product_photo,unclassified_needs_manual_review,640,640,JPEG,member_of_near_duplicate_cluster_size_18
roboflow_counterfeit_med_detection_7857697ba9,Roboflow - Counterfeit_med_detection (v4),roboflow\train\images5103_jpg.rf.4889743c9c8a674473dd75357d97ce4b.jpg,authentic,pid_00194,8,outer_packaging_or_product_photo,unclassified_needs_manual_review,640,640,JPEG,member_of_near_duplicate_cluster_size_8
roboflow_counterfeit_med_detection_85e29987d2,Roboflow - Counterfeit_med_detection (v4),roboflow\train\images43_jpg.rf.48b2a9f468cc552cf62ba8caa8d93bdc.jpg,authentic,pid_00262,8,outer_packaging_or_product_photo,unclassified_needs_manual_review,640,640,JPEG,member_of_near_duplicate_cluster_size_8
roboflow_counterfeit_med_detection_91e701b7d9,Roboflow - Counterfeit_med_detection (v4),roboflow\train\images5116_jpg.rf.47f2fefc4617ca22ba88a8fe9761ccc8.jpg,authentic,pid_00165,10,outer_packaging_or_product_photo,unclassified_needs_manual_review,640,640,JPEG,member_of_near_duplicate_cluster_size_10
roboflow_counterfeit_med_detection_aefcffe61d,Roboflow - Counterfeit_med_detection (v4),roboflow\train\images4063_jpg.rf.487233ea0fcf0ac86f7f3725c961af90.jpg,authentic,pid_00079,14,outer_packaging_or_product_photo,unclassified_needs_manual_review,640,640,JPEG,member_of_near_duplicate_cluster_size_14
roboflow_counterfeit_med_detection_c68685f0db,Roboflow - Counterfeit_med_detection (v4),roboflow\train\images4087_jpg.rf.484b94a5ff0b2ae805ff5e0ef8f70692.jpg,authentic,pid_00135,20,outer_packaging_or_product_photo,unclassified_needs_manual_review,640,640,JPEG,member_of_near_duplicate_cluster_size_20
roboflow_counterfeit_med_detection_027f2fcda3,Roboflow - Counterfeit_med_detection (v4),roboflow\train\images4067_jpg.rf.484806d0f22645dbaba7039e0d19450b.jpg,authentic,pid_00104,20,outer_packaging_or_product_photo,unclassified_needs_manual_review,640,640,JPEG,member_of_near_duplicate_cluster_size_20
roboflow_counterfeit_med_detection_1233ada980,Roboflow - Counterfeit_med_detection (v4),roboflow\train\images5060_jpg.rf.48ad3df230148b575f480d6477606cbc.jpg,authentic,pid_00094,25,outer_packaging_or_product_photo,unclassified_needs_manual_review,640,640,JPEG,member_of_near_duplicate_cluster_size_25
roboflow_counterfeit_med_detection_5f17ac1327,Roboflow - Counterfeit_med_detection (v4),roboflow\train\images4061_jpg.rf.48bfd4301729c7b6fdc02b24f334bd5c.jpg,authentic,pid_00097,19,outer_packaging_or_product_photo,unclassified_needs_manual_review,640,640,JPEG,member_of_near_duplicate_cluster_size_19
roboflow_counterfeit_med_detection_37a5aab52d,Roboflow - Counterfeit_med_detection (v4),roboflow\train\images239_jpg.rf.48e96966d979f2c90f30459994ab7ced.jpg,authentic,pid_00001,22,outer_packaging_or_product_photo,unclassified_needs_manual_review,640,640,JPEG,member_of_near_duplicate_cluster_size_22
roboflow_counterfeit_med_detection_598832d0f5,Roboflow - Counterfeit_med_detection (v4),roboflow\train\images02_jpg.rf.48f6ef1f902f87a1c1bfc5861693a768.jpg,authentic,pid_00312,6,outer_packaging_or_product_photo,unclassified_needs_manual_review,640,640,JPEG,member_of_near_duplicate_cluster_size_6
roboflow_counterfeit_med_detection_993ef33e34,Roboflow - Counterfeit_med_detection (v4),roboflow\train\images228_jpg.rf.4939d24710acea561d86cecd8b201623.jpg,authentic,pid_00131,33,outer_packaging_or_product_photo,unclassified_needs_manual_review,640,640,JPEG,member_of_near_duplicate_cluster_size_33
roboflow_counterfeit_med_detection_1e5b801cd7,Roboflow - Counterfeit_med_detection (v4),roboflow\train\images230_jpg.rf.49275acf40315106d6b5d2d12063b062.jpg,authentic,pid_00322,1,outer_packaging_or_product_photo,unclassified_needs_manual_review,640,640,JPEG,
roboflow_counterfeit_med_detection_91b1478865,Roboflow - Counterfeit_med_detection (v4),roboflow\train\images4090_jpg.rf.4903fb691fc9d70be54e57c666c0c1d4.jpg,authentic,pid_00084,21,outer_packaging_or_product_photo,unclassified_needs_manual_review,640,640,JPEG,member_of_near_duplicate_cluster_size_21
roboflow_counterfeit_med_detection_ab1172f7ef,Roboflow - Counterfeit_med_detection (v4),roboflow\train\images4054_jpg.rf.49a49c3feb5d03667562b5d7dcf82a88.jpg,authentic,pid_00028,35,outer_packaging_or_product_photo,unclassified_needs_manual_review,640,640,JPEG,member_of_near_duplicate_cluster_size_35
roboflow_counterfeit_med_detection_8b4732a9db,Roboflow - Counterfeit_med_detection (v4),roboflow\train\images4048_jpg.rf.4a4c9b06f8f3d0bc6c74982f964c8791.jpg,authentic,pid_00017,28,outer_packaging_or_product_photo,unclassified_needs_manual_review,640,640,JPEG,member_of_near_duplicate_cluster_size_28
roboflow_counterfeit_med_detection_00762f45f7,Roboflow - Counterfeit_med_detection (v4),roboflow\train\images4047_jpg.rf.49eb72883e8856dacf737a94bc363338.jpg,authentic,pid_00110,25,outer_packaging_or_product_photo,unclassified_needs_manual_review,640,640,JPEG,member_of_near_duplicate_cluster_size_25
roboflow_counterfeit_med_detection_a22acb4b5a,Roboflow - Counterfeit_med_detection (v4),roboflow\train\images23_jpg.rf.49d00a9be8c48ca067ea5cb9ab192d2f.jpg,authentic,pid_00289,6,outer_packaging_or_product_photo,unclassified_needs_manual_review,640,640,JPEG,member_of_near_duplicate_cluster_size_6
roboflow_counterfeit_med_detection_5f6db9db86,Roboflow - Counterfeit_med_detection (v4),roboflow\train\images5126_jpg.rf.499d5e58a634975502ff8cbf4575e8a5.jpg,authentic,pid_00229,10,outer_packaging_or_product_photo,unclassified_needs_manual_review,640,640,JPEG,member_of_near_duplicate_cluster_size_10
roboflow_counterfeit_med_detection_23838abc62,Roboflow - Counterfeit_med_detection (v4),roboflow\train\images4038_jpg.rf.49fea4e816256576ecc91e58ded42567.jpg,authentic,pid_00057,55,outer_packaging_or_product_photo,unclassified_needs_manual_review,640,640,JPEG,member_of_near_duplicate_cluster_size_55
roboflow_counterfeit_med_detection_d2b8fabda2,Roboflow - Counterfeit_med_detection (v4),roboflow\train\images225_jpg.rf.49c87f37e5137fb7ebde068df93266c4.jpg,authentic,pid_00171,19,outer_packaging_or_product_photo,unclassified_needs_manual_review,640,640,JPEG,member_of_near_duplicate_cluster_size_19
roboflow_counterfeit_med_detection_e42b12f8ad,Roboflow - Counterfeit_med_detection (v4),roboflow\train\images4040_jpg.rf.4a4d6b0fc0e78635fa7140ca2719f324.jpg,authentic,pid_00022,10,outer_packaging_or_product_photo,unclassified_needs_manual_review,640,640,JPEG,member_of_near_duplicate_cluster_size_10
roboflow_counterfeit_med_detection_ea27552941,Roboflow - Counterfeit_med_detection (v4),roboflow\train\images241_jpg.rf.49436d6dce2727b63d4dc1d570cbf577.jpg,authentic,pid_00237,12,outer_packaging_or_product_photo,unclassified_needs_manual_review,640,640,JPEG,member_of_near_duplicate_cluster_size_12
roboflow_counterfeit_med_detection_d9d6de85c0,Roboflow - Counterfeit_med_detection (v4),roboflow\train\images4039_jpg.rf.4a257616509751acec04f24cd7badf3d.jpg,authentic,pid_00075,20,outer_packaging_or_product_photo,unclassified_needs_manual_review,640,640,JPEG,member_of_near_duplicate_cluster_size_20
roboflow_counterfeit_med_detection_7a168603fd,Roboflow - Counterfeit_med_detection (v4),roboflow\train\images312_jpg.rf.49a8a25ef1312fc43f4029aacd8a0def.jpg,authentic,pid_00288,6,outer_packaging_or_product_photo,unclassified_needs_manual_review,640,640,JPEG,member_of_near_duplicate_cluster_size_6
roboflow_counterfeit_med_detection_f0ee8770cc,Roboflow - Counterfeit_med_detection (v4),roboflow\train\images5053_jpg.rf.4ad9e70bef22dbed5bfbcced94f21eee.jpg,authentic,pid_00282,5,outer_packaging_or_product_photo,unclassified_needs_manual_review,640,640,JPEG,member_of_near_duplicate_cluster_size_5
roboflow_counterfeit_med_detection_67f0736638,Roboflow - Counterfeit_med_detection (v4),roboflow\train\images5106_jpg.rf.49872b3abd54c51ba60f7a609f333724.jpg,authentic,pid_00115,19,outer_packaging_or_product_photo,unclassified_needs_manual_review,640,640,JPEG,member_of_near_duplicate_cluster_size_19
roboflow_counterfeit_med_detection_b8f52f6bb2,Roboflow - Counterfeit_med_detection (v4),roboflow\train\images43_jpg.rf.4aba29f5aecbb57b118bc0e8220dc4c1.jpg,authentic,pid_00068,36,outer_packaging_or_product_photo,unclassified_needs_manual_review,640,640,JPEG,member_of_near_duplicate_cluster_size_36
roboflow_counterfeit_med_detection_b3d632e640,Roboflow - Counterfeit_med_detection (v4),roboflow\train\images5056_jpg.rf.4a821cba4fc8397fa9c4ec6fa013e239.jpg,authentic,pid_00117,11,outer_packaging_or_product_photo,unclassified_needs_manual_review,640,640,JPEG,member_of_near_duplicate_cluster_size_11
roboflow_counterfeit_med_detection_c04795312c,Roboflow - Counterfeit_med_detection (v4),roboflow\train\images09_jpg.rf.4a8985e75ce40eceea75848368ea91b1.jpg,authentic,pid_00203,7,outer_packaging_or_product_photo,unclassified_needs_manual_review,640,640,JPEG,member_of_near_duplicate_cluster_size_7
roboflow_counterfeit_med_detection_b870982161,Roboflow - Counterfeit_med_detection (v4),roboflow\train\images260_jpg.rf.49fd9b6b34ef71a1bd289625e4c92700.jpg,authentic,pid_00160,19,outer_packaging_or_product_photo,unclassified_needs_manual_review,640,640,JPEG,member_of_near_duplicate_cluster_size_19
roboflow_counterfeit_med_detection_c47d0b3f0f,Roboflow - Counterfeit_med_detection (v4),roboflow\train\images5111_jpg.rf.4ad0adb4406f6854ef2b0b0f7338a490.jpg,authentic,pid_00088,35,outer_packaging_or_product_photo,unclassified_needs_manual_review,640,640,JPEG,member_of_near_duplicate_cluster_size_35
roboflow_counterfeit_med_detection_da8da04c4d,Roboflow - Counterfeit_med_detection (v4),roboflow\train\images264_jpg.rf.4b705eb8dfe8211fa0f0be2b14e474f2.jpg,authentic,pid_00019,18,outer_packaging_or_product_photo,unclassified_needs_manual_review,640,640,JPEG,member_of_near_duplicate_cluster_size_18
roboflow_counterfeit_med_detection_50587ecfbd,Roboflow - Counterfeit_med_detection (v4),roboflow\train\images323_jpg.rf.4b3d9e6d3410b4c3f9312952fa9d49a6.jpg,authentic,pid_00023,18,outer_packaging_or_product_photo,unclassified_needs_manual_review,640,640,JPEG,member_of_near_duplicate_cluster_size_18
roboflow_counterfeit_med_detection_bc4621f9da,Roboflow - Counterfeit_med_detection (v4),roboflow\train\images37_jpg.rf.4bae264011dd7375066916e0cd7acde8.jpg,authentic,pid_00296,3,outer_packaging_or_product_photo,unclassified_needs_manual_review,640,640,JPEG,member_of_near_duplicate_cluster_size_3
roboflow_counterfeit_med_detection_2ace34cc73,Roboflow - Counterfeit_med_detection (v4),roboflow\train\images268_jpg.rf.4bbefd3a83320d74b047ff56facdbf6f.jpg,authentic,pid_00010,56,outer_packaging_or_product_photo,unclassified_needs_manual_review,640,640,JPEG,member_of_near_duplicate_cluster_size_56
roboflow_counterfeit_med_detection_b56572941b,Roboflow - Counterfeit_med_detection (v4),roboflow\train\images4033_jpg.rf.4be0717dfec1172628b3cebef04f63a3.jpg,authentic,pid_00138,11,outer_packaging_or_product_photo,unclassified_needs_manual_review,640,640,JPEG,member_of_near_duplicate_cluster_size_11
roboflow_counterfeit_med_detection_39eb7b9ef5,Roboflow - Counterfeit_med_detection (v4),roboflow\train\images206_jpg.rf.4c78a3e32944297ed042c476cd8a43ec.jpg,authentic,pid_00292,5,outer_packaging_or_product_photo,unclassified_needs_manual_review,640,640,JPEG,member_of_near_duplicate_cluster_size_5
roboflow_counterfeit_med_detection_65d0e9b239,Roboflow - Counterfeit_med_detection (v4),roboflow\train\images266_jpg.rf.4bc8fac969a534bcc5f7871a6e9ef583.jpg,authentic,pid_00027,19,outer_packaging_or_product_photo,unclassified_needs_manual_review,640,640,JPEG,member_of_near_duplicate_cluster_size_19
roboflow_counterfeit_med_detection_2f2ac193ad,Roboflow - Counterfeit_med_detection (v4),roboflow\train\images5046_jpg.rf.4ca216b620e7a360d416e2aaa0460a32.jpg,authentic,pid_00068,36,outer_packaging_or_product_photo,unclassified_needs_manual_review,640,640,JPEG,member_of_near_duplicate_cluster_size_36
roboflow_counterfeit_med_detection_4ece159272,Roboflow - Counterfeit_med_detection (v4),roboflow\train\images04_jpg.rf.4ba87025c716fd047c17707e3eefe6a6.jpg,authentic,pid_00323,1,outer_packaging_or_product_photo,unclassified_needs_manual_review,640,640,JPEG,
roboflow_counterfeit_med_detection_4ca05c60a5,Roboflow - Counterfeit_med_detection (v4),roboflow\train\images5080_jpg.rf.4c92684feda8e7478fec00f870b0ebc4.jpg,authentic,pid_00005,28,outer_packaging_or_product_photo,unclassified_needs_manual_review,640,640,JPEG,member_of_near_duplicate_cluster_size_28
roboflow_counterfeit_med_detection_224b3ce3b3,Roboflow - Counterfeit_med_detection (v4),roboflow\train\images5031_jpg.rf.4cea08b22e1dfe03ce1faf8a01bbd75e.jpg,authentic,pid_00131,33,outer_packaging_or_product_photo,unclassified_needs_manual_review,640,640,JPEG,member_of_near_duplicate_cluster_size_33
roboflow_counterfeit_med_detection_0dfb03bc13,Roboflow - Counterfeit_med_detection (v4),roboflow\train\images302_jpg.rf.4ce128564e0eb0cb435c6290c6a29a31.jpg,authentic,pid_00018,18,outer_packaging_or_product_photo,unclassified_needs_manual_review,640,640,JPEG,member_of_near_duplicate_cluster_size_18
roboflow_counterfeit_med_detection_c029271241,Roboflow - Counterfeit_med_detection (v4),roboflow\train\images5103_jpg.rf.4c222d55e3b8c76233a2cba27ab59f21.jpg,authentic,pid_00194,8,outer_packaging_or_product_photo,unclassified_needs_manual_review,640,640,JPEG,member_of_near_duplicate_cluster_size_8
roboflow_counterfeit_med_detection_9fda25653f,Roboflow - Counterfeit_med_detection (v4),roboflow\train\images335_jpg.rf.4c812698f677b60ac259e2037e42f2b4.jpg,authentic,pid_00134,7,outer_packaging_or_product_photo,unclassified_needs_manual_review,640,640,JPEG,member_of_near_duplicate_cluster_size_7
roboflow_counterfeit_med_detection_08f89b8d21,Roboflow - Counterfeit_med_detection (v4),roboflow\train\images5112_jpg.rf.4ca9ab726622682084f3fafb955e0ab9.jpg,authentic,pid_00035,19,outer_packaging_or_product_photo,unclassified_needs_manual_review,640,640,JPEG,member_of_near_duplicate_cluster_size_19
roboflow_counterfeit_med_detection_c9af7e3963,Roboflow - Counterfeit_med_detection (v4),roboflow\train\images36_jpg.rf.4bcfa99f7868c822f262fe7371845a6c.jpg,authentic,pid_00006,37,outer_packaging_or_product_photo,unclassified_needs_manual_review,640,640,JPEG,member_of_near_duplicate_cluster_size_37
roboflow_counterfeit_med_detection_f39b95a58e,Roboflow - Counterfeit_med_detection (v4),roboflow\train\images4035_jpg.rf.4bb2a80d5c85014bd3f5842b31454d76.jpg,authentic,pid_00086,18,outer_packaging_or_product_photo,unclassified_needs_manual_review,640,640,JPEG,member_of_near_duplicate_cluster_size_18
roboflow_counterfeit_med_detection_1064242648,Roboflow - Counterfeit_med_detection (v4),roboflow\train\images5127_jpg.rf.4d085958816b070f9938831e664fdb05.jpg,authentic,pid_00162,7,outer_packaging_or_product_photo,unclassified_needs_manual_review,640,640,JPEG,member_of_near_duplicate_cluster_size_7
roboflow_counterfeit_med_detection_fa029d4494,Roboflow - Counterfeit_med_detection (v4),roboflow\train\images348_jpg.rf.4c36f15e9aafb65d3ed4263c5323a87e.jpg,authentic,pid_00038,37,outer_packaging_or_product_photo,unclassified_needs_manual_review,640,640,JPEG,member_of_near_duplicate_cluster_size_37
roboflow_counterfeit_med_detection_885940ed7d,Roboflow - Counterfeit_med_detection (v4),roboflow\train\images347_jpg.rf.4d24338ce3cc460f0a197547b921b90a.jpg,authentic,pid_00119,35,outer_packaging_or_product_photo,unclassified_needs_manual_review,640,640,JPEG,member_of_near_duplicate_cluster_size_35
roboflow_counterfeit_med_detection_e8918719bb,Roboflow - Counterfeit_med_detection (v4),roboflow\train\images4031_jpg.rf.4cb668202b76b944b266866c305560dd.jpg,authentic,pid_00314,4,outer_packaging_or_product_photo,unclassified_needs_manual_review,640,640,JPEG,member_of_near_duplicate_cluster_size_4
roboflow_counterfeit_med_detection_75cc086d1d,Roboflow - Counterfeit_med_detection (v4),roboflow\train\images258_jpg.rf.4d60cde02c8476ec038f8506f2390acb.jpg,authentic,pid_00102,19,outer_packaging_or_product_photo,unclassified_needs_manual_review,640,640,JPEG,member_of_near_duplicate_cluster_size_19
roboflow_counterfeit_med_detection_79e6460080,Roboflow - Counterfeit_med_detection (v4),roboflow\train\images275_jpg.rf.4d8c3d9ddbe751146221dbb8b1e361f1.jpg,authentic,pid_00107,19,outer_packaging_or_product_photo,unclassified_needs_manual_review,640,640,JPEG,member_of_near_duplicate_cluster_size_19
roboflow_counterfeit_med_detection_b7e3b88bb8,Roboflow - Counterfeit_med_detection (v4),roboflow\train\images5034_jpg.rf.4d547191a7fb2d69115c598d9696b24b.jpg,authentic,pid_00009,19,outer_packaging_or_product_photo,unclassified_needs_manual_review,640,640,JPEG,member_of_near_duplicate_cluster_size_19
roboflow_counterfeit_med_detection_35984b60a0,Roboflow - Counterfeit_med_detection (v4),roboflow\train\images256_jpg.rf.4da32690f9f1d132a86e3469c79cf19d.jpg,authentic,pid_00066,23,outer_packaging_or_product_photo,unclassified_needs_manual_review,640,640,JPEG,member_of_near_duplicate_cluster_size_23
roboflow_counterfeit_med_detection_e3e66bd5fb,Roboflow - Counterfeit_med_detection (v4),roboflow\train\images5035_jpg.rf.4d555788d7dc1c3a918a5c9d234af678.jpg,authentic,pid_00125,19,outer_packaging_or_product_photo,unclassified_needs_manual_review,640,640,JPEG,member_of_near_duplicate_cluster_size_19
roboflow_counterfeit_med_detection_a2681c7a89,Roboflow - Counterfeit_med_detection (v4),roboflow\train\images4044_jpg.rf.4dccc3a762cbf81e4289f1d5fedb415e.jpg,authentic,pid_00140,24,outer_packaging_or_product_photo,unclassified_needs_manual_review,640,640,JPEG,member_of_near_duplicate_cluster_size_24
roboflow_counterfeit_med_detection_6ffd37e710,Roboflow - Counterfeit_med_detection (v4),roboflow\train\images4061_jpg.rf.4e44c5c4448b0059a138a954a731a7c4.jpg,authentic,pid_00097,19,outer_packaging_or_product_photo,unclassified_needs_manual_review,640,640,JPEG,member_of_near_duplicate_cluster_size_19
roboflow_counterfeit_med_detection_63a4317c92,Roboflow - Counterfeit_med_detection (v4),roboflow\train\images4038_jpg.rf.4e88395b7f7936feb106170f63283a2b.jpg,authentic,pid_00057,55,outer_packaging_or_product_photo,unclassified_needs_manual_review,640,640,JPEG,member_of_near_duplicate_cluster_size_55
roboflow_counterfeit_med_detection_975a1f3461,Roboflow - Counterfeit_med_detection (v4),roboflow\train\images4046_jpg.rf.4e5f29e23011c6e25ccc14d0633e9482.jpg,authentic,pid_00087,37,outer_packaging_or_product_photo,unclassified_needs_manual_review,640,640,JPEG,member_of_near_duplicate_cluster_size_37
roboflow_counterfeit_med_detection_cf0320d75b,Roboflow - Counterfeit_med_detection (v4),roboflow\train\images33_jpg.rf.4dd58a95c3afe59c71e75785a06b8309.jpg,authentic,pid_00269,24,outer_packaging_or_product_photo,unclassified_needs_manual_review,640,640,JPEG,member_of_near_duplicate_cluster_size_24
roboflow_counterfeit_med_detection_dc6115f5cb,Roboflow - Counterfeit_med_detection (v4),roboflow\train\images242_jpg.rf.4e255f4d3a81dd0bdb2175ee34126221.jpg,authentic,pid_00109,12,outer_packaging_or_product_photo,unclassified_needs_manual_review,640,640,JPEG,member_of_near_duplicate_cluster_size_12
roboflow_counterfeit_med_detection_ef406f17de,Roboflow - Counterfeit_med_detection (v4),roboflow\train\images320_jpg.rf.4e4e09ac7d81e75b2ff3f821dc726856.jpg,authentic,pid_00284,13,outer_packaging_or_product_photo,unclassified_needs_manual_review,640,640,JPEG,member_of_near_duplicate_cluster_size_13
roboflow_counterfeit_med_detection_0526a8eb19,Roboflow - Counterfeit_med_detection (v4),roboflow\train\images23_jpg.rf.4e6cbc3efc300f92032a240b52830257.jpg,authentic,pid_00024,22,outer_packaging_or_product_photo,unclassified_needs_manual_review,640,640,JPEG,member_of_near_duplicate_cluster_size_22
roboflow_counterfeit_med_detection_ef6979de87,Roboflow - Counterfeit_med_detection (v4),roboflow\train\images5052_jpg.rf.4e74d161dc909d3ff913bef8ee52962c.jpg,authentic,pid_00037,19,outer_packaging_or_product_photo,unclassified_needs_manual_review,640,640,JPEG,member_of_near_duplicate_cluster_size_19
roboflow_counterfeit_med_detection_64c007acb0,Roboflow - Counterfeit_med_detection (v4),roboflow\train\images254_jpg.rf.4eac09268f8c74bfca1d7e6c677e2e79.jpg,authentic,pid_00180,17,outer_packaging_or_product_photo,unclassified_needs_manual_review,640,640,JPEG,member_of_near_duplicate_cluster_size_17
roboflow_counterfeit_med_detection_cecf51c670,Roboflow - Counterfeit_med_detection (v4),roboflow\train\images5097_jpg.rf.4f3d8cb06f1a695309ed7f1efde016db.jpg,authentic,pid_00005,28,outer_packaging_or_product_photo,unclassified_needs_manual_review,640,640,JPEG,member_of_near_duplicate_cluster_size_28
roboflow_counterfeit_med_detection_e1f1cda7f2,Roboflow - Counterfeit_med_detection (v4),roboflow\train\images5067_jpg.rf.4efd0e157e244903b62a9cfc838acd00.jpg,authentic,pid_00244,12,outer_packaging_or_product_photo,unclassified_needs_manual_review,640,640,JPEG,member_of_near_duplicate_cluster_size_12
roboflow_counterfeit_med_detection_ae3724411a,Roboflow - Counterfeit_med_detection (v4),roboflow\train\images5044_jpg.rf.4f80ca62b1fc2cd5b32f0d359af44c76.jpg,authentic,pid_00014,19,outer_packaging_or_product_photo,unclassified_needs_manual_review,640,640,JPEG,member_of_near_duplicate_cluster_size_19
roboflow_counterfeit_med_detection_bb45ef72a3,Roboflow - Counterfeit_med_detection (v4),roboflow\train\images4042_jpg.rf.4f42f1c82a25f560b3e1733e2db7494d.jpg,authentic,pid_00092,40,outer_packaging_or_product_photo,unclassified_needs_manual_review,640,640,JPEG,member_of_near_duplicate_cluster_size_40
roboflow_counterfeit_med_detection_381d24f1f2,Roboflow - Counterfeit_med_detection (v4),roboflow\train\images230_jpg.rf.4f88235b1ea9201bba6575774064eaee.jpg,authentic,pid_00168,18,outer_packaging_or_product_photo,unclassified_needs_manual_review,640,640,JPEG,member_of_near_duplicate_cluster_size_18
roboflow_counterfeit_med_detection_5f181adb28,Roboflow - Counterfeit_med_detection (v4),roboflow\train\images227_jpg.rf.4f356ddc7d6d0511f8c8710a3f4b92a1.jpg,authentic,pid_00139,21,outer_packaging_or_product_photo,unclassified_needs_manual_review,640,640,JPEG,member_of_near_duplicate_cluster_size_21
roboflow_counterfeit_med_detection_ef8baf4722,Roboflow - Counterfeit_med_detection (v4),roboflow\train\images11_jpg.rf.4fbb42c3d4df18d963adaf188def0b5a.jpg,authentic,pid_00241,6,outer_packaging_or_product_photo,unclassified_needs_manual_review,640,640,JPEG,member_of_near_duplicate_cluster_size_6
roboflow_counterfeit_med_detection_801cb73bdd,Roboflow - Counterfeit_med_detection (v4),roboflow\train\images241_jpg.rf.5071fb5d0eefc08ede2a66c57db1737f.jpg,authentic,pid_00066,23,outer_packaging_or_product_photo,unclassified_needs_manual_review,640,640,JPEG,member_of_near_duplicate_cluster_size_23
roboflow_counterfeit_med_detection_6ed03d8ea2,Roboflow - Counterfeit_med_detection (v4),roboflow\train\images351_jpg.rf.4feb15932b397a0af4cf79099ed0b4fd.jpg,authentic,pid_00020,25,outer_packaging_or_product_photo,unclassified_needs_manual_review,640,640,JPEG,member_of_near_duplicate_cluster_size_25
roboflow_counterfeit_med_detection_4d81da24df,Roboflow - Counterfeit_med_detection (v4),roboflow\train\images352_jpg.rf.4f24453af6c4fa8614e831ec7ac2ce2d.jpg,authentic,pid_00046,18,outer_packaging_or_product_photo,unclassified_needs_manual_review,640,640,JPEG,member_of_near_duplicate_cluster_size_18
roboflow_counterfeit_med_detection_c1a62fc5db,Roboflow - Counterfeit_med_detection (v4),roboflow\train\images303_jpg.rf.500df729320b8fd78a9305b7aa936d86.jpg,authentic,pid_00113,17,outer_packaging_or_product_photo,unclassified_needs_manual_review,640,640,JPEG,member_of_near_duplicate_cluster_size_17
roboflow_counterfeit_med_detection_bc585c4cf5,Roboflow - Counterfeit_med_detection (v4),roboflow\train\images5071_jpg.rf.5021bef590df04aa239eba3684124d61.jpg,authentic,pid_00174,20,outer_packaging_or_product_photo,unclassified_needs_manual_review,640,640,JPEG,member_of_near_duplicate_cluster_size_20
roboflow_counterfeit_med_detection_792fcd44ea,Roboflow - Counterfeit_med_detection (v4),roboflow\train\images33_jpg.rf.5066e78e4c9dc9fb00e11ee17eb5344d.jpg,authentic,pid_00199,12,outer_packaging_or_product_photo,unclassified_needs_manual_review,640,640,JPEG,member_of_near_duplicate_cluster_size_12
roboflow_counterfeit_med_detection_d374ee683d,Roboflow - Counterfeit_med_detection (v4),roboflow\train\images4064_jpg.rf.4fc65b39102e44f0ea257dd8b40057c7.jpg,authentic,pid_00213,19,outer_packaging_or_product_photo,unclassified_needs_manual_review,640,640,JPEG,member_of_near_duplicate_cluster_size_19
roboflow_counterfeit_med_detection_213b2c819c,Roboflow - Counterfeit_med_detection (v4),roboflow\train\images231_jpg.rf.50a5bb308bc6f8f74e39d4fcadbe10f0.jpg,authentic,pid_00090,18,outer_packaging_or_product_photo,unclassified_needs_manual_review,640,640,JPEG,member_of_near_duplicate_cluster_size_18
roboflow_counterfeit_med_detection_3ecf135dbb,Roboflow - Counterfeit_med_detection (v4),roboflow\train\images4025_jpg.rf.50b2170820fc71acc69500b44837c81e.jpg,authentic,pid_00129,29,outer_packaging_or_product_photo,unclassified_needs_manual_review,640,640,JPEG,member_of_near_duplicate_cluster_size_29
roboflow_counterfeit_med_detection_3ece4a31a1,Roboflow - Counterfeit_med_detection (v4),roboflow\train\images5044_jpg.rf.50ba12a1841acc4cb4092a4a9c2ad7b6.jpg,authentic,pid_00014,19,outer_packaging_or_product_photo,unclassified_needs_manual_review,640,640,JPEG,member_of_near_duplicate_cluster_size_19
roboflow_counterfeit_med_detection_ab665fb779,Roboflow - Counterfeit_med_detection (v4),roboflow\train\images5024_jpg.rf.50773fbb65643351933e3fa991724250.jpg,authentic,pid_00217,15,outer_packaging_or_product_photo,unclassified_needs_manual_review,640,640,JPEG,member_of_near_duplicate_cluster_size_15
roboflow_counterfeit_med_detection_ec72d70009,Roboflow - Counterfeit_med_detection (v4),roboflow\train\images255_jpg.rf.510e1f12dac1bc00d3906cf4b7d65f66.jpg,authentic,pid_00277,13,outer_packaging_or_product_photo,unclassified_needs_manual_review,640,640,JPEG,member_of_near_duplicate_cluster_size_13
roboflow_counterfeit_med_detection_2ebbdae324,Roboflow - Counterfeit_med_detection (v4),roboflow\train\images36_jpg.rf.5168629e5c8436f56488991459c04888.jpg,authentic,pid_00006,37,outer_packaging_or_product_photo,unclassified_needs_manual_review,640,640,JPEG,member_of_near_duplicate_cluster_size_37
roboflow_counterfeit_med_detection_4f46c16fcf,Roboflow - Counterfeit_med_detection (v4),roboflow\train\images206_jpg.rf.51927bff023235f037c50759a9f7e2e7.jpg,authentic,pid_00220,14,outer_packaging_or_product_photo,unclassified_needs_manual_review,640,640,JPEG,member_of_near_duplicate_cluster_size_14
roboflow_counterfeit_med_detection_564ec545bb,Roboflow - Counterfeit_med_detection (v4),roboflow\train\images311_jpg.rf.51a58d31ae298b1b99e8aec69278c691.jpg,authentic,pid_00170,11,outer_packaging_or_product_photo,unclassified_needs_manual_review,640,640,JPEG,member_of_near_duplicate_cluster_size_11
roboflow_counterfeit_med_detection_df9fd5fcf4,Roboflow - Counterfeit_med_detection (v4),roboflow\train\images316_jpg.rf.51a6e5b7505529f124360e519e88e08d.jpg,authentic,pid_00064,19,outer_packaging_or_product_photo,unclassified_needs_manual_review,640,640,JPEG,member_of_near_duplicate_cluster_size_19
roboflow_counterfeit_med_detection_1d514c8789,Roboflow - Counterfeit_med_detection (v4),roboflow\train\images5053_jpg.rf.51d0cd7264a2206d645ed3a2c516e905.jpg,authentic,pid_00290,7,outer_packaging_or_product_photo,unclassified_needs_manual_review,640,640,JPEG,member_of_near_duplicate_cluster_size_7
roboflow_counterfeit_med_detection_23d27bebcb,Roboflow - Counterfeit_med_detection (v4),roboflow\train\images4048_jpg.rf.52127f39e9934407d8604215d7801936.jpg,authentic,pid_00017,28,outer_packaging_or_product_photo,unclassified_needs_manual_review,640,640,JPEG,member_of_near_duplicate_cluster_size_28
roboflow_counterfeit_med_detection_eede8d6aa8,Roboflow - Counterfeit_med_detection (v4),roboflow\train\images5085_jpg.rf.51c7408bdb12d864c846ab4295b1da66.jpg,authentic,pid_00179,8,outer_packaging_or_product_photo,unclassified_needs_manual_review,640,640,JPEG,member_of_near_duplicate_cluster_size_8
roboflow_counterfeit_med_detection_a83ecab751,Roboflow - Counterfeit_med_detection (v4),roboflow\train\images4063_jpg.rf.5173e95aa4475724d72827e7a1717ea0.jpg,authentic,pid_00079,14,outer_packaging_or_product_photo,unclassified_needs_manual_review,640,640,JPEG,member_of_near_duplicate_cluster_size_14
roboflow_counterfeit_med_detection_4571bd9fa1,Roboflow - Counterfeit_med_detection (v4),roboflow\train\images227_jpg.rf.525b195fbf4cb228cb42118397ce0b5f.jpg,authentic,pid_00139,21,outer_packaging_or_product_photo,unclassified_needs_manual_review,640,640,JPEG,member_of_near_duplicate_cluster_size_21
roboflow_counterfeit_med_detection_21e74f4437,Roboflow - Counterfeit_med_detection (v4),roboflow\train\images240_jpg.rf.52cae1eca47020ea30c623d004af6dd4.jpg,authentic,pid_00248,13,outer_packaging_or_product_photo,unclassified_needs_manual_review,640,640,JPEG,member_of_near_duplicate_cluster_size_13
roboflow_counterfeit_med_detection_9aadd59890,Roboflow - Counterfeit_med_detection (v4),roboflow\train\images01_jpg.rf.5145066ce78a23a1a78bc6fc30492c9b.jpg,authentic,pid_00061,41,outer_packaging_or_product_photo,unclassified_needs_manual_review,640,640,JPEG,member_of_near_duplicate_cluster_size_41
roboflow_counterfeit_med_detection_44fa310206,Roboflow - Counterfeit_med_detection (v4),roboflow\train\images314_jpg.rf.51b55415eb727cca4a52c08f4659e6ca.jpg,authentic,pid_00145,8,outer_packaging_or_product_photo,unclassified_needs_manual_review,640,640,JPEG,member_of_near_duplicate_cluster_size_8
roboflow_counterfeit_med_detection_54fd3a806b,Roboflow - Counterfeit_med_detection (v4),roboflow\train\images5035_jpg.rf.52c15e6876074ecd360132e349f27f06.jpg,authentic,pid_00125,19,outer_packaging_or_product_photo,unclassified_needs_manual_review,640,640,JPEG,member_of_near_duplicate_cluster_size_19
roboflow_counterfeit_med_detection_9b40507d57,Roboflow - Counterfeit_med_detection (v4),roboflow\train\images5053_jpg.rf.52b2d2ae568d6aeba4b7c09bb3d498fc.jpg,authentic,pid_00290,7,outer_packaging_or_product_photo,unclassified_needs_manual_review,640,640,JPEG,member_of_near_duplicate_cluster_size_7
roboflow_counterfeit_med_detection_ce8445cd97,Roboflow - Counterfeit_med_detection (v4),roboflow\train\images241_jpg.rf.51cf5020a3c3bde838e17a0791c5eb4d.jpg,authentic,pid_00066,23,outer_packaging_or_product_photo,unclassified_needs_manual_review,640,640,JPEG,member_of_near_duplicate_cluster_size_23
roboflow_counterfeit_med_detection_27c3726ef9,Roboflow - Counterfeit_med_detection (v4),roboflow\train\images4079_jpg.rf.51bd8cf47bc845fc385dfe6c1111b3a6.jpg,authentic,pid_00103,13,outer_packaging_or_product_photo,unclassified_needs_manual_review,640,640,JPEG,member_of_near_duplicate_cluster_size_13
roboflow_counterfeit_med_detection_fa8ed71d97,Roboflow - Counterfeit_med_detection (v4),roboflow\train\images352_jpg.rf.5283ceea23ca5542a808149cb0373c54.jpg,authentic,pid_00227,9,outer_packaging_or_product_photo,unclassified_needs_manual_review,640,640,JPEG,member_of_near_duplicate_cluster_size_9
roboflow_counterfeit_med_detection_6240a696a5,Roboflow - Counterfeit_med_detection (v4),roboflow\train\images255_jpg.rf.52ea20cf35129268a76fec5f679ba034.jpg,authentic,pid_00277,13,outer_packaging_or_product_photo,unclassified_needs_manual_review,640,640,JPEG,member_of_near_duplicate_cluster_size_13
roboflow_counterfeit_med_detection_f5409ca321,Roboflow - Counterfeit_med_detection (v4),roboflow\train\images4058_jpg.rf.534b4aaf19312384e2f2d8df39b51f73.jpg,authentic,pid_00158,43,outer_packaging_or_product_photo,unclassified_needs_manual_review,640,640,JPEG,member_of_near_duplicate_cluster_size_43
roboflow_counterfeit_med_detection_e0a38bda2c,Roboflow - Counterfeit_med_detection (v4),roboflow\train\images4066_jpg.rf.5394d3db64fa17c84ccb05ae30b1fd74.jpg,authentic,pid_00264,19,outer_packaging_or_product_photo,unclassified_needs_manual_review,640,640,JPEG,member_of_near_duplicate_cluster_size_19
roboflow_counterfeit_med_detection_f7b0b167c0,Roboflow - Counterfeit_med_detection (v4),roboflow\train\images5115_jpg.rf.53fc31d99405fb61e91537901cb811da.jpg,authentic,pid_00158,43,outer_packaging_or_product_photo,unclassified_needs_manual_review,640,640,JPEG,member_of_near_duplicate_cluster_size_43
roboflow_counterfeit_med_detection_b8c87c11cd,Roboflow - Counterfeit_med_detection (v4),roboflow\train\images236_jpg.rf.538d4e7f7135f535fe79430ca9767956.jpg,authentic,pid_00055,19,outer_packaging_or_product_photo,unclassified_needs_manual_review,640,640,JPEG,member_of_near_duplicate_cluster_size_19
roboflow_counterfeit_med_detection_4086722982,Roboflow - Counterfeit_med_detection (v4),roboflow\train\images19_jpg.rf.54672966b0223bdd1c1903d8468de999.jpg,authentic,pid_00114,13,outer_packaging_or_product_photo,unclassified_needs_manual_review,640,640,JPEG,member_of_near_duplicate_cluster_size_13
roboflow_counterfeit_med_detection_afa10ca588,Roboflow - Counterfeit_med_detection (v4),roboflow\train\images348_jpg.rf.53da95b0e777f061f6d918d526c05c69.jpg,authentic,pid_00038,37,outer_packaging_or_product_photo,unclassified_needs_manual_review,640,640,JPEG,member_of_near_duplicate_cluster_size_37
roboflow_counterfeit_med_detection_12822f990c,Roboflow - Counterfeit_med_detection (v4),roboflow\train\images5098_jpg.rf.53dee57d4571b40121b549bced921377.jpg,authentic,pid_00144,19,outer_packaging_or_product_photo,unclassified_needs_manual_review,640,640,JPEG,member_of_near_duplicate_cluster_size_19
roboflow_counterfeit_med_detection_7858556200,Roboflow - Counterfeit_med_detection (v4),roboflow\train\images241_jpg.rf.5414a38a9b41a706e5088d84fd94b271.jpg,authentic,pid_00237,12,outer_packaging_or_product_photo,unclassified_needs_manual_review,640,640,JPEG,member_of_near_duplicate_cluster_size_12
roboflow_counterfeit_med_detection_cb969785b2,Roboflow - Counterfeit_med_detection (v4),roboflow\train\images33_jpg.rf.53f9446c504a1ce0304dd1afda2ab354.jpg,authentic,pid_00269,24,outer_packaging_or_product_photo,unclassified_needs_manual_review,640,640,JPEG,member_of_near_duplicate_cluster_size_24
roboflow_counterfeit_med_detection_90bd479059,Roboflow - Counterfeit_med_detection (v4),roboflow\train\images4061_jpg.rf.543100ad6ae02329d646caa2c44af7a7.jpg,authentic,pid_00097,19,outer_packaging_or_product_photo,unclassified_needs_manual_review,640,640,JPEG,member_of_near_duplicate_cluster_size_19
roboflow_counterfeit_med_detection_e434e92990,Roboflow - Counterfeit_med_detection (v4),roboflow\train\images4025_jpg.rf.53e0022214a5e1eb1e33a7bd6d0a8d03.jpg,authentic,pid_00318,3,outer_packaging_or_product_photo,unclassified_needs_manual_review,640,640,JPEG,member_of_near_duplicate_cluster_size_3
roboflow_counterfeit_med_detection_4051c46e65,Roboflow - Counterfeit_med_detection (v4),roboflow\train\images4082_jpg.rf.549cfd9affc96b3f577ad9037be1fa23.jpg,authentic,pid_00324,1,outer_packaging_or_product_photo,unclassified_needs_manual_review,640,640,JPEG,
roboflow_counterfeit_med_detection_d37c2f8539,Roboflow - Counterfeit_med_detection (v4),roboflow\train\images276_jpg.rf.543ff9a071922f48851ef606fd873554.jpg,authentic,pid_00308,8,outer_packaging_or_product_photo,unclassified_needs_manual_review,640,640,JPEG,member_of_near_duplicate_cluster_size_8
roboflow_counterfeit_med_detection_2a0769100b,Roboflow - Counterfeit_med_detection (v4),roboflow\train\images37_jpg.rf.54b85843921719600d09dd116c6e1e6a.jpg,authentic,pid_00074,55,outer_packaging_or_product_photo,unclassified_needs_manual_review,640,640,JPEG,member_of_near_duplicate_cluster_size_55
roboflow_counterfeit_med_detection_aca78ec3a6,Roboflow - Counterfeit_med_detection (v4),roboflow\train\images335_jpg.rf.551fc53a72c5bd1c7d18cf3773603975.jpg,authentic,pid_00247,12,outer_packaging_or_product_photo,unclassified_needs_manual_review,640,640,JPEG,member_of_near_duplicate_cluster_size_12
roboflow_counterfeit_med_detection_fe9069e02c,Roboflow - Counterfeit_med_detection (v4),roboflow\train\images311_jpg.rf.541989268835b97f1c5a1a7f40fffff5.jpg,authentic,pid_00170,11,outer_packaging_or_product_photo,unclassified_needs_manual_review,640,640,JPEG,member_of_near_duplicate_cluster_size_11
roboflow_counterfeit_med_detection_b4d2ac85a3,Roboflow - Counterfeit_med_detection (v4),roboflow\train\images4025_jpg.rf.54eadee50b256e50c4bddfd17c74ecd2.jpg,authentic,pid_00129,29,outer_packaging_or_product_photo,unclassified_needs_manual_review,640,640,JPEG,member_of_near_duplicate_cluster_size_29
roboflow_counterfeit_med_detection_2ebfb3a31d,Roboflow - Counterfeit_med_detection (v4),roboflow\train\images4081_jpg.rf.546ae85196ffb82a3924c4b7a5b5e3ef.jpg,authentic,pid_00213,19,outer_packaging_or_product_photo,unclassified_needs_manual_review,640,640,JPEG,member_of_near_duplicate_cluster_size_19
roboflow_counterfeit_med_detection_619dcb33cf,Roboflow - Counterfeit_med_detection (v4),roboflow\train\images42_jpg.rf.54e71d7ee2239e3d5591aeb90894bade.jpg,authentic,pid_00195,21,outer_packaging_or_product_photo,unclassified_needs_manual_review,640,640,JPEG,member_of_near_duplicate_cluster_size_21
roboflow_counterfeit_med_detection_d039348dd9,Roboflow - Counterfeit_med_detection (v4),roboflow\train\images5051_jpg.rf.5550f3a3440c32141f84aa63cb7f2038.jpg,authentic,pid_00036,18,outer_packaging_or_product_photo,unclassified_needs_manual_review,640,640,JPEG,member_of_near_duplicate_cluster_size_18
roboflow_counterfeit_med_detection_ae9a52c4c0,Roboflow - Counterfeit_med_detection (v4),roboflow\train\images19_jpg.rf.5605528cbe7a87c88fd69f847f6f6b83.jpg,authentic,pid_00114,13,outer_packaging_or_product_photo,unclassified_needs_manual_review,640,640,JPEG,member_of_near_duplicate_cluster_size_13
roboflow_counterfeit_med_detection_00ccaab2cb,Roboflow - Counterfeit_med_detection (v4),roboflow\train\images311_jpg.rf.55b400ecdd61fd00d3e3a762e945b6ef.jpg,authentic,pid_00170,11,outer_packaging_or_product_photo,unclassified_needs_manual_review,640,640,JPEG,member_of_near_duplicate_cluster_size_11
roboflow_counterfeit_med_detection_d25a6ed2b6,Roboflow - Counterfeit_med_detection (v4),roboflow\train\images349_jpg.rf.55d71dbe1a77e9cf5f29a76e168e25a0.jpg,authentic,pid_00041,11,outer_packaging_or_product_photo,unclassified_needs_manual_review,640,640,JPEG,member_of_near_duplicate_cluster_size_11
roboflow_counterfeit_med_detection_06c277f3c2,Roboflow - Counterfeit_med_detection (v4),roboflow\train\images5100_jpg.rf.55bd377205eaf3e3f14bb521cfa78d0d.jpg,authentic,pid_00214,17,outer_packaging_or_product_photo,unclassified_needs_manual_review,640,640,JPEG,member_of_near_duplicate_cluster_size_17
roboflow_counterfeit_med_detection_8fc6f30f49,Roboflow - Counterfeit_med_detection (v4),roboflow\train\images38_jpg.rf.5589b409a7118f2c6cf2251628dc1730.jpg,authentic,pid_00039,35,outer_packaging_or_product_photo,unclassified_needs_manual_review,640,640,JPEG,member_of_near_duplicate_cluster_size_35
roboflow_counterfeit_med_detection_e2c4f8fd35,Roboflow - Counterfeit_med_detection (v4),roboflow\train\images303_jpg.rf.570900b244975d35d546b37b58a34d43.jpg,authentic,pid_00113,17,outer_packaging_or_product_photo,unclassified_needs_manual_review,640,640,JPEG,member_of_near_duplicate_cluster_size_17
roboflow_counterfeit_med_detection_dbd2e3fbc7,Roboflow - Counterfeit_med_detection (v4),roboflow\train\images07_jpg.rf.577db58a70fbad41225e77872383e87a.jpg,authentic,pid_00105,20,outer_packaging_or_product_photo,unclassified_needs_manual_review,640,640,JPEG,member_of_near_duplicate_cluster_size_20
roboflow_counterfeit_med_detection_de12be6d1d,Roboflow - Counterfeit_med_detection (v4),roboflow\train\images23_jpg.rf.5606b10260d646143a040defe7884b83.jpg,authentic,pid_00024,22,outer_packaging_or_product_photo,unclassified_needs_manual_review,640,640,JPEG,member_of_near_duplicate_cluster_size_22
roboflow_counterfeit_med_detection_4d89aeb149,Roboflow - Counterfeit_med_detection (v4),roboflow\train\images340_jpg.rf.5728cc45d45a99beec3c42c781e720da.jpg,authentic,pid_00224,24,outer_packaging_or_product_photo,unclassified_needs_manual_review,640,640,JPEG,member_of_near_duplicate_cluster_size_24
roboflow_counterfeit_med_detection_5113bedc3c,Roboflow - Counterfeit_med_detection (v4),roboflow\train\images47_jpg.rf.56931525470b9f919584a5b2c6dcee6b.jpg,authentic,pid_00178,5,outer_packaging_or_product_photo,unclassified_needs_manual_review,640,640,JPEG,member_of_near_duplicate_cluster_size_5
roboflow_counterfeit_med_detection_83b314f6c3,Roboflow - Counterfeit_med_detection (v4),roboflow\train\images218_jpg.rf.55f5b7b4f51477ca88b0de262804276e.jpg,authentic,pid_00215,14,outer_packaging_or_product_photo,unclassified_needs_manual_review,640,640,JPEG,member_of_near_duplicate_cluster_size_14
roboflow_counterfeit_med_detection_03ab42e9ba,Roboflow - Counterfeit_med_detection (v4),roboflow\train\images252_jpg.rf.56f2a05da478515faf929ecb24a65705.jpg,authentic,pid_00070,12,outer_packaging_or_product_photo,unclassified_needs_manual_review,640,640,JPEG,member_of_near_duplicate_cluster_size_12
roboflow_counterfeit_med_detection_d43fd4e9d3,Roboflow - Counterfeit_med_detection (v4),roboflow\train\images4081_jpg.rf.575d5d9d5145c190ab6954e28dea0cb4.jpg,authentic,pid_00026,19,outer_packaging_or_product_photo,unclassified_needs_manual_review,640,640,JPEG,member_of_near_duplicate_cluster_size_19
roboflow_counterfeit_med_detection_4123e94e7b,Roboflow - Counterfeit_med_detection (v4),roboflow\train\images29_jpg.rf.57d492216b2f8bfe4a1518ff0d1e10cf.jpg,authentic,pid_00184,19,outer_packaging_or_product_photo,unclassified_needs_manual_review,640,640,JPEG,member_of_near_duplicate_cluster_size_19
roboflow_counterfeit_med_detection_c15c22f364,Roboflow - Counterfeit_med_detection (v4),roboflow\train\images348_jpg.rf.57f490b26a98db62b8978a368b434d17.jpg,authentic,pid_00038,37,outer_packaging_or_product_photo,unclassified_needs_manual_review,640,640,JPEG,member_of_near_duplicate_cluster_size_37
roboflow_counterfeit_med_detection_b59dddbe5b,Roboflow - Counterfeit_med_detection (v4),roboflow\train\images5100_jpg.rf.56908d499c07e71eef2bebc5f3c7a730.jpg,authentic,pid_00214,17,outer_packaging_or_product_photo,unclassified_needs_manual_review,640,640,JPEG,member_of_near_duplicate_cluster_size_17
roboflow_counterfeit_med_detection_fb993525cd,Roboflow - Counterfeit_med_detection (v4),roboflow\train\images4040_jpg.rf.58238a2a1ecd8b8bfef0083797aae8cd.jpg,authentic,pid_00166,24,outer_packaging_or_product_photo,unclassified_needs_manual_review,640,640,JPEG,member_of_near_duplicate_cluster_size_24
roboflow_counterfeit_med_detection_4978dc5ef8,Roboflow - Counterfeit_med_detection (v4),roboflow\train\images228_jpg.rf.57831e1752b07d856dc3a19f028541ef.jpg,authentic,pid_00131,33,outer_packaging_or_product_photo,unclassified_needs_manual_review,640,640,JPEG,member_of_near_duplicate_cluster_size_33
roboflow_counterfeit_med_detection_6e8cf435fa,Roboflow - Counterfeit_med_detection (v4),roboflow\train\images04_jpg.rf.5823a11fea075e24fc39558b6d92b184.jpg,authentic,pid_00239,15,outer_packaging_or_product_photo,unclassified_needs_manual_review,640,640,JPEG,member_of_near_duplicate_cluster_size_15
roboflow_counterfeit_med_detection_4658663899,Roboflow - Counterfeit_med_detection (v4),roboflow\train\images5096_jpg.rf.5862152a92cdbc4c5da07dc09056b9d3.jpg,authentic,pid_00141,18,outer_packaging_or_product_photo,unclassified_needs_manual_review,640,640,JPEG,member_of_near_duplicate_cluster_size_18
roboflow_counterfeit_med_detection_4c75e34db3,Roboflow - Counterfeit_med_detection (v4),roboflow\train\images335_jpg.rf.5824e37de980763d02d6ed7350b823b4.jpg,authentic,pid_00247,12,outer_packaging_or_product_photo,unclassified_needs_manual_review,640,640,JPEG,member_of_near_duplicate_cluster_size_12
roboflow_counterfeit_med_detection_7e1e36b3d9,Roboflow - Counterfeit_med_detection (v4),roboflow\train\images05_jpg.rf.58497027fd04362bad91ded9d5ec4f2e.jpg,authentic,pid_00139,21,outer_packaging_or_product_photo,unclassified_needs_manual_review,640,640,JPEG,member_of_near_duplicate_cluster_size_21
roboflow_counterfeit_med_detection_0814dd7fba,Roboflow - Counterfeit_med_detection (v4),roboflow\train\images36_jpg.rf.58725e02346edfc252b07ef3804d1a1d.jpg,authentic,pid_00006,37,outer_packaging_or_product_photo,unclassified_needs_manual_review,640,640,JPEG,member_of_near_duplicate_cluster_size_37
roboflow_counterfeit_med_detection_f0a08a3715,Roboflow - Counterfeit_med_detection (v4),roboflow\train\images5040_jpg.rf.5896c30c26be171dbbee45e580a453f0.jpg,authentic,pid_00099,17,outer_packaging_or_product_photo,unclassified_needs_manual_review,640,640,JPEG,member_of_near_duplicate_cluster_size_17
roboflow_counterfeit_med_detection_061b2beab5,Roboflow - Counterfeit_med_detection (v4),roboflow\train\images346_jpg.rf.58930c7ba77242db0a42f296e5506e6a.jpg,authentic,pid_00189,24,outer_packaging_or_product_photo,unclassified_needs_manual_review,640,640,JPEG,member_of_near_duplicate_cluster_size_24
roboflow_counterfeit_med_detection_8dc46352a8,Roboflow - Counterfeit_med_detection (v4),roboflow\train\images4054_jpg.rf.5985a00ad572ddc3171127cd0d777dc9.jpg,authentic,pid_00028,35,outer_packaging_or_product_photo,unclassified_needs_manual_review,640,640,JPEG,member_of_near_duplicate_cluster_size_35
roboflow_counterfeit_med_detection_a3f6b5065d,Roboflow - Counterfeit_med_detection (v4),roboflow\train\images4093_jpg.rf.59722ed92f77ce936cafb5b47c0a9b31.jpg,authentic,pid_00200,5,outer_packaging_or_product_photo,unclassified_needs_manual_review,640,640,JPEG,member_of_near_duplicate_cluster_size_5
roboflow_counterfeit_med_detection_cf5070ebd9,Roboflow - Counterfeit_med_detection (v4),roboflow\train\images351_jpg.rf.59884801c5f1ae4c218a20144c789ac6.jpg,authentic,pid_00128,12,outer_packaging_or_product_photo,unclassified_needs_manual_review,640,640,JPEG,member_of_near_duplicate_cluster_size_12
roboflow_counterfeit_med_detection_96ad714a84,Roboflow - Counterfeit_med_detection (v4),roboflow\train\images5127_jpg.rf.58ca563287dca2ce14519de6af4d50d5.jpg,authentic,pid_00162,7,outer_packaging_or_product_photo,unclassified_needs_manual_review,640,640,JPEG,member_of_near_duplicate_cluster_size_7
roboflow_counterfeit_med_detection_8df6e5ad91,Roboflow - Counterfeit_med_detection (v4),roboflow\train\images4060_jpg.rf.59addc4a5c0ed7ea6a252d1040f49cba.jpg,authentic,pid_00010,56,outer_packaging_or_product_photo,unclassified_needs_manual_review,640,640,JPEG,member_of_near_duplicate_cluster_size_56
roboflow_counterfeit_med_detection_da4a55218a,Roboflow - Counterfeit_med_detection (v4),roboflow\train\images268_jpg.rf.59775518d01f6acbc2158ad333207742.jpg,authentic,pid_00010,56,outer_packaging_or_product_photo,unclassified_needs_manual_review,640,640,JPEG,member_of_near_duplicate_cluster_size_56
roboflow_counterfeit_med_detection_e41c606cd4,Roboflow - Counterfeit_med_detection (v4),roboflow\train\images4029_jpg.rf.58d145d96f6426147dc4e6bbd4099769.jpg,authentic,pid_00060,14,outer_packaging_or_product_photo,unclassified_needs_manual_review,640,640,JPEG,member_of_near_duplicate_cluster_size_14
roboflow_counterfeit_med_detection_04cd6ca750,Roboflow - Counterfeit_med_detection (v4),roboflow\train\images5053_jpg.rf.599b83d3d8ef10897675c19a7ce55dca.jpg,authentic,pid_00118,7,outer_packaging_or_product_photo,unclassified_needs_manual_review,640,640,JPEG,member_of_near_duplicate_cluster_size_7
roboflow_counterfeit_med_detection_ce04d7d1a2,Roboflow - Counterfeit_med_detection (v4),roboflow\train\images307_jpg.rf.5874256528f3113f7ccad1fc3b3d83d7.jpg,authentic,pid_00106,8,outer_packaging_or_product_photo,unclassified_needs_manual_review,640,640,JPEG,member_of_near_duplicate_cluster_size_8
roboflow_counterfeit_med_detection_518f545873,Roboflow - Counterfeit_med_detection (v4),roboflow\train\images14_jpg.rf.59cf7bddae4f53862aab2d2a95ec62f6.jpg,authentic,pid_00132,13,outer_packaging_or_product_photo,unclassified_needs_manual_review,640,640,JPEG,member_of_near_duplicate_cluster_size_13
roboflow_counterfeit_med_detection_6d69d49b02,Roboflow - Counterfeit_med_detection (v4),roboflow\train\images262_jpg.rf.59d5f9e96581689474645ac6060edb71.jpg,authentic,pid_00072,20,outer_packaging_or_product_photo,unclassified_needs_manual_review,640,640,JPEG,member_of_near_duplicate_cluster_size_20
roboflow_counterfeit_med_detection_dc57d90eb1,Roboflow - Counterfeit_med_detection (v4),roboflow\train\images4054_jpg.rf.58e1f0d2b303ab7319a8e83bbacb9f4e.jpg,authentic,pid_00028,35,outer_packaging_or_product_photo,unclassified_needs_manual_review,640,640,JPEG,member_of_near_duplicate_cluster_size_35
roboflow_counterfeit_med_detection_5915eab047,Roboflow - Counterfeit_med_detection (v4),roboflow\train\images5063_jpg.rf.59b30d228eea3a2819369d3e450e386a.jpg,authentic,pid_00285,14,outer_packaging_or_product_photo,unclassified_needs_manual_review,640,640,JPEG,member_of_near_duplicate_cluster_size_14
roboflow_counterfeit_med_detection_614acf71a9,Roboflow - Counterfeit_med_detection (v4),roboflow\train\images5045_jpg.rf.598b7d049f3b84b76ad8bbf572a6ef0b.jpg,authentic,pid_00033,4,outer_packaging_or_product_photo,unclassified_needs_manual_review,640,640,JPEG,member_of_near_duplicate_cluster_size_4
roboflow_counterfeit_med_detection_23fd923185,Roboflow - Counterfeit_med_detection (v4),roboflow\train\images4087_jpg.rf.5a8b0742595ff3c6319d303b776e6b44.jpg,authentic,pid_00135,20,outer_packaging_or_product_photo,unclassified_needs_manual_review,640,640,JPEG,member_of_near_duplicate_cluster_size_20
roboflow_counterfeit_med_detection_fb3f9e5390,Roboflow - Counterfeit_med_detection (v4),roboflow\train\images340_jpg.rf.5aa3b2ff1649ccae7c536c80d41dc549.jpg,authentic,pid_00169,12,outer_packaging_or_product_photo,unclassified_needs_manual_review,640,640,JPEG,member_of_near_duplicate_cluster_size_12
roboflow_counterfeit_med_detection_14d0e79605,Roboflow - Counterfeit_med_detection (v4),roboflow\train\images5035_jpg.rf.5a871d2ba71d2f519a59a93f95d44d6e.jpg,authentic,pid_00125,19,outer_packaging_or_product_photo,unclassified_needs_manual_review,640,640,JPEG,member_of_near_duplicate_cluster_size_19
roboflow_counterfeit_med_detection_11f01b0367,Roboflow - Counterfeit_med_detection (v4),roboflow\train\images218_jpg.rf.5bb44b3096ad30c928dc6c3e1091ea74.jpg,authentic,pid_00136,5,outer_packaging_or_product_photo,unclassified_needs_manual_review,640,640,JPEG,member_of_near_duplicate_cluster_size_5
roboflow_counterfeit_med_detection_1e03a1e82d,Roboflow - Counterfeit_med_detection (v4),roboflow\train\images257_jpg.rf.5ad73ab963191bb59e45305f19e99253.jpg,authentic,pid_00031,25,outer_packaging_or_product_photo,unclassified_needs_manual_review,640,640,JPEG,member_of_near_duplicate_cluster_size_25
roboflow_counterfeit_med_detection_4b23affdae,Roboflow - Counterfeit_med_detection (v4),roboflow\train\images5110_jpg.rf.5ae9bee910b5d93599edea3be6f16624.jpg,authentic,pid_00143,8,outer_packaging_or_product_photo,unclassified_needs_manual_review,640,640,JPEG,member_of_near_duplicate_cluster_size_8
roboflow_counterfeit_med_detection_a8effe2d38,Roboflow - Counterfeit_med_detection (v4),roboflow\train\images5059_jpg.rf.5b4e400747f6fa9c212a56c0c4280c92.jpg,authentic,pid_00121,19,outer_packaging_or_product_photo,unclassified_needs_manual_review,640,640,JPEG,member_of_near_duplicate_cluster_size_19
roboflow_counterfeit_med_detection_be77cde9e5,Roboflow - Counterfeit_med_detection (v4),roboflow\train\images33_jpg.rf.5aaf4a5abab2d6a0f4053e6d2d94454a.jpg,authentic,pid_00269,24,outer_packaging_or_product_photo,unclassified_needs_manual_review,640,640,JPEG,member_of_near_duplicate_cluster_size_24
roboflow_counterfeit_med_detection_0155d94190,Roboflow - Counterfeit_med_detection (v4),roboflow\train\images283_jpg.rf.5aa91b7c7620d4750fafd074ebeb2771.jpg,authentic,pid_00111,6,outer_packaging_or_product_photo,unclassified_needs_manual_review,640,640,JPEG,member_of_near_duplicate_cluster_size_6
roboflow_counterfeit_med_detection_658beea215,Roboflow - Counterfeit_med_detection (v4),roboflow\train\images5046_jpg.rf.5a7c2bea2b7cae3c309d42799b167286.jpg,authentic,pid_00263,14,outer_packaging_or_product_photo,unclassified_needs_manual_review,640,640,JPEG,member_of_near_duplicate_cluster_size_14
roboflow_counterfeit_med_detection_c5b339b8db,Roboflow - Counterfeit_med_detection (v4),roboflow\train\images5071_jpg.rf.5bc20fc3df388e429c04b5409d2d9fc6.jpg,authentic,pid_00174,20,outer_packaging_or_product_photo,unclassified_needs_manual_review,640,640,JPEG,member_of_near_duplicate_cluster_size_20
roboflow_counterfeit_med_detection_9e3888352d,Roboflow - Counterfeit_med_detection (v4),roboflow\train\images5085_jpg.rf.5bca31c0f4f3c7eb1a7effd6ba66f3e9.jpg,authentic,pid_00021,10,outer_packaging_or_product_photo,unclassified_needs_manual_review,640,640,JPEG,member_of_near_duplicate_cluster_size_10
roboflow_counterfeit_med_detection_cf80de972a,Roboflow - Counterfeit_med_detection (v4),roboflow\train\images5114_jpg.rf.59f90bbc4f24f7b3355ebc83de16a1f1.jpg,authentic,pid_00207,18,outer_packaging_or_product_photo,unclassified_needs_manual_review,640,640,JPEG,member_of_near_duplicate_cluster_size_18
roboflow_counterfeit_med_detection_63785abfd0,Roboflow - Counterfeit_med_detection (v4),roboflow\train\images244_jpg.rf.5a1c55e16f8f2c98c985bd915d469537.jpg,authentic,pid_00283,3,outer_packaging_or_product_photo,unclassified_needs_manual_review,640,640,JPEG,member_of_near_duplicate_cluster_size_3
roboflow_counterfeit_med_detection_9abfad987e,Roboflow - Counterfeit_med_detection (v4),roboflow\train\images4068_jpg.rf.5baa53f2be79a3d202deee12f8db15be.jpg,authentic,pid_00076,19,outer_packaging_or_product_photo,unclassified_needs_manual_review,640,640,JPEG,member_of_near_duplicate_cluster_size_19
roboflow_counterfeit_med_detection_fe435c466f,Roboflow - Counterfeit_med_detection (v4),roboflow\train\images257_jpg.rf.5c36e42330e295155423593185a72a80.jpg,authentic,pid_00031,25,outer_packaging_or_product_photo,unclassified_needs_manual_review,640,640,JPEG,member_of_near_duplicate_cluster_size_25
roboflow_counterfeit_med_detection_6f3c65be2e,Roboflow - Counterfeit_med_detection (v4),roboflow\train\images4120_jpg.rf.5c01e7e61c1d5207dfc6609151c9d47a.jpg,authentic,pid_00261,19,outer_packaging_or_product_photo,unclassified_needs_manual_review,640,640,JPEG,member_of_near_duplicate_cluster_size_19
roboflow_counterfeit_med_detection_7d930c792a,Roboflow - Counterfeit_med_detection (v4),roboflow\train\images208_jpg.rf.5c5bfaddabbdb063e7e4d91de9bb1e2e.jpg,authentic,pid_00196,17,outer_packaging_or_product_photo,unclassified_needs_manual_review,640,640,JPEG,member_of_near_duplicate_cluster_size_17
roboflow_counterfeit_med_detection_345f52b4c2,Roboflow - Counterfeit_med_detection (v4),roboflow\train\images307_jpg.rf.5cde658a998ef95a2ab9a629106ab936.jpg,authentic,pid_00205,10,outer_packaging_or_product_photo,unclassified_needs_manual_review,640,640,JPEG,member_of_near_duplicate_cluster_size_10
roboflow_counterfeit_med_detection_e3a70b65af,Roboflow - Counterfeit_med_detection (v4),roboflow\train\images210_jpg.rf.5d0146e88156a267744a3995532d863b.jpg,authentic,pid_00095,10,outer_packaging_or_product_photo,unclassified_needs_manual_review,640,640,JPEG,member_of_near_duplicate_cluster_size_10
roboflow_counterfeit_med_detection_86dbc231d6,Roboflow - Counterfeit_med_detection (v4),roboflow\train\images226_jpg.rf.5cb16a7bd61b53efaea8f63593bd1207.jpg,authentic,pid_00186,19,outer_packaging_or_product_photo,unclassified_needs_manual_review,640,640,JPEG,member_of_near_duplicate_cluster_size_19
roboflow_counterfeit_med_detection_08a75c929e,Roboflow - Counterfeit_med_detection (v4),roboflow\train\images348_jpg.rf.5d33e6a08428d53276fbc41798ce2e41.jpg,authentic,pid_00038,37,outer_packaging_or_product_photo,unclassified_needs_manual_review,640,640,JPEG,member_of_near_duplicate_cluster_size_37
roboflow_counterfeit_med_detection_cbc4d06e88,Roboflow - Counterfeit_med_detection (v4),roboflow\train\images4065_jpg.rf.5d938666eafe95e5d9462be4a7c815b5.jpg,authentic,pid_00230,19,outer_packaging_or_product_photo,unclassified_needs_manual_review,640,640,JPEG,member_of_near_duplicate_cluster_size_19
roboflow_counterfeit_med_detection_eb0a8fedde,Roboflow - Counterfeit_med_detection (v4),roboflow\train\images4044_jpg.rf.5d1c219dd87bc589478595e2da83c361.jpg,authentic,pid_00140,24,outer_packaging_or_product_photo,unclassified_needs_manual_review,640,640,JPEG,member_of_near_duplicate_cluster_size_24
roboflow_counterfeit_med_detection_5eca785b0d,Roboflow - Counterfeit_med_detection (v4),roboflow\train\images5095_jpg.rf.5d95e0778df28f40afcfd2285937bf40.jpg,authentic,pid_00249,6,outer_packaging_or_product_photo,unclassified_needs_manual_review,640,640,JPEG,member_of_near_duplicate_cluster_size_6
roboflow_counterfeit_med_detection_46398f898f,Roboflow - Counterfeit_med_detection (v4),roboflow\train\images4048_jpg.rf.5daa5770b659354f4ae7a96a749af4ef.jpg,authentic,pid_00017,28,outer_packaging_or_product_photo,unclassified_needs_manual_review,640,640,JPEG,member_of_near_duplicate_cluster_size_28
roboflow_counterfeit_med_detection_2d46cf7afc,Roboflow - Counterfeit_med_detection (v4),roboflow\train\images5060_jpg.rf.5c65466cfb03c1811f35b0b208045bc9.jpg,authentic,pid_00094,25,outer_packaging_or_product_photo,unclassified_needs_manual_review,640,640,JPEG,member_of_near_duplicate_cluster_size_25
roboflow_counterfeit_med_detection_87e06af020,Roboflow - Counterfeit_med_detection (v4),roboflow\train\images4046_jpg.rf.5d4b21951acf58a8a267cfd6047f7693.jpg,authentic,pid_00087,37,outer_packaging_or_product_photo,unclassified_needs_manual_review,640,640,JPEG,member_of_near_duplicate_cluster_size_37
roboflow_counterfeit_med_detection_0e0b2dba7c,Roboflow - Counterfeit_med_detection (v4),roboflow\train\images4035_jpg.rf.5e1ae9d429a3e3d05f639650feefc464.jpg,authentic,pid_00086,18,outer_packaging_or_product_photo,unclassified_needs_manual_review,640,640,JPEG,member_of_near_duplicate_cluster_size_18
roboflow_counterfeit_med_detection_a385851851,Roboflow - Counterfeit_med_detection (v4),roboflow\train\images254_jpg.rf.5e3b3deb016d005b77e12a04fad54fbe.jpg,authentic,pid_00180,17,outer_packaging_or_product_photo,unclassified_needs_manual_review,640,640,JPEG,member_of_near_duplicate_cluster_size_17
roboflow_counterfeit_med_detection_4690fdbe3f,Roboflow - Counterfeit_med_detection (v4),roboflow\train\images5032_jpg.rf.5cebacc62b3d7445a6d5ac6950a69d43.jpg,authentic,pid_00013,19,outer_packaging_or_product_photo,unclassified_needs_manual_review,640,640,JPEG,member_of_near_duplicate_cluster_size_19
roboflow_counterfeit_med_detection_4690ec9f52,Roboflow - Counterfeit_med_detection (v4),roboflow\train\images4074_jpg.rf.5e3a4745d17071e50f15cacea77d9188.jpg,authentic,pid_00273,19,outer_packaging_or_product_photo,unclassified_needs_manual_review,640,640,JPEG,member_of_near_duplicate_cluster_size_19
roboflow_counterfeit_med_detection_dd9595016e,Roboflow - Counterfeit_med_detection (v4),roboflow\train\images4025_jpg.rf.5e28b628bbca7c615d62f56900644cca.jpg,authentic,pid_00129,29,outer_packaging_or_product_photo,unclassified_needs_manual_review,640,640,JPEG,member_of_near_duplicate_cluster_size_29
roboflow_counterfeit_med_detection_5051318eb8,Roboflow - Counterfeit_med_detection (v4),roboflow\train\images4039_jpg.rf.5e490ea34ea0b6f9e071d7db9df06a66.jpg,authentic,pid_00075,20,outer_packaging_or_product_photo,unclassified_needs_manual_review,640,640,JPEG,member_of_near_duplicate_cluster_size_20
roboflow_counterfeit_med_detection_ed284dd88c,Roboflow - Counterfeit_med_detection (v4),roboflow\train\images5039_jpg.rf.5edeb0947ca1450db1b5916497ac4acc.jpg,authentic,pid_00208,6,outer_packaging_or_product_photo,unclassified_needs_manual_review,640,640,JPEG,member_of_near_duplicate_cluster_size_6
roboflow_counterfeit_med_detection_6c81b535c0,Roboflow - Counterfeit_med_detection (v4),roboflow\train\images42_jpg.rf.5e62ef4cbf2596ffd62c28a80c6b4c3f.jpg,authentic,pid_00195,21,outer_packaging_or_product_photo,unclassified_needs_manual_review,640,640,JPEG,member_of_near_duplicate_cluster_size_21
roboflow_counterfeit_med_detection_8cd6b6c542,Roboflow - Counterfeit_med_detection (v4),roboflow\train\images4029_jpg.rf.5fb32d7b2d11998b67e4dc122ddc4ddd.jpg,authentic,pid_00083,23,outer_packaging_or_product_photo,unclassified_needs_manual_review,640,640,JPEG,member_of_near_duplicate_cluster_size_23
roboflow_counterfeit_med_detection_bbef69f4a9,Roboflow - Counterfeit_med_detection (v4),roboflow\train\images302_jpg.rf.5f0ff9281add7dd417883365f108c5b1.jpg,authentic,pid_00018,18,outer_packaging_or_product_photo,unclassified_needs_manual_review,640,640,JPEG,member_of_near_duplicate_cluster_size_18
roboflow_counterfeit_med_detection_4589207053,Roboflow - Counterfeit_med_detection (v4),roboflow\train\images4047_jpg.rf.5fb346f1723985cc274879244e0583ff.jpg,authentic,pid_00110,25,outer_packaging_or_product_photo,unclassified_needs_manual_review,640,640,JPEG,member_of_near_duplicate_cluster_size_25
roboflow_counterfeit_med_detection_0013e1055a,Roboflow - Counterfeit_med_detection (v4),roboflow\train\images43_jpg.rf.5f7b38504a58fbacc3e4c1c42999a079.jpg,authentic,pid_00262,8,outer_packaging_or_product_photo,unclassified_needs_manual_review,640,640,JPEG,member_of_near_duplicate_cluster_size_8
roboflow_counterfeit_med_detection_d571ad82c8,Roboflow - Counterfeit_med_detection (v4),roboflow\train\images21_jpg.rf.5ffe7192baaf5fef541e29c87da67af7.jpg,authentic,pid_00161,7,outer_packaging_or_product_photo,unclassified_needs_manual_review,640,640,JPEG,member_of_near_duplicate_cluster_size_7
roboflow_counterfeit_med_detection_6e68a267c5,Roboflow - Counterfeit_med_detection (v4),roboflow\train\images42_jpg.rf.5ed7684d685d323ebbcb805a497b6919.jpg,authentic,pid_00195,21,outer_packaging_or_product_photo,unclassified_needs_manual_review,640,640,JPEG,member_of_near_duplicate_cluster_size_21
roboflow_counterfeit_med_detection_a416d1fd87,Roboflow - Counterfeit_med_detection (v4),roboflow\train\images266_jpg.rf.5ea918c820969140f59df4f1d9a60d38.jpg,authentic,pid_00027,19,outer_packaging_or_product_photo,unclassified_needs_manual_review,640,640,JPEG,member_of_near_duplicate_cluster_size_19
roboflow_counterfeit_med_detection_5aac3a3c5a,Roboflow - Counterfeit_med_detection (v4),roboflow\train\images4116_jpg.rf.5fa8d953ad0296e2e49f55e5aa5d8103.jpg,authentic,pid_00042,7,outer_packaging_or_product_photo,unclassified_needs_manual_review,640,640,JPEG,member_of_near_duplicate_cluster_size_7
roboflow_counterfeit_med_detection_9871e4725e,Roboflow - Counterfeit_med_detection (v4),roboflow\train\images5024_jpg.rf.5ff293822e7371a58a87b1f91aa74f11.jpg,authentic,pid_00217,15,outer_packaging_or_product_photo,unclassified_needs_manual_review,640,640,JPEG,member_of_near_duplicate_cluster_size_15
roboflow_counterfeit_med_detection_896a8114a3,Roboflow - Counterfeit_med_detection (v4),roboflow\train\images4061_jpg.rf.5fd12cf77422d8054ee74cedf05a9e7e.jpg,authentic,pid_00097,19,outer_packaging_or_product_photo,unclassified_needs_manual_review,640,640,JPEG,member_of_near_duplicate_cluster_size_19
roboflow_counterfeit_med_detection_8cd25b30ac,Roboflow - Counterfeit_med_detection (v4),roboflow\train\images275_jpg.rf.5f0ca51f11ad82f9965b5d9c14081af7.jpg,authentic,pid_00107,19,outer_packaging_or_product_photo,unclassified_needs_manual_review,640,640,JPEG,member_of_near_duplicate_cluster_size_19
roboflow_counterfeit_med_detection_6e7a6fd7db,Roboflow - Counterfeit_med_detection (v4),roboflow\train\images21_jpg.rf.60320388c2530a5572611e1d0effa29a.jpg,authentic,pid_00053,12,outer_packaging_or_product_photo,unclassified_needs_manual_review,640,640,JPEG,member_of_near_duplicate_cluster_size_12
roboflow_counterfeit_med_detection_20d33f0e1f,Roboflow - Counterfeit_med_detection (v4),roboflow\train\images352_jpg.rf.6014559dd75a8aa0339404c7ac53d528.jpg,authentic,pid_00227,9,outer_packaging_or_product_photo,unclassified_needs_manual_review,640,640,JPEG,member_of_near_duplicate_cluster_size_9
roboflow_counterfeit_med_detection_a6a59671f5,Roboflow - Counterfeit_med_detection (v4),roboflow\train\images321_jpg.rf.604a338ba28c00471901f9d3b5a4b570.jpg,authentic,pid_00074,55,outer_packaging_or_product_photo,unclassified_needs_manual_review,640,640,JPEG,member_of_near_duplicate_cluster_size_55
roboflow_counterfeit_med_detection_e8fa208f1a,Roboflow - Counterfeit_med_detection (v4),roboflow\train\images08_jpg.rf.6083940b67819fc1132961d01999cf44.jpg,authentic,pid_00043,19,outer_packaging_or_product_photo,unclassified_needs_manual_review,640,640,JPEG,member_of_near_duplicate_cluster_size_19
roboflow_counterfeit_med_detection_e5ac1cb58b,Roboflow - Counterfeit_med_detection (v4),roboflow\train\images35_jpg.rf.6082315cbec3b24880c28ce93b835fbe.jpg,authentic,pid_00073,25,outer_packaging_or_product_photo,unclassified_needs_manual_review,640,640,JPEG,member_of_near_duplicate_cluster_size_25
roboflow_counterfeit_med_detection_684ec42df3,Roboflow - Counterfeit_med_detection (v4),roboflow\train\images4095_jpg.rf.614de0eae1908221544ab075525fc98e.jpg,authentic,pid_00032,16,outer_packaging_or_product_photo,unclassified_needs_manual_review,640,640,JPEG,member_of_near_duplicate_cluster_size_16
roboflow_counterfeit_med_detection_c1a0d47408,Roboflow - Counterfeit_med_detection (v4),roboflow\train\images4029_jpg.rf.60562a0108642ba4e01df858b60a274c.jpg,authentic,pid_00083,23,outer_packaging_or_product_photo,unclassified_needs_manual_review,640,640,JPEG,member_of_near_duplicate_cluster_size_23
roboflow_counterfeit_med_detection_ce2c823d9d,Roboflow - Counterfeit_med_detection (v4),roboflow\train\images4085_jpg.rf.60b9c8f50c2266e3b252c7414a543ed6.jpg,authentic,pid_00057,55,outer_packaging_or_product_photo,unclassified_needs_manual_review,640,640,JPEG,member_of_near_duplicate_cluster_size_55
roboflow_counterfeit_med_detection_011d48db5e,Roboflow - Counterfeit_med_detection (v4),roboflow\train\images14_jpg.rf.6132c9fe4f16a185f6ece6109c430939.jpg,authentic,pid_00031,25,outer_packaging_or_product_photo,unclassified_needs_manual_review,640,640,JPEG,member_of_near_duplicate_cluster_size_25
roboflow_counterfeit_med_detection_278725b4a3,Roboflow - Counterfeit_med_detection (v4),roboflow\train\images13_jpg.rf.614589c5943a920e1a44d5e131288b03.jpg,authentic,pid_00124,11,outer_packaging_or_product_photo,unclassified_needs_manual_review,640,640,JPEG,member_of_near_duplicate_cluster_size_11
roboflow_counterfeit_med_detection_e35e4fb566,Roboflow - Counterfeit_med_detection (v4),roboflow\train\images5096_jpg.rf.615404e6315c3f2fd4b7a603d0ba5ae6.jpg,authentic,pid_00141,18,outer_packaging_or_product_photo,unclassified_needs_manual_review,640,640,JPEG,member_of_near_duplicate_cluster_size_18
roboflow_counterfeit_med_detection_b3653cc1d7,Roboflow - Counterfeit_med_detection (v4),roboflow\train\images201_jpg.rf.60c10ee23a75f07246b6f736e5739966.jpg,authentic,pid_00309,10,outer_packaging_or_product_photo,unclassified_needs_manual_review,640,640,JPEG,member_of_near_duplicate_cluster_size_10
roboflow_counterfeit_med_detection_2e830af417,Roboflow - Counterfeit_med_detection (v4),roboflow\train\images5115_jpg.rf.619f6851e1c78131c70acd84dff54a10.jpg,authentic,pid_00158,43,outer_packaging_or_product_photo,unclassified_needs_manual_review,640,640,JPEG,member_of_near_duplicate_cluster_size_43
roboflow_counterfeit_med_detection_3d631da349,Roboflow - Counterfeit_med_detection (v4),roboflow\train\images5023_jpg.rf.617b7e32eb0e8f51b26e746fda062bfa.jpg,authentic,pid_00096,34,outer_packaging_or_product_photo,unclassified_needs_manual_review,640,640,JPEG,member_of_near_duplicate_cluster_size_34
roboflow_counterfeit_med_detection_abaaeb6ae6,Roboflow - Counterfeit_med_detection (v4),roboflow\train\images335_jpg.rf.61caed06dc3cbde4a2bf801610d22fac.jpg,authentic,pid_00247,12,outer_packaging_or_product_photo,unclassified_needs_manual_review,640,640,JPEG,member_of_near_duplicate_cluster_size_12
roboflow_counterfeit_med_detection_3a67c7a850,Roboflow - Counterfeit_med_detection (v4),roboflow\train\images5117_jpg.rf.62ec4d53a2a14b3cce9e31312a34b89b.jpg,authentic,pid_00172,18,outer_packaging_or_product_photo,unclassified_needs_manual_review,640,640,JPEG,member_of_near_duplicate_cluster_size_18
roboflow_counterfeit_med_detection_085e9dfd82,Roboflow - Counterfeit_med_detection (v4),roboflow\train\images232_jpg.rf.6275e2b42c1e2ca1abeffbd74538ef45.jpg,authentic,pid_00120,16,outer_packaging_or_product_photo,unclassified_needs_manual_review,640,640,JPEG,member_of_near_duplicate_cluster_size_16
roboflow_counterfeit_med_detection_53d4027741,Roboflow - Counterfeit_med_detection (v4),roboflow\train\images244_jpg.rf.62e57cacdf98b5255de6756450bd13e6.jpg,authentic,pid_00294,3,outer_packaging_or_product_photo,unclassified_needs_manual_review,640,640,JPEG,member_of_near_duplicate_cluster_size_3
roboflow_counterfeit_med_detection_b4e67907ab,Roboflow - Counterfeit_med_detection (v4),roboflow\train\images4065_jpg.rf.62b47675edbcaec68c60840865a44163.jpg,authentic,pid_00230,19,outer_packaging_or_product_photo,unclassified_needs_manual_review,640,640,JPEG,member_of_near_duplicate_cluster_size_19
roboflow_counterfeit_med_detection_3fcb169966,Roboflow - Counterfeit_med_detection (v4),roboflow\train\images04_jpg.rf.61eb6de7deaae10a89cca1839d052f72.jpg,authentic,pid_00325,6,outer_packaging_or_product_photo,unclassified_needs_manual_review,640,640,JPEG,member_of_near_duplicate_cluster_size_6
roboflow_counterfeit_med_detection_d14a76e1d9,Roboflow - Counterfeit_med_detection (v4),roboflow\train\images316_jpg.rf.61cce85e2fe0b0f3a39220148f23da72.jpg,authentic,pid_00064,19,outer_packaging_or_product_photo,unclassified_needs_manual_review,640,640,JPEG,member_of_near_duplicate_cluster_size_19
roboflow_counterfeit_med_detection_29e660e136,Roboflow - Counterfeit_med_detection (v4),roboflow\train\images339_jpg.rf.619a7b5ca2e51f4312fa9d85e4e7bef4.jpg,authentic,pid_00048,34,outer_packaging_or_product_photo,unclassified_needs_manual_review,640,640,JPEG,member_of_near_duplicate_cluster_size_34
roboflow_counterfeit_med_detection_aa1e2949ef,Roboflow - Counterfeit_med_detection (v4),roboflow\train\images4054_jpg.rf.626300da6b94ef0244e69412cb536e2a.jpg,authentic,pid_00028,35,outer_packaging_or_product_photo,unclassified_needs_manual_review,640,640,JPEG,member_of_near_duplicate_cluster_size_35
roboflow_counterfeit_med_detection_caef516828,Roboflow - Counterfeit_med_detection (v4),roboflow\train\images227_jpg.rf.627ea82dd11138503c4e10f2f59d6dcd.jpg,authentic,pid_00139,21,outer_packaging_or_product_photo,unclassified_needs_manual_review,640,640,JPEG,member_of_near_duplicate_cluster_size_21
roboflow_counterfeit_med_detection_0bdb259d0c,Roboflow - Counterfeit_med_detection (v4),roboflow\train\images4124_jpg.rf.61f9b14029aa0cec06c13350b6784ad1.jpg,authentic,pid_00152,19,outer_packaging_or_product_photo,unclassified_needs_manual_review,640,640,JPEG,member_of_near_duplicate_cluster_size_19
roboflow_counterfeit_med_detection_732cff2741,Roboflow - Counterfeit_med_detection (v4),roboflow\train\images342_jpg.rf.628c04f4a493bc46f2256560a405a0bd.jpg,authentic,pid_00002,25,outer_packaging_or_product_photo,unclassified_needs_manual_review,640,640,JPEG,member_of_near_duplicate_cluster_size_25
roboflow_counterfeit_med_detection_0fd61c7c60,Roboflow - Counterfeit_med_detection (v4),roboflow\train\images4069_jpg.rf.62857373090edca00291bcc6e62bbe9b.jpg,authentic,pid_00275,10,outer_packaging_or_product_photo,unclassified_needs_manual_review,640,640,JPEG,member_of_near_duplicate_cluster_size_10
roboflow_counterfeit_med_detection_d0a1caba86,Roboflow - Counterfeit_med_detection (v4),roboflow\train\images35_jpg.rf.63040219bda93625c4f5c4e5cb23b2c9.jpg,authentic,pid_00073,25,outer_packaging_or_product_photo,unclassified_needs_manual_review,640,640,JPEG,member_of_near_duplicate_cluster_size_25
roboflow_counterfeit_med_detection_adfd3fb58a,Roboflow - Counterfeit_med_detection (v4),roboflow\train\images09_jpg.rf.6332a7e168627757775a2d970be8b6da.jpg,authentic,pid_00044,12,outer_packaging_or_product_photo,unclassified_needs_manual_review,640,640,JPEG,member_of_near_duplicate_cluster_size_12
roboflow_counterfeit_med_detection_e370bbe825,Roboflow - Counterfeit_med_detection (v4),roboflow\train\images209_jpg.rf.6331d845b885981916183a6c4c103ed4.jpg,authentic,pid_00062,14,outer_packaging_or_product_photo,unclassified_needs_manual_review,640,640,JPEG,member_of_near_duplicate_cluster_size_14
roboflow_counterfeit_med_detection_6d7b615c83,Roboflow - Counterfeit_med_detection (v4),roboflow\train\images4092_jpg.rf.637891c9c24be899ce19b37fb686c46c.jpg,authentic,pid_00256,5,outer_packaging_or_product_photo,unclassified_needs_manual_review,640,640,JPEG,member_of_near_duplicate_cluster_size_5
roboflow_counterfeit_med_detection_885e985901,Roboflow - Counterfeit_med_detection (v4),roboflow\train\images4025_jpg.rf.6366d835f7a1c91e830323a5812c4e18.jpg,authentic,pid_00129,29,outer_packaging_or_product_photo,unclassified_needs_manual_review,640,640,JPEG,member_of_near_duplicate_cluster_size_29
roboflow_counterfeit_med_detection_2ec1e2ab30,Roboflow - Counterfeit_med_detection (v4),roboflow\train\images4093_jpg.rf.63ed67cca5f44124946c3c03850be4dc.jpg,authentic,pid_00251,12,outer_packaging_or_product_photo,unclassified_needs_manual_review,640,640,JPEG,member_of_near_duplicate_cluster_size_12
roboflow_counterfeit_med_detection_87428ecedf,Roboflow - Counterfeit_med_detection (v4),roboflow\train\images4124_jpg.rf.63ec22aa873ec1107273c5fe0ffb5b66.jpg,authentic,pid_00152,19,outer_packaging_or_product_photo,unclassified_needs_manual_review,640,640,JPEG,member_of_near_duplicate_cluster_size_19
roboflow_counterfeit_med_detection_d794b19fcc,Roboflow - Counterfeit_med_detection (v4),roboflow\train\images4047_jpg.rf.64bd31033aaaa8cf7d504a172f8155ab.jpg,authentic,pid_00130,12,outer_packaging_or_product_photo,unclassified_needs_manual_review,640,640,JPEG,member_of_near_duplicate_cluster_size_12
roboflow_counterfeit_med_detection_38d652bb9c,Roboflow - Counterfeit_med_detection (v4),roboflow\train\images348_jpg.rf.64064b31fa740cfa068992531f1e2174.jpg,authentic,pid_00038,37,outer_packaging_or_product_photo,unclassified_needs_manual_review,640,640,JPEG,member_of_near_duplicate_cluster_size_37
roboflow_counterfeit_med_detection_f87aaa292f,Roboflow - Counterfeit_med_detection (v4),roboflow\train\images231_jpg.rf.643c6f8b9ad1d4a1ce8f9db2d941ee0b.jpg,authentic,pid_00090,18,outer_packaging_or_product_photo,unclassified_needs_manual_review,640,640,JPEG,member_of_near_duplicate_cluster_size_18
roboflow_counterfeit_med_detection_dfc72d5864,Roboflow - Counterfeit_med_detection (v4),roboflow\train\images15_jpg.rf.64416b2df4b8f6034b3f7a7bb686a83f.jpg,authentic,pid_00008,6,outer_packaging_or_product_photo,unclassified_needs_manual_review,640,640,JPEG,member_of_near_duplicate_cluster_size_6
roboflow_counterfeit_med_detection_a4247b4ce7,Roboflow - Counterfeit_med_detection (v4),roboflow\train\images5106_jpg.rf.64c1dded7006f01b95d5b9cb48f53f2b.jpg,authentic,pid_00115,19,outer_packaging_or_product_photo,unclassified_needs_manual_review,640,640,JPEG,member_of_near_duplicate_cluster_size_19
roboflow_counterfeit_med_detection_1b28ac927a,Roboflow - Counterfeit_med_detection (v4),roboflow\train\images4025_jpg.rf.6499a6bd9fcb5dc9fea4d3ca7dbbba88.jpg,authentic,pid_00129,29,outer_packaging_or_product_photo,unclassified_needs_manual_review,640,640,JPEG,member_of_near_duplicate_cluster_size_29
roboflow_counterfeit_med_detection_a408095e84,Roboflow - Counterfeit_med_detection (v4),roboflow\train\images242_jpg.rf.6491588ceb6d112b0c2f2f98130bdeb3.jpg,authentic,pid_00109,12,outer_packaging_or_product_photo,unclassified_needs_manual_review,640,640,JPEG,member_of_near_duplicate_cluster_size_12
roboflow_counterfeit_med_detection_e08edc2a90,Roboflow - Counterfeit_med_detection (v4),roboflow\train\images5032_jpg.rf.639521caf29819a540e1f0bc56bbfe77.jpg,authentic,pid_00013,19,outer_packaging_or_product_photo,unclassified_needs_manual_review,640,640,JPEG,member_of_near_duplicate_cluster_size_19
roboflow_counterfeit_med_detection_434331c715,Roboflow - Counterfeit_med_detection (v4),roboflow\train\images4093_jpg.rf.63c8688b9c8930554a8391d8edb220e2.jpg,authentic,pid_00251,12,outer_packaging_or_product_photo,unclassified_needs_manual_review,640,640,JPEG,member_of_near_duplicate_cluster_size_12
roboflow_counterfeit_med_detection_3dfbbbf06d,Roboflow - Counterfeit_med_detection (v4),roboflow\train\images33_jpg.rf.64c44fed57e14e8c1e61397dca8fca87.jpg,authentic,pid_00269,24,outer_packaging_or_product_photo,unclassified_needs_manual_review,640,640,JPEG,member_of_near_duplicate_cluster_size_24
roboflow_counterfeit_med_detection_523a19f4d9,Roboflow - Counterfeit_med_detection (v4),roboflow\train\images4085_jpg.rf.65017b227e49732567eb461d5a03522b.jpg,authentic,pid_00057,55,outer_packaging_or_product_photo,unclassified_needs_manual_review,640,640,JPEG,member_of_near_duplicate_cluster_size_55
roboflow_counterfeit_med_detection_32fc91fdd1,Roboflow - Counterfeit_med_detection (v4),roboflow\train\images5058_jpg.rf.6503876cc35db3eabfc2967e6a7a81e9.jpg,authentic,pid_00226,14,outer_packaging_or_product_photo,unclassified_needs_manual_review,640,640,JPEG,member_of_near_duplicate_cluster_size_14
roboflow_counterfeit_med_detection_f48753a5fd,Roboflow - Counterfeit_med_detection (v4),roboflow\train\images258_jpg.rf.65cd8ba4643af0050c298f6b9ecb24bb.jpg,authentic,pid_00102,19,outer_packaging_or_product_photo,unclassified_needs_manual_review,640,640,JPEG,member_of_near_duplicate_cluster_size_19
roboflow_counterfeit_med_detection_bafb42f02f,Roboflow - Counterfeit_med_detection (v4),roboflow\train\images5045_jpg.rf.65e61e7e42f531294bdf53e5b1eddaa0.jpg,authentic,pid_00096,34,outer_packaging_or_product_photo,unclassified_needs_manual_review,640,640,JPEG,member_of_near_duplicate_cluster_size_34
roboflow_counterfeit_med_detection_84d52b75f7,Roboflow - Counterfeit_med_detection (v4),roboflow\train\images4029_jpg.rf.6581e631afa0e0e999b664581ec5b637.jpg,authentic,pid_00060,14,outer_packaging_or_product_photo,unclassified_needs_manual_review,640,640,JPEG,member_of_near_duplicate_cluster_size_14
roboflow_counterfeit_med_detection_a32b933e33,Roboflow - Counterfeit_med_detection (v4),roboflow\train\images348_jpg.rf.65dab161b221c67906b2983be5fecf67.jpg,authentic,pid_00038,37,outer_packaging_or_product_photo,unclassified_needs_manual_review,640,640,JPEG,member_of_near_duplicate_cluster_size_37
roboflow_counterfeit_med_detection_77e9b067ca,Roboflow - Counterfeit_med_detection (v4),roboflow\train\images258_jpg.rf.666bcf1c8e80c43b98419bb81a017d33.jpg,authentic,pid_00102,19,outer_packaging_or_product_photo,unclassified_needs_manual_review,640,640,JPEG,member_of_near_duplicate_cluster_size_19
roboflow_counterfeit_med_detection_1a30273e4f,Roboflow - Counterfeit_med_detection (v4),roboflow\train\images4116_jpg.rf.657706c52a9890de4e6493f8edb912c8.jpg,authentic,pid_00042,7,outer_packaging_or_product_photo,unclassified_needs_manual_review,640,640,JPEG,member_of_near_duplicate_cluster_size_7
roboflow_counterfeit_med_detection_f6d35cc2a6,Roboflow - Counterfeit_med_detection (v4),roboflow\train\images323_jpg.rf.664e21f9b94c6fb468491f9b3a4337ed.jpg,authentic,pid_00023,18,outer_packaging_or_product_photo,unclassified_needs_manual_review,640,640,JPEG,member_of_near_duplicate_cluster_size_18
roboflow_counterfeit_med_detection_9000a3a551,Roboflow - Counterfeit_med_detection (v4),roboflow\train\images245_jpg.rf.65ab7fd84ca58159dffa0c1ba6e574ba.jpg,authentic,pid_00254,14,outer_packaging_or_product_photo,unclassified_needs_manual_review,640,640,JPEG,member_of_near_duplicate_cluster_size_14
roboflow_counterfeit_med_detection_4a2f534c3b,Roboflow - Counterfeit_med_detection (v4),roboflow\train\images5063_jpg.rf.65c86ff5f7d1e2d3a185949be046df5c.jpg,authentic,pid_00218,5,outer_packaging_or_product_photo,unclassified_needs_manual_review,640,640,JPEG,member_of_near_duplicate_cluster_size_5
roboflow_counterfeit_med_detection_f0ce9f84e6,Roboflow - Counterfeit_med_detection (v4),roboflow\train\images212_jpg.rf.66aab61517702512d5fcb4696eb88fac.jpg,authentic,pid_00024,22,outer_packaging_or_product_photo,unclassified_needs_manual_review,640,640,JPEG,member_of_near_duplicate_cluster_size_22
roboflow_counterfeit_med_detection_5c49b992e5,Roboflow - Counterfeit_med_detection (v4),roboflow\train\images5041_jpg.rf.6625cb1bdf119824b6b455677b37ff25.jpg,authentic,pid_00011,14,outer_packaging_or_product_photo,unclassified_needs_manual_review,640,640,JPEG,member_of_near_duplicate_cluster_size_14
roboflow_counterfeit_med_detection_d1b173c88b,Roboflow - Counterfeit_med_detection (v4),roboflow\train\images38_jpg.rf.65d46a423391a5fbb7e6312daf8a3d25.jpg,authentic,pid_00039,35,outer_packaging_or_product_photo,unclassified_needs_manual_review,640,640,JPEG,member_of_near_duplicate_cluster_size_35
roboflow_counterfeit_med_detection_def7980699,Roboflow - Counterfeit_med_detection (v4),roboflow\train\images265_jpg.rf.66853099cf8813f410950d022db82f00.jpg,authentic,pid_00183,13,outer_packaging_or_product_photo,unclassified_needs_manual_review,640,640,JPEG,member_of_near_duplicate_cluster_size_13
roboflow_counterfeit_med_detection_cc12cbe4ba,Roboflow - Counterfeit_med_detection (v4),roboflow\train\images46_jpg.rf.6558eb0918ccd8070a7b4376f8a0110d.jpg,authentic,pid_00210,17,outer_packaging_or_product_photo,unclassified_needs_manual_review,640,640,JPEG,member_of_near_duplicate_cluster_size_17
roboflow_counterfeit_med_detection_e1120af902,Roboflow - Counterfeit_med_detection (v4),roboflow\train\images4064_jpg.rf.655482aa24870cb2403bb9ddd1b869fc.jpg,authentic,pid_00213,19,outer_packaging_or_product_photo,unclassified_needs_manual_review,640,640,JPEG,member_of_near_duplicate_cluster_size_19
roboflow_counterfeit_med_detection_19c361bb02,Roboflow - Counterfeit_med_detection (v4),roboflow\train\images4065_jpg.rf.657523219f4634143077d4a4057da025.jpg,authentic,pid_00230,19,outer_packaging_or_product_photo,unclassified_needs_manual_review,640,640,JPEG,member_of_near_duplicate_cluster_size_19
roboflow_counterfeit_med_detection_eb789b01b1,Roboflow - Counterfeit_med_detection (v4),roboflow\train\images4044_jpg.rf.66bdd5af83fcd0748842e0079b1e10f7.jpg,authentic,pid_00140,24,outer_packaging_or_product_photo,unclassified_needs_manual_review,640,640,JPEG,member_of_near_duplicate_cluster_size_24
roboflow_counterfeit_med_detection_91200abec5,Roboflow - Counterfeit_med_detection (v4),roboflow\train\images5031_jpg.rf.65440ec84e95a9c996b6b39fb5837300.jpg,authentic,pid_00176,6,outer_packaging_or_product_photo,unclassified_needs_manual_review,640,640,JPEG,member_of_near_duplicate_cluster_size_6
roboflow_counterfeit_med_detection_3b20c79479,Roboflow - Counterfeit_med_detection (v4),roboflow\train\images5046_jpg.rf.66b81810a1ddd8c477624fb5a526977c.jpg,authentic,pid_00263,14,outer_packaging_or_product_photo,unclassified_needs_manual_review,640,640,JPEG,member_of_near_duplicate_cluster_size_14
roboflow_counterfeit_med_detection_1232712d0a,Roboflow - Counterfeit_med_detection (v4),roboflow\train\images5034_jpg.rf.66c94b397d04139d67c377541c4b0a36.jpg,authentic,pid_00009,19,outer_packaging_or_product_photo,unclassified_needs_manual_review,640,640,JPEG,member_of_near_duplicate_cluster_size_19
roboflow_counterfeit_med_detection_7d4d609d00,Roboflow - Counterfeit_med_detection (v4),roboflow\train\images4120_jpg.rf.66d943d8a85a4f15a6edee8e3411551c.jpg,authentic,pid_00261,19,outer_packaging_or_product_photo,unclassified_needs_manual_review,640,640,JPEG,member_of_near_duplicate_cluster_size_19
roboflow_counterfeit_med_detection_9fe8911d3a,Roboflow - Counterfeit_med_detection (v4),roboflow\train\images5045_jpg.rf.65bf93c81f5e63d4375634d1427b9af1.jpg,authentic,pid_00096,34,outer_packaging_or_product_photo,unclassified_needs_manual_review,640,640,JPEG,member_of_near_duplicate_cluster_size_34
roboflow_counterfeit_med_detection_576a19db8f,Roboflow - Counterfeit_med_detection (v4),roboflow\train\images4058_jpg.rf.66c7971f4863750925c282015c1eec1d.jpg,authentic,pid_00158,43,outer_packaging_or_product_photo,unclassified_needs_manual_review,640,640,JPEG,member_of_near_duplicate_cluster_size_43
roboflow_counterfeit_med_detection_c3b2d92b2f,Roboflow - Counterfeit_med_detection (v4),roboflow\train\images219_jpg.rf.66c472d5d37ba7e37ff2821cb61fc972.jpg,authentic,pid_00067,11,outer_packaging_or_product_photo,unclassified_needs_manual_review,640,640,JPEG,member_of_near_duplicate_cluster_size_11
roboflow_counterfeit_med_detection_4dc694a566,Roboflow - Counterfeit_med_detection (v4),roboflow\train\images4060_jpg.rf.66f9c4a758b7b54ae062b879e4e11b67.jpg,authentic,pid_00010,56,outer_packaging_or_product_photo,unclassified_needs_manual_review,640,640,JPEG,member_of_near_duplicate_cluster_size_56
roboflow_counterfeit_med_detection_e7b736dcc2,Roboflow - Counterfeit_med_detection (v4),roboflow\train\images4061_jpg.rf.679dd550d06aa299800193bc8d9be408.jpg,authentic,pid_00097,19,outer_packaging_or_product_photo,unclassified_needs_manual_review,640,640,JPEG,member_of_near_duplicate_cluster_size_19
roboflow_counterfeit_med_detection_5824c9640a,Roboflow - Counterfeit_med_detection (v4),roboflow\train\images36_jpg.rf.678e87bcd285e8cd825613a9e6a4b278.jpg,authentic,pid_00006,37,outer_packaging_or_product_photo,unclassified_needs_manual_review,640,640,JPEG,member_of_near_duplicate_cluster_size_37
roboflow_counterfeit_med_detection_9d38ecf902,Roboflow - Counterfeit_med_detection (v4),roboflow\train\images226_jpg.rf.6792e6bb1a715f645243ac3afebc9266.jpg,authentic,pid_00186,19,outer_packaging_or_product_photo,unclassified_needs_manual_review,640,640,JPEG,member_of_near_duplicate_cluster_size_19
roboflow_counterfeit_med_detection_6fbf82a524,Roboflow - Counterfeit_med_detection (v4),roboflow\train\images5127_jpg.rf.67f778491b6cbb1dc5a54e2601200b97.jpg,authentic,pid_00015,12,outer_packaging_or_product_photo,unclassified_needs_manual_review,640,640,JPEG,member_of_near_duplicate_cluster_size_12
roboflow_counterfeit_med_detection_853bda52f3,Roboflow - Counterfeit_med_detection (v4),roboflow\train\images14_jpg.rf.6773b566b1b2ef6e2b77f8d271382607.jpg,authentic,pid_00132,13,outer_packaging_or_product_photo,unclassified_needs_manual_review,640,640,JPEG,member_of_near_duplicate_cluster_size_13
roboflow_counterfeit_med_detection_57348e0d36,Roboflow - Counterfeit_med_detection (v4),roboflow\train\images4033_jpg.rf.68664ef2c9a0e61ffe777a82544a1d4e.jpg,authentic,pid_00138,11,outer_packaging_or_product_photo,unclassified_needs_manual_review,640,640,JPEG,member_of_near_duplicate_cluster_size_11
roboflow_counterfeit_med_detection_3d8c625174,Roboflow - Counterfeit_med_detection (v4),roboflow\train\images4088_jpg.rf.6856dbba3cb4874181290c597bf32571.jpg,authentic,pid_00185,19,outer_packaging_or_product_photo,unclassified_needs_manual_review,640,640,JPEG,member_of_near_duplicate_cluster_size_19
roboflow_counterfeit_med_detection_96f3f3d472,Roboflow - Counterfeit_med_detection (v4),roboflow\train\images340_jpg.rf.684c6a88d1dc25df5ed80769c294b819.jpg,authentic,pid_00224,24,outer_packaging_or_product_photo,unclassified_needs_manual_review,640,640,JPEG,member_of_near_duplicate_cluster_size_24
roboflow_counterfeit_med_detection_a2b2695107,Roboflow - Counterfeit_med_detection (v4),roboflow\train\images5087_jpg.rf.689bccd96348c5b755da6f8eb26d78c3.jpg,authentic,pid_00181,18,outer_packaging_or_product_photo,unclassified_needs_manual_review,640,640,JPEG,member_of_near_duplicate_cluster_size_18
roboflow_counterfeit_med_detection_2243cdc68c,Roboflow - Counterfeit_med_detection (v4),roboflow\train\images4048_jpg.rf.67f98c72e0e750a8e9a189780cabf942.jpg,authentic,pid_00017,28,outer_packaging_or_product_photo,unclassified_needs_manual_review,640,640,JPEG,member_of_near_duplicate_cluster_size_28
roboflow_counterfeit_med_detection_6c6c07105e,Roboflow - Counterfeit_med_detection (v4),roboflow\train\images35_jpg.rf.68bcbdd8fdff7b13b70408823182d196.jpg,authentic,pid_00187,12,outer_packaging_or_product_photo,unclassified_needs_manual_review,640,640,JPEG,member_of_near_duplicate_cluster_size_12
roboflow_counterfeit_med_detection_d8db94274a,Roboflow - Counterfeit_med_detection (v4),roboflow\train\images312_jpg.rf.689888cc700583e8929140b458bd43e5.jpg,authentic,pid_00150,13,outer_packaging_or_product_photo,unclassified_needs_manual_review,640,640,JPEG,member_of_near_duplicate_cluster_size_13
roboflow_counterfeit_med_detection_e61ad34a5f,Roboflow - Counterfeit_med_detection (v4),roboflow\train\images254_jpg.rf.68f0922683db02b3e454b00113dcd332.jpg,authentic,pid_00180,17,outer_packaging_or_product_photo,unclassified_needs_manual_review,640,640,JPEG,member_of_near_duplicate_cluster_size_17
roboflow_counterfeit_med_detection_455f49e851,Roboflow - Counterfeit_med_detection (v4),roboflow\train\images35_jpg.rf.67e47e801722a96dd21bc8b95e17dd3d.jpg,authentic,pid_00073,25,outer_packaging_or_product_photo,unclassified_needs_manual_review,640,640,JPEG,member_of_near_duplicate_cluster_size_25
roboflow_counterfeit_med_detection_a5c99e6b73,Roboflow - Counterfeit_med_detection (v4),roboflow\train\images5095_jpg.rf.687472c2d569f37c133d97e4ff199df6.jpg,authentic,pid_00148,13,outer_packaging_or_product_photo,unclassified_needs_manual_review,640,640,JPEG,member_of_near_duplicate_cluster_size_13
roboflow_counterfeit_med_detection_0f12ecd137,Roboflow - Counterfeit_med_detection (v4),roboflow\train\images213_jpg.rf.6913e625c37f756821fdeb829367c319.jpg,authentic,pid_00204,5,outer_packaging_or_product_photo,unclassified_needs_manual_review,640,640,JPEG,member_of_near_duplicate_cluster_size_5
roboflow_counterfeit_med_detection_c438cf4d5c,Roboflow - Counterfeit_med_detection (v4),roboflow\train\images4046_jpg.rf.691e8439b78ea8356fbd3893b767106b.jpg,authentic,pid_00087,37,outer_packaging_or_product_photo,unclassified_needs_manual_review,640,640,JPEG,member_of_near_duplicate_cluster_size_37
roboflow_counterfeit_med_detection_9a7cd12ef1,Roboflow - Counterfeit_med_detection (v4),roboflow\train\images338_jpg.rf.695a6a827d5af265e9dcb62f3e9d8d15.jpg,authentic,pid_00326,1,outer_packaging_or_product_photo,unclassified_needs_manual_review,640,640,JPEG,
roboflow_counterfeit_med_detection_7065155ed4,Roboflow - Counterfeit_med_detection (v4),roboflow\train\images5067_jpg.rf.69bbd5eee73e3bea97cd66ed71f704bc.jpg,authentic,pid_00244,12,outer_packaging_or_product_photo,unclassified_needs_manual_review,640,640,JPEG,member_of_near_duplicate_cluster_size_12
roboflow_counterfeit_med_detection_92bad42ef7,Roboflow - Counterfeit_med_detection (v4),roboflow\train\images236_jpg.rf.69fa25a2054ce7558534101e02f942c5.jpg,authentic,pid_00055,19,outer_packaging_or_product_photo,unclassified_needs_manual_review,640,640,JPEG,member_of_near_duplicate_cluster_size_19
roboflow_counterfeit_med_detection_f652351ce8,Roboflow - Counterfeit_med_detection (v4),roboflow\train\images4029_jpg.rf.69bbe9db9e8d52b27f2a95fa25c02cb0.jpg,authentic,pid_00083,23,outer_packaging_or_product_photo,unclassified_needs_manual_review,640,640,JPEG,member_of_near_duplicate_cluster_size_23
roboflow_counterfeit_med_detection_cadb153a85,Roboflow - Counterfeit_med_detection (v4),roboflow\train\images4025_jpg.rf.69f4d7a9a2cdd076b4869776bfe5910f.jpg,authentic,pid_00278,7,outer_packaging_or_product_photo,unclassified_needs_manual_review,640,640,JPEG,member_of_near_duplicate_cluster_size_7
roboflow_counterfeit_med_detection_26ab3a0798,Roboflow - Counterfeit_med_detection (v4),roboflow\train\images212_jpg.rf.6a197c96c2ef5bf178a7e6b286fa7b15.jpg,authentic,pid_00233,10,outer_packaging_or_product_photo,unclassified_needs_manual_review,640,640,JPEG,member_of_near_duplicate_cluster_size_10
roboflow_counterfeit_med_detection_5ea2c614b6,Roboflow - Counterfeit_med_detection (v4),roboflow\train\images301_jpg.rf.69a38597ec9b7165945e5f262f41f623.jpg,authentic,pid_00040,13,outer_packaging_or_product_photo,unclassified_needs_manual_review,640,640,JPEG,member_of_near_duplicate_cluster_size_13
roboflow_counterfeit_med_detection_1ee64efb95,Roboflow - Counterfeit_med_detection (v4),roboflow\train\images4031_jpg.rf.69e8fd85bdbcf7d2a42f4f6df3524bfd.jpg,authentic,pid_00240,12,outer_packaging_or_product_photo,unclassified_needs_manual_review,640,640,JPEG,member_of_near_duplicate_cluster_size_12
roboflow_counterfeit_med_detection_a22d166a92,Roboflow - Counterfeit_med_detection (v4),roboflow\train\images5098_jpg.rf.6accc776e25e9214eb452da558495467.jpg,authentic,pid_00144,19,outer_packaging_or_product_photo,unclassified_needs_manual_review,640,640,JPEG,member_of_near_duplicate_cluster_size_19
roboflow_counterfeit_med_detection_29f156cecc,Roboflow - Counterfeit_med_detection (v4),roboflow\train\images5115_jpg.rf.6aba013eeff8090e7133b2c3d9b2f211.jpg,authentic,pid_00158,43,outer_packaging_or_product_photo,unclassified_needs_manual_review,640,640,JPEG,member_of_near_duplicate_cluster_size_43
roboflow_counterfeit_med_detection_00361bd30b,Roboflow - Counterfeit_med_detection (v4),roboflow\train\images5098_jpg.rf.6a2c855b646946fac3d667b9e09d30b0.jpg,authentic,pid_00144,19,outer_packaging_or_product_photo,unclassified_needs_manual_review,640,640,JPEG,member_of_near_duplicate_cluster_size_19
roboflow_counterfeit_med_detection_8435cb6c76,Roboflow - Counterfeit_med_detection (v4),roboflow\train\images4038_jpg.rf.695ca6dfdf53a03d829175bb9fe9714e.jpg,authentic,pid_00057,55,outer_packaging_or_product_photo,unclassified_needs_manual_review,640,640,JPEG,member_of_near_duplicate_cluster_size_55
roboflow_counterfeit_med_detection_23d7d28f0f,Roboflow - Counterfeit_med_detection (v4),roboflow\train\images4038_jpg.rf.6a644f836d7f655c79f5c29eb423ede6.jpg,authentic,pid_00057,55,outer_packaging_or_product_photo,unclassified_needs_manual_review,640,640,JPEG,member_of_near_duplicate_cluster_size_55
roboflow_counterfeit_med_detection_d037689a74,Roboflow - Counterfeit_med_detection (v4),roboflow\train\images4048_jpg.rf.6afaf6d8e837c2ac7d785abcbd488d40.jpg,authentic,pid_00147,9,outer_packaging_or_product_photo,unclassified_needs_manual_review,640,640,JPEG,member_of_near_duplicate_cluster_size_9
roboflow_counterfeit_med_detection_6b92728039,Roboflow - Counterfeit_med_detection (v4),roboflow\train\images312_jpg.rf.6b0a3aa6014fd86d3320fc9ddf3934b9.jpg,authentic,pid_00150,13,outer_packaging_or_product_photo,unclassified_needs_manual_review,640,640,JPEG,member_of_near_duplicate_cluster_size_13
roboflow_counterfeit_med_detection_e1ef973bc2,Roboflow - Counterfeit_med_detection (v4),roboflow\train\images4081_jpg.rf.6b294f191b4878ba14c11e747e060ce5.jpg,authentic,pid_00213,19,outer_packaging_or_product_photo,unclassified_needs_manual_review,640,640,JPEG,member_of_near_duplicate_cluster_size_19
roboflow_counterfeit_med_detection_79dfbd833e,Roboflow - Counterfeit_med_detection (v4),roboflow\train\images5104_jpg.rf.6afe4202feaa8644adc462793537cec4.jpg,authentic,pid_00133,15,outer_packaging_or_product_photo,unclassified_needs_manual_review,640,640,JPEG,member_of_near_duplicate_cluster_size_15
roboflow_counterfeit_med_detection_5864529681,Roboflow - Counterfeit_med_detection (v4),roboflow\train\images4044_jpg.rf.6b43f3b2656fe4f6f9d83d816c5aece7.jpg,authentic,pid_00140,24,outer_packaging_or_product_photo,unclassified_needs_manual_review,640,640,JPEG,member_of_near_duplicate_cluster_size_24
roboflow_counterfeit_med_detection_db2c5a602b,Roboflow - Counterfeit_med_detection (v4),roboflow\train\images258_jpg.rf.6ac9f8a80248c210bf13c3efd40ee1ac.jpg,authentic,pid_00102,19,outer_packaging_or_product_photo,unclassified_needs_manual_review,640,640,JPEG,member_of_near_duplicate_cluster_size_19
roboflow_counterfeit_med_detection_7edef2a3f4,Roboflow - Counterfeit_med_detection (v4),roboflow\train\images218_jpg.rf.6b8266e65d713d0575e4f4b234e34f5b.jpg,authentic,pid_00215,14,outer_packaging_or_product_photo,unclassified_needs_manual_review,640,640,JPEG,member_of_near_duplicate_cluster_size_14
roboflow_counterfeit_med_detection_f5a7d91b39,Roboflow - Counterfeit_med_detection (v4),roboflow\train\images14_jpg.rf.6b91a46b55d8bc05005102f07ff119c9.jpg,authentic,pid_00132,13,outer_packaging_or_product_photo,unclassified_needs_manual_review,640,640,JPEG,member_of_near_duplicate_cluster_size_13
roboflow_counterfeit_med_detection_e7f6ec7dfb,Roboflow - Counterfeit_med_detection (v4),roboflow\train\images14_jpg.rf.6b831cafe02cc93d261f27eb2480756e.jpg,authentic,pid_00031,25,outer_packaging_or_product_photo,unclassified_needs_manual_review,640,640,JPEG,member_of_near_duplicate_cluster_size_25
roboflow_counterfeit_med_detection_c38b86a911,Roboflow - Counterfeit_med_detection (v4),roboflow\train\images351_jpg.rf.6bdaa99b827d96dc89f57134f1aa1b97.jpg,authentic,pid_00020,25,outer_packaging_or_product_photo,unclassified_needs_manual_review,640,640,JPEG,member_of_near_duplicate_cluster_size_25
roboflow_counterfeit_med_detection_6913b97884,Roboflow - Counterfeit_med_detection (v4),roboflow\train\images4094_jpg.rf.6bffa345f76ea6cccf380ff1f05d9e9d.jpg,authentic,pid_00025,19,outer_packaging_or_product_photo,unclassified_needs_manual_review,640,640,JPEG,member_of_near_duplicate_cluster_size_19
roboflow_counterfeit_med_detection_5bcba3a386,Roboflow - Counterfeit_med_detection (v4),roboflow\train\images254_jpg.rf.6c43cc8e6aa10fef2c60d6e76abea5c9.jpg,authentic,pid_00180,17,outer_packaging_or_product_photo,unclassified_needs_manual_review,640,640,JPEG,member_of_near_duplicate_cluster_size_17
roboflow_counterfeit_med_detection_69825de04e,Roboflow - Counterfeit_med_detection (v4),roboflow\train\images4042_jpg.rf.6be714fcc4eb34eb78c4ce4248e93301.jpg,authentic,pid_00092,40,outer_packaging_or_product_photo,unclassified_needs_manual_review,640,640,JPEG,member_of_near_duplicate_cluster_size_40
roboflow_counterfeit_med_detection_a358032d14,Roboflow - Counterfeit_med_detection (v4),roboflow\train\images43_jpg.rf.6c6a9d0d2b7fad1003039767c6173cc3.jpg,authentic,pid_00157,2,outer_packaging_or_product_photo,unclassified_needs_manual_review,640,640,JPEG,member_of_near_duplicate_cluster_size_2
roboflow_counterfeit_med_detection_f978e435c1,Roboflow - Counterfeit_med_detection (v4),roboflow\train\images276_jpg.rf.6c5f53cab277dfaff3847cf1b43b29ab.jpg,authentic,pid_00308,8,outer_packaging_or_product_photo,unclassified_needs_manual_review,640,640,JPEG,member_of_near_duplicate_cluster_size_8
roboflow_counterfeit_med_detection_bcb7708eb3,Roboflow - Counterfeit_med_detection (v4),roboflow\train\images4046_jpg.rf.6c537ee4d7711975c97099178c541462.jpg,authentic,pid_00087,37,outer_packaging_or_product_photo,unclassified_needs_manual_review,640,640,JPEG,member_of_near_duplicate_cluster_size_37
roboflow_counterfeit_med_detection_3a712e39b3,Roboflow - Counterfeit_med_detection (v4),roboflow\train\images4046_jpg.rf.6c00c6fa87af997becb15f37307fb66c.jpg,authentic,pid_00087,37,outer_packaging_or_product_photo,unclassified_needs_manual_review,640,640,JPEG,member_of_near_duplicate_cluster_size_37
roboflow_counterfeit_med_detection_dba20a6282,Roboflow - Counterfeit_med_detection (v4),roboflow\train\images302_jpg.rf.6c89d9bcd8bc780ccd20f69832377317.jpg,authentic,pid_00018,18,outer_packaging_or_product_photo,unclassified_needs_manual_review,640,640,JPEG,member_of_near_duplicate_cluster_size_18
roboflow_counterfeit_med_detection_9ed89a9b8f,Roboflow - Counterfeit_med_detection (v4),roboflow\train\images11_jpg.rf.6c7c34872f48e6fd68a07cc61cf65121.jpg,authentic,pid_00327,1,outer_packaging_or_product_photo,unclassified_needs_manual_review,640,640,JPEG,
roboflow_counterfeit_med_detection_67e53d6832,Roboflow - Counterfeit_med_detection (v4),roboflow\train\images4085_jpg.rf.6c6d2a337e9dff66e6000e02ac40a9db.jpg,authentic,pid_00057,55,outer_packaging_or_product_photo,unclassified_needs_manual_review,640,640,JPEG,member_of_near_duplicate_cluster_size_55
roboflow_counterfeit_med_detection_3697590c6f,Roboflow - Counterfeit_med_detection (v4),roboflow\train\images5060_jpg.rf.6cbbcf948c0034618361303185d6eeda.jpg,authentic,pid_00094,25,outer_packaging_or_product_photo,unclassified_needs_manual_review,640,640,JPEG,member_of_near_duplicate_cluster_size_25
roboflow_counterfeit_med_detection_3d4e27a724,Roboflow - Counterfeit_med_detection (v4),roboflow\train\images4065_jpg.rf.6c6f54015724650897d6fd3b4304255d.jpg,authentic,pid_00230,19,outer_packaging_or_product_photo,unclassified_needs_manual_review,640,640,JPEG,member_of_near_duplicate_cluster_size_19
roboflow_counterfeit_med_detection_8f5ea3ce28,Roboflow - Counterfeit_med_detection (v4),roboflow\train\images5080_jpg.rf.6d1ed5c0cebebb1bad08285a3bd3ff32.jpg,authentic,pid_00202,10,outer_packaging_or_product_photo,unclassified_needs_manual_review,640,640,JPEG,member_of_near_duplicate_cluster_size_10
roboflow_counterfeit_med_detection_169ace7224,Roboflow - Counterfeit_med_detection (v4),roboflow\train\images35_jpg.rf.6d2e59d0a8e5be3f901ee513e6378de0.jpg,authentic,pid_00073,25,outer_packaging_or_product_photo,unclassified_needs_manual_review,640,640,JPEG,member_of_near_duplicate_cluster_size_25
roboflow_counterfeit_med_detection_f85a891721,Roboflow - Counterfeit_med_detection (v4),roboflow\train\images4081_jpg.rf.6cf624b35e658bc9bd5ca80f2122fc65.jpg,authentic,pid_00026,19,outer_packaging_or_product_photo,unclassified_needs_manual_review,640,640,JPEG,member_of_near_duplicate_cluster_size_19
roboflow_counterfeit_med_detection_801686fe55,Roboflow - Counterfeit_med_detection (v4),roboflow\train\images5030_jpg.rf.6d4ce26a0d34c2245d2d25f4b01fe9d5.jpg,authentic,pid_00267,12,outer_packaging_or_product_photo,unclassified_needs_manual_review,640,640,JPEG,member_of_near_duplicate_cluster_size_12
roboflow_counterfeit_med_detection_9f6d47e7de,Roboflow - Counterfeit_med_detection (v4),roboflow\train\images349_jpg.rf.6db035bb53e6d6a11a0c5a7cdd9e1bf2.jpg,authentic,pid_00041,11,outer_packaging_or_product_photo,unclassified_needs_manual_review,640,640,JPEG,member_of_near_duplicate_cluster_size_11
roboflow_counterfeit_med_detection_33336e6c72,Roboflow - Counterfeit_med_detection (v4),roboflow\train\images4090_jpg.rf.6d6bb6ce5fab3e572db21fb258ebad82.jpg,authentic,pid_00084,21,outer_packaging_or_product_photo,unclassified_needs_manual_review,640,640,JPEG,member_of_near_duplicate_cluster_size_21
roboflow_counterfeit_med_detection_fd689a6bcf,Roboflow - Counterfeit_med_detection (v4),roboflow\train\images201_jpg.rf.6d5af0e2646e99111227ba11fd9a9848.jpg,authentic,pid_00291,12,outer_packaging_or_product_photo,unclassified_needs_manual_review,640,640,JPEG,member_of_near_duplicate_cluster_size_12
roboflow_counterfeit_med_detection_789d91c2b6,Roboflow - Counterfeit_med_detection (v4),roboflow\train\images5069_jpg.rf.6d54f645fac678f48473eecc3efc17c9.jpg,authentic,pid_00216,3,outer_packaging_or_product_photo,unclassified_needs_manual_review,640,640,JPEG,member_of_near_duplicate_cluster_size_3
roboflow_counterfeit_med_detection_3ebc7dfa9b,Roboflow - Counterfeit_med_detection (v4),roboflow\train\images5060_jpg.rf.6dd649605044e1344a483374c3936140.jpg,authentic,pid_00094,25,outer_packaging_or_product_photo,unclassified_needs_manual_review,640,640,JPEG,member_of_near_duplicate_cluster_size_25
roboflow_counterfeit_med_detection_212cb30b1f,Roboflow - Counterfeit_med_detection (v4),roboflow\train\images4124_jpg.rf.6d8c6143c54bb7bc791a9b60ef1d4368.jpg,authentic,pid_00152,19,outer_packaging_or_product_photo,unclassified_needs_manual_review,640,640,JPEG,member_of_near_duplicate_cluster_size_19
roboflow_counterfeit_med_detection_118101972f,Roboflow - Counterfeit_med_detection (v4),roboflow\train\images4120_jpg.rf.6d7c32d44016430579f9643fba67b757.jpg,authentic,pid_00261,19,outer_packaging_or_product_photo,unclassified_needs_manual_review,640,640,JPEG,member_of_near_duplicate_cluster_size_19
roboflow_counterfeit_med_detection_3d5137dfbf,Roboflow - Counterfeit_med_detection (v4),roboflow\train\images232_jpg.rf.6df3b20334f97a47aac01016dfdc0177.jpg,authentic,pid_00286,3,outer_packaging_or_product_photo,unclassified_needs_manual_review,640,640,JPEG,member_of_near_duplicate_cluster_size_3
roboflow_counterfeit_med_detection_3f32f9bfa4,Roboflow - Counterfeit_med_detection (v4),roboflow\train\images5115_jpg.rf.6e0465bb2bc620becd556c9ec584f834.jpg,authentic,pid_00158,43,outer_packaging_or_product_photo,unclassified_needs_manual_review,640,640,JPEG,member_of_near_duplicate_cluster_size_43
roboflow_counterfeit_med_detection_dc11eb601a,Roboflow - Counterfeit_med_detection (v4),roboflow\train\images227_jpg.rf.6e0469db094c1082e3b301ae750e2223.jpg,authentic,pid_00139,21,outer_packaging_or_product_photo,unclassified_needs_manual_review,640,640,JPEG,member_of_near_duplicate_cluster_size_21
roboflow_counterfeit_med_detection_c04510cb62,Roboflow - Counterfeit_med_detection (v4),roboflow\train\images23_jpg.rf.6e42f74bf06774763cdb46bd08a4325a.jpg,authentic,pid_00289,6,outer_packaging_or_product_photo,unclassified_needs_manual_review,640,640,JPEG,member_of_near_duplicate_cluster_size_6
roboflow_counterfeit_med_detection_1def23e2a8,Roboflow - Counterfeit_med_detection (v4),roboflow\train\images206_jpg.rf.6e1596d1eb6d63662c913b00b52ab83a.jpg,authentic,pid_00328,2,outer_packaging_or_product_photo,unclassified_needs_manual_review,640,640,JPEG,member_of_near_duplicate_cluster_size_2
roboflow_counterfeit_med_detection_7cc7b141dc,Roboflow - Counterfeit_med_detection (v4),roboflow\train\images5023_jpg.rf.6e6abb54e8787b26bd279e97d4eb9e0a.jpg,authentic,pid_00096,34,outer_packaging_or_product_photo,unclassified_needs_manual_review,640,640,JPEG,member_of_near_duplicate_cluster_size_34
roboflow_counterfeit_med_detection_2fdcef801b,Roboflow - Counterfeit_med_detection (v4),roboflow\train\images4029_jpg.rf.6e810db5d9c594478b3634d369109036.jpg,authentic,pid_00083,23,outer_packaging_or_product_photo,unclassified_needs_manual_review,640,640,JPEG,member_of_near_duplicate_cluster_size_23
roboflow_counterfeit_med_detection_66c6aed816,Roboflow - Counterfeit_med_detection (v4),roboflow\train\images4088_jpg.rf.6e7f414b04c7ba276cfa84759f8ef149.jpg,authentic,pid_00185,19,outer_packaging_or_product_photo,unclassified_needs_manual_review,640,640,JPEG,member_of_near_duplicate_cluster_size_19
roboflow_counterfeit_med_detection_f8db7bec7f,Roboflow - Counterfeit_med_detection (v4),roboflow\train\images4058_jpg.rf.6ec16254116a51d59c80d41b3b22e1e7.jpg,authentic,pid_00077,19,outer_packaging_or_product_photo,unclassified_needs_manual_review,640,640,JPEG,member_of_near_duplicate_cluster_size_19
roboflow_counterfeit_med_detection_d7aa65ce94,Roboflow - Counterfeit_med_detection (v4),roboflow\train\images4047_jpg.rf.6f58a1909e46422c12ec4a8d350c9571.jpg,authentic,pid_00110,25,outer_packaging_or_product_photo,unclassified_needs_manual_review,640,640,JPEG,member_of_near_duplicate_cluster_size_25
roboflow_counterfeit_med_detection_65c12f7bac,Roboflow - Counterfeit_med_detection (v4),roboflow\train\images4079_jpg.rf.6eae3910301f34dc97f745f1b9a647fa.jpg,authentic,pid_00065,3,outer_packaging_or_product_photo,unclassified_needs_manual_review,640,640,JPEG,member_of_near_duplicate_cluster_size_3
roboflow_counterfeit_med_detection_be6238fd4a,Roboflow - Counterfeit_med_detection (v4),roboflow\train\images37_jpg.rf.6fc99fedb564e805eed16e1ccfc19c60.jpg,authentic,pid_00074,55,outer_packaging_or_product_photo,unclassified_needs_manual_review,640,640,JPEG,member_of_near_duplicate_cluster_size_55
roboflow_counterfeit_med_detection_c4eabf66fa,Roboflow - Counterfeit_med_detection (v4),roboflow\train\images5035_jpg.rf.6f92b6d8d116497df447bb1a322ded5d.jpg,authentic,pid_00125,19,outer_packaging_or_product_photo,unclassified_needs_manual_review,640,640,JPEG,member_of_near_duplicate_cluster_size_19
roboflow_counterfeit_med_detection_9e8ba276a6,Roboflow - Counterfeit_med_detection (v4),roboflow\train\images4058_jpg.rf.6ff653c29ee4963ea421cf68b923861b.jpg,authentic,pid_00158,43,outer_packaging_or_product_photo,unclassified_needs_manual_review,640,640,JPEG,member_of_near_duplicate_cluster_size_43
roboflow_counterfeit_med_detection_a3e4eb94dc,Roboflow - Counterfeit_med_detection (v4),roboflow\train\images201_jpg.rf.6f2b9630f55b6ecaf009fe6d7377db04.jpg,authentic,pid_00291,12,outer_packaging_or_product_photo,unclassified_needs_manual_review,640,640,JPEG,member_of_near_duplicate_cluster_size_12
roboflow_counterfeit_med_detection_58307c6414,Roboflow - Counterfeit_med_detection (v4),roboflow\train\images4031_jpg.rf.6f1661ebbca7f6657068073c324f1c38.jpg,authentic,pid_00012,23,outer_packaging_or_product_photo,unclassified_needs_manual_review,640,640,JPEG,member_of_near_duplicate_cluster_size_23
roboflow_counterfeit_med_detection_0092bfd497,Roboflow - Counterfeit_med_detection (v4),roboflow\train\images258_jpg.rf.6fb71020d8f7b0438853d86da04c6311.jpg,authentic,pid_00102,19,outer_packaging_or_product_photo,unclassified_needs_manual_review,640,640,JPEG,member_of_near_duplicate_cluster_size_19
roboflow_counterfeit_med_detection_eae31054c7,Roboflow - Counterfeit_med_detection (v4),roboflow\train\images23_jpg.rf.6fce7e96583cde58a8082f2ba1f0923a.jpg,authentic,pid_00024,22,outer_packaging_or_product_photo,unclassified_needs_manual_review,640,640,JPEG,member_of_near_duplicate_cluster_size_22
roboflow_counterfeit_med_detection_b769ffd997,Roboflow - Counterfeit_med_detection (v4),roboflow\train\images268_jpg.rf.70070b21b682eacf71b4e014e0331baf.jpg,authentic,pid_00010,56,outer_packaging_or_product_photo,unclassified_needs_manual_review,640,640,JPEG,member_of_near_duplicate_cluster_size_56
roboflow_counterfeit_med_detection_e6deb25d20,Roboflow - Counterfeit_med_detection (v4),roboflow\train\images5110_jpg.rf.6f775d0cc1a669f1fe0ff777fb330637.jpg,authentic,pid_00329,1,outer_packaging_or_product_photo,unclassified_needs_manual_review,640,640,JPEG,
roboflow_counterfeit_med_detection_b3a1508d55,Roboflow - Counterfeit_med_detection (v4),roboflow\train\images38_jpg.rf.6f93b26cd000b015826f4ca3f59ffd02.jpg,authentic,pid_00039,35,outer_packaging_or_product_photo,unclassified_needs_manual_review,640,640,JPEG,member_of_near_duplicate_cluster_size_35
roboflow_counterfeit_med_detection_a96de650e3,Roboflow - Counterfeit_med_detection (v4),roboflow\train\images4039_jpg.rf.701b42a1307db1959be9904e12b6a4b2.jpg,authentic,pid_00069,17,outer_packaging_or_product_photo,unclassified_needs_manual_review,640,640,JPEG,member_of_near_duplicate_cluster_size_17
roboflow_counterfeit_med_detection_6924780145,Roboflow - Counterfeit_med_detection (v4),roboflow\train\images323_jpg.rf.706b21e64320263feb9f4ec9a2424405.jpg,authentic,pid_00023,18,outer_packaging_or_product_photo,unclassified_needs_manual_review,640,640,JPEG,member_of_near_duplicate_cluster_size_18
roboflow_counterfeit_med_detection_5f160b92f7,Roboflow - Counterfeit_med_detection (v4),roboflow\train\images13_jpg.rf.704f0fdf87d03e16c401f6cc106088f7.jpg,authentic,pid_00124,11,outer_packaging_or_product_photo,unclassified_needs_manual_review,640,640,JPEG,member_of_near_duplicate_cluster_size_11
roboflow_counterfeit_med_detection_e2d7bc21e8,Roboflow - Counterfeit_med_detection (v4),roboflow\train\images5107_jpg.rf.71c71addb70a7ba549e4cfba81e55e35.jpg,authentic,pid_00085,17,outer_packaging_or_product_photo,unclassified_needs_manual_review,640,640,JPEG,member_of_near_duplicate_cluster_size_17
roboflow_counterfeit_med_detection_a656be2cc5,Roboflow - Counterfeit_med_detection (v4),roboflow\train\images347_jpg.rf.710c8075f52f21cbec4ffa204be59c33.jpg,authentic,pid_00119,35,outer_packaging_or_product_photo,unclassified_needs_manual_review,640,640,JPEG,member_of_near_duplicate_cluster_size_35
roboflow_counterfeit_med_detection_4cf4efca08,Roboflow - Counterfeit_med_detection (v4),roboflow\train\images315_jpg.rf.715dcd58785d002050c7d4cfb7eef7f4.jpg,authentic,pid_00299,7,outer_packaging_or_product_photo,unclassified_needs_manual_review,640,640,JPEG,member_of_near_duplicate_cluster_size_7
roboflow_counterfeit_med_detection_4509332c1e,Roboflow - Counterfeit_med_detection (v4),roboflow\train\images5095_jpg.rf.70c7e029002a41b9e6a11d443e34df3f.jpg,authentic,pid_00148,13,outer_packaging_or_product_photo,unclassified_needs_manual_review,640,640,JPEG,member_of_near_duplicate_cluster_size_13
roboflow_counterfeit_med_detection_5e2c615486,Roboflow - Counterfeit_med_detection (v4),roboflow\train\images4069_jpg.rf.7082911804d901d362297a11526612b5.jpg,authentic,pid_00275,10,outer_packaging_or_product_photo,unclassified_needs_manual_review,640,640,JPEG,member_of_near_duplicate_cluster_size_10
roboflow_counterfeit_med_detection_33e338992b,Roboflow - Counterfeit_med_detection (v4),roboflow\train\images4116_jpg.rf.70d7aa6e39d9166507dfe4d675f18884.jpg,authentic,pid_00045,12,outer_packaging_or_product_photo,unclassified_needs_manual_review,640,640,JPEG,member_of_near_duplicate_cluster_size_12
roboflow_counterfeit_med_detection_8f134be37d,Roboflow - Counterfeit_med_detection (v4),roboflow\train\images340_jpg.rf.70d39154d5851518f347c26f3197c9de.jpg,authentic,pid_00224,24,outer_packaging_or_product_photo,unclassified_needs_manual_review,640,640,JPEG,member_of_near_duplicate_cluster_size_24
roboflow_counterfeit_med_detection_f740370311,Roboflow - Counterfeit_med_detection (v4),roboflow\train\images5061_jpg.rf.72316d3431dd2b3625a3e4034365e764.jpg,authentic,pid_00088,35,outer_packaging_or_product_photo,unclassified_needs_manual_review,640,640,JPEG,member_of_near_duplicate_cluster_size_35
roboflow_counterfeit_med_detection_b85968282f,Roboflow - Counterfeit_med_detection (v4),roboflow\train\images340_jpg.rf.71d0ad781596d2bba4b7af83f4d12879.jpg,authentic,pid_00169,12,outer_packaging_or_product_photo,unclassified_needs_manual_review,640,640,JPEG,member_of_near_duplicate_cluster_size_12
roboflow_counterfeit_med_detection_30c3f25ea8,Roboflow - Counterfeit_med_detection (v4),roboflow\train\images5032_jpg.rf.7191a17282117948a5c0d4facf862247.jpg,authentic,pid_00013,19,outer_packaging_or_product_photo,unclassified_needs_manual_review,640,640,JPEG,member_of_near_duplicate_cluster_size_19
roboflow_counterfeit_med_detection_0b0057e875,Roboflow - Counterfeit_med_detection (v4),roboflow\train\images283_jpg.rf.702123035d6c174d05b1df31bfcdea85.jpg,authentic,pid_00126,15,outer_packaging_or_product_photo,unclassified_needs_manual_review,640,640,JPEG,member_of_near_duplicate_cluster_size_15
roboflow_counterfeit_med_detection_28e47e7cc1,Roboflow - Counterfeit_med_detection (v4),roboflow\train\images4110_jpg.rf.720d61425cf7a4f63844f45f4e2166b2.jpg,authentic,pid_00000,19,outer_packaging_or_product_photo,unclassified_needs_manual_review,640,640,JPEG,member_of_near_duplicate_cluster_size_19
roboflow_counterfeit_med_detection_3b9ce97862,Roboflow - Counterfeit_med_detection (v4),roboflow\train\images4048_jpg.rf.716b450c9227926aa231178538abf764.jpg,authentic,pid_00017,28,outer_packaging_or_product_photo,unclassified_needs_manual_review,640,640,JPEG,member_of_near_duplicate_cluster_size_28
roboflow_counterfeit_med_detection_2807978c8e,Roboflow - Counterfeit_med_detection (v4),roboflow\train\images231_jpg.rf.717a43ceff62c12c4005ab60069220c3.jpg,authentic,pid_00090,18,outer_packaging_or_product_photo,unclassified_needs_manual_review,640,640,JPEG,member_of_near_duplicate_cluster_size_18
roboflow_counterfeit_med_detection_334cf67c58,Roboflow - Counterfeit_med_detection (v4),roboflow\train\images5110_jpg.rf.70a6015a61c95b25fb04bbf8d5a3d561.jpg,authentic,pid_00271,7,outer_packaging_or_product_photo,unclassified_needs_manual_review,640,640,JPEG,member_of_near_duplicate_cluster_size_7
roboflow_counterfeit_med_detection_ceafdf8723,Roboflow - Counterfeit_med_detection (v4),roboflow\train\images15_jpg.rf.728f00430c16dbe5a99a5df884e40d45.jpg,authentic,pid_00159,12,outer_packaging_or_product_photo,unclassified_needs_manual_review,640,640,JPEG,member_of_near_duplicate_cluster_size_12
roboflow_counterfeit_med_detection_087b6dd37a,Roboflow - Counterfeit_med_detection (v4),roboflow\train\images4035_jpg.rf.7217eea1cc94e3a0920a278e708bade9.jpg,authentic,pid_00146,18,outer_packaging_or_product_photo,unclassified_needs_manual_review,640,640,JPEG,member_of_near_duplicate_cluster_size_18
roboflow_counterfeit_med_detection_b5b78c92cd,Roboflow - Counterfeit_med_detection (v4),roboflow\train\images5107_jpg.rf.727caaee5b68e804a71e5bd4dd4eb6a5.jpg,authentic,pid_00330,2,outer_packaging_or_product_photo,unclassified_needs_manual_review,640,640,JPEG,member_of_near_duplicate_cluster_size_2
roboflow_counterfeit_med_detection_08535e755d,Roboflow - Counterfeit_med_detection (v4),roboflow\train\images5113_jpg.rf.723e2e8cea4d068ef388a5f1c78e9b7c.jpg,authentic,pid_00258,17,outer_packaging_or_product_photo,unclassified_needs_manual_review,640,640,JPEG,member_of_near_duplicate_cluster_size_17
roboflow_counterfeit_med_detection_f96abe08a8,Roboflow - Counterfeit_med_detection (v4),roboflow\train\images230_jpg.rf.725bf2e26f0ef346c51bfa52aaf10edb.jpg,authentic,pid_00168,18,outer_packaging_or_product_photo,unclassified_needs_manual_review,640,640,JPEG,member_of_near_duplicate_cluster_size_18
roboflow_counterfeit_med_detection_ccfdbbffe4,Roboflow - Counterfeit_med_detection (v4),roboflow\train\images4031_jpg.rf.7296ea56ccfc8c3785b89ea34cb27d31.jpg,authentic,pid_00240,12,outer_packaging_or_product_photo,unclassified_needs_manual_review,640,640,JPEG,member_of_near_duplicate_cluster_size_12
roboflow_counterfeit_med_detection_d8c56ae665,Roboflow - Counterfeit_med_detection (v4),roboflow\train\images4046_jpg.rf.737539a02d44b9d3507663f67b372c6c.jpg,authentic,pid_00087,37,outer_packaging_or_product_photo,unclassified_needs_manual_review,640,640,JPEG,member_of_near_duplicate_cluster_size_37
roboflow_counterfeit_med_detection_4370ba1da3,Roboflow - Counterfeit_med_detection (v4),roboflow\train\images29_jpg.rf.72f0f0cfcc8c1498d217c6f481f9f14a.jpg,authentic,pid_00184,19,outer_packaging_or_product_photo,unclassified_needs_manual_review,640,640,JPEG,member_of_near_duplicate_cluster_size_19
roboflow_counterfeit_med_detection_c671a4c3ff,Roboflow - Counterfeit_med_detection (v4),roboflow\train\images348_jpg.rf.73a65b26dff80659c25d31b581ab8349.jpg,authentic,pid_00038,37,outer_packaging_or_product_photo,unclassified_needs_manual_review,640,640,JPEG,member_of_near_duplicate_cluster_size_37
roboflow_counterfeit_med_detection_3de76e95f9,Roboflow - Counterfeit_med_detection (v4),roboflow\train\images4042_jpg.rf.72dfb207a295df38ee33fc071e0d2768.jpg,authentic,pid_00092,40,outer_packaging_or_product_photo,unclassified_needs_manual_review,640,640,JPEG,member_of_near_duplicate_cluster_size_40
roboflow_counterfeit_med_detection_f55b98fe9c,Roboflow - Counterfeit_med_detection (v4),roboflow\train\images283_jpg.rf.733298294888e30a57c6644b80c60d29.jpg,authentic,pid_00126,15,outer_packaging_or_product_photo,unclassified_needs_manual_review,640,640,JPEG,member_of_near_duplicate_cluster_size_15
roboflow_counterfeit_med_detection_fb0b257156,Roboflow - Counterfeit_med_detection (v4),roboflow\train\images321_jpg.rf.74118d634bb6bae599b7a26b52ae69fb.jpg,authentic,pid_00074,55,outer_packaging_or_product_photo,unclassified_needs_manual_review,640,640,JPEG,member_of_near_duplicate_cluster_size_55
roboflow_counterfeit_med_detection_1ca901116c,Roboflow - Counterfeit_med_detection (v4),roboflow\train\images340_jpg.rf.72f91a80f1cde3625e7fe5b54a653205.jpg,authentic,pid_00224,24,outer_packaging_or_product_photo,unclassified_needs_manual_review,640,640,JPEG,member_of_near_duplicate_cluster_size_24
roboflow_counterfeit_med_detection_2d4faa8311,Roboflow - Counterfeit_med_detection (v4),roboflow\train\images206_jpg.rf.72e1200278765fc06598f304f9e1a5cd.jpg,authentic,pid_00220,14,outer_packaging_or_product_photo,unclassified_needs_manual_review,640,640,JPEG,member_of_near_duplicate_cluster_size_14
roboflow_counterfeit_med_detection_0d7c28275d,Roboflow - Counterfeit_med_detection (v4),roboflow\train\images4090_jpg.rf.741efc3f7255616e475eaab9a4ddec4a.jpg,authentic,pid_00084,21,outer_packaging_or_product_photo,unclassified_needs_manual_review,640,640,JPEG,member_of_near_duplicate_cluster_size_21
roboflow_counterfeit_med_detection_261d87fe56,Roboflow - Counterfeit_med_detection (v4),roboflow\train\images218_jpg.rf.73bdb415e5bbc8dbc3d3e62ae9b49b78.jpg,authentic,pid_00136,5,outer_packaging_or_product_photo,unclassified_needs_manual_review,640,640,JPEG,member_of_near_duplicate_cluster_size_5
roboflow_counterfeit_med_detection_d093ed781b,Roboflow - Counterfeit_med_detection (v4),roboflow\train\images4045_jpg.rf.740c9b8fad843e4ffb06f9adf1a3fee6.jpg,authentic,pid_00164,12,outer_packaging_or_product_photo,unclassified_needs_manual_review,640,640,JPEG,member_of_near_duplicate_cluster_size_12
roboflow_counterfeit_med_detection_2e2cdd156c,Roboflow - Counterfeit_med_detection (v4),roboflow\train\images4048_jpg.rf.73b3f52179527e77ee0b247bbf6c87f4.jpg,authentic,pid_00017,28,outer_packaging_or_product_photo,unclassified_needs_manual_review,640,640,JPEG,member_of_near_duplicate_cluster_size_28
roboflow_counterfeit_med_detection_33e982dd18,Roboflow - Counterfeit_med_detection (v4),roboflow\train\images254_jpg.rf.734dabfa37d855eadf6e29f3f7a91e48.jpg,authentic,pid_00180,17,outer_packaging_or_product_photo,unclassified_needs_manual_review,640,640,JPEG,member_of_near_duplicate_cluster_size_17
roboflow_counterfeit_med_detection_c039234c13,Roboflow - Counterfeit_med_detection (v4),roboflow\train\images4087_jpg.rf.73607b9a76bb60f0f330134269535e61.jpg,authentic,pid_00135,20,outer_packaging_or_product_photo,unclassified_needs_manual_review,640,640,JPEG,member_of_near_duplicate_cluster_size_20
roboflow_counterfeit_med_detection_624d9b20d8,Roboflow - Counterfeit_med_detection (v4),roboflow\train\images352_jpg.rf.72fd30397458750589b5881e8304ef4c.jpg,authentic,pid_00046,18,outer_packaging_or_product_photo,unclassified_needs_manual_review,640,640,JPEG,member_of_near_duplicate_cluster_size_18
roboflow_counterfeit_med_detection_08c20ed11d,Roboflow - Counterfeit_med_detection (v4),roboflow\train\images5127_jpg.rf.72c059560054f01893557c7ae7345d85.jpg,authentic,pid_00015,12,outer_packaging_or_product_photo,unclassified_needs_manual_review,640,640,JPEG,member_of_near_duplicate_cluster_size_12
roboflow_counterfeit_med_detection_35fc3450bb,Roboflow - Counterfeit_med_detection (v4),roboflow\train\images283_jpg.rf.7431ae6292bc39c58d2e1d06cfd749ce.jpg,authentic,pid_00126,15,outer_packaging_or_product_photo,unclassified_needs_manual_review,640,640,JPEG,member_of_near_duplicate_cluster_size_15
roboflow_counterfeit_med_detection_a137737cfb,Roboflow - Counterfeit_med_detection (v4),roboflow\train\images235_jpg.rf.742c3cc73524dbaa580ce4f0e6447955.jpg,authentic,pid_00043,19,outer_packaging_or_product_photo,unclassified_needs_manual_review,640,640,JPEG,member_of_near_duplicate_cluster_size_19
roboflow_counterfeit_med_detection_b3397b928e,Roboflow - Counterfeit_med_detection (v4),roboflow\train\images04_jpg.rf.751052dc9b78feea0e59e5f0e4b0e44f.jpg,authentic,pid_00325,6,outer_packaging_or_product_photo,unclassified_needs_manual_review,640,640,JPEG,member_of_near_duplicate_cluster_size_6
roboflow_counterfeit_med_detection_b72673cdd3,Roboflow - Counterfeit_med_detection (v4),roboflow\train\images5035_jpg.rf.74cfd7338f0326e11138aa37024e1b0e.jpg,authentic,pid_00125,19,outer_packaging_or_product_photo,unclassified_needs_manual_review,640,640,JPEG,member_of_near_duplicate_cluster_size_19
roboflow_counterfeit_med_detection_d9adbb0c4b,Roboflow - Counterfeit_med_detection (v4),roboflow\train\images209_jpg.rf.74df7bf5a47e42d55e96a8866c89c065.jpg,authentic,pid_00062,14,outer_packaging_or_product_photo,unclassified_needs_manual_review,640,640,JPEG,member_of_near_duplicate_cluster_size_14
roboflow_counterfeit_med_detection_fca645055a,Roboflow - Counterfeit_med_detection (v4),roboflow\train\images231_jpg.rf.7468ea59254e0e084969820f7b9398bc.jpg,authentic,pid_00090,18,outer_packaging_or_product_photo,unclassified_needs_manual_review,640,640,JPEG,member_of_near_duplicate_cluster_size_18
roboflow_counterfeit_med_detection_26bfcd17a9,Roboflow - Counterfeit_med_detection (v4),roboflow\train\images5115_jpg.rf.75162958e043ac13376ca9bf97d4f728.jpg,authentic,pid_00158,43,outer_packaging_or_product_photo,unclassified_needs_manual_review,640,640,JPEG,member_of_near_duplicate_cluster_size_43
roboflow_counterfeit_med_detection_1b2b9f35f6,Roboflow - Counterfeit_med_detection (v4),roboflow\train\images5041_jpg.rf.74f211b9f063e9314c429e3c8abca5ae.jpg,authentic,pid_00011,14,outer_packaging_or_product_photo,unclassified_needs_manual_review,640,640,JPEG,member_of_near_duplicate_cluster_size_14
roboflow_counterfeit_med_detection_2c2947623d,Roboflow - Counterfeit_med_detection (v4),roboflow\train\images351_jpg.rf.758995f4ad5e08ccd8356e100039e991.jpg,authentic,pid_00020,25,outer_packaging_or_product_photo,unclassified_needs_manual_review,640,640,JPEG,member_of_near_duplicate_cluster_size_25
roboflow_counterfeit_med_detection_cef31ecd2a,Roboflow - Counterfeit_med_detection (v4),roboflow\train\images342_jpg.rf.75490f5f102b021c16be9cc721fff177.jpg,authentic,pid_00002,25,outer_packaging_or_product_photo,unclassified_needs_manual_review,640,640,JPEG,member_of_near_duplicate_cluster_size_25
roboflow_counterfeit_med_detection_75f23007a1,Roboflow - Counterfeit_med_detection (v4),roboflow\train\images4065_jpg.rf.75bebd20fc58e8f5cb3ada9a5471f8be.jpg,authentic,pid_00230,19,outer_packaging_or_product_photo,unclassified_needs_manual_review,640,640,JPEG,member_of_near_duplicate_cluster_size_19
roboflow_counterfeit_med_detection_a5848c5b83,Roboflow - Counterfeit_med_detection (v4),roboflow\train\images4042_jpg.rf.74d1f485f718871d0a81b675cd9441e3.jpg,authentic,pid_00092,40,outer_packaging_or_product_photo,unclassified_needs_manual_review,640,640,JPEG,member_of_near_duplicate_cluster_size_40
roboflow_counterfeit_med_detection_941fa77352,Roboflow - Counterfeit_med_detection (v4),roboflow\train\images213_jpg.rf.74ead8d434fab8faf6d42c9377800831.jpg,authentic,pid_00243,6,outer_packaging_or_product_photo,unclassified_needs_manual_review,640,640,JPEG,member_of_near_duplicate_cluster_size_6
roboflow_counterfeit_med_detection_1c5d2a22b9,Roboflow - Counterfeit_med_detection (v4),roboflow\train\images04_jpg.rf.7611b23c6a1e057fc8b737de2d9d548e.jpg,authentic,pid_00239,15,outer_packaging_or_product_photo,unclassified_needs_manual_review,640,640,JPEG,member_of_near_duplicate_cluster_size_15
roboflow_counterfeit_med_detection_2f9adc78f0,Roboflow - Counterfeit_med_detection (v4),roboflow\train\images4029_jpg.rf.7548c1bfbbc0e3409a721910d33a4e64.jpg,authentic,pid_00083,23,outer_packaging_or_product_photo,unclassified_needs_manual_review,640,640,JPEG,member_of_near_duplicate_cluster_size_23
roboflow_counterfeit_med_detection_25ade2c9d4,Roboflow - Counterfeit_med_detection (v4),roboflow\train\images316_jpg.rf.762fa18bdc7ccf77828b02ad556330f8.jpg,authentic,pid_00064,19,outer_packaging_or_product_photo,unclassified_needs_manual_review,640,640,JPEG,member_of_near_duplicate_cluster_size_19
roboflow_counterfeit_med_detection_9cef005aed,Roboflow - Counterfeit_med_detection (v4),roboflow\train\images4031_jpg.rf.76143a752820d6ce190bee57de0dbb65.jpg,authentic,pid_00240,12,outer_packaging_or_product_photo,unclassified_needs_manual_review,640,640,JPEG,member_of_near_duplicate_cluster_size_12
roboflow_counterfeit_med_detection_e3cfcf1841,Roboflow - Counterfeit_med_detection (v4),roboflow\train\images5044_jpg.rf.75c3dcf5b6d06f95be72e3a594cecfcd.jpg,authentic,pid_00014,19,outer_packaging_or_product_photo,unclassified_needs_manual_review,640,640,JPEG,member_of_near_duplicate_cluster_size_19
roboflow_counterfeit_med_detection_757e54ede6,Roboflow - Counterfeit_med_detection (v4),roboflow\train\images4074_jpg.rf.7673d61714dc1f09d6f876081dc59e54.jpg,authentic,pid_00273,19,outer_packaging_or_product_photo,unclassified_needs_manual_review,640,640,JPEG,member_of_near_duplicate_cluster_size_19
roboflow_counterfeit_med_detection_14548d73d7,Roboflow - Counterfeit_med_detection (v4),roboflow\train\images352_jpg.rf.7665c052a188103b91035a935ac49a3d.jpg,authentic,pid_00046,18,outer_packaging_or_product_photo,unclassified_needs_manual_review,640,640,JPEG,member_of_near_duplicate_cluster_size_18
roboflow_counterfeit_med_detection_c7d8ee6d9e,Roboflow - Counterfeit_med_detection (v4),roboflow\train\images36_jpg.rf.76ee120d4b208da38932aeb9fdce34cb.jpg,authentic,pid_00006,37,outer_packaging_or_product_photo,unclassified_needs_manual_review,640,640,JPEG,member_of_near_duplicate_cluster_size_37
roboflow_counterfeit_med_detection_4c63004554,Roboflow - Counterfeit_med_detection (v4),roboflow\train\images310_jpg.rf.76b20ccc1bbd3edcace0478d56202097.jpg,authentic,pid_00190,10,outer_packaging_or_product_photo,unclassified_needs_manual_review,640,640,JPEG,member_of_near_duplicate_cluster_size_10
roboflow_counterfeit_med_detection_18eee34045,Roboflow - Counterfeit_med_detection (v4),roboflow\train\images4058_jpg.rf.771ea6be8070545c1f12ef02f0400a13.jpg,authentic,pid_00158,43,outer_packaging_or_product_photo,unclassified_needs_manual_review,640,640,JPEG,member_of_near_duplicate_cluster_size_43
roboflow_counterfeit_med_detection_98ee16ba95,Roboflow - Counterfeit_med_detection (v4),roboflow\train\images222_jpg.rf.777aa35cf2522df9a332cf5a0b927c26.jpg,authentic,pid_00068,36,outer_packaging_or_product_photo,unclassified_needs_manual_review,640,640,JPEG,member_of_near_duplicate_cluster_size_36
roboflow_counterfeit_med_detection_86b814827a,Roboflow - Counterfeit_med_detection (v4),roboflow\train\images348_jpg.rf.7724c2fdaf4fce428c3fbcf2948d2379.jpg,authentic,pid_00038,37,outer_packaging_or_product_photo,unclassified_needs_manual_review,640,640,JPEG,member_of_near_duplicate_cluster_size_37
roboflow_counterfeit_med_detection_397add7dbc,Roboflow - Counterfeit_med_detection (v4),roboflow\train\images5035_jpg.rf.7688b4b10bff07a87715797645146245.jpg,authentic,pid_00125,19,outer_packaging_or_product_photo,unclassified_needs_manual_review,640,640,JPEG,member_of_near_duplicate_cluster_size_19
roboflow_counterfeit_med_detection_e8be9107f3,Roboflow - Counterfeit_med_detection (v4),roboflow\train\images242_jpg.rf.7739a5e19b31601402d6e8d77b91de99.jpg,authentic,pid_00331,1,outer_packaging_or_product_photo,unclassified_needs_manual_review,640,640,JPEG,
roboflow_counterfeit_med_detection_882c828e93,Roboflow - Counterfeit_med_detection (v4),roboflow\train\images268_jpg.rf.77393845c487c618de22b2ea3ee215a8.jpg,authentic,pid_00010,56,outer_packaging_or_product_photo,unclassified_needs_manual_review,640,640,JPEG,member_of_near_duplicate_cluster_size_56
roboflow_counterfeit_med_detection_ec69415283,Roboflow - Counterfeit_med_detection (v4),roboflow\train\images244_jpg.rf.772b6525777c7af720ccb94be1f2dec5.jpg,authentic,pid_00182,12,outer_packaging_or_product_photo,unclassified_needs_manual_review,640,640,JPEG,member_of_near_duplicate_cluster_size_12
roboflow_counterfeit_med_detection_0957d5d1ef,Roboflow - Counterfeit_med_detection (v4),roboflow\train\images5116_jpg.rf.778fbb81ccb2e0811e0e34a24549e571.jpg,authentic,pid_00332,1,outer_packaging_or_product_photo,unclassified_needs_manual_review,640,640,JPEG,
roboflow_counterfeit_med_detection_ee15c2fb97,Roboflow - Counterfeit_med_detection (v4),roboflow\train\images4094_jpg.rf.775c4477aa15bca5703872dfb84bbbdd.jpg,authentic,pid_00025,19,outer_packaging_or_product_photo,unclassified_needs_manual_review,640,640,JPEG,member_of_near_duplicate_cluster_size_19
roboflow_counterfeit_med_detection_262da5e813,Roboflow - Counterfeit_med_detection (v4),roboflow\train\images244_jpg.rf.771c01b98188b7842a7cc8c5e840bf81.jpg,authentic,pid_00182,12,outer_packaging_or_product_photo,unclassified_needs_manual_review,640,640,JPEG,member_of_near_duplicate_cluster_size_12
roboflow_counterfeit_med_detection_4cfcd20000,Roboflow - Counterfeit_med_detection (v4),roboflow\train\images4107_jpg.rf.777ad24fd93c07cca685c535249ed07e.jpg,authentic,pid_00287,6,outer_packaging_or_product_photo,unclassified_needs_manual_review,640,640,JPEG,member_of_near_duplicate_cluster_size_6
roboflow_counterfeit_med_detection_d329fa3ea7,Roboflow - Counterfeit_med_detection (v4),roboflow\train\images5114_jpg.rf.76cc35ed6af982bdfe8219bf6c8cc989.jpg,authentic,pid_00207,18,outer_packaging_or_product_photo,unclassified_needs_manual_review,640,640,JPEG,member_of_near_duplicate_cluster_size_18
roboflow_counterfeit_med_detection_d2051822b0,Roboflow - Counterfeit_med_detection (v4),roboflow\train\images347_jpg.rf.7784fcbd2bc4552c1030017dbf1647ff.jpg,authentic,pid_00119,35,outer_packaging_or_product_photo,unclassified_needs_manual_review,640,640,JPEG,member_of_near_duplicate_cluster_size_35
roboflow_counterfeit_med_detection_c16a992f82,Roboflow - Counterfeit_med_detection (v4),roboflow\train\images4042_jpg.rf.77a5a55d32a5b92d2f2d1de5fc2b92df.jpg,authentic,pid_00092,40,outer_packaging_or_product_photo,unclassified_needs_manual_review,640,640,JPEG,member_of_near_duplicate_cluster_size_40
roboflow_counterfeit_med_detection_cc2755b9c3,Roboflow - Counterfeit_med_detection (v4),roboflow\train\images4047_jpg.rf.7805f2456d831de56cf01ed296cb8dcf.jpg,authentic,pid_00110,25,outer_packaging_or_product_photo,unclassified_needs_manual_review,640,640,JPEG,member_of_near_duplicate_cluster_size_25
roboflow_counterfeit_med_detection_58287f0761,Roboflow - Counterfeit_med_detection (v4),roboflow\train\images266_jpg.rf.77f85b8f609a5cf226994758c9a09191.jpg,authentic,pid_00027,19,outer_packaging_or_product_photo,unclassified_needs_manual_review,640,640,JPEG,member_of_near_duplicate_cluster_size_19
roboflow_counterfeit_med_detection_0e76d97bde,Roboflow - Counterfeit_med_detection (v4),roboflow\train\images4047_jpg.rf.7801ed32b9ea391597185fa76acead73.jpg,authentic,pid_00110,25,outer_packaging_or_product_photo,unclassified_needs_manual_review,640,640,JPEG,member_of_near_duplicate_cluster_size_25
roboflow_counterfeit_med_detection_1fc1db16c6,Roboflow - Counterfeit_med_detection (v4),roboflow\train\images4054_jpg.rf.78334df735557eaad77078efb2c8c75c.jpg,authentic,pid_00028,35,outer_packaging_or_product_photo,unclassified_needs_manual_review,640,640,JPEG,member_of_near_duplicate_cluster_size_35
roboflow_counterfeit_med_detection_f10105a6cf,Roboflow - Counterfeit_med_detection (v4),roboflow\train\images5126_jpg.rf.78b57543a388c98044c4786891bfce80.jpg,authentic,pid_00229,10,outer_packaging_or_product_photo,unclassified_needs_manual_review,640,640,JPEG,member_of_near_duplicate_cluster_size_10
roboflow_counterfeit_med_detection_23e16fd218,Roboflow - Counterfeit_med_detection (v4),roboflow\train\images31_jpg.rf.7880302c8d78454e949b3d0fad4e7d24.jpg,authentic,pid_00116,18,outer_packaging_or_product_photo,unclassified_needs_manual_review,640,640,JPEG,member_of_near_duplicate_cluster_size_18
roboflow_counterfeit_med_detection_f589d99621,Roboflow - Counterfeit_med_detection (v4),roboflow\train\images338_jpg.rf.793f77a5fe19f35b3b30b671e020fdc4.jpg,authentic,pid_00101,6,outer_packaging_or_product_photo,unclassified_needs_manual_review,640,640,JPEG,member_of_near_duplicate_cluster_size_6
roboflow_counterfeit_med_detection_517b72eabd,Roboflow - Counterfeit_med_detection (v4),roboflow\train\images263_jpg.rf.78e38b45d7a832e1829d9f8208b3baca.jpg,authentic,pid_00094,25,outer_packaging_or_product_photo,unclassified_needs_manual_review,640,640,JPEG,member_of_near_duplicate_cluster_size_25
roboflow_counterfeit_med_detection_dcb7e7d078,Roboflow - Counterfeit_med_detection (v4),roboflow\train\images4035_jpg.rf.78d5cf8123b28c6942861cb52259db0b.jpg,authentic,pid_00146,18,outer_packaging_or_product_photo,unclassified_needs_manual_review,640,640,JPEG,member_of_near_duplicate_cluster_size_18
roboflow_counterfeit_med_detection_0992f70ed1,Roboflow - Counterfeit_med_detection (v4),roboflow\train\images240_jpg.rf.78269a5d5029f7156d9f5d85bccf94c5.jpg,authentic,pid_00078,6,outer_packaging_or_product_photo,unclassified_needs_manual_review,640,640,JPEG,member_of_near_duplicate_cluster_size_6
roboflow_counterfeit_med_detection_71294b65b1,Roboflow - Counterfeit_med_detection (v4),roboflow\train\images02_jpg.rf.78249a26011854e8c3a1f55472f13de9.jpg,authentic,pid_00312,6,outer_packaging_or_product_photo,unclassified_needs_manual_review,640,640,JPEG,member_of_near_duplicate_cluster_size_6
roboflow_counterfeit_med_detection_4922523bfa,Roboflow - Counterfeit_med_detection (v4),roboflow\train\images4039_jpg.rf.787fce7e5b5f96a8e49a6624864ab639.jpg,authentic,pid_00075,20,outer_packaging_or_product_photo,unclassified_needs_manual_review,640,640,JPEG,member_of_near_duplicate_cluster_size_20
roboflow_counterfeit_med_detection_445bdf8110,Roboflow - Counterfeit_med_detection (v4),roboflow\train\images5090_jpg.rf.796a68ae6bfc6541059826c8bd10ed69.jpg,authentic,pid_00108,10,outer_packaging_or_product_photo,unclassified_needs_manual_review,640,640,JPEG,member_of_near_duplicate_cluster_size_10
roboflow_counterfeit_med_detection_acad89f9d7,Roboflow - Counterfeit_med_detection (v4),roboflow\train\images257_jpg.rf.78c52d571c6cb1acd994218a33489a85.jpg,authentic,pid_00031,25,outer_packaging_or_product_photo,unclassified_needs_manual_review,640,640,JPEG,member_of_near_duplicate_cluster_size_25
roboflow_counterfeit_med_detection_37ae08a4ab,Roboflow - Counterfeit_med_detection (v4),roboflow\train\images4044_jpg.rf.78d821f6a69e92cc96c80b96fd4e4f9c.jpg,authentic,pid_00274,13,outer_packaging_or_product_photo,unclassified_needs_manual_review,640,640,JPEG,member_of_near_duplicate_cluster_size_13
roboflow_counterfeit_med_detection_c6c45bcc87,Roboflow - Counterfeit_med_detection (v4),roboflow\train\images257_jpg.rf.78bf967b28c26f034d3369989ad730b5.jpg,authentic,pid_00031,25,outer_packaging_or_product_photo,unclassified_needs_manual_review,640,640,JPEG,member_of_near_duplicate_cluster_size_25
roboflow_counterfeit_med_detection_9c727775f0,Roboflow - Counterfeit_med_detection (v4),roboflow\train\images4124_jpg.rf.798be48ee7769a788735dd2c864aeba7.jpg,authentic,pid_00152,19,outer_packaging_or_product_photo,unclassified_needs_manual_review,640,640,JPEG,member_of_near_duplicate_cluster_size_19
roboflow_counterfeit_med_detection_751bf74f36,Roboflow - Counterfeit_med_detection (v4),roboflow\train\images4035_jpg.rf.791573387ee400d0abcb19898275fc2f.jpg,authentic,pid_00146,18,outer_packaging_or_product_photo,unclassified_needs_manual_review,640,640,JPEG,member_of_near_duplicate_cluster_size_18
roboflow_counterfeit_med_detection_24b2b9eace,Roboflow - Counterfeit_med_detection (v4),roboflow\train\images4045_jpg.rf.7985e46c5365257c6645a19c60742b69.jpg,authentic,pid_00071,8,outer_packaging_or_product_photo,unclassified_needs_manual_review,640,640,JPEG,member_of_near_duplicate_cluster_size_8
roboflow_counterfeit_med_detection_d92386c97e,Roboflow - Counterfeit_med_detection (v4),roboflow\train\images37_jpg.rf.79c92cf0f7e51abdeff79c15af07443c.jpg,authentic,pid_00074,55,outer_packaging_or_product_photo,unclassified_needs_manual_review,640,640,JPEG,member_of_near_duplicate_cluster_size_55
roboflow_counterfeit_med_detection_6af3c0abb2,Roboflow - Counterfeit_med_detection (v4),roboflow\train\images21_jpg.rf.79cb0a043220532e64974dbd58eb245d.jpg,authentic,pid_00053,12,outer_packaging_or_product_photo,unclassified_needs_manual_review,640,640,JPEG,member_of_near_duplicate_cluster_size_12
roboflow_counterfeit_med_detection_8f611bf525,Roboflow - Counterfeit_med_detection (v4),roboflow\train\images235_jpg.rf.79def83ebbf1fdd2d1e5280bc44d2f56.jpg,authentic,pid_00333,2,outer_packaging_or_product_photo,unclassified_needs_manual_review,640,640,JPEG,member_of_near_duplicate_cluster_size_2
roboflow_counterfeit_med_detection_8e31abc921,Roboflow - Counterfeit_med_detection (v4),roboflow\train\images351_jpg.rf.79cf4562c34703671366a0f7a0452a97.jpg,authentic,pid_00020,25,outer_packaging_or_product_photo,unclassified_needs_manual_review,640,640,JPEG,member_of_near_duplicate_cluster_size_25
roboflow_counterfeit_med_detection_dcfcb8cb90,Roboflow - Counterfeit_med_detection (v4),roboflow\train\images342_jpg.rf.79ff5ac69180ca3d0cb5a549f140659c.jpg,authentic,pid_00089,12,outer_packaging_or_product_photo,unclassified_needs_manual_review,640,640,JPEG,member_of_near_duplicate_cluster_size_12
roboflow_counterfeit_med_detection_1ca2e9bc68,Roboflow - Counterfeit_med_detection (v4),roboflow\train\images11_jpg.rf.7a3cfeb7d69557239496084633b615b0.jpg,authentic,pid_00241,6,outer_packaging_or_product_photo,unclassified_needs_manual_review,640,640,JPEG,member_of_near_duplicate_cluster_size_6
roboflow_counterfeit_med_detection_d5f6deb2cb,Roboflow - Counterfeit_med_detection (v4),roboflow\train\images4033_jpg.rf.7a84f418b80f92d17bfe473dc775d446.jpg,authentic,pid_00138,11,outer_packaging_or_product_photo,unclassified_needs_manual_review,640,640,JPEG,member_of_near_duplicate_cluster_size_11
roboflow_counterfeit_med_detection_12987d9340,Roboflow - Counterfeit_med_detection (v4),roboflow\train\images5053_jpg.rf.7b1b1aacf814d6d90729556b954d0a79.jpg,authentic,pid_00282,5,outer_packaging_or_product_photo,unclassified_needs_manual_review,640,640,JPEG,member_of_near_duplicate_cluster_size_5
roboflow_counterfeit_med_detection_7543534f23,Roboflow - Counterfeit_med_detection (v4),roboflow\train\images05_jpg.rf.7b03b543af8f391a4caa73c7f496af2f.jpg,authentic,pid_00191,11,outer_packaging_or_product_photo,unclassified_needs_manual_review,640,640,JPEG,member_of_near_duplicate_cluster_size_11
roboflow_counterfeit_med_detection_7a93a28b33,Roboflow - Counterfeit_med_detection (v4),roboflow\train\images312_jpg.rf.7a694fd73adcb9ee4909e24ab4b4d128.jpg,authentic,pid_00150,13,outer_packaging_or_product_photo,unclassified_needs_manual_review,640,640,JPEG,member_of_near_duplicate_cluster_size_13
roboflow_counterfeit_med_detection_3959326d01,Roboflow - Counterfeit_med_detection (v4),roboflow\train\images4031_jpg.rf.7a04ce9fedb52b426e44cb402ac423fe.jpg,authentic,pid_00240,12,outer_packaging_or_product_photo,unclassified_needs_manual_review,640,640,JPEG,member_of_near_duplicate_cluster_size_12
roboflow_counterfeit_med_detection_cdb3f44c0c,Roboflow - Counterfeit_med_detection (v4),roboflow\train\images349_jpg.rf.7a2e3566ded381b035195a2da30b1222.jpg,authentic,pid_00259,16,outer_packaging_or_product_photo,unclassified_needs_manual_review,640,640,JPEG,member_of_near_duplicate_cluster_size_16
roboflow_counterfeit_med_detection_db76274215,Roboflow - Counterfeit_med_detection (v4),roboflow\train\images5116_jpg.rf.7a3af7ec83e024fa3ac201e384c364e6.jpg,authentic,pid_00127,7,outer_packaging_or_product_photo,unclassified_needs_manual_review,640,640,JPEG,member_of_near_duplicate_cluster_size_7
roboflow_counterfeit_med_detection_bb3e4db760,Roboflow - Counterfeit_med_detection (v4),roboflow\train\images228_jpg.rf.7afe2209b67440ea7421de016c9a5545.jpg,authentic,pid_00131,33,outer_packaging_or_product_photo,unclassified_needs_manual_review,640,640,JPEG,member_of_near_duplicate_cluster_size_33
roboflow_counterfeit_med_detection_3f83b1f4bd,Roboflow - Counterfeit_med_detection (v4),roboflow\train\images4067_jpg.rf.7b5692bd16b808b0437c736e5ac200ce.jpg,authentic,pid_00104,20,outer_packaging_or_product_photo,unclassified_needs_manual_review,640,640,JPEG,member_of_near_duplicate_cluster_size_20
roboflow_counterfeit_med_detection_588a6ef885,Roboflow - Counterfeit_med_detection (v4),roboflow\train\images5116_jpg.rf.7b595e3f8c257fdf89e8d83f5d4fc858.jpg,authentic,pid_00165,10,outer_packaging_or_product_photo,unclassified_needs_manual_review,640,640,JPEG,member_of_near_duplicate_cluster_size_10
roboflow_counterfeit_med_detection_00afef15ca,Roboflow - Counterfeit_med_detection (v4),roboflow\train\images4058_jpg.rf.7a8273cf4d5ce97faee8bcfb9edb1157.jpg,authentic,pid_00077,19,outer_packaging_or_product_photo,unclassified_needs_manual_review,640,640,JPEG,member_of_near_duplicate_cluster_size_19
roboflow_counterfeit_med_detection_dad9f47a89,Roboflow - Counterfeit_med_detection (v4),roboflow\train\images5046_jpg.rf.7a5669de071ac5a7f6e089ddb5aad714.jpg,authentic,pid_00068,36,outer_packaging_or_product_photo,unclassified_needs_manual_review,640,640,JPEG,member_of_near_duplicate_cluster_size_36
roboflow_counterfeit_med_detection_127a4438fe,Roboflow - Counterfeit_med_detection (v4),roboflow\train\images31_jpg.rf.7b4f959e0152cd1f64d7b47e2295bd61.jpg,authentic,pid_00116,18,outer_packaging_or_product_photo,unclassified_needs_manual_review,640,640,JPEG,member_of_near_duplicate_cluster_size_18
roboflow_counterfeit_med_detection_94ce949387,Roboflow - Counterfeit_med_detection (v4),roboflow\train\images4088_jpg.rf.7b9e61a634270a7429f1b08925680395.jpg,authentic,pid_00185,19,outer_packaging_or_product_photo,unclassified_needs_manual_review,640,640,JPEG,member_of_near_duplicate_cluster_size_19
roboflow_counterfeit_med_detection_89689f564e,Roboflow - Counterfeit_med_detection (v4),roboflow\train\images4058_jpg.rf.7b7279a9ffc925d3118925e52cd0cdb2.jpg,authentic,pid_00158,43,outer_packaging_or_product_photo,unclassified_needs_manual_review,640,640,JPEG,member_of_near_duplicate_cluster_size_43
roboflow_counterfeit_med_detection_a540160e9f,Roboflow - Counterfeit_med_detection (v4),roboflow\train\images4092_jpg.rf.7ba12f32807684809508e657a4fe2dd0.jpg,authentic,pid_00256,5,outer_packaging_or_product_photo,unclassified_needs_manual_review,640,640,JPEG,member_of_near_duplicate_cluster_size_5
roboflow_counterfeit_med_detection_ce53de35fc,Roboflow - Counterfeit_med_detection (v4),roboflow\train\images231_jpg.rf.7c0c8a7135da9179f2d19bfbc8048be0.jpg,authentic,pid_00090,18,outer_packaging_or_product_photo,unclassified_needs_manual_review,640,640,JPEG,member_of_near_duplicate_cluster_size_18
roboflow_counterfeit_med_detection_796050712e,Roboflow - Counterfeit_med_detection (v4),roboflow\train\images256_jpg.rf.7c22bc17841049cb1dea0144945a6287.jpg,authentic,pid_00334,1,outer_packaging_or_product_photo,unclassified_needs_manual_review,640,640,JPEG,
roboflow_counterfeit_med_detection_de46077a68,Roboflow - Counterfeit_med_detection (v4),roboflow\train\images218_jpg.rf.7c204cfcc8efe665f21684506266b6ed.jpg,authentic,pid_00215,14,outer_packaging_or_product_photo,unclassified_needs_manual_review,640,640,JPEG,member_of_near_duplicate_cluster_size_14
roboflow_counterfeit_med_detection_632a28153d,Roboflow - Counterfeit_med_detection (v4),roboflow\train\images5040_jpg.rf.7badf8e53c3916baba9526c21c71ce7b.jpg,authentic,pid_00099,17,outer_packaging_or_product_photo,unclassified_needs_manual_review,640,640,JPEG,member_of_near_duplicate_cluster_size_17
roboflow_counterfeit_med_detection_801d6863e5,Roboflow - Counterfeit_med_detection (v4),roboflow\train\images11_jpg.rf.7ce012be12f53d3424f25effd322d02a.jpg,authentic,pid_00223,13,outer_packaging_or_product_photo,unclassified_needs_manual_review,640,640,JPEG,member_of_near_duplicate_cluster_size_13
roboflow_counterfeit_med_detection_abc5cce4cf,Roboflow - Counterfeit_med_detection (v4),roboflow\train\images5117_jpg.rf.7ca16baaa760fc3c8b42b3262476d0d8.jpg,authentic,pid_00172,18,outer_packaging_or_product_photo,unclassified_needs_manual_review,640,640,JPEG,member_of_near_duplicate_cluster_size_18
roboflow_counterfeit_med_detection_fb3b8bcb2e,Roboflow - Counterfeit_med_detection (v4),roboflow\train\images37_jpg.rf.7c11f145daad2420a96c031d820c3db9.jpg,authentic,pid_00074,55,outer_packaging_or_product_photo,unclassified_needs_manual_review,640,640,JPEG,member_of_near_duplicate_cluster_size_55
roboflow_counterfeit_med_detection_a58e8b8a40,Roboflow - Counterfeit_med_detection (v4),roboflow\train\images29_jpg.rf.7c348ed1ee37f51bd4663119ccbbed06.jpg,authentic,pid_00184,19,outer_packaging_or_product_photo,unclassified_needs_manual_review,640,640,JPEG,member_of_near_duplicate_cluster_size_19
roboflow_counterfeit_med_detection_58428ffcfd,Roboflow - Counterfeit_med_detection (v4),roboflow\train\images4116_jpg.rf.7bc6133c804a47930db42ce7d3af6779.jpg,authentic,pid_00045,12,outer_packaging_or_product_photo,unclassified_needs_manual_review,640,640,JPEG,member_of_near_duplicate_cluster_size_12
roboflow_counterfeit_med_detection_9cc2d08572,Roboflow - Counterfeit_med_detection (v4),roboflow\train\images276_jpg.rf.7cf7dc4436145122883de325250d3149.jpg,authentic,pid_00253,5,outer_packaging_or_product_photo,unclassified_needs_manual_review,640,640,JPEG,member_of_near_duplicate_cluster_size_5
roboflow_counterfeit_med_detection_91893deaa4,Roboflow - Counterfeit_med_detection (v4),roboflow\train\images5023_jpg.rf.7d480fabb3627b00d55e386e5ef131ef.jpg,authentic,pid_00096,34,outer_packaging_or_product_photo,unclassified_needs_manual_review,640,640,JPEG,member_of_near_duplicate_cluster_size_34
roboflow_counterfeit_med_detection_43ee7a3891,Roboflow - Counterfeit_med_detection (v4),roboflow\train\images23_jpg.rf.7d4042074e2880dc8d912d4438740c1c.jpg,authentic,pid_00289,6,outer_packaging_or_product_photo,unclassified_needs_manual_review,640,640,JPEG,member_of_near_duplicate_cluster_size_6
roboflow_counterfeit_med_detection_977f78842e,Roboflow - Counterfeit_med_detection (v4),roboflow\train\images36_jpg.rf.7dfddd53a64f793a94bda41c6267bfbd.jpg,authentic,pid_00006,37,outer_packaging_or_product_photo,unclassified_needs_manual_review,640,640,JPEG,member_of_near_duplicate_cluster_size_37
roboflow_counterfeit_med_detection_b461ae3a76,Roboflow - Counterfeit_med_detection (v4),roboflow\train\images283_jpg.rf.7dd7f125b9b12a6a0fedaa43af5e2389.jpg,authentic,pid_00126,15,outer_packaging_or_product_photo,unclassified_needs_manual_review,640,640,JPEG,member_of_near_duplicate_cluster_size_15
roboflow_counterfeit_med_detection_a20c313fe9,Roboflow - Counterfeit_med_detection (v4),roboflow\train\images342_jpg.rf.7da34e00e1f16f4677aac84f4823627b.jpg,authentic,pid_00089,12,outer_packaging_or_product_photo,unclassified_needs_manual_review,640,640,JPEG,member_of_near_duplicate_cluster_size_12
roboflow_counterfeit_med_detection_abfabdf9ef,Roboflow - Counterfeit_med_detection (v4),roboflow\train\images4085_jpg.rf.7e5345cb0d52226f09998d3c87e18069.jpg,authentic,pid_00057,55,outer_packaging_or_product_photo,unclassified_needs_manual_review,640,640,JPEG,member_of_near_duplicate_cluster_size_55
roboflow_counterfeit_med_detection_9438b78c0e,Roboflow - Counterfeit_med_detection (v4),roboflow\train\images301_jpg.rf.7de2dc48c53d699199144854aecb4205.jpg,authentic,pid_00040,13,outer_packaging_or_product_photo,unclassified_needs_manual_review,640,640,JPEG,member_of_near_duplicate_cluster_size_13
roboflow_counterfeit_med_detection_36d1086048,Roboflow - Counterfeit_med_detection (v4),roboflow\train\images4054_jpg.rf.7dd58d3e19bb2951d08cff3f04245424.jpg,authentic,pid_00028,35,outer_packaging_or_product_photo,unclassified_needs_manual_review,640,640,JPEG,member_of_near_duplicate_cluster_size_35
roboflow_counterfeit_med_detection_17e7d85239,Roboflow - Counterfeit_med_detection (v4),roboflow\train\images301_jpg.rf.7d91b513fde3fa86cdc7ff05d90eb72e.jpg,authentic,pid_00222,5,outer_packaging_or_product_photo,unclassified_needs_manual_review,640,640,JPEG,member_of_near_duplicate_cluster_size_5
roboflow_counterfeit_med_detection_f034f61290,Roboflow - Counterfeit_med_detection (v4),roboflow\train\images5104_jpg.rf.7dc44250f14b7839a30087296167b12a.jpg,authentic,pid_00335,2,outer_packaging_or_product_photo,unclassified_needs_manual_review,640,640,JPEG,member_of_near_duplicate_cluster_size_2
roboflow_counterfeit_med_detection_810d215306,Roboflow - Counterfeit_med_detection (v4),roboflow\train\images321_jpg.rf.7de7e031637526b57cb4a956d4ec1a8b.jpg,authentic,pid_00074,55,outer_packaging_or_product_photo,unclassified_needs_manual_review,640,640,JPEG,member_of_near_duplicate_cluster_size_55
roboflow_counterfeit_med_detection_617eb4c5ac,Roboflow - Counterfeit_med_detection (v4),roboflow\train\images4066_jpg.rf.7d791b7ed0dbf5b70ac428bf1ef91dd1.jpg,authentic,pid_00264,19,outer_packaging_or_product_photo,unclassified_needs_manual_review,640,640,JPEG,member_of_near_duplicate_cluster_size_19
roboflow_counterfeit_med_detection_06a22f0bfe,Roboflow - Counterfeit_med_detection (v4),roboflow\train\images4040_jpg.rf.7e2841886e00f95996158d5c97e09c7c.jpg,authentic,pid_00166,24,outer_packaging_or_product_photo,unclassified_needs_manual_review,640,640,JPEG,member_of_near_duplicate_cluster_size_24
roboflow_counterfeit_med_detection_d4d7af82fb,Roboflow - Counterfeit_med_detection (v4),roboflow\train\images4039_jpg.rf.7e1e0160da0ea96ce149a5245b45a4f0.jpg,authentic,pid_00075,20,outer_packaging_or_product_photo,unclassified_needs_manual_review,640,640,JPEG,member_of_near_duplicate_cluster_size_20
roboflow_counterfeit_med_detection_7664689ea0,Roboflow - Counterfeit_med_detection (v4),roboflow\train\images05_jpg.rf.7d712fc8364152d71863e622264be0a3.jpg,authentic,pid_00139,21,outer_packaging_or_product_photo,unclassified_needs_manual_review,640,640,JPEG,member_of_near_duplicate_cluster_size_21
roboflow_counterfeit_med_detection_e3b912ce14,Roboflow - Counterfeit_med_detection (v4),roboflow\train\images4047_jpg.rf.7e797476401ce6fde3ff28345b004938.jpg,authentic,pid_00110,25,outer_packaging_or_product_photo,unclassified_needs_manual_review,640,640,JPEG,member_of_near_duplicate_cluster_size_25
roboflow_counterfeit_med_detection_b64cbbeedf,Roboflow - Counterfeit_med_detection (v4),roboflow\train\images5104_jpg.rf.7ebcb20e37aa124024dae1280a2db7d9.jpg,authentic,pid_00335,2,outer_packaging_or_product_photo,unclassified_needs_manual_review,640,640,JPEG,member_of_near_duplicate_cluster_size_2
roboflow_counterfeit_med_detection_7f38eec582,Roboflow - Counterfeit_med_detection (v4),roboflow\train\images5064_jpg.rf.7eff7bae41643bf5438001294de5c669.jpg,authentic,pid_00336,1,outer_packaging_or_product_photo,unclassified_needs_manual_review,640,640,JPEG,
roboflow_counterfeit_med_detection_2b2489c249,Roboflow - Counterfeit_med_detection (v4),roboflow\train\images236_jpg.rf.7f3dd7a8d5127519385440ee9783450d.jpg,authentic,pid_00196,17,outer_packaging_or_product_photo,unclassified_needs_manual_review,640,640,JPEG,member_of_near_duplicate_cluster_size_17
roboflow_counterfeit_med_detection_43eaef7d07,Roboflow - Counterfeit_med_detection (v4),roboflow\train\images38_jpg.rf.7ede07dd1888d5ff66a3eb74eedb70e5.jpg,authentic,pid_00039,35,outer_packaging_or_product_photo,unclassified_needs_manual_review,640,640,JPEG,member_of_near_duplicate_cluster_size_35
roboflow_counterfeit_med_detection_288eacc63a,Roboflow - Counterfeit_med_detection (v4),roboflow\train\images227_jpg.rf.7eddc0dde7e2a8a82aefce8880e62879.jpg,authentic,pid_00139,21,outer_packaging_or_product_photo,unclassified_needs_manual_review,640,640,JPEG,member_of_near_duplicate_cluster_size_21
roboflow_counterfeit_med_detection_a6131b5166,Roboflow - Counterfeit_med_detection (v4),roboflow\train\images4033_jpg.rf.7f0d2dcb2c96c6aa420516707f07e53a.jpg,authentic,pid_00061,41,outer_packaging_or_product_photo,unclassified_needs_manual_review,640,640,JPEG,member_of_near_duplicate_cluster_size_41
roboflow_counterfeit_med_detection_973a81efac,Roboflow - Counterfeit_med_detection (v4),roboflow\train\images4061_jpg.rf.7f1f983793b2ba17974e2826a8f0e795.jpg,authentic,pid_00097,19,outer_packaging_or_product_photo,unclassified_needs_manual_review,640,640,JPEG,member_of_near_duplicate_cluster_size_19
roboflow_counterfeit_med_detection_e3e7199f4c,Roboflow - Counterfeit_med_detection (v4),roboflow\train\images4063_jpg.rf.7ef9f8b48d38f7254f712e8545fcf3e0.jpg,authentic,pid_00123,11,outer_packaging_or_product_photo,unclassified_needs_manual_review,640,640,JPEG,member_of_near_duplicate_cluster_size_11
roboflow_counterfeit_med_detection_655eaa87da,Roboflow - Counterfeit_med_detection (v4),roboflow\train\images04_jpg.rf.7f50d7d0e1b09d21d465239836d1f5d6.jpg,authentic,pid_00239,15,outer_packaging_or_product_photo,unclassified_needs_manual_review,640,640,JPEG,member_of_near_duplicate_cluster_size_15
roboflow_counterfeit_med_detection_ad42f4e3eb,Roboflow - Counterfeit_med_detection (v4),roboflow\train\images349_jpg.rf.7ec2b649fe2ae16e9e7fda167d2a54ab.jpg,authentic,pid_00112,9,outer_packaging_or_product_photo,unclassified_needs_manual_review,640,640,JPEG,member_of_near_duplicate_cluster_size_9
roboflow_counterfeit_med_detection_0c6ab5564f,Roboflow - Counterfeit_med_detection (v4),roboflow\train\images339_jpg.rf.7f53ed2aa2cdf648e3b397693baa9e34.jpg,authentic,pid_00048,34,outer_packaging_or_product_photo,unclassified_needs_manual_review,640,640,JPEG,member_of_near_duplicate_cluster_size_34
roboflow_counterfeit_med_detection_89d34aecfa,Roboflow - Counterfeit_med_detection (v4),roboflow\train\images276_jpg.rf.7ed7d288cec6d38ce35215cca635a489.jpg,authentic,pid_00297,4,outer_packaging_or_product_photo,unclassified_needs_manual_review,640,640,JPEG,member_of_near_duplicate_cluster_size_4
roboflow_counterfeit_med_detection_4bbc33df37,Roboflow - Counterfeit_med_detection (v4),roboflow\train\images4060_jpg.rf.7f73edd68762a16182c5e88b10f71b77.jpg,authentic,pid_00010,56,outer_packaging_or_product_photo,unclassified_needs_manual_review,640,640,JPEG,member_of_near_duplicate_cluster_size_56
roboflow_counterfeit_med_detection_3fb136fb4c,Roboflow - Counterfeit_med_detection (v4),roboflow\train\images225_jpg.rf.7fb5dc9b6a0f873a10a3d6ecf275f48d.jpg,authentic,pid_00171,19,outer_packaging_or_product_photo,unclassified_needs_manual_review,640,640,JPEG,member_of_near_duplicate_cluster_size_19
roboflow_counterfeit_med_detection_74ba5c5b39,Roboflow - Counterfeit_med_detection (v4),roboflow\train\images5114_jpg.rf.7fbf91842bd235eaac40051f4f5186ef.jpg,authentic,pid_00207,18,outer_packaging_or_product_photo,unclassified_needs_manual_review,640,640,JPEG,member_of_near_duplicate_cluster_size_18
roboflow_counterfeit_med_detection_92c0b859a7,Roboflow - Counterfeit_med_detection (v4),roboflow\train\images315_jpg.rf.7f9d1e086771b7a37cfe624b6f9b2d74.jpg,authentic,pid_00059,12,outer_packaging_or_product_photo,unclassified_needs_manual_review,640,640,JPEG,member_of_near_duplicate_cluster_size_12
roboflow_counterfeit_med_detection_05043b3e77,Roboflow - Counterfeit_med_detection (v4),roboflow\train\images4068_jpg.rf.7fc30e5ec534b968a0e8ee203ecba68f.jpg,authentic,pid_00076,19,outer_packaging_or_product_photo,unclassified_needs_manual_review,640,640,JPEG,member_of_near_duplicate_cluster_size_19
roboflow_counterfeit_med_detection_b0340ffe56,Roboflow - Counterfeit_med_detection (v4),roboflow\train\images4044_jpg.rf.7fd8b3339c66cbd05bc5a51501070a8c.jpg,authentic,pid_00274,13,outer_packaging_or_product_photo,unclassified_needs_manual_review,640,640,JPEG,member_of_near_duplicate_cluster_size_13
roboflow_counterfeit_med_detection_82cbe047e9,Roboflow - Counterfeit_med_detection (v4),roboflow\train\images4048_jpg.rf.8089cc07ba7687211212f8b33f5bb84a.jpg,authentic,pid_00147,9,outer_packaging_or_product_photo,unclassified_needs_manual_review,640,640,JPEG,member_of_near_duplicate_cluster_size_9
roboflow_counterfeit_med_detection_6cefb0dfdc,Roboflow - Counterfeit_med_detection (v4),roboflow\train\images5032_jpg.rf.80965835258803033b5c8b91d3a5c961.jpg,authentic,pid_00013,19,outer_packaging_or_product_photo,unclassified_needs_manual_review,640,640,JPEG,member_of_near_duplicate_cluster_size_19
roboflow_counterfeit_med_detection_841ba7846b,Roboflow - Counterfeit_med_detection (v4),roboflow\train\images340_jpg.rf.8017773d5b11dceb954b25db962c783f.jpg,authentic,pid_00224,24,outer_packaging_or_product_photo,unclassified_needs_manual_review,640,640,JPEG,member_of_near_duplicate_cluster_size_24
roboflow_counterfeit_med_detection_b8bb2d57b2,Roboflow - Counterfeit_med_detection (v4),roboflow\train\images13_jpg.rf.7fe10262fa0953b8506d7d4dd48064ec.jpg,authentic,pid_00124,11,outer_packaging_or_product_photo,unclassified_needs_manual_review,640,640,JPEG,member_of_near_duplicate_cluster_size_11
roboflow_counterfeit_med_detection_f153f74989,Roboflow - Counterfeit_med_detection (v4),roboflow\train\images4038_jpg.rf.8043c17040567f50a6b0559f507ff258.jpg,authentic,pid_00057,55,outer_packaging_or_product_photo,unclassified_needs_manual_review,640,640,JPEG,member_of_near_duplicate_cluster_size_55
roboflow_counterfeit_med_detection_556c7e33db,Roboflow - Counterfeit_med_detection (v4),roboflow\train\images5069_jpg.rf.8021c45767a4fa18b03a23a75611f17a.jpg,authentic,pid_00234,11,outer_packaging_or_product_photo,unclassified_needs_manual_review,640,640,JPEG,member_of_near_duplicate_cluster_size_11
roboflow_counterfeit_med_detection_288bc1949c,Roboflow - Counterfeit_med_detection (v4),roboflow\train\images320_jpg.rf.7fe1d9a3e96f83d6a5843aec47704c7f.jpg,authentic,pid_00284,13,outer_packaging_or_product_photo,unclassified_needs_manual_review,640,640,JPEG,member_of_near_duplicate_cluster_size_13
roboflow_counterfeit_med_detection_8f73de7977,Roboflow - Counterfeit_med_detection (v4),roboflow\train\images4035_jpg.rf.80ed4e996634ee6dc607a9a5f1929bcc.jpg,authentic,pid_00146,18,outer_packaging_or_product_photo,unclassified_needs_manual_review,640,640,JPEG,member_of_near_duplicate_cluster_size_18
roboflow_counterfeit_med_detection_493af96312,Roboflow - Counterfeit_med_detection (v4),roboflow\train\images5069_jpg.rf.80b51f21f82cdcf3174fabf9394a1cc7.jpg,authentic,pid_00216,3,outer_packaging_or_product_photo,unclassified_needs_manual_review,640,640,JPEG,member_of_near_duplicate_cluster_size_3
roboflow_counterfeit_med_detection_7420459e8d,Roboflow - Counterfeit_med_detection (v4),roboflow\train\images43_jpg.rf.7ffd1cbc7b1d13ffb2a11b89b948287f.jpg,authentic,pid_00068,36,outer_packaging_or_product_photo,unclassified_needs_manual_review,640,640,JPEG,member_of_near_duplicate_cluster_size_36
roboflow_counterfeit_med_detection_fe4646d7af,Roboflow - Counterfeit_med_detection (v4),roboflow\train\images4039_jpg.rf.80e9b00fe26b47c932d783d954085f65.jpg,authentic,pid_00075,20,outer_packaging_or_product_photo,unclassified_needs_manual_review,640,640,JPEG,member_of_near_duplicate_cluster_size_20
roboflow_counterfeit_med_detection_2adc8aa674,Roboflow - Counterfeit_med_detection (v4),roboflow\train\images338_jpg.rf.80dea2004855a861400727e67a82c739.jpg,authentic,pid_00056,10,outer_packaging_or_product_photo,unclassified_needs_manual_review,640,640,JPEG,member_of_near_duplicate_cluster_size_10
roboflow_counterfeit_med_detection_0f23a98fb7,Roboflow - Counterfeit_med_detection (v4),roboflow\train\images4031_jpg.rf.8010fae727fc9ff7e2de444e9836ec3d.jpg,authentic,pid_00240,12,outer_packaging_or_product_photo,unclassified_needs_manual_review,640,640,JPEG,member_of_near_duplicate_cluster_size_12
roboflow_counterfeit_med_detection_501ef4808e,Roboflow - Counterfeit_med_detection (v4),roboflow\train\images4044_jpg.rf.812e4de566cff1237ea9d8e0b699f147.jpg,authentic,pid_00274,13,outer_packaging_or_product_photo,unclassified_needs_manual_review,640,640,JPEG,member_of_near_duplicate_cluster_size_13
roboflow_counterfeit_med_detection_61386017f6,Roboflow - Counterfeit_med_detection (v4),roboflow\train\images5080_jpg.rf.8020b30240343fdacf7c6df8c332e010.jpg,authentic,pid_00202,10,outer_packaging_or_product_photo,unclassified_needs_manual_review,640,640,JPEG,member_of_near_duplicate_cluster_size_10
roboflow_counterfeit_med_detection_e0fcd5bc30,Roboflow - Counterfeit_med_detection (v4),roboflow\train\images4048_jpg.rf.809b61cd67413d86f7a4688fda7f5d43.jpg,authentic,pid_00147,9,outer_packaging_or_product_photo,unclassified_needs_manual_review,640,640,JPEG,member_of_near_duplicate_cluster_size_9
roboflow_counterfeit_med_detection_64281580e1,Roboflow - Counterfeit_med_detection (v4),roboflow\train\images245_jpg.rf.81a8104f7f036ce3ee12b9b496c2633e.jpg,authentic,pid_00177,6,outer_packaging_or_product_photo,unclassified_needs_manual_review,640,640,JPEG,member_of_near_duplicate_cluster_size_6
roboflow_counterfeit_med_detection_51d96e8280,Roboflow - Counterfeit_med_detection (v4),roboflow\train\images351_jpg.rf.81bb9e3ef578d7ac83f1bfc0b56d1efe.jpg,authentic,pid_00020,25,outer_packaging_or_product_photo,unclassified_needs_manual_review,640,640,JPEG,member_of_near_duplicate_cluster_size_25
roboflow_counterfeit_med_detection_aad3219941,Roboflow - Counterfeit_med_detection (v4),roboflow\train\images275_jpg.rf.8153e6a858631f309a3010adca87fa2b.jpg,authentic,pid_00107,19,outer_packaging_or_product_photo,unclassified_needs_manual_review,640,640,JPEG,member_of_near_duplicate_cluster_size_19
roboflow_counterfeit_med_detection_cdb6ce4417,Roboflow - Counterfeit_med_detection (v4),roboflow\train\images46_jpg.rf.828efdea1a4a14cb7658eaf91c307d48.jpg,authentic,pid_00210,17,outer_packaging_or_product_photo,unclassified_needs_manual_review,640,640,JPEG,member_of_near_duplicate_cluster_size_17
roboflow_counterfeit_med_detection_9492766cd5,Roboflow - Counterfeit_med_detection (v4),roboflow\train\images33_jpg.rf.8247c0c1467e0cc071d10bf9f305ff22.jpg,authentic,pid_00199,12,outer_packaging_or_product_photo,unclassified_needs_manual_review,640,640,JPEG,member_of_near_duplicate_cluster_size_12
roboflow_counterfeit_med_detection_70eac0ad12,Roboflow - Counterfeit_med_detection (v4),roboflow\train\images4025_jpg.rf.825ffb34b912db8bfa2b853a7826ae6b.jpg,authentic,pid_00318,3,outer_packaging_or_product_photo,unclassified_needs_manual_review,640,640,JPEG,member_of_near_duplicate_cluster_size_3
roboflow_counterfeit_med_detection_af4853c512,Roboflow - Counterfeit_med_detection (v4),roboflow\train\images19_jpg.rf.81e9e522594d1f7fd4f9c34a78239f47.jpg,authentic,pid_00114,13,outer_packaging_or_product_photo,unclassified_needs_manual_review,640,640,JPEG,member_of_near_duplicate_cluster_size_13
roboflow_counterfeit_med_detection_5757f2ebaa,Roboflow - Counterfeit_med_detection (v4),roboflow\train\images4093_jpg.rf.8286c9d41c68a3e79d19c65a776236e8.jpg,authentic,pid_00251,12,outer_packaging_or_product_photo,unclassified_needs_manual_review,640,640,JPEG,member_of_near_duplicate_cluster_size_12
roboflow_counterfeit_med_detection_b3ea83e8dd,Roboflow - Counterfeit_med_detection (v4),roboflow\train\images35_jpg.rf.81cbb022707a61cd6e04da16d276288b.jpg,authentic,pid_00073,25,outer_packaging_or_product_photo,unclassified_needs_manual_review,640,640,JPEG,member_of_near_duplicate_cluster_size_25
roboflow_counterfeit_med_detection_bb818205ae,Roboflow - Counterfeit_med_detection (v4),roboflow\train\images239_jpg.rf.81d61be3789e54e2cc91ba77e6682512.jpg,authentic,pid_00001,22,outer_packaging_or_product_photo,unclassified_needs_manual_review,640,640,JPEG,member_of_near_duplicate_cluster_size_22
roboflow_counterfeit_med_detection_e3d5b68d85,Roboflow - Counterfeit_med_detection (v4),roboflow\train\images4045_jpg.rf.81bbd69af883e1f9562c0377346345ae.jpg,authentic,pid_00268,12,outer_packaging_or_product_photo,unclassified_needs_manual_review,640,640,JPEG,member_of_near_duplicate_cluster_size_12
roboflow_counterfeit_med_detection_5deeafe97e,Roboflow - Counterfeit_med_detection (v4),roboflow\train\images5111_jpg.rf.82d8326d21e21f9f874e4ceccdee1f55.jpg,authentic,pid_00088,35,outer_packaging_or_product_photo,unclassified_needs_manual_review,640,640,JPEG,member_of_near_duplicate_cluster_size_35
roboflow_counterfeit_med_detection_134e48403a,Roboflow - Counterfeit_med_detection (v4),roboflow\train\images4060_jpg.rf.82a9a4ad81b10230bc9a9d3f2aa2c3e8.jpg,authentic,pid_00010,56,outer_packaging_or_product_photo,unclassified_needs_manual_review,640,640,JPEG,member_of_near_duplicate_cluster_size_56
roboflow_counterfeit_med_detection_cd4b94d5fc,Roboflow - Counterfeit_med_detection (v4),roboflow\train\images4025_jpg.rf.81643c42fed6468a776c44c1b208f009.jpg,authentic,pid_00129,29,outer_packaging_or_product_photo,unclassified_needs_manual_review,640,640,JPEG,member_of_near_duplicate_cluster_size_29
roboflow_counterfeit_med_detection_6e074d2f72,Roboflow - Counterfeit_med_detection (v4),roboflow\train\images5045_jpg.rf.82c5f66cacde4b888018f36154b4f9b6.jpg,authentic,pid_00096,34,outer_packaging_or_product_photo,unclassified_needs_manual_review,640,640,JPEG,member_of_near_duplicate_cluster_size_34
roboflow_counterfeit_med_detection_c2bddc4e5b,Roboflow - Counterfeit_med_detection (v4),roboflow\train\images4066_jpg.rf.83e8b1891e6affefe7bc560dcf2fe927.jpg,authentic,pid_00264,19,outer_packaging_or_product_photo,unclassified_needs_manual_review,640,640,JPEG,member_of_near_duplicate_cluster_size_19
roboflow_counterfeit_med_detection_6caac0d2cd,Roboflow - Counterfeit_med_detection (v4),roboflow\train\images339_jpg.rf.84081bbfd304dcd3ce9c4945e58a2fdb.jpg,authentic,pid_00048,34,outer_packaging_or_product_photo,unclassified_needs_manual_review,640,640,JPEG,member_of_near_duplicate_cluster_size_34
roboflow_counterfeit_med_detection_dea96573c1,Roboflow - Counterfeit_med_detection (v4),roboflow\train\images4124_jpg.rf.8372e1fbfb0c99f006c754fb82736eea.jpg,authentic,pid_00152,19,outer_packaging_or_product_photo,unclassified_needs_manual_review,640,640,JPEG,member_of_near_duplicate_cluster_size_19
roboflow_counterfeit_med_detection_ec209ecd6b,Roboflow - Counterfeit_med_detection (v4),roboflow\train\images201_jpg.rf.840a3603bfbda60daa4d42ab545a5450.jpg,authentic,pid_00291,12,outer_packaging_or_product_photo,unclassified_needs_manual_review,640,640,JPEG,member_of_near_duplicate_cluster_size_12
roboflow_counterfeit_med_detection_73127c5c49,Roboflow - Counterfeit_med_detection (v4),roboflow\train\images47_jpg.rf.82d054099de018db8a78a9a89f6e6baf.jpg,authentic,pid_00178,5,outer_packaging_or_product_photo,unclassified_needs_manual_review,640,640,JPEG,member_of_near_duplicate_cluster_size_5
roboflow_counterfeit_med_detection_04c587bba0,Roboflow - Counterfeit_med_detection (v4),roboflow\train\images4033_jpg.rf.83627977417d5101d04a090ccd32d5e8.jpg,authentic,pid_00061,41,outer_packaging_or_product_photo,unclassified_needs_manual_review,640,640,JPEG,member_of_near_duplicate_cluster_size_41
roboflow_counterfeit_med_detection_f8e546da21,Roboflow - Counterfeit_med_detection (v4),roboflow\train\images23_jpg.rf.8423f5571a2ee833337839dc7620d657.jpg,authentic,pid_00233,10,outer_packaging_or_product_photo,unclassified_needs_manual_review,640,640,JPEG,member_of_near_duplicate_cluster_size_10
roboflow_counterfeit_med_detection_8c9e825daa,Roboflow - Counterfeit_med_detection (v4),roboflow\train\images46_jpg.rf.82fb5b414e7f761dd76a333dc80f38c7.jpg,authentic,pid_00337,2,outer_packaging_or_product_photo,unclassified_needs_manual_review,640,640,JPEG,member_of_near_duplicate_cluster_size_2
roboflow_counterfeit_med_detection_2b7c6567f2,Roboflow - Counterfeit_med_detection (v4),roboflow\train\images5095_jpg.rf.843470cc52aa9ec47c55a325a304493c.jpg,authentic,pid_00148,13,outer_packaging_or_product_photo,unclassified_needs_manual_review,640,640,JPEG,member_of_near_duplicate_cluster_size_13
roboflow_counterfeit_med_detection_01ee1ef654,Roboflow - Counterfeit_med_detection (v4),roboflow\train\images209_jpg.rf.8445b397b10f3186954aa327d4aadb37.jpg,authentic,pid_00062,14,outer_packaging_or_product_photo,unclassified_needs_manual_review,640,640,JPEG,member_of_near_duplicate_cluster_size_14
roboflow_counterfeit_med_detection_3765871458,Roboflow - Counterfeit_med_detection (v4),roboflow\train\images256_jpg.rf.83598bfec703d2b04ea208bc5accd457.jpg,authentic,pid_00066,23,outer_packaging_or_product_photo,unclassified_needs_manual_review,640,640,JPEG,member_of_near_duplicate_cluster_size_23
roboflow_counterfeit_med_detection_9a399e2daa,Roboflow - Counterfeit_med_detection (v4),roboflow\train\images5034_jpg.rf.84a80fb216c00475b812975a0f3be690.jpg,authentic,pid_00009,19,outer_packaging_or_product_photo,unclassified_needs_manual_review,640,640,JPEG,member_of_near_duplicate_cluster_size_19
roboflow_counterfeit_med_detection_7eabc16171,Roboflow - Counterfeit_med_detection (v4),roboflow\train\images348_jpg.rf.84b1bb8dcdb16463bad0c5a816acd3bd.jpg,authentic,pid_00038,37,outer_packaging_or_product_photo,unclassified_needs_manual_review,640,640,JPEG,member_of_near_duplicate_cluster_size_37
roboflow_counterfeit_med_detection_f6565dcd10,Roboflow - Counterfeit_med_detection (v4),roboflow\train\images4044_jpg.rf.84aececb40265250344344cba8de18d1.jpg,authentic,pid_00140,24,outer_packaging_or_product_photo,unclassified_needs_manual_review,640,640,JPEG,member_of_near_duplicate_cluster_size_24
roboflow_counterfeit_med_detection_f8042b2c2f,Roboflow - Counterfeit_med_detection (v4),roboflow\train\images338_jpg.rf.84e12005c1ef0243f1565df05caf2f90.jpg,authentic,pid_00338,1,outer_packaging_or_product_photo,unclassified_needs_manual_review,640,640,JPEG,
roboflow_counterfeit_med_detection_fe24116aa2,Roboflow - Counterfeit_med_detection (v4),roboflow\train\images4048_jpg.rf.84ec9a8ee9acac368520ff033e115e8d.jpg,authentic,pid_00017,28,outer_packaging_or_product_photo,unclassified_needs_manual_review,640,640,JPEG,member_of_near_duplicate_cluster_size_28
roboflow_counterfeit_med_detection_82c2535e2c,Roboflow - Counterfeit_med_detection (v4),roboflow\train\images5104_jpg.rf.841f066bdfa2fb5ea90010a1c269a3ee.jpg,authentic,pid_00133,15,outer_packaging_or_product_photo,unclassified_needs_manual_review,640,640,JPEG,member_of_near_duplicate_cluster_size_15
roboflow_counterfeit_med_detection_3fd5fb5e70,Roboflow - Counterfeit_med_detection (v4),roboflow\train\images5064_jpg.rf.82f72a12a7706740ea94d7127392dccc.jpg,authentic,pid_00252,13,outer_packaging_or_product_photo,unclassified_needs_manual_review,640,640,JPEG,member_of_near_duplicate_cluster_size_13
roboflow_counterfeit_med_detection_94fa8f42ce,Roboflow - Counterfeit_med_detection (v4),roboflow\train\images201_jpg.rf.850e7f9b442cc4abdf48442f934049bd.jpg,authentic,pid_00309,10,outer_packaging_or_product_photo,unclassified_needs_manual_review,640,640,JPEG,member_of_near_duplicate_cluster_size_10
roboflow_counterfeit_med_detection_832d2aab9c,Roboflow - Counterfeit_med_detection (v4),roboflow\train\images346_jpg.rf.8575d8d27091ba4dfc1e81213dc43dcd.jpg,authentic,pid_00189,24,outer_packaging_or_product_photo,unclassified_needs_manual_review,640,640,JPEG,member_of_near_duplicate_cluster_size_24
roboflow_counterfeit_med_detection_465e2308b4,Roboflow - Counterfeit_med_detection (v4),roboflow\train\images4087_jpg.rf.853473e6595f82b6f964aa4d3135cdbb.jpg,authentic,pid_00135,20,outer_packaging_or_product_photo,unclassified_needs_manual_review,640,640,JPEG,member_of_near_duplicate_cluster_size_20
roboflow_counterfeit_med_detection_7aac726651,Roboflow - Counterfeit_med_detection (v4),roboflow\train\images5096_jpg.rf.c5eacbf9f96173d7840fa23dcc2e77c8.jpg,authentic,pid_00141,18,outer_packaging_or_product_photo,unclassified_needs_manual_review,640,640,JPEG,member_of_near_duplicate_cluster_size_18
roboflow_counterfeit_med_detection_cb6700075e,Roboflow - Counterfeit_med_detection (v4),roboflow\train\images339_jpg.rf.c5bd383282ba9ea2745ee465d5bc6c36.jpg,authentic,pid_00048,34,outer_packaging_or_product_photo,unclassified_needs_manual_review,640,640,JPEG,member_of_near_duplicate_cluster_size_34
roboflow_counterfeit_med_detection_1d092a7b35,Roboflow - Counterfeit_med_detection (v4),roboflow\train\images349_jpg.rf.c735e90baa7a17bb2471ad04d86c0b2c.jpg,authentic,pid_00259,16,outer_packaging_or_product_photo,unclassified_needs_manual_review,640,640,JPEG,member_of_near_duplicate_cluster_size_16
roboflow_counterfeit_med_detection_e583cc0b8b,Roboflow - Counterfeit_med_detection (v4),roboflow\train\images4038_jpg.rf.c5be6f03875f2f9c1758e127c50efe49.jpg,authentic,pid_00057,55,outer_packaging_or_product_photo,unclassified_needs_manual_review,640,640,JPEG,member_of_near_duplicate_cluster_size_55
roboflow_counterfeit_med_detection_7b96506198,Roboflow - Counterfeit_med_detection (v4),roboflow\train\images5113_jpg.rf.c6735489b1dc41b6bef3fe44c72f65aa.jpg,authentic,pid_00258,17,outer_packaging_or_product_photo,unclassified_needs_manual_review,640,640,JPEG,member_of_near_duplicate_cluster_size_17
roboflow_counterfeit_med_detection_2baba093a2,Roboflow - Counterfeit_med_detection (v4),roboflow\train\images5087_jpg.rf.c68dfaf92898828bc10f4420dad73db0.jpg,authentic,pid_00181,18,outer_packaging_or_product_photo,unclassified_needs_manual_review,640,640,JPEG,member_of_near_duplicate_cluster_size_18
roboflow_counterfeit_med_detection_f50d1244d3,Roboflow - Counterfeit_med_detection (v4),roboflow\train\images302_jpg.rf.c5cc3b5f004d17d5278a5fdf4dc774c2.jpg,authentic,pid_00018,18,outer_packaging_or_product_photo,unclassified_needs_manual_review,640,640,JPEG,member_of_near_duplicate_cluster_size_18
roboflow_counterfeit_med_detection_e348da03a5,Roboflow - Counterfeit_med_detection (v4),roboflow\train\images08_jpg.rf.c60337dfe1450d3dc89336d0abc86dec.jpg,authentic,pid_00043,19,outer_packaging_or_product_photo,unclassified_needs_manual_review,640,640,JPEG,member_of_near_duplicate_cluster_size_19
roboflow_counterfeit_med_detection_84a20e6ad5,Roboflow - Counterfeit_med_detection (v4),roboflow\train\images245_jpg.rf.c5fc859d162fb175340f7ec5280f18c2.jpg,authentic,pid_00254,14,outer_packaging_or_product_photo,unclassified_needs_manual_review,640,640,JPEG,member_of_near_duplicate_cluster_size_14
roboflow_counterfeit_med_detection_3890b32e15,Roboflow - Counterfeit_med_detection (v4),roboflow\train\images5031_jpg.rf.c6a65afd3a696dd9d808ceca03c26ef9.jpg,authentic,pid_00131,33,outer_packaging_or_product_photo,unclassified_needs_manual_review,640,640,JPEG,member_of_near_duplicate_cluster_size_33
roboflow_counterfeit_med_detection_204528ad66,Roboflow - Counterfeit_med_detection (v4),roboflow\train\images4064_jpg.rf.c60b975839d0a01e2fa84ac385da3852.jpg,authentic,pid_00026,19,outer_packaging_or_product_photo,unclassified_needs_manual_review,640,640,JPEG,member_of_near_duplicate_cluster_size_19
roboflow_counterfeit_med_detection_dfaccbee37,Roboflow - Counterfeit_med_detection (v4),roboflow\train\images4038_jpg.rf.c6ad1e401ce9721dc133150b3962ed6f.jpg,authentic,pid_00057,55,outer_packaging_or_product_photo,unclassified_needs_manual_review,640,640,JPEG,member_of_near_duplicate_cluster_size_55
roboflow_counterfeit_med_detection_8fccfd5917,Roboflow - Counterfeit_med_detection (v4),roboflow\train\images4040_jpg.rf.c76d9b22e9db6201bf1f40ca6fd4b085.jpg,authentic,pid_00022,10,outer_packaging_or_product_photo,unclassified_needs_manual_review,640,640,JPEG,member_of_near_duplicate_cluster_size_10
roboflow_counterfeit_med_detection_20b847c85b,Roboflow - Counterfeit_med_detection (v4),roboflow\train\images5041_jpg.rf.c5d3ec40755ef0929fe583e900e21e15.jpg,authentic,pid_00339,1,outer_packaging_or_product_photo,unclassified_needs_manual_review,640,640,JPEG,
roboflow_counterfeit_med_detection_7df32d2718,Roboflow - Counterfeit_med_detection (v4),roboflow\train\images07_jpg.rf.c764f90ebcc833d779c72afe457dc48b.jpg,authentic,pid_00105,20,outer_packaging_or_product_photo,unclassified_needs_manual_review,640,640,JPEG,member_of_near_duplicate_cluster_size_20
roboflow_counterfeit_med_detection_547f474f78,Roboflow - Counterfeit_med_detection (v4),roboflow\train\images4042_jpg.rf.c6cbc443f79f03c35b6ec2648566d647.jpg,authentic,pid_00092,40,outer_packaging_or_product_photo,unclassified_needs_manual_review,640,640,JPEG,member_of_near_duplicate_cluster_size_40
roboflow_counterfeit_med_detection_f8cf66112b,Roboflow - Counterfeit_med_detection (v4),roboflow\train\images239_jpg.rf.c753fa3ebaa1f98eb83c49911018534e.jpg,authentic,pid_00001,22,outer_packaging_or_product_photo,unclassified_needs_manual_review,640,640,JPEG,member_of_near_duplicate_cluster_size_22
roboflow_counterfeit_med_detection_841790a10f,Roboflow - Counterfeit_med_detection (v4),roboflow\train\images5127_jpg.rf.c74904d0f51f67e80e1ab4a37b10aaa9.jpg,authentic,pid_00015,12,outer_packaging_or_product_photo,unclassified_needs_manual_review,640,640,JPEG,member_of_near_duplicate_cluster_size_12
roboflow_counterfeit_med_detection_9e52bb65dd,Roboflow - Counterfeit_med_detection (v4),roboflow\train\images4066_jpg.rf.c7749b7ec638e9d96fbee5bddfb03398.jpg,authentic,pid_00264,19,outer_packaging_or_product_photo,unclassified_needs_manual_review,640,640,JPEG,member_of_near_duplicate_cluster_size_19
roboflow_counterfeit_med_detection_dedb026ef6,Roboflow - Counterfeit_med_detection (v4),roboflow\train\images303_jpg.rf.c5e3ffb3d114ef396489a77d7cc2692d.jpg,authentic,pid_00113,17,outer_packaging_or_product_photo,unclassified_needs_manual_review,640,640,JPEG,member_of_near_duplicate_cluster_size_17
roboflow_counterfeit_med_detection_f43af4745c,Roboflow - Counterfeit_med_detection (v4),roboflow\train\images5116_jpg.rf.c795034e3ca506f8059d0266fc9df7cc.jpg,authentic,pid_00127,7,outer_packaging_or_product_photo,unclassified_needs_manual_review,640,640,JPEG,member_of_near_duplicate_cluster_size_7
roboflow_counterfeit_med_detection_369f683a55,Roboflow - Counterfeit_med_detection (v4),roboflow\train\images4065_jpg.rf.c78b4aca3bafbec85538b0011d83e5a3.jpg,authentic,pid_00230,19,outer_packaging_or_product_photo,unclassified_needs_manual_review,640,640,JPEG,member_of_near_duplicate_cluster_size_19
roboflow_counterfeit_med_detection_4d419bc5a1,Roboflow - Counterfeit_med_detection (v4),roboflow\train\images339_jpg.rf.c7b4a26da3a9e3c43f229fc0c1dc6743.jpg,authentic,pid_00048,34,outer_packaging_or_product_photo,unclassified_needs_manual_review,640,640,JPEG,member_of_near_duplicate_cluster_size_34
roboflow_counterfeit_med_detection_a704f5a599,Roboflow - Counterfeit_med_detection (v4),roboflow\train\images38_jpg.rf.c7f4f8f2b550548a1a80cae3482f0c09.jpg,authentic,pid_00039,35,outer_packaging_or_product_photo,unclassified_needs_manual_review,640,640,JPEG,member_of_near_duplicate_cluster_size_35
roboflow_counterfeit_med_detection_929de9b3b1,Roboflow - Counterfeit_med_detection (v4),roboflow\train\images4025_jpg.rf.c7eaa3d13dcfb3d27a0988a6e44a5109.jpg,authentic,pid_00129,29,outer_packaging_or_product_photo,unclassified_needs_manual_review,640,640,JPEG,member_of_near_duplicate_cluster_size_29
roboflow_counterfeit_med_detection_025e0c2e3b,Roboflow - Counterfeit_med_detection (v4),roboflow\train\images36_jpg.rf.c84fa1e102bf5ae5d10c1bbb9a56f94e.jpg,authentic,pid_00006,37,outer_packaging_or_product_photo,unclassified_needs_manual_review,640,640,JPEG,member_of_near_duplicate_cluster_size_37
roboflow_counterfeit_med_detection_eb825f88bd,Roboflow - Counterfeit_med_detection (v4),roboflow\train\images4040_jpg.rf.c830774630ea84a0657df370d26575a7.jpg,authentic,pid_00166,24,outer_packaging_or_product_photo,unclassified_needs_manual_review,640,640,JPEG,member_of_near_duplicate_cluster_size_24
roboflow_counterfeit_med_detection_f8bb97ad2a,Roboflow - Counterfeit_med_detection (v4),roboflow\train\images4095_jpg.rf.c849ab102f7eae2366848f1b4524f057.jpg,authentic,pid_00306,2,outer_packaging_or_product_photo,unclassified_needs_manual_review,640,640,JPEG,member_of_near_duplicate_cluster_size_2
roboflow_counterfeit_med_detection_6a347f1963,Roboflow - Counterfeit_med_detection (v4),roboflow\train\images43_jpg.rf.c89aff72c063f2c9f58cea6d07fe3c9b.jpg,authentic,pid_00068,36,outer_packaging_or_product_photo,unclassified_needs_manual_review,640,640,JPEG,member_of_near_duplicate_cluster_size_36
roboflow_counterfeit_med_detection_8ce87e65d1,Roboflow - Counterfeit_med_detection (v4),roboflow\train\images4038_jpg.rf.c8d9e14597359c378a866aed2df1136d.jpg,authentic,pid_00057,55,outer_packaging_or_product_photo,unclassified_needs_manual_review,640,640,JPEG,member_of_near_duplicate_cluster_size_55
roboflow_counterfeit_med_detection_03f5a0b84c,Roboflow - Counterfeit_med_detection (v4),roboflow\train\images4066_jpg.rf.c87e954940b6d2420f142c7e53e12946.jpg,authentic,pid_00264,19,outer_packaging_or_product_photo,unclassified_needs_manual_review,640,640,JPEG,member_of_near_duplicate_cluster_size_19
roboflow_counterfeit_med_detection_737e001643,Roboflow - Counterfeit_med_detection (v4),roboflow\train\images5087_jpg.rf.c99842bd770e952d65b900c802bd6db3.jpg,authentic,pid_00181,18,outer_packaging_or_product_photo,unclassified_needs_manual_review,640,640,JPEG,member_of_near_duplicate_cluster_size_18
roboflow_counterfeit_med_detection_84ff5ed380,Roboflow - Counterfeit_med_detection (v4),roboflow\train\images346_jpg.rf.c920c4787fea53e3940c8b12dcd3e7b4.jpg,authentic,pid_00052,12,outer_packaging_or_product_photo,unclassified_needs_manual_review,640,640,JPEG,member_of_near_duplicate_cluster_size_12
roboflow_counterfeit_med_detection_04e18222d8,Roboflow - Counterfeit_med_detection (v4),roboflow\train\images338_jpg.rf.c8dace5a563d365be12523aa30f4b28e.jpg,authentic,pid_00056,10,outer_packaging_or_product_photo,unclassified_needs_manual_review,640,640,JPEG,member_of_near_duplicate_cluster_size_10
roboflow_counterfeit_med_detection_c42e43f876,Roboflow - Counterfeit_med_detection (v4),roboflow\train\images349_jpg.rf.c8f10d7d19ef0e094cd5cdd063720282.jpg,authentic,pid_00041,11,outer_packaging_or_product_photo,unclassified_needs_manual_review,640,640,JPEG,member_of_near_duplicate_cluster_size_11
roboflow_counterfeit_med_detection_4f09152605,Roboflow - Counterfeit_med_detection (v4),roboflow\train\images4040_jpg.rf.c8c53e6e01dd12e03d012d0cb16d558a.jpg,authentic,pid_00166,24,outer_packaging_or_product_photo,unclassified_needs_manual_review,640,640,JPEG,member_of_near_duplicate_cluster_size_24
roboflow_counterfeit_med_detection_b485641b4b,Roboflow - Counterfeit_med_detection (v4),roboflow\train\images5113_jpg.rf.c9b653a812b7ee9a4eb5fb77cf668e48.jpg,authentic,pid_00258,17,outer_packaging_or_product_photo,unclassified_needs_manual_review,640,640,JPEG,member_of_near_duplicate_cluster_size_17
roboflow_counterfeit_med_detection_ea1726141c,Roboflow - Counterfeit_med_detection (v4),roboflow\train\images5107_jpg.rf.c9220a770039e371e3eb7601fcf92347.jpg,authentic,pid_00085,17,outer_packaging_or_product_photo,unclassified_needs_manual_review,640,640,JPEG,member_of_near_duplicate_cluster_size_17
roboflow_counterfeit_med_detection_fee93382ff,Roboflow - Counterfeit_med_detection (v4),roboflow\train\images4085_jpg.rf.c9bfe5be22f0c11d6100da5129e01679.jpg,authentic,pid_00057,55,outer_packaging_or_product_photo,unclassified_needs_manual_review,640,640,JPEG,member_of_near_duplicate_cluster_size_55
roboflow_counterfeit_med_detection_2ab18d07ef,Roboflow - Counterfeit_med_detection (v4),roboflow\train\images347_jpg.rf.c98376afe9b9e7a8202499368ed1f899.jpg,authentic,pid_00119,35,outer_packaging_or_product_photo,unclassified_needs_manual_review,640,640,JPEG,member_of_near_duplicate_cluster_size_35
roboflow_counterfeit_med_detection_3e69cf3ea0,Roboflow - Counterfeit_med_detection (v4),roboflow\train\images340_jpg.rf.c9f3cb13755366b1f8bd3e8b15d9fcda.jpg,authentic,pid_00169,12,outer_packaging_or_product_photo,unclassified_needs_manual_review,640,640,JPEG,member_of_near_duplicate_cluster_size_12
roboflow_counterfeit_med_detection_e686414a47,Roboflow - Counterfeit_med_detection (v4),roboflow\train\images5064_jpg.rf.c9d9fcee10bb0e1a306f8b9c942eb475.jpg,authentic,pid_00340,1,outer_packaging_or_product_photo,unclassified_needs_manual_review,640,640,JPEG,
roboflow_counterfeit_med_detection_007860186f,Roboflow - Counterfeit_med_detection (v4),roboflow\train\images5063_jpg.rf.c9df9d3b29e51110eb5e94325a98e33c.jpg,authentic,pid_00285,14,outer_packaging_or_product_photo,unclassified_needs_manual_review,640,640,JPEG,member_of_near_duplicate_cluster_size_14
roboflow_counterfeit_med_detection_7ba15d48e9,Roboflow - Counterfeit_med_detection (v4),roboflow\train\images283_jpg.rf.c9fe55392cd13b15ba42f6f1c1f949a8.jpg,authentic,pid_00111,6,outer_packaging_or_product_photo,unclassified_needs_manual_review,640,640,JPEG,member_of_near_duplicate_cluster_size_6
roboflow_counterfeit_med_detection_61457acc92,Roboflow - Counterfeit_med_detection (v4),roboflow\train\images335_jpg.rf.ca150423ceab559925c2151f46f439ef.jpg,authentic,pid_00247,12,outer_packaging_or_product_photo,unclassified_needs_manual_review,640,640,JPEG,member_of_near_duplicate_cluster_size_12
roboflow_counterfeit_med_detection_dcb84adb06,Roboflow - Counterfeit_med_detection (v4),roboflow\train\images5080_jpg.rf.ca1da16a6f9e5d2e05cb27dfc01db99d.jpg,authentic,pid_00005,28,outer_packaging_or_product_photo,unclassified_needs_manual_review,640,640,JPEG,member_of_near_duplicate_cluster_size_28
roboflow_counterfeit_med_detection_060b7050a6,Roboflow - Counterfeit_med_detection (v4),roboflow\train\images5056_jpg.rf.ca2254dc0044e87685ececc58797c54a.jpg,authentic,pid_00117,11,outer_packaging_or_product_photo,unclassified_needs_manual_review,640,640,JPEG,member_of_near_duplicate_cluster_size_11
roboflow_counterfeit_med_detection_b32c4c45bd,Roboflow - Counterfeit_med_detection (v4),roboflow\train\images4046_jpg.rf.ca4df35e396ed9f938d6dbdd6bfefc48.jpg,authentic,pid_00087,37,outer_packaging_or_product_photo,unclassified_needs_manual_review,640,640,JPEG,member_of_near_duplicate_cluster_size_37
roboflow_counterfeit_med_detection_fbd5a2c78b,Roboflow - Counterfeit_med_detection (v4),roboflow\train\images301_jpg.rf.ca2741423f8d81ff18294b3d6cfb7886.jpg,authentic,pid_00222,5,outer_packaging_or_product_photo,unclassified_needs_manual_review,640,640,JPEG,member_of_near_duplicate_cluster_size_5
roboflow_counterfeit_med_detection_7d5785d0cb,Roboflow - Counterfeit_med_detection (v4),roboflow\train\images4058_jpg.rf.cab153ef8964431d3508764b30d10f9d.jpg,authentic,pid_00158,43,outer_packaging_or_product_photo,unclassified_needs_manual_review,640,640,JPEG,member_of_near_duplicate_cluster_size_43
roboflow_counterfeit_med_detection_8318363a03,Roboflow - Counterfeit_med_detection (v4),roboflow\train\images5096_jpg.rf.cb3e737636a8481410c5ed242bf98643.jpg,authentic,pid_00141,18,outer_packaging_or_product_photo,unclassified_needs_manual_review,640,640,JPEG,member_of_near_duplicate_cluster_size_18
roboflow_counterfeit_med_detection_a9c4865bac,Roboflow - Counterfeit_med_detection (v4),roboflow\train\images5059_jpg.rf.ca5f81c8358aa7ca06117799fd194bda.jpg,authentic,pid_00121,19,outer_packaging_or_product_photo,unclassified_needs_manual_review,640,640,JPEG,member_of_near_duplicate_cluster_size_19
roboflow_counterfeit_med_detection_e733236073,Roboflow - Counterfeit_med_detection (v4),roboflow\train\images255_jpg.rf.cb0331302eef7c50ca73ddbb47702e63.jpg,authentic,pid_00151,6,outer_packaging_or_product_photo,unclassified_needs_manual_review,640,640,JPEG,member_of_near_duplicate_cluster_size_6
roboflow_counterfeit_med_detection_c35e26eb7c,Roboflow - Counterfeit_med_detection (v4),roboflow\train\images351_jpg.rf.ca4125f70d586c2702da6771f13a081e.jpg,authentic,pid_00020,25,outer_packaging_or_product_photo,unclassified_needs_manual_review,640,640,JPEG,member_of_near_duplicate_cluster_size_25
roboflow_counterfeit_med_detection_287f02dc36,Roboflow - Counterfeit_med_detection (v4),roboflow\train\images13_jpg.rf.ca7da2c5cfed390dba8ce64edf31429b.jpg,authentic,pid_00124,11,outer_packaging_or_product_photo,unclassified_needs_manual_review,640,640,JPEG,member_of_near_duplicate_cluster_size_11
roboflow_counterfeit_med_detection_1f38fe00a9,Roboflow - Counterfeit_med_detection (v4),roboflow\train\images08_jpg.rf.ca83b6e63f3ad7e4eebbf65e22438661.jpg,authentic,pid_00034,12,outer_packaging_or_product_photo,unclassified_needs_manual_review,640,640,JPEG,member_of_near_duplicate_cluster_size_12
roboflow_counterfeit_med_detection_4d6ed194a7,Roboflow - Counterfeit_med_detection (v4),roboflow\train\images5052_jpg.rf.cae4fc17a97feb392a12670f798804e9.jpg,authentic,pid_00037,19,outer_packaging_or_product_photo,unclassified_needs_manual_review,640,640,JPEG,member_of_near_duplicate_cluster_size_19
roboflow_counterfeit_med_detection_add048314a,Roboflow - Counterfeit_med_detection (v4),roboflow\train\images240_jpg.rf.cace3333c722ea632f2369a5fa717745.jpg,authentic,pid_00248,13,outer_packaging_or_product_photo,unclassified_needs_manual_review,640,640,JPEG,member_of_near_duplicate_cluster_size_13
roboflow_counterfeit_med_detection_49d2a1463e,Roboflow - Counterfeit_med_detection (v4),roboflow\train\images5117_jpg.rf.caa331734691245dd8a2c3324f31b13c.jpg,authentic,pid_00172,18,outer_packaging_or_product_photo,unclassified_needs_manual_review,640,640,JPEG,member_of_near_duplicate_cluster_size_18
roboflow_counterfeit_med_detection_e964542b26,Roboflow - Counterfeit_med_detection (v4),roboflow\train\images213_jpg.rf.cb7266db0eddda2905c9e5c158dbb10c.jpg,authentic,pid_00080,6,outer_packaging_or_product_photo,unclassified_needs_manual_review,640,640,JPEG,member_of_near_duplicate_cluster_size_6
roboflow_counterfeit_med_detection_ebe7900690,Roboflow - Counterfeit_med_detection (v4),roboflow\train\images5112_jpg.rf.ca6fca136718e9b07f65c09d0488826a.jpg,authentic,pid_00035,19,outer_packaging_or_product_photo,unclassified_needs_manual_review,640,640,JPEG,member_of_near_duplicate_cluster_size_19
roboflow_counterfeit_med_detection_dea16b9db0,Roboflow - Counterfeit_med_detection (v4),roboflow\train\images312_jpg.rf.cb66bbade287ec376fb7023107521405.jpg,authentic,pid_00150,13,outer_packaging_or_product_photo,unclassified_needs_manual_review,640,640,JPEG,member_of_near_duplicate_cluster_size_13
roboflow_counterfeit_med_detection_237348f615,Roboflow - Counterfeit_med_detection (v4),roboflow\train\images260_jpg.rf.cb8cbc513d8d063d974de3b92e05c22d.jpg,authentic,pid_00160,19,outer_packaging_or_product_photo,unclassified_needs_manual_review,640,640,JPEG,member_of_near_duplicate_cluster_size_19
roboflow_counterfeit_med_detection_4465c68d34,Roboflow - Counterfeit_med_detection (v4),roboflow\train\images283_jpg.rf.cb99bb6eb6ad87319cfd35bb074a9ceb.jpg,authentic,pid_00111,6,outer_packaging_or_product_photo,unclassified_needs_manual_review,640,640,JPEG,member_of_near_duplicate_cluster_size_6
roboflow_counterfeit_med_detection_e19b400111,Roboflow - Counterfeit_med_detection (v4),roboflow\train\images01_jpg.rf.cbed8f423e6484419268dbe9d316d76c.jpg,authentic,pid_00061,41,outer_packaging_or_product_photo,unclassified_needs_manual_review,640,640,JPEG,member_of_near_duplicate_cluster_size_41
roboflow_counterfeit_med_detection_2f506a1380,Roboflow - Counterfeit_med_detection (v4),roboflow\train\images31_jpg.rf.cc0d9e21206d0678669fcf63e3ee40d1.jpg,authentic,pid_00116,18,outer_packaging_or_product_photo,unclassified_needs_manual_review,640,640,JPEG,member_of_near_duplicate_cluster_size_18
roboflow_counterfeit_med_detection_5994dbce50,Roboflow - Counterfeit_med_detection (v4),roboflow\train\images5024_jpg.rf.cbd6466414ed3ec2581ca28cf0513591.jpg,authentic,pid_00217,15,outer_packaging_or_product_photo,unclassified_needs_manual_review,640,640,JPEG,member_of_near_duplicate_cluster_size_15
roboflow_counterfeit_med_detection_1f8c68d48a,Roboflow - Counterfeit_med_detection (v4),roboflow\train\images4031_jpg.rf.cc26673ef2cf24f84fe8c838c3d5093a.jpg,authentic,pid_00314,4,outer_packaging_or_product_photo,unclassified_needs_manual_review,640,640,JPEG,member_of_near_duplicate_cluster_size_4
roboflow_counterfeit_med_detection_1f4fab62d6,Roboflow - Counterfeit_med_detection (v4),roboflow\train\images213_jpg.rf.cbceb58735ccd2e8d07c5c6dac0d64e8.jpg,authentic,pid_00243,6,outer_packaging_or_product_photo,unclassified_needs_manual_review,640,640,JPEG,member_of_near_duplicate_cluster_size_6
roboflow_counterfeit_med_detection_ab1ecd640e,Roboflow - Counterfeit_med_detection (v4),roboflow\train\images5103_jpg.rf.cbbe5316e6073fd92b787ec3d8f1bcca.jpg,authentic,pid_00194,8,outer_packaging_or_product_photo,unclassified_needs_manual_review,640,640,JPEG,member_of_near_duplicate_cluster_size_8
roboflow_counterfeit_med_detection_d399e40a17,Roboflow - Counterfeit_med_detection (v4),roboflow\train\images311_jpg.rf.cbb7062a09d7a0b64c99eba6020b44ad.jpg,authentic,pid_00122,7,outer_packaging_or_product_photo,unclassified_needs_manual_review,640,640,JPEG,member_of_near_duplicate_cluster_size_7
roboflow_counterfeit_med_detection_bde41ddc07,Roboflow - Counterfeit_med_detection (v4),roboflow\train\images339_jpg.rf.cd0059fb35f1cc26dcdb98397ab618a8.jpg,authentic,pid_00341,2,outer_packaging_or_product_photo,unclassified_needs_manual_review,640,640,JPEG,member_of_near_duplicate_cluster_size_2
roboflow_counterfeit_med_detection_09cf10c919,Roboflow - Counterfeit_med_detection (v4),roboflow\train\images316_jpg.rf.ccebf4fb145e9b98a1ed2bf61e7331c2.jpg,authentic,pid_00064,19,outer_packaging_or_product_photo,unclassified_needs_manual_review,640,640,JPEG,member_of_near_duplicate_cluster_size_19
roboflow_counterfeit_med_detection_2642614a9a,Roboflow - Counterfeit_med_detection (v4),roboflow\train\images349_jpg.rf.ccaed26ddddf6a37cab6412b336c52e8.jpg,authentic,pid_00041,11,outer_packaging_or_product_photo,unclassified_needs_manual_review,640,640,JPEG,member_of_near_duplicate_cluster_size_11
roboflow_counterfeit_med_detection_23c07fb3a5,Roboflow - Counterfeit_med_detection (v4),roboflow\train\images5059_jpg.rf.cd527416c5a27db82cb205a84c081dfd.jpg,authentic,pid_00121,19,outer_packaging_or_product_photo,unclassified_needs_manual_review,640,640,JPEG,member_of_near_duplicate_cluster_size_19
roboflow_counterfeit_med_detection_e5e6cc6fc2,Roboflow - Counterfeit_med_detection (v4),roboflow\train\images5030_jpg.rf.cd3e453d351f64faa0beabeb22744fbe.jpg,authentic,pid_00267,12,outer_packaging_or_product_photo,unclassified_needs_manual_review,640,640,JPEG,member_of_near_duplicate_cluster_size_12
roboflow_counterfeit_med_detection_9c54f1a086,Roboflow - Counterfeit_med_detection (v4),roboflow\train\images4067_jpg.rf.cdacd293b717340b8d6b579e7f31b1af.jpg,authentic,pid_00104,20,outer_packaging_or_product_photo,unclassified_needs_manual_review,640,640,JPEG,member_of_near_duplicate_cluster_size_20
roboflow_counterfeit_med_detection_92dd1e984a,Roboflow - Counterfeit_med_detection (v4),roboflow\train\images01_jpg.rf.cdbe9ba145d7a2a695f4547b7abb7ee8.jpg,authentic,pid_00342,1,outer_packaging_or_product_photo,unclassified_needs_manual_review,640,640,JPEG,
roboflow_counterfeit_med_detection_0980ddb016,Roboflow - Counterfeit_med_detection (v4),roboflow\train\images4035_jpg.rf.cd9074ee172ba4d1ab4381ce46f2eed7.jpg,authentic,pid_00146,18,outer_packaging_or_product_photo,unclassified_needs_manual_review,640,640,JPEG,member_of_near_duplicate_cluster_size_18
roboflow_counterfeit_med_detection_2889b4c564,Roboflow - Counterfeit_med_detection (v4),roboflow\train\images4038_jpg.rf.ce3e8720687eda6369d134f86df993ce.jpg,authentic,pid_00057,55,outer_packaging_or_product_photo,unclassified_needs_manual_review,640,640,JPEG,member_of_near_duplicate_cluster_size_55
roboflow_counterfeit_med_detection_4109fd640b,Roboflow - Counterfeit_med_detection (v4),roboflow\train\images4044_jpg.rf.ce2efa474e71466874482dc8bdb01e4f.jpg,authentic,pid_00274,13,outer_packaging_or_product_photo,unclassified_needs_manual_review,640,640,JPEG,member_of_near_duplicate_cluster_size_13
roboflow_counterfeit_med_detection_1b5b29d3d5,Roboflow - Counterfeit_med_detection (v4),roboflow\train\images4107_jpg.rf.ce066401f8575c2dbb24fd3f8bc3bcf9.jpg,authentic,pid_00287,6,outer_packaging_or_product_photo,unclassified_needs_manual_review,640,640,JPEG,member_of_near_duplicate_cluster_size_6
roboflow_counterfeit_med_detection_682252271e,Roboflow - Counterfeit_med_detection (v4),roboflow\train\images5058_jpg.rf.cf1fd8879484b62538c3055efa444b4a.jpg,authentic,pid_00198,4,outer_packaging_or_product_photo,unclassified_needs_manual_review,640,640,JPEG,member_of_near_duplicate_cluster_size_4
roboflow_counterfeit_med_detection_676636bd43,Roboflow - Counterfeit_med_detection (v4),roboflow\train\images4061_jpg.rf.cefd5659c3d236f9a196ad6668cdf1a1.jpg,authentic,pid_00097,19,outer_packaging_or_product_photo,unclassified_needs_manual_review,640,640,JPEG,member_of_near_duplicate_cluster_size_19
roboflow_counterfeit_med_detection_df60f501cd,Roboflow - Counterfeit_med_detection (v4),roboflow\train\images4082_jpg.rf.cede3736d7773679f398ab14b50ff2ef.jpg,authentic,pid_00154,18,outer_packaging_or_product_photo,unclassified_needs_manual_review,640,640,JPEG,member_of_near_duplicate_cluster_size_18
roboflow_counterfeit_med_detection_fc07c5ecc7,Roboflow - Counterfeit_med_detection (v4),roboflow\train\images212_jpg.rf.ce745df89e13c5a18190bb882841273d.jpg,authentic,pid_00024,22,outer_packaging_or_product_photo,unclassified_needs_manual_review,640,640,JPEG,member_of_near_duplicate_cluster_size_22
roboflow_counterfeit_med_detection_362b2e9c4e,Roboflow - Counterfeit_med_detection (v4),roboflow\train\images5064_jpg.rf.cf23a18de0e37a895551bc80133509d3.jpg,authentic,pid_00311,4,outer_packaging_or_product_photo,unclassified_needs_manual_review,640,640,JPEG,member_of_near_duplicate_cluster_size_4
roboflow_counterfeit_med_detection_f0bbfed06e,Roboflow - Counterfeit_med_detection (v4),roboflow\train\images226_jpg.rf.cef7b6a37dbdb8a5bd7ca8963a2856a5.jpg,authentic,pid_00186,19,outer_packaging_or_product_photo,unclassified_needs_manual_review,640,640,JPEG,member_of_near_duplicate_cluster_size_19
roboflow_counterfeit_med_detection_43216a37b0,Roboflow - Counterfeit_med_detection (v4),roboflow\train\images320_jpg.rf.ceeea6d636450624bc6ebfa36db3ee55.jpg,authentic,pid_00236,6,outer_packaging_or_product_photo,unclassified_needs_manual_review,640,640,JPEG,member_of_near_duplicate_cluster_size_6
roboflow_counterfeit_med_detection_904512dd89,Roboflow - Counterfeit_med_detection (v4),roboflow\train\images5023_jpg.rf.ce936ed0277b3073dd7c60ce5ecc8ae4.jpg,authentic,pid_00096,34,outer_packaging_or_product_photo,unclassified_needs_manual_review,640,640,JPEG,member_of_near_duplicate_cluster_size_34
roboflow_counterfeit_med_detection_18537fea95,Roboflow - Counterfeit_med_detection (v4),roboflow\train\images5115_jpg.rf.cf25c30d57cfb9dbafd4c06ac3c1320b.jpg,authentic,pid_00158,43,outer_packaging_or_product_photo,unclassified_needs_manual_review,640,640,JPEG,member_of_near_duplicate_cluster_size_43
roboflow_counterfeit_med_detection_fa98c138bf,Roboflow - Counterfeit_med_detection (v4),roboflow\train\images5110_jpg.rf.cebc8c33337778e981f651a001d1e4a5.jpg,authentic,pid_00313,3,outer_packaging_or_product_photo,unclassified_needs_manual_review,640,640,JPEG,member_of_near_duplicate_cluster_size_3
roboflow_counterfeit_med_detection_7335ce441d,Roboflow - Counterfeit_med_detection (v4),roboflow\train\images5071_jpg.rf.cfcc71254553996a5150215107df7321.jpg,authentic,pid_00174,20,outer_packaging_or_product_photo,unclassified_needs_manual_review,640,640,JPEG,member_of_near_duplicate_cluster_size_20
roboflow_counterfeit_med_detection_aa163d2663,Roboflow - Counterfeit_med_detection (v4),roboflow\train\images348_jpg.rf.cf5906e5b0845bd9348874f1dd11bc4c.jpg,authentic,pid_00038,37,outer_packaging_or_product_photo,unclassified_needs_manual_review,640,640,JPEG,member_of_near_duplicate_cluster_size_37
roboflow_counterfeit_med_detection_102cfe3d24,Roboflow - Counterfeit_med_detection (v4),roboflow\train\images4085_jpg.rf.cfde931af3756dda6dfda09c149e84b2.jpg,authentic,pid_00057,55,outer_packaging_or_product_photo,unclassified_needs_manual_review,640,640,JPEG,member_of_near_duplicate_cluster_size_55
roboflow_counterfeit_med_detection_8b3e566d0d,Roboflow - Counterfeit_med_detection (v4),roboflow\train\images5045_jpg.rf.cf90a58887a83fa2cb15f91a7f31b61c.jpg,authentic,pid_00096,34,outer_packaging_or_product_photo,unclassified_needs_manual_review,640,640,JPEG,member_of_near_duplicate_cluster_size_34
roboflow_counterfeit_med_detection_2a8c07fb73,Roboflow - Counterfeit_med_detection (v4),roboflow\train\images206_jpg.rf.cfdf12e381fc5e2935b8c0b54d796ec8.jpg,authentic,pid_00328,2,outer_packaging_or_product_photo,unclassified_needs_manual_review,640,640,JPEG,member_of_near_duplicate_cluster_size_2
roboflow_counterfeit_med_detection_8dd6a5a9ce,Roboflow - Counterfeit_med_detection (v4),roboflow\train\images323_jpg.rf.cf3d1052f0f541e213da43ea7aeea5e4.jpg,authentic,pid_00023,18,outer_packaging_or_product_photo,unclassified_needs_manual_review,640,640,JPEG,member_of_near_duplicate_cluster_size_18
roboflow_counterfeit_med_detection_68c4eeaf3d,Roboflow - Counterfeit_med_detection (v4),roboflow\train\images04_jpg.rf.cf83ed2a0d157c3258d9a051bb72c6a4.jpg,authentic,pid_00325,6,outer_packaging_or_product_photo,unclassified_needs_manual_review,640,640,JPEG,member_of_near_duplicate_cluster_size_6
roboflow_counterfeit_med_detection_1dc9823afc,Roboflow - Counterfeit_med_detection (v4),roboflow\train\images347_jpg.rf.d0568553527350f8f765f62d280b367d.jpg,authentic,pid_00119,35,outer_packaging_or_product_photo,unclassified_needs_manual_review,640,640,JPEG,member_of_near_duplicate_cluster_size_35
roboflow_counterfeit_med_detection_7428c648e8,Roboflow - Counterfeit_med_detection (v4),roboflow\train\images4035_jpg.rf.d09432829fc379082c9dec64cde67426.jpg,authentic,pid_00086,18,outer_packaging_or_product_photo,unclassified_needs_manual_review,640,640,JPEG,member_of_near_duplicate_cluster_size_18
roboflow_counterfeit_med_detection_cca2e3aeaa,Roboflow - Counterfeit_med_detection (v4),roboflow\train\images310_jpg.rf.cf79f89113b6faf770486e7d8ce21d0a.jpg,authentic,pid_00302,6,outer_packaging_or_product_photo,unclassified_needs_manual_review,640,640,JPEG,member_of_near_duplicate_cluster_size_6
roboflow_counterfeit_med_detection_da86d98164,Roboflow - Counterfeit_med_detection (v4),roboflow\train\images338_jpg.rf.cf5ddec4fd3593bd5cae10c5d212c18c.jpg,authentic,pid_00149,4,outer_packaging_or_product_photo,unclassified_needs_manual_review,640,640,JPEG,member_of_near_duplicate_cluster_size_4
roboflow_counterfeit_med_detection_ff9ef913cf,Roboflow - Counterfeit_med_detection (v4),roboflow\train\images5115_jpg.rf.d04ffcf2b1505ce1953e2cfd5d149f9c.jpg,authentic,pid_00158,43,outer_packaging_or_product_photo,unclassified_needs_manual_review,640,640,JPEG,member_of_near_duplicate_cluster_size_43
roboflow_counterfeit_med_detection_04700a4798,Roboflow - Counterfeit_med_detection (v4),roboflow\train\images4074_jpg.rf.d09328a4836f85585232006183110923.jpg,authentic,pid_00273,19,outer_packaging_or_product_photo,unclassified_needs_manual_review,640,640,JPEG,member_of_near_duplicate_cluster_size_19
roboflow_counterfeit_med_detection_8e907ad5b3,Roboflow - Counterfeit_med_detection (v4),roboflow\train\images263_jpg.rf.d02c2890162882eb973cec89ae5afb25.jpg,authentic,pid_00094,25,outer_packaging_or_product_photo,unclassified_needs_manual_review,640,640,JPEG,member_of_near_duplicate_cluster_size_25
roboflow_counterfeit_med_detection_fa3e61927f,Roboflow - Counterfeit_med_detection (v4),roboflow\train\images208_jpg.rf.d0d406de15f155a3a7559f325baf7061.jpg,authentic,pid_00196,17,outer_packaging_or_product_photo,unclassified_needs_manual_review,640,640,JPEG,member_of_near_duplicate_cluster_size_17
roboflow_counterfeit_med_detection_c764c1d3fc,Roboflow - Counterfeit_med_detection (v4),roboflow\train\images315_jpg.rf.d0c698c794a1403fc098a6ef20144069.jpg,authentic,pid_00059,12,outer_packaging_or_product_photo,unclassified_needs_manual_review,640,640,JPEG,member_of_near_duplicate_cluster_size_12
roboflow_counterfeit_med_detection_650e0f0d8f,Roboflow - Counterfeit_med_detection (v4),roboflow\train\images339_jpg.rf.d0aef4f9d3b2873b9cd3bae968e32e4c.jpg,authentic,pid_00048,34,outer_packaging_or_product_photo,unclassified_needs_manual_review,640,640,JPEG,member_of_near_duplicate_cluster_size_34
roboflow_counterfeit_med_detection_703736b7ea,Roboflow - Counterfeit_med_detection (v4),roboflow\train\images4061_jpg.rf.d047b6dc4155a14b78f755d3a65691df.jpg,authentic,pid_00051,17,outer_packaging_or_product_photo,unclassified_needs_manual_review,640,640,JPEG,member_of_near_duplicate_cluster_size_17
roboflow_counterfeit_med_detection_9b552cc20a,Roboflow - Counterfeit_med_detection (v4),roboflow\train\images219_jpg.rf.d03311a9826aab94705a7ca256ae0a41.jpg,authentic,pid_00058,7,outer_packaging_or_product_photo,unclassified_needs_manual_review,640,640,JPEG,member_of_near_duplicate_cluster_size_7
roboflow_counterfeit_med_detection_3ddb75d915,Roboflow - Counterfeit_med_detection (v4),roboflow\train\images255_jpg.rf.d0a2b5254312df8fba32a6ff6380d622.jpg,authentic,pid_00277,13,outer_packaging_or_product_photo,unclassified_needs_manual_review,640,640,JPEG,member_of_near_duplicate_cluster_size_13
roboflow_counterfeit_med_detection_363465e530,Roboflow - Counterfeit_med_detection (v4),roboflow\train\images4044_jpg.rf.d0f1a1e065b0ec7712ec8bdbe884100b.jpg,authentic,pid_00140,24,outer_packaging_or_product_photo,unclassified_needs_manual_review,640,640,JPEG,member_of_near_duplicate_cluster_size_24
roboflow_counterfeit_med_detection_e2ef8b4910,Roboflow - Counterfeit_med_detection (v4),roboflow\train\images314_jpg.rf.d14463d4b56d59f9b3f8fd4e6400107b.jpg,authentic,pid_00004,5,outer_packaging_or_product_photo,unclassified_needs_manual_review,640,640,JPEG,member_of_near_duplicate_cluster_size_5
roboflow_counterfeit_med_detection_2940cce449,Roboflow - Counterfeit_med_detection (v4),roboflow\train\images42_jpg.rf.d1542bfe12d1ecc60573168d2e5967c3.jpg,authentic,pid_00195,21,outer_packaging_or_product_photo,unclassified_needs_manual_review,640,640,JPEG,member_of_near_duplicate_cluster_size_21
roboflow_counterfeit_med_detection_c9d811ebe1,Roboflow - Counterfeit_med_detection (v4),roboflow\train\images4058_jpg.rf.d1e1c46d1df628f609111a5df10fa1ae.jpg,authentic,pid_00158,43,outer_packaging_or_product_photo,unclassified_needs_manual_review,640,640,JPEG,member_of_near_duplicate_cluster_size_43
roboflow_counterfeit_med_detection_56a030dd0c,Roboflow - Counterfeit_med_detection (v4),roboflow\train\images222_jpg.rf.d1958776f50d26702d346603e126b826.jpg,authentic,pid_00068,36,outer_packaging_or_product_photo,unclassified_needs_manual_review,640,640,JPEG,member_of_near_duplicate_cluster_size_36
roboflow_counterfeit_med_detection_536b77e393,Roboflow - Counterfeit_med_detection (v4),roboflow\train\images4038_jpg.rf.d1f6ae3fd2cc7dde20f70b674fdadeb0.jpg,authentic,pid_00057,55,outer_packaging_or_product_photo,unclassified_needs_manual_review,640,640,JPEG,member_of_near_duplicate_cluster_size_55
roboflow_counterfeit_med_detection_865bb31973,Roboflow - Counterfeit_med_detection (v4),roboflow\train\images36_jpg.rf.d1b764432902e75031ee2e8e30a76cfe.jpg,authentic,pid_00006,37,outer_packaging_or_product_photo,unclassified_needs_manual_review,640,640,JPEG,member_of_near_duplicate_cluster_size_37
roboflow_counterfeit_med_detection_ca72711ba1,Roboflow - Counterfeit_med_detection (v4),roboflow\train\images5051_jpg.rf.d2240beff600e8ad80bb34e24022bfe4.jpg,authentic,pid_00036,18,outer_packaging_or_product_photo,unclassified_needs_manual_review,640,640,JPEG,member_of_near_duplicate_cluster_size_18
roboflow_counterfeit_med_detection_da537e2874,Roboflow - Counterfeit_med_detection (v4),roboflow\train\images260_jpg.rf.d23249f6605122f14c53fc3875bb789f.jpg,authentic,pid_00160,19,outer_packaging_or_product_photo,unclassified_needs_manual_review,640,640,JPEG,member_of_near_duplicate_cluster_size_19
roboflow_counterfeit_med_detection_56cf0299e0,Roboflow - Counterfeit_med_detection (v4),roboflow\train\images33_jpg.rf.d1b24cbdbb09871eb765aa208ff33174.jpg,authentic,pid_00269,24,outer_packaging_or_product_photo,unclassified_needs_manual_review,640,640,JPEG,member_of_near_duplicate_cluster_size_24
roboflow_counterfeit_med_detection_b3c1c9ea5f,Roboflow - Counterfeit_med_detection (v4),roboflow\train\images228_jpg.rf.d1dd06155da37e55a5d397eb55b008e8.jpg,authentic,pid_00131,33,outer_packaging_or_product_photo,unclassified_needs_manual_review,640,640,JPEG,member_of_near_duplicate_cluster_size_33
roboflow_counterfeit_med_detection_eac67f4b14,Roboflow - Counterfeit_med_detection (v4),roboflow\train\images226_jpg.rf.d264c2f6d923369819f14a2f205a8ad9.jpg,authentic,pid_00186,19,outer_packaging_or_product_photo,unclassified_needs_manual_review,640,640,JPEG,member_of_near_duplicate_cluster_size_19
roboflow_counterfeit_med_detection_3846650e33,Roboflow - Counterfeit_med_detection (v4),roboflow\train\images4107_jpg.rf.d0a60b8ebf8d777389140f9fc2f4a9a0.jpg,authentic,pid_00098,13,outer_packaging_or_product_photo,unclassified_needs_manual_review,640,640,JPEG,member_of_near_duplicate_cluster_size_13
roboflow_counterfeit_med_detection_a869913bc4,Roboflow - Counterfeit_med_detection (v4),roboflow\train\images4031_jpg.rf.d2744c9bd0a0785c678c94945bfa0e77.jpg,authentic,pid_00012,23,outer_packaging_or_product_photo,unclassified_needs_manual_review,640,640,JPEG,member_of_near_duplicate_cluster_size_23
roboflow_counterfeit_med_detection_d47626e370,Roboflow - Counterfeit_med_detection (v4),roboflow\train\images255_jpg.rf.d1ab383e6734aa35aaf5554d99f963e0.jpg,authentic,pid_00151,6,outer_packaging_or_product_photo,unclassified_needs_manual_review,640,640,JPEG,member_of_near_duplicate_cluster_size_6
roboflow_counterfeit_med_detection_fdfbc0dac4,Roboflow - Counterfeit_med_detection (v4),roboflow\train\images4064_jpg.rf.d299fcef326c85bfe550cbf4ca7c0557.jpg,authentic,pid_00213,19,outer_packaging_or_product_photo,unclassified_needs_manual_review,640,640,JPEG,member_of_near_duplicate_cluster_size_19
roboflow_counterfeit_med_detection_da1c69d438,Roboflow - Counterfeit_med_detection (v4),roboflow\train\images302_jpg.rf.d36c59f3ae1529dbca204807b8100229.jpg,authentic,pid_00018,18,outer_packaging_or_product_photo,unclassified_needs_manual_review,640,640,JPEG,member_of_near_duplicate_cluster_size_18
roboflow_counterfeit_med_detection_eb96b8e410,Roboflow - Counterfeit_med_detection (v4),roboflow\train\images5067_jpg.rf.d30e6711b2eb9d1368760a0ff42fb044.jpg,authentic,pid_00244,12,outer_packaging_or_product_photo,unclassified_needs_manual_review,640,640,JPEG,member_of_near_duplicate_cluster_size_12
roboflow_counterfeit_med_detection_b8978ba690,Roboflow - Counterfeit_med_detection (v4),roboflow\train\images36_jpg.rf.d35ebf93821a6140ebc423924728fc76.jpg,authentic,pid_00006,37,outer_packaging_or_product_photo,unclassified_needs_manual_review,640,640,JPEG,member_of_near_duplicate_cluster_size_37
roboflow_counterfeit_med_detection_f55a7d15f4,Roboflow - Counterfeit_med_detection (v4),roboflow\train\images231_jpg.rf.d3392367fc881c7d145af31e595ce044.jpg,authentic,pid_00090,18,outer_packaging_or_product_photo,unclassified_needs_manual_review,640,640,JPEG,member_of_near_duplicate_cluster_size_18
roboflow_counterfeit_med_detection_48f809b920,Roboflow - Counterfeit_med_detection (v4),roboflow\train\images346_jpg.rf.d3a1379b7c1163777d14659ec1a60877.jpg,authentic,pid_00189,24,outer_packaging_or_product_photo,unclassified_needs_manual_review,640,640,JPEG,member_of_near_duplicate_cluster_size_24
roboflow_counterfeit_med_detection_e710fe22f8,Roboflow - Counterfeit_med_detection (v4),roboflow\train\images5106_jpg.rf.d3a4b01eeac27ddb37ab53719e4c9ed4.jpg,authentic,pid_00115,19,outer_packaging_or_product_photo,unclassified_needs_manual_review,640,640,JPEG,member_of_near_duplicate_cluster_size_19
roboflow_counterfeit_med_detection_6b931a3cc5,Roboflow - Counterfeit_med_detection (v4),roboflow\train\images4087_jpg.rf.d381922ece1192bc1d4f45a725316a39.jpg,authentic,pid_00135,20,outer_packaging_or_product_photo,unclassified_needs_manual_review,640,640,JPEG,member_of_near_duplicate_cluster_size_20
roboflow_counterfeit_med_detection_0054cf04bb,Roboflow - Counterfeit_med_detection (v4),roboflow\train\images5103_jpg.rf.d40186c2496c6f6bcbbbd8e514902add.jpg,authentic,pid_00077,19,outer_packaging_or_product_photo,unclassified_needs_manual_review,640,640,JPEG,member_of_near_duplicate_cluster_size_19
roboflow_counterfeit_med_detection_27cb3d5bc9,Roboflow - Counterfeit_med_detection (v4),roboflow\train\images214_jpg.rf.d3e2ac399264f5b91b8174ea95558b99.jpg,authentic,pid_00082,19,outer_packaging_or_product_photo,unclassified_needs_manual_review,640,640,JPEG,member_of_near_duplicate_cluster_size_19
roboflow_counterfeit_med_detection_efa866a8a3,Roboflow - Counterfeit_med_detection (v4),roboflow\train\images31_jpg.rf.d49f77e5baeaf36b987b8b96eea8fa34.jpg,authentic,pid_00116,18,outer_packaging_or_product_photo,unclassified_needs_manual_review,640,640,JPEG,member_of_near_duplicate_cluster_size_18
roboflow_counterfeit_med_detection_e6e314f843,Roboflow - Counterfeit_med_detection (v4),roboflow\train\images35_jpg.rf.d49b528dfd1c62df42e3ebf4fa8c1bb7.jpg,authentic,pid_00073,25,outer_packaging_or_product_photo,unclassified_needs_manual_review,640,640,JPEG,member_of_near_duplicate_cluster_size_25
roboflow_counterfeit_med_detection_99c8956ce4,Roboflow - Counterfeit_med_detection (v4),roboflow\train\images5100_jpg.rf.d4e8ee1464915e9497001904af4ac924.jpg,authentic,pid_00214,17,outer_packaging_or_product_photo,unclassified_needs_manual_review,640,640,JPEG,member_of_near_duplicate_cluster_size_17
roboflow_counterfeit_med_detection_2e42b2435b,Roboflow - Counterfeit_med_detection (v4),roboflow\train\images232_jpg.rf.d4ca15f9148f4b2376e8d7766d09b82c.jpg,authentic,pid_00120,16,outer_packaging_or_product_photo,unclassified_needs_manual_review,640,640,JPEG,member_of_near_duplicate_cluster_size_16
roboflow_counterfeit_med_detection_105b9ecaaf,Roboflow - Counterfeit_med_detection (v4),roboflow\train\images37_jpg.rf.d59c9531eba688d5f11341ce66012104.jpg,authentic,pid_00074,55,outer_packaging_or_product_photo,unclassified_needs_manual_review,640,640,JPEG,member_of_near_duplicate_cluster_size_55
roboflow_counterfeit_med_detection_1dd015533c,Roboflow - Counterfeit_med_detection (v4),roboflow\train\images4039_jpg.rf.d531c983ce8ad8bfe792db41a834127a.jpg,authentic,pid_00069,17,outer_packaging_or_product_photo,unclassified_needs_manual_review,640,640,JPEG,member_of_near_duplicate_cluster_size_17
roboflow_counterfeit_med_detection_5d79232329,Roboflow - Counterfeit_med_detection (v4),roboflow\train\images4069_jpg.rf.d5c262e4c3a6ac4ff12fd6687b369100.jpg,authentic,pid_00321,7,outer_packaging_or_product_photo,unclassified_needs_manual_review,640,640,JPEG,member_of_near_duplicate_cluster_size_7
roboflow_counterfeit_med_detection_949d210727,Roboflow - Counterfeit_med_detection (v4),roboflow\train\images347_jpg.rf.d54c6b9c0ad9e7bd1dc9b2b59caab41f.jpg,authentic,pid_00119,35,outer_packaging_or_product_photo,unclassified_needs_manual_review,640,640,JPEG,member_of_near_duplicate_cluster_size_35
roboflow_counterfeit_med_detection_ef3d1c296c,Roboflow - Counterfeit_med_detection (v4),roboflow\train\images244_jpg.rf.d5d2c6af281cd616acaf21077518d638.jpg,authentic,pid_00343,1,outer_packaging_or_product_photo,unclassified_needs_manual_review,640,640,JPEG,
roboflow_counterfeit_med_detection_76e1490f60,Roboflow - Counterfeit_med_detection (v4),roboflow\train\images241_jpg.rf.d604d2bd03a13c28399cb10c366e84b4.jpg,authentic,pid_00237,12,outer_packaging_or_product_photo,unclassified_needs_manual_review,640,640,JPEG,member_of_near_duplicate_cluster_size_12
roboflow_counterfeit_med_detection_40a78c418c,Roboflow - Counterfeit_med_detection (v4),roboflow\train\images5051_jpg.rf.d5e9fed3ca085b89148cfbb4ee7eb41e.jpg,authentic,pid_00036,18,outer_packaging_or_product_photo,unclassified_needs_manual_review,640,640,JPEG,member_of_near_duplicate_cluster_size_18
roboflow_counterfeit_med_detection_508773c141,Roboflow - Counterfeit_med_detection (v4),roboflow\train\images36_jpg.rf.d636a431dc6898149c5c081087fda200.jpg,authentic,pid_00006,37,outer_packaging_or_product_photo,unclassified_needs_manual_review,640,640,JPEG,member_of_near_duplicate_cluster_size_37
roboflow_counterfeit_med_detection_9212fd33c4,Roboflow - Counterfeit_med_detection (v4),roboflow\train\images4039_jpg.rf.d5df3967e78b6c43dc038b83e1f67237.jpg,authentic,pid_00075,20,outer_packaging_or_product_photo,unclassified_needs_manual_review,640,640,JPEG,member_of_near_duplicate_cluster_size_20
roboflow_counterfeit_med_detection_220540a8ab,Roboflow - Counterfeit_med_detection (v4),roboflow\train\images5045_jpg.rf.d6244e401effc977efbfe4dbfba6b13f.jpg,authentic,pid_00096,34,outer_packaging_or_product_photo,unclassified_needs_manual_review,640,640,JPEG,member_of_near_duplicate_cluster_size_34
roboflow_counterfeit_med_detection_f5bb3b089b,Roboflow - Counterfeit_med_detection (v4),roboflow\train\images02_jpg.rf.d6dcf3253cd5ae48455b87154257553f.jpg,authentic,pid_00007,14,outer_packaging_or_product_photo,unclassified_needs_manual_review,640,640,JPEG,member_of_near_duplicate_cluster_size_14
roboflow_counterfeit_med_detection_910017b217,Roboflow - Counterfeit_med_detection (v4),roboflow\train\images242_jpg.rf.d642221a3780afb997f700fbbd760d26.jpg,authentic,pid_00109,12,outer_packaging_or_product_photo,unclassified_needs_manual_review,640,640,JPEG,member_of_near_duplicate_cluster_size_12
roboflow_counterfeit_med_detection_da8d0ff58d,Roboflow - Counterfeit_med_detection (v4),roboflow\train\images228_jpg.rf.d73ad20573ff7544579fa8538720ab1a.jpg,authentic,pid_00131,33,outer_packaging_or_product_photo,unclassified_needs_manual_review,640,640,JPEG,member_of_near_duplicate_cluster_size_33
roboflow_counterfeit_med_detection_497e44754b,Roboflow - Counterfeit_med_detection (v4),roboflow\train\images33_jpg.rf.d71b14b31da3f0fb96dc566ea09f0193.jpg,authentic,pid_00269,24,outer_packaging_or_product_photo,unclassified_needs_manual_review,640,640,JPEG,member_of_near_duplicate_cluster_size_24
roboflow_counterfeit_med_detection_481a11a3ee,Roboflow - Counterfeit_med_detection (v4),roboflow\train\images29_jpg.rf.d6842a872202d9f918649456653eed4b.jpg,authentic,pid_00184,19,outer_packaging_or_product_photo,unclassified_needs_manual_review,640,640,JPEG,member_of_near_duplicate_cluster_size_19
roboflow_counterfeit_med_detection_86317067b2,Roboflow - Counterfeit_med_detection (v4),roboflow\train\images04_jpg.rf.d62f010fa81aaaeba70b43be0aa2935d.jpg,authentic,pid_00239,15,outer_packaging_or_product_photo,unclassified_needs_manual_review,640,640,JPEG,member_of_near_duplicate_cluster_size_15
roboflow_counterfeit_med_detection_d32b676c1f,Roboflow - Counterfeit_med_detection (v4),roboflow\train\images346_jpg.rf.d72eb09758226060b2893fbcd1553af3.jpg,authentic,pid_00052,12,outer_packaging_or_product_photo,unclassified_needs_manual_review,640,640,JPEG,member_of_near_duplicate_cluster_size_12
roboflow_counterfeit_med_detection_6a30d3a255,Roboflow - Counterfeit_med_detection (v4),roboflow\train\images5071_jpg.rf.d7831b2ec231c904e88344e0edc349f1.jpg,authentic,pid_00174,20,outer_packaging_or_product_photo,unclassified_needs_manual_review,640,640,JPEG,member_of_near_duplicate_cluster_size_20
roboflow_counterfeit_med_detection_cf6a0f02ec,Roboflow - Counterfeit_med_detection (v4),roboflow\train\images5064_jpg.rf.d6cba4d21310722333b6860ad0de2eed.jpg,authentic,pid_00252,13,outer_packaging_or_product_photo,unclassified_needs_manual_review,640,640,JPEG,member_of_near_duplicate_cluster_size_13
roboflow_counterfeit_med_detection_6ea5994c28,Roboflow - Counterfeit_med_detection (v4),roboflow\train\images5046_jpg.rf.d620aee999ce3118e5f90ebb561bf3f5.jpg,authentic,pid_00068,36,outer_packaging_or_product_photo,unclassified_needs_manual_review,640,640,JPEG,member_of_near_duplicate_cluster_size_36
roboflow_counterfeit_med_detection_7e558d5190,Roboflow - Counterfeit_med_detection (v4),roboflow\train\images240_jpg.rf.d75d7e32b326148d27b64cbce3a9569c.jpg,authentic,pid_00248,13,outer_packaging_or_product_photo,unclassified_needs_manual_review,640,640,JPEG,member_of_near_duplicate_cluster_size_13
roboflow_counterfeit_med_detection_2858b42595,Roboflow - Counterfeit_med_detection (v4),roboflow\train\images5034_jpg.rf.d726e3b4f4e698d574cff6704f352ab3.jpg,authentic,pid_00009,19,outer_packaging_or_product_photo,unclassified_needs_manual_review,640,640,JPEG,member_of_near_duplicate_cluster_size_19
roboflow_counterfeit_med_detection_0c34ee33c5,Roboflow - Counterfeit_med_detection (v4),roboflow\train\images4060_jpg.rf.d8aea1f92e04c2d958468c30a6a0b2e5.jpg,authentic,pid_00010,56,outer_packaging_or_product_photo,unclassified_needs_manual_review,640,640,JPEG,member_of_near_duplicate_cluster_size_56
roboflow_counterfeit_med_detection_d04eab91a1,Roboflow - Counterfeit_med_detection (v4),roboflow\train\images4033_jpg.rf.d8054ce0febf45296a708977d786ce55.jpg,authentic,pid_00061,41,outer_packaging_or_product_photo,unclassified_needs_manual_review,640,640,JPEG,member_of_near_duplicate_cluster_size_41
roboflow_counterfeit_med_detection_8588b67b4d,Roboflow - Counterfeit_med_detection (v4),roboflow\train\images04_jpg.rf.d894110d34f5ae1a72d35a7e808e704b.jpg,authentic,pid_00239,15,outer_packaging_or_product_photo,unclassified_needs_manual_review,640,640,JPEG,member_of_near_duplicate_cluster_size_15
roboflow_counterfeit_med_detection_301c0b0bd4,Roboflow - Counterfeit_med_detection (v4),roboflow\train\images5090_jpg.rf.d8d9b8e1091539837b6cd93d6c6b7b3d.jpg,authentic,pid_00029,7,outer_packaging_or_product_photo,unclassified_needs_manual_review,640,640,JPEG,member_of_near_duplicate_cluster_size_7
roboflow_counterfeit_med_detection_0592dc81bb,Roboflow - Counterfeit_med_detection (v4),roboflow\train\images348_jpg.rf.d7f18bb251f9a4c5264bf2da5014bb55.jpg,authentic,pid_00038,37,outer_packaging_or_product_photo,unclassified_needs_manual_review,640,640,JPEG,member_of_near_duplicate_cluster_size_37
roboflow_counterfeit_med_detection_72c3d336f0,Roboflow - Counterfeit_med_detection (v4),roboflow\train\images225_jpg.rf.d80f107cf33b5c873654a4892ef3d3c5.jpg,authentic,pid_00171,19,outer_packaging_or_product_photo,unclassified_needs_manual_review,640,640,JPEG,member_of_near_duplicate_cluster_size_19
roboflow_counterfeit_med_detection_cd88836eed,Roboflow - Counterfeit_med_detection (v4),roboflow\train\images342_jpg.rf.d8b74a25010d75f3b3382ea780d54296.jpg,authentic,pid_00089,12,outer_packaging_or_product_photo,unclassified_needs_manual_review,640,640,JPEG,member_of_near_duplicate_cluster_size_12
roboflow_counterfeit_med_detection_bf9ad37ae0,Roboflow - Counterfeit_med_detection (v4),roboflow\train\images346_jpg.rf.d8583b2a5b09bc210b891fc530da6e6b.jpg,authentic,pid_00189,24,outer_packaging_or_product_photo,unclassified_needs_manual_review,640,640,JPEG,member_of_near_duplicate_cluster_size_24
roboflow_counterfeit_med_detection_9647bb9bf0,Roboflow - Counterfeit_med_detection (v4),roboflow\train\images340_jpg.rf.d8ebf32aeccc40a4556d4985afb61e46.jpg,authentic,pid_00224,24,outer_packaging_or_product_photo,unclassified_needs_manual_review,640,640,JPEG,member_of_near_duplicate_cluster_size_24
roboflow_counterfeit_med_detection_642eaa0c4a,Roboflow - Counterfeit_med_detection (v4),roboflow\train\images218_jpg.rf.d8bbca7ea1ad7b0a9e9e2547fcdac128.jpg,authentic,pid_00136,5,outer_packaging_or_product_photo,unclassified_needs_manual_review,640,640,JPEG,member_of_near_duplicate_cluster_size_5
roboflow_counterfeit_med_detection_58528d908d,Roboflow - Counterfeit_med_detection (v4),roboflow\train\images14_jpg.rf.d8ede833d51bc10c4d5e597f29b7d0c8.jpg,authentic,pid_00031,25,outer_packaging_or_product_photo,unclassified_needs_manual_review,640,640,JPEG,member_of_near_duplicate_cluster_size_25
roboflow_counterfeit_med_detection_a434827d9b,Roboflow - Counterfeit_med_detection (v4),roboflow\train\images5064_jpg.rf.d8e2ba0ad16ee8ed243046a5d51fb98a.jpg,authentic,pid_00252,13,outer_packaging_or_product_photo,unclassified_needs_manual_review,640,640,JPEG,member_of_near_duplicate_cluster_size_13
roboflow_counterfeit_med_detection_883d727a7c,Roboflow - Counterfeit_med_detection (v4),roboflow\train\images4090_jpg.rf.d957e704b6ff973e86f4a7896ee1d47b.jpg,authentic,pid_00084,21,outer_packaging_or_product_photo,unclassified_needs_manual_review,640,640,JPEG,member_of_near_duplicate_cluster_size_21
roboflow_counterfeit_med_detection_965e3159de,Roboflow - Counterfeit_med_detection (v4),roboflow\train\images5030_jpg.rf.d8ad0ca84323c059f724e9e8e11b7c77.jpg,authentic,pid_00267,12,outer_packaging_or_product_photo,unclassified_needs_manual_review,640,640,JPEG,member_of_near_duplicate_cluster_size_12
roboflow_counterfeit_med_detection_01e2e1edec,Roboflow - Counterfeit_med_detection (v4),roboflow\train\images4045_jpg.rf.d8b031946ecc1b1fd69bbca4bcf671ad.jpg,authentic,pid_00268,12,outer_packaging_or_product_photo,unclassified_needs_manual_review,640,640,JPEG,member_of_near_duplicate_cluster_size_12
roboflow_counterfeit_med_detection_4e8188b823,Roboflow - Counterfeit_med_detection (v4),roboflow\train\images209_jpg.rf.d8edae6c0f9ad4253af219966055c569.jpg,authentic,pid_00062,14,outer_packaging_or_product_photo,unclassified_needs_manual_review,640,640,JPEG,member_of_near_duplicate_cluster_size_14
roboflow_counterfeit_med_detection_13c89289bf,Roboflow - Counterfeit_med_detection (v4),roboflow\train\images241_jpg.rf.d926b6cd57007d250c885524b5ddd183.jpg,authentic,pid_00237,12,outer_packaging_or_product_photo,unclassified_needs_manual_review,640,640,JPEG,member_of_near_duplicate_cluster_size_12
roboflow_counterfeit_med_detection_d964d9d848,Roboflow - Counterfeit_med_detection (v4),roboflow\train\images4093_jpg.rf.d973b82056ef191756e2ce5f8b42b41f.jpg,authentic,pid_00251,12,outer_packaging_or_product_photo,unclassified_needs_manual_review,640,640,JPEG,member_of_near_duplicate_cluster_size_12
roboflow_counterfeit_med_detection_f27f02d411,Roboflow - Counterfeit_med_detection (v4),roboflow\train\images342_jpg.rf.da0a18dd0389c49e4c0a1f445644f705.jpg,authentic,pid_00002,25,outer_packaging_or_product_photo,unclassified_needs_manual_review,640,640,JPEG,member_of_near_duplicate_cluster_size_25
roboflow_counterfeit_med_detection_d1a3a382b9,Roboflow - Counterfeit_med_detection (v4),roboflow\train\images5097_jpg.rf.da7d4502d527cdee6d1e4fa6bc6ce4a8.jpg,authentic,pid_00005,28,outer_packaging_or_product_photo,unclassified_needs_manual_review,640,640,JPEG,member_of_near_duplicate_cluster_size_28
roboflow_counterfeit_med_detection_c83b146db0,Roboflow - Counterfeit_med_detection (v4),roboflow\train\images5031_jpg.rf.d9879d32a88b88de76efce60d9bc33ba.jpg,authentic,pid_00131,33,outer_packaging_or_product_photo,unclassified_needs_manual_review,640,640,JPEG,member_of_near_duplicate_cluster_size_33
roboflow_counterfeit_med_detection_6e9c8102ca,Roboflow - Counterfeit_med_detection (v4),roboflow\train\images310_jpg.rf.dab26a60c2587bee826f9cd3edf7b7f7.jpg,authentic,pid_00302,6,outer_packaging_or_product_photo,unclassified_needs_manual_review,640,640,JPEG,member_of_near_duplicate_cluster_size_6
roboflow_counterfeit_med_detection_490d65af61,Roboflow - Counterfeit_med_detection (v4),roboflow\train\images36_jpg.rf.d9f5cb3b54291fe5902c5adb93d2f350.jpg,authentic,pid_00006,37,outer_packaging_or_product_photo,unclassified_needs_manual_review,640,640,JPEG,member_of_near_duplicate_cluster_size_37
roboflow_counterfeit_med_detection_d09380f904,Roboflow - Counterfeit_med_detection (v4),roboflow\train\images4110_jpg.rf.d9eaa5b4f3d66a86acf787605f2ddaf9.jpg,authentic,pid_00000,19,outer_packaging_or_product_photo,unclassified_needs_manual_review,640,640,JPEG,member_of_near_duplicate_cluster_size_19
roboflow_counterfeit_med_detection_4a00fba215,Roboflow - Counterfeit_med_detection (v4),roboflow\train\images5103_jpg.rf.dac3fd42b63a5af03e2902c2a1194795.jpg,authentic,pid_00077,19,outer_packaging_or_product_photo,unclassified_needs_manual_review,640,640,JPEG,member_of_near_duplicate_cluster_size_19
roboflow_counterfeit_med_detection_9f617bf8e6,Roboflow - Counterfeit_med_detection (v4),roboflow\train\images19_jpg.rf.da996565a248c31346da6dbafe9d2941.jpg,authentic,pid_00114,13,outer_packaging_or_product_photo,unclassified_needs_manual_review,640,640,JPEG,member_of_near_duplicate_cluster_size_13
roboflow_counterfeit_med_detection_7e780e9c9a,Roboflow - Counterfeit_med_detection (v4),roboflow\train\images231_jpg.rf.dabe3a9fe25be5fce24c16665b803750.jpg,authentic,pid_00090,18,outer_packaging_or_product_photo,unclassified_needs_manual_review,640,640,JPEG,member_of_near_duplicate_cluster_size_18
roboflow_counterfeit_med_detection_9d2677244e,Roboflow - Counterfeit_med_detection (v4),roboflow\train\images4061_jpg.rf.da75886443d51e75e1f16dceb836f118.jpg,authentic,pid_00051,17,outer_packaging_or_product_photo,unclassified_needs_manual_review,640,640,JPEG,member_of_near_duplicate_cluster_size_17
roboflow_counterfeit_med_detection_1c3d50b985,Roboflow - Counterfeit_med_detection (v4),roboflow\train\images4025_jpg.rf.dac6f5445a5e91d9f2bf14e0eaaa0f13.jpg,authentic,pid_00278,7,outer_packaging_or_product_photo,unclassified_needs_manual_review,640,640,JPEG,member_of_near_duplicate_cluster_size_7
roboflow_counterfeit_med_detection_d7a2db7681,Roboflow - Counterfeit_med_detection (v4),roboflow\train\images4045_jpg.rf.dab7d7d1fe8b0370f1d93c5d13efd584.jpg,authentic,pid_00268,12,outer_packaging_or_product_photo,unclassified_needs_manual_review,640,640,JPEG,member_of_near_duplicate_cluster_size_12
roboflow_counterfeit_med_detection_f7d355bde5,Roboflow - Counterfeit_med_detection (v4),roboflow\train\images303_jpg.rf.d9ccc841ef8c1d01c0e6d9d862bf4b05.jpg,authentic,pid_00113,17,outer_packaging_or_product_photo,unclassified_needs_manual_review,640,640,JPEG,member_of_near_duplicate_cluster_size_17
roboflow_counterfeit_med_detection_19d61f4c9a,Roboflow - Counterfeit_med_detection (v4),roboflow\train\images4048_jpg.rf.da05db0250aee2930e991fe66cab9c27.jpg,authentic,pid_00017,28,outer_packaging_or_product_photo,unclassified_needs_manual_review,640,640,JPEG,member_of_near_duplicate_cluster_size_28
roboflow_counterfeit_med_detection_82c3a62c06,Roboflow - Counterfeit_med_detection (v4),roboflow\train\images4116_jpg.rf.dad6b78f07f3a15027539f07a3251b39.jpg,authentic,pid_00042,7,outer_packaging_or_product_photo,unclassified_needs_manual_review,640,640,JPEG,member_of_near_duplicate_cluster_size_7
roboflow_counterfeit_med_detection_babeef2c43,Roboflow - Counterfeit_med_detection (v4),roboflow\train\images347_jpg.rf.db57387452503c99bb5c9621f8f5aaf2.jpg,authentic,pid_00119,35,outer_packaging_or_product_photo,unclassified_needs_manual_review,640,640,JPEG,member_of_near_duplicate_cluster_size_35
roboflow_counterfeit_med_detection_8958c7b2b6,Roboflow - Counterfeit_med_detection (v4),roboflow\train\images209_jpg.rf.dbe0238d44e5a3cde8b2b4807218f377.jpg,authentic,pid_00062,14,outer_packaging_or_product_photo,unclassified_needs_manual_review,640,640,JPEG,member_of_near_duplicate_cluster_size_14
roboflow_counterfeit_med_detection_602ed0c71a,Roboflow - Counterfeit_med_detection (v4),roboflow\train\images349_jpg.rf.dba636fbfbeab05d760764e68cd682ea.jpg,authentic,pid_00112,9,outer_packaging_or_product_photo,unclassified_needs_manual_review,640,640,JPEG,member_of_near_duplicate_cluster_size_9
roboflow_counterfeit_med_detection_818d6dfe80,Roboflow - Counterfeit_med_detection (v4),roboflow\train\images260_jpg.rf.dbbdff8335d87e7816456e56d1c82c3c.jpg,authentic,pid_00160,19,outer_packaging_or_product_photo,unclassified_needs_manual_review,640,640,JPEG,member_of_near_duplicate_cluster_size_19
roboflow_counterfeit_med_detection_2203b3d3d5,Roboflow - Counterfeit_med_detection (v4),roboflow\train\images4031_jpg.rf.dbbfa8e764ab03a99665c198e49c68a7.jpg,authentic,pid_00240,12,outer_packaging_or_product_photo,unclassified_needs_manual_review,640,640,JPEG,member_of_near_duplicate_cluster_size_12
roboflow_counterfeit_med_detection_be921eb280,Roboflow - Counterfeit_med_detection (v4),roboflow\train\images232_jpg.rf.dcbd9ce31cb53ac6e737bd0636c04ac6.jpg,authentic,pid_00286,3,outer_packaging_or_product_photo,unclassified_needs_manual_review,640,640,JPEG,member_of_near_duplicate_cluster_size_3
roboflow_counterfeit_med_detection_26a937398e,Roboflow - Counterfeit_med_detection (v4),roboflow\train\images4092_jpg.rf.dc2dcdecaf2e42a0cb153917b2849e4a.jpg,authentic,pid_00272,5,outer_packaging_or_product_photo,unclassified_needs_manual_review,640,640,JPEG,member_of_near_duplicate_cluster_size_5
roboflow_counterfeit_med_detection_e848b0e0b4,Roboflow - Counterfeit_med_detection (v4),roboflow\train\images230_jpg.rf.db9b589a1eb947b972032549fcfe0749.jpg,authentic,pid_00168,18,outer_packaging_or_product_photo,unclassified_needs_manual_review,640,640,JPEG,member_of_near_duplicate_cluster_size_18
roboflow_counterfeit_med_detection_2771b4f556,Roboflow - Counterfeit_med_detection (v4),roboflow\train\images5058_jpg.rf.dc91a66dd275047b333997d4d0f33f1f.jpg,authentic,pid_00226,14,outer_packaging_or_product_photo,unclassified_needs_manual_review,640,640,JPEG,member_of_near_duplicate_cluster_size_14
roboflow_counterfeit_med_detection_9a4fe53529,Roboflow - Counterfeit_med_detection (v4),roboflow\train\images4058_jpg.rf.dc444a578fbaac93faa9b839d0a7ce41.jpg,authentic,pid_00158,43,outer_packaging_or_product_photo,unclassified_needs_manual_review,640,640,JPEG,member_of_near_duplicate_cluster_size_43
roboflow_counterfeit_med_detection_8dd39b5dda,Roboflow - Counterfeit_med_detection (v4),roboflow\train\images4120_jpg.rf.dc92c4c3a7127151c5673db2c673c115.jpg,authentic,pid_00261,19,outer_packaging_or_product_photo,unclassified_needs_manual_review,640,640,JPEG,member_of_near_duplicate_cluster_size_19
roboflow_counterfeit_med_detection_b99db44a9a,Roboflow - Counterfeit_med_detection (v4),roboflow\train\images4063_jpg.rf.dc5ffd3660c4aa5e7d47468ca9beec95.jpg,authentic,pid_00228,3,outer_packaging_or_product_photo,unclassified_needs_manual_review,640,640,JPEG,member_of_near_duplicate_cluster_size_3
roboflow_counterfeit_med_detection_78d23b1d45,Roboflow - Counterfeit_med_detection (v4),roboflow\train\images4046_jpg.rf.dd18f65dff44044f94c57157e1210c70.jpg,authentic,pid_00087,37,outer_packaging_or_product_photo,unclassified_needs_manual_review,640,640,JPEG,member_of_near_duplicate_cluster_size_37
roboflow_counterfeit_med_detection_961054176e,Roboflow - Counterfeit_med_detection (v4),roboflow\train\images02_jpg.rf.dbe9523371f2013517fbfd0de8b4afc8.jpg,authentic,pid_00007,14,outer_packaging_or_product_photo,unclassified_needs_manual_review,640,640,JPEG,member_of_near_duplicate_cluster_size_14
roboflow_counterfeit_med_detection_621c91d07b,Roboflow - Counterfeit_med_detection (v4),roboflow\train\images257_jpg.rf.dbcf7af4c9aa237ffaf43c1af321c5bf.jpg,authentic,pid_00031,25,outer_packaging_or_product_photo,unclassified_needs_manual_review,640,640,JPEG,member_of_near_duplicate_cluster_size_25
roboflow_counterfeit_med_detection_99fa756acd,Roboflow - Counterfeit_med_detection (v4),roboflow\train\images209_jpg.rf.dbf8a0a72d5cee0bc17bbff700dfa3d9.jpg,authentic,pid_00062,14,outer_packaging_or_product_photo,unclassified_needs_manual_review,640,640,JPEG,member_of_near_duplicate_cluster_size_14
roboflow_counterfeit_med_detection_ce88b46c97,Roboflow - Counterfeit_med_detection (v4),roboflow\train\images5058_jpg.rf.dd4bd24d175ec7577f74d621fe666f55.jpg,authentic,pid_00198,4,outer_packaging_or_product_photo,unclassified_needs_manual_review,640,640,JPEG,member_of_near_duplicate_cluster_size_4
roboflow_counterfeit_med_detection_a950b55e25,Roboflow - Counterfeit_med_detection (v4),roboflow\train\images315_jpg.rf.dd1bb06c4de67ef188a2792cfba70911.jpg,authentic,pid_00299,7,outer_packaging_or_product_photo,unclassified_needs_manual_review,640,640,JPEG,member_of_near_duplicate_cluster_size_7
roboflow_counterfeit_med_detection_afca61c5f6,Roboflow - Counterfeit_med_detection (v4),roboflow\train\images5113_jpg.rf.dd4421bdb2807f6a2d8de6e244d1336f.jpg,authentic,pid_00258,17,outer_packaging_or_product_photo,unclassified_needs_manual_review,640,640,JPEG,member_of_near_duplicate_cluster_size_17
roboflow_counterfeit_med_detection_2a32fbc84d,Roboflow - Counterfeit_med_detection (v4),roboflow\train\images321_jpg.rf.dd51a4c9f283f33da3b9e688bf5da8e1.jpg,authentic,pid_00074,55,outer_packaging_or_product_photo,unclassified_needs_manual_review,640,640,JPEG,member_of_near_duplicate_cluster_size_55
roboflow_counterfeit_med_detection_98ecb2d024,Roboflow - Counterfeit_med_detection (v4),roboflow\train\images230_jpg.rf.dd59ec07c635e349c51c8e707ffdde4a.jpg,authentic,pid_00168,18,outer_packaging_or_product_photo,unclassified_needs_manual_review,640,640,JPEG,member_of_near_duplicate_cluster_size_18
roboflow_counterfeit_med_detection_73136cc3b8,Roboflow - Counterfeit_med_detection (v4),roboflow\train\images5039_jpg.rf.ddebad1f3a998279115e46f3c8173db5.jpg,authentic,pid_00270,9,outer_packaging_or_product_photo,unclassified_needs_manual_review,640,640,JPEG,member_of_near_duplicate_cluster_size_9
roboflow_counterfeit_med_detection_5557f37b51,Roboflow - Counterfeit_med_detection (v4),roboflow\train\images33_jpg.rf.ddd97137e3835afa6a61faef9bf13667.jpg,authentic,pid_00269,24,outer_packaging_or_product_photo,unclassified_needs_manual_review,640,640,JPEG,member_of_near_duplicate_cluster_size_24
roboflow_counterfeit_med_detection_f12c8d3aa6,Roboflow - Counterfeit_med_detection (v4),roboflow\train\images46_jpg.rf.ddfe1652965b0c7dc5072ca5fd53267a.jpg,authentic,pid_00210,17,outer_packaging_or_product_photo,unclassified_needs_manual_review,640,640,JPEG,member_of_near_duplicate_cluster_size_17
roboflow_counterfeit_med_detection_c969f4c91d,Roboflow - Counterfeit_med_detection (v4),roboflow\train\images5067_jpg.rf.de583677c635346fc5f6cbeab9b2e788.jpg,authentic,pid_00244,12,outer_packaging_or_product_photo,unclassified_needs_manual_review,640,640,JPEG,member_of_near_duplicate_cluster_size_12
roboflow_counterfeit_med_detection_5ef84f73d9,Roboflow - Counterfeit_med_detection (v4),roboflow\train\images5062_jpg.rf.de9952f5b482fb72edf2bc3465965353.jpg,authentic,pid_00091,20,outer_packaging_or_product_photo,unclassified_needs_manual_review,640,640,JPEG,member_of_near_duplicate_cluster_size_20
roboflow_counterfeit_med_detection_18937226c3,Roboflow - Counterfeit_med_detection (v4),roboflow\train\images5110_jpg.rf.df185b288cf1065078198f44a31bb0cf.jpg,authentic,pid_00143,8,outer_packaging_or_product_photo,unclassified_needs_manual_review,640,640,JPEG,member_of_near_duplicate_cluster_size_8
roboflow_counterfeit_med_detection_993a7adad0,Roboflow - Counterfeit_med_detection (v4),roboflow\train\images222_jpg.rf.dedc5a1f6a08c009c7851b562efffa2c.jpg,authentic,pid_00068,36,outer_packaging_or_product_photo,unclassified_needs_manual_review,640,640,JPEG,member_of_near_duplicate_cluster_size_36
roboflow_counterfeit_med_detection_f0e71a929a,Roboflow - Counterfeit_med_detection (v4),roboflow\train\images210_jpg.rf.de833368a91ff93b24f77b02dc2f0ff8.jpg,authentic,pid_00095,10,outer_packaging_or_product_photo,unclassified_needs_manual_review,640,640,JPEG,member_of_near_duplicate_cluster_size_10
roboflow_counterfeit_med_detection_0cde342f55,Roboflow - Counterfeit_med_detection (v4),roboflow\train\images346_jpg.rf.de6566aff1e08df60e47d616beb3295c.jpg,authentic,pid_00189,24,outer_packaging_or_product_photo,unclassified_needs_manual_review,640,640,JPEG,member_of_near_duplicate_cluster_size_24
roboflow_counterfeit_med_detection_e0fb4a9e92,Roboflow - Counterfeit_med_detection (v4),roboflow\train\images5040_jpg.rf.deece6582f5a7f6af7f448ae824d829b.jpg,authentic,pid_00099,17,outer_packaging_or_product_photo,unclassified_needs_manual_review,640,640,JPEG,member_of_near_duplicate_cluster_size_17
roboflow_counterfeit_med_detection_714762d5a5,Roboflow - Counterfeit_med_detection (v4),roboflow\train\images05_jpg.rf.defeb3338018d42397ef46f77791404f.jpg,authentic,pid_00139,21,outer_packaging_or_product_photo,unclassified_needs_manual_review,640,640,JPEG,member_of_near_duplicate_cluster_size_21
roboflow_counterfeit_med_detection_4122a8c56c,Roboflow - Counterfeit_med_detection (v4),roboflow\train\images351_jpg.rf.deea57830beef27460ba6fc2a63a7b3a.jpg,authentic,pid_00020,25,outer_packaging_or_product_photo,unclassified_needs_manual_review,640,640,JPEG,member_of_near_duplicate_cluster_size_25
roboflow_counterfeit_med_detection_e60195ff2a,Roboflow - Counterfeit_med_detection (v4),roboflow\train\images46_jpg.rf.df7d4c33a8ee2d468a35fe06449ade64.jpg,authentic,pid_00210,17,outer_packaging_or_product_photo,unclassified_needs_manual_review,640,640,JPEG,member_of_near_duplicate_cluster_size_17
roboflow_counterfeit_med_detection_3947035adc,Roboflow - Counterfeit_med_detection (v4),roboflow\train\images01_jpg.rf.deb1dc24637206196dbd5c7145a9d93d.jpg,authentic,pid_00061,41,outer_packaging_or_product_photo,unclassified_needs_manual_review,640,640,JPEG,member_of_near_duplicate_cluster_size_41
roboflow_counterfeit_med_detection_cbe46a70f7,Roboflow - Counterfeit_med_detection (v4),roboflow\train\images4045_jpg.rf.df57e6d62f0a974521155227fa6e54a9.jpg,authentic,pid_00164,12,outer_packaging_or_product_photo,unclassified_needs_manual_review,640,640,JPEG,member_of_near_duplicate_cluster_size_12
roboflow_counterfeit_med_detection_fee3d5466c,Roboflow - Counterfeit_med_detection (v4),roboflow\train\images228_jpg.rf.dfb3f924832a566d788d73a5bb7d42d5.jpg,authentic,pid_00131,33,outer_packaging_or_product_photo,unclassified_needs_manual_review,640,640,JPEG,member_of_near_duplicate_cluster_size_33
roboflow_counterfeit_med_detection_e0f7802678,Roboflow - Counterfeit_med_detection (v4),roboflow\train\images4039_jpg.rf.df85fae2154cd030770d30670b94c313.jpg,authentic,pid_00075,20,outer_packaging_or_product_photo,unclassified_needs_manual_review,640,640,JPEG,member_of_near_duplicate_cluster_size_20
roboflow_counterfeit_med_detection_93da3339c4,Roboflow - Counterfeit_med_detection (v4),roboflow\train\images225_jpg.rf.df946ef007d5f44c2b9fdcce5b229ea1.jpg,authentic,pid_00171,19,outer_packaging_or_product_photo,unclassified_needs_manual_review,640,640,JPEG,member_of_near_duplicate_cluster_size_19
roboflow_counterfeit_med_detection_f758352980,Roboflow - Counterfeit_med_detection (v4),roboflow\train\images4120_jpg.rf.e05fde3006a3d0948d7e101b9715022f.jpg,authentic,pid_00261,19,outer_packaging_or_product_photo,unclassified_needs_manual_review,640,640,JPEG,member_of_near_duplicate_cluster_size_19
roboflow_counterfeit_med_detection_ca3f5b7da1,Roboflow - Counterfeit_med_detection (v4),roboflow\train\images310_jpg.rf.dfc7dc2060af6ab604e2293555868c05.jpg,authentic,pid_00302,6,outer_packaging_or_product_photo,unclassified_needs_manual_review,640,640,JPEG,member_of_near_duplicate_cluster_size_6
roboflow_counterfeit_med_detection_f59ecafb67,Roboflow - Counterfeit_med_detection (v4),roboflow\train\images4093_jpg.rf.dfe369a92981d6eda351486fd5309c9e.jpg,authentic,pid_00344,1,outer_packaging_or_product_photo,unclassified_needs_manual_review,640,640,JPEG,
roboflow_counterfeit_med_detection_43bf8ef175,Roboflow - Counterfeit_med_detection (v4),roboflow\train\images09_jpg.rf.e048cdb1803f27f53d7ae42fc68736e5.jpg,authentic,pid_00044,12,outer_packaging_or_product_photo,unclassified_needs_manual_review,640,640,JPEG,member_of_near_duplicate_cluster_size_12
roboflow_counterfeit_med_detection_81207e50d6,Roboflow - Counterfeit_med_detection (v4),roboflow\train\images5032_jpg.rf.dfa047556c987d9c348cb7ede5a5bd31.jpg,authentic,pid_00013,19,outer_packaging_or_product_photo,unclassified_needs_manual_review,640,640,JPEG,member_of_near_duplicate_cluster_size_19
roboflow_counterfeit_med_detection_06c98e1643,Roboflow - Counterfeit_med_detection (v4),roboflow\train\images4079_jpg.rf.dff27ccebe49c897f5b1f1a6172483a5.jpg,authentic,pid_00103,13,outer_packaging_or_product_photo,unclassified_needs_manual_review,640,640,JPEG,member_of_near_duplicate_cluster_size_13
roboflow_counterfeit_med_detection_63aac9260b,Roboflow - Counterfeit_med_detection (v4),roboflow\train\images4082_jpg.rf.e03cead289ce3c77299cf5c3f9c9672a.jpg,authentic,pid_00154,18,outer_packaging_or_product_photo,unclassified_needs_manual_review,640,640,JPEG,member_of_near_duplicate_cluster_size_18
roboflow_counterfeit_med_detection_b90b691d4f,Roboflow - Counterfeit_med_detection (v4),roboflow\train\images5059_jpg.rf.e0278d40bff70cf951d69738fd996941.jpg,authentic,pid_00121,19,outer_packaging_or_product_photo,unclassified_needs_manual_review,640,640,JPEG,member_of_near_duplicate_cluster_size_19
roboflow_counterfeit_med_detection_95e0db4b76,Roboflow - Counterfeit_med_detection (v4),roboflow\train\images07_jpg.rf.dfcb8ce7bae2fe5fff95c1dded0812f3.jpg,authentic,pid_00105,20,outer_packaging_or_product_photo,unclassified_needs_manual_review,640,640,JPEG,member_of_near_duplicate_cluster_size_20
roboflow_counterfeit_med_detection_5d03977154,Roboflow - Counterfeit_med_detection (v4),roboflow\train\images4058_jpg.rf.e095b67820ccedc5e5ed16a3839b01c3.jpg,authentic,pid_00077,19,outer_packaging_or_product_photo,unclassified_needs_manual_review,640,640,JPEG,member_of_near_duplicate_cluster_size_19
roboflow_counterfeit_med_detection_fb2d26892a,Roboflow - Counterfeit_med_detection (v4),roboflow\train\images36_jpg.rf.e157bde8e559fe91c2103a38e2b1a2ad.jpg,authentic,pid_00006,37,outer_packaging_or_product_photo,unclassified_needs_manual_review,640,640,JPEG,member_of_near_duplicate_cluster_size_37
roboflow_counterfeit_med_detection_7958d6614c,Roboflow - Counterfeit_med_detection (v4),roboflow\train\images33_jpg.rf.e102c13d1c81dba8f92a335f8488bb45.jpg,authentic,pid_00269,24,outer_packaging_or_product_photo,unclassified_needs_manual_review,640,640,JPEG,member_of_near_duplicate_cluster_size_24
roboflow_counterfeit_med_detection_c81ba79ca0,Roboflow - Counterfeit_med_detection (v4),roboflow\train\images236_jpg.rf.e16cb3d918fce6bc6ea603b9dfcbde8d.jpg,authentic,pid_00055,19,outer_packaging_or_product_photo,unclassified_needs_manual_review,640,640,JPEG,member_of_near_duplicate_cluster_size_19
roboflow_counterfeit_med_detection_9bfd2dbe10,Roboflow - Counterfeit_med_detection (v4),roboflow\train\images206_jpg.rf.e17299f2b640d0a918abb0af12fd510b.jpg,authentic,pid_00345,1,outer_packaging_or_product_photo,unclassified_needs_manual_review,640,640,JPEG,
roboflow_counterfeit_med_detection_4a7cb33cc5,Roboflow - Counterfeit_med_detection (v4),roboflow\train\images4047_jpg.rf.e1b33e846e612305d3e4cc1fdee98cd2.jpg,authentic,pid_00110,25,outer_packaging_or_product_photo,unclassified_needs_manual_review,640,640,JPEG,member_of_near_duplicate_cluster_size_25
roboflow_counterfeit_med_detection_7f18187d04,Roboflow - Counterfeit_med_detection (v4),roboflow\train\images15_jpg.rf.e198b0c99ea7f12ebb98e7bbabe894fb.jpg,authentic,pid_00159,12,outer_packaging_or_product_photo,unclassified_needs_manual_review,640,640,JPEG,member_of_near_duplicate_cluster_size_12
roboflow_counterfeit_med_detection_f55f573d62,Roboflow - Counterfeit_med_detection (v4),roboflow\train\images4029_jpg.rf.e1789f1d5e3e0beadbb8c65b0bd3413e.jpg,authentic,pid_00083,23,outer_packaging_or_product_photo,unclassified_needs_manual_review,640,640,JPEG,member_of_near_duplicate_cluster_size_23
roboflow_counterfeit_med_detection_f8165252fb,Roboflow - Counterfeit_med_detection (v4),roboflow\train\download_jpg.rf.e208f50add6f02b8612b38bceac2778d.jpg,counterfeit,pid_00304,3,outer_packaging_or_product_photo,unclassified_needs_manual_review,640,640,JPEG,member_of_near_duplicate_cluster_size_3; rare_class_for_this_source_only_3_raw_instances_survived_filtering
roboflow_counterfeit_med_detection_230073e9d4,Roboflow - Counterfeit_med_detection (v4),roboflow\train\images5106_jpg.rf.e1fd31dc835d8382d73206f4496de986.jpg,authentic,pid_00115,19,outer_packaging_or_product_photo,unclassified_needs_manual_review,640,640,JPEG,member_of_near_duplicate_cluster_size_19
roboflow_counterfeit_med_detection_6622fd259e,Roboflow - Counterfeit_med_detection (v4),roboflow\train\images4100_jpg.rf.e1cfeb0f9c700c3a320ffed791a43c73.jpg,authentic,pid_00047,15,outer_packaging_or_product_photo,unclassified_needs_manual_review,640,640,JPEG,member_of_near_duplicate_cluster_size_15
roboflow_counterfeit_med_detection_47efc3b0a4,Roboflow - Counterfeit_med_detection (v4),roboflow\train\images227_jpg.rf.e1fd8d2f04843dd4aeb84f1a58ce3102.jpg,authentic,pid_00139,21,outer_packaging_or_product_photo,unclassified_needs_manual_review,640,640,JPEG,member_of_near_duplicate_cluster_size_21
roboflow_counterfeit_med_detection_68d32b83c5,Roboflow - Counterfeit_med_detection (v4),roboflow\train\images276_jpg.rf.e21d81d2b343c0d161b08e37da6cf3b7.jpg,authentic,pid_00308,8,outer_packaging_or_product_photo,unclassified_needs_manual_review,640,640,JPEG,member_of_near_duplicate_cluster_size_8
roboflow_counterfeit_med_detection_833cfcfad5,Roboflow - Counterfeit_med_detection (v4),roboflow\train\images5064_jpg.rf.e1f9758ea9578be46f32a919b96a49fa.jpg,authentic,pid_00311,4,outer_packaging_or_product_photo,unclassified_needs_manual_review,640,640,JPEG,member_of_near_duplicate_cluster_size_4
roboflow_counterfeit_med_detection_03a4d1adef,Roboflow - Counterfeit_med_detection (v4),roboflow\train\images219_jpg.rf.e1c38503378a3492000c33f12744fa57.jpg,authentic,pid_00058,7,outer_packaging_or_product_photo,unclassified_needs_manual_review,640,640,JPEG,member_of_near_duplicate_cluster_size_7
roboflow_counterfeit_med_detection_3aa8525bb5,Roboflow - Counterfeit_med_detection (v4),roboflow\train\images5090_jpg.rf.e25e429cf5196a3fa0de615a7c7407e9.jpg,authentic,pid_00108,10,outer_packaging_or_product_photo,unclassified_needs_manual_review,640,640,JPEG,member_of_near_duplicate_cluster_size_10
roboflow_counterfeit_med_detection_0b5fa04986,Roboflow - Counterfeit_med_detection (v4),roboflow\train\images5058_jpg.rf.e2678d32b32f2f933378bcb7a24d8a52.jpg,authentic,pid_00226,14,outer_packaging_or_product_photo,unclassified_needs_manual_review,640,640,JPEG,member_of_near_duplicate_cluster_size_14
roboflow_counterfeit_med_detection_d8a2e32cd7,Roboflow - Counterfeit_med_detection (v4),roboflow\train\images5062_jpg.rf.e2b3b637bfbb65775d56ae49a6b128e0.jpg,authentic,pid_00091,20,outer_packaging_or_product_photo,unclassified_needs_manual_review,640,640,JPEG,member_of_near_duplicate_cluster_size_20
roboflow_counterfeit_med_detection_bdefcc191e,Roboflow - Counterfeit_med_detection (v4),roboflow\train\images4042_jpg.rf.e289a9a2c6dc4b2601329da2736ac67c.jpg,authentic,pid_00092,40,outer_packaging_or_product_photo,unclassified_needs_manual_review,640,640,JPEG,member_of_near_duplicate_cluster_size_40
roboflow_counterfeit_med_detection_f6138a98ad,Roboflow - Counterfeit_med_detection (v4),roboflow\train\images5117_jpg.rf.e23c878e9c2d2f6ce4c32ef4094eb92f.jpg,authentic,pid_00172,18,outer_packaging_or_product_photo,unclassified_needs_manual_review,640,640,JPEG,member_of_near_duplicate_cluster_size_18
roboflow_counterfeit_med_detection_863919b126,Roboflow - Counterfeit_med_detection (v4),roboflow\train\images351_jpg.rf.e29017c07a75f03c21e97e6a2209c16e.jpg,authentic,pid_00020,25,outer_packaging_or_product_photo,unclassified_needs_manual_review,640,640,JPEG,member_of_near_duplicate_cluster_size_25
roboflow_counterfeit_med_detection_b790cbd711,Roboflow - Counterfeit_med_detection (v4),roboflow\train\images4074_jpg.rf.e269e1c216090f7e7297840ecb1146e1.jpg,authentic,pid_00273,19,outer_packaging_or_product_photo,unclassified_needs_manual_review,640,640,JPEG,member_of_near_duplicate_cluster_size_19
roboflow_counterfeit_med_detection_7b0e32df53,Roboflow - Counterfeit_med_detection (v4),roboflow\train\images321_jpg.rf.e3156dd79cb1b14efb50aee841fd5aa3.jpg,authentic,pid_00074,55,outer_packaging_or_product_photo,unclassified_needs_manual_review,640,640,JPEG,member_of_near_duplicate_cluster_size_55
roboflow_counterfeit_med_detection_c3fa87eb74,Roboflow - Counterfeit_med_detection (v4),roboflow\train\images245_jpg.rf.e3a090d4697b060c7ecc5046c4a5423d.jpg,authentic,pid_00254,14,outer_packaging_or_product_photo,unclassified_needs_manual_review,640,640,JPEG,member_of_near_duplicate_cluster_size_14
roboflow_counterfeit_med_detection_d389823c15,Roboflow - Counterfeit_med_detection (v4),roboflow\train\images264_jpg.rf.e43aeac0113baef93fb935d71ce880b0.jpg,authentic,pid_00019,18,outer_packaging_or_product_photo,unclassified_needs_manual_review,640,640,JPEG,member_of_near_duplicate_cluster_size_18
roboflow_counterfeit_med_detection_a6ee7dac3f,Roboflow - Counterfeit_med_detection (v4),roboflow\train\images43_jpg.rf.e3b136036f4c04e33ce22f13d15bc4b0.jpg,authentic,pid_00262,8,outer_packaging_or_product_photo,unclassified_needs_manual_review,640,640,JPEG,member_of_near_duplicate_cluster_size_8
roboflow_counterfeit_med_detection_e587988f48,Roboflow - Counterfeit_med_detection (v4),roboflow\train\images4025_jpg.rf.e4317233ca5c7ba9777356e1d7c8fd14.jpg,authentic,pid_00129,29,outer_packaging_or_product_photo,unclassified_needs_manual_review,640,640,JPEG,member_of_near_duplicate_cluster_size_29
roboflow_counterfeit_med_detection_42cc0b0388,Roboflow - Counterfeit_med_detection (v4),roboflow\train\images5051_jpg.rf.e4f0fae01d7091c2e095c4f4bb929a64.jpg,authentic,pid_00036,18,outer_packaging_or_product_photo,unclassified_needs_manual_review,640,640,JPEG,member_of_near_duplicate_cluster_size_18
roboflow_counterfeit_med_detection_caf24eb7da,Roboflow - Counterfeit_med_detection (v4),roboflow\train\images222_jpg.rf.e49b6327e106592ad1e00d2522552bc7.jpg,authentic,pid_00068,36,outer_packaging_or_product_photo,unclassified_needs_manual_review,640,640,JPEG,member_of_near_duplicate_cluster_size_36
roboflow_counterfeit_med_detection_2c9933397a,Roboflow - Counterfeit_med_detection (v4),roboflow\train\images4064_jpg.rf.e43cc7a614c66bb860ec7e8d356a5d2c.jpg,authentic,pid_00026,19,outer_packaging_or_product_photo,unclassified_needs_manual_review,640,640,JPEG,member_of_near_duplicate_cluster_size_19
roboflow_counterfeit_med_detection_373e5f24a4,Roboflow - Counterfeit_med_detection (v4),roboflow\train\images340_jpg.rf.e49a27ecc8904a6b853c1e5dffb022a1.jpg,authentic,pid_00224,24,outer_packaging_or_product_photo,unclassified_needs_manual_review,640,640,JPEG,member_of_near_duplicate_cluster_size_24
roboflow_counterfeit_med_detection_8342f38cb7,Roboflow - Counterfeit_med_detection (v4),roboflow\train\images349_jpg.rf.e5082b94075c9d70152ae92759379c0c.jpg,authentic,pid_00259,16,outer_packaging_or_product_photo,unclassified_needs_manual_review,640,640,JPEG,member_of_near_duplicate_cluster_size_16
roboflow_counterfeit_med_detection_282ff8af68,Roboflow - Counterfeit_med_detection (v4),roboflow\train\images302_jpg.rf.e41fb2d9665ec1edba7f957e015a937c.jpg,authentic,pid_00018,18,outer_packaging_or_product_photo,unclassified_needs_manual_review,640,640,JPEG,member_of_near_duplicate_cluster_size_18
roboflow_counterfeit_med_detection_874588bfa0,Roboflow - Counterfeit_med_detection (v4),roboflow\train\images4042_jpg.rf.e50944f18ff5924fa9390d99159fd642.jpg,authentic,pid_00092,40,outer_packaging_or_product_photo,unclassified_needs_manual_review,640,640,JPEG,member_of_near_duplicate_cluster_size_40
roboflow_counterfeit_med_detection_c5a5b83958,Roboflow - Counterfeit_med_detection (v4),roboflow\train\images5030_jpg.rf.e50ee804d7835a164b230d3af0e6c660.jpg,authentic,pid_00267,12,outer_packaging_or_product_photo,unclassified_needs_manual_review,640,640,JPEG,member_of_near_duplicate_cluster_size_12
roboflow_counterfeit_med_detection_a2a279a91f,Roboflow - Counterfeit_med_detection (v4),roboflow\train\images225_jpg.rf.e510785e2c1303df74703027e1ceb781.jpg,authentic,pid_00171,19,outer_packaging_or_product_photo,unclassified_needs_manual_review,640,640,JPEG,member_of_near_duplicate_cluster_size_19
roboflow_counterfeit_med_detection_82669e43a1,Roboflow - Counterfeit_med_detection (v4),roboflow\train\images348_jpg.rf.e569801e228ca08ec2c030b3f7ebf62f.jpg,authentic,pid_00038,37,outer_packaging_or_product_photo,unclassified_needs_manual_review,640,640,JPEG,member_of_near_duplicate_cluster_size_37
roboflow_counterfeit_med_detection_416ef71a6c,Roboflow - Counterfeit_med_detection (v4),roboflow\train\images312_jpg.rf.e38a16ea9ed96cbc0698a8e3954f3af6.jpg,authentic,pid_00150,13,outer_packaging_or_product_photo,unclassified_needs_manual_review,640,640,JPEG,member_of_near_duplicate_cluster_size_13
roboflow_counterfeit_med_detection_0e86455cea,Roboflow - Counterfeit_med_detection (v4),roboflow\train\images5062_jpg.rf.e57a260275f9983412751b11522ef8e2.jpg,authentic,pid_00091,20,outer_packaging_or_product_photo,unclassified_needs_manual_review,640,640,JPEG,member_of_near_duplicate_cluster_size_20
roboflow_counterfeit_med_detection_b510ed3ee5,Roboflow - Counterfeit_med_detection (v4),roboflow\train\images307_jpg.rf.e6091c1286e72e74b6a7b26469de3202.jpg,authentic,pid_00205,10,outer_packaging_or_product_photo,unclassified_needs_manual_review,640,640,JPEG,member_of_near_duplicate_cluster_size_10
roboflow_counterfeit_med_detection_a22baef46b,Roboflow - Counterfeit_med_detection (v4),roboflow\train\images4116_jpg.rf.e61a04202f227f6893555ec9713a6e45.jpg,authentic,pid_00045,12,outer_packaging_or_product_photo,unclassified_needs_manual_review,640,640,JPEG,member_of_near_duplicate_cluster_size_12
roboflow_counterfeit_med_detection_cc7a4e94a8,Roboflow - Counterfeit_med_detection (v4),roboflow\train\images213_jpg.rf.e5a43ea910d079c5a052b8d760cb75c8.jpg,authentic,pid_00080,6,outer_packaging_or_product_photo,unclassified_needs_manual_review,640,640,JPEG,member_of_near_duplicate_cluster_size_6
roboflow_counterfeit_med_detection_451777311a,Roboflow - Counterfeit_med_detection (v4),roboflow\train\images222_jpg.rf.e51ff41e456740a1c52cc026c15a28d9.jpg,authentic,pid_00068,36,outer_packaging_or_product_photo,unclassified_needs_manual_review,640,640,JPEG,member_of_near_duplicate_cluster_size_36
roboflow_counterfeit_med_detection_393bacb269,Roboflow - Counterfeit_med_detection (v4),roboflow\train\images283_jpg.rf.e625deeea54fe9e7b2667592779687ff.jpg,authentic,pid_00126,15,outer_packaging_or_product_photo,unclassified_needs_manual_review,640,640,JPEG,member_of_near_duplicate_cluster_size_15
roboflow_counterfeit_med_detection_4017d52453,Roboflow - Counterfeit_med_detection (v4),roboflow\train\images5067_jpg.rf.e5ac6ffe7eefb734226e1f1ef43b6de4.jpg,authentic,pid_00244,12,outer_packaging_or_product_photo,unclassified_needs_manual_review,640,640,JPEG,member_of_near_duplicate_cluster_size_12
roboflow_counterfeit_med_detection_3a5ad92ed7,Roboflow - Counterfeit_med_detection (v4),roboflow\train\images342_jpg.rf.e68335a91e47d2735d2b5d11b5cb3b3d.jpg,authentic,pid_00002,25,outer_packaging_or_product_photo,unclassified_needs_manual_review,640,640,JPEG,member_of_near_duplicate_cluster_size_25
roboflow_counterfeit_med_detection_3667b632b1,Roboflow - Counterfeit_med_detection (v4),roboflow\train\images5114_jpg.rf.e5e25a69708ffc756f01b8d826e3f2fc.jpg,authentic,pid_00207,18,outer_packaging_or_product_photo,unclassified_needs_manual_review,640,640,JPEG,member_of_near_duplicate_cluster_size_18
roboflow_counterfeit_med_detection_44687cf7b0,Roboflow - Counterfeit_med_detection (v4),roboflow\train\images23_jpg.rf.e65576d1ca62514f91476db8666cdea4.jpg,authentic,pid_00024,22,outer_packaging_or_product_photo,unclassified_needs_manual_review,640,640,JPEG,member_of_near_duplicate_cluster_size_22
roboflow_counterfeit_med_detection_7ce8b7796a,Roboflow - Counterfeit_med_detection (v4),roboflow\train\images43_jpg.rf.e6449e933d23fe88e1e7d6e37beefc00.jpg,authentic,pid_00068,36,outer_packaging_or_product_photo,unclassified_needs_manual_review,640,640,JPEG,member_of_near_duplicate_cluster_size_36
roboflow_counterfeit_med_detection_49353e343b,Roboflow - Counterfeit_med_detection (v4),roboflow\train\images255_jpg.rf.e5ed75f652e376ea5bf3043ac0fdafad.jpg,authentic,pid_00277,13,outer_packaging_or_product_photo,unclassified_needs_manual_review,640,640,JPEG,member_of_near_duplicate_cluster_size_13
roboflow_counterfeit_med_detection_db5fa6655f,Roboflow - Counterfeit_med_detection (v4),roboflow\train\images4093_jpg.rf.e5ac2a6651062366d9a666940d441f0e.jpg,authentic,pid_00251,12,outer_packaging_or_product_photo,unclassified_needs_manual_review,640,640,JPEG,member_of_near_duplicate_cluster_size_12
roboflow_counterfeit_med_detection_d7d07a8a2e,Roboflow - Counterfeit_med_detection (v4),roboflow\train\images5127_jpg.rf.e683faa843eda59d5e1234b2e48ce1ee.jpg,authentic,pid_00162,7,outer_packaging_or_product_photo,unclassified_needs_manual_review,640,640,JPEG,member_of_near_duplicate_cluster_size_7
roboflow_counterfeit_med_detection_e0e1831af4,Roboflow - Counterfeit_med_detection (v4),roboflow\train\images5116_jpg.rf.e6b8e04d162eec330282b8f9b0ff1c39.jpg,authentic,pid_00127,7,outer_packaging_or_product_photo,unclassified_needs_manual_review,640,640,JPEG,member_of_near_duplicate_cluster_size_7
roboflow_counterfeit_med_detection_37ded116db,Roboflow - Counterfeit_med_detection (v4),roboflow\train\images208_jpg.rf.e6853d53201419859eafaacbc8ee1231.jpg,authentic,pid_00196,17,outer_packaging_or_product_photo,unclassified_needs_manual_review,640,640,JPEG,member_of_near_duplicate_cluster_size_17
roboflow_counterfeit_med_detection_61ce0bbe0c,Roboflow - Counterfeit_med_detection (v4),roboflow\train\images38_jpg.rf.e63a0aa2674c81a44efd3f98b2da7b64.jpg,authentic,pid_00039,35,outer_packaging_or_product_photo,unclassified_needs_manual_review,640,640,JPEG,member_of_near_duplicate_cluster_size_35
roboflow_counterfeit_med_detection_c59e1ab525,Roboflow - Counterfeit_med_detection (v4),roboflow\train\images4064_jpg.rf.e6788efa2d8897dbcf570ce3f04332b3.jpg,authentic,pid_00026,19,outer_packaging_or_product_photo,unclassified_needs_manual_review,640,640,JPEG,member_of_near_duplicate_cluster_size_19
roboflow_counterfeit_med_detection_d40ca5761d,Roboflow - Counterfeit_med_detection (v4),roboflow\train\images4110_jpg.rf.e718176c8389b28bbfbc3b08ea5d6981.jpg,authentic,pid_00000,19,outer_packaging_or_product_photo,unclassified_needs_manual_review,640,640,JPEG,member_of_near_duplicate_cluster_size_19
roboflow_counterfeit_med_detection_f9d2dd83d8,Roboflow - Counterfeit_med_detection (v4),roboflow\train\images04_jpg.rf.e73db99476efab6aacfbf0232536ccbe.jpg,authentic,pid_00239,15,outer_packaging_or_product_photo,unclassified_needs_manual_review,640,640,JPEG,member_of_near_duplicate_cluster_size_15
roboflow_counterfeit_med_detection_ff7cc31a7d,Roboflow - Counterfeit_med_detection (v4),roboflow\train\images4088_jpg.rf.e73520b4952e026c23385d74b1120d29.jpg,authentic,pid_00185,19,outer_packaging_or_product_photo,unclassified_needs_manual_review,640,640,JPEG,member_of_near_duplicate_cluster_size_19
roboflow_counterfeit_med_detection_c7c1620a06,Roboflow - Counterfeit_med_detection (v4),roboflow\train\images235_jpg.rf.e800f28ad1677302492b2980c191cd7e.jpg,authentic,pid_00043,19,outer_packaging_or_product_photo,unclassified_needs_manual_review,640,640,JPEG,member_of_near_duplicate_cluster_size_19
roboflow_counterfeit_med_detection_12cd7d7094,Roboflow - Counterfeit_med_detection (v4),roboflow\train\images5053_jpg.rf.e83eea8535cb36357234443444af2c5a.jpg,authentic,pid_00118,7,outer_packaging_or_product_photo,unclassified_needs_manual_review,640,640,JPEG,member_of_near_duplicate_cluster_size_7
roboflow_counterfeit_med_detection_1953028fd7,Roboflow - Counterfeit_med_detection (v4),roboflow\train\images4061_jpg.rf.e838ce55a96471bebb51b9d19b57e5a6.jpg,authentic,pid_00051,17,outer_packaging_or_product_photo,unclassified_needs_manual_review,640,640,JPEG,member_of_near_duplicate_cluster_size_17
roboflow_counterfeit_med_detection_b0bd8c0b89,Roboflow - Counterfeit_med_detection (v4),roboflow\train\images5064_jpg.rf.e7d140b63743ef8160a0927af9ed5013.jpg,authentic,pid_00252,13,outer_packaging_or_product_photo,unclassified_needs_manual_review,640,640,JPEG,member_of_near_duplicate_cluster_size_13
roboflow_counterfeit_med_detection_19f69c3b37,Roboflow - Counterfeit_med_detection (v4),roboflow\train\images5087_jpg.rf.e7aaba0709a580774ff6905199f90d09.jpg,authentic,pid_00181,18,outer_packaging_or_product_photo,unclassified_needs_manual_review,640,640,JPEG,member_of_near_duplicate_cluster_size_18
roboflow_counterfeit_med_detection_18d8c10d6c,Roboflow - Counterfeit_med_detection (v4),roboflow\train\images4065_jpg.rf.e81f7f97cc499b6327c46a6d24c48968.jpg,authentic,pid_00230,19,outer_packaging_or_product_photo,unclassified_needs_manual_review,640,640,JPEG,member_of_near_duplicate_cluster_size_19
roboflow_counterfeit_med_detection_c44e40ba3a,Roboflow - Counterfeit_med_detection (v4),roboflow\train\images4069_jpg.rf.e83faafe40a41c4f6ed7144c9dbd5d21.jpg,authentic,pid_00321,7,outer_packaging_or_product_photo,unclassified_needs_manual_review,640,640,JPEG,member_of_near_duplicate_cluster_size_7
roboflow_counterfeit_med_detection_1081601fff,Roboflow - Counterfeit_med_detection (v4),roboflow\train\images5024_jpg.rf.e749dc2ce6d5e4fb62c640d234b844e9.jpg,authentic,pid_00217,15,outer_packaging_or_product_photo,unclassified_needs_manual_review,640,640,JPEG,member_of_near_duplicate_cluster_size_15
roboflow_counterfeit_med_detection_3b52e862a1,Roboflow - Counterfeit_med_detection (v4),roboflow\train\images38_jpg.rf.e7add269d986c4b1a0a6816ae3de2da0.jpg,authentic,pid_00039,35,outer_packaging_or_product_photo,unclassified_needs_manual_review,640,640,JPEG,member_of_near_duplicate_cluster_size_35
roboflow_counterfeit_med_detection_d643552d06,Roboflow - Counterfeit_med_detection (v4),roboflow\train\images4044_jpg.rf.e7502f99b06f323927b849ba389c43aa.jpg,authentic,pid_00140,24,outer_packaging_or_product_photo,unclassified_needs_manual_review,640,640,JPEG,member_of_near_duplicate_cluster_size_24
roboflow_counterfeit_med_detection_2734c411e9,Roboflow - Counterfeit_med_detection (v4),roboflow\train\images262_jpg.rf.e79a2774aff10f1e2ff31a0589ee3b6e.jpg,authentic,pid_00072,20,outer_packaging_or_product_photo,unclassified_needs_manual_review,640,640,JPEG,member_of_near_duplicate_cluster_size_20
roboflow_counterfeit_med_detection_ed8fc76cb1,Roboflow - Counterfeit_med_detection (v4),roboflow\train\images11_jpg.rf.e84d3f56de1b9907fb171181811e82ba.jpg,authentic,pid_00223,13,outer_packaging_or_product_photo,unclassified_needs_manual_review,640,640,JPEG,member_of_near_duplicate_cluster_size_13
roboflow_counterfeit_med_detection_8a8597a099,Roboflow - Counterfeit_med_detection (v4),roboflow\train\images4079_jpg.rf.e86788d70d8a66ac0b84c72b0f6f3d7b.jpg,authentic,pid_00065,3,outer_packaging_or_product_photo,unclassified_needs_manual_review,640,640,JPEG,member_of_near_duplicate_cluster_size_3
roboflow_counterfeit_med_detection_07899d20a2,Roboflow - Counterfeit_med_detection (v4),roboflow\train\images260_jpg.rf.e78fdedb272d4b4b1f836c0514ca11f1.jpg,authentic,pid_00160,19,outer_packaging_or_product_photo,unclassified_needs_manual_review,640,640,JPEG,member_of_near_duplicate_cluster_size_19
roboflow_counterfeit_med_detection_e3afebc8ec,Roboflow - Counterfeit_med_detection (v4),roboflow\train\images36_jpg.rf.e81295d7bdf081f48efff8c4cf1e5c8d.jpg,authentic,pid_00006,37,outer_packaging_or_product_photo,unclassified_needs_manual_review,640,640,JPEG,member_of_near_duplicate_cluster_size_37
roboflow_counterfeit_med_detection_c9685aebed,Roboflow - Counterfeit_med_detection (v4),roboflow\train\images230_jpg.rf.e8ef3ce1992ddaa262bdc95a9b19734e.jpg,authentic,pid_00168,18,outer_packaging_or_product_photo,unclassified_needs_manual_review,640,640,JPEG,member_of_near_duplicate_cluster_size_18
roboflow_counterfeit_med_detection_0af85f4129,Roboflow - Counterfeit_med_detection (v4),roboflow\train\images09_jpg.rf.e7fa6d02b7e3776f43c13f1eca3294ce.jpg,authentic,pid_00044,12,outer_packaging_or_product_photo,unclassified_needs_manual_review,640,640,JPEG,member_of_near_duplicate_cluster_size_12
roboflow_counterfeit_med_detection_9183414c78,Roboflow - Counterfeit_med_detection (v4),roboflow\train\images4042_jpg.rf.e8b8f2bc9e0cdd2b8469119f2b76ef35.jpg,authentic,pid_00092,40,outer_packaging_or_product_photo,unclassified_needs_manual_review,640,640,JPEG,member_of_near_duplicate_cluster_size_40
roboflow_counterfeit_med_detection_deead3e46a,Roboflow - Counterfeit_med_detection (v4),roboflow\train\images4088_jpg.rf.e79bf66005c80fe3c6b09967d3c8d8bd.jpg,authentic,pid_00185,19,outer_packaging_or_product_photo,unclassified_needs_manual_review,640,640,JPEG,member_of_near_duplicate_cluster_size_19
roboflow_counterfeit_med_detection_5896eea65c,Roboflow - Counterfeit_med_detection (v4),roboflow\train\images4061_jpg.rf.e7f96f32c6771cb02dabbc55b550b13f.jpg,authentic,pid_00051,17,outer_packaging_or_product_photo,unclassified_needs_manual_review,640,640,JPEG,member_of_near_duplicate_cluster_size_17
roboflow_counterfeit_med_detection_b97636f54f,Roboflow - Counterfeit_med_detection (v4),roboflow\train\images4042_jpg.rf.e8dd8c8579ad1e0e1b2d322306b0dec5.jpg,authentic,pid_00092,40,outer_packaging_or_product_photo,unclassified_needs_manual_review,640,640,JPEG,member_of_near_duplicate_cluster_size_40
roboflow_counterfeit_med_detection_f909c67ddc,Roboflow - Counterfeit_med_detection (v4),roboflow\train\images5067_jpg.rf.e905502247ac5d6b4ec14fb8f416a850.jpg,authentic,pid_00244,12,outer_packaging_or_product_photo,unclassified_needs_manual_review,640,640,JPEG,member_of_near_duplicate_cluster_size_12
roboflow_counterfeit_med_detection_bf57111284,Roboflow - Counterfeit_med_detection (v4),roboflow\train\images4063_jpg.rf.e90bfbdb86bd4839baf931a7e2eec31d.jpg,authentic,pid_00228,3,outer_packaging_or_product_photo,unclassified_needs_manual_review,640,640,JPEG,member_of_near_duplicate_cluster_size_3
roboflow_counterfeit_med_detection_98b223aacf,Roboflow - Counterfeit_med_detection (v4),roboflow\train\images4094_jpg.rf.e943cfa03e81d030df5def6c23075669.jpg,authentic,pid_00025,19,outer_packaging_or_product_photo,unclassified_needs_manual_review,640,640,JPEG,member_of_near_duplicate_cluster_size_19
roboflow_counterfeit_med_detection_a6e99e1e3c,Roboflow - Counterfeit_med_detection (v4),roboflow\train\images5110_jpg.rf.e9836c10c438bb55a705cb8cdc28f9bc.jpg,authentic,pid_00143,8,outer_packaging_or_product_photo,unclassified_needs_manual_review,640,640,JPEG,member_of_near_duplicate_cluster_size_8
roboflow_counterfeit_med_detection_f222660369,Roboflow - Counterfeit_med_detection (v4),roboflow\train\images09_jpg.rf.e9343bcd9b4a92467c084cfccfa3594f.jpg,authentic,pid_00044,12,outer_packaging_or_product_photo,unclassified_needs_manual_review,640,640,JPEG,member_of_near_duplicate_cluster_size_12
roboflow_counterfeit_med_detection_aeed3232cb,Roboflow - Counterfeit_med_detection (v4),roboflow\train\images01_jpg.rf.ea0eae7d0164952ab85edb8070bd8bd1.jpg,authentic,pid_00137,5,outer_packaging_or_product_photo,unclassified_needs_manual_review,640,640,JPEG,member_of_near_duplicate_cluster_size_5
roboflow_counterfeit_med_detection_d59b4a8a2b,Roboflow - Counterfeit_med_detection (v4),roboflow\train\images276_jpg.rf.ea536958db86f5ad2ee81bc0e5b0ef6e.jpg,authentic,pid_00308,8,outer_packaging_or_product_photo,unclassified_needs_manual_review,640,640,JPEG,member_of_near_duplicate_cluster_size_8
roboflow_counterfeit_med_detection_a05992ee11,Roboflow - Counterfeit_med_detection (v4),roboflow\train\images5035_jpg.rf.e960610489d7c567d898787014205139.jpg,authentic,pid_00125,19,outer_packaging_or_product_photo,unclassified_needs_manual_review,640,640,JPEG,member_of_near_duplicate_cluster_size_19
roboflow_counterfeit_med_detection_d96180aa9f,Roboflow - Counterfeit_med_detection (v4),roboflow\train\images218_jpg.rf.ea921313a8f0c85c7ce472748367d671.jpg,authentic,pid_00215,14,outer_packaging_or_product_photo,unclassified_needs_manual_review,640,640,JPEG,member_of_near_duplicate_cluster_size_14
roboflow_counterfeit_med_detection_d35bc61fd0,Roboflow - Counterfeit_med_detection (v4),roboflow\train\images4033_jpg.rf.ea818c58ed19c8b62e9cb5e0610e0406.jpg,authentic,pid_00061,41,outer_packaging_or_product_photo,unclassified_needs_manual_review,640,640,JPEG,member_of_near_duplicate_cluster_size_41
roboflow_counterfeit_med_detection_08cd3d939a,Roboflow - Counterfeit_med_detection (v4),roboflow\train\images4045_jpg.rf.ea820798580f943bf7c3047ba2ddf8a7.jpg,authentic,pid_00164,12,outer_packaging_or_product_photo,unclassified_needs_manual_review,640,640,JPEG,member_of_near_duplicate_cluster_size_12
roboflow_counterfeit_med_detection_d28fef71ef,Roboflow - Counterfeit_med_detection (v4),roboflow\train\images4065_jpg.rf.ea9b0968ad52e8098a84bb6f228402ac.jpg,authentic,pid_00230,19,outer_packaging_or_product_photo,unclassified_needs_manual_review,640,640,JPEG,member_of_near_duplicate_cluster_size_19
roboflow_counterfeit_med_detection_e6da2e5a87,Roboflow - Counterfeit_med_detection (v4),roboflow\train\images13_jpg.rf.e9eb80784ad0eeea8b4b1a6890ca68a5.jpg,authentic,pid_00346,1,outer_packaging_or_product_photo,unclassified_needs_manual_review,640,640,JPEG,
roboflow_counterfeit_med_detection_c12d6c7b59,Roboflow - Counterfeit_med_detection (v4),roboflow\train\images320_jpg.rf.eb0a540e35555dff67cecda9dc02f9de.jpg,authentic,pid_00284,13,outer_packaging_or_product_photo,unclassified_needs_manual_review,640,640,JPEG,member_of_near_duplicate_cluster_size_13
roboflow_counterfeit_med_detection_70464ac0b1,Roboflow - Counterfeit_med_detection (v4),roboflow\train\images5116_jpg.rf.eb4b98f0378a370071332b43447df5c5.jpg,authentic,pid_00165,10,outer_packaging_or_product_photo,unclassified_needs_manual_review,640,640,JPEG,member_of_near_duplicate_cluster_size_10
roboflow_counterfeit_med_detection_36e3c38eb7,Roboflow - Counterfeit_med_detection (v4),roboflow\train\images4046_jpg.rf.eab2ecfab31e48c2b1b3c8d40294092b.jpg,authentic,pid_00087,37,outer_packaging_or_product_photo,unclassified_needs_manual_review,640,640,JPEG,member_of_near_duplicate_cluster_size_37
roboflow_counterfeit_med_detection_2da0723ee4,Roboflow - Counterfeit_med_detection (v4),roboflow\train\images4068_jpg.rf.eb45b179dcf3ed0e5c2d5440044888d6.jpg,authentic,pid_00076,19,outer_packaging_or_product_photo,unclassified_needs_manual_review,640,640,JPEG,member_of_near_duplicate_cluster_size_19
roboflow_counterfeit_med_detection_fca6f96c30,Roboflow - Counterfeit_med_detection (v4),roboflow\train\images348_jpg.rf.eb542da428dcbfecef807d35426bc156.jpg,authentic,pid_00038,37,outer_packaging_or_product_photo,unclassified_needs_manual_review,640,640,JPEG,member_of_near_duplicate_cluster_size_37
roboflow_counterfeit_med_detection_2dcb640b5d,Roboflow - Counterfeit_med_detection (v4),roboflow\train\images5024_jpg.rf.eb3b6d176b369fbb20a0cd4c0bb3b11a.jpg,authentic,pid_00217,15,outer_packaging_or_product_photo,unclassified_needs_manual_review,640,640,JPEG,member_of_near_duplicate_cluster_size_15
roboflow_counterfeit_med_detection_c849108902,Roboflow - Counterfeit_med_detection (v4),roboflow\train\images04_jpg.rf.eb365dd50b37608b0a9c2418038a6943.jpg,authentic,pid_00239,15,outer_packaging_or_product_photo,unclassified_needs_manual_review,640,640,JPEG,member_of_near_duplicate_cluster_size_15
roboflow_counterfeit_med_detection_3ab6d47166,Roboflow - Counterfeit_med_detection (v4),roboflow\train\images315_jpg.rf.eb1dbb85f384f4f1430132d0ab504fec.jpg,authentic,pid_00059,12,outer_packaging_or_product_photo,unclassified_needs_manual_review,640,640,JPEG,member_of_near_duplicate_cluster_size_12
roboflow_counterfeit_med_detection_5c659d3cb9,Roboflow - Counterfeit_med_detection (v4),roboflow\train\images4054_jpg.rf.eb89378a07f900f0bf09b15ed3fd5d2a.jpg,authentic,pid_00028,35,outer_packaging_or_product_photo,unclassified_needs_manual_review,640,640,JPEG,member_of_near_duplicate_cluster_size_35
roboflow_counterfeit_med_detection_366fa32edc,Roboflow - Counterfeit_med_detection (v4),roboflow\train\images04_jpg.rf.eb4cc4ba685a97e05329db206e0bac5d.jpg,authentic,pid_00325,6,outer_packaging_or_product_photo,unclassified_needs_manual_review,640,640,JPEG,member_of_near_duplicate_cluster_size_6
roboflow_counterfeit_med_detection_658fb9379e,Roboflow - Counterfeit_med_detection (v4),roboflow\train\images5110_jpg.rf.eb6c0bbe3c596184651b973017c29252.jpg,authentic,pid_00271,7,outer_packaging_or_product_photo,unclassified_needs_manual_review,640,640,JPEG,member_of_near_duplicate_cluster_size_7
roboflow_counterfeit_med_detection_b9d6c44644,Roboflow - Counterfeit_med_detection (v4),roboflow\train\images4064_jpg.rf.eba79fe5c602e98b0a23c1f5239f0621.jpg,authentic,pid_00213,19,outer_packaging_or_product_photo,unclassified_needs_manual_review,640,640,JPEG,member_of_near_duplicate_cluster_size_19
roboflow_counterfeit_med_detection_f3057bb48b,Roboflow - Counterfeit_med_detection (v4),roboflow\train\images323_jpg.rf.eba027c69bcac7980b2b60ed2b5fde9f.jpg,authentic,pid_00023,18,outer_packaging_or_product_photo,unclassified_needs_manual_review,640,640,JPEG,member_of_near_duplicate_cluster_size_18
roboflow_counterfeit_med_detection_fe89304f9f,Roboflow - Counterfeit_med_detection (v4),roboflow\train\images315_jpg.rf.ebcc5035cf55cc220e5629065e065faf.jpg,authentic,pid_00059,12,outer_packaging_or_product_photo,unclassified_needs_manual_review,640,640,JPEG,member_of_near_duplicate_cluster_size_12
roboflow_counterfeit_med_detection_59cedcb92d,Roboflow - Counterfeit_med_detection (v4),roboflow\train\images4063_jpg.rf.ec1208579e896181452111d4961066ec.jpg,authentic,pid_00123,11,outer_packaging_or_product_photo,unclassified_needs_manual_review,640,640,JPEG,member_of_near_duplicate_cluster_size_11
roboflow_counterfeit_med_detection_0f71b36640,Roboflow - Counterfeit_med_detection (v4),roboflow\train\images5061_jpg.rf.ec83add6429ab9b35fc9c426eb565047.jpg,authentic,pid_00088,35,outer_packaging_or_product_photo,unclassified_needs_manual_review,640,640,JPEG,member_of_near_duplicate_cluster_size_35
roboflow_counterfeit_med_detection_011ac653c5,Roboflow - Counterfeit_med_detection (v4),roboflow\train\images4047_jpg.rf.ec122bf8b0d8989789db1bba89c16b39.jpg,authentic,pid_00130,12,outer_packaging_or_product_photo,unclassified_needs_manual_review,640,640,JPEG,member_of_near_duplicate_cluster_size_12
roboflow_counterfeit_med_detection_efcb7bf1d3,Roboflow - Counterfeit_med_detection (v4),roboflow\train\images222_jpg.rf.ed2924361aa48d209096e3620aa9386f.jpg,authentic,pid_00068,36,outer_packaging_or_product_photo,unclassified_needs_manual_review,640,640,JPEG,member_of_near_duplicate_cluster_size_36
roboflow_counterfeit_med_detection_9d5714b371,Roboflow - Counterfeit_med_detection (v4),roboflow\train\images5032_jpg.rf.ec82ab1d39074dd7d02cff2647def3f7.jpg,authentic,pid_00013,19,outer_packaging_or_product_photo,unclassified_needs_manual_review,640,640,JPEG,member_of_near_duplicate_cluster_size_19
roboflow_counterfeit_med_detection_f547caef2b,Roboflow - Counterfeit_med_detection (v4),roboflow\train\images231_jpg.rf.ecce5d1ec46e9a23206813e2bff57e82.jpg,authentic,pid_00090,18,outer_packaging_or_product_photo,unclassified_needs_manual_review,640,640,JPEG,member_of_near_duplicate_cluster_size_18
roboflow_counterfeit_med_detection_a09f69823e,Roboflow - Counterfeit_med_detection (v4),roboflow\train\images5126_jpg.rf.ed16a5207cb83e5054c4359fafcce661.jpg,authentic,pid_00192,8,outer_packaging_or_product_photo,unclassified_needs_manual_review,640,640,JPEG,member_of_near_duplicate_cluster_size_8
roboflow_counterfeit_med_detection_adbfb9926c,Roboflow - Counterfeit_med_detection (v4),roboflow\train\images08_jpg.rf.ed20570c1dbe483951b66f7dd380c273.jpg,authentic,pid_00043,19,outer_packaging_or_product_photo,unclassified_needs_manual_review,640,640,JPEG,member_of_near_duplicate_cluster_size_19
roboflow_counterfeit_med_detection_64f3f86b7a,Roboflow - Counterfeit_med_detection (v4),roboflow\train\images275_jpg.rf.ec0738c4e49ac80f3b90d92492b5d937.jpg,authentic,pid_00107,19,outer_packaging_or_product_photo,unclassified_needs_manual_review,640,640,JPEG,member_of_near_duplicate_cluster_size_19
roboflow_counterfeit_med_detection_25239cf8ac,Roboflow - Counterfeit_med_detection (v4),roboflow\train\images312_jpg.rf.eca819764f5d44424e907cb9b4b563b8.jpg,authentic,pid_00150,13,outer_packaging_or_product_photo,unclassified_needs_manual_review,640,640,JPEG,member_of_near_duplicate_cluster_size_13
roboflow_counterfeit_med_detection_f1c383a99e,Roboflow - Counterfeit_med_detection (v4),roboflow\train\images5067_jpg.rf.ebe0ce19d3b1ba7aae49729e00d64abb.jpg,authentic,pid_00193,6,outer_packaging_or_product_photo,unclassified_needs_manual_review,640,640,JPEG,member_of_near_duplicate_cluster_size_6
roboflow_counterfeit_med_detection_8659bb2d30,Roboflow - Counterfeit_med_detection (v4),roboflow\train\images323_jpg.rf.ec8068b26ed32a18f1905b948476f0df.jpg,authentic,pid_00023,18,outer_packaging_or_product_photo,unclassified_needs_manual_review,640,640,JPEG,member_of_near_duplicate_cluster_size_18
roboflow_counterfeit_med_detection_55deb6be3e,Roboflow - Counterfeit_med_detection (v4),roboflow\train\images47_jpg.rf.ed049057970cc714e35b9266b266995f.jpg,authentic,pid_00280,12,outer_packaging_or_product_photo,unclassified_needs_manual_review,640,640,JPEG,member_of_near_duplicate_cluster_size_12
roboflow_counterfeit_med_detection_151f432af1,Roboflow - Counterfeit_med_detection (v4),roboflow\train\images37_jpg.rf.ee0fd780d7a5df60738649cab0008f87.jpg,authentic,pid_00074,55,outer_packaging_or_product_photo,unclassified_needs_manual_review,640,640,JPEG,member_of_near_duplicate_cluster_size_55
roboflow_counterfeit_med_detection_8b260e2821,Roboflow - Counterfeit_med_detection (v4),roboflow\train\images320_jpg.rf.ee23da7fe35f605f12775a99a9409a0c.jpg,authentic,pid_00284,13,outer_packaging_or_product_photo,unclassified_needs_manual_review,640,640,JPEG,member_of_near_duplicate_cluster_size_13
roboflow_counterfeit_med_detection_d6d78fe6a0,Roboflow - Counterfeit_med_detection (v4),roboflow\train\images4087_jpg.rf.ee235592a4a6a1133ceabff5f53d81fd.jpg,authentic,pid_00135,20,outer_packaging_or_product_photo,unclassified_needs_manual_review,640,640,JPEG,member_of_near_duplicate_cluster_size_20
roboflow_counterfeit_med_detection_dac0581ef3,Roboflow - Counterfeit_med_detection (v4),roboflow\train\images5087_jpg.rf.ef55c4de0f1ba76e665e2ae540537df0.jpg,authentic,pid_00181,18,outer_packaging_or_product_photo,unclassified_needs_manual_review,640,640,JPEG,member_of_near_duplicate_cluster_size_18
roboflow_counterfeit_med_detection_ab5a4434e3,Roboflow - Counterfeit_med_detection (v4),roboflow\train\images07_jpg.rf.ef2d67cd1b5943d8bfbb97ec66850fae.jpg,authentic,pid_00105,20,outer_packaging_or_product_photo,unclassified_needs_manual_review,640,640,JPEG,member_of_near_duplicate_cluster_size_20
roboflow_counterfeit_med_detection_d158ade7fa,Roboflow - Counterfeit_med_detection (v4),roboflow\train\images347_jpg.rf.eeb24970dec1532fca9a5983bcfeccf2.jpg,authentic,pid_00119,35,outer_packaging_or_product_photo,unclassified_needs_manual_review,640,640,JPEG,member_of_near_duplicate_cluster_size_35
roboflow_counterfeit_med_detection_5c46fa1334,Roboflow - Counterfeit_med_detection (v4),roboflow\train\images352_jpg.rf.ef10697a8dc19277817aef7d10f7c002.jpg,authentic,pid_00046,18,outer_packaging_or_product_photo,unclassified_needs_manual_review,640,640,JPEG,member_of_near_duplicate_cluster_size_18
roboflow_counterfeit_med_detection_b0ad7e4ffa,Roboflow - Counterfeit_med_detection (v4),roboflow\train\images5061_jpg.rf.edd2936453c612cbcdcefc7bfcbe7f1c.jpg,authentic,pid_00088,35,outer_packaging_or_product_photo,unclassified_needs_manual_review,640,640,JPEG,member_of_near_duplicate_cluster_size_35
roboflow_counterfeit_med_detection_99f0932133,Roboflow - Counterfeit_med_detection (v4),roboflow\train\images4044_jpg.rf.efa147056baf3fe88156b5c0790e33f8.jpg,authentic,pid_00140,24,outer_packaging_or_product_photo,unclassified_needs_manual_review,640,640,JPEG,member_of_near_duplicate_cluster_size_24
roboflow_counterfeit_med_detection_a66c66e996,Roboflow - Counterfeit_med_detection (v4),roboflow\train\images5090_jpg.rf.efb5bf12963d184204c7267b3527cbd3.jpg,authentic,pid_00029,7,outer_packaging_or_product_photo,unclassified_needs_manual_review,640,640,JPEG,member_of_near_duplicate_cluster_size_7
roboflow_counterfeit_med_detection_937c91d20b,Roboflow - Counterfeit_med_detection (v4),roboflow\train\images4085_jpg.rf.ef316601cbe56141b94b94ea54eb1add.jpg,authentic,pid_00057,55,outer_packaging_or_product_photo,unclassified_needs_manual_review,640,640,JPEG,member_of_near_duplicate_cluster_size_55
roboflow_counterfeit_med_detection_dbac65ff5f,Roboflow - Counterfeit_med_detection (v4),roboflow\train\images4100_jpg.rf.ef89bedeb7fcaa02126e314627041d2f.jpg,authentic,pid_00047,15,outer_packaging_or_product_photo,unclassified_needs_manual_review,640,640,JPEG,member_of_near_duplicate_cluster_size_15
roboflow_counterfeit_med_detection_789bcc625c,Roboflow - Counterfeit_med_detection (v4),roboflow\train\images208_jpg.rf.efcfea5c9683de21abba59020e34e554.jpg,authentic,pid_00196,17,outer_packaging_or_product_photo,unclassified_needs_manual_review,640,640,JPEG,member_of_near_duplicate_cluster_size_17
roboflow_counterfeit_med_detection_d5690e62f7,Roboflow - Counterfeit_med_detection (v4),roboflow\train\images37_jpg.rf.ef633df2fed10147c57f29d46f8e2cd0.jpg,authentic,pid_00074,55,outer_packaging_or_product_photo,unclassified_needs_manual_review,640,640,JPEG,member_of_near_duplicate_cluster_size_55
roboflow_counterfeit_med_detection_733ed04a87,Roboflow - Counterfeit_med_detection (v4),roboflow\train\images33_jpg.rf.ee76b32e8186a00eb14ce5cab4da6f64.jpg,authentic,pid_00199,12,outer_packaging_or_product_photo,unclassified_needs_manual_review,640,640,JPEG,member_of_near_duplicate_cluster_size_12
roboflow_counterfeit_med_detection_5bb952449f,Roboflow - Counterfeit_med_detection (v4),roboflow\train\images302_jpg.rf.effc2f34b2e50a11e7275a10a6cee936.jpg,authentic,pid_00018,18,outer_packaging_or_product_photo,unclassified_needs_manual_review,640,640,JPEG,member_of_near_duplicate_cluster_size_18
roboflow_counterfeit_med_detection_48cd7151b1,Roboflow - Counterfeit_med_detection (v4),roboflow\train\images257_jpg.rf.eff7817ce891394e2b862b9e4da8611f.jpg,authentic,pid_00031,25,outer_packaging_or_product_photo,unclassified_needs_manual_review,640,640,JPEG,member_of_near_duplicate_cluster_size_25
roboflow_counterfeit_med_detection_8697230552,Roboflow - Counterfeit_med_detection (v4),roboflow\train\images35_jpg.rf.f06cc262935e464cb6d1be338645658d.jpg,authentic,pid_00187,12,outer_packaging_or_product_photo,unclassified_needs_manual_review,640,640,JPEG,member_of_near_duplicate_cluster_size_12
roboflow_counterfeit_med_detection_ff0f3b9ee9,Roboflow - Counterfeit_med_detection (v4),roboflow\train\images4039_jpg.rf.efffd0a167f34592b133c6cae5260b95.jpg,authentic,pid_00075,20,outer_packaging_or_product_photo,unclassified_needs_manual_review,640,640,JPEG,member_of_near_duplicate_cluster_size_20
roboflow_counterfeit_med_detection_648ea05173,Roboflow - Counterfeit_med_detection (v4),roboflow\train\images04_jpg.rf.f0942ca8008c8135a208c93029dab07d.jpg,authentic,pid_00325,6,outer_packaging_or_product_photo,unclassified_needs_manual_review,640,640,JPEG,member_of_near_duplicate_cluster_size_6
roboflow_counterfeit_med_detection_700b661480,Roboflow - Counterfeit_med_detection (v4),roboflow\train\images232_jpg.rf.f07ea19f07a5a76fefa13fa30ba3c207.jpg,authentic,pid_00120,16,outer_packaging_or_product_photo,unclassified_needs_manual_review,640,640,JPEG,member_of_near_duplicate_cluster_size_16
roboflow_counterfeit_med_detection_b9d2eac59c,Roboflow - Counterfeit_med_detection (v4),roboflow\train\images04_jpg.rf.f0aac41db378fd557544c5ba11c3d305.jpg,authentic,pid_00239,15,outer_packaging_or_product_photo,unclassified_needs_manual_review,640,640,JPEG,member_of_near_duplicate_cluster_size_15
roboflow_counterfeit_med_detection_7b2bb64bd4,Roboflow - Counterfeit_med_detection (v4),roboflow\train\images5056_jpg.rf.f0a1f907ba492c776b16f24311f5679f.jpg,authentic,pid_00173,7,outer_packaging_or_product_photo,unclassified_needs_manual_review,640,640,JPEG,member_of_near_duplicate_cluster_size_7
roboflow_counterfeit_med_detection_87a766215d,Roboflow - Counterfeit_med_detection (v4),roboflow\train\images4047_jpg.rf.f00effda1bd1de1d5baa422e6a0ea7d8.jpg,authentic,pid_00110,25,outer_packaging_or_product_photo,unclassified_needs_manual_review,640,640,JPEG,member_of_near_duplicate_cluster_size_25
roboflow_counterfeit_med_detection_9e04d1b965,Roboflow - Counterfeit_med_detection (v4),roboflow\train\images307_jpg.rf.f0d900efec6f9a62ef5f60a5419e81b8.jpg,authentic,pid_00106,8,outer_packaging_or_product_photo,unclassified_needs_manual_review,640,640,JPEG,member_of_near_duplicate_cluster_size_8
roboflow_counterfeit_med_detection_c473252c6b,Roboflow - Counterfeit_med_detection (v4),roboflow\train\images5103_jpg.rf.f14995da79f34dc7ab5d2b4e67d7ba24.jpg,authentic,pid_00077,19,outer_packaging_or_product_photo,unclassified_needs_manual_review,640,640,JPEG,member_of_near_duplicate_cluster_size_19
roboflow_counterfeit_med_detection_3666010e27,Roboflow - Counterfeit_med_detection (v4),roboflow\train\images4081_jpg.rf.f12952e918536f8bad2c807cc1bfb9b0.jpg,authentic,pid_00026,19,outer_packaging_or_product_photo,unclassified_needs_manual_review,640,640,JPEG,member_of_near_duplicate_cluster_size_19
roboflow_counterfeit_med_detection_ca2e04572e,Roboflow - Counterfeit_med_detection (v4),roboflow\train\images206_jpg.rf.f0f5e9aa788d811fd7c2826219107b74.jpg,authentic,pid_00292,5,outer_packaging_or_product_photo,unclassified_needs_manual_review,640,640,JPEG,member_of_near_duplicate_cluster_size_5
roboflow_counterfeit_med_detection_fe97b80f36,Roboflow - Counterfeit_med_detection (v4),roboflow\train\images29_jpg.rf.f1d5f4104a394016fef772a8d25abb2c.jpg,authentic,pid_00184,19,outer_packaging_or_product_photo,unclassified_needs_manual_review,640,640,JPEG,member_of_near_duplicate_cluster_size_19
roboflow_counterfeit_med_detection_a9593876a3,Roboflow - Counterfeit_med_detection (v4),roboflow\train\images09_jpg.rf.f1f4ba5bf840123c5a1e51617008bc07.jpg,authentic,pid_00203,7,outer_packaging_or_product_photo,unclassified_needs_manual_review,640,640,JPEG,member_of_near_duplicate_cluster_size_7
roboflow_counterfeit_med_detection_d82d89be18,Roboflow - Counterfeit_med_detection (v4),roboflow\train\images5112_jpg.rf.f1ac30152d5cfb264c8d70f395fb8682.jpg,authentic,pid_00035,19,outer_packaging_or_product_photo,unclassified_needs_manual_review,640,640,JPEG,member_of_near_duplicate_cluster_size_19
roboflow_counterfeit_med_detection_97ae389767,Roboflow - Counterfeit_med_detection (v4),roboflow\train\images13_jpg.rf.f1a0679d21aa001bbaabc9e2f942b535.jpg,authentic,pid_00124,11,outer_packaging_or_product_photo,unclassified_needs_manual_review,640,640,JPEG,member_of_near_duplicate_cluster_size_11
roboflow_counterfeit_med_detection_1c0baa342c,Roboflow - Counterfeit_med_detection (v4),roboflow\train\images5046_jpg.rf.f22143eaafb75b90b6a74a48dc53c74c.jpg,authentic,pid_00068,36,outer_packaging_or_product_photo,unclassified_needs_manual_review,640,640,JPEG,member_of_near_duplicate_cluster_size_36
roboflow_counterfeit_med_detection_91e7721bf2,Roboflow - Counterfeit_med_detection (v4),roboflow\train\images4048_jpg.rf.f1e48284d267fd357ca9ba5fbb434a69.jpg,authentic,pid_00017,28,outer_packaging_or_product_photo,unclassified_needs_manual_review,640,640,JPEG,member_of_near_duplicate_cluster_size_28
roboflow_counterfeit_med_detection_3483f3dba7,Roboflow - Counterfeit_med_detection (v4),roboflow\train\images219_jpg.rf.f247ce074785c25110a961d5552811d7.jpg,authentic,pid_00347,1,outer_packaging_or_product_photo,unclassified_needs_manual_review,640,640,JPEG,
roboflow_counterfeit_med_detection_343bb26b88,Roboflow - Counterfeit_med_detection (v4),roboflow\train\images37_jpg.rf.f29ddd57c30a2bda4bc7bb76d1a2fe85.jpg,authentic,pid_00074,55,outer_packaging_or_product_photo,unclassified_needs_manual_review,640,640,JPEG,member_of_near_duplicate_cluster_size_55
roboflow_counterfeit_med_detection_d0c8166829,Roboflow - Counterfeit_med_detection (v4),roboflow\train\images5023_jpg.rf.f2e74e97430cfc5badf4c12868ba2038.jpg,authentic,pid_00096,34,outer_packaging_or_product_photo,unclassified_needs_manual_review,640,640,JPEG,member_of_near_duplicate_cluster_size_34
roboflow_counterfeit_med_detection_4ccfa5518f,Roboflow - Counterfeit_med_detection (v4),roboflow\train\images5023_jpg.rf.f22f7d463dc7713345765d00827b16f6.jpg,authentic,pid_00096,34,outer_packaging_or_product_photo,unclassified_needs_manual_review,640,640,JPEG,member_of_near_duplicate_cluster_size_34
roboflow_counterfeit_med_detection_836c99de49,Roboflow - Counterfeit_med_detection (v4),roboflow\train\images342_jpg.rf.f26267b343e8f3eb347abb89a076dc3a.jpg,authentic,pid_00002,25,outer_packaging_or_product_photo,unclassified_needs_manual_review,640,640,JPEG,member_of_near_duplicate_cluster_size_25
roboflow_counterfeit_med_detection_5294f93f17,Roboflow - Counterfeit_med_detection (v4),roboflow\train\images31_jpg.rf.f279ecde0406a0f35307e6e502c5e1da.jpg,authentic,pid_00116,18,outer_packaging_or_product_photo,unclassified_needs_manual_review,640,640,JPEG,member_of_near_duplicate_cluster_size_18
roboflow_counterfeit_med_detection_fd6083e140,Roboflow - Counterfeit_med_detection (v4),roboflow\train\images5115_jpg.rf.f277eab6c5baa386ef41f6d00e6cee31.jpg,authentic,pid_00158,43,outer_packaging_or_product_photo,unclassified_needs_manual_review,640,640,JPEG,member_of_near_duplicate_cluster_size_43
roboflow_counterfeit_med_detection_272ccb5d3b,Roboflow - Counterfeit_med_detection (v4),roboflow\train\images5064_jpg.rf.f18c5c4cd0b7e97e80f65e0e2d25d050.jpg,authentic,pid_00252,13,outer_packaging_or_product_photo,unclassified_needs_manual_review,640,640,JPEG,member_of_near_duplicate_cluster_size_13
roboflow_counterfeit_med_detection_268aa2129b,Roboflow - Counterfeit_med_detection (v4),roboflow\train\images4069_jpg.rf.f2c84e003ae85555176a372eb1e3c504.jpg,authentic,pid_00321,7,outer_packaging_or_product_photo,unclassified_needs_manual_review,640,640,JPEG,member_of_near_duplicate_cluster_size_7
roboflow_counterfeit_med_detection_69420d3ec5,Roboflow - Counterfeit_med_detection (v4),roboflow\train\images214_jpg.rf.f2d27fcc5f203ab89e965f5b70fd10d0.jpg,authentic,pid_00082,19,outer_packaging_or_product_photo,unclassified_needs_manual_review,640,640,JPEG,member_of_near_duplicate_cluster_size_19
roboflow_counterfeit_med_detection_d5f745da6f,Roboflow - Counterfeit_med_detection (v4),roboflow\train\images5115_jpg.rf.f2ed297769e22d7c90c1d22fac3727e1.jpg,authentic,pid_00158,43,outer_packaging_or_product_photo,unclassified_needs_manual_review,640,640,JPEG,member_of_near_duplicate_cluster_size_43
roboflow_counterfeit_med_detection_55f5e98219,Roboflow - Counterfeit_med_detection (v4),roboflow\train\images31_jpg.rf.f3903d0c60119861e4542bab4157b1b8.jpg,authentic,pid_00116,18,outer_packaging_or_product_photo,unclassified_needs_manual_review,640,640,JPEG,member_of_near_duplicate_cluster_size_18
roboflow_counterfeit_med_detection_28c0a93173,Roboflow - Counterfeit_med_detection (v4),roboflow\train\images5098_jpg.rf.f4072698b667946036271b23ab63f52e.jpg,authentic,pid_00144,19,outer_packaging_or_product_photo,unclassified_needs_manual_review,640,640,JPEG,member_of_near_duplicate_cluster_size_19
roboflow_counterfeit_med_detection_c72e7adfec,Roboflow - Counterfeit_med_detection (v4),roboflow\train\images4045_jpg.rf.f356e7b9a2f8159ae64140b4878e8b8d.jpg,authentic,pid_00071,8,outer_packaging_or_product_photo,unclassified_needs_manual_review,640,640,JPEG,member_of_near_duplicate_cluster_size_8
roboflow_counterfeit_med_detection_56cd2bc246,Roboflow - Counterfeit_med_detection (v4),roboflow\train\images349_jpg.rf.f3e80eb84c38dcb71e80cbf52cb201cf.jpg,authentic,pid_00112,9,outer_packaging_or_product_photo,unclassified_needs_manual_review,640,640,JPEG,member_of_near_duplicate_cluster_size_9
roboflow_counterfeit_med_detection_11d9610ecc,Roboflow - Counterfeit_med_detection (v4),roboflow\train\images301_jpg.rf.f3104558aca82648924e0c53794f06af.jpg,authentic,pid_00040,13,outer_packaging_or_product_photo,unclassified_needs_manual_review,640,640,JPEG,member_of_near_duplicate_cluster_size_13
roboflow_counterfeit_med_detection_07bb35d638,Roboflow - Counterfeit_med_detection (v4),roboflow\train\images348_jpg.rf.f3ac19d448b904fa361bba83ee2a6d54.jpg,authentic,pid_00038,37,outer_packaging_or_product_photo,unclassified_needs_manual_review,640,640,JPEG,member_of_near_duplicate_cluster_size_37
roboflow_counterfeit_med_detection_07a04e1d13,Roboflow - Counterfeit_med_detection (v4),roboflow\train\images4082_jpg.rf.f370abd22d5f5f2e0aec8dba03e476fa.jpg,authentic,pid_00154,18,outer_packaging_or_product_photo,unclassified_needs_manual_review,640,640,JPEG,member_of_near_duplicate_cluster_size_18
roboflow_counterfeit_med_detection_b8b4e2ec73,Roboflow - Counterfeit_med_detection (v4),roboflow\train\images206_jpg.rf.f32a3df5ac2c1d6a3c5fa922c9ae1d91.jpg,authentic,pid_00220,14,outer_packaging_or_product_photo,unclassified_needs_manual_review,640,640,JPEG,member_of_near_duplicate_cluster_size_14
roboflow_counterfeit_med_detection_c8c0955767,Roboflow - Counterfeit_med_detection (v4),roboflow\train\images5067_jpg.rf.f4017b0714a4f9f5b577e229471dee16.jpg,authentic,pid_00348,1,outer_packaging_or_product_photo,unclassified_needs_manual_review,640,640,JPEG,
roboflow_counterfeit_med_detection_160e3e1b54,Roboflow - Counterfeit_med_detection (v4),roboflow\train\images4088_jpg.rf.f47395b6b31660e17edc8cb1b849dd16.jpg,authentic,pid_00185,19,outer_packaging_or_product_photo,unclassified_needs_manual_review,640,640,JPEG,member_of_near_duplicate_cluster_size_19
roboflow_counterfeit_med_detection_432e9dfb7c,Roboflow - Counterfeit_med_detection (v4),roboflow\train\images5114_jpg.rf.f5c0e136f3c58750db48b3d69003d370.jpg,authentic,pid_00207,18,outer_packaging_or_product_photo,unclassified_needs_manual_review,640,640,JPEG,member_of_near_duplicate_cluster_size_18
roboflow_counterfeit_med_detection_9bf077306d,Roboflow - Counterfeit_med_detection (v4),roboflow\train\images264_jpg.rf.f529749b9ebd13ffd5f886027ac30315.jpg,authentic,pid_00019,18,outer_packaging_or_product_photo,unclassified_needs_manual_review,640,640,JPEG,member_of_near_duplicate_cluster_size_18
roboflow_counterfeit_med_detection_a7b45b5370,Roboflow - Counterfeit_med_detection (v4),roboflow\train\images4085_jpg.rf.f4d9bc7cbd1dcb3d662a00b51391c00a.jpg,authentic,pid_00057,55,outer_packaging_or_product_photo,unclassified_needs_manual_review,640,640,JPEG,member_of_near_duplicate_cluster_size_55
roboflow_counterfeit_med_detection_135a5b2a11,Roboflow - Counterfeit_med_detection (v4),roboflow\train\images4044_jpg.rf.f5bcaf6ecc0600a434b86932577026da.jpg,authentic,pid_00140,24,outer_packaging_or_product_photo,unclassified_needs_manual_review,640,640,JPEG,member_of_near_duplicate_cluster_size_24
roboflow_counterfeit_med_detection_db85566003,Roboflow - Counterfeit_med_detection (v4),roboflow\train\images5069_jpg.rf.f62b596e178f17e728116c6147058d73.jpg,authentic,pid_00295,5,outer_packaging_or_product_photo,unclassified_needs_manual_review,640,640,JPEG,member_of_near_duplicate_cluster_size_5
roboflow_counterfeit_med_detection_603ae73503,Roboflow - Counterfeit_med_detection (v4),roboflow\train\images346_jpg.rf.f5469ae8f0ee485114393cfe347aeb27.jpg,authentic,pid_00189,24,outer_packaging_or_product_photo,unclassified_needs_manual_review,640,640,JPEG,member_of_near_duplicate_cluster_size_24
roboflow_counterfeit_med_detection_abbd5cc8e4,Roboflow - Counterfeit_med_detection (v4),roboflow\train\images212_jpg.rf.f61463aef8a04a9b090d1027f6b4d21f.jpg,authentic,pid_00233,10,outer_packaging_or_product_photo,unclassified_needs_manual_review,640,640,JPEG,member_of_near_duplicate_cluster_size_10
roboflow_counterfeit_med_detection_71c8b075f8,Roboflow - Counterfeit_med_detection (v4),roboflow\train\images347_jpg.rf.f524fe57bd0647ddc4bc9384b7604671.jpg,authentic,pid_00119,35,outer_packaging_or_product_photo,unclassified_needs_manual_review,640,640,JPEG,member_of_near_duplicate_cluster_size_35
roboflow_counterfeit_med_detection_a251910c51,Roboflow - Counterfeit_med_detection (v4),roboflow\train\images5056_jpg.rf.f53b0a4cfe5e855a6d6ac140245693ef.jpg,authentic,pid_00117,11,outer_packaging_or_product_photo,unclassified_needs_manual_review,640,640,JPEG,member_of_near_duplicate_cluster_size_11
roboflow_counterfeit_med_detection_694b000124,Roboflow - Counterfeit_med_detection (v4),roboflow\train\images4046_jpg.rf.f50243894ee5c127f922fb128566ff31.jpg,authentic,pid_00087,37,outer_packaging_or_product_photo,unclassified_needs_manual_review,640,640,JPEG,member_of_near_duplicate_cluster_size_37
roboflow_counterfeit_med_detection_e20a1a26d8,Roboflow - Counterfeit_med_detection (v4),roboflow\train\images5040_jpg.rf.f54b745c2a952cf406d0881abc7e33bd.jpg,authentic,pid_00099,17,outer_packaging_or_product_photo,unclassified_needs_manual_review,640,640,JPEG,member_of_near_duplicate_cluster_size_17
roboflow_counterfeit_med_detection_60202febde,Roboflow - Counterfeit_med_detection (v4),roboflow\train\images310_jpg.rf.f4f3ecad7daaba442dcdd9256563adb3.jpg,authentic,pid_00302,6,outer_packaging_or_product_photo,unclassified_needs_manual_review,640,640,JPEG,member_of_near_duplicate_cluster_size_6
roboflow_counterfeit_med_detection_9290ea58a4,Roboflow - Counterfeit_med_detection (v4),roboflow\train\images5058_jpg.rf.f58fc8df0178209af776dc50034b9547.jpg,authentic,pid_00226,14,outer_packaging_or_product_photo,unclassified_needs_manual_review,640,640,JPEG,member_of_near_duplicate_cluster_size_14
roboflow_counterfeit_med_detection_584e177c07,Roboflow - Counterfeit_med_detection (v4),roboflow\train\images256_jpg.rf.f698d5c0b4524d8c388993e6ec4d129c.jpg,authentic,pid_00066,23,outer_packaging_or_product_photo,unclassified_needs_manual_review,640,640,JPEG,member_of_near_duplicate_cluster_size_23
roboflow_counterfeit_med_detection_8158f34450,Roboflow - Counterfeit_med_detection (v4),roboflow\train\images5039_jpg.rf.f65f09e1079a5c3a71d069daa7b06239.jpg,authentic,pid_00208,6,outer_packaging_or_product_photo,unclassified_needs_manual_review,640,640,JPEG,member_of_near_duplicate_cluster_size_6
roboflow_counterfeit_med_detection_49ac7428fd,Roboflow - Counterfeit_med_detection (v4),roboflow\train\images4093_jpg.rf.f75f602bf57d657948eeaa838d1e8b66.jpg,authentic,pid_00251,12,outer_packaging_or_product_photo,unclassified_needs_manual_review,640,640,JPEG,member_of_near_duplicate_cluster_size_12
roboflow_counterfeit_med_detection_5f60c76768,Roboflow - Counterfeit_med_detection (v4),roboflow\train\images4042_jpg.rf.f6f689b6437f911f600d6e8d4f19c3ad.jpg,authentic,pid_00092,40,outer_packaging_or_product_photo,unclassified_needs_manual_review,640,640,JPEG,member_of_near_duplicate_cluster_size_40
roboflow_counterfeit_med_detection_2abe2ae9ab,Roboflow - Counterfeit_med_detection (v4),roboflow\train\images37_jpg.rf.f78e21f33236be678bd36b0584abc66e.jpg,authentic,pid_00074,55,outer_packaging_or_product_photo,unclassified_needs_manual_review,640,640,JPEG,member_of_near_duplicate_cluster_size_55
roboflow_counterfeit_med_detection_fbe94755ff,Roboflow - Counterfeit_med_detection (v4),roboflow\train\images4069_jpg.rf.f79c82797a16135421e5e459edaebab2.jpg,authentic,pid_00275,10,outer_packaging_or_product_photo,unclassified_needs_manual_review,640,640,JPEG,member_of_near_duplicate_cluster_size_10
roboflow_counterfeit_med_detection_cd58879ac1,Roboflow - Counterfeit_med_detection (v4),roboflow\train\images4066_jpg.rf.f796e8ec6bb83519a8ce883fcbf18a80.jpg,authentic,pid_00264,19,outer_packaging_or_product_photo,unclassified_needs_manual_review,640,640,JPEG,member_of_near_duplicate_cluster_size_19
roboflow_counterfeit_med_detection_14c35b88d2,Roboflow - Counterfeit_med_detection (v4),roboflow\train\images266_jpg.rf.f70bdc27bce3573dfe671621f40bbb0f.jpg,authentic,pid_00027,19,outer_packaging_or_product_photo,unclassified_needs_manual_review,640,640,JPEG,member_of_near_duplicate_cluster_size_19
roboflow_counterfeit_med_detection_576654c060,Roboflow - Counterfeit_med_detection (v4),roboflow\train\images226_jpg.rf.f78220323915cb1b5768d70ba95a0cd9.jpg,authentic,pid_00186,19,outer_packaging_or_product_photo,unclassified_needs_manual_review,640,640,JPEG,member_of_near_duplicate_cluster_size_19
roboflow_counterfeit_med_detection_28e4812df6,Roboflow - Counterfeit_med_detection (v4),roboflow\train\images5063_jpg.rf.f76e7551d16bb356642a335f36bf733d.jpg,authentic,pid_00285,14,outer_packaging_or_product_photo,unclassified_needs_manual_review,640,640,JPEG,member_of_near_duplicate_cluster_size_14
roboflow_counterfeit_med_detection_ee8dbd43ad,Roboflow - Counterfeit_med_detection (v4),roboflow\train\images21_jpg.rf.f7197f157616046912dd712039a747d8.jpg,authentic,pid_00053,12,outer_packaging_or_product_photo,unclassified_needs_manual_review,640,640,JPEG,member_of_near_duplicate_cluster_size_12
roboflow_counterfeit_med_detection_97dbe221a5,Roboflow - Counterfeit_med_detection (v4),roboflow\train\images342_jpg.rf.f73d112bbe54daa34ebd310443be104c.jpg,authentic,pid_00002,25,outer_packaging_or_product_photo,unclassified_needs_manual_review,640,640,JPEG,member_of_near_duplicate_cluster_size_25
roboflow_counterfeit_med_detection_a3d72e4e64,Roboflow - Counterfeit_med_detection (v4),roboflow\train\images349_jpg.rf.f796ebc9ff1421f5de55012328d2a3e5.jpg,authentic,pid_00259,16,outer_packaging_or_product_photo,unclassified_needs_manual_review,640,640,JPEG,member_of_near_duplicate_cluster_size_16
roboflow_counterfeit_med_detection_b3eb0e69fe,Roboflow - Counterfeit_med_detection (v4),roboflow\train\images206_jpg.rf.f7ae137e691f88b3e560fe8fbcfc27d5.jpg,authentic,pid_00292,5,outer_packaging_or_product_photo,unclassified_needs_manual_review,640,640,JPEG,member_of_near_duplicate_cluster_size_5
roboflow_counterfeit_med_detection_f8026cb22b,Roboflow - Counterfeit_med_detection (v4),roboflow\train\images340_jpg.rf.f842519fdab270908b8082e4a772beaa.jpg,authentic,pid_00224,24,outer_packaging_or_product_photo,unclassified_needs_manual_review,640,640,JPEG,member_of_near_duplicate_cluster_size_24
roboflow_counterfeit_med_detection_6a0f2ec554,Roboflow - Counterfeit_med_detection (v4),roboflow\train\images14_jpg.rf.f7eaa58fbc6579977486d911f6c1b5e4.jpg,authentic,pid_00132,13,outer_packaging_or_product_photo,unclassified_needs_manual_review,640,640,JPEG,member_of_near_duplicate_cluster_size_13
roboflow_counterfeit_med_detection_679628e919,Roboflow - Counterfeit_med_detection (v4),roboflow\train\images230_jpg.rf.f7c6bce45b078378c233c9cf96df3d70.jpg,authentic,pid_00168,18,outer_packaging_or_product_photo,unclassified_needs_manual_review,640,640,JPEG,member_of_near_duplicate_cluster_size_18
roboflow_counterfeit_med_detection_5fd1bf154c,Roboflow - Counterfeit_med_detection (v4),roboflow\train\images4042_jpg.rf.f6bde6fe21295e66ef422f265e5b6441.jpg,authentic,pid_00092,40,outer_packaging_or_product_photo,unclassified_needs_manual_review,640,640,JPEG,member_of_near_duplicate_cluster_size_40
roboflow_counterfeit_med_detection_4250531433,Roboflow - Counterfeit_med_detection (v4),roboflow\train\images4054_jpg.rf.f954b830d3861887567d8b2561806a83.jpg,authentic,pid_00028,35,outer_packaging_or_product_photo,unclassified_needs_manual_review,640,640,JPEG,member_of_near_duplicate_cluster_size_35
roboflow_counterfeit_med_detection_97c706fab7,Roboflow - Counterfeit_med_detection (v4),roboflow\train\images4047_jpg.rf.f8ee48b71e998147c131c5b907866d7f.jpg,authentic,pid_00130,12,outer_packaging_or_product_photo,unclassified_needs_manual_review,640,640,JPEG,member_of_near_duplicate_cluster_size_12
roboflow_counterfeit_med_detection_4159c26c5f,Roboflow - Counterfeit_med_detection (v4),roboflow\train\images303_jpg.rf.f8d4a14669777dc79e731868cbe68c30.jpg,authentic,pid_00113,17,outer_packaging_or_product_photo,unclassified_needs_manual_review,640,640,JPEG,member_of_near_duplicate_cluster_size_17
roboflow_counterfeit_med_detection_15603fffeb,Roboflow - Counterfeit_med_detection (v4),roboflow\train\images311_jpg.rf.f92f3ddb5c29a52fd91582a86a3cbf09.jpg,authentic,pid_00170,11,outer_packaging_or_product_photo,unclassified_needs_manual_review,640,640,JPEG,member_of_near_duplicate_cluster_size_11
roboflow_counterfeit_med_detection_e5c3167c56,Roboflow - Counterfeit_med_detection (v4),roboflow\train\images5034_jpg.rf.f8e325f31fadb7b239617b6955754a38.jpg,authentic,pid_00009,19,outer_packaging_or_product_photo,unclassified_needs_manual_review,640,640,JPEG,member_of_near_duplicate_cluster_size_19
roboflow_counterfeit_med_detection_fd17d61c49,Roboflow - Counterfeit_med_detection (v4),roboflow\train\images4035_jpg.rf.f80e5eb3f60837cab7ad710c7e0b029f.jpg,authentic,pid_00086,18,outer_packaging_or_product_photo,unclassified_needs_manual_review,640,640,JPEG,member_of_near_duplicate_cluster_size_18
roboflow_counterfeit_med_detection_c27062b4a0,Roboflow - Counterfeit_med_detection (v4),roboflow\train\images301_jpg.rf.f7cf3cdd779067252988211e8370fbb3.jpg,authentic,pid_00040,13,outer_packaging_or_product_photo,unclassified_needs_manual_review,640,640,JPEG,member_of_near_duplicate_cluster_size_13
roboflow_counterfeit_med_detection_6428bf70a8,Roboflow - Counterfeit_med_detection (v4),roboflow\train\images4079_jpg.rf.f7e813ef6063cae7f48b49b187e9c6be.jpg,authentic,pid_00209,3,outer_packaging_or_product_photo,unclassified_needs_manual_review,640,640,JPEG,member_of_near_duplicate_cluster_size_3
roboflow_counterfeit_med_detection_0450609d27,Roboflow - Counterfeit_med_detection (v4),roboflow\train\images4069_jpg.rf.f97e52943fef7e2c8eed34df4d8b4c22.jpg,authentic,pid_00321,7,outer_packaging_or_product_photo,unclassified_needs_manual_review,640,640,JPEG,member_of_near_duplicate_cluster_size_7
roboflow_counterfeit_med_detection_17a1742631,Roboflow - Counterfeit_med_detection (v4),roboflow\train\images4092_jpg.rf.f995488d0d7eb3a68e3dfcd2527e2610.jpg,authentic,pid_00265,6,outer_packaging_or_product_photo,unclassified_needs_manual_review,640,640,JPEG,member_of_near_duplicate_cluster_size_6
roboflow_counterfeit_med_detection_b718432578,Roboflow - Counterfeit_med_detection (v4),roboflow\train\images231_jpg.rf.fa293dcb87e9ad80bde6616830bdf7f2.jpg,authentic,pid_00090,18,outer_packaging_or_product_photo,unclassified_needs_manual_review,640,640,JPEG,member_of_near_duplicate_cluster_size_18
roboflow_counterfeit_med_detection_bace279461,Roboflow - Counterfeit_med_detection (v4),roboflow\train\images5051_jpg.rf.fa017a67bcba5ec4e00ffdb42a254b91.jpg,authentic,pid_00349,1,outer_packaging_or_product_photo,unclassified_needs_manual_review,640,640,JPEG,
roboflow_counterfeit_med_detection_edc844f933,Roboflow - Counterfeit_med_detection (v4),roboflow\train\images38_jpg.rf.fa345357d279ccfb82fb1891ec15dd97.jpg,authentic,pid_00350,1,outer_packaging_or_product_photo,unclassified_needs_manual_review,640,640,JPEG,
roboflow_counterfeit_med_detection_4bd2444580,Roboflow - Counterfeit_med_detection (v4),roboflow\train\images349_jpg.rf.fa62ea94ac7c1275a3301135e4b0fcf7.jpg,authentic,pid_00041,11,outer_packaging_or_product_photo,unclassified_needs_manual_review,640,640,JPEG,member_of_near_duplicate_cluster_size_11
roboflow_counterfeit_med_detection_0b408620d3,Roboflow - Counterfeit_med_detection (v4),roboflow\train\images5115_jpg.rf.fa879fd19d39fa828482dbe6fed62df8.jpg,authentic,pid_00158,43,outer_packaging_or_product_photo,unclassified_needs_manual_review,640,640,JPEG,member_of_near_duplicate_cluster_size_43
roboflow_counterfeit_med_detection_fd1423d346,Roboflow - Counterfeit_med_detection (v4),roboflow\train\images5024_jpg.rf.faa2d8d27b003e88512dad25f19e52e2.jpg,authentic,pid_00217,15,outer_packaging_or_product_photo,unclassified_needs_manual_review,640,640,JPEG,member_of_near_duplicate_cluster_size_15
roboflow_counterfeit_med_detection_2ec7803384,Roboflow - Counterfeit_med_detection (v4),roboflow\train\images236_jpg.rf.fa96a04b0057ff765dbc4482acfd41c1.jpg,authentic,pid_00055,19,outer_packaging_or_product_photo,unclassified_needs_manual_review,640,640,JPEG,member_of_near_duplicate_cluster_size_19
roboflow_counterfeit_med_detection_9006e2f9c7,Roboflow - Counterfeit_med_detection (v4),roboflow\train\images351_jpg.rf.fa59b158c9b44f5047cc761458d07a52.jpg,authentic,pid_00020,25,outer_packaging_or_product_photo,unclassified_needs_manual_review,640,640,JPEG,member_of_near_duplicate_cluster_size_25
roboflow_counterfeit_med_detection_e4f7fd3b20,Roboflow - Counterfeit_med_detection (v4),roboflow\train\images340_jpg.rf.fa2fed114391aad3481332b45734d798.jpg,authentic,pid_00169,12,outer_packaging_or_product_photo,unclassified_needs_manual_review,640,640,JPEG,member_of_near_duplicate_cluster_size_12
roboflow_counterfeit_med_detection_1e7380943d,Roboflow - Counterfeit_med_detection (v4),roboflow\train\images4042_jpg.rf.fa6eb030e118e21831899115df943242.jpg,authentic,pid_00092,40,outer_packaging_or_product_photo,unclassified_needs_manual_review,640,640,JPEG,member_of_near_duplicate_cluster_size_40
roboflow_counterfeit_med_detection_22e18e315b,Roboflow - Counterfeit_med_detection (v4),roboflow\train\images214_jpg.rf.fa7b90e915ab0854a764f503eabd1dbb.jpg,authentic,pid_00082,19,outer_packaging_or_product_photo,unclassified_needs_manual_review,640,640,JPEG,member_of_near_duplicate_cluster_size_19
roboflow_counterfeit_med_detection_1ddddcca92,Roboflow - Counterfeit_med_detection (v4),roboflow\train\images4100_jpg.rf.faa93303a15802f7ee9225936f3f8f87.jpg,authentic,pid_00047,15,outer_packaging_or_product_photo,unclassified_needs_manual_review,640,640,JPEG,member_of_near_duplicate_cluster_size_15
roboflow_counterfeit_med_detection_0ce77f9050,Roboflow - Counterfeit_med_detection (v4),roboflow\train\images208_jpg.rf.faa9f291b1725f77a9ba70cd357decd6.jpg,authentic,pid_00351,1,outer_packaging_or_product_photo,unclassified_needs_manual_review,640,640,JPEG,
roboflow_counterfeit_med_detection_b624aea29a,Roboflow - Counterfeit_med_detection (v4),roboflow\train\images312_jpg.rf.fabb65ce8265e7e56d1e1120b2d0d665.jpg,authentic,pid_00288,6,outer_packaging_or_product_photo,unclassified_needs_manual_review,640,640,JPEG,member_of_near_duplicate_cluster_size_6
roboflow_counterfeit_med_detection_4800fc5e97,Roboflow - Counterfeit_med_detection (v4),roboflow\train\images5046_jpg.rf.faa4f8b5ba1beb715e0dd4cedba10dd8.jpg,authentic,pid_00263,14,outer_packaging_or_product_photo,unclassified_needs_manual_review,640,640,JPEG,member_of_near_duplicate_cluster_size_14
roboflow_counterfeit_med_detection_64df5a7a38,Roboflow - Counterfeit_med_detection (v4),roboflow\train\images5030_jpg.rf.fac0bcc2ac2972b074c8ae1e26e90120.jpg,authentic,pid_00221,6,outer_packaging_or_product_photo,unclassified_needs_manual_review,640,640,JPEG,member_of_near_duplicate_cluster_size_6
roboflow_counterfeit_med_detection_fe47313aed,Roboflow - Counterfeit_med_detection (v4),roboflow\train\images4058_jpg.rf.fae6c4e93457e0376218218506f87aac.jpg,authentic,pid_00158,43,outer_packaging_or_product_photo,unclassified_needs_manual_review,640,640,JPEG,member_of_near_duplicate_cluster_size_43
roboflow_counterfeit_med_detection_0a9eff3489,Roboflow - Counterfeit_med_detection (v4),roboflow\train\images01_jpg.rf.fac669614abe263497c738833e3c634e.jpg,authentic,pid_00061,41,outer_packaging_or_product_photo,unclassified_needs_manual_review,640,640,JPEG,member_of_near_duplicate_cluster_size_41
roboflow_counterfeit_med_detection_839ff922a4,Roboflow - Counterfeit_med_detection (v4),roboflow\train\images4061_jpg.rf.fafb8f6afafb743408423c67b2063773.jpg,authentic,pid_00051,17,outer_packaging_or_product_photo,unclassified_needs_manual_review,640,640,JPEG,member_of_near_duplicate_cluster_size_17
roboflow_counterfeit_med_detection_800aec328d,Roboflow - Counterfeit_med_detection (v4),roboflow\train\images5114_jpg.rf.fb6220dc0e3e7458ede55ed696d056db.jpg,authentic,pid_00207,18,outer_packaging_or_product_photo,unclassified_needs_manual_review,640,640,JPEG,member_of_near_duplicate_cluster_size_18
roboflow_counterfeit_med_detection_3f2679bbf5,Roboflow - Counterfeit_med_detection (v4),roboflow\train\images222_jpg.rf.fad6b06944c3156a4ede59b448b59218.jpg,authentic,pid_00068,36,outer_packaging_or_product_photo,unclassified_needs_manual_review,640,640,JPEG,member_of_near_duplicate_cluster_size_36
roboflow_counterfeit_med_detection_4a94bb1f9d,Roboflow - Counterfeit_med_detection (v4),roboflow\train\images4040_jpg.rf.fb47fe89171ccd6ad6a2580956ed882a.jpg,authentic,pid_00166,24,outer_packaging_or_product_photo,unclassified_needs_manual_review,640,640,JPEG,member_of_near_duplicate_cluster_size_24
roboflow_counterfeit_med_detection_29278a4677,Roboflow - Counterfeit_med_detection (v4),roboflow\train\images05_jpg.rf.fb883552066e423fa848a110c99cfd09.jpg,authentic,pid_00139,21,outer_packaging_or_product_photo,unclassified_needs_manual_review,640,640,JPEG,member_of_near_duplicate_cluster_size_21
roboflow_counterfeit_med_detection_1bd63dac67,Roboflow - Counterfeit_med_detection (v4),roboflow\train\images316_jpg.rf.fbd8b9f818ffcca8458dbed09325949d.jpg,authentic,pid_00064,19,outer_packaging_or_product_photo,unclassified_needs_manual_review,640,640,JPEG,member_of_near_duplicate_cluster_size_19
roboflow_counterfeit_med_detection_92310d3c01,Roboflow - Counterfeit_med_detection (v4),roboflow\train\images4066_jpg.rf.fbedf88cb34648995d4c421c78209cc3.jpg,authentic,pid_00264,19,outer_packaging_or_product_photo,unclassified_needs_manual_review,640,640,JPEG,member_of_near_duplicate_cluster_size_19
roboflow_counterfeit_med_detection_72df039efb,Roboflow - Counterfeit_med_detection (v4),roboflow\train\images02_jpg.rf.fc13e22dfa6c950c84cf760f0d390b57.jpg,authentic,pid_00007,14,outer_packaging_or_product_photo,unclassified_needs_manual_review,640,640,JPEG,member_of_near_duplicate_cluster_size_14
roboflow_counterfeit_med_detection_d307f098ce,Roboflow - Counterfeit_med_detection (v4),roboflow\train\images4063_jpg.rf.fae308025ea7edfae9aaa9238764a5b3.jpg,authentic,pid_00079,14,outer_packaging_or_product_photo,unclassified_needs_manual_review,640,640,JPEG,member_of_near_duplicate_cluster_size_14
roboflow_counterfeit_med_detection_4fdefb3648,Roboflow - Counterfeit_med_detection (v4),roboflow\train\images4025_jpg.rf.fc044fc3289a1f582b1a9563ac531983.jpg,authentic,pid_00278,7,outer_packaging_or_product_photo,unclassified_needs_manual_review,640,640,JPEG,member_of_near_duplicate_cluster_size_7
roboflow_counterfeit_med_detection_0472c27425,Roboflow - Counterfeit_med_detection (v4),roboflow\train\images4048_jpg.rf.fb8e7b62bf6c06a07b5cd13ad36920a0.jpg,authentic,pid_00017,28,outer_packaging_or_product_photo,unclassified_needs_manual_review,640,640,JPEG,member_of_near_duplicate_cluster_size_28
roboflow_counterfeit_med_detection_67592292ab,Roboflow - Counterfeit_med_detection (v4),roboflow\train\images5097_jpg.rf.fb4b53f9fcee5c7e51cfd976b6b83b0b.jpg,authentic,pid_00005,28,outer_packaging_or_product_photo,unclassified_needs_manual_review,640,640,JPEG,member_of_near_duplicate_cluster_size_28
roboflow_counterfeit_med_detection_ca453060b3,Roboflow - Counterfeit_med_detection (v4),roboflow\train\images5053_jpg.rf.fc2f2f0d14f961f8edb5684a9077e4ef.jpg,authentic,pid_00290,7,outer_packaging_or_product_photo,unclassified_needs_manual_review,640,640,JPEG,member_of_near_duplicate_cluster_size_7
roboflow_counterfeit_med_detection_cd180c6403,Roboflow - Counterfeit_med_detection (v4),roboflow\train\images4054_jpg.rf.fb836868c5ee0b71433b5934e13edca6.jpg,authentic,pid_00028,35,outer_packaging_or_product_photo,unclassified_needs_manual_review,640,640,JPEG,member_of_near_duplicate_cluster_size_35
roboflow_counterfeit_med_detection_f7f2cb28da,Roboflow - Counterfeit_med_detection (v4),roboflow\train\images4046_jpg.rf.fc2d90c59275fab28fd1c10355374703.jpg,authentic,pid_00087,37,outer_packaging_or_product_photo,unclassified_needs_manual_review,640,640,JPEG,member_of_near_duplicate_cluster_size_37
roboflow_counterfeit_med_detection_61114ad21d,Roboflow - Counterfeit_med_detection (v4),roboflow\train\images206_jpg.rf.fca88fa289cbe2de81875121992914bb.jpg,authentic,pid_00292,5,outer_packaging_or_product_photo,unclassified_needs_manual_review,640,640,JPEG,member_of_near_duplicate_cluster_size_5
roboflow_counterfeit_med_detection_77195a3892,Roboflow - Counterfeit_med_detection (v4),roboflow\train\images4040_jpg.rf.fcd689891bd8c17eb212853e096e1fac.jpg,authentic,pid_00166,24,outer_packaging_or_product_photo,unclassified_needs_manual_review,640,640,JPEG,member_of_near_duplicate_cluster_size_24
roboflow_counterfeit_med_detection_f8dd23412a,Roboflow - Counterfeit_med_detection (v4),roboflow\train\images4040_jpg.rf.fcda6f74eda69e9827db9e3c50669383.jpg,authentic,pid_00166,24,outer_packaging_or_product_photo,unclassified_needs_manual_review,640,640,JPEG,member_of_near_duplicate_cluster_size_24
roboflow_counterfeit_med_detection_c294b7ad96,Roboflow - Counterfeit_med_detection (v4),roboflow\train\images226_jpg.rf.fceb74ed1bf47748b7db7387217d0ffe.jpg,authentic,pid_00186,19,outer_packaging_or_product_photo,unclassified_needs_manual_review,640,640,JPEG,member_of_near_duplicate_cluster_size_19
roboflow_counterfeit_med_detection_83cceed37b,Roboflow - Counterfeit_med_detection (v4),roboflow\train\images276_jpg.rf.fc7ec55f530722849b7d5a50b19c764d.jpg,authentic,pid_00253,5,outer_packaging_or_product_photo,unclassified_needs_manual_review,640,640,JPEG,member_of_near_duplicate_cluster_size_5
roboflow_counterfeit_med_detection_dc6b63fc5e,Roboflow - Counterfeit_med_detection (v4),roboflow\train\images4038_jpg.rf.fcf605a90c7d504c57c0c13cda903618.jpg,authentic,pid_00057,55,outer_packaging_or_product_photo,unclassified_needs_manual_review,640,640,JPEG,member_of_near_duplicate_cluster_size_55
roboflow_counterfeit_med_detection_6561c6ed2e,Roboflow - Counterfeit_med_detection (v4),roboflow\train\images262_jpg.rf.fc02043a26bf76ebee24a9a60953fae3.jpg,authentic,pid_00072,20,outer_packaging_or_product_photo,unclassified_needs_manual_review,640,640,JPEG,member_of_near_duplicate_cluster_size_20
roboflow_counterfeit_med_detection_30a414af3d,Roboflow - Counterfeit_med_detection (v4),roboflow\train\images5100_jpg.rf.fc807632d4129c6b7ad5d950277ad6d7.jpg,authentic,pid_00214,17,outer_packaging_or_product_photo,unclassified_needs_manual_review,640,640,JPEG,member_of_near_duplicate_cluster_size_17
roboflow_counterfeit_med_detection_634e3b98f5,Roboflow - Counterfeit_med_detection (v4),roboflow\train\images4110_jpg.rf.fcd6a7e94800af8fcc315a7dba90b272.jpg,authentic,pid_00000,19,outer_packaging_or_product_photo,unclassified_needs_manual_review,640,640,JPEG,member_of_near_duplicate_cluster_size_19
roboflow_counterfeit_med_detection_320901f694,Roboflow - Counterfeit_med_detection (v4),roboflow\train\images4025_jpg.rf.fd08680d191beb0037d247fb964e90ad.jpg,authentic,pid_00129,29,outer_packaging_or_product_photo,unclassified_needs_manual_review,640,640,JPEG,member_of_near_duplicate_cluster_size_29
roboflow_counterfeit_med_detection_d12be2a46f,Roboflow - Counterfeit_med_detection (v4),roboflow\train\images351_jpg.rf.fd2ff4cb33964b42cbd9d11838162992.jpg,authentic,pid_00128,12,outer_packaging_or_product_photo,unclassified_needs_manual_review,640,640,JPEG,member_of_near_duplicate_cluster_size_12
roboflow_counterfeit_med_detection_4cb1612240,Roboflow - Counterfeit_med_detection (v4),roboflow\train\images256_jpg.rf.fd8f234ea31801fe877417f536486e02.jpg,authentic,pid_00066,23,outer_packaging_or_product_photo,unclassified_needs_manual_review,640,640,JPEG,member_of_near_duplicate_cluster_size_23
roboflow_counterfeit_med_detection_388d35298a,Roboflow - Counterfeit_med_detection (v4),roboflow\train\images08_jpg.rf.fd8753d4dc0732d05dfa9126621d04a8.jpg,authentic,pid_00043,19,outer_packaging_or_product_photo,unclassified_needs_manual_review,640,640,JPEG,member_of_near_duplicate_cluster_size_19
roboflow_counterfeit_med_detection_559ad13f9d,Roboflow - Counterfeit_med_detection (v4),roboflow\train\images4124_jpg.rf.fcfb497e1c2416ba936806026d91d67e.jpg,authentic,pid_00152,19,outer_packaging_or_product_photo,unclassified_needs_manual_review,640,640,JPEG,member_of_near_duplicate_cluster_size_19
roboflow_counterfeit_med_detection_d5af9ddf70,Roboflow - Counterfeit_med_detection (v4),roboflow\train\images310_jpg.rf.fcf6b80e1b9ffb47f439e0b5e575b8f2.jpg,authentic,pid_00190,10,outer_packaging_or_product_photo,unclassified_needs_manual_review,640,640,JPEG,member_of_near_duplicate_cluster_size_10
roboflow_counterfeit_med_detection_9b985e6e38,Roboflow - Counterfeit_med_detection (v4),roboflow\train\images213_jpg.rf.fd9f67ea55087b460e20fe3e89056440.jpg,authentic,pid_00243,6,outer_packaging_or_product_photo,unclassified_needs_manual_review,640,640,JPEG,member_of_near_duplicate_cluster_size_6
roboflow_counterfeit_med_detection_a874ccdb8a,Roboflow - Counterfeit_med_detection (v4),roboflow\train\images02_jpg.rf.fd96f691885b32200de06eef579fb94e.jpg,authentic,pid_00312,6,outer_packaging_or_product_photo,unclassified_needs_manual_review,640,640,JPEG,member_of_near_duplicate_cluster_size_6
roboflow_counterfeit_med_detection_9f90dafef7,Roboflow - Counterfeit_med_detection (v4),roboflow\train\images4095_jpg.rf.fd61e9ebdd903157ea107ba4061b2e0b.jpg,authentic,pid_00032,16,outer_packaging_or_product_photo,unclassified_needs_manual_review,640,640,JPEG,member_of_near_duplicate_cluster_size_16
roboflow_counterfeit_med_detection_e42d761fa1,Roboflow - Counterfeit_med_detection (v4),roboflow\train\images321_jpg.rf.fe0ac533aa3adacafd5fdc9c6e5479dd.jpg,authentic,pid_00074,55,outer_packaging_or_product_photo,unclassified_needs_manual_review,640,640,JPEG,member_of_near_duplicate_cluster_size_55
roboflow_counterfeit_med_detection_9d7be3b823,Roboflow - Counterfeit_med_detection (v4),roboflow\train\images255_jpg.rf.fef26e1b2a145d280adafcbafa5da04b.jpg,authentic,pid_00277,13,outer_packaging_or_product_photo,unclassified_needs_manual_review,640,640,JPEG,member_of_near_duplicate_cluster_size_13
roboflow_counterfeit_med_detection_8cdc8e0df4,Roboflow - Counterfeit_med_detection (v4),roboflow\train\images5023_jpg.rf.fdf0ef9f1292685b567928dc60945d9c.jpg,authentic,pid_00096,34,outer_packaging_or_product_photo,unclassified_needs_manual_review,640,640,JPEG,member_of_near_duplicate_cluster_size_34
roboflow_counterfeit_med_detection_01d6447cd5,Roboflow - Counterfeit_med_detection (v4),roboflow\train\images5117_jpg.rf.ffe75b6f820abbaa9931487fd7c69f73.jpg,authentic,pid_00172,18,outer_packaging_or_product_photo,unclassified_needs_manual_review,640,640,JPEG,member_of_near_duplicate_cluster_size_18
roboflow_counterfeit_med_detection_e47754f368,Roboflow - Counterfeit_med_detection (v4),roboflow\train\images46_jpg.rf.fdbda97b3a8767f9784e5093278c75fd.jpg,authentic,pid_00210,17,outer_packaging_or_product_photo,unclassified_needs_manual_review,640,640,JPEG,member_of_near_duplicate_cluster_size_17
roboflow_counterfeit_med_detection_040e9edc0c,Roboflow - Counterfeit_med_detection (v4),roboflow\train\images5113_jpg.rf.fde4f8d6fb485eaacd4154be3afb525f.jpg,authentic,pid_00258,17,outer_packaging_or_product_photo,unclassified_needs_manual_review,640,640,JPEG,member_of_near_duplicate_cluster_size_17
roboflow_counterfeit_med_detection_9fbbc13891,Roboflow - Counterfeit_med_detection (v4),roboflow\train\images37_jpg.rf.ff4908256281aefadf91cabf1dd72435.jpg,authentic,pid_00296,3,outer_packaging_or_product_photo,unclassified_needs_manual_review,640,640,JPEG,member_of_near_duplicate_cluster_size_3
roboflow_counterfeit_med_detection_fb2837d596,Roboflow - Counterfeit_med_detection (v4),roboflow\train\images5058_jpg.rf.fe44569e1f887118143d44343299f8d0.jpg,authentic,pid_00198,4,outer_packaging_or_product_photo,unclassified_needs_manual_review,640,640,JPEG,member_of_near_duplicate_cluster_size_4
roboflow_counterfeit_med_detection_59c49f176e,Roboflow - Counterfeit_med_detection (v4),roboflow\train\images245_jpg.rf.fec7508c694539e08741513221bb46e6.jpg,authentic,pid_00254,14,outer_packaging_or_product_photo,unclassified_needs_manual_review,640,640,JPEG,member_of_near_duplicate_cluster_size_14
roboflow_counterfeit_med_detection_dc0759dd5a,Roboflow - Counterfeit_med_detection (v4),roboflow\train\images5126_jpg.rf.fe9265a2754802abe57e94c61ab903a0.jpg,authentic,pid_00192,8,outer_packaging_or_product_photo,unclassified_needs_manual_review,640,640,JPEG,member_of_near_duplicate_cluster_size_8
roboflow_counterfeit_med_detection_0c57ae75ad,Roboflow - Counterfeit_med_detection (v4),roboflow\train\images339_jpg.rf.ff11e7a8ecb1c26dbd3d088d3455edf0.jpg,authentic,pid_00048,34,outer_packaging_or_product_photo,unclassified_needs_manual_review,640,640,JPEG,member_of_near_duplicate_cluster_size_34
roboflow_counterfeit_med_detection_9de9ef7910,Roboflow - Counterfeit_med_detection (v4),roboflow\train\images347_jpg.rf.fefa0f4943a63e5843e68f7616c280f3.jpg,authentic,pid_00119,35,outer_packaging_or_product_photo,unclassified_needs_manual_review,640,640,JPEG,member_of_near_duplicate_cluster_size_35
roboflow_counterfeit_med_detection_f4ad65b3ed,Roboflow - Counterfeit_med_detection (v4),roboflow\train\images258_jpg.rf.ffcd55b927eacea5dd89208eb8938e21.jpg,authentic,pid_00102,19,outer_packaging_or_product_photo,unclassified_needs_manual_review,640,640,JPEG,member_of_near_duplicate_cluster_size_19
roboflow_counterfeit_med_detection_e810908428,Roboflow - Counterfeit_med_detection (v4),roboflow\train\images5030_jpg.rf.ff52bd78d7f350ae98c5ef683d211966.jpg,authentic,pid_00267,12,outer_packaging_or_product_photo,unclassified_needs_manual_review,640,640,JPEG,member_of_near_duplicate_cluster_size_12
roboflow_counterfeit_med_detection_d527f52ef8,Roboflow - Counterfeit_med_detection (v4),roboflow\train\images4044_jpg.rf.ffc9e79318d64fe1cb17134d489b901d.jpg,authentic,pid_00274,13,outer_packaging_or_product_photo,unclassified_needs_manual_review,640,640,JPEG,member_of_near_duplicate_cluster_size_13
roboflow_counterfeit_med_detection_b03d1d0ae7,Roboflow - Counterfeit_med_detection (v4),roboflow\valid\images12_jpg.rf.005d0802b686a32628bc3244b507d71e.jpg,authentic,pid_00352,2,outer_packaging_or_product_photo,unclassified_needs_manual_review,640,640,JPEG,member_of_near_duplicate_cluster_size_2
roboflow_counterfeit_med_detection_56250e90ce,Roboflow - Counterfeit_med_detection (v4),roboflow\valid\images5026_jpg.rf.05331b9c9b7cedde10f7b2241025b67c.jpg,authentic,pid_00353,2,outer_packaging_or_product_photo,unclassified_needs_manual_review,640,640,JPEG,member_of_near_duplicate_cluster_size_2
roboflow_counterfeit_med_detection_26d70facd3,Roboflow - Counterfeit_med_detection (v4),roboflow\valid\images309_jpg.rf.04cb76563ce5b73ece369a63aa7f2ba3.jpg,authentic,pid_00354,3,outer_packaging_or_product_photo,unclassified_needs_manual_review,640,640,JPEG,member_of_near_duplicate_cluster_size_3
roboflow_counterfeit_med_detection_9404e82b63,Roboflow - Counterfeit_med_detection (v4),roboflow\valid\images5105_jpg.rf.132c1072b015acd6de6dfb7c0ea2d454.jpg,authentic,pid_00355,2,outer_packaging_or_product_photo,unclassified_needs_manual_review,640,640,JPEG,member_of_near_duplicate_cluster_size_2
roboflow_counterfeit_med_detection_008988e265,Roboflow - Counterfeit_med_detection (v4),roboflow\valid\images223_jpg.rf.0d4b3d1a7edeaaa172805f50a5fd286c.jpg,authentic,pid_00220,14,outer_packaging_or_product_photo,unclassified_needs_manual_review,640,640,JPEG,member_of_near_duplicate_cluster_size_14
roboflow_counterfeit_med_detection_cfe2924aa4,Roboflow - Counterfeit_med_detection (v4),roboflow\valid\images20_jpg.rf.1602406b93d281454a32cb09bbb5a2b3.jpg,authentic,pid_00016,10,outer_packaging_or_product_photo,unclassified_needs_manual_review,640,640,JPEG,member_of_near_duplicate_cluster_size_10
roboflow_counterfeit_med_detection_fa5d43abdc,Roboflow - Counterfeit_med_detection (v4),roboflow\valid\images40_jpg.rf.170c1b83b35349f039361cd171283a7f.jpg,authentic,pid_00356,3,outer_packaging_or_product_photo,unclassified_needs_manual_review,640,640,JPEG,member_of_near_duplicate_cluster_size_3
roboflow_counterfeit_med_detection_7fc3e18487,Roboflow - Counterfeit_med_detection (v4),roboflow\valid\images4036_jpg.rf.1c5bba53980367b59bb04411224d50dc.jpg,authentic,pid_00357,2,outer_packaging_or_product_photo,unclassified_needs_manual_review,640,640,JPEG,member_of_near_duplicate_cluster_size_2
roboflow_counterfeit_med_detection_26f6f39d84,Roboflow - Counterfeit_med_detection (v4),roboflow\valid\images16_jpg.rf.2c2e81a971d6be93a67b75db084401b5.jpg,authentic,pid_00239,15,outer_packaging_or_product_photo,unclassified_needs_manual_review,640,640,JPEG,member_of_near_duplicate_cluster_size_15
roboflow_counterfeit_med_detection_07de1ea234,Roboflow - Counterfeit_med_detection (v4),roboflow\valid\images229_jpg.rf.25ab2701a52e1b69b4bc8bf72d6ca2f6.jpg,authentic,pid_00358,3,outer_packaging_or_product_photo,unclassified_needs_manual_review,640,640,JPEG,member_of_near_duplicate_cluster_size_3
roboflow_counterfeit_med_detection_ae5fa6d79a,Roboflow - Counterfeit_med_detection (v4),roboflow\valid\images333_jpg.rf.2bc4d2b9557c7fb24fc85280ea46a869.jpg,authentic,pid_00359,3,outer_packaging_or_product_photo,unclassified_needs_manual_review,640,640,JPEG,member_of_near_duplicate_cluster_size_3
roboflow_counterfeit_med_detection_b1230e5ef1,Roboflow - Counterfeit_med_detection (v4),roboflow\valid\images4080_jpg.rf.374e6319d42514f1bee72e3223334d4b.jpg,authentic,pid_00360,2,outer_packaging_or_product_photo,unclassified_needs_manual_review,640,640,JPEG,member_of_near_duplicate_cluster_size_2
roboflow_counterfeit_med_detection_a292caa29e,Roboflow - Counterfeit_med_detection (v4),roboflow\valid\images4070_jpg.rf.102d10247d96275f31d13ed109e2c97b.jpg,authentic,pid_00361,3,outer_packaging_or_product_photo,unclassified_needs_manual_review,640,640,JPEG,member_of_near_duplicate_cluster_size_3
roboflow_counterfeit_med_detection_edd213a667,Roboflow - Counterfeit_med_detection (v4),roboflow\valid\images18_jpg.rf.30cd9727f715030d54efa597c2b48c6f.jpg,authentic,pid_00309,10,outer_packaging_or_product_photo,unclassified_needs_manual_review,640,640,JPEG,member_of_near_duplicate_cluster_size_10
roboflow_counterfeit_med_detection_7d488556df,Roboflow - Counterfeit_med_detection (v4),roboflow\valid\images4073_jpg.rf.1a0fb40fbdf9704c5a6feb9c4e949cd4.jpg,authentic,pid_00362,3,outer_packaging_or_product_photo,unclassified_needs_manual_review,640,640,JPEG,member_of_near_duplicate_cluster_size_3
roboflow_counterfeit_med_detection_42dee65dea,Roboflow - Counterfeit_med_detection (v4),roboflow\valid\images4075_jpg.rf.1e86b26aed9289584dc80375ef47a0b1.jpg,authentic,pid_00129,29,outer_packaging_or_product_photo,unclassified_needs_manual_review,640,640,JPEG,member_of_near_duplicate_cluster_size_29
roboflow_counterfeit_med_detection_76b1cd7cab,Roboflow - Counterfeit_med_detection (v4),roboflow\valid\images306_jpg.rf.42efe842d19fabcb4cc0746a3a563254.jpg,authentic,pid_00363,3,outer_packaging_or_product_photo,unclassified_needs_manual_review,640,640,JPEG,member_of_near_duplicate_cluster_size_3
roboflow_counterfeit_med_detection_7068556d23,Roboflow - Counterfeit_med_detection (v4),roboflow\valid\images308_jpg.rf.26b0a3622742918f83e570447910091a.jpg,authentic,pid_00364,4,outer_packaging_or_product_photo,unclassified_needs_manual_review,640,640,JPEG,member_of_near_duplicate_cluster_size_4
roboflow_counterfeit_med_detection_15fead74cc,Roboflow - Counterfeit_med_detection (v4),roboflow\valid\images203_jpg.rf.4d2b28635b0f2ae5752acadf612586a9.jpg,authentic,pid_00365,3,outer_packaging_or_product_photo,unclassified_needs_manual_review,640,640,JPEG,member_of_near_duplicate_cluster_size_3
roboflow_counterfeit_med_detection_d1c416639d,Roboflow - Counterfeit_med_detection (v4),roboflow\valid\images4030_jpg.rf.4cbb9c1100f2429311fbe6796a01a82f.jpg,authentic,pid_00366,3,outer_packaging_or_product_photo,unclassified_needs_manual_review,640,640,JPEG,member_of_near_duplicate_cluster_size_3
roboflow_counterfeit_med_detection_1b2cd5a748,Roboflow - Counterfeit_med_detection (v4),roboflow\valid\images4098_jpg.rf.225edfd540c591807cddb878e5302b0a.jpg,authentic,pid_00367,3,outer_packaging_or_product_photo,unclassified_needs_manual_review,640,640,JPEG,member_of_near_duplicate_cluster_size_3
roboflow_counterfeit_med_detection_472ef620f4,Roboflow - Counterfeit_med_detection (v4),roboflow\valid\images4101_jpg.rf.4f7d71ee88d252ffc25925212fd2d021.jpg,authentic,pid_00263,14,outer_packaging_or_product_photo,unclassified_needs_manual_review,640,640,JPEG,member_of_near_duplicate_cluster_size_14
roboflow_counterfeit_med_detection_6ae225df4a,Roboflow - Counterfeit_med_detection (v4),roboflow\valid\images246_jpg.rf.541e08dfc122bc8745bf9eef95b6f6e8.jpg,authentic,pid_00368,2,outer_packaging_or_product_photo,unclassified_needs_manual_review,640,640,JPEG,member_of_near_duplicate_cluster_size_2
roboflow_counterfeit_med_detection_ca63c6fc76,Roboflow - Counterfeit_med_detection (v4),roboflow\valid\images261_jpg.rf.5cf2bfc8f5efc6bfabe9492251de6ace.jpg,authentic,pid_00369,4,outer_packaging_or_product_photo,unclassified_needs_manual_review,640,640,JPEG,member_of_near_duplicate_cluster_size_4
roboflow_counterfeit_med_detection_688ae7b69f,Roboflow - Counterfeit_med_detection (v4),roboflow\valid\images4111_jpg.rf.6e8426317914c618a5f08c662bf42119.jpg,authentic,pid_00370,3,outer_packaging_or_product_photo,unclassified_needs_manual_review,640,640,JPEG,member_of_near_duplicate_cluster_size_3
roboflow_counterfeit_med_detection_e11c5144ac,Roboflow - Counterfeit_med_detection (v4),roboflow\valid\images5037_jpg.rf.6bf4d199dbb5ad5c88eade2062655dc1.jpg,authentic,pid_00371,2,outer_packaging_or_product_photo,unclassified_needs_manual_review,640,640,JPEG,member_of_near_duplicate_cluster_size_2
roboflow_counterfeit_med_detection_b99caaf4f3,Roboflow - Counterfeit_med_detection (v4),roboflow\valid\images5054_jpg.rf.6b15a234a296a7b1136795eabccd7c4f.jpg,authentic,pid_00372,3,outer_packaging_or_product_photo,unclassified_needs_manual_review,640,640,JPEG,member_of_near_duplicate_cluster_size_3
roboflow_counterfeit_med_detection_4131a83ec2,Roboflow - Counterfeit_med_detection (v4),roboflow\valid\images220_jpg.rf.723c6f0f79498b553e94d9b2c30b2e6d.jpg,authentic,pid_00373,3,outer_packaging_or_product_photo,unclassified_needs_manual_review,640,640,JPEG,member_of_near_duplicate_cluster_size_3
roboflow_counterfeit_med_detection_bc241f3604,Roboflow - Counterfeit_med_detection (v4),roboflow\valid\images4053_jpg.rf.71f2291b32ea48e7f47781475ddfb9cb.jpg,authentic,pid_00374,2,outer_packaging_or_product_photo,unclassified_needs_manual_review,640,640,JPEG,member_of_near_duplicate_cluster_size_2
roboflow_counterfeit_med_detection_2f407cf913,Roboflow - Counterfeit_med_detection (v4),roboflow\valid\images5089_jpg.rf.8447a5dcf55eb86df5fec258950c8c63.jpg,authentic,pid_00375,3,outer_packaging_or_product_photo,unclassified_needs_manual_review,640,640,JPEG,member_of_near_duplicate_cluster_size_3
roboflow_counterfeit_med_detection_cd11dba9ad,Roboflow - Counterfeit_med_detection (v4),roboflow\valid\images205_jpg.rf.77f23df4f4fa887588f5f9a600210d14.jpg,authentic,pid_00376,4,outer_packaging_or_product_photo,unclassified_needs_manual_review,640,640,JPEG,member_of_near_duplicate_cluster_size_4
roboflow_counterfeit_med_detection_3d79026ffe,Roboflow - Counterfeit_med_detection (v4),roboflow\valid\images259_jpg.rf.7b67e8a47f72b7536f884e8a6a10cd82.jpg,authentic,pid_00377,3,outer_packaging_or_product_photo,unclassified_needs_manual_review,640,640,JPEG,member_of_near_duplicate_cluster_size_3
roboflow_counterfeit_med_detection_8b1fef9dc2,Roboflow - Counterfeit_med_detection (v4),roboflow\valid\images5108_jpg.rf.7b3963a6c21ae75af71507287637a94d.jpg,authentic,pid_00378,3,outer_packaging_or_product_photo,unclassified_needs_manual_review,640,640,JPEG,member_of_near_duplicate_cluster_size_3
roboflow_counterfeit_med_detection_9c95e042de,Roboflow - Counterfeit_med_detection (v4),roboflow\valid\images5081_jpg.rf.7eedde01774019261980cb64bf0b19fd.jpg,authentic,pid_00379,3,outer_packaging_or_product_photo,unclassified_needs_manual_review,640,640,JPEG,member_of_near_duplicate_cluster_size_3
roboflow_counterfeit_med_detection_6460289336,Roboflow - Counterfeit_med_detection (v4),roboflow\valid\images5094_jpg.rf.7704ceeb0f53cf3b5c939ac4b6866567.jpg,authentic,pid_00380,3,outer_packaging_or_product_photo,unclassified_needs_manual_review,640,640,JPEG,member_of_near_duplicate_cluster_size_3
roboflow_counterfeit_med_detection_52e3bdb25c,Roboflow - Counterfeit_med_detection (v4),roboflow\valid\images5055_jpg.rf.7567e916a1284e05a5479415e18b4862.jpg,authentic,pid_00381,3,outer_packaging_or_product_photo,unclassified_needs_manual_review,640,640,JPEG,member_of_near_duplicate_cluster_size_3
roboflow_counterfeit_med_detection_347e338478,Roboflow - Counterfeit_med_detection (v4),roboflow\valid\images5043_jpg.rf.98b9b77042327ba4676d723918862366.jpg,authentic,pid_00108,10,outer_packaging_or_product_photo,unclassified_needs_manual_review,640,640,JPEG,member_of_near_duplicate_cluster_size_10
roboflow_counterfeit_med_detection_788394f549,Roboflow - Counterfeit_med_detection (v4),roboflow\valid\images5086_jpg.rf.95d1e40fbbcf7495a2a6819a23329c4e.jpg,authentic,pid_00382,3,outer_packaging_or_product_photo,unclassified_needs_manual_review,640,640,JPEG,member_of_near_duplicate_cluster_size_3
roboflow_counterfeit_med_detection_7169f5c8ac,Roboflow - Counterfeit_med_detection (v4),roboflow\valid\images4091_jpg.rf.9f8aa65e51eaffab851ae97c7b2b272e.jpg,authentic,pid_00383,3,outer_packaging_or_product_photo,unclassified_needs_manual_review,640,640,JPEG,member_of_near_duplicate_cluster_size_3
roboflow_counterfeit_med_detection_59ffe18987,Roboflow - Counterfeit_med_detection (v4),roboflow\valid\images5120_jpg.rf.a05f74451f5d1b47d07a2e8f62fa5326.jpg,authentic,pid_00384,3,outer_packaging_or_product_photo,unclassified_needs_manual_review,640,640,JPEG,member_of_near_duplicate_cluster_size_3
roboflow_counterfeit_med_detection_ea95cc5593,Roboflow - Counterfeit_med_detection (v4),roboflow\valid\images17_jpg.rf.a9d123f6675e0b561677fb4938b0eef1.jpg,authentic,pid_00385,4,outer_packaging_or_product_photo,unclassified_needs_manual_review,640,640,JPEG,member_of_near_duplicate_cluster_size_4
roboflow_counterfeit_med_detection_c98331d3f9,Roboflow - Counterfeit_med_detection (v4),roboflow\valid\images249_jpg.rf.b23a4ce466d607b95887848601497195.jpg,authentic,pid_00386,3,outer_packaging_or_product_photo,unclassified_needs_manual_review,640,640,JPEG,member_of_near_duplicate_cluster_size_3
roboflow_counterfeit_med_detection_bf6b855a8b,Roboflow - Counterfeit_med_detection (v4),roboflow\valid\images22_jpg.rf.ab8a4f3bf28dbeb9864a81b2653c236a.jpg,authentic,pid_00387,2,outer_packaging_or_product_photo,unclassified_needs_manual_review,640,640,JPEG,member_of_near_duplicate_cluster_size_2
roboflow_counterfeit_med_detection_980521b075,Roboflow - Counterfeit_med_detection (v4),roboflow\valid\images4062_jpg.rf.b43d200e25a65f05a57bd66aed447370.jpg,authentic,pid_00388,3,outer_packaging_or_product_photo,unclassified_needs_manual_review,640,640,JPEG,member_of_near_duplicate_cluster_size_3
roboflow_counterfeit_med_detection_08a240926f,Roboflow - Counterfeit_med_detection (v4),roboflow\valid\images30_jpg.rf.c73fe012428bf122f598bf58982920e7.jpg,authentic,pid_00389,5,outer_packaging_or_product_photo,unclassified_needs_manual_review,640,640,JPEG,member_of_near_duplicate_cluster_size_5
roboflow_counterfeit_med_detection_12c4a9c698,Roboflow - Counterfeit_med_detection (v4),roboflow\valid\images5068_jpg.rf.c81f87a9d9ab3e391d5fd13204a694a0.jpg,authentic,pid_00390,3,outer_packaging_or_product_photo,unclassified_needs_manual_review,640,640,JPEG,member_of_near_duplicate_cluster_size_3
roboflow_counterfeit_med_detection_893e71896c,Roboflow - Counterfeit_med_detection (v4),roboflow\valid\images211_jpg.rf.c0a3076029866cd82975378fd6db105e.jpg,authentic,pid_00391,3,outer_packaging_or_product_photo,unclassified_needs_manual_review,640,640,JPEG,member_of_near_duplicate_cluster_size_3
roboflow_counterfeit_med_detection_c181fb2271,Roboflow - Counterfeit_med_detection (v4),roboflow\valid\images243_jpg.rf.d1520ef3a5bcb700cc495104c0c0c0b5.jpg,authentic,pid_00392,3,outer_packaging_or_product_photo,unclassified_needs_manual_review,640,640,JPEG,member_of_near_duplicate_cluster_size_3
roboflow_counterfeit_med_detection_c532358a44,Roboflow - Counterfeit_med_detection (v4),roboflow\valid\images313_jpg.rf.e86a53f0a1b40efe326fafd9060eb1c6.jpg,authentic,pid_00393,3,outer_packaging_or_product_photo,unclassified_needs_manual_review,640,640,JPEG,member_of_near_duplicate_cluster_size_3
roboflow_counterfeit_med_detection_f91afe9440,Roboflow - Counterfeit_med_detection (v4),roboflow\valid\images4086_jpg.rf.dc3998b8c33303e4b5e0a801b1d29c1e.jpg,authentic,pid_00394,3,outer_packaging_or_product_photo,unclassified_needs_manual_review,640,640,JPEG,member_of_near_duplicate_cluster_size_3
roboflow_counterfeit_med_detection_12c93dd4fd,Roboflow - Counterfeit_med_detection (v4),roboflow\valid\images5038_jpg.rf.fefb6ec8d695e0346719f5175334ffa5.jpg,authentic,pid_00395,3,outer_packaging_or_product_photo,unclassified_needs_manual_review,640,640,JPEG,member_of_near_duplicate_cluster_size_3
roboflow_counterfeit_med_detection_ca79e05c01,Roboflow - Counterfeit_med_detection (v4),roboflow\valid\images5073_jpg.rf.da421507a076a3c49f42ea9a13837a60.jpg,authentic,pid_00396,4,outer_packaging_or_product_photo,unclassified_needs_manual_review,640,640,JPEG,member_of_near_duplicate_cluster_size_4
roboflow_counterfeit_med_detection_ac9e55a739,Roboflow - Counterfeit_med_detection (v4),roboflow\test\images39_jpg.rf.27aec12841bf6c3360fcbd09d303b81b.jpg,authentic,pid_00397,3,outer_packaging_or_product_photo,unclassified_needs_manual_review,640,640,JPEG,member_of_near_duplicate_cluster_size_3
roboflow_counterfeit_med_detection_78baac2d5b,Roboflow - Counterfeit_med_detection (v4),roboflow\test\images224_jpg.rf.1751b4b8a04ec635450f8a0d28965636.jpg,authentic,pid_00398,3,outer_packaging_or_product_photo,unclassified_needs_manual_review,640,640,JPEG,member_of_near_duplicate_cluster_size_3
roboflow_counterfeit_med_detection_fe0d39863c,Roboflow - Counterfeit_med_detection (v4),roboflow\test\images5109_jpg.rf.17a5b22dd1bc52573bacc4c442c63eac.jpg,authentic,pid_00399,3,outer_packaging_or_product_photo,unclassified_needs_manual_review,640,640,JPEG,member_of_near_duplicate_cluster_size_3
roboflow_counterfeit_med_detection_9165c2e9f6,Roboflow - Counterfeit_med_detection (v4),roboflow\test\images247_jpg.rf.53f3aea5771907f1d5d73e2e135b2894.jpg,authentic,pid_00400,3,outer_packaging_or_product_photo,unclassified_needs_manual_review,640,640,JPEG,member_of_near_duplicate_cluster_size_3
roboflow_counterfeit_med_detection_9db923c615,Roboflow - Counterfeit_med_detection (v4),roboflow\test\images4059_jpg.rf.1640a554d53903437ffac191a0aa6468.jpg,authentic,pid_00092,40,outer_packaging_or_product_photo,unclassified_needs_manual_review,640,640,JPEG,member_of_near_duplicate_cluster_size_40
roboflow_counterfeit_med_detection_0f2d97e4bc,Roboflow - Counterfeit_med_detection (v4),roboflow\test\images5028_jpg.rf.093521593b1c1bc77eea5e946e6ff499.jpg,authentic,pid_00401,2,outer_packaging_or_product_photo,unclassified_needs_manual_review,640,640,JPEG,member_of_near_duplicate_cluster_size_2
roboflow_counterfeit_med_detection_bbd0dbc1f1,Roboflow - Counterfeit_med_detection (v4),roboflow\test\images329_jpg.rf.189041093ca5d24ba6269d4021ff5a28.jpg,authentic,pid_00402,3,outer_packaging_or_product_photo,unclassified_needs_manual_review,640,640,JPEG,member_of_near_duplicate_cluster_size_3
roboflow_counterfeit_med_detection_391f3bcc9e,Roboflow - Counterfeit_med_detection (v4),roboflow\test\images332_jpg.rf.3477b883a7f443c9f558db28e7177faf.jpg,authentic,pid_00403,3,outer_packaging_or_product_photo,unclassified_needs_manual_review,640,640,JPEG,member_of_near_duplicate_cluster_size_3
roboflow_counterfeit_med_detection_4f0ecf3b3d,Roboflow - Counterfeit_med_detection (v4),roboflow\test\images5092_jpg.rf.01cfa1c6f011c1c6aba6d76debcb1a4c.jpg,authentic,pid_00404,3,outer_packaging_or_product_photo,unclassified_needs_manual_review,640,640,JPEG,member_of_near_duplicate_cluster_size_3
roboflow_counterfeit_med_detection_07f89edb24,Roboflow - Counterfeit_med_detection (v4),roboflow\test\images03_jpg.rf.14224c5ca902f51740a13de00544f08f.jpg,authentic,pid_00405,3,outer_packaging_or_product_photo,unclassified_needs_manual_review,640,640,JPEG,member_of_near_duplicate_cluster_size_3
roboflow_counterfeit_med_detection_050ce85dbe,Roboflow - Counterfeit_med_detection (v4),roboflow\test\images06_jpg.rf.182edd8e14522811726dcd3ad1a7c94a.jpg,authentic,pid_00406,3,outer_packaging_or_product_photo,unclassified_needs_manual_review,640,640,JPEG,member_of_near_duplicate_cluster_size_3
roboflow_counterfeit_med_detection_3a8ab13146,Roboflow - Counterfeit_med_detection (v4),roboflow\test\images4121_jpg.rf.2c8f6ece9e864e1db00b38845a9e9132.jpg,authentic,pid_00084,21,outer_packaging_or_product_photo,unclassified_needs_manual_review,640,640,JPEG,member_of_near_duplicate_cluster_size_21
roboflow_counterfeit_med_detection_a6e0b42cfe,Roboflow - Counterfeit_med_detection (v4),roboflow\test\images4109_jpg.rf.059446231d3cd4d2d1593c037dd7b458.jpg,authentic,pid_00407,3,outer_packaging_or_product_photo,unclassified_needs_manual_review,640,640,JPEG,member_of_near_duplicate_cluster_size_3
roboflow_counterfeit_med_detection_9679dd0c28,Roboflow - Counterfeit_med_detection (v4),roboflow\test\images5025_jpg.rf.43fa56612ca43cfbfacc4a1ac082f7a6.jpg,authentic,pid_00408,2,outer_packaging_or_product_photo,unclassified_needs_manual_review,640,640,JPEG,member_of_near_duplicate_cluster_size_2
roboflow_counterfeit_med_detection_d42b087749,Roboflow - Counterfeit_med_detection (v4),roboflow\test\images207_jpg.rf.45811fd90b8e333f3f8a88b303ce1546.jpg,authentic,pid_00074,55,outer_packaging_or_product_photo,unclassified_needs_manual_review,640,640,JPEG,member_of_near_duplicate_cluster_size_55
roboflow_counterfeit_med_detection_24abb6a812,Roboflow - Counterfeit_med_detection (v4),roboflow\test\images4096_jpg.rf.5f66e0c92abb2b8816d64aa59b7dc4ba.jpg,authentic,pid_00409,3,outer_packaging_or_product_photo,unclassified_needs_manual_review,640,640,JPEG,member_of_near_duplicate_cluster_size_3
roboflow_counterfeit_med_detection_a522abf6bf,Roboflow - Counterfeit_med_detection (v4),roboflow\test\images336_jpg.rf.38e75af42b55dd6cecf86b584f64a16d.jpg,authentic,pid_00410,2,outer_packaging_or_product_photo,unclassified_needs_manual_review,640,640,JPEG,member_of_near_duplicate_cluster_size_2
roboflow_counterfeit_med_detection_10db26790f,Roboflow - Counterfeit_med_detection (v4),roboflow\test\images5072_jpg.rf.695930bc3c2ccedfc873364c904bace7.jpg,authentic,pid_00411,3,outer_packaging_or_product_photo,unclassified_needs_manual_review,640,640,JPEG,member_of_near_duplicate_cluster_size_3
roboflow_counterfeit_med_detection_f09e92caf0,Roboflow - Counterfeit_med_detection (v4),roboflow\test\images250_jpg.rf.90219a3bfecaf2084ff4a35403900003.jpg,authentic,pid_00001,22,outer_packaging_or_product_photo,unclassified_needs_manual_review,640,640,JPEG,member_of_near_duplicate_cluster_size_22
roboflow_counterfeit_med_detection_5d2932a966,Roboflow - Counterfeit_med_detection (v4),roboflow\test\images4119_jpg.rf.83298023669c0f2b39af5bd1d9c32fb8.jpg,authentic,pid_00412,3,outer_packaging_or_product_photo,unclassified_needs_manual_review,640,640,JPEG,member_of_near_duplicate_cluster_size_3
roboflow_counterfeit_med_detection_7e27824ae9,Roboflow - Counterfeit_med_detection (v4),roboflow\test\images215_jpg.rf.5d07efc1e4d100f1bd02961c96bd94e7.jpg,authentic,pid_00389,5,outer_packaging_or_product_photo,unclassified_needs_manual_review,640,640,JPEG,member_of_near_duplicate_cluster_size_5
roboflow_counterfeit_med_detection_c89caaaf6a,Roboflow - Counterfeit_med_detection (v4),roboflow\test\images5122_jpg.rf.7ebbbf40e415feb38b6757356347efe2.jpg,authentic,pid_00413,4,outer_packaging_or_product_photo,unclassified_needs_manual_review,640,640,JPEG,member_of_near_duplicate_cluster_size_4
roboflow_counterfeit_med_detection_67929cf475,Roboflow - Counterfeit_med_detection (v4),roboflow\test\images325_jpg.rf.92f269414bf399aab7172487dc7bc72b.jpg,authentic,pid_00414,4,outer_packaging_or_product_photo,unclassified_needs_manual_review,640,640,JPEG,member_of_near_duplicate_cluster_size_4
roboflow_counterfeit_med_detection_2740017660,Roboflow - Counterfeit_med_detection (v4),roboflow\test\images5088_jpg.rf.b009609ff6b7d0b05a7ec5df5390cef0.jpg,authentic,pid_00415,2,outer_packaging_or_product_photo,unclassified_needs_manual_review,640,640,JPEG,member_of_near_duplicate_cluster_size_2
roboflow_counterfeit_med_detection_06136153df,Roboflow - Counterfeit_med_detection (v4),roboflow\test\images10_jpg.rf.c3b712c9694be0cae32bb03f1bdd9f8b.jpg,authentic,pid_00126,15,outer_packaging_or_product_photo,unclassified_needs_manual_review,640,640,JPEG,member_of_near_duplicate_cluster_size_15
roboflow_counterfeit_med_detection_81e11dd7c7,Roboflow - Counterfeit_med_detection (v4),roboflow\test\images5070_jpg.rf.cbbe8b1f4c1a1ea5b1727a79760611ec.jpg,authentic,pid_00416,4,outer_packaging_or_product_photo,unclassified_needs_manual_review,640,640,JPEG,member_of_near_duplicate_cluster_size_4
roboflow_counterfeit_med_detection_27a43b2bad,Roboflow - Counterfeit_med_detection (v4),roboflow\test\images216_jpg.rf.b9ed30b400e79a88a5b2a8f1bf653e86.jpg,authentic,pid_00195,21,outer_packaging_or_product_photo,unclassified_needs_manual_review,640,640,JPEG,member_of_near_duplicate_cluster_size_21
kaggle_fake_real_medicine_abe9a0392b,Kaggle - Fake vs Real Medicine,kaggle_fake_real\dataset\Fake\Screenshot 2025-09-17 173830.png,counterfeit,pid_00417,1,blister,unclassified_needs_manual_review,410,624,PNG,
kaggle_fake_real_medicine_f8bd42c191,Kaggle - Fake vs Real Medicine,kaggle_fake_real\dataset\Fake\Screenshot 2025-09-17 173925.png,counterfeit,pid_00418,1,blister,unclassified_needs_manual_review,509,637,PNG,
kaggle_fake_real_medicine_37f2de3e47,Kaggle - Fake vs Real Medicine,kaggle_fake_real\dataset\Fake\Screenshot 2025-09-17 173947.png,counterfeit,pid_00419,1,blister,unclassified_needs_manual_review,500,591,PNG,
kaggle_fake_real_medicine_bb072fcacf,Kaggle - Fake vs Real Medicine,kaggle_fake_real\dataset\Fake\Screenshot 2025-09-17 174004.png,counterfeit,pid_00420,1,blister,unclassified_needs_manual_review,367,556,PNG,
kaggle_fake_real_medicine_9194880064,Kaggle - Fake vs Real Medicine,kaggle_fake_real\dataset\Fake\Screenshot 2025-09-17 174048.png,counterfeit,pid_00421,1,blister,unclassified_needs_manual_review,330,626,PNG,
kaggle_fake_real_medicine_25067d5759,Kaggle - Fake vs Real Medicine,kaggle_fake_real\dataset\Fake\Screenshot 2025-09-17 174103.png,counterfeit,pid_00422,1,blister,unclassified_needs_manual_review,286,600,PNG,
kaggle_fake_real_medicine_b1ef0bed1a,Kaggle - Fake vs Real Medicine,kaggle_fake_real\dataset\Fake\Screenshot 2025-09-17 174126.png,counterfeit,pid_00423,1,blister,unclassified_needs_manual_review,339,355,PNG,
kaggle_fake_real_medicine_396d1f8c90,Kaggle - Fake vs Real Medicine,kaggle_fake_real\dataset\Fake\Screenshot 2025-09-17 174153.png,counterfeit,pid_00424,1,blister,unclassified_needs_manual_review,315,346,PNG,
kaggle_fake_real_medicine_b309605a66,Kaggle - Fake vs Real Medicine,kaggle_fake_real\dataset\Fake\Screenshot 2025-09-17 174239.png,counterfeit,pid_00425,1,packaging,unclassified_needs_manual_review,497,268,PNG,
kaggle_fake_real_medicine_5c8597c371,Kaggle - Fake vs Real Medicine,kaggle_fake_real\dataset\Fake\Screenshot 2025-09-17 174308.png,counterfeit,pid_00426,1,packaging,unclassified_needs_manual_review,434,564,PNG,
kaggle_fake_real_medicine_34ab2f2d9a,Kaggle - Fake vs Real Medicine,kaggle_fake_real\dataset\Fake\Screenshot 2025-09-17 174345.png,counterfeit,pid_00427,1,blister,unclassified_needs_manual_review,533,716,PNG,
kaggle_fake_real_medicine_11604ed3c3,Kaggle - Fake vs Real Medicine,kaggle_fake_real\dataset\Fake\Screenshot 2025-09-17 174416.png,counterfeit,pid_00428,1,blister,unclassified_needs_manual_review,546,704,PNG,
kaggle_fake_real_medicine_58801704ed,Kaggle - Fake vs Real Medicine,kaggle_fake_real\dataset\Fake\Screenshot 2025-09-17 174538.png,counterfeit,pid_00429,1,blister,unclassified_needs_manual_review,184,576,PNG,
kaggle_fake_real_medicine_1dc53f3866,Kaggle - Fake vs Real Medicine,kaggle_fake_real\dataset\Fake\Screenshot 2025-09-17 174557.png,counterfeit,pid_00430,1,blister,unclassified_needs_manual_review,154,561,PNG,
kaggle_fake_real_medicine_cef5c75a62,Kaggle - Fake vs Real Medicine,kaggle_fake_real\dataset\Fake\Screenshot 2025-09-17 174626.png,counterfeit,pid_00431,1,blister,unclassified_needs_manual_review,605,396,PNG,
kaggle_fake_real_medicine_4c0e6ed34f,Kaggle - Fake vs Real Medicine,kaggle_fake_real\dataset\Fake\Screenshot 2025-09-17 174641.png,counterfeit,pid_00432,1,blister,unclassified_needs_manual_review,600,385,PNG,
kaggle_fake_real_medicine_a81e5a0d51,Kaggle - Fake vs Real Medicine,kaggle_fake_real\dataset\Fake\Screenshot 2025-09-17 174746.png,counterfeit,pid_00433,1,blister,unclassified_needs_manual_review,323,483,PNG,
kaggle_fake_real_medicine_cc8cf2a429,Kaggle - Fake vs Real Medicine,kaggle_fake_real\dataset\Fake\Screenshot 2025-09-17 174813.png,counterfeit,pid_00434,1,blister,unclassified_needs_manual_review,368,570,PNG,
kaggle_fake_real_medicine_ee08abeab4,Kaggle - Fake vs Real Medicine,kaggle_fake_real\dataset\Fake\Screenshot 2025-09-17 174826.png,counterfeit,pid_00435,1,blister,unclassified_needs_manual_review,368,571,PNG,
kaggle_fake_real_medicine_64dd03edff,Kaggle - Fake vs Real Medicine,kaggle_fake_real\dataset\Fake\Screenshot 2025-09-17 174843.png,counterfeit,pid_00436,1,blister,unclassified_needs_manual_review,438,687,PNG,
kaggle_fake_real_medicine_bb65355f8c,Kaggle - Fake vs Real Medicine,kaggle_fake_real\dataset\Fake\Screenshot 2025-09-17 174948.png,counterfeit,pid_00437,1,packaging,unclassified_needs_manual_review,750,360,PNG,
kaggle_fake_real_medicine_fe44cc5e9d,Kaggle - Fake vs Real Medicine,kaggle_fake_real\dataset\Fake\Screenshot 2025-09-17 175006.png,counterfeit,pid_00438,1,packaging,unclassified_needs_manual_review,782,372,PNG,
kaggle_fake_real_medicine_bdd667d804,Kaggle - Fake vs Real Medicine,kaggle_fake_real\dataset\Fake\Screenshot 2025-09-17 175026.png,counterfeit,pid_00439,1,packaging,unclassified_needs_manual_review,619,376,PNG,
kaggle_fake_real_medicine_e0ee096bd4,Kaggle - Fake vs Real Medicine,kaggle_fake_real\dataset\Fake\Screenshot 2025-09-17 175208.png,counterfeit,pid_00440,1,packaging,unclassified_needs_manual_review,786,441,PNG,
kaggle_fake_real_medicine_5051676f43,Kaggle - Fake vs Real Medicine,kaggle_fake_real\dataset\Fake\Screenshot 2025-09-17 175235.png,counterfeit,pid_00441,1,blister,unclassified_needs_manual_review,432,263,PNG,
kaggle_fake_real_medicine_82c705d9a3,Kaggle - Fake vs Real Medicine,kaggle_fake_real\dataset\Fake\Screenshot 2025-09-17 175301.png,counterfeit,pid_00442,1,blister,unclassified_needs_manual_review,440,278,PNG,
kaggle_fake_real_medicine_06b6d37f6b,Kaggle - Fake vs Real Medicine,kaggle_fake_real\dataset\Fake\Screenshot 2025-09-17 175322.png,counterfeit,pid_00443,1,packaging,unclassified_needs_manual_review,322,532,PNG,
kaggle_fake_real_medicine_02fb0de709,Kaggle - Fake vs Real Medicine,kaggle_fake_real\dataset\Fake\Screenshot 2025-09-17 175354.png,counterfeit,pid_00444,1,packaging,unclassified_needs_manual_review,335,546,PNG,
kaggle_fake_real_medicine_b480e1c8f2,Kaggle - Fake vs Real Medicine,kaggle_fake_real\dataset\Fake\Screenshot 2025-09-17 175453.png,counterfeit,pid_00445,1,packaging,unclassified_needs_manual_review,328,333,PNG,
kaggle_fake_real_medicine_e54f1413e6,Kaggle - Fake vs Real Medicine,kaggle_fake_real\dataset\Fake\Screenshot 2025-09-17 175509.png,counterfeit,pid_00446,1,packaging,unclassified_needs_manual_review,327,244,PNG,
kaggle_fake_real_medicine_ceca214aef,Kaggle - Fake vs Real Medicine,kaggle_fake_real\dataset\Fake\Screenshot 2025-09-17 175527.png,counterfeit,pid_00447,1,packaging,unclassified_needs_manual_review,747,541,PNG,
kaggle_fake_real_medicine_d888730101,Kaggle - Fake vs Real Medicine,kaggle_fake_real\dataset\Fake\Screenshot 2025-09-17 175545.png,counterfeit,pid_00448,1,packaging,unclassified_needs_manual_review,659,518,PNG,
kaggle_fake_real_medicine_df4942e36c,Kaggle - Fake vs Real Medicine,kaggle_fake_real\dataset\Fake\Screenshot 2025-09-17 175617.png,counterfeit,pid_00449,1,blister,unclassified_needs_manual_review,1056,681,PNG,
kaggle_fake_real_medicine_397d25585e,Kaggle - Fake vs Real Medicine,kaggle_fake_real\dataset\Fake\Screenshot 2025-09-17 175723.png,counterfeit,pid_00450,1,blister,unclassified_needs_manual_review,1012,655,PNG,
kaggle_fake_real_medicine_ed50ba731d,Kaggle - Fake vs Real Medicine,kaggle_fake_real\dataset\Fake\Screenshot 2025-09-17 175736.png,counterfeit,pid_00451,1,blister,unclassified_needs_manual_review,922,607,PNG,
kaggle_fake_real_medicine_1f137669d8,Kaggle - Fake vs Real Medicine,kaggle_fake_real\dataset\Fake\Screenshot 2025-09-17 175749.png,counterfeit,pid_00452,1,blister,unclassified_needs_manual_review,961,634,PNG,
kaggle_fake_real_medicine_4908070dd8,Kaggle - Fake vs Real Medicine,kaggle_fake_real\dataset\Fake\Screenshot 2025-09-17 175833.png,counterfeit,pid_00453,1,blister,unclassified_needs_manual_review,587,738,PNG,
kaggle_fake_real_medicine_28de2a6574,Kaggle - Fake vs Real Medicine,kaggle_fake_real\dataset\Fake\Screenshot 2025-09-17 175847.png,counterfeit,pid_00454,1,blister,unclassified_needs_manual_review,621,744,PNG,
kaggle_fake_real_medicine_eb40c5afee,Kaggle - Fake vs Real Medicine,kaggle_fake_real\dataset\Fake\Screenshot 2025-09-17 175938.png,counterfeit,pid_00455,2,blister,unclassified_needs_manual_review,451,674,PNG,member_of_near_duplicate_cluster_size_2
kaggle_fake_real_medicine_a877ae06a7,Kaggle - Fake vs Real Medicine,kaggle_fake_real\dataset\Fake\Screenshot 2025-09-17 175957.png,counterfeit,pid_00456,1,blister,unclassified_needs_manual_review,437,686,PNG,
kaggle_fake_real_medicine_9a1295c310,Kaggle - Fake vs Real Medicine,kaggle_fake_real\dataset\Fake\Screenshot 2025-09-17 180036.png,counterfeit,pid_00457,1,packaging,unclassified_needs_manual_review,422,644,PNG,
kaggle_fake_real_medicine_18d048cab3,Kaggle - Fake vs Real Medicine,kaggle_fake_real\dataset\Fake\Screenshot 2025-09-17 180052.png,counterfeit,pid_00458,1,packaging,unclassified_needs_manual_review,391,637,PNG,
kaggle_fake_real_medicine_5ee8edd1a9,Kaggle - Fake vs Real Medicine,kaggle_fake_real\dataset\Fake\Screenshot 2025-09-17 180106.png,counterfeit,pid_00459,1,packaging,unclassified_needs_manual_review,552,633,PNG,
kaggle_fake_real_medicine_0a680b1608,Kaggle - Fake vs Real Medicine,kaggle_fake_real\dataset\Fake\Screenshot 2025-09-17 180119.png,counterfeit,pid_00460,2,packaging,unclassified_needs_manual_review,555,654,PNG,member_of_near_duplicate_cluster_size_2
kaggle_fake_real_medicine_73a6ece8e9,Kaggle - Fake vs Real Medicine,kaggle_fake_real\dataset\Fake\Screenshot 2025-09-17 180132.png,counterfeit,pid_00461,2,packaging,unclassified_needs_manual_review,855,629,PNG,member_of_near_duplicate_cluster_size_2
kaggle_fake_real_medicine_7446e607cc,Kaggle - Fake vs Real Medicine,kaggle_fake_real\dataset\Fake\Screenshot 2025-09-17 180146.png,counterfeit,pid_00461,2,packaging,unclassified_needs_manual_review,829,626,PNG,member_of_near_duplicate_cluster_size_2
kaggle_fake_real_medicine_33b679aa91,Kaggle - Fake vs Real Medicine,kaggle_fake_real\dataset\Fake\Screenshot 2025-09-17 180157.png,counterfeit,pid_00460,2,packaging,unclassified_needs_manual_review,565,589,PNG,member_of_near_duplicate_cluster_size_2
kaggle_fake_real_medicine_c6e7f52827,Kaggle - Fake vs Real Medicine,kaggle_fake_real\dataset\Fake\Screenshot 2025-09-17 180208.png,counterfeit,pid_00462,1,packaging,unclassified_needs_manual_review,504,595,PNG,
kaggle_fake_real_medicine_5aea38a804,Kaggle - Fake vs Real Medicine,kaggle_fake_real\dataset\Fake\Screenshot 2025-09-17 180223.png,counterfeit,pid_00463,1,packaging,unclassified_needs_manual_review,370,589,PNG,
kaggle_fake_real_medicine_177fc57119,Kaggle - Fake vs Real Medicine,kaggle_fake_real\dataset\Fake\Screenshot 2025-09-17 180304.png,counterfeit,pid_00464,1,blister,unclassified_needs_manual_review,472,736,PNG,
kaggle_fake_real_medicine_bed27cb29b,Kaggle - Fake vs Real Medicine,kaggle_fake_real\dataset\Fake\Screenshot 2025-09-17 180322.png,counterfeit,pid_00465,1,blister,unclassified_needs_manual_review,453,723,PNG,
kaggle_fake_real_medicine_155d6ed1b1,Kaggle - Fake vs Real Medicine,kaggle_fake_real\dataset\Fake\Screenshot 2025-09-17 180440.png,counterfeit,pid_00466,1,blister,unclassified_needs_manual_review,551,711,PNG,
kaggle_fake_real_medicine_988dbe3d3d,Kaggle - Fake vs Real Medicine,kaggle_fake_real\dataset\Fake\Screenshot 2025-09-17 180452.png,counterfeit,pid_00467,1,blister,unclassified_needs_manual_review,491,718,PNG,
kaggle_fake_real_medicine_ca0154ce9b,Kaggle - Fake vs Real Medicine,kaggle_fake_real\dataset\Fake\Screenshot 2025-09-17 180506.png,counterfeit,pid_00468,1,blister,unclassified_needs_manual_review,454,700,PNG,
kaggle_fake_real_medicine_1815be2b4b,Kaggle - Fake vs Real Medicine,kaggle_fake_real\dataset\Fake\Screenshot 2025-09-17 180548.png,counterfeit,pid_00469,1,blister,unclassified_needs_manual_review,440,684,PNG,
kaggle_fake_real_medicine_e6f009da18,Kaggle - Fake vs Real Medicine,kaggle_fake_real\dataset\Fake\Screenshot 2025-09-17 180616.png,counterfeit,pid_00470,1,blister,unclassified_needs_manual_review,667,611,PNG,
kaggle_fake_real_medicine_5469052ee7,Kaggle - Fake vs Real Medicine,kaggle_fake_real\dataset\Fake\Screenshot 2025-09-17 180631.png,counterfeit,pid_00471,1,blister,unclassified_needs_manual_review,629,613,PNG,
kaggle_fake_real_medicine_1f8b2ac73f,Kaggle - Fake vs Real Medicine,kaggle_fake_real\dataset\Fake\Screenshot 2025-09-17 180704.png,counterfeit,pid_00472,1,blister,unclassified_needs_manual_review,532,694,PNG,
kaggle_fake_real_medicine_baaa90a0db,Kaggle - Fake vs Real Medicine,kaggle_fake_real\dataset\Fake\Screenshot 2025-09-17 180714.png,counterfeit,pid_00473,1,blister,unclassified_needs_manual_review,498,719,PNG,
kaggle_fake_real_medicine_ae2efd1c6c,Kaggle - Fake vs Real Medicine,kaggle_fake_real\dataset\Fake\Screenshot 2025-09-17 180738.png,counterfeit,pid_00474,1,blister,unclassified_needs_manual_review,327,482,PNG,
kaggle_fake_real_medicine_77d7798a4a,Kaggle - Fake vs Real Medicine,kaggle_fake_real\dataset\Fake\Screenshot 2025-09-17 180755.png,counterfeit,pid_00475,1,blister,unclassified_needs_manual_review,414,613,PNG,
kaggle_fake_real_medicine_89a3cb0f36,Kaggle - Fake vs Real Medicine,kaggle_fake_real\dataset\Fake\Screenshot 2025-09-17 180820.png,counterfeit,pid_00476,1,blister,unclassified_needs_manual_review,287,551,PNG,
kaggle_fake_real_medicine_c934d254bd,Kaggle - Fake vs Real Medicine,kaggle_fake_real\dataset\Fake\Screenshot 2025-09-17 180831.png,counterfeit,pid_00477,1,blister,unclassified_needs_manual_review,305,552,PNG,
kaggle_fake_real_medicine_c4de85a2db,Kaggle - Fake vs Real Medicine,kaggle_fake_real\dataset\Fake\Screenshot 2025-09-17 180900.png,counterfeit,pid_00478,1,blister,unclassified_needs_manual_review,274,582,PNG,
kaggle_fake_real_medicine_20c4a33635,Kaggle - Fake vs Real Medicine,kaggle_fake_real\dataset\Fake\Screenshot 2025-09-17 180914.png,counterfeit,pid_00479,1,blister,unclassified_needs_manual_review,276,596,PNG,
kaggle_fake_real_medicine_ad08294037,Kaggle - Fake vs Real Medicine,kaggle_fake_real\dataset\Fake\Screenshot 2025-09-17 181023.png,counterfeit,pid_00480,1,blister,unclassified_needs_manual_review,480,523,PNG,
kaggle_fake_real_medicine_8375bf7fdb,Kaggle - Fake vs Real Medicine,kaggle_fake_real\dataset\Fake\Screenshot 2025-09-17 181033.png,counterfeit,pid_00481,1,blister,unclassified_needs_manual_review,472,518,PNG,
kaggle_fake_real_medicine_046bd91b0a,Kaggle - Fake vs Real Medicine,kaggle_fake_real\dataset\Fake\Screenshot 2025-09-17 181046.png,counterfeit,pid_00482,1,blister,unclassified_needs_manual_review,497,530,PNG,
kaggle_fake_real_medicine_f4ed8cc19a,Kaggle - Fake vs Real Medicine,kaggle_fake_real\dataset\Fake\Screenshot 2025-09-17 181100.png,counterfeit,pid_00483,1,blister,unclassified_needs_manual_review,513,541,PNG,
kaggle_fake_real_medicine_506ede5841,Kaggle - Fake vs Real Medicine,kaggle_fake_real\dataset\Fake\Screenshot 2025-09-17 181154.png,counterfeit,pid_00484,1,blister,unclassified_needs_manual_review,464,723,PNG,
kaggle_fake_real_medicine_25387c207b,Kaggle - Fake vs Real Medicine,kaggle_fake_real\dataset\Fake\Screenshot 2025-09-17 181208.png,counterfeit,pid_00485,1,blister,unclassified_needs_manual_review,494,739,PNG,
kaggle_fake_real_medicine_000e488d37,Kaggle - Fake vs Real Medicine,kaggle_fake_real\dataset\Fake\Screenshot 2025-09-17 181249.png,counterfeit,pid_00486,1,blister,unclassified_needs_manual_review,360,541,PNG,
kaggle_fake_real_medicine_270967078e,Kaggle - Fake vs Real Medicine,kaggle_fake_real\dataset\Fake\Screenshot 2025-09-17 181305.png,counterfeit,pid_00487,1,blister,unclassified_needs_manual_review,343,519,PNG,
kaggle_fake_real_medicine_e4d1e5b8f5,Kaggle - Fake vs Real Medicine,kaggle_fake_real\dataset\Fake\Screenshot 2025-09-17 181320.png,counterfeit,pid_00488,1,blister,unclassified_needs_manual_review,337,517,PNG,
kaggle_fake_real_medicine_8bee079fd4,Kaggle - Fake vs Real Medicine,kaggle_fake_real\dataset\Fake\Screenshot 2025-09-17 181403.png,counterfeit,pid_00489,1,blister,unclassified_needs_manual_review,339,498,PNG,
kaggle_fake_real_medicine_22d308b24a,Kaggle - Fake vs Real Medicine,kaggle_fake_real\dataset\Fake\Screenshot 2025-09-17 181623.png,counterfeit,pid_00490,1,blister,unclassified_needs_manual_review,518,767,PNG,
kaggle_fake_real_medicine_234a3dbd69,Kaggle - Fake vs Real Medicine,kaggle_fake_real\dataset\Fake\Screenshot 2025-09-17 181642.png,counterfeit,pid_00491,1,blister,unclassified_needs_manual_review,589,778,PNG,
kaggle_fake_real_medicine_974bfcd4fb,Kaggle - Fake vs Real Medicine,kaggle_fake_real\dataset\Fake\Screenshot 2025-09-17 181712.png,counterfeit,pid_00492,1,packaging,unclassified_needs_manual_review,289,683,PNG,
kaggle_fake_real_medicine_032068ff32,Kaggle - Fake vs Real Medicine,kaggle_fake_real\dataset\Fake\Screenshot 2025-09-17 181729.png,counterfeit,pid_00493,1,packaging,unclassified_needs_manual_review,895,514,PNG,
kaggle_fake_real_medicine_9abd16be2c,Kaggle - Fake vs Real Medicine,kaggle_fake_real\dataset\Fake\Screenshot 2025-09-17 181739.png,counterfeit,pid_00494,1,blister,unclassified_needs_manual_review,429,621,PNG,
kaggle_fake_real_medicine_98d158b5a6,Kaggle - Fake vs Real Medicine,kaggle_fake_real\dataset\Fake\Screenshot 2025-09-17 181806.png,counterfeit,pid_00495,1,packaging,unclassified_needs_manual_review,860,499,PNG,
kaggle_fake_real_medicine_b18a8265f3,Kaggle - Fake vs Real Medicine,kaggle_fake_real\dataset\Fake\Screenshot 2025-09-17 181821.png,counterfeit,pid_00496,1,packaging,unclassified_needs_manual_review,436,668,PNG,
kaggle_fake_real_medicine_dbde84d79d,Kaggle - Fake vs Real Medicine,kaggle_fake_real\dataset\Fake\Screenshot 2025-09-17 181900.png,counterfeit,pid_00497,2,packaging,unclassified_needs_manual_review,794,488,PNG,member_of_near_duplicate_cluster_size_2
kaggle_fake_real_medicine_3bf4bb75f4,Kaggle - Fake vs Real Medicine,kaggle_fake_real\dataset\Fake\Screenshot 2025-09-17 181918.png,counterfeit,pid_00498,1,packaging,unclassified_needs_manual_review,463,779,PNG,
kaggle_fake_real_medicine_f0cae78738,Kaggle - Fake vs Real Medicine,kaggle_fake_real\dataset\Fake\Screenshot 2025-09-17 181935.png,counterfeit,pid_00499,2,packaging,unclassified_needs_manual_review,431,734,PNG,member_of_near_duplicate_cluster_size_2
kaggle_fake_real_medicine_4e37e908bb,Kaggle - Fake vs Real Medicine,kaggle_fake_real\dataset\Fake\Screenshot 2025-09-17 181949.png,counterfeit,pid_00500,1,packaging,unclassified_needs_manual_review,996,387,PNG,
kaggle_fake_real_medicine_da2df27cc4,Kaggle - Fake vs Real Medicine,kaggle_fake_real\dataset\Fake\Screenshot 2025-09-17 182524.png,counterfeit,pid_00501,1,packaging,unclassified_needs_manual_review,767,457,PNG,
kaggle_fake_real_medicine_012f2d2f27,Kaggle - Fake vs Real Medicine,kaggle_fake_real\dataset\Fake\Screenshot 2025-09-17 182551.png,counterfeit,pid_00502,1,packaging,unclassified_needs_manual_review,814,444,PNG,
kaggle_fake_real_medicine_8fd20d7ff6,Kaggle - Fake vs Real Medicine,kaggle_fake_real\dataset\Fake\Screenshot 2025-09-17 182616.png,counterfeit,pid_00503,1,packaging,unclassified_needs_manual_review,675,648,PNG,
kaggle_fake_real_medicine_78cf259e7e,Kaggle - Fake vs Real Medicine,kaggle_fake_real\dataset\Fake\Screenshot 2025-09-17 182631.png,counterfeit,pid_00504,1,packaging,unclassified_needs_manual_review,587,324,PNG,
kaggle_fake_real_medicine_a9fbc36030,Kaggle - Fake vs Real Medicine,kaggle_fake_real\dataset\Fake\Screenshot 2025-09-17 182646.png,counterfeit,pid_00505,1,packaging,unclassified_needs_manual_review,591,334,PNG,
kaggle_fake_real_medicine_e8f66141b9,Kaggle - Fake vs Real Medicine,kaggle_fake_real\dataset\Fake\Screenshot 2025-09-17 182721.png,counterfeit,pid_00506,1,packaging,unclassified_needs_manual_review,840,443,PNG,
kaggle_fake_real_medicine_423916758c,Kaggle - Fake vs Real Medicine,kaggle_fake_real\dataset\Fake\Screenshot 2025-09-17 182741.png,counterfeit,pid_00507,1,packaging,unclassified_needs_manual_review,818,384,PNG,
kaggle_fake_real_medicine_fb41370788,Kaggle - Fake vs Real Medicine,kaggle_fake_real\dataset\Fake\Screenshot 2025-09-17 182752.png,counterfeit,pid_00508,1,blister,unclassified_needs_manual_review,200,501,PNG,
kaggle_fake_real_medicine_56baf2ccf3,Kaggle - Fake vs Real Medicine,kaggle_fake_real\dataset\Fake\Screenshot 2025-09-17 182825.png,counterfeit,pid_00509,1,packaging,unclassified_needs_manual_review,458,745,PNG,
kaggle_fake_real_medicine_8084abfeac,Kaggle - Fake vs Real Medicine,kaggle_fake_real\dataset\Fake\Screenshot 2025-09-17 182845.png,counterfeit,pid_00510,1,blister,unclassified_needs_manual_review,468,719,PNG,
kaggle_fake_real_medicine_24e0fae4e3,Kaggle - Fake vs Real Medicine,kaggle_fake_real\dataset\Fake\Screenshot 2025-09-17 182902.png,counterfeit,pid_00511,1,blister,unclassified_needs_manual_review,450,722,PNG,
kaggle_fake_real_medicine_680234b7cf,Kaggle - Fake vs Real Medicine,kaggle_fake_real\dataset\Fake\Screenshot 2025-09-17 182916.png,counterfeit,pid_00512,1,blister,unclassified_needs_manual_review,426,697,PNG,
kaggle_fake_real_medicine_13f55e7bae,Kaggle - Fake vs Real Medicine,kaggle_fake_real\dataset\Fake\Screenshot 2025-09-17 182939.png,counterfeit,pid_00513,1,packaging,unclassified_needs_manual_review,604,390,PNG,
kaggle_fake_real_medicine_12a224b226,Kaggle - Fake vs Real Medicine,kaggle_fake_real\dataset\Fake\Screenshot 2025-09-17 182951.png,counterfeit,pid_00514,1,packaging,unclassified_needs_manual_review,616,412,PNG,
kaggle_fake_real_medicine_96200fd98f,Kaggle - Fake vs Real Medicine,kaggle_fake_real\dataset\Fake\Screenshot 2025-09-17 183005.png,counterfeit,pid_00515,1,packaging,unclassified_needs_manual_review,690,434,PNG,
kaggle_fake_real_medicine_0bd80c0685,Kaggle - Fake vs Real Medicine,kaggle_fake_real\dataset\Fake\Screenshot 2025-09-17 183015.png,counterfeit,pid_00516,1,packaging,unclassified_needs_manual_review,638,425,PNG,
kaggle_fake_real_medicine_a6073ba2ac,Kaggle - Fake vs Real Medicine,kaggle_fake_real\dataset\Fake\Screenshot 2025-09-17 183039.png,counterfeit,pid_00517,1,packaging,unclassified_needs_manual_review,530,663,PNG,
kaggle_fake_real_medicine_84a5c72682,Kaggle - Fake vs Real Medicine,kaggle_fake_real\dataset\Fake\Screenshot 2025-09-17 183148.png,counterfeit,pid_00518,1,packaging,unclassified_needs_manual_review,313,805,PNG,
kaggle_fake_real_medicine_eb34751b20,Kaggle - Fake vs Real Medicine,kaggle_fake_real\dataset\Fake\Screenshot 2025-09-17 183214.png,counterfeit,pid_00519,1,packaging,unclassified_needs_manual_review,840,691,PNG,
kaggle_fake_real_medicine_04c5e557b8,Kaggle - Fake vs Real Medicine,kaggle_fake_real\dataset\Fake\Screenshot 2025-09-17 183232.png,counterfeit,pid_00520,1,packaging,unclassified_needs_manual_review,853,689,PNG,
kaggle_fake_real_medicine_99dc72e0c5,Kaggle - Fake vs Real Medicine,kaggle_fake_real\dataset\Fake\Screenshot 2025-09-17 183249.png,counterfeit,pid_00521,1,packaging,unclassified_needs_manual_review,831,251,PNG,
kaggle_fake_real_medicine_6bf967cf84,Kaggle - Fake vs Real Medicine,kaggle_fake_real\dataset\Fake\Screenshot 2025-09-17 183304.png,counterfeit,pid_00522,1,packaging,unclassified_needs_manual_review,828,256,PNG,
kaggle_fake_real_medicine_4d4cf4a7d4,Kaggle - Fake vs Real Medicine,kaggle_fake_real\dataset\Fake\Screenshot 2025-09-17 183339.png,counterfeit,pid_00523,1,packaging,unclassified_needs_manual_review,398,684,PNG,
kaggle_fake_real_medicine_0328be33cf,Kaggle - Fake vs Real Medicine,kaggle_fake_real\dataset\Fake\Screenshot 2025-09-17 183358.png,counterfeit,pid_00524,1,packaging,unclassified_needs_manual_review,821,421,PNG,
kaggle_fake_real_medicine_657978f2b5,Kaggle - Fake vs Real Medicine,kaggle_fake_real\dataset\Fake\Screenshot 2025-09-17 183420.png,counterfeit,pid_00525,1,packaging,unclassified_needs_manual_review,396,699,PNG,
kaggle_fake_real_medicine_edd956a181,Kaggle - Fake vs Real Medicine,kaggle_fake_real\dataset\Fake\Screenshot 2025-09-17 183436.png,counterfeit,pid_00526,1,packaging,unclassified_needs_manual_review,660,493,PNG,
kaggle_fake_real_medicine_f61949b1d3,Kaggle - Fake vs Real Medicine,kaggle_fake_real\dataset\Fake\Screenshot 2025-09-17 183451.png,counterfeit,pid_00527,1,packaging,unclassified_needs_manual_review,824,471,PNG,
kaggle_fake_real_medicine_a8e282a356,Kaggle - Fake vs Real Medicine,kaggle_fake_real\dataset\Fake\Screenshot 2025-09-17 183521.png,counterfeit,pid_00528,1,blister,unclassified_needs_manual_review,426,576,PNG,
kaggle_fake_real_medicine_a7da985656,Kaggle - Fake vs Real Medicine,kaggle_fake_real\dataset\Fake\Screenshot 2025-09-17 183535.png,counterfeit,pid_00529,1,blister,unclassified_needs_manual_review,406,550,PNG,
kaggle_fake_real_medicine_c3c3d47e1c,Kaggle - Fake vs Real Medicine,kaggle_fake_real\dataset\Fake\Screenshot 2025-09-17 183651.png,counterfeit,pid_00530,1,packaging,unclassified_needs_manual_review,303,561,PNG,
kaggle_fake_real_medicine_87cff291d4,Kaggle - Fake vs Real Medicine,kaggle_fake_real\dataset\Fake\Screenshot 2025-09-17 183703.png,counterfeit,pid_00531,1,packaging,unclassified_needs_manual_review,417,549,PNG,
kaggle_fake_real_medicine_089048438e,Kaggle - Fake vs Real Medicine,kaggle_fake_real\dataset\Fake\Screenshot 2025-09-17 183719.png,counterfeit,pid_00532,1,packaging,unclassified_needs_manual_review,327,537,PNG,
kaggle_fake_real_medicine_8f4cadab06,Kaggle - Fake vs Real Medicine,kaggle_fake_real\dataset\Fake\Screenshot 2025-09-17 183734.png,counterfeit,pid_00533,1,packaging,unclassified_needs_manual_review,349,559,PNG,
kaggle_fake_real_medicine_c2c11d3bdd,Kaggle - Fake vs Real Medicine,kaggle_fake_real\dataset\Fake\Screenshot 2025-09-17 183746.png,counterfeit,pid_00534,1,packaging,unclassified_needs_manual_review,401,564,PNG,
kaggle_fake_real_medicine_c8e1ccb599,Kaggle - Fake vs Real Medicine,kaggle_fake_real\dataset\Fake\Screenshot 2025-09-17 183814.png,counterfeit,pid_00535,1,packaging,unclassified_needs_manual_review,867,337,PNG,
kaggle_fake_real_medicine_2bf66badab,Kaggle - Fake vs Real Medicine,kaggle_fake_real\dataset\Fake\Screenshot 2025-09-17 183824.png,counterfeit,pid_00499,2,packaging,unclassified_needs_manual_review,361,630,PNG,member_of_near_duplicate_cluster_size_2
kaggle_fake_real_medicine_e7b0b553a2,Kaggle - Fake vs Real Medicine,kaggle_fake_real\dataset\Fake\Screenshot 2025-09-17 183838.png,counterfeit,pid_00536,1,packaging,unclassified_needs_manual_review,378,641,PNG,
kaggle_fake_real_medicine_62fb730310,Kaggle - Fake vs Real Medicine,kaggle_fake_real\dataset\Fake\Screenshot 2025-09-17 183849.png,counterfeit,pid_00497,2,packaging,unclassified_needs_manual_review,652,387,PNG,member_of_near_duplicate_cluster_size_2
kaggle_fake_real_medicine_9d0ac488eb,Kaggle - Fake vs Real Medicine,kaggle_fake_real\dataset\Fake\Screenshot 2025-09-17 183919.png,counterfeit,pid_00537,1,blister,unclassified_needs_manual_review,354,482,PNG,
kaggle_fake_real_medicine_8e01740418,Kaggle - Fake vs Real Medicine,kaggle_fake_real\dataset\Fake\Screenshot 2025-09-17 183931.png,counterfeit,pid_00538,1,blister,unclassified_needs_manual_review,339,480,PNG,
kaggle_fake_real_medicine_a7129b711b,Kaggle - Fake vs Real Medicine,kaggle_fake_real\dataset\Fake\Screenshot 2025-09-17 183954.png,counterfeit,pid_00539,1,blister,unclassified_needs_manual_review,446,730,PNG,
kaggle_fake_real_medicine_b332587f57,Kaggle - Fake vs Real Medicine,kaggle_fake_real\dataset\Fake\Screenshot 2025-09-17 184040.png,counterfeit,pid_00540,1,packaging,unclassified_needs_manual_review,875,538,PNG,
kaggle_fake_real_medicine_7019b8e00b,Kaggle - Fake vs Real Medicine,kaggle_fake_real\dataset\Fake\Screenshot 2025-09-17 184051.png,counterfeit,pid_00541,1,blister,unclassified_needs_manual_review,400,610,PNG,
kaggle_fake_real_medicine_26d1582ee3,Kaggle - Fake vs Real Medicine,kaggle_fake_real\dataset\Fake\Screenshot 2025-09-17 184104.png,counterfeit,pid_00542,1,packaging,unclassified_needs_manual_review,591,520,PNG,
kaggle_fake_real_medicine_7b74b77c17,Kaggle - Fake vs Real Medicine,kaggle_fake_real\dataset\Fake\Screenshot 2025-09-17 184149.png,counterfeit,pid_00543,1,blister,unclassified_needs_manual_review,528,736,PNG,
kaggle_fake_real_medicine_1dbf78ab67,Kaggle - Fake vs Real Medicine,kaggle_fake_real\dataset\Fake\Screenshot 2025-09-17 184219.png,counterfeit,pid_00544,1,blister,unclassified_needs_manual_review,501,721,PNG,
kaggle_fake_real_medicine_e0787b76d6,Kaggle - Fake vs Real Medicine,kaggle_fake_real\dataset\Fake\Screenshot 2025-09-17 184308.png,counterfeit,pid_00455,2,blister,unclassified_needs_manual_review,480,712,PNG,member_of_near_duplicate_cluster_size_2
kaggle_fake_real_medicine_2fb956eb5f,Kaggle - Fake vs Real Medicine,kaggle_fake_real\dataset\Fake\Screenshot 2025-09-17 184323.png,counterfeit,pid_00545,1,blister,unclassified_needs_manual_review,471,710,PNG,
kaggle_fake_real_medicine_41708c1798,Kaggle - Fake vs Real Medicine,kaggle_fake_real\dataset\Fake\Screenshot 2025-09-17 184353.png,counterfeit,pid_00546,1,blister,unclassified_needs_manual_review,450,501,PNG,
kaggle_fake_real_medicine_e1c5225193,Kaggle - Fake vs Real Medicine,kaggle_fake_real\dataset\Fake\Screenshot 2025-09-17 184403.png,counterfeit,pid_00547,1,blister,unclassified_needs_manual_review,408,500,PNG,
kaggle_fake_real_medicine_93e23b7ec2,Kaggle - Fake vs Real Medicine,kaggle_fake_real\dataset\Fake\Screenshot 2025-09-17 184438.png,counterfeit,pid_00548,1,blister,unclassified_needs_manual_review,332,464,PNG,
kaggle_fake_real_medicine_eae6b71ab1,Kaggle - Fake vs Real Medicine,kaggle_fake_real\dataset\Fake\Screenshot 2025-09-17 184449.png,counterfeit,pid_00549,1,blister,unclassified_needs_manual_review,319,466,PNG,
kaggle_fake_real_medicine_9c31a23b9a,Kaggle - Fake vs Real Medicine,kaggle_fake_real\dataset\Fake\Screenshot 2025-09-17 184523.png,counterfeit,pid_00550,1,blister,unclassified_needs_manual_review,451,683,PNG,
kaggle_fake_real_medicine_c81ed5b421,Kaggle - Fake vs Real Medicine,kaggle_fake_real\dataset\Fake\Screenshot 2025-09-17 184536.png,counterfeit,pid_00551,1,blister,unclassified_needs_manual_review,457,697,PNG,
kaggle_fake_real_medicine_06940a3932,Kaggle - Fake vs Real Medicine,kaggle_fake_real\dataset\Fake\Screenshot 2025-09-17 184607.png,counterfeit,pid_00552,1,packaging,unclassified_needs_manual_review,388,649,PNG,
kaggle_fake_real_medicine_ad95e5821c,Kaggle - Fake vs Real Medicine,kaggle_fake_real\dataset\Fake\Screenshot 2025-09-17 184622.png,counterfeit,pid_00553,1,packaging,unclassified_needs_manual_review,429,640,PNG,
kaggle_fake_real_medicine_e7ed41a132,Kaggle - Fake vs Real Medicine,kaggle_fake_real\dataset\Fake\Screenshot 2025-09-17 184635.png,counterfeit,pid_00554,1,packaging,unclassified_needs_manual_review,493,293,PNG,
kaggle_fake_real_medicine_e6c7f05541,Kaggle - Fake vs Real Medicine,kaggle_fake_real\dataset\Fake\Screenshot 2025-09-17 184649.png,counterfeit,pid_00555,1,packaging,unclassified_needs_manual_review,547,314,PNG,
kaggle_fake_real_medicine_036597d7b3,Kaggle - Fake vs Real Medicine,kaggle_fake_real\dataset\Fake\Screenshot 2025-09-17 184702.png,counterfeit,pid_00556,1,packaging,unclassified_needs_manual_review,622,301,PNG,
kaggle_fake_real_medicine_01b3ab801c,Kaggle - Fake vs Real Medicine,kaggle_fake_real\dataset\Fake\Screenshot 2025-09-17 184728.png,counterfeit,pid_00557,1,blister,unclassified_needs_manual_review,419,642,PNG,
kaggle_fake_real_medicine_8ebb9a5eba,Kaggle - Fake vs Real Medicine,kaggle_fake_real\dataset\Fake\Screenshot 2025-09-17 184740.png,counterfeit,pid_00558,1,blister,unclassified_needs_manual_review,407,617,PNG,
kaggle_fake_real_medicine_0876d989f5,Kaggle - Fake vs Real Medicine,kaggle_fake_real\dataset\Fake\Screenshot 2025-09-17 184809.png,counterfeit,pid_00559,1,blister,unclassified_needs_manual_review,556,515,PNG,
kaggle_fake_real_medicine_584654950e,Kaggle - Fake vs Real Medicine,kaggle_fake_real\dataset\Fake\Screenshot 2025-09-17 184818.png,counterfeit,pid_00560,1,blister,unclassified_needs_manual_review,540,504,PNG,
kaggle_fake_real_medicine_e833313f43,Kaggle - Fake vs Real Medicine,kaggle_fake_real\dataset\Fake\Screenshot 2025-09-17 184830.png,counterfeit,pid_00561,1,blister,unclassified_needs_manual_review,358,550,PNG,
kaggle_fake_real_medicine_d8e6635430,Kaggle - Fake vs Real Medicine,kaggle_fake_real\dataset\Fake\Screenshot 2025-09-17 184843.png,counterfeit,pid_00562,1,blister,unclassified_needs_manual_review,366,544,PNG,
kaggle_fake_real_medicine_347e282f41,Kaggle - Fake vs Real Medicine,kaggle_fake_real\dataset\Fake\Screenshot 2025-09-17 184936.png,counterfeit,pid_00563,1,packaging,unclassified_needs_manual_review,517,451,PNG,
kaggle_fake_real_medicine_b94b13518f,Kaggle - Fake vs Real Medicine,kaggle_fake_real\dataset\Fake\Screenshot 2025-09-17 184945.png,counterfeit,pid_00564,1,packaging,unclassified_needs_manual_review,741,421,PNG,
kaggle_fake_real_medicine_b1b14a8a60,Kaggle - Fake vs Real Medicine,kaggle_fake_real\dataset\Fake\Screenshot 2025-09-17 184957.png,counterfeit,pid_00565,1,packaging,unclassified_needs_manual_review,294,484,PNG,
kaggle_fake_real_medicine_afdedb67c8,Kaggle - Fake vs Real Medicine,kaggle_fake_real\dataset\Fake\Screenshot 2025-09-17 185007.png,counterfeit,pid_00566,1,packaging,unclassified_needs_manual_review,298,215,PNG,
kaggle_fake_real_medicine_2883b7e45b,Kaggle - Fake vs Real Medicine,kaggle_fake_real\dataset\Fake\Screenshot 2025-09-17 185018.png,counterfeit,pid_00567,1,packaging,unclassified_needs_manual_review,344,215,PNG,
kaggle_fake_real_medicine_abbb61cce5,Kaggle - Fake vs Real Medicine,kaggle_fake_real\dataset\Fake\Screenshot 2025-09-17 185753.png,counterfeit,pid_00568,1,packaging,unclassified_needs_manual_review,459,731,PNG,
kaggle_fake_real_medicine_f77e826fc2,Kaggle - Fake vs Real Medicine,kaggle_fake_real\dataset\Fake\Screenshot 2025-09-17 190839.png,counterfeit,pid_00569,1,packaging,unclassified_needs_manual_review,427,703,PNG,
kaggle_fake_real_medicine_f20b141abd,Kaggle - Fake vs Real Medicine,kaggle_fake_real\dataset\Fake\Screenshot 2025-09-17 190900.png,counterfeit,pid_00570,1,packaging,unclassified_needs_manual_review,834,387,PNG,
kaggle_fake_real_medicine_af054412f5,Kaggle - Fake vs Real Medicine,kaggle_fake_real\dataset\Fake\Screenshot 2025-09-17 190918.png,counterfeit,pid_00571,1,packaging,unclassified_needs_manual_review,765,375,PNG,
kaggle_fake_real_medicine_4581f49ec4,Kaggle - Fake vs Real Medicine,kaggle_fake_real\dataset\Fake\Screenshot 2025-09-17 190932.png,counterfeit,pid_00572,1,blister,unclassified_needs_manual_review,456,339,PNG,
kaggle_fake_real_medicine_828e34ae84,Kaggle - Fake vs Real Medicine,kaggle_fake_real\dataset\Fake\Screenshot 2025-09-17 190943.png,counterfeit,pid_00573,1,blister,unclassified_needs_manual_review,426,356,PNG,
kaggle_fake_real_medicine_10200a9a29,Kaggle - Fake vs Real Medicine,kaggle_fake_real\dataset\Fake\Screenshot 2025-09-17 191148.png,counterfeit,pid_00574,1,blister,unclassified_needs_manual_review,543,543,PNG,
kaggle_fake_real_medicine_a52f4729ef,Kaggle - Fake vs Real Medicine,kaggle_fake_real\dataset\Fake\Screenshot 2025-09-17 191200.png,counterfeit,pid_00575,1,blister,unclassified_needs_manual_review,586,560,PNG,
kaggle_fake_real_medicine_c316aa2e72,Kaggle - Fake vs Real Medicine,kaggle_fake_real\dataset\Fake\Screenshot 2025-09-17 191223.png,counterfeit,pid_00576,2,blister,unclassified_needs_manual_review,468,714,PNG,member_of_near_duplicate_cluster_size_2
kaggle_fake_real_medicine_7b8afa42b4,Kaggle - Fake vs Real Medicine,kaggle_fake_real\dataset\Fake\Screenshot 2025-09-17 191251.png,counterfeit,pid_00576,2,blister,unclassified_needs_manual_review,472,714,PNG,member_of_near_duplicate_cluster_size_2
kaggle_fake_real_medicine_702b301e99,Kaggle - Fake vs Real Medicine,kaggle_fake_real\dataset\Fake\Screenshot 2025-09-17 191308.png,counterfeit,pid_00577,1,blister,unclassified_needs_manual_review,455,717,PNG,
kaggle_fake_real_medicine_8883b37d74,Kaggle - Fake vs Real Medicine,kaggle_fake_real\dataset\Fake\Screenshot 2025-09-17 191346.png,counterfeit,pid_00578,1,packaging,unclassified_needs_manual_review,1106,346,PNG,
kaggle_fake_real_medicine_745c17f03e,Kaggle - Fake vs Real Medicine,kaggle_fake_real\dataset\Fake\Screenshot 2025-09-17 191358.png,counterfeit,pid_00579,1,packaging,unclassified_needs_manual_review,377,607,PNG,
kaggle_fake_real_medicine_f8ee1fba3f,Kaggle - Fake vs Real Medicine,kaggle_fake_real\dataset\Fake\Screenshot 2025-09-17 191737.png,counterfeit,pid_00580,1,blister,unclassified_needs_manual_review,349,520,PNG,
kaggle_fake_real_medicine_32d9b40ac6,Kaggle - Fake vs Real Medicine,kaggle_fake_real\dataset\Fake\Screenshot 2025-09-17 191750.png,counterfeit,pid_00581,1,blister,unclassified_needs_manual_review,814,470,PNG,
kaggle_fake_real_medicine_6a0d82961a,Kaggle - Fake vs Real Medicine,kaggle_fake_real\dataset\Fake\Screenshot 2025-09-17 191818.png,counterfeit,pid_00582,1,blister,unclassified_needs_manual_review,604,745,PNG,
kaggle_fake_real_medicine_c16bf3536a,Kaggle - Fake vs Real Medicine,kaggle_fake_real\dataset\Fake\Screenshot 2025-09-17 191833.png,counterfeit,pid_00583,1,blister,unclassified_needs_manual_review,588,706,PNG,
kaggle_fake_real_medicine_2f4f6735e2,Kaggle - Fake vs Real Medicine,kaggle_fake_real\dataset\Fake\Screenshot 2025-09-17 191903.png,counterfeit,pid_00584,1,blister,unclassified_needs_manual_review,423,552,PNG,
kaggle_fake_real_medicine_78e572ee28,Kaggle - Fake vs Real Medicine,kaggle_fake_real\dataset\Fake\Screenshot 2025-09-17 191920.png,counterfeit,pid_00585,1,blister,unclassified_needs_manual_review,425,542,PNG,
kaggle_fake_real_medicine_bd0cfe0cb4,Kaggle - Fake vs Real Medicine,kaggle_fake_real\dataset\Fake\Screenshot 2025-09-17 191940.png,counterfeit,pid_00586,1,packaging,unclassified_needs_manual_review,390,618,PNG,
kaggle_fake_real_medicine_b98d6afd80,Kaggle - Fake vs Real Medicine,kaggle_fake_real\dataset\Fake\Screenshot 2025-09-17 191959.png,counterfeit,pid_00587,1,packaging,unclassified_needs_manual_review,395,613,PNG,
kaggle_fake_real_medicine_a0fa4531d3,Kaggle - Fake vs Real Medicine,kaggle_fake_real\dataset\Fake\Screenshot 2025-09-17 192042.png,counterfeit,pid_00588,1,blister,unclassified_needs_manual_review,483,647,PNG,
kaggle_fake_real_medicine_8713e32afa,Kaggle - Fake vs Real Medicine,kaggle_fake_real\dataset\Fake\Screenshot 2025-09-17 192053.png,counterfeit,pid_00589,1,blister,unclassified_needs_manual_review,464,674,PNG,
kaggle_fake_real_medicine_3bdedf3bd4,Kaggle - Fake vs Real Medicine,kaggle_fake_real\dataset\Fake\Screenshot 2025-09-17 192129.png,counterfeit,pid_00590,1,blister,unclassified_needs_manual_review,497,537,PNG,
kaggle_fake_real_medicine_9747a801ed,Kaggle - Fake vs Real Medicine,kaggle_fake_real\dataset\Fake\Screenshot 2025-09-17 192142.png,counterfeit,pid_00591,1,blister,unclassified_needs_manual_review,496,555,PNG,
kaggle_fake_real_medicine_259d2e2e43,Kaggle - Fake vs Real Medicine,kaggle_fake_real\dataset\Fake\Screenshot 2025-09-17 192244.png,counterfeit,pid_00592,1,blister,unclassified_needs_manual_review,579,773,PNG,
kaggle_fake_real_medicine_12842db162,Kaggle - Fake vs Real Medicine,kaggle_fake_real\dataset\Fake\Screenshot 2025-09-17 192306.png,counterfeit,pid_00593,1,blister,unclassified_needs_manual_review,588,763,PNG,
kaggle_fake_real_medicine_11467496c6,Kaggle - Fake vs Real Medicine,kaggle_fake_real\dataset\Fake\Screenshot 2025-09-17 192318.png,counterfeit,pid_00594,1,blister,unclassified_needs_manual_review,572,783,PNG,
kaggle_fake_real_medicine_c261f83794,Kaggle - Fake vs Real Medicine,kaggle_fake_real\dataset\Fake\Screenshot 2025-09-17 192328.png,counterfeit,pid_00595,1,blister,unclassified_needs_manual_review,575,749,PNG,
kaggle_fake_real_medicine_375a6dabfd,Kaggle - Fake vs Real Medicine,kaggle_fake_real\dataset\Fake\Screenshot 2025-09-17 192426.png,counterfeit,pid_00596,1,packaging,unclassified_needs_manual_review,447,194,PNG,
kaggle_fake_real_medicine_50444f4c85,Kaggle - Fake vs Real Medicine,kaggle_fake_real\dataset\Fake\Screenshot 2025-09-17 192445.png,counterfeit,pid_00597,1,packaging,unclassified_needs_manual_review,356,204,PNG,
kaggle_fake_real_medicine_6c48c2b073,Kaggle - Fake vs Real Medicine,kaggle_fake_real\dataset\Fake\Screenshot 2025-09-17 192504.png,counterfeit,pid_00598,1,packaging,unclassified_needs_manual_review,385,207,PNG,
kaggle_fake_real_medicine_030573fd98,Kaggle - Fake vs Real Medicine,kaggle_fake_real\dataset\Fake\Screenshot 2025-09-17 192515.png,counterfeit,pid_00599,1,packaging,unclassified_needs_manual_review,405,197,PNG,
kaggle_fake_real_medicine_61643b3aef,Kaggle - Fake vs Real Medicine,kaggle_fake_real\dataset\Fake\Screenshot 2025-09-17 192525.png,counterfeit,pid_00600,1,packaging,unclassified_needs_manual_review,417,199,PNG,
kaggle_fake_real_medicine_d4758e32c8,Kaggle - Fake vs Real Medicine,kaggle_fake_real\dataset\Fake\Screenshot 2025-09-17 192555.png,counterfeit,pid_00601,2,blister,unclassified_needs_manual_review,431,560,PNG,member_of_near_duplicate_cluster_size_2
kaggle_fake_real_medicine_f0e9f37ae0,Kaggle - Fake vs Real Medicine,kaggle_fake_real\dataset\Fake\Screenshot 2025-09-17 192605.png,counterfeit,pid_00602,1,blister,unclassified_needs_manual_review,426,560,PNG,
kaggle_fake_real_medicine_00b0378aeb,Kaggle - Fake vs Real Medicine,kaggle_fake_real\dataset\Fake\Screenshot 2025-09-17 192628.png,counterfeit,pid_00603,1,blister,unclassified_needs_manual_review,336,160,PNG,
kaggle_fake_real_medicine_589075e46a,Kaggle - Fake vs Real Medicine,kaggle_fake_real\dataset\Fake\Screenshot 2025-09-17 192641.png,counterfeit,pid_00604,1,blister,unclassified_needs_manual_review,317,260,PNG,
kaggle_fake_real_medicine_a31563869e,Kaggle - Fake vs Real Medicine,kaggle_fake_real\dataset\Fake\Screenshot 2025-09-17 192708.png,counterfeit,pid_00605,1,packaging,unclassified_needs_manual_review,479,320,PNG,
kaggle_fake_real_medicine_5d72b67a63,Kaggle - Fake vs Real Medicine,kaggle_fake_real\dataset\Fake\Screenshot 2025-09-17 192722.png,counterfeit,pid_00606,1,packaging,unclassified_needs_manual_review,402,303,PNG,
kaggle_fake_real_medicine_8ee3b228c9,Kaggle - Fake vs Real Medicine,kaggle_fake_real\dataset\Fake\Screenshot 2025-09-17 192735.png,counterfeit,pid_00607,1,packaging,unclassified_needs_manual_review,246,446,PNG,
kaggle_fake_real_medicine_4838ecb268,Kaggle - Fake vs Real Medicine,kaggle_fake_real\dataset\Fake\Screenshot 2025-09-17 192750.png,counterfeit,pid_00608,1,packaging,unclassified_needs_manual_review,308,405,PNG,
kaggle_fake_real_medicine_cbe26aa03b,Kaggle - Fake vs Real Medicine,kaggle_fake_real\dataset\Fake\Screenshot 2025-09-17 192842.png,counterfeit,pid_00609,1,packaging,unclassified_needs_manual_review,379,574,PNG,
kaggle_fake_real_medicine_7b30644c5b,Kaggle - Fake vs Real Medicine,kaggle_fake_real\dataset\Fake\Screenshot 2025-09-17 192859.png,counterfeit,pid_00610,1,packaging,unclassified_needs_manual_review,350,602,PNG,
kaggle_fake_real_medicine_e560d3d930,Kaggle - Fake vs Real Medicine,kaggle_fake_real\dataset\Fake\Screenshot 2025-09-17 192938.png,counterfeit,pid_00611,1,packaging,unclassified_needs_manual_review,481,296,PNG,
kaggle_fake_real_medicine_4f839114d5,Kaggle - Fake vs Real Medicine,kaggle_fake_real\dataset\Fake\Screenshot 2025-09-17 192948.png,counterfeit,pid_00612,1,packaging,unclassified_needs_manual_review,511,257,PNG,
kaggle_fake_real_medicine_012dbfbc36,Kaggle - Fake vs Real Medicine,kaggle_fake_real\dataset\Fake\Screenshot 2025-09-17 193010.png,counterfeit,pid_00613,2,packaging,unclassified_needs_manual_review,300,494,PNG,member_of_near_duplicate_cluster_size_2
kaggle_fake_real_medicine_7b470e559a,Kaggle - Fake vs Real Medicine,kaggle_fake_real\dataset\Fake\Screenshot 2025-09-17 193220.png,counterfeit,pid_00614,1,packaging,unclassified_needs_manual_review,397,301,PNG,
kaggle_fake_real_medicine_2101e29cad,Kaggle - Fake vs Real Medicine,kaggle_fake_real\dataset\Fake\Screenshot 2025-09-17 193233.png,counterfeit,pid_00615,1,packaging,unclassified_needs_manual_review,456,303,PNG,
kaggle_fake_real_medicine_079f320fd3,Kaggle - Fake vs Real Medicine,kaggle_fake_real\dataset\Fake\Screenshot 2025-09-17 193246.png,counterfeit,pid_00613,2,packaging,unclassified_needs_manual_review,304,490,PNG,member_of_near_duplicate_cluster_size_2
kaggle_fake_real_medicine_48ac2ce440,Kaggle - Fake vs Real Medicine,kaggle_fake_real\dataset\Fake\Screenshot 2025-09-17 193345.png,counterfeit,pid_00616,1,packaging,unclassified_needs_manual_review,350,269,PNG,
kaggle_fake_real_medicine_25654c7f24,Kaggle - Fake vs Real Medicine,kaggle_fake_real\dataset\Fake\Screenshot 2025-09-17 193356.png,counterfeit,pid_00617,1,blister,unclassified_needs_manual_review,220,278,PNG,
kaggle_fake_real_medicine_8d48cabbe1,Kaggle - Fake vs Real Medicine,kaggle_fake_real\dataset\Fake\Screenshot 2025-09-17 193406.png,counterfeit,pid_00618,1,packaging,unclassified_needs_manual_review,394,259,PNG,
kaggle_fake_real_medicine_112dc1a750,Kaggle - Fake vs Real Medicine,kaggle_fake_real\dataset\Fake\Screenshot 2025-09-17 193416.png,counterfeit,pid_00619,1,packaging,unclassified_needs_manual_review,206,269,PNG,
kaggle_fake_real_medicine_d799f1d48c,Kaggle - Fake vs Real Medicine,kaggle_fake_real\dataset\Fake\Screenshot 2025-09-17 193433.png,counterfeit,pid_00620,1,blister,unclassified_needs_manual_review,363,552,PNG,
kaggle_fake_real_medicine_7c0daeaa30,Kaggle - Fake vs Real Medicine,kaggle_fake_real\dataset\Fake\Screenshot 2025-09-17 193443.png,counterfeit,pid_00621,1,blister,unclassified_needs_manual_review,363,568,PNG,
kaggle_fake_real_medicine_4a172a5783,Kaggle - Fake vs Real Medicine,kaggle_fake_real\dataset\Fake\Screenshot 2025-09-17 193507.png,counterfeit,pid_00622,1,blister,unclassified_needs_manual_review,539,356,PNG,
kaggle_fake_real_medicine_edbb207b2e,Kaggle - Fake vs Real Medicine,kaggle_fake_real\dataset\Fake\Screenshot 2025-09-17 193532.png,counterfeit,pid_00623,1,packaging,unclassified_needs_manual_review,833,546,PNG,
kaggle_fake_real_medicine_08ba7974f3,Kaggle - Fake vs Real Medicine,kaggle_fake_real\dataset\Fake\Screenshot 2025-09-17 193545.png,counterfeit,pid_00624,1,packaging,unclassified_needs_manual_review,365,240,PNG,
kaggle_fake_real_medicine_b70df6e629,Kaggle - Fake vs Real Medicine,kaggle_fake_real\dataset\Fake\Screenshot 2025-09-17 193556.png,counterfeit,pid_00625,1,packaging,unclassified_needs_manual_review,389,218,PNG,
kaggle_fake_real_medicine_2eadeabb23,Kaggle - Fake vs Real Medicine,kaggle_fake_real\dataset\Fake\Screenshot 2025-09-17 193608.png,counterfeit,pid_00626,1,packaging,unclassified_needs_manual_review,473,439,PNG,
kaggle_fake_real_medicine_005ffbaf2f,Kaggle - Fake vs Real Medicine,kaggle_fake_real\dataset\Fake\Screenshot 2025-09-17 193643.png,counterfeit,pid_00627,1,blister,unclassified_needs_manual_review,293,664,PNG,
kaggle_fake_real_medicine_9d267b5e7c,Kaggle - Fake vs Real Medicine,kaggle_fake_real\dataset\Fake\Screenshot 2025-09-17 193654.png,counterfeit,pid_00628,1,blister,unclassified_needs_manual_review,282,666,PNG,
kaggle_fake_real_medicine_d34b172d99,Kaggle - Fake vs Real Medicine,kaggle_fake_real\dataset\Fake\Screenshot 2025-09-17 193719.png,counterfeit,pid_00629,1,blister,unclassified_needs_manual_review,408,664,PNG,
kaggle_fake_real_medicine_27f3e0a05e,Kaggle - Fake vs Real Medicine,kaggle_fake_real\dataset\Fake\Screenshot 2025-09-17 193729.png,counterfeit,pid_00630,1,blister,unclassified_needs_manual_review,407,668,PNG,
kaggle_fake_real_medicine_f412adfac6,Kaggle - Fake vs Real Medicine,kaggle_fake_real\dataset\Fake\Screenshot 2025-09-17 193759.png,counterfeit,pid_00631,1,packaging,unclassified_needs_manual_review,740,401,PNG,
kaggle_fake_real_medicine_a5c91851cb,Kaggle - Fake vs Real Medicine,kaggle_fake_real\dataset\Fake\Screenshot 2025-09-17 193813.png,counterfeit,pid_00632,1,packaging,unclassified_needs_manual_review,744,391,PNG,
kaggle_fake_real_medicine_625c4e1122,Kaggle - Fake vs Real Medicine,kaggle_fake_real\dataset\Fake\Screenshot 2025-09-17 193823.png,counterfeit,pid_00633,1,packaging,unclassified_needs_manual_review,442,382,PNG,
kaggle_fake_real_medicine_f62a70d32b,Kaggle - Fake vs Real Medicine,kaggle_fake_real\dataset\Fake\Screenshot 2025-09-17 193846.png,counterfeit,pid_00634,1,packaging,unclassified_needs_manual_review,433,372,PNG,
kaggle_fake_real_medicine_431e9ec70d,Kaggle - Fake vs Real Medicine,kaggle_fake_real\dataset\Fake\Screenshot 2025-09-17 193855.png,counterfeit,pid_00635,1,packaging,unclassified_needs_manual_review,766,383,PNG,
kaggle_fake_real_medicine_d97567946f,Kaggle - Fake vs Real Medicine,kaggle_fake_real\dataset\Fake\Screenshot 2025-09-17 193915.png,counterfeit,pid_00636,1,blister,unclassified_needs_manual_review,396,671,PNG,
kaggle_fake_real_medicine_b54b7ff396,Kaggle - Fake vs Real Medicine,kaggle_fake_real\dataset\Fake\Screenshot 2025-09-17 193931.png,counterfeit,pid_00637,1,blister,unclassified_needs_manual_review,403,649,PNG,
kaggle_fake_real_medicine_d0e874750d,Kaggle - Fake vs Real Medicine,kaggle_fake_real\dataset\Fake\Screenshot 2025-09-17 194007.png,counterfeit,pid_00638,1,packaging,unclassified_needs_manual_review,447,699,PNG,
kaggle_fake_real_medicine_85cc0519d6,Kaggle - Fake vs Real Medicine,kaggle_fake_real\dataset\Fake\Screenshot 2025-09-17 194021.png,counterfeit,pid_00639,1,packaging,unclassified_needs_manual_review,758,417,PNG,
kaggle_fake_real_medicine_12c43a7eaa,Kaggle - Fake vs Real Medicine,kaggle_fake_real\dataset\Fake\Screenshot 2025-09-17 194040.png,counterfeit,pid_00640,1,packaging,unclassified_needs_manual_review,1172,341,PNG,
kaggle_fake_real_medicine_d740f92d0d,Kaggle - Fake vs Real Medicine,kaggle_fake_real\dataset\Fake\Screenshot 2025-09-17 194058.png,counterfeit,pid_00641,1,packaging,unclassified_needs_manual_review,387,756,PNG,
kaggle_fake_real_medicine_ffe122a56c,Kaggle - Fake vs Real Medicine,kaggle_fake_real\dataset\Fake\Screenshot 2025-09-17 194110.png,counterfeit,pid_00642,1,packaging,unclassified_needs_manual_review,824,496,PNG,
kaggle_fake_real_medicine_845ee248b9,Kaggle - Fake vs Real Medicine,kaggle_fake_real\dataset\Fake\Screenshot 2025-09-17 194130.png,counterfeit,pid_00601,2,blister,unclassified_needs_manual_review,402,539,PNG,member_of_near_duplicate_cluster_size_2
kaggle_fake_real_medicine_b26f3d1fe0,Kaggle - Fake vs Real Medicine,kaggle_fake_real\dataset\Fake\Screenshot 2025-09-17 194141.png,counterfeit,pid_00643,1,blister,unclassified_needs_manual_review,404,540,PNG,
kaggle_fake_real_medicine_02169db735,Kaggle - Fake vs Real Medicine,kaggle_fake_real\dataset\Fake\Screenshot 2025-09-17 194224.png,counterfeit,pid_00644,1,packaging,unclassified_needs_manual_review,492,281,PNG,
kaggle_fake_real_medicine_cc88c993f0,Kaggle - Fake vs Real Medicine,kaggle_fake_real\dataset\Fake\Screenshot 2025-09-17 194256.png,counterfeit,pid_00645,1,packaging,unclassified_needs_manual_review,764,408,PNG,
kaggle_fake_real_medicine_da9f2b55ac,Kaggle - Fake vs Real Medicine,kaggle_fake_real\dataset\Fake\Screenshot 2025-09-17 194307.png,counterfeit,pid_00646,1,other,unclassified_needs_manual_review,401,476,PNG,
kaggle_fake_real_medicine_3a04e11088,Kaggle - Fake vs Real Medicine,kaggle_fake_real\dataset\Real\images02.jpg,authentic,pid_00007,14,other,unclassified_needs_manual_review,225,224,JPEG,member_of_near_duplicate_cluster_size_14
kaggle_fake_real_medicine_779c1196eb,Kaggle - Fake vs Real Medicine,kaggle_fake_real\dataset\Real\images03.jpg,authentic,pid_00405,3,blister,unclassified_needs_manual_review,225,225,JPEG,member_of_near_duplicate_cluster_size_3
kaggle_fake_real_medicine_10225ffb67,Kaggle - Fake vs Real Medicine,kaggle_fake_real\dataset\Real\images04.jpg,authentic,pid_00239,15,other,unclassified_needs_manual_review,225,225,JPEG,member_of_near_duplicate_cluster_size_15
kaggle_fake_real_medicine_22aa194522,Kaggle - Fake vs Real Medicine,kaggle_fake_real\dataset\Real\images06.jpg,authentic,pid_00406,3,blister,unclassified_needs_manual_review,223,226,JPEG,member_of_near_duplicate_cluster_size_3
kaggle_fake_real_medicine_44fd0f757a,Kaggle - Fake vs Real Medicine,kaggle_fake_real\dataset\Real\images07.jpg,authentic,pid_00105,20,blister,unclassified_needs_manual_review,215,235,JPEG,member_of_near_duplicate_cluster_size_20
kaggle_fake_real_medicine_bcdf79c558,Kaggle - Fake vs Real Medicine,kaggle_fake_real\dataset\Real\images09.jpg,authentic,pid_00203,7,blister,unclassified_needs_manual_review,225,225,JPEG,member_of_near_duplicate_cluster_size_7
kaggle_fake_real_medicine_65a1725371,Kaggle - Fake vs Real Medicine,kaggle_fake_real\dataset\Real\images11.jpg,authentic,pid_00223,13,blister,unclassified_needs_manual_review,207,243,JPEG,member_of_near_duplicate_cluster_size_13
kaggle_fake_real_medicine_811363f6de,Kaggle - Fake vs Real Medicine,kaggle_fake_real\dataset\Real\images13.jpg,authentic,pid_00124,11,blister,unclassified_needs_manual_review,225,225,JPEG,member_of_near_duplicate_cluster_size_11
kaggle_fake_real_medicine_93d7311fc9,Kaggle - Fake vs Real Medicine,kaggle_fake_real\dataset\Real\images15.jpg,authentic,pid_00159,12,other,unclassified_needs_manual_review,283,178,JPEG,member_of_near_duplicate_cluster_size_12
kaggle_fake_real_medicine_fd039f994c,Kaggle - Fake vs Real Medicine,kaggle_fake_real\dataset\Real\images16.jpg,authentic,pid_00239,15,other,unclassified_needs_manual_review,225,225,JPEG,member_of_near_duplicate_cluster_size_15
kaggle_fake_real_medicine_788dd6b226,Kaggle - Fake vs Real Medicine,kaggle_fake_real\dataset\Real\images17.jpg,authentic,pid_00385,4,other,unclassified_needs_manual_review,225,225,JPEG,member_of_near_duplicate_cluster_size_4
kaggle_fake_real_medicine_1fb3ce9b13,Kaggle - Fake vs Real Medicine,kaggle_fake_real\dataset\Real\images18.jpg,authentic,pid_00309,10,blister,unclassified_needs_manual_review,225,225,JPEG,member_of_near_duplicate_cluster_size_10
kaggle_fake_real_medicine_2132e7ceb4,Kaggle - Fake vs Real Medicine,kaggle_fake_real\dataset\Real\images20.jpg,authentic,pid_00016,10,other,unclassified_needs_manual_review,248,203,JPEG,member_of_near_duplicate_cluster_size_10
kaggle_fake_real_medicine_cb3b65a489,Kaggle - Fake vs Real Medicine,kaggle_fake_real\dataset\Real\images201.jpg,authentic,pid_00309,10,blister,unclassified_needs_manual_review,225,225,JPEG,member_of_near_duplicate_cluster_size_10
kaggle_fake_real_medicine_d276dd4088,Kaggle - Fake vs Real Medicine,kaggle_fake_real\dataset\Real\images203.jpg,authentic,pid_00365,3,other,unclassified_needs_manual_review,230,219,JPEG,member_of_near_duplicate_cluster_size_3
kaggle_fake_real_medicine_15bd27eba4,Kaggle - Fake vs Real Medicine,kaggle_fake_real\dataset\Real\images205.jpg,authentic,pid_00376,4,other,unclassified_needs_manual_review,225,225,JPEG,member_of_near_duplicate_cluster_size_4
kaggle_fake_real_medicine_6f072f285c,Kaggle - Fake vs Real Medicine,kaggle_fake_real\dataset\Real\images206.jpg,authentic,pid_00220,14,other,unclassified_needs_manual_review,168,300,JPEG,member_of_near_duplicate_cluster_size_14
kaggle_fake_real_medicine_097d8595eb,Kaggle - Fake vs Real Medicine,kaggle_fake_real\dataset\Real\images207.jpg,authentic,pid_00074,55,other,unclassified_needs_manual_review,220,229,JPEG,member_of_near_duplicate_cluster_size_55
kaggle_fake_real_medicine_8ab00bce96,Kaggle - Fake vs Real Medicine,kaggle_fake_real\dataset\Real\images209.jpg,authentic,pid_00062,14,other,unclassified_needs_manual_review,275,183,JPEG,member_of_near_duplicate_cluster_size_14
kaggle_fake_real_medicine_ec12cfda16,Kaggle - Fake vs Real Medicine,kaggle_fake_real\dataset\Real\images210.jpg,authentic,pid_00095,10,other,unclassified_needs_manual_review,224,224,JPEG,member_of_near_duplicate_cluster_size_10
kaggle_fake_real_medicine_d3c6fa2ded,Kaggle - Fake vs Real Medicine,kaggle_fake_real\dataset\Real\images211.jpg,authentic,pid_00391,3,other,unclassified_needs_manual_review,225,225,JPEG,member_of_near_duplicate_cluster_size_3
kaggle_fake_real_medicine_e7d479caa3,Kaggle - Fake vs Real Medicine,kaggle_fake_real\dataset\Real\images214.jpg,authentic,pid_00082,19,other,unclassified_needs_manual_review,286,176,JPEG,member_of_near_duplicate_cluster_size_19
kaggle_fake_real_medicine_0e4fbd29c5,Kaggle - Fake vs Real Medicine,kaggle_fake_real\dataset\Real\images220.jpg,authentic,pid_00373,3,packaging,unclassified_needs_manual_review,225,225,JPEG,member_of_near_duplicate_cluster_size_3
kaggle_fake_real_medicine_bc3f3f4d6a,Kaggle - Fake vs Real Medicine,kaggle_fake_real\dataset\Real\images222.jpg,authentic,pid_00068,36,blister,unclassified_needs_manual_review,225,225,JPEG,member_of_near_duplicate_cluster_size_36
kaggle_fake_real_medicine_1761000c09,Kaggle - Fake vs Real Medicine,kaggle_fake_real\dataset\Real\images223.jpg,authentic,pid_00220,14,other,unclassified_needs_manual_review,168,300,JPEG,member_of_near_duplicate_cluster_size_14
kaggle_fake_real_medicine_63bc3c7d29,Kaggle - Fake vs Real Medicine,kaggle_fake_real\dataset\Real\images224.jpg,authentic,pid_00398,3,other,unclassified_needs_manual_review,224,225,JPEG,member_of_near_duplicate_cluster_size_3
kaggle_fake_real_medicine_af7e1cb823,Kaggle - Fake vs Real Medicine,kaggle_fake_real\dataset\Real\images225.jpg,authentic,pid_00171,19,other,unclassified_needs_manual_review,182,276,JPEG,member_of_near_duplicate_cluster_size_19
kaggle_fake_real_medicine_393b5f4602,Kaggle - Fake vs Real Medicine,kaggle_fake_real\dataset\Real\images226.jpg,authentic,pid_00186,19,blister,unclassified_needs_manual_review,100,100,JPEG,member_of_near_duplicate_cluster_size_19
kaggle_fake_real_medicine_40c7abeb62,Kaggle - Fake vs Real Medicine,kaggle_fake_real\dataset\Real\images227.jpg,authentic,pid_00191,11,blister,unclassified_needs_manual_review,100,100,JPEG,member_of_near_duplicate_cluster_size_11
kaggle_fake_real_medicine_aee89a8f04,Kaggle - Fake vs Real Medicine,kaggle_fake_real\dataset\Real\images228.jpg,authentic,pid_00131,33,blister,unclassified_needs_manual_review,100,100,JPEG,member_of_near_duplicate_cluster_size_33
kaggle_fake_real_medicine_5c5acf8bbd,Kaggle - Fake vs Real Medicine,kaggle_fake_real\dataset\Real\images229.jpg,authentic,pid_00358,3,other,unclassified_needs_manual_review,225,225,JPEG,member_of_near_duplicate_cluster_size_3
kaggle_fake_real_medicine_be2c540b63,Kaggle - Fake vs Real Medicine,kaggle_fake_real\dataset\Real\images23.jpg,authentic,pid_00024,22,other,unclassified_needs_manual_review,275,183,JPEG,member_of_near_duplicate_cluster_size_22
kaggle_fake_real_medicine_cc1c50541a,Kaggle - Fake vs Real Medicine,kaggle_fake_real\dataset\Real\images230.jpg,authentic,pid_00168,18,other,unclassified_needs_manual_review,172,293,JPEG,member_of_near_duplicate_cluster_size_18
kaggle_fake_real_medicine_eded2385a3,Kaggle - Fake vs Real Medicine,kaggle_fake_real\dataset\Real\images231.jpg,authentic,pid_00090,18,other,unclassified_needs_manual_review,225,225,JPEG,member_of_near_duplicate_cluster_size_18
kaggle_fake_real_medicine_d2635ccf33,Kaggle - Fake vs Real Medicine,kaggle_fake_real\dataset\Real\images232.jpg,authentic,pid_00120,16,blister,unclassified_needs_manual_review,225,225,JPEG,member_of_near_duplicate_cluster_size_16
kaggle_fake_real_medicine_ff8bb608ba,Kaggle - Fake vs Real Medicine,kaggle_fake_real\dataset\Real\images233.jpg,authentic,pid_00647,2,other,unclassified_needs_manual_review,251,200,JPEG,member_of_near_duplicate_cluster_size_2
kaggle_fake_real_medicine_88e760ec67,Kaggle - Fake vs Real Medicine,kaggle_fake_real\dataset\Real\images234.jpg,authentic,pid_00648,4,other,unclassified_needs_manual_review,194,259,JPEG,member_of_near_duplicate_cluster_size_4
kaggle_fake_real_medicine_48b77d4b79,Kaggle - Fake vs Real Medicine,kaggle_fake_real\dataset\Real\images235.jpg,authentic,pid_00034,12,other,unclassified_needs_manual_review,225,225,JPEG,member_of_near_duplicate_cluster_size_12
kaggle_fake_real_medicine_21720344fd,Kaggle - Fake vs Real Medicine,kaggle_fake_real\dataset\Real\images237.jpg,authentic,pid_00061,41,blister,unclassified_needs_manual_review,225,225,JPEG,member_of_near_duplicate_cluster_size_41
kaggle_fake_real_medicine_a0fd053475,Kaggle - Fake vs Real Medicine,kaggle_fake_real\dataset\Real\images238.jpg,authentic,pid_00649,2,other,unclassified_needs_manual_review,227,222,JPEG,member_of_near_duplicate_cluster_size_2
kaggle_fake_real_medicine_47ef3972b2,Kaggle - Fake vs Real Medicine,kaggle_fake_real\dataset\Real\images239.jpg,authentic,pid_00001,22,blister,unclassified_needs_manual_review,225,225,JPEG,member_of_near_duplicate_cluster_size_22
kaggle_fake_real_medicine_e59a892262,Kaggle - Fake vs Real Medicine,kaggle_fake_real\dataset\Real\images24.jpg,authentic,pid_00650,1,blister,unclassified_needs_manual_review,225,225,JPEG,
kaggle_fake_real_medicine_3eb2fc376e,Kaggle - Fake vs Real Medicine,kaggle_fake_real\dataset\Real\images240.jpg,authentic,pid_00248,13,other,unclassified_needs_manual_review,192,263,JPEG,member_of_near_duplicate_cluster_size_13
kaggle_fake_real_medicine_c10951a964,Kaggle - Fake vs Real Medicine,kaggle_fake_real\dataset\Real\images243.jpg,authentic,pid_00392,3,packaging,unclassified_needs_manual_review,225,225,JPEG,member_of_near_duplicate_cluster_size_3
kaggle_fake_real_medicine_895c45b293,Kaggle - Fake vs Real Medicine,kaggle_fake_real\dataset\Real\images244.jpg,authentic,pid_00182,12,other,unclassified_needs_manual_review,300,168,JPEG,member_of_near_duplicate_cluster_size_12
kaggle_fake_real_medicine_163b95ff77,Kaggle - Fake vs Real Medicine,kaggle_fake_real\dataset\Real\images247.jpg,authentic,pid_00400,3,other,unclassified_needs_manual_review,275,183,JPEG,member_of_near_duplicate_cluster_size_3
kaggle_fake_real_medicine_bf3ebad111,Kaggle - Fake vs Real Medicine,kaggle_fake_real\dataset\Real\images248.jpg,authentic,pid_00061,41,blister,unclassified_needs_manual_review,225,225,JPEG,member_of_near_duplicate_cluster_size_41
kaggle_fake_real_medicine_d6cfd57100,Kaggle - Fake vs Real Medicine,kaggle_fake_real\dataset\Real\images249.jpg,authentic,pid_00386,3,other,unclassified_needs_manual_review,217,232,JPEG,member_of_near_duplicate_cluster_size_3
kaggle_fake_real_medicine_5914cbca30,Kaggle - Fake vs Real Medicine,kaggle_fake_real\dataset\Real\images250.jpg,authentic,pid_00001,22,blister,unclassified_needs_manual_review,225,225,JPEG,member_of_near_duplicate_cluster_size_22
kaggle_fake_real_medicine_2df01fd6a7,Kaggle - Fake vs Real Medicine,kaggle_fake_real\dataset\Real\images251.jpg,authentic,pid_00651,1,other,unclassified_needs_manual_review,273,184,JPEG,
kaggle_fake_real_medicine_3e84e186df,Kaggle - Fake vs Real Medicine,kaggle_fake_real\dataset\Real\images253.jpg,authentic,pid_00652,1,other,unclassified_needs_manual_review,100,100,JPEG,
kaggle_fake_real_medicine_e6863a1b30,Kaggle - Fake vs Real Medicine,kaggle_fake_real\dataset\Real\images254.jpg,authentic,pid_00201,2,other,unclassified_needs_manual_review,224,225,JPEG,member_of_near_duplicate_cluster_size_2
kaggle_fake_real_medicine_ea41431d21,Kaggle - Fake vs Real Medicine,kaggle_fake_real\dataset\Real\images255.jpg,authentic,pid_00277,13,other,unclassified_needs_manual_review,250,188,JPEG,member_of_near_duplicate_cluster_size_13
kaggle_fake_real_medicine_3baea330b8,Kaggle - Fake vs Real Medicine,kaggle_fake_real\dataset\Real\images257.jpg,authentic,pid_00031,25,other,unclassified_needs_manual_review,225,225,JPEG,member_of_near_duplicate_cluster_size_25
kaggle_fake_real_medicine_30ea2d910c,Kaggle - Fake vs Real Medicine,kaggle_fake_real\dataset\Real\images258.jpg,authentic,pid_00102,19,blister,unclassified_needs_manual_review,299,168,JPEG,member_of_near_duplicate_cluster_size_19
kaggle_fake_real_medicine_65d087cfbb,Kaggle - Fake vs Real Medicine,kaggle_fake_real\dataset\Real\images259.jpg,authentic,pid_00377,3,other,unclassified_needs_manual_review,241,209,JPEG,member_of_near_duplicate_cluster_size_3
kaggle_fake_real_medicine_d63a3f8849,Kaggle - Fake vs Real Medicine,kaggle_fake_real\dataset\Real\images260.jpg,authentic,pid_00160,19,other,unclassified_needs_manual_review,199,254,JPEG,member_of_near_duplicate_cluster_size_19
kaggle_fake_real_medicine_562e07a19f,Kaggle - Fake vs Real Medicine,kaggle_fake_real\dataset\Real\images261.jpg,authentic,pid_00369,4,other,unclassified_needs_manual_review,298,169,JPEG,member_of_near_duplicate_cluster_size_4
kaggle_fake_real_medicine_70cdac1306,Kaggle - Fake vs Real Medicine,kaggle_fake_real\dataset\Real\images262.jpg,authentic,pid_00072,20,other,unclassified_needs_manual_review,225,225,JPEG,member_of_near_duplicate_cluster_size_20
kaggle_fake_real_medicine_54689e6460,Kaggle - Fake vs Real Medicine,kaggle_fake_real\dataset\Real\images264.jpg,authentic,pid_00019,18,other,unclassified_needs_manual_review,225,225,JPEG,member_of_near_duplicate_cluster_size_18
kaggle_fake_real_medicine_2dd077811c,Kaggle - Fake vs Real Medicine,kaggle_fake_real\dataset\Real\images265.jpg,authentic,pid_00183,13,other,unclassified_needs_manual_review,225,225,JPEG,member_of_near_duplicate_cluster_size_13
kaggle_fake_real_medicine_898366a687,Kaggle - Fake vs Real Medicine,kaggle_fake_real\dataset\Real\images266.jpg,authentic,pid_00027,19,other,unclassified_needs_manual_review,225,225,JPEG,member_of_near_duplicate_cluster_size_19
kaggle_fake_real_medicine_3f1d338410,Kaggle - Fake vs Real Medicine,kaggle_fake_real\dataset\Real\images267.jpg,authentic,pid_00653,1,other,unclassified_needs_manual_review,225,225,JPEG,
kaggle_fake_real_medicine_dc3993fda4,Kaggle - Fake vs Real Medicine,kaggle_fake_real\dataset\Real\images269.jpg,authentic,pid_00094,25,blister,unclassified_needs_manual_review,225,225,JPEG,member_of_near_duplicate_cluster_size_25
kaggle_fake_real_medicine_091c494ecf,Kaggle - Fake vs Real Medicine,kaggle_fake_real\dataset\Real\images270.jpg,authentic,pid_00654,1,other,unclassified_needs_manual_review,212,234,JPEG,
kaggle_fake_real_medicine_47ae255318,Kaggle - Fake vs Real Medicine,kaggle_fake_real\dataset\Real\images271.jpg,authentic,pid_00655,1,other,unclassified_needs_manual_review,251,201,JPEG,
kaggle_fake_real_medicine_c44a75d8f8,Kaggle - Fake vs Real Medicine,kaggle_fake_real\dataset\Real\images272.jpg,authentic,pid_00656,1,other,unclassified_needs_manual_review,198,155,JPEG,
kaggle_fake_real_medicine_27d07dc99e,Kaggle - Fake vs Real Medicine,kaggle_fake_real\dataset\Real\images274.jpg,authentic,pid_00657,1,other,unclassified_needs_manual_review,259,194,JPEG,
kaggle_fake_real_medicine_7f56d83a9f,Kaggle - Fake vs Real Medicine,kaggle_fake_real\dataset\Real\images275.jpg,authentic,pid_00107,19,other,unclassified_needs_manual_review,225,225,JPEG,member_of_near_duplicate_cluster_size_19
kaggle_fake_real_medicine_090a07494d,Kaggle - Fake vs Real Medicine,kaggle_fake_real\dataset\Real\images276.jpg,authentic,pid_00253,5,other,unclassified_needs_manual_review,225,225,JPEG,member_of_near_duplicate_cluster_size_5
kaggle_fake_real_medicine_c3a9245fc7,Kaggle - Fake vs Real Medicine,kaggle_fake_real\dataset\Real\images279.jpg,authentic,pid_00658,1,other,unclassified_needs_manual_review,100,100,JPEG,
kaggle_fake_real_medicine_f57956b7d9,Kaggle - Fake vs Real Medicine,kaggle_fake_real\dataset\Real\images280.jpg,authentic,pid_00659,1,other,unclassified_needs_manual_review,100,100,JPEG,
kaggle_fake_real_medicine_ef75337a14,Kaggle - Fake vs Real Medicine,kaggle_fake_real\dataset\Real\images281.jpg,authentic,pid_00660,1,packaging,unclassified_needs_manual_review,225,225,JPEG,
kaggle_fake_real_medicine_17675193fc,Kaggle - Fake vs Real Medicine,kaggle_fake_real\dataset\Real\images283.jpg,authentic,pid_00126,15,other,unclassified_needs_manual_review,250,201,JPEG,member_of_near_duplicate_cluster_size_15
kaggle_fake_real_medicine_c0f5cceee8,Kaggle - Fake vs Real Medicine,kaggle_fake_real\dataset\Real\images30.jpg,authentic,pid_00389,5,"other (box+blister combo, surfaced after re-dedup, tagged directly)",unclassified_needs_manual_review,224,224,JPEG,member_of_near_duplicate_cluster_size_5
kaggle_fake_real_medicine_ef1ae610a6,Kaggle - Fake vs Real Medicine,kaggle_fake_real\dataset\Real\images301.jpg,authentic,pid_00040,13,other,unclassified_needs_manual_review,225,225,JPEG,member_of_near_duplicate_cluster_size_13
kaggle_fake_real_medicine_30517f4e2f,Kaggle - Fake vs Real Medicine,kaggle_fake_real\dataset\Real\images302.jpg,authentic,pid_00018,18,other,unclassified_needs_manual_review,225,225,JPEG,member_of_near_duplicate_cluster_size_18
kaggle_fake_real_medicine_3069cf426e,Kaggle - Fake vs Real Medicine,kaggle_fake_real\dataset\Real\images303.jpg,authentic,pid_00113,17,other,unclassified_needs_manual_review,225,225,JPEG,member_of_near_duplicate_cluster_size_17
kaggle_fake_real_medicine_9dac883126,Kaggle - Fake vs Real Medicine,kaggle_fake_real\dataset\Real\images304.jpg,authentic,pid_00661,1,other,unclassified_needs_manual_review,225,225,JPEG,
kaggle_fake_real_medicine_1c18e06090,Kaggle - Fake vs Real Medicine,kaggle_fake_real\dataset\Real\images305.jpg,authentic,pid_00662,1,other,unclassified_needs_manual_review,225,225,JPEG,
kaggle_fake_real_medicine_23f9ab233c,Kaggle - Fake vs Real Medicine,kaggle_fake_real\dataset\Real\images306.jpg,authentic,pid_00363,3,other,unclassified_needs_manual_review,225,225,JPEG,member_of_near_duplicate_cluster_size_3
kaggle_fake_real_medicine_77084dd8f1,Kaggle - Fake vs Real Medicine,kaggle_fake_real\dataset\Real\images308.jpg,authentic,pid_00364,4,other,unclassified_needs_manual_review,219,231,JPEG,member_of_near_duplicate_cluster_size_4
kaggle_fake_real_medicine_07c1f58abd,Kaggle - Fake vs Real Medicine,kaggle_fake_real\dataset\Real\images309.jpg,authentic,pid_00354,3,other,unclassified_needs_manual_review,238,212,JPEG,member_of_near_duplicate_cluster_size_3
kaggle_fake_real_medicine_c6a07c9eb4,Kaggle - Fake vs Real Medicine,kaggle_fake_real\dataset\Real\images310.jpg,authentic,pid_00190,10,other,unclassified_needs_manual_review,246,205,JPEG,member_of_near_duplicate_cluster_size_10
kaggle_fake_real_medicine_c4c9b1741a,Kaggle - Fake vs Real Medicine,kaggle_fake_real\dataset\Real\images312.jpg,authentic,pid_00150,13,other,unclassified_needs_manual_review,225,225,JPEG,member_of_near_duplicate_cluster_size_13
kaggle_fake_real_medicine_ff5a2e775f,Kaggle - Fake vs Real Medicine,kaggle_fake_real\dataset\Real\images313.jpg,authentic,pid_00393,3,other,unclassified_needs_manual_review,203,248,JPEG,member_of_near_duplicate_cluster_size_3
kaggle_fake_real_medicine_6d89951497,Kaggle - Fake vs Real Medicine,kaggle_fake_real\dataset\Real\images314.jpg,authentic,pid_00145,8,other,unclassified_needs_manual_review,225,225,JPEG,member_of_near_duplicate_cluster_size_8
kaggle_fake_real_medicine_206e0e85c6,Kaggle - Fake vs Real Medicine,kaggle_fake_real\dataset\Real\images315.jpg,authentic,pid_00299,7,other,unclassified_needs_manual_review,300,168,JPEG,member_of_near_duplicate_cluster_size_7
kaggle_fake_real_medicine_33b1a93842,Kaggle - Fake vs Real Medicine,kaggle_fake_real\dataset\Real\images316.jpg,authentic,pid_00064,19,other,unclassified_needs_manual_review,220,229,JPEG,member_of_near_duplicate_cluster_size_19
kaggle_fake_real_medicine_edcc3c3143,Kaggle - Fake vs Real Medicine,kaggle_fake_real\dataset\Real\images317.jpg,authentic,pid_00663,1,other,unclassified_needs_manual_review,225,225,JPEG,
kaggle_fake_real_medicine_bebec028a3,Kaggle - Fake vs Real Medicine,kaggle_fake_real\dataset\Real\images318.jpg,authentic,pid_00664,1,other,unclassified_needs_manual_review,225,225,JPEG,
kaggle_fake_real_medicine_74a661dac3,Kaggle - Fake vs Real Medicine,kaggle_fake_real\dataset\Real\images319.jpg,authentic,pid_00665,1,other,unclassified_needs_manual_review,269,187,JPEG,
kaggle_fake_real_medicine_39d4f4c626,Kaggle - Fake vs Real Medicine,kaggle_fake_real\dataset\Real\images32.jpg,authentic,pid_00666,1,blister,unclassified_needs_manual_review,231,219,JPEG,
kaggle_fake_real_medicine_63cd8b80df,Kaggle - Fake vs Real Medicine,kaggle_fake_real\dataset\Real\images320.jpg,authentic,pid_00284,13,other,unclassified_needs_manual_review,312,162,JPEG,member_of_near_duplicate_cluster_size_13
kaggle_fake_real_medicine_92c018207d,Kaggle - Fake vs Real Medicine,kaggle_fake_real\dataset\Real\images322.jpg,authentic,pid_00667,1,other,unclassified_needs_manual_review,194,259,JPEG,
kaggle_fake_real_medicine_6e9b1afdc8,Kaggle - Fake vs Real Medicine,kaggle_fake_real\dataset\Real\images323.jpg,authentic,pid_00668,1,other,unclassified_needs_manual_review,266,190,JPEG,
kaggle_fake_real_medicine_d5eb39581a,Kaggle - Fake vs Real Medicine,kaggle_fake_real\dataset\Real\images324.jpg,authentic,pid_00669,1,other,unclassified_needs_manual_review,256,197,JPEG,
kaggle_fake_real_medicine_a8786eab14,Kaggle - Fake vs Real Medicine,kaggle_fake_real\dataset\Real\images325.jpg,authentic,pid_00414,4,other,unclassified_needs_manual_review,225,225,JPEG,member_of_near_duplicate_cluster_size_4
kaggle_fake_real_medicine_6134763660,Kaggle - Fake vs Real Medicine,kaggle_fake_real\dataset\Real\images327.jpg,authentic,pid_00364,4,other,unclassified_needs_manual_review,100,100,JPEG,member_of_near_duplicate_cluster_size_4
kaggle_fake_real_medicine_fc089361eb,Kaggle - Fake vs Real Medicine,kaggle_fake_real\dataset\Real\images328.jpg,authentic,pid_00670,1,other,unclassified_needs_manual_review,100,100,JPEG,
kaggle_fake_real_medicine_3a353638dd,Kaggle - Fake vs Real Medicine,kaggle_fake_real\dataset\Real\images329.jpg,authentic,pid_00402,3,other,unclassified_needs_manual_review,221,228,JPEG,member_of_near_duplicate_cluster_size_3
kaggle_fake_real_medicine_8cb4cbdda1,Kaggle - Fake vs Real Medicine,kaggle_fake_real\dataset\Real\images33.jpg,authentic,pid_00269,24,blister,unclassified_needs_manual_review,225,225,JPEG,member_of_near_duplicate_cluster_size_24
kaggle_fake_real_medicine_69380164fc,Kaggle - Fake vs Real Medicine,kaggle_fake_real\dataset\Real\images330.jpg,authentic,pid_00303,2,other,unclassified_needs_manual_review,225,225,JPEG,member_of_near_duplicate_cluster_size_2
kaggle_fake_real_medicine_d6620e5f3d,Kaggle - Fake vs Real Medicine,kaggle_fake_real\dataset\Real\images331.jpg,authentic,pid_00671,1,other,unclassified_needs_manual_review,188,250,JPEG,
kaggle_fake_real_medicine_95e18e95c4,Kaggle - Fake vs Real Medicine,kaggle_fake_real\dataset\Real\images332.jpg,authentic,pid_00403,3,other,unclassified_needs_manual_review,275,183,JPEG,member_of_near_duplicate_cluster_size_3
kaggle_fake_real_medicine_983a5ad5ee,Kaggle - Fake vs Real Medicine,kaggle_fake_real\dataset\Real\images333.jpg,authentic,pid_00359,3,other,unclassified_needs_manual_review,209,241,JPEG,member_of_near_duplicate_cluster_size_3
kaggle_fake_real_medicine_a4a572b09a,Kaggle - Fake vs Real Medicine,kaggle_fake_real\dataset\Real\images334.jpg,authentic,pid_00672,1,other,unclassified_needs_manual_review,225,225,JPEG,
kaggle_fake_real_medicine_79e456adb5,Kaggle - Fake vs Real Medicine,kaggle_fake_real\dataset\Real\images335.jpg,authentic,pid_00247,12,other,unclassified_needs_manual_review,225,225,JPEG,member_of_near_duplicate_cluster_size_12
kaggle_fake_real_medicine_b7d27bf9c8,Kaggle - Fake vs Real Medicine,kaggle_fake_real\dataset\Real\images337.jpg,authentic,pid_00673,2,other,unclassified_needs_manual_review,259,194,JPEG,member_of_near_duplicate_cluster_size_2
kaggle_fake_real_medicine_a5db8402c3,Kaggle - Fake vs Real Medicine,kaggle_fake_real\dataset\Real\images338.jpg,authentic,pid_00101,6,other,unclassified_needs_manual_review,168,300,JPEG,member_of_near_duplicate_cluster_size_6
kaggle_fake_real_medicine_e820f60a77,Kaggle - Fake vs Real Medicine,kaggle_fake_real\dataset\Real\images341.jpg,authentic,pid_00674,1,other,unclassified_needs_manual_review,225,225,JPEG,
kaggle_fake_real_medicine_a430fcbb79,Kaggle - Fake vs Real Medicine,kaggle_fake_real\dataset\Real\images343.jpg,authentic,pid_00675,1,other,unclassified_needs_manual_review,225,225,JPEG,
kaggle_fake_real_medicine_01e4e1d6d6,Kaggle - Fake vs Real Medicine,kaggle_fake_real\dataset\Real\images344.jpg,authentic,pid_00676,1,other,unclassified_needs_manual_review,225,225,JPEG,
kaggle_fake_real_medicine_0b5fcdf5de,Kaggle - Fake vs Real Medicine,kaggle_fake_real\dataset\Real\images345.jpg,authentic,pid_00677,1,other,unclassified_needs_manual_review,226,223,JPEG,
kaggle_fake_real_medicine_d01124d05c,Kaggle - Fake vs Real Medicine,kaggle_fake_real\dataset\Real\images346.jpg,authentic,pid_00678,1,other,unclassified_needs_manual_review,225,225,JPEG,
kaggle_fake_real_medicine_98abc79a1f,Kaggle - Fake vs Real Medicine,kaggle_fake_real\dataset\Real\images35.jpg,authentic,pid_00073,25,other,unclassified_needs_manual_review,194,259,JPEG,member_of_near_duplicate_cluster_size_25
kaggle_fake_real_medicine_651e0f0a85,Kaggle - Fake vs Real Medicine,kaggle_fake_real\dataset\Real\images352.jpg,authentic,pid_00142,7,other,unclassified_needs_manual_review,245,206,JPEG,member_of_near_duplicate_cluster_size_7
kaggle_fake_real_medicine_0c82ad12c5,Kaggle - Fake vs Real Medicine,kaggle_fake_real\dataset\Real\images36.jpg,authentic,pid_00006,37,blister,unclassified_needs_manual_review,225,225,JPEG,member_of_near_duplicate_cluster_size_37
kaggle_fake_real_medicine_4760d382d1,Kaggle - Fake vs Real Medicine,kaggle_fake_real\dataset\Real\images37.jpg,authentic,pid_00074,55,other,unclassified_needs_manual_review,220,229,JPEG,member_of_near_duplicate_cluster_size_55
kaggle_fake_real_medicine_0ef14de6d2,Kaggle - Fake vs Real Medicine,kaggle_fake_real\dataset\Real\images38.jpg,authentic,pid_00039,35,other,unclassified_needs_manual_review,224,224,JPEG,member_of_near_duplicate_cluster_size_35
kaggle_fake_real_medicine_d1265ddcbd,Kaggle - Fake vs Real Medicine,kaggle_fake_real\dataset\Real\images39.jpg,authentic,pid_00397,3,other,unclassified_needs_manual_review,298,169,JPEG,member_of_near_duplicate_cluster_size_3
kaggle_fake_real_medicine_7a68815b9b,Kaggle - Fake vs Real Medicine,kaggle_fake_real\dataset\Real\images40.jpg,authentic,pid_00356,3,blister,unclassified_needs_manual_review,225,225,JPEG,member_of_near_duplicate_cluster_size_3
kaggle_fake_real_medicine_6d4f727882,Kaggle - Fake vs Real Medicine,kaggle_fake_real\dataset\Real\images4001.jpg,authentic,pid_00679,1,blister,unclassified_needs_manual_review,100,100,JPEG,
kaggle_fake_real_medicine_5322bc4ec3,Kaggle - Fake vs Real Medicine,kaggle_fake_real\dataset\Real\images4002.jpg,authentic,pid_00680,3,blister,unclassified_needs_manual_review,100,100,JPEG,member_of_near_duplicate_cluster_size_3
kaggle_fake_real_medicine_b98a85d09c,Kaggle - Fake vs Real Medicine,kaggle_fake_real\dataset\Real\images4003.jpg,authentic,pid_00097,19,blister,unclassified_needs_manual_review,100,100,JPEG,member_of_near_duplicate_cluster_size_19
kaggle_fake_real_medicine_f7458d4cd8,Kaggle - Fake vs Real Medicine,kaggle_fake_real\dataset\Real\images4004.jpg,authentic,pid_00012,23,other,unclassified_needs_manual_review,100,100,JPEG,member_of_near_duplicate_cluster_size_23
kaggle_fake_real_medicine_3845e77d89,Kaggle - Fake vs Real Medicine,kaggle_fake_real\dataset\Real\images4007.jpg,authentic,pid_00681,1,packaging,unclassified_needs_manual_review,100,100,JPEG,
kaggle_fake_real_medicine_247ecd4994,Kaggle - Fake vs Real Medicine,kaggle_fake_real\dataset\Real\images4008.jpg,authentic,pid_00682,2,blister,unclassified_needs_manual_review,100,100,JPEG,member_of_near_duplicate_cluster_size_2
kaggle_fake_real_medicine_e9f169b3d8,Kaggle - Fake vs Real Medicine,kaggle_fake_real\dataset\Real\images4009.jpg,authentic,pid_00683,2,blister,unclassified_needs_manual_review,100,100,JPEG,member_of_near_duplicate_cluster_size_2
kaggle_fake_real_medicine_b714580e6b,Kaggle - Fake vs Real Medicine,kaggle_fake_real\dataset\Real\images4010.jpg,authentic,pid_00684,1,blister,unclassified_needs_manual_review,100,100,JPEG,
kaggle_fake_real_medicine_ca5bc0dac8,Kaggle - Fake vs Real Medicine,kaggle_fake_real\dataset\Real\images4011.jpg,authentic,pid_00685,1,blister,unclassified_needs_manual_review,100,100,JPEG,
kaggle_fake_real_medicine_d437febf42,Kaggle - Fake vs Real Medicine,kaggle_fake_real\dataset\Real\images4012.jpg,authentic,pid_00686,1,other,unclassified_needs_manual_review,100,100,JPEG,
kaggle_fake_real_medicine_bb91f40451,Kaggle - Fake vs Real Medicine,kaggle_fake_real\dataset\Real\images4013.jpg,authentic,pid_00687,1,other,unclassified_needs_manual_review,100,100,JPEG,
kaggle_fake_real_medicine_fc393de9c2,Kaggle - Fake vs Real Medicine,kaggle_fake_real\dataset\Real\images4014.jpg,authentic,pid_00688,1,packaging,unclassified_needs_manual_review,100,100,JPEG,
kaggle_fake_real_medicine_6b9bb704af,Kaggle - Fake vs Real Medicine,kaggle_fake_real\dataset\Real\images4016.jpg,authentic,pid_00689,1,blister,unclassified_needs_manual_review,100,100,JPEG,
kaggle_fake_real_medicine_a9944ece10,Kaggle - Fake vs Real Medicine,kaggle_fake_real\dataset\Real\images4017.jpg,authentic,pid_00690,2,blister,unclassified_needs_manual_review,100,100,JPEG,member_of_near_duplicate_cluster_size_2
kaggle_fake_real_medicine_8adaecea99,Kaggle - Fake vs Real Medicine,kaggle_fake_real\dataset\Real\images4018.jpg,authentic,pid_00691,1,other,unclassified_needs_manual_review,100,100,JPEG,
kaggle_fake_real_medicine_c5bfaa546a,Kaggle - Fake vs Real Medicine,kaggle_fake_real\dataset\Real\images4019.jpg,authentic,pid_00692,1,blister,unclassified_needs_manual_review,100,100,JPEG,
kaggle_fake_real_medicine_e503454d41,Kaggle - Fake vs Real Medicine,kaggle_fake_real\dataset\Real\images4020.jpg,authentic,pid_00693,1,other,unclassified_needs_manual_review,100,100,JPEG,
kaggle_fake_real_medicine_4fcc86b614,Kaggle - Fake vs Real Medicine,kaggle_fake_real\dataset\Real\images4021.jpg,authentic,pid_00135,20,packaging,unclassified_needs_manual_review,100,100,JPEG,member_of_near_duplicate_cluster_size_20
kaggle_fake_real_medicine_debe5dc6f5,Kaggle - Fake vs Real Medicine,kaggle_fake_real\dataset\Real\images4022.jpg,authentic,pid_00694,1,packaging,unclassified_needs_manual_review,100,100,JPEG,
kaggle_fake_real_medicine_fd79efc55c,Kaggle - Fake vs Real Medicine,kaggle_fake_real\dataset\Real\images4023.jpg,authentic,pid_00695,1,blister,unclassified_needs_manual_review,100,100,JPEG,
kaggle_fake_real_medicine_0d6c0cec82,Kaggle - Fake vs Real Medicine,kaggle_fake_real\dataset\Real\images4026.jpg,authentic,pid_00680,3,blister,unclassified_needs_manual_review,225,225,JPEG,member_of_near_duplicate_cluster_size_3
kaggle_fake_real_medicine_e7219cbc9d,Kaggle - Fake vs Real Medicine,kaggle_fake_real\dataset\Real\images4027.jpg,authentic,pid_00696,1,blister,unclassified_needs_manual_review,205,246,JPEG,
kaggle_fake_real_medicine_b1e4bc1d13,Kaggle - Fake vs Real Medicine,kaggle_fake_real\dataset\Real\images4029.jpg,authentic,pid_00083,23,blister,unclassified_needs_manual_review,225,225,JPEG,member_of_near_duplicate_cluster_size_23
kaggle_fake_real_medicine_0e5c6674ac,Kaggle - Fake vs Real Medicine,kaggle_fake_real\dataset\Real\images4030.jpg,authentic,pid_00366,3,other,unclassified_needs_manual_review,225,225,JPEG,member_of_near_duplicate_cluster_size_3
kaggle_fake_real_medicine_6bda05ca54,Kaggle - Fake vs Real Medicine,kaggle_fake_real\dataset\Real\images4032.jpg,authentic,pid_00097,19,blister,unclassified_needs_manual_review,225,225,JPEG,member_of_near_duplicate_cluster_size_19
kaggle_fake_real_medicine_cd59615cfe,Kaggle - Fake vs Real Medicine,kaggle_fake_real\dataset\Real\images4034.jpg,authentic,pid_00683,2,blister,unclassified_needs_manual_review,225,225,JPEG,member_of_near_duplicate_cluster_size_2
kaggle_fake_real_medicine_34759d3aff,Kaggle - Fake vs Real Medicine,kaggle_fake_real\dataset\Real\images4037.jpg,authentic,pid_00697,1,blister,unclassified_needs_manual_review,225,225,JPEG,
kaggle_fake_real_medicine_bf7cc7e301,Kaggle - Fake vs Real Medicine,kaggle_fake_real\dataset\Real\images4041.jpg,authentic,pid_00698,1,other,unclassified_needs_manual_review,225,225,JPEG,
kaggle_fake_real_medicine_50d898328e,Kaggle - Fake vs Real Medicine,kaggle_fake_real\dataset\Real\images4042.jpg,authentic,pid_00092,40,other,unclassified_needs_manual_review,225,225,JPEG,member_of_near_duplicate_cluster_size_40
kaggle_fake_real_medicine_627585c336,Kaggle - Fake vs Real Medicine,kaggle_fake_real\dataset\Real\images4045.jpg,authentic,pid_00699,2,other,unclassified_needs_manual_review,225,225,JPEG,member_of_near_duplicate_cluster_size_2
kaggle_fake_real_medicine_36670914db,Kaggle - Fake vs Real Medicine,kaggle_fake_real\dataset\Real\images4047.jpg,authentic,pid_00110,25,other,unclassified_needs_manual_review,225,225,JPEG,member_of_near_duplicate_cluster_size_25
kaggle_fake_real_medicine_ef4bd64707,Kaggle - Fake vs Real Medicine,kaggle_fake_real\dataset\Real\images4049.jpg,authentic,pid_00012,23,other,unclassified_needs_manual_review,100,100,JPEG,member_of_near_duplicate_cluster_size_23
kaggle_fake_real_medicine_1df50870ca,Kaggle - Fake vs Real Medicine,kaggle_fake_real\dataset\Real\images4050.jpg,authentic,pid_00700,1,blister,unclassified_needs_manual_review,100,100,JPEG,
kaggle_fake_real_medicine_3db3ffd711,Kaggle - Fake vs Real Medicine,kaggle_fake_real\dataset\Real\images4051.jpg,authentic,pid_00701,1,blister,unclassified_needs_manual_review,100,100,JPEG,
kaggle_fake_real_medicine_28623dc5d3,Kaggle - Fake vs Real Medicine,kaggle_fake_real\dataset\Real\images4055.jpg,authentic,pid_00702,1,other,unclassified_needs_manual_review,281,180,JPEG,
kaggle_fake_real_medicine_f0d335f51a,Kaggle - Fake vs Real Medicine,kaggle_fake_real\dataset\Real\images4056.jpg,authentic,pid_00703,1,blister,unclassified_needs_manual_review,223,226,JPEG,
kaggle_fake_real_medicine_188e0dcabe,Kaggle - Fake vs Real Medicine,kaggle_fake_real\dataset\Real\images4059.jpg,authentic,pid_00092,40,blister,unclassified_needs_manual_review,205,246,JPEG,member_of_near_duplicate_cluster_size_40
kaggle_fake_real_medicine_8b91640ed8,Kaggle - Fake vs Real Medicine,kaggle_fake_real\dataset\Real\images4061.jpg,authentic,pid_00097,19,blister,unclassified_needs_manual_review,225,225,JPEG,member_of_near_duplicate_cluster_size_19
kaggle_fake_real_medicine_960b0a0e1f,Kaggle - Fake vs Real Medicine,kaggle_fake_real\dataset\Real\images4062.jpg,authentic,pid_00388,3,blister,unclassified_needs_manual_review,225,225,JPEG,member_of_near_duplicate_cluster_size_3
kaggle_fake_real_medicine_d9868033be,Kaggle - Fake vs Real Medicine,kaggle_fake_real\dataset\Real\images4064.jpg,authentic,pid_00026,19,other,unclassified_needs_manual_review,225,225,JPEG,member_of_near_duplicate_cluster_size_19
kaggle_fake_real_medicine_cd5e5e7124,Kaggle - Fake vs Real Medicine,kaggle_fake_real\dataset\Real\images4065.jpg,authentic,pid_00230,19,packaging,unclassified_needs_manual_review,225,225,JPEG,member_of_near_duplicate_cluster_size_19
kaggle_fake_real_medicine_b02526af81,Kaggle - Fake vs Real Medicine,kaggle_fake_real\dataset\Real\images4069.jpg,authentic,pid_00275,10,blister,unclassified_needs_manual_review,225,225,JPEG,member_of_near_duplicate_cluster_size_10
kaggle_fake_real_medicine_92bbb36447,Kaggle - Fake vs Real Medicine,kaggle_fake_real\dataset\Real\images4070.jpg,authentic,pid_00361,3,blister,unclassified_needs_manual_review,225,225,JPEG,member_of_near_duplicate_cluster_size_3
kaggle_fake_real_medicine_b7dabf39ff,Kaggle - Fake vs Real Medicine,kaggle_fake_real\dataset\Real\images4072.jpg,authentic,pid_00704,1,other,unclassified_needs_manual_review,225,225,JPEG,
kaggle_fake_real_medicine_28eb803e0f,Kaggle - Fake vs Real Medicine,kaggle_fake_real\dataset\Real\images4073.jpg,authentic,pid_00362,3,other,unclassified_needs_manual_review,259,195,JPEG,member_of_near_duplicate_cluster_size_3
kaggle_fake_real_medicine_51e4cdba65,Kaggle - Fake vs Real Medicine,kaggle_fake_real\dataset\Real\images4075.jpg,authentic,pid_00129,29,other,unclassified_needs_manual_review,225,225,JPEG,member_of_near_duplicate_cluster_size_29
kaggle_fake_real_medicine_fc15974a00,Kaggle - Fake vs Real Medicine,kaggle_fake_real\dataset\Real\images4076.jpg,authentic,pid_00705,1,blister,unclassified_needs_manual_review,100,100,JPEG,
kaggle_fake_real_medicine_c7404298d4,Kaggle - Fake vs Real Medicine,kaggle_fake_real\dataset\Real\images4077.jpg,authentic,pid_00104,20,blister,unclassified_needs_manual_review,100,100,JPEG,member_of_near_duplicate_cluster_size_20
kaggle_fake_real_medicine_d850d8b22d,Kaggle - Fake vs Real Medicine,kaggle_fake_real\dataset\Real\images4078.jpg,authentic,pid_00699,2,other,unclassified_needs_manual_review,100,100,JPEG,member_of_near_duplicate_cluster_size_2
kaggle_fake_real_medicine_67b01e63ae,Kaggle - Fake vs Real Medicine,kaggle_fake_real\dataset\Real\images4079.jpg,authentic,pid_00103,13,blister,unclassified_needs_manual_review,225,225,JPEG,member_of_near_duplicate_cluster_size_13
kaggle_fake_real_medicine_3d60fe1980,Kaggle - Fake vs Real Medicine,kaggle_fake_real\dataset\Real\images4084.jpg,authentic,pid_00706,1,blister,unclassified_needs_manual_review,183,275,JPEG,
kaggle_fake_real_medicine_7e0914619a,Kaggle - Fake vs Real Medicine,kaggle_fake_real\dataset\Real\images4086.jpg,authentic,pid_00394,3,other,unclassified_needs_manual_review,225,225,JPEG,member_of_near_duplicate_cluster_size_3
kaggle_fake_real_medicine_6b129e49a0,Kaggle - Fake vs Real Medicine,kaggle_fake_real\dataset\Real\images4087.jpg,authentic,pid_00135,20,packaging,unclassified_needs_manual_review,225,225,JPEG,member_of_near_duplicate_cluster_size_20
kaggle_fake_real_medicine_db083d21fd,Kaggle - Fake vs Real Medicine,kaggle_fake_real\dataset\Real\images4091.jpg,authentic,pid_00383,3,blister,unclassified_needs_manual_review,223,226,JPEG,member_of_near_duplicate_cluster_size_3
kaggle_fake_real_medicine_1c2176cbfd,Kaggle - Fake vs Real Medicine,kaggle_fake_real\dataset\Real\images4094.jpg,authentic,pid_00025,19,packaging,unclassified_needs_manual_review,248,203,JPEG,member_of_near_duplicate_cluster_size_19
kaggle_fake_real_medicine_fb273df5b9,Kaggle - Fake vs Real Medicine,kaggle_fake_real\dataset\Real\images4096.jpg,authentic,pid_00409,3,other,unclassified_needs_manual_review,225,225,JPEG,member_of_near_duplicate_cluster_size_3
kaggle_fake_real_medicine_077563b376,Kaggle - Fake vs Real Medicine,kaggle_fake_real\dataset\Real\images4097.jpg,authentic,pid_00707,1,packaging,unclassified_needs_manual_review,237,213,JPEG,
kaggle_fake_real_medicine_9bcfb18427,Kaggle - Fake vs Real Medicine,kaggle_fake_real\dataset\Real\images4098.jpg,authentic,pid_00367,3,packaging,unclassified_needs_manual_review,225,225,JPEG,member_of_near_duplicate_cluster_size_3
kaggle_fake_real_medicine_71d5cc700b,Kaggle - Fake vs Real Medicine,kaggle_fake_real\dataset\Real\images4099.jpg,authentic,pid_00708,1,blister,unclassified_needs_manual_review,205,246,JPEG,
kaggle_fake_real_medicine_d04b0fc4a5,Kaggle - Fake vs Real Medicine,kaggle_fake_real\dataset\Real\images41.jpg,authentic,pid_00648,4,other,unclassified_needs_manual_review,194,259,JPEG,member_of_near_duplicate_cluster_size_4
kaggle_fake_real_medicine_e390352f04,Kaggle - Fake vs Real Medicine,kaggle_fake_real\dataset\Real\images4101.jpg,authentic,pid_00263,14,packaging,unclassified_needs_manual_review,225,225,JPEG,member_of_near_duplicate_cluster_size_14
kaggle_fake_real_medicine_d491fa0f15,Kaggle - Fake vs Real Medicine,kaggle_fake_real\dataset\Real\images4102.jpg,authentic,pid_00709,1,blister,unclassified_needs_manual_review,225,225,JPEG,
kaggle_fake_real_medicine_85674a9efd,Kaggle - Fake vs Real Medicine,kaggle_fake_real\dataset\Real\images4103.jpg,authentic,pid_00010,56,blister,unclassified_needs_manual_review,100,100,JPEG,member_of_near_duplicate_cluster_size_56
kaggle_fake_real_medicine_7df3596d02,Kaggle - Fake vs Real Medicine,kaggle_fake_real\dataset\Real\images4105.jpg,authentic,pid_00001,22,blister,unclassified_needs_manual_review,225,225,JPEG,member_of_near_duplicate_cluster_size_22
kaggle_fake_real_medicine_a5b0f12046,Kaggle - Fake vs Real Medicine,kaggle_fake_real\dataset\Real\images4106.jpg,authentic,pid_00710,1,blister,unclassified_needs_manual_review,225,225,JPEG,
kaggle_fake_real_medicine_9f1c62d7f7,Kaggle - Fake vs Real Medicine,kaggle_fake_real\dataset\Real\images4107.jpg,authentic,pid_00098,13,other,unclassified_needs_manual_review,294,172,JPEG,member_of_near_duplicate_cluster_size_13
kaggle_fake_real_medicine_fb6eba5f37,Kaggle - Fake vs Real Medicine,kaggle_fake_real\dataset\Real\images4108.jpg,authentic,pid_00711,1,blister,unclassified_needs_manual_review,225,225,JPEG,
kaggle_fake_real_medicine_713faf6038,Kaggle - Fake vs Real Medicine,kaggle_fake_real\dataset\Real\images4109.jpg,authentic,pid_00407,3,other,unclassified_needs_manual_review,225,225,JPEG,member_of_near_duplicate_cluster_size_3
kaggle_fake_real_medicine_6ea9d947e6,Kaggle - Fake vs Real Medicine,kaggle_fake_real\dataset\Real\images4111.jpg,authentic,pid_00370,3,packaging,unclassified_needs_manual_review,252,200,JPEG,member_of_near_duplicate_cluster_size_3
kaggle_fake_real_medicine_50281df9ba,Kaggle - Fake vs Real Medicine,kaggle_fake_real\dataset\Real\images4112.jpg,authentic,pid_00712,1,other,unclassified_needs_manual_review,223,226,JPEG,
kaggle_fake_real_medicine_7f2e2f16ab,Kaggle - Fake vs Real Medicine,kaggle_fake_real\dataset\Real\images4113.jpg,authentic,pid_00713,1,blister,unclassified_needs_manual_review,225,225,JPEG,
kaggle_fake_real_medicine_ed97c2b4a0,Kaggle - Fake vs Real Medicine,kaggle_fake_real\dataset\Real\images4114.jpg,authentic,pid_00714,1,blister,unclassified_needs_manual_review,225,225,JPEG,
kaggle_fake_real_medicine_95182d0829,Kaggle - Fake vs Real Medicine,kaggle_fake_real\dataset\Real\images4115.jpg,authentic,pid_00715,1,blister,unclassified_needs_manual_review,168,300,JPEG,
kaggle_fake_real_medicine_b083b75233,Kaggle - Fake vs Real Medicine,kaggle_fake_real\dataset\Real\images4116.jpg,authentic,pid_00045,12,packaging,unclassified_needs_manual_review,225,225,JPEG,member_of_near_duplicate_cluster_size_12
kaggle_fake_real_medicine_f183243f66,Kaggle - Fake vs Real Medicine,kaggle_fake_real\dataset\Real\images4117.jpg,authentic,pid_00716,1,other,unclassified_needs_manual_review,275,183,JPEG,
kaggle_fake_real_medicine_64892427cd,Kaggle - Fake vs Real Medicine,kaggle_fake_real\dataset\Real\images4118.jpg,authentic,pid_00717,1,blister,unclassified_needs_manual_review,225,225,JPEG,
kaggle_fake_real_medicine_8b88b9e618,Kaggle - Fake vs Real Medicine,kaggle_fake_real\dataset\Real\images4119.jpg,authentic,pid_00412,3,packaging,unclassified_needs_manual_review,225,225,JPEG,member_of_near_duplicate_cluster_size_3
kaggle_fake_real_medicine_97b7ba7093,Kaggle - Fake vs Real Medicine,kaggle_fake_real\dataset\Real\images4120.jpg,authentic,pid_00261,19,packaging,unclassified_needs_manual_review,223,226,JPEG,member_of_near_duplicate_cluster_size_19
kaggle_fake_real_medicine_70c0c79496,Kaggle - Fake vs Real Medicine,kaggle_fake_real\dataset\Real\images4121.jpg,authentic,pid_00084,21,packaging,unclassified_needs_manual_review,225,225,JPEG,member_of_near_duplicate_cluster_size_21
kaggle_fake_real_medicine_6985b98bf9,Kaggle - Fake vs Real Medicine,kaggle_fake_real\dataset\Real\images4123.jpg,authentic,pid_00718,1,blister,unclassified_needs_manual_review,243,207,JPEG,
kaggle_fake_real_medicine_4a4c49b22a,Kaggle - Fake vs Real Medicine,kaggle_fake_real\dataset\Real\images42.jpg,authentic,pid_00195,21,blister,unclassified_needs_manual_review,225,225,JPEG,member_of_near_duplicate_cluster_size_21
kaggle_fake_real_medicine_578b78be70,Kaggle - Fake vs Real Medicine,kaggle_fake_real\dataset\Real\images43.jpg,authentic,pid_00068,36,blister,unclassified_needs_manual_review,225,225,JPEG,member_of_near_duplicate_cluster_size_36
kaggle_fake_real_medicine_f73305e65f,Kaggle - Fake vs Real Medicine,kaggle_fake_real\dataset\Real\images44.jpg,authentic,pid_00131,33,blister,unclassified_needs_manual_review,225,225,JPEG,member_of_near_duplicate_cluster_size_33
kaggle_fake_real_medicine_87a04fc40a,Kaggle - Fake vs Real Medicine,kaggle_fake_real\dataset\Real\images46.jpg,authentic,pid_00210,17,blister,unclassified_needs_manual_review,208,242,JPEG,member_of_near_duplicate_cluster_size_17
kaggle_fake_real_medicine_d19535b707,Kaggle - Fake vs Real Medicine,kaggle_fake_real\dataset\Real\images49.jpg,authentic,pid_00719,1,other,unclassified_needs_manual_review,223,226,JPEG,
kaggle_fake_real_medicine_a58ecabd64,Kaggle - Fake vs Real Medicine,kaggle_fake_real\dataset\Real\images5004.jpg,authentic,pid_00720,1,blister,unclassified_needs_manual_review,100,100,JPEG,
kaggle_fake_real_medicine_723e06f544,Kaggle - Fake vs Real Medicine,kaggle_fake_real\dataset\Real\images5005.jpg,authentic,pid_00721,2,other,unclassified_needs_manual_review,100,100,JPEG,member_of_near_duplicate_cluster_size_2
kaggle_fake_real_medicine_14a03230bc,Kaggle - Fake vs Real Medicine,kaggle_fake_real\dataset\Real\images5010.jpg,authentic,pid_00722,2,other,unclassified_needs_manual_review,100,100,JPEG,member_of_near_duplicate_cluster_size_2
kaggle_fake_real_medicine_7fc16503ca,Kaggle - Fake vs Real Medicine,kaggle_fake_real\dataset\Real\images5011.jpg,authentic,pid_00723,2,packaging,unclassified_needs_manual_review,100,100,JPEG,member_of_near_duplicate_cluster_size_2
kaggle_fake_real_medicine_c6ba8a80c3,Kaggle - Fake vs Real Medicine,kaggle_fake_real\dataset\Real\images5013.jpg,authentic,pid_00724,1,other,unclassified_needs_manual_review,100,100,JPEG,
kaggle_fake_real_medicine_f6acf6a716,Kaggle - Fake vs Real Medicine,kaggle_fake_real\dataset\Real\images5014.jpg,authentic,pid_00125,19,packaging,unclassified_needs_manual_review,100,100,JPEG,member_of_near_duplicate_cluster_size_19
kaggle_fake_real_medicine_37dd21b625,Kaggle - Fake vs Real Medicine,kaggle_fake_real\dataset\Real\images5015.jpg,authentic,pid_00722,2,other,unclassified_needs_manual_review,100,100,JPEG,member_of_near_duplicate_cluster_size_2
kaggle_fake_real_medicine_634b90547f,Kaggle - Fake vs Real Medicine,kaggle_fake_real\dataset\Real\images5017.jpg,authentic,pid_00725,1,blister,unclassified_needs_manual_review,100,100,JPEG,
kaggle_fake_real_medicine_f54ad28d36,Kaggle - Fake vs Real Medicine,kaggle_fake_real\dataset\Real\images5018.jpg,authentic,pid_00726,1,blister,unclassified_needs_manual_review,100,100,JPEG,
kaggle_fake_real_medicine_03758866d1,Kaggle - Fake vs Real Medicine,kaggle_fake_real\dataset\Real\images5019.jpg,authentic,pid_00727,1,blister,unclassified_needs_manual_review,100,100,JPEG,
kaggle_fake_real_medicine_a92fedd746,Kaggle - Fake vs Real Medicine,kaggle_fake_real\dataset\Real\images5020.jpg,authentic,pid_00096,34,packaging,unclassified_needs_manual_review,100,100,JPEG,member_of_near_duplicate_cluster_size_34
kaggle_fake_real_medicine_3889901ff7,Kaggle - Fake vs Real Medicine,kaggle_fake_real\dataset\Real\images5029.jpg,authentic,pid_00728,1,blister,unclassified_needs_manual_review,225,225,JPEG,
kaggle_fake_real_medicine_c9ccae27b6,Kaggle - Fake vs Real Medicine,kaggle_fake_real\dataset\Real\images5038.jpg,authentic,pid_00395,3,blister,unclassified_needs_manual_review,205,246,JPEG,member_of_near_duplicate_cluster_size_3
kaggle_fake_real_medicine_064eef0a38,Kaggle - Fake vs Real Medicine,kaggle_fake_real\dataset\Real\images5041.jpg,authentic,pid_00011,14,blister,unclassified_needs_manual_review,225,225,JPEG,member_of_near_duplicate_cluster_size_14
kaggle_fake_real_medicine_4e1528088f,Kaggle - Fake vs Real Medicine,kaggle_fake_real\dataset\Real\images5044.jpg,authentic,pid_00014,19,blister,unclassified_needs_manual_review,225,225,JPEG,member_of_near_duplicate_cluster_size_19
kaggle_fake_real_medicine_41d91fd70e,Kaggle - Fake vs Real Medicine,kaggle_fake_real\dataset\Real\images5047.jpg,authentic,pid_00413,4,blister,unclassified_needs_manual_review,100,100,JPEG,member_of_near_duplicate_cluster_size_4
kaggle_fake_real_medicine_08629202de,Kaggle - Fake vs Real Medicine,kaggle_fake_real\dataset\Real\images5049.jpg,authentic,pid_00729,1,blister,unclassified_needs_manual_review,100,100,JPEG,
kaggle_fake_real_medicine_52a8894c41,Kaggle - Fake vs Real Medicine,kaggle_fake_real\dataset\Real\images5050.jpg,authentic,pid_00730,1,blister,unclassified_needs_manual_review,259,194,JPEG,
kaggle_fake_real_medicine_dd92c2e4a5,Kaggle - Fake vs Real Medicine,kaggle_fake_real\dataset\Real\images5051.jpg,authentic,pid_00036,18,packaging,unclassified_needs_manual_review,225,225,JPEG,member_of_near_duplicate_cluster_size_18
kaggle_fake_real_medicine_5f48d16d3e,Kaggle - Fake vs Real Medicine,kaggle_fake_real\dataset\Real\images5052.jpg,authentic,pid_00037,19,blister,unclassified_needs_manual_review,241,209,JPEG,member_of_near_duplicate_cluster_size_19
kaggle_fake_real_medicine_498236eef1,Kaggle - Fake vs Real Medicine,kaggle_fake_real\dataset\Real\images5054.jpg,authentic,pid_00372,3,packaging,unclassified_needs_manual_review,225,225,JPEG,member_of_near_duplicate_cluster_size_3
kaggle_fake_real_medicine_c6b95f95ba,Kaggle - Fake vs Real Medicine,kaggle_fake_real\dataset\Real\images5055.jpg,authentic,pid_00381,3,packaging,unclassified_needs_manual_review,245,206,JPEG,member_of_near_duplicate_cluster_size_3
kaggle_fake_real_medicine_0da2fb4dcb,Kaggle - Fake vs Real Medicine,kaggle_fake_real\dataset\Real\images5057.jpg,authentic,pid_00731,1,other,unclassified_needs_manual_review,281,180,JPEG,
kaggle_fake_real_medicine_e62479c215,Kaggle - Fake vs Real Medicine,kaggle_fake_real\dataset\Real\images5059.jpg,authentic,pid_00121,19,packaging,unclassified_needs_manual_review,223,226,JPEG,member_of_near_duplicate_cluster_size_19
kaggle_fake_real_medicine_9634cbbb20,Kaggle - Fake vs Real Medicine,kaggle_fake_real\dataset\Real\images5060.jpg,authentic,pid_00155,7,blister,unclassified_needs_manual_review,225,225,JPEG,member_of_near_duplicate_cluster_size_7
kaggle_fake_real_medicine_145d2c296f,Kaggle - Fake vs Real Medicine,kaggle_fake_real\dataset\Real\images5061.jpg,authentic,pid_00088,35,packaging,unclassified_needs_manual_review,225,225,JPEG,member_of_near_duplicate_cluster_size_35
kaggle_fake_real_medicine_723bdb51d5,Kaggle - Fake vs Real Medicine,kaggle_fake_real\dataset\Real\images5062.jpg,authentic,pid_00091,20,packaging,unclassified_needs_manual_review,225,225,JPEG,member_of_near_duplicate_cluster_size_20
kaggle_fake_real_medicine_931d335b95,Kaggle - Fake vs Real Medicine,kaggle_fake_real\dataset\Real\images5063.jpg,authentic,pid_00285,14,packaging,unclassified_needs_manual_review,225,225,JPEG,member_of_near_duplicate_cluster_size_14
kaggle_fake_real_medicine_6dc1adea82,Kaggle - Fake vs Real Medicine,kaggle_fake_real\dataset\Real\images5068.jpg,authentic,pid_00390,3,packaging,unclassified_needs_manual_review,281,180,JPEG,member_of_near_duplicate_cluster_size_3
kaggle_fake_real_medicine_0f1da8661b,Kaggle - Fake vs Real Medicine,kaggle_fake_real\dataset\Real\images5070.jpg,authentic,pid_00416,4,blister,unclassified_needs_manual_review,225,225,JPEG,member_of_near_duplicate_cluster_size_4
kaggle_fake_real_medicine_260aa8b769,Kaggle - Fake vs Real Medicine,kaggle_fake_real\dataset\Real\images5071.jpg,authentic,pid_00174,20,blister,unclassified_needs_manual_review,225,225,JPEG,member_of_near_duplicate_cluster_size_20
kaggle_fake_real_medicine_a20ef0b473,Kaggle - Fake vs Real Medicine,kaggle_fake_real\dataset\Real\images5072.jpg,authentic,pid_00411,3,blister,unclassified_needs_manual_review,225,225,JPEG,member_of_near_duplicate_cluster_size_3
kaggle_fake_real_medicine_87f5f98f0c,Kaggle - Fake vs Real Medicine,kaggle_fake_real\dataset\Real\images5073.jpg,authentic,pid_00396,4,blister,unclassified_needs_manual_review,222,227,JPEG,member_of_near_duplicate_cluster_size_4
kaggle_fake_real_medicine_567fc3ef14,Kaggle - Fake vs Real Medicine,kaggle_fake_real\dataset\Real\images5074.jpg,authentic,pid_00732,1,blister,unclassified_needs_manual_review,100,100,JPEG,
kaggle_fake_real_medicine_90afd1731c,Kaggle - Fake vs Real Medicine,kaggle_fake_real\dataset\Real\images5077.jpg,authentic,pid_00733,1,other,unclassified_needs_manual_review,225,225,JPEG,
kaggle_fake_real_medicine_d0816cba6c,Kaggle - Fake vs Real Medicine,kaggle_fake_real\dataset\Real\images5078.jpg,authentic,pid_00734,1,other,unclassified_needs_manual_review,225,225,JPEG,
kaggle_fake_real_medicine_6782864159,Kaggle - Fake vs Real Medicine,kaggle_fake_real\dataset\Real\images5081.jpg,authentic,pid_00379,3,other,unclassified_needs_manual_review,259,194,JPEG,member_of_near_duplicate_cluster_size_3
kaggle_fake_real_medicine_c883f02b57,Kaggle - Fake vs Real Medicine,kaggle_fake_real\dataset\Real\images5082.jpg,authentic,pid_00735,1,other,unclassified_needs_manual_review,223,226,JPEG,
kaggle_fake_real_medicine_8d5b23aaf2,Kaggle - Fake vs Real Medicine,kaggle_fake_real\dataset\Real\images5084.jpg,authentic,pid_00736,1,blister,unclassified_needs_manual_review,225,225,JPEG,
kaggle_fake_real_medicine_7f88abef70,Kaggle - Fake vs Real Medicine,kaggle_fake_real\dataset\Real\images5086.jpg,authentic,pid_00382,3,packaging,unclassified_needs_manual_review,225,225,JPEG,member_of_near_duplicate_cluster_size_3
kaggle_fake_real_medicine_32d9964ea4,Kaggle - Fake vs Real Medicine,kaggle_fake_real\dataset\Real\images5087.jpg,authentic,pid_00181,18,packaging,unclassified_needs_manual_review,223,226,JPEG,member_of_near_duplicate_cluster_size_18
kaggle_fake_real_medicine_274547355e,Kaggle - Fake vs Real Medicine,kaggle_fake_real\dataset\Real\images5089.jpg,authentic,pid_00375,3,packaging,unclassified_needs_manual_review,225,225,JPEG,member_of_near_duplicate_cluster_size_3
kaggle_fake_real_medicine_8ba1bbcf93,Kaggle - Fake vs Real Medicine,kaggle_fake_real\dataset\Real\images5091.jpg,authentic,pid_00737,1,blister,unclassified_needs_manual_review,300,168,JPEG,
kaggle_fake_real_medicine_9c1aa55ecd,Kaggle - Fake vs Real Medicine,kaggle_fake_real\dataset\Real\images5092.jpg,authentic,pid_00404,3,blister,unclassified_needs_manual_review,225,225,JPEG,member_of_near_duplicate_cluster_size_3
kaggle_fake_real_medicine_5c6752c37c,Kaggle - Fake vs Real Medicine,kaggle_fake_real\dataset\Real\images5093.jpg,authentic,pid_00738,1,other,unclassified_needs_manual_review,223,226,JPEG,
kaggle_fake_real_medicine_fd0f521efb,Kaggle - Fake vs Real Medicine,kaggle_fake_real\dataset\Real\images5094.jpg,authentic,pid_00380,3,blister,unclassified_needs_manual_review,225,225,JPEG,member_of_near_duplicate_cluster_size_3
kaggle_fake_real_medicine_85c7cfa357,Kaggle - Fake vs Real Medicine,kaggle_fake_real\dataset\Real\images5099.jpg,authentic,pid_00177,6,packaging,unclassified_needs_manual_review,237,213,JPEG,member_of_near_duplicate_cluster_size_6
kaggle_fake_real_medicine_eb8ba6c808,Kaggle - Fake vs Real Medicine,kaggle_fake_real\dataset\Real\images5100.jpg,authentic,pid_00214,17,blister,unclassified_needs_manual_review,100,100,JPEG,member_of_near_duplicate_cluster_size_17
kaggle_fake_real_medicine_af8a40e59f,Kaggle - Fake vs Real Medicine,kaggle_fake_real\dataset\Real\images5102.jpg,authentic,pid_00739,1,blister,unclassified_needs_manual_review,100,100,JPEG,
kaggle_fake_real_medicine_f88e912cf7,Kaggle - Fake vs Real Medicine,kaggle_fake_real\dataset\Real\images5103.jpg,authentic,pid_00077,19,other,unclassified_needs_manual_review,225,225,JPEG,member_of_near_duplicate_cluster_size_19
kaggle_fake_real_medicine_a802339ac8,Kaggle - Fake vs Real Medicine,kaggle_fake_real\dataset\Real\images5104.jpg,authentic,pid_00133,15,blister,unclassified_needs_manual_review,225,225,JPEG,member_of_near_duplicate_cluster_size_15
kaggle_fake_real_medicine_6a91088f08,Kaggle - Fake vs Real Medicine,kaggle_fake_real\dataset\Real\images5106.jpg,authentic,pid_00115,19,blister,unclassified_needs_manual_review,225,225,JPEG,member_of_near_duplicate_cluster_size_19
kaggle_fake_real_medicine_1a4671782c,Kaggle - Fake vs Real Medicine,kaggle_fake_real\dataset\Real\images5107.jpg,authentic,pid_00085,17,packaging,unclassified_needs_manual_review,225,225,JPEG,member_of_near_duplicate_cluster_size_17
kaggle_fake_real_medicine_bc430dd8f0,Kaggle - Fake vs Real Medicine,kaggle_fake_real\dataset\Real\images5108.jpg,authentic,pid_00378,3,packaging,unclassified_needs_manual_review,225,224,JPEG,member_of_near_duplicate_cluster_size_3
kaggle_fake_real_medicine_e33cdd1fc3,Kaggle - Fake vs Real Medicine,kaggle_fake_real\dataset\Real\images5109.jpg,authentic,pid_00399,3,blister,unclassified_needs_manual_review,167,302,JPEG,member_of_near_duplicate_cluster_size_3
kaggle_fake_real_medicine_970808fae3,Kaggle - Fake vs Real Medicine,kaggle_fake_real\dataset\Real\images5110.jpg,authentic,pid_00271,7,packaging,unclassified_needs_manual_review,225,225,JPEG,member_of_near_duplicate_cluster_size_7
kaggle_fake_real_medicine_95ff935025,Kaggle - Fake vs Real Medicine,kaggle_fake_real\dataset\Real\images5111.jpg,authentic,pid_00088,35,packaging,unclassified_needs_manual_review,225,225,JPEG,member_of_near_duplicate_cluster_size_35
kaggle_fake_real_medicine_378059a366,Kaggle - Fake vs Real Medicine,kaggle_fake_real\dataset\Real\images5113.jpg,authentic,pid_00740,1,blister,unclassified_needs_manual_review,205,246,JPEG,
kaggle_fake_real_medicine_6e3f150413,Kaggle - Fake vs Real Medicine,kaggle_fake_real\dataset\Real\images5116.jpg,authentic,pid_00165,10,blister,unclassified_needs_manual_review,221,228,JPEG,member_of_near_duplicate_cluster_size_10
kaggle_fake_real_medicine_293391e3c5,Kaggle - Fake vs Real Medicine,kaggle_fake_real\dataset\Real\images5119.jpg,authentic,pid_00741,1,blister,unclassified_needs_manual_review,300,168,JPEG,
kaggle_fake_real_medicine_e9a3909e2a,Kaggle - Fake vs Real Medicine,kaggle_fake_real\dataset\Real\images5120.jpg,authentic,pid_00384,3,packaging,unclassified_needs_manual_review,224,224,JPEG,member_of_near_duplicate_cluster_size_3
kaggle_fake_real_medicine_e8624b6733,Kaggle - Fake vs Real Medicine,kaggle_fake_real\dataset\Real\images5121.jpg,authentic,pid_00742,1,blister,unclassified_needs_manual_review,225,225,JPEG,
kaggle_fake_real_medicine_634456e7d6,Kaggle - Fake vs Real Medicine,kaggle_fake_real\dataset\Real\images5125.jpg,authentic,pid_00396,4,blister,unclassified_needs_manual_review,100,100,JPEG,member_of_near_duplicate_cluster_size_4
kaggle_fake_real_medicine_a9d0136474,Kaggle - Fake vs Real Medicine,kaggle_fake_real\dataset\Real\images5126.jpg,authentic,pid_00229,10,blister,unclassified_needs_manual_review,223,226,JPEG,member_of_near_duplicate_cluster_size_10
kaggle_fake_real_medicine_0222936a5e,Kaggle - Fake vs Real Medicine,kaggle_fake_real\dataset\Real\images5127.jpg,authentic,pid_00162,7,blister,unclassified_needs_manual_review,187,270,JPEG,member_of_near_duplicate_cluster_size_7
