candidate_id,source_organization,alert_title,alert_url,image_url,status,filter,bytes,sha256,format,width,height,min_side,stored_relpath,n_alert_pages,nearest_pool_match,min_hamming_to_pool,image_license,redistribution_status
HV_000134,WHO,10-10-2024-medical-product-alert-n-4-2024--falsified-usp-ep-propylene-glycol,https://www.who.int/news/item/10-10-2024-medical-product-alert-n-4-2024--falsified-usp-ep-propylene-glycol,https://cdn.who.int/media/docs/default-source/health-products-policy-and-standards/qas23_921_gmp_for_excipients_pharmaceutical_products_public-consultation.pdf?sfvrsn=c9ef88da_3,dropped,F0_PDF_NO_RASTER,0,,,,,,,2,,,unknown_permission_required,metadata_only_permission_required
HV_000135_x60,WHO,10-10-2024-medical-product-alert-n-4-2024--falsified-usp-ep-propylene-glycol,https://www.who.int/news/item/10-10-2024-medical-product-alert-n-4-2024--falsified-usp-ep-propylene-glycol,https://cdn.who.int/media/docs/default-source/medicines/pharmacopoeia/2023-11-16-deg-eg-inliquidoraldosageforms-qas22-922rev3.pdf?sfvrsn=284f645d_1,kept,,1101606,9f0c8f8bdb3a6572ef45f9777fedb3b7766803c069f17e9b36aa3f823460ae1a,PNG,1021,574,574,split_e_harvested/HV_000135_x60.png,2,mendeley_iphone11pro/iphone_11_pro_(167).JPG,18,unknown_permission_required,metadata_only_permission_required
HV_000135_x62,WHO,10-10-2024-medical-product-alert-n-4-2024--falsified-usp-ep-propylene-glycol,https://www.who.int/news/item/10-10-2024-medical-product-alert-n-4-2024--falsified-usp-ep-propylene-glycol,https://cdn.who.int/media/docs/default-source/medicines/pharmacopoeia/2023-11-16-deg-eg-inliquidoraldosageforms-qas22-922rev3.pdf?sfvrsn=284f645d_1,kept,,1087208,0d15f6b336129c2541b329cb6003f811a211039be42d5fd50f1b1a74da8eef62,PNG,1021,574,574,split_e_harvested/HV_000135_x62.png,2,kaggle_fake_real/dataset/Real/images209.jpg,18,unknown_permission_required,metadata_only_permission_required
HV_000135_x63,WHO,10-10-2024-medical-product-alert-n-4-2024--falsified-usp-ep-propylene-glycol,https://www.who.int/news/item/10-10-2024-medical-product-alert-n-4-2024--falsified-usp-ep-propylene-glycol,https://cdn.who.int/media/docs/default-source/medicines/pharmacopoeia/2023-11-16-deg-eg-inliquidoraldosageforms-qas22-922rev3.pdf?sfvrsn=284f645d_1,kept,,893521,6e6e8679c4ae0ee342ed7d2804b9b966f2fd70d9b9b34a39a0730f06526b9f7a,PNG,1021,574,574,split_e_harvested/HV_000135_x63.png,2,kaggle_fake_real/dataset/Fake/Screenshot 2025-09-17 182916.png,20,unknown_permission_required,metadata_only_permission_required
HV_000135_x65,WHO,10-10-2024-medical-product-alert-n-4-2024--falsified-usp-ep-propylene-glycol,https://www.who.int/news/item/10-10-2024-medical-product-alert-n-4-2024--falsified-usp-ep-propylene-glycol,https://cdn.who.int/media/docs/default-source/medicines/pharmacopoeia/2023-11-16-deg-eg-inliquidoraldosageforms-qas22-922rev3.pdf?sfvrsn=284f645d_1,kept,,673782,89c64f6810a6b6bffafab35767e8bfe14ee735fdf75b126f689ccb464123547f,PNG,951,655,655,split_e_harvested/HV_000135_x65.png,2,roboflow/train/images4039_jpg.rf.26d32155e026881c8585908ba4213deb.jpg,16,unknown_permission_required,metadata_only_permission_required
HV_000135_x66,WHO,10-10-2024-medical-product-alert-n-4-2024--falsified-usp-ep-propylene-glycol,https://www.who.int/news/item/10-10-2024-medical-product-alert-n-4-2024--falsified-usp-ep-propylene-glycol,https://cdn.who.int/media/docs/default-source/medicines/pharmacopoeia/2023-11-16-deg-eg-inliquidoraldosageforms-qas22-922rev3.pdf?sfvrsn=284f645d_1,kept,,73723,746836f7aaa978cca99a6fadec9123435132d89af81f36015b36e66253031dcb,PNG,1034,519,519,split_e_harvested/HV_000135_x66.png,2,kaggle_fake_real/dataset/Fake/Screenshot 2025-09-17 174153.png,20,unknown_permission_required,metadata_only_permission_required
HV_000249_x32,WHO,19-08-2022-medical-product-alert-n-4-2022-falsified-dysport,https://www.who.int/news/item/19-08-2022-medical-product-alert-n-4-2022-falsified-dysport,https://cdn.who.int/media/docs/default-source/substandard-and-falsified/alert-n4_2022_falsified-dysport_en.pdf?sfvrsn=fefcc51f_4,kept,,126159,37f36271992147cb856a0fd62319df1054d73b8f5bb904b2ca17719c865a2af7,PNG,459,254,254,split_e_harvested/HV_000249_x32.png,1,roboflow/train/images14_jpg.rf.6b91a46b55d8bc05005102f07ff119c9.jpg,18,unknown_permission_required,metadata_only_permission_required
HV_000249_x33,WHO,19-08-2022-medical-product-alert-n-4-2022-falsified-dysport,https://www.who.int/news/item/19-08-2022-medical-product-alert-n-4-2022-falsified-dysport,https://cdn.who.int/media/docs/default-source/substandard-and-falsified/alert-n4_2022_falsified-dysport_en.pdf?sfvrsn=fefcc51f_4,kept,,112315,794032207fb94d9f7e6b3543c7dd531f2961b62ad6338794b3c84c71f38a251b,PNG,346,189,189,split_e_harvested/HV_000249_x33.png,1,roboflow/train/images4025_jpg.rf.53e0022214a5e1eb1e33a7bd6d0a8d03.jpg,14,unknown_permission_required,metadata_only_permission_required
HV_000249_x34,WHO,19-08-2022-medical-product-alert-n-4-2022-falsified-dysport,https://www.who.int/news/item/19-08-2022-medical-product-alert-n-4-2022-falsified-dysport,https://cdn.who.int/media/docs/default-source/substandard-and-falsified/alert-n4_2022_falsified-dysport_en.pdf?sfvrsn=fefcc51f_4,dropped,F2_TOO_SMALL,32391,459cbb869ff01c821420e9f84b61b1d124a44860218d94a71a4cc47c23f1a858,PNG,214,107,107,,1,,,unknown_permission_required,metadata_only_permission_required
HV_000249_x35,WHO,19-08-2022-medical-product-alert-n-4-2022-falsified-dysport,https://www.who.int/news/item/19-08-2022-medical-product-alert-n-4-2022-falsified-dysport,https://cdn.who.int/media/docs/default-source/substandard-and-falsified/alert-n4_2022_falsified-dysport_en.pdf?sfvrsn=fefcc51f_4,dropped,F2_TOO_SMALL,36701,ea37a8a2076c0eb9a2423ff8d6d2d4d35017499481d7918128c4e8f07bf6eb36,PNG,199,86,86,,1,,,unknown_permission_required,metadata_only_permission_required
HV_000249_x49,WHO,19-08-2022-medical-product-alert-n-4-2022-falsified-dysport,https://www.who.int/news/item/19-08-2022-medical-product-alert-n-4-2022-falsified-dysport,https://cdn.who.int/media/docs/default-source/substandard-and-falsified/alert-n4_2022_falsified-dysport_en.pdf?sfvrsn=fefcc51f_4,kept,,190921,34395acbaf9fcdb8cb010b77c9dc2a8e1d349686a5e80f0e435a1c6a2a9b893c,PNG,708,323,323,split_e_harvested/HV_000249_x49.png,1,kaggle_fake_real/dataset/Real/images345.jpg,14,unknown_permission_required,metadata_only_permission_required
HV_000249_x50,WHO,19-08-2022-medical-product-alert-n-4-2022-falsified-dysport,https://www.who.int/news/item/19-08-2022-medical-product-alert-n-4-2022-falsified-dysport,https://cdn.who.int/media/docs/default-source/substandard-and-falsified/alert-n4_2022_falsified-dysport_en.pdf?sfvrsn=fefcc51f_4,kept,,77290,1e0034e575006712a01985151cff7bcca49634eab03d8004a9f6f50f153f3e57,PNG,345,271,271,split_e_harvested/HV_000249_x50.png,1,kaggle_fake_real/dataset/Fake/Screenshot 2025-09-17 180119.png,20,unknown_permission_required,metadata_only_permission_required
HV_000233_x34,WHO,19-06-2024-medical-product-alert-n-2-2024--falsified-ozempic-(semaglutide),https://www.who.int/news/item/19-06-2024-medical-product-alert-n-2-2024--falsified-ozempic-(semaglutide),https://cdn.who.int/media/docs/default-source/substandard-and-falsified/correction-n2_2024_ozempic_en.pdf?sfvrsn=17d87e2d_12,kept,,210521,8fbcdf9c5d724c39dec3600da572d265e8b124997afda6c8ea508c88132776df,PNG,664,504,504,split_e_harvested/HV_000233_x34.png,1,mendeley_iphone11pro/iphone_11_pro_(138).JPG,18,unknown_permission_required,metadata_only_permission_required
HV_000233_x41,WHO,19-06-2024-medical-product-alert-n-2-2024--falsified-ozempic-(semaglutide),https://www.who.int/news/item/19-06-2024-medical-product-alert-n-2-2024--falsified-ozempic-(semaglutide),https://cdn.who.int/media/docs/default-source/substandard-and-falsified/correction-n2_2024_ozempic_en.pdf?sfvrsn=17d87e2d_12,kept,,199610,f131fbe9df22e96468d62274d9c0b261851284bf3b899b70fb30afef8ee43121,PNG,665,315,315,split_e_harvested/HV_000233_x41.png,1,kaggle_fake_real/dataset/Fake/Screenshot 2025-09-17 182916.png,18,unknown_permission_required,metadata_only_permission_required
HV_000233_x42,WHO,19-06-2024-medical-product-alert-n-2-2024--falsified-ozempic-(semaglutide),https://www.who.int/news/item/19-06-2024-medical-product-alert-n-2-2024--falsified-ozempic-(semaglutide),https://cdn.who.int/media/docs/default-source/substandard-and-falsified/correction-n2_2024_ozempic_en.pdf?sfvrsn=17d87e2d_12,kept,,85576,80f978d45b0c8d1ea27520cb2b4cb7090f497c2d479b50ea4dc0d4323dd2a541,PNG,668,146,146,split_e_harvested/HV_000233_x42.png,1,kaggle_fake_real/dataset/Real/images4009.jpg,18,unknown_permission_required,metadata_only_permission_required
HV_000233_x43,WHO,19-06-2024-medical-product-alert-n-2-2024--falsified-ozempic-(semaglutide),https://www.who.int/news/item/19-06-2024-medical-product-alert-n-2-2024--falsified-ozempic-(semaglutide),https://cdn.who.int/media/docs/default-source/substandard-and-falsified/correction-n2_2024_ozempic_en.pdf?sfvrsn=17d87e2d_12,kept,,151672,1d40cfbcf10cb7fa1f02af5f14a5266edf8517f773f6debff6fecbebe6f8638e,PNG,665,142,142,split_e_harvested/HV_000233_x43.png,1,kaggle_fake_real/dataset/Real/images238.jpg,16,unknown_permission_required,metadata_only_permission_required
HV_000233_x44,WHO,19-06-2024-medical-product-alert-n-2-2024--falsified-ozempic-(semaglutide),https://www.who.int/news/item/19-06-2024-medical-product-alert-n-2-2024--falsified-ozempic-(semaglutide),https://cdn.who.int/media/docs/default-source/substandard-and-falsified/correction-n2_2024_ozempic_en.pdf?sfvrsn=17d87e2d_12,dropped,F4_POOL_DUP,189497,8b99c01665be04709b750ae78dcc9e8e22bce6540e6b3d18b6ca2329aeecebad,PNG,452,255,255,,1,split_e_regulatory/PC_000035.png,0,unknown_permission_required,metadata_only_permission_required
HV_000233_x49,WHO,19-06-2024-medical-product-alert-n-2-2024--falsified-ozempic-(semaglutide),https://www.who.int/news/item/19-06-2024-medical-product-alert-n-2-2024--falsified-ozempic-(semaglutide),https://cdn.who.int/media/docs/default-source/substandard-and-falsified/correction-n2_2024_ozempic_en.pdf?sfvrsn=17d87e2d_12,kept,,209242,c0a7a6e0adc89517a8adfa626a16a5bbe3038837b811bdfa2a2b648f7445bca9,PNG,474,478,474,split_e_harvested/HV_000233_x49.png,1,roboflow/train/images5110_jpg.rf.01c4e3db3c0a14137a7ec020c507b58b.jpg,12,unknown_permission_required,metadata_only_permission_required
HV_000233_x50,WHO,19-06-2024-medical-product-alert-n-2-2024--falsified-ozempic-(semaglutide),https://www.who.int/news/item/19-06-2024-medical-product-alert-n-2-2024--falsified-ozempic-(semaglutide),https://cdn.who.int/media/docs/default-source/substandard-and-falsified/correction-n2_2024_ozempic_en.pdf?sfvrsn=17d87e2d_12,kept,,218763,34e5b81ccc859f1b042105f665a587ffb454fc79d73a6ee6428aba3ecca20fe5,PNG,483,481,481,split_e_harvested/HV_000233_x50.png,1,roboflow/train/2020-1348_33-1-_jpg.rf.2896543e87eb550300a93dcf41f188ac.jpg,18,unknown_permission_required,metadata_only_permission_required
HV_000116_x55,WHO,10-03-2021-medical-product-alert-n-1-2021-falsified-vitamin-a,https://www.who.int/news/item/10-03-2021-medical-product-alert-n-1-2021-falsified-vitamin-a,https://cdn.who.int/media/docs/default-source/substandard-and-falsified/n1-2021-falsified-vitaminea-en.pdf?sfvrsn=52676961_18,kept,,262513,347884a7dc846b4d93b94677cdfefb8890281b6dd0e6ef9586035dbd7e991799,PNG,592,373,373,split_e_harvested/HV_000116_x55.png,1,roboflow/train/images4107_jpg.rf.212643e9a4b3d50b5571971489074f88.jpg,18,unknown_permission_required,metadata_only_permission_required
HV_000116_x56,WHO,10-03-2021-medical-product-alert-n-1-2021-falsified-vitamin-a,https://www.who.int/news/item/10-03-2021-medical-product-alert-n-1-2021-falsified-vitamin-a,https://cdn.who.int/media/docs/default-source/substandard-and-falsified/n1-2021-falsified-vitaminea-en.pdf?sfvrsn=52676961_18,kept,,122548,1fafd9acae49aef0f2c116fb326729e4c7adb0bf852326f3cba855f7d93a142d,PNG,191,364,191,split_e_harvested/HV_000116_x56.png,1,roboflow/train/images206_jpg.rf.4c78a3e32944297ed042c476cd8a43ec.jpg,16,unknown_permission_required,metadata_only_permission_required
HV_000314_x48,WHO,25-03-2014-medical-product-alert-n-1-2014--falsified-antimalarial-medicines,https://www.who.int/news/item/25-03-2014-medical-product-alert-n-1-2014--falsified-antimalarial-medicines,https://cdn.who.int/media/docs/default-source/substandard-and-falsified/n1_2014-antimalarials_edp_en.pdf?sfvrsn=447737bf_1,kept,,140431,41e233332c339ea441bdb3a697a69c390a23e794dfb6f2c14e4db5196246bf33,PNG,343,336,336,split_e_harvested/HV_000314_x48.png,1,roboflow/train/images352_jpg.rf.1f3b2f3063760dd1ed5aaa38dbd31266.jpg,14,unknown_permission_required,metadata_only_permission_required
HV_000314_x49,WHO,25-03-2014-medical-product-alert-n-1-2014--falsified-antimalarial-medicines,https://www.who.int/news/item/25-03-2014-medical-product-alert-n-1-2014--falsified-antimalarial-medicines,https://cdn.who.int/media/docs/default-source/substandard-and-falsified/n1_2014-antimalarials_edp_en.pdf?sfvrsn=447737bf_1,kept,,174311,02732fc27ca51d2a199cf42899d47fbdeac0b4183709f1958998fa35ebc7b50b,PNG,408,306,306,split_e_harvested/HV_000314_x49.png,1,split_e_regulatory/PC_000047.jpg,16,unknown_permission_required,metadata_only_permission_required
HV_000314_x54,WHO,25-03-2014-medical-product-alert-n-1-2014--falsified-antimalarial-medicines,https://www.who.int/news/item/25-03-2014-medical-product-alert-n-1-2014--falsified-antimalarial-medicines,https://cdn.who.int/media/docs/default-source/substandard-and-falsified/n1_2014-antimalarials_edp_en.pdf?sfvrsn=447737bf_1,kept,,3394674,f97753e992279146baa29a55b7919079f4d9ffe39e25f6312aa8fcb0112ea873,PNG,1546,1137,1137,split_e_harvested/HV_000314_x54.png,1,kaggle_fake_real/dataset/Fake/Screenshot 2025-09-17 181249.png,18,unknown_permission_required,metadata_only_permission_required
HV_000314_x55,WHO,25-03-2014-medical-product-alert-n-1-2014--falsified-antimalarial-medicines,https://www.who.int/news/item/25-03-2014-medical-product-alert-n-1-2014--falsified-antimalarial-medicines,https://cdn.who.int/media/docs/default-source/substandard-and-falsified/n1_2014-antimalarials_edp_en.pdf?sfvrsn=447737bf_1,kept,,208725,0ad558c99198cbc019961e24c6cc0631e473d940ac57af68f4993fa6175e8e2e,PNG,451,392,392,split_e_harvested/HV_000314_x55.png,1,mendeley_iphone11pro/iphone_11_pro_(17).JPG,16,unknown_permission_required,metadata_only_permission_required
HV_000298_x34,WHO,25-02-2015-medical-product-alert-n-1-2015--falsified-anti-malarial-medicine,https://www.who.int/news/item/25-02-2015-medical-product-alert-n-1-2015--falsified-anti-malarial-medicine,https://cdn.who.int/media/docs/default-source/substandard-and-falsified/n1_2015-artemether-lumefantrine_en.pdf?sfvrsn=e32570a0_1,kept,,286313,e1315173b4d297b4e63a3a481ce0156f54e2534f69dddf30ab0dfe8d8c39044a,PNG,640,480,480,split_e_harvested/HV_000298_x34.png,1,kaggle_fake_real/dataset/Real/images4053.jpg,16,unknown_permission_required,metadata_only_permission_required
HV_000298_x37,WHO,25-02-2015-medical-product-alert-n-1-2015--falsified-anti-malarial-medicine,https://www.who.int/news/item/25-02-2015-medical-product-alert-n-1-2015--falsified-anti-malarial-medicine,https://cdn.who.int/media/docs/default-source/substandard-and-falsified/n1_2015-artemether-lumefantrine_en.pdf?sfvrsn=e32570a0_1,kept,,1158115,0b826719914a716e1d03deaa2455618920a93537e3a53a876ef2957a926a47cd,PNG,1632,918,918,split_e_harvested/HV_000298_x37.png,1,roboflow/train/images4054_jpg.rf.0cca52b9d6af1a7071127c35f5ea4a5a.jpg,16,unknown_permission_required,metadata_only_permission_required
HV_000298_x38,WHO,25-02-2015-medical-product-alert-n-1-2015--falsified-anti-malarial-medicine,https://www.who.int/news/item/25-02-2015-medical-product-alert-n-1-2015--falsified-anti-malarial-medicine,https://cdn.who.int/media/docs/default-source/substandard-and-falsified/n1_2015-artemether-lumefantrine_en.pdf?sfvrsn=e32570a0_1,kept,,484198,6194c9e87fcca83da6d01aa6459ec7be7ab5edfbedf68a9fe6ea6c919b5e301e,PNG,640,480,480,split_e_harvested/HV_000298_x38.png,1,kaggle_fake_real/dataset/Real/images233.jpg,16,unknown_permission_required,metadata_only_permission_required
HV_000298_x41,WHO,25-02-2015-medical-product-alert-n-1-2015--falsified-anti-malarial-medicine,https://www.who.int/news/item/25-02-2015-medical-product-alert-n-1-2015--falsified-anti-malarial-medicine,https://cdn.who.int/media/docs/default-source/substandard-and-falsified/n1_2015-artemether-lumefantrine_en.pdf?sfvrsn=e32570a0_1,kept,,143243,7d551979b493e9bfa527d684da8ba048814cf2f89000fb9c3fe4a2cc9c1d2339,PNG,362,324,324,split_e_harvested/HV_000298_x41.png,1,kaggle_fake_real/dataset/Real/images4084.jpg,18,unknown_permission_required,metadata_only_permission_required
HV_000298_x42,WHO,25-02-2015-medical-product-alert-n-1-2015--falsified-anti-malarial-medicine,https://www.who.int/news/item/25-02-2015-medical-product-alert-n-1-2015--falsified-anti-malarial-medicine,https://cdn.who.int/media/docs/default-source/substandard-and-falsified/n1_2015-artemether-lumefantrine_en.pdf?sfvrsn=e32570a0_1,kept,,637002,d86172a871af41dbbc4628899b1eae23ecc5cc675681749124568209c009c4f9,PNG,1032,581,581,split_e_harvested/HV_000298_x42.png,1,roboflow/train/images240_jpg.rf.8e36731a904d4795de8b6484c8796cd6.jpg,18,unknown_permission_required,metadata_only_permission_required
HV_000298_x45,WHO,25-02-2015-medical-product-alert-n-1-2015--falsified-anti-malarial-medicine,https://www.who.int/news/item/25-02-2015-medical-product-alert-n-1-2015--falsified-anti-malarial-medicine,https://cdn.who.int/media/docs/default-source/substandard-and-falsified/n1_2015-artemether-lumefantrine_en.pdf?sfvrsn=e32570a0_1,kept,,677022,69b98b10334193d2bfe1ee7ce7466cf2dbf64d6d0802ff17fb731049be302e93,PNG,826,465,465,split_e_harvested/HV_000298_x45.png,1,mendeley_iphone11pro/iphone_11_pro_(197).JPG,18,unknown_permission_required,metadata_only_permission_required
HV_000070_x34,WHO,05-02-2016-medical-product-alert-n-4-2017--falsified-phenobarbitone-tablets,https://www.who.int/news/item/05-02-2016-medical-product-alert-n-4-2017--falsified-phenobarbitone-tablets,https://cdn.who.int/media/docs/default-source/substandard-and-falsified/n1_2016-falsified-phenobarbital_en.pdf?sfvrsn=bf8832a3_1,kept,,982156,2747cbc35a687bf2e0a80a36405697494de0c9d8d38d60b3c245f3462e38eae9,PNG,834,787,787,split_e_harvested/HV_000070_x34.png,1,kaggle_fake_real/dataset/Fake/Screenshot 2025-09-17 175026.png,18,unknown_permission_required,metadata_only_permission_required
HV_000070_x35,WHO,05-02-2016-medical-product-alert-n-4-2017--falsified-phenobarbitone-tablets,https://www.who.int/news/item/05-02-2016-medical-product-alert-n-4-2017--falsified-phenobarbitone-tablets,https://cdn.who.int/media/docs/default-source/substandard-and-falsified/n1_2016-falsified-phenobarbital_en.pdf?sfvrsn=bf8832a3_1,kept,,972921,0221285f20e4bb63117828cda157bb700e68b4ae9772c26988a48cda65b03321,PNG,915,767,767,split_e_harvested/HV_000070_x35.png,1,mendeley_iphone11pro/iphone_11_pro_(184).JPG,14,unknown_permission_required,metadata_only_permission_required
HV_000070_x48,WHO,05-02-2016-medical-product-alert-n-4-2017--falsified-phenobarbitone-tablets,https://www.who.int/news/item/05-02-2016-medical-product-alert-n-4-2017--falsified-phenobarbitone-tablets,https://cdn.who.int/media/docs/default-source/substandard-and-falsified/n1_2016-falsified-phenobarbital_en.pdf?sfvrsn=bf8832a3_1,kept,,459417,1eb1cf834d42cd12ac9e903e6ff36f45e42455d98043e34468a548817b5c546c,PNG,549,588,549,split_e_harvested/HV_000070_x48.png,1,mendeley_iphone11pro/iphone_11_pro_(7).JPG,16,unknown_permission_required,metadata_only_permission_required
HV_000011_x49,WHO,02-06-2017-medical-product-alert-n-1-2017--falsified-meningococcal-acwy-vaccine,https://www.who.int/news/item/02-06-2017-medical-product-alert-n-1-2017--falsified-meningococcal-acwy-vaccine,https://cdn.who.int/media/docs/default-source/substandard-and-falsified/n1_2017_falsified-meningitis-vaccine_en.pdf?sfvrsn=3dd2d1bc_1,kept,,82944,30bb17aba7a3b5edc25dd1e50fadc9f152fcfe3fea41e82af4794b7380acd8de,PNG,269,197,197,split_e_harvested/HV_000011_x49.png,1,roboflow/train/images222_jpg.rf.777aa35cf2522df9a332cf5a0b927c26.jpg,16,unknown_permission_required,metadata_only_permission_required
HV_000011_x50,WHO,02-06-2017-medical-product-alert-n-1-2017--falsified-meningococcal-acwy-vaccine,https://www.who.int/news/item/02-06-2017-medical-product-alert-n-1-2017--falsified-meningococcal-acwy-vaccine,https://cdn.who.int/media/docs/default-source/substandard-and-falsified/n1_2017_falsified-meningitis-vaccine_en.pdf?sfvrsn=3dd2d1bc_1,kept,,373299,e2f12a62ec008e945f40cec40ac72403145f1edaab706919fcde74c212ad275f,PNG,768,345,345,split_e_harvested/HV_000011_x50.png,1,mendeley_iphone11pro/iphone_11_pro_(94).JPG,18,unknown_permission_required,metadata_only_permission_required
HV_000002_x17,WHO,02-03-2018-medical-product-alert-n-2-2018--falsified--augmentin,https://www.who.int/news/item/02-03-2018-medical-product-alert-n-2-2018--falsified--augmentin,https://cdn.who.int/media/docs/default-source/substandard-and-falsified/n1_2018-falsified-cefixime_en.pdf?sfvrsn=8b3c9267_1,kept,,35542,2bdd37e84de765deedb4d22b4c03c4b2e1ed69453541580ff4f903a8e5268458,PNG,398,123,123,split_e_harvested/HV_000002_x17.png,2,kaggle_fake_real/dataset/Real/images337.jpg,18,unknown_permission_required,metadata_only_permission_required
HV_000002_x37,WHO,02-03-2018-medical-product-alert-n-2-2018--falsified--augmentin,https://www.who.int/news/item/02-03-2018-medical-product-alert-n-2-2018--falsified--augmentin,https://cdn.who.int/media/docs/default-source/substandard-and-falsified/n1_2018-falsified-cefixime_en.pdf?sfvrsn=8b3c9267_1,kept,,775395,5b3c09096c2f26f3fa26b9e1b67f1dd4e360d3d6d76085610490701449b01a4b,PNG,700,848,700,split_e_harvested/HV_000002_x37.png,2,roboflow/train/images4025_jpg.rf.23b8cdb099d7471489c0e066a2b248f2.jpg,18,unknown_permission_required,metadata_only_permission_required
HV_000002_x38,WHO,02-03-2018-medical-product-alert-n-2-2018--falsified--augmentin,https://www.who.int/news/item/02-03-2018-medical-product-alert-n-2-2018--falsified--augmentin,https://cdn.who.int/media/docs/default-source/substandard-and-falsified/n1_2018-falsified-cefixime_en.pdf?sfvrsn=8b3c9267_1,kept,,966041,1ddf05eea27ea060ea1002374691ca71eb89cd2cabcb4237e00003a902f7a679,PNG,727,918,727,split_e_harvested/HV_000002_x38.png,2,roboflow/train/images13_jpg.rf.7fe10262fa0953b8506d7d4dd48064ec.jpg,18,unknown_permission_required,metadata_only_permission_required
HV_000002_x39,WHO,02-03-2018-medical-product-alert-n-2-2018--falsified--augmentin,https://www.who.int/news/item/02-03-2018-medical-product-alert-n-2-2018--falsified--augmentin,https://cdn.who.int/media/docs/default-source/substandard-and-falsified/n1_2018-falsified-cefixime_en.pdf?sfvrsn=8b3c9267_1,kept,,876598,0c95363bd822454fd8e879baf18556aa767f4cb9cc9f0c03a1b6b1a6efe16291,PNG,700,917,700,split_e_harvested/HV_000002_x39.png,2,kaggle_fake_real/dataset/Fake/Screenshot 2025-09-17 180157.png,18,unknown_permission_required,metadata_only_permission_required
HV_000002_x40,WHO,02-03-2018-medical-product-alert-n-2-2018--falsified--augmentin,https://www.who.int/news/item/02-03-2018-medical-product-alert-n-2-2018--falsified--augmentin,https://cdn.who.int/media/docs/default-source/substandard-and-falsified/n1_2018-falsified-cefixime_en.pdf?sfvrsn=8b3c9267_1,kept,,716497,4988d220573f31f37c22f7d3e052474e85cbbe52b60321431cbc987f4097e818,PNG,726,801,726,split_e_harvested/HV_000002_x40.png,2,roboflow/train/images4065_jpg.rf.87c4c518c98f403d945ef43d5bf32e01.jpg,16,unknown_permission_required,metadata_only_permission_required
HV_000189_x7,WHO,15-04-2024-medical-product-alert-n-1-2024--falsified-(contaminated)-usp-ep-propylene-glycol,https://www.who.int/news/item/15-04-2024-medical-product-alert-n-1-2024--falsified-(contaminated)-usp-ep-propylene-glycol,https://cdn.who.int/media/docs/default-source/substandard-and-falsified/n1_2024_propylene.pdf?sfvrsn=8e55115f_8,kept,,346968,3be5d3e4e336775a16d3f36fb6f3afebad6be1638035712e36b35c47d7c6ed32,PNG,416,570,416,split_e_harvested/HV_000189_x7.png,1,roboflow/train/images346_jpg.rf.591d24da47aa93e007a9e0e7724d84e6.jpg,18,unknown_permission_required,metadata_only_permission_required
HV_000189_x9,WHO,15-04-2024-medical-product-alert-n-1-2024--falsified-(contaminated)-usp-ep-propylene-glycol,https://www.who.int/news/item/15-04-2024-medical-product-alert-n-1-2024--falsified-(contaminated)-usp-ep-propylene-glycol,https://cdn.who.int/media/docs/default-source/substandard-and-falsified/n1_2024_propylene.pdf?sfvrsn=8e55115f_8,kept,,201075,8f462679eb3587459887da29b409c874b30a8184acb8cab0b8ff53d3f1d8e9a8,PNG,288,567,288,split_e_harvested/HV_000189_x9.png,1,kaggle_fake_real/dataset/Fake/Screenshot 2025-09-17 184649.png,20,unknown_permission_required,metadata_only_permission_required
HV_000189_x11,WHO,15-04-2024-medical-product-alert-n-1-2024--falsified-(contaminated)-usp-ep-propylene-glycol,https://www.who.int/news/item/15-04-2024-medical-product-alert-n-1-2024--falsified-(contaminated)-usp-ep-propylene-glycol,https://cdn.who.int/media/docs/default-source/substandard-and-falsified/n1_2024_propylene.pdf?sfvrsn=8e55115f_8,kept,,226802,0d0a64d25a9d96524e9a50a5d3466c8285d6ccb7d750960a30a8013e72922f46,PNG,345,566,345,split_e_harvested/HV_000189_x11.png,1,mendeley_iphone11pro/iphone_11_pro_(121).JPG,18,unknown_permission_required,metadata_only_permission_required
HV_000162_x42,WHO,12-03-2025-medical-product-alert-n-1-2024--falsified-(contaminated)-oxycontin-80mg,https://www.who.int/news/item/12-03-2025-medical-product-alert-n-1-2024--falsified-(contaminated)-oxycontin-80mg,https://cdn.who.int/media/docs/default-source/substandard-and-falsified/n1_2025_oxycontin_en.pdf?sfvrsn=42d676f5_6,kept,,958888,b00f68514cc0b2fdb3146f1ec6052ef4a296ebeb8d3781362b2bda3be90658ab,PNG,483,1025,483,split_e_harvested/HV_000162_x42.png,1,mendeley_split_c/huawei_cn_(128).jpg,16,unknown_permission_required,metadata_only_permission_required
HV_000162_x44,WHO,12-03-2025-medical-product-alert-n-1-2024--falsified-(contaminated)-oxycontin-80mg,https://www.who.int/news/item/12-03-2025-medical-product-alert-n-1-2024--falsified-(contaminated)-oxycontin-80mg,https://cdn.who.int/media/docs/default-source/substandard-and-falsified/n1_2025_oxycontin_en.pdf?sfvrsn=42d676f5_6,kept,,852553,57a9c2712001dc814d3b61d56a1b19a90573c76f94da55c59ce4b00a07675c01,PNG,474,1025,474,split_e_harvested/HV_000162_x44.png,1,mendeley_split_c/huawei_cn_(19).jpg,18,unknown_permission_required,metadata_only_permission_required
HV_000027,WHO,03-05-2013-medical-product-alert-n-2-2013--falsified-batches-of-coartem,https://www.who.int/news/item/03-05-2013-medical-product-alert-n-2-2013--falsified-batches-of-coartem,https://cdn.who.int/media/docs/default-source/substandard-and-falsified/n2_2013-coartem_en.pdf?sfvrsn=a8b87563_1,dropped,F0_PDF_NO_RASTER,0,,,,,,,2,,,unknown_permission_required,metadata_only_permission_required
HV_000125_x49,WHO,10-10-2014-medical-product-alert-n-2-2014--falsified-medicines-update,https://www.who.int/news/item/10-10-2014-medical-product-alert-n-2-2014--falsified-medicines-update,https://cdn.who.int/media/docs/default-source/substandard-and-falsified/n2_2014-various-products_edp_en.pdf?sfvrsn=4a9bd93b_1,kept,,214072,1c8b29c72d5765bc61846573e365ddacf67734c82ac5380874aff472785e1211,PNG,293,336,293,split_e_harvested/HV_000125_x49.png,1,mendeley_split_c/huawei_cn_(143).jpg,14,unknown_permission_required,metadata_only_permission_required
HV_000125_x50,WHO,10-10-2014-medical-product-alert-n-2-2014--falsified-medicines-update,https://www.who.int/news/item/10-10-2014-medical-product-alert-n-2-2014--falsified-medicines-update,https://cdn.who.int/media/docs/default-source/substandard-and-falsified/n2_2014-various-products_edp_en.pdf?sfvrsn=4a9bd93b_1,kept,,124534,c94963903ef93c0c1a3fc81045551dd2c6d66c9266815671a12dc5bb87eb311b,PNG,270,283,270,split_e_harvested/HV_000125_x50.png,1,mendeley_iphone11pro/iphone_11_pro_(96).JPG,18,unknown_permission_required,metadata_only_permission_required
HV_000125_x53,WHO,10-10-2014-medical-product-alert-n-2-2014--falsified-medicines-update,https://www.who.int/news/item/10-10-2014-medical-product-alert-n-2-2014--falsified-medicines-update,https://cdn.who.int/media/docs/default-source/substandard-and-falsified/n2_2014-various-products_edp_en.pdf?sfvrsn=4a9bd93b_1,kept,,142851,e52ef4291277d3d6a1eab534b9fcb12699552128bbce233e0b28feef09ab42ca,PNG,317,336,317,split_e_harvested/HV_000125_x53.png,1,kaggle_fake_real/dataset/Fake/Screenshot 2025-09-17 174103.png,20,unknown_permission_required,metadata_only_permission_required
HV_000125_x54,WHO,10-10-2014-medical-product-alert-n-2-2014--falsified-medicines-update,https://www.who.int/news/item/10-10-2014-medical-product-alert-n-2-2014--falsified-medicines-update,https://cdn.who.int/media/docs/default-source/substandard-and-falsified/n2_2014-various-products_edp_en.pdf?sfvrsn=4a9bd93b_1,kept,,184604,11dc4f076bb91f928ee624de9a9d1863b497c9e555ee9a886a74cd8ee4ed7e7f,PNG,347,300,300,split_e_harvested/HV_000125_x54.png,1,roboflow/train/images347_jpg.rf.db57387452503c99bb5c9621f8f5aaf2.jpg,16,unknown_permission_required,metadata_only_permission_required
HV_000266_x47,WHO,22-05-2015-medical-product-alert-n-2-2015--falsified-meningitis-vaccines,https://www.who.int/news/item/22-05-2015-medical-product-alert-n-2-2015--falsified-meningitis-vaccines,https://cdn.who.int/media/docs/default-source/substandard-and-falsified/n2_2015-mencevax_en.pdf?sfvrsn=c74aad77_1,kept,,890495,764ff5f4d789886bc9b35ecf901553762f4a7baad397a9715882eb16ceb47f8d,PNG,483,789,483,split_e_harvested/HV_000266_x47.png,1,mendeley_iphone11pro/iphone_11_pro_(76).JPG,18,unknown_permission_required,metadata_only_permission_required
HV_000266_x48,WHO,22-05-2015-medical-product-alert-n-2-2015--falsified-meningitis-vaccines,https://www.who.int/news/item/22-05-2015-medical-product-alert-n-2-2015--falsified-meningitis-vaccines,https://cdn.who.int/media/docs/default-source/substandard-and-falsified/n2_2015-mencevax_en.pdf?sfvrsn=c74aad77_1,kept,,1043914,9fba857c742cd89d32553ae0b327c9f1c46f66dc566e2e263aa9d955cf2e56ca,PNG,821,722,722,split_e_harvested/HV_000266_x48.png,1,kaggle_fake_real/dataset/Fake/Screenshot 2025-09-17 193719.png,18,unknown_permission_required,metadata_only_permission_required
HV_000266_x49,WHO,22-05-2015-medical-product-alert-n-2-2015--falsified-meningitis-vaccines,https://www.who.int/news/item/22-05-2015-medical-product-alert-n-2-2015--falsified-meningitis-vaccines,https://cdn.who.int/media/docs/default-source/substandard-and-falsified/n2_2015-mencevax_en.pdf?sfvrsn=c74aad77_1,kept,,817275,5d1b590c3d2ed81adba69f5a90ad48ed8dd7f33f570af170f136c06701c9697e,PNG,716,667,667,split_e_harvested/HV_000266_x49.png,1,kaggle_fake_real/dataset/Fake/Screenshot 2025-09-17 194307.png,18,unknown_permission_required,metadata_only_permission_required
HV_000145_x47,WHO,11-02-2016-medical-product-alert-n-2-2016--falsified-amaril-yellow-fever-vaccines,https://www.who.int/news/item/11-02-2016-medical-product-alert-n-2-2016--falsified-amaril-yellow-fever-vaccines,https://cdn.who.int/media/docs/default-source/substandard-and-falsified/n2_2016-falsified-amaril-yellow-fever-vaccine_en.pdf?sfvrsn=1f92ec7e_1,kept,,629540,f3dfdb8729a8b3df9990070a2289d8b4e7dbe8df0c92dbe919937a9697937424,PNG,1314,539,539,split_e_harvested/HV_000145_x47.png,1,kaggle_fake_real/dataset/Fake/Screenshot 2025-09-17 181642.png,18,unknown_permission_required,metadata_only_permission_required
HV_000145_x48,WHO,11-02-2016-medical-product-alert-n-2-2016--falsified-amaril-yellow-fever-vaccines,https://www.who.int/news/item/11-02-2016-medical-product-alert-n-2-2016--falsified-amaril-yellow-fever-vaccines,https://cdn.who.int/media/docs/default-source/substandard-and-falsified/n2_2016-falsified-amaril-yellow-fever-vaccine_en.pdf?sfvrsn=1f92ec7e_1,kept,,1281090,613c73ed72410ee7a03dc46304fe5ba939835eb1977bb7f033df9331a086cb07,PNG,1358,615,615,split_e_harvested/HV_000145_x48.png,1,roboflow/train/images11_jpg.rf.7a3cfeb7d69557239496084633b615b0.jpg,14,unknown_permission_required,metadata_only_permission_required
HV_000363_x17,WHO,27-07-2017-medical-product-alert-n-2-2017--falsified-quinine-sulphate,https://www.who.int/news/item/27-07-2017-medical-product-alert-n-2-2017--falsified-quinine-sulphate,https://cdn.who.int/media/docs/default-source/substandard-and-falsified/n2_2017-quinine-sulphate_en.pdf?sfvrsn=d3b96935_1,dropped,F3_BYTE_DUP_OF:HV_000002_x17,35542,2bdd37e84de765deedb4d22b4c03c4b2e1ed69453541580ff4f903a8e5268458,PNG,398,123,123,,1,,,unknown_permission_required,metadata_only_permission_required
HV_000363_x25,WHO,27-07-2017-medical-product-alert-n-2-2017--falsified-quinine-sulphate,https://www.who.int/news/item/27-07-2017-medical-product-alert-n-2-2017--falsified-quinine-sulphate,https://cdn.who.int/media/docs/default-source/substandard-and-falsified/n2_2017-quinine-sulphate_en.pdf?sfvrsn=d3b96935_1,kept,,534011,38f39763b65986f918522d9297df59d5d0ca058b92992f9075f1d795f303dd95,PNG,611,688,611,split_e_harvested/HV_000363_x25.png,1,mendeley_iphone11pro/iphone_11_pro_(217).JPG,18,unknown_permission_required,metadata_only_permission_required
HV_000363_x26,WHO,27-07-2017-medical-product-alert-n-2-2017--falsified-quinine-sulphate,https://www.who.int/news/item/27-07-2017-medical-product-alert-n-2-2017--falsified-quinine-sulphate,https://cdn.who.int/media/docs/default-source/substandard-and-falsified/n2_2017-quinine-sulphate_en.pdf?sfvrsn=d3b96935_1,kept,,495129,95e29abda7a99198b2b6177bd2a1162c216078a209761d864687b8ef7df8fec1,PNG,568,688,568,split_e_harvested/HV_000363_x26.png,1,mendeley_iphone11pro/iphone_11_pro_(214).JPG,18,unknown_permission_required,metadata_only_permission_required
HV_000363_x31,WHO,27-07-2017-medical-product-alert-n-2-2017--falsified-quinine-sulphate,https://www.who.int/news/item/27-07-2017-medical-product-alert-n-2-2017--falsified-quinine-sulphate,https://cdn.who.int/media/docs/default-source/substandard-and-falsified/n2_2017-quinine-sulphate_en.pdf?sfvrsn=d3b96935_1,kept,,504678,6e50f806dabb62d2db12fe25ff8fe971372c2eb637dc5336c1652e17d8fb2961,PNG,578,677,578,split_e_harvested/HV_000363_x31.png,1,kaggle_fake_real/dataset/Fake/Screenshot 2025-09-17 181729.png,18,unknown_permission_required,metadata_only_permission_required
HV_000001_x19,WHO,02-03-2018-medical-product-alert-n-2-2018--falsified--augmentin,https://www.who.int/news/item/02-03-2018-medical-product-alert-n-2-2018--falsified--augmentin,https://cdn.who.int/media/docs/default-source/substandard-and-falsified/n2_2018-falsified-augmentin_en.pdf?sfvrsn=3e33dc60_1,dropped,F3_BYTE_DUP_OF:HV_000002_x17,35542,2bdd37e84de765deedb4d22b4c03c4b2e1ed69453541580ff4f903a8e5268458,PNG,398,123,123,,1,,,unknown_permission_required,metadata_only_permission_required
HV_000001_x41,WHO,02-03-2018-medical-product-alert-n-2-2018--falsified--augmentin,https://www.who.int/news/item/02-03-2018-medical-product-alert-n-2-2018--falsified--augmentin,https://cdn.who.int/media/docs/default-source/substandard-and-falsified/n2_2018-falsified-augmentin_en.pdf?sfvrsn=3e33dc60_1,kept,,285366,75efe4cc4fd37b5214ed4834b5bc54eef54082b422b2a3bc1d18e5bf8ead4573,PNG,364,384,364,split_e_harvested/HV_000001_x41.png,1,kaggle_fake_real/dataset/Real/images342.jpg,18,unknown_permission_required,metadata_only_permission_required
HV_000001_x42,WHO,02-03-2018-medical-product-alert-n-2-2018--falsified--augmentin,https://www.who.int/news/item/02-03-2018-medical-product-alert-n-2-2018--falsified--augmentin,https://cdn.who.int/media/docs/default-source/substandard-and-falsified/n2_2018-falsified-augmentin_en.pdf?sfvrsn=3e33dc60_1,kept,,377319,c731d871a3755dc0af2687b30abb13e7566a2c7a2bb3267d0ff00a906f64e9bf,PNG,493,457,457,split_e_harvested/HV_000001_x42.png,1,kaggle_fake_real/dataset/Real/images4008.jpg,18,unknown_permission_required,metadata_only_permission_required
HV_000001_x43,WHO,02-03-2018-medical-product-alert-n-2-2018--falsified--augmentin,https://www.who.int/news/item/02-03-2018-medical-product-alert-n-2-2018--falsified--augmentin,https://cdn.who.int/media/docs/default-source/substandard-and-falsified/n2_2018-falsified-augmentin_en.pdf?sfvrsn=3e33dc60_1,kept,,118055,6cc293e1e0ed1f7e9082f46150ceba789a852e7e2dd12c3153c9b5b1c9c8cbe8,PNG,549,234,234,split_e_harvested/HV_000001_x43.png,1,roboflow/train/images5069_jpg.rf.23e5911ce387cc8b253f411a68a52ce8.jpg,14,unknown_permission_required,metadata_only_permission_required
HV_000001_x44,WHO,02-03-2018-medical-product-alert-n-2-2018--falsified--augmentin,https://www.who.int/news/item/02-03-2018-medical-product-alert-n-2-2018--falsified--augmentin,https://cdn.who.int/media/docs/default-source/substandard-and-falsified/n2_2018-falsified-augmentin_en.pdf?sfvrsn=3e33dc60_1,kept,,602077,d933d5cfffe45250fe52528b20dd75f661066aa0ae38c7c09b0835de7ac6080d,PNG,824,696,696,split_e_harvested/HV_000001_x44.png,1,kaggle_fake_real/dataset/Fake/Screenshot 2025-09-17 175833.png,18,unknown_permission_required,metadata_only_permission_required
HV_000330_x51,WHO,26-03-2021-medical-product-alert-n-2-2021-falsified-covid-19-vaccine-bnt162b2,https://www.who.int/news/item/26-03-2021-medical-product-alert-n-2-2021-falsified-covid-19-vaccine-bnt162b2,https://cdn.who.int/media/docs/default-source/substandard-and-falsified/n2_2021_falsified-bnt162b21_en.pdf?sfvrsn=5c1f54ec_14,kept,,361319,17ebb6f340602adae02259a6f578db88280d4ebdc94aaf9405275379c570272d,PNG,914,369,369,split_e_harvested/HV_000330_x51.png,1,roboflow/train/images213_jpg.rf.74ead8d434fab8faf6d42c9377800831.jpg,14,unknown_permission_required,metadata_only_permission_required
HV_000096_x28,WHO,09-03-2022-medical-product-alert-n-2-2022-falsified-desrem-(remdesivir),https://www.who.int/news/item/09-03-2022-medical-product-alert-n-2-2022-falsified-desrem-(remdesivir),https://cdn.who.int/media/docs/default-source/substandard-and-falsified/n2_2022_falsified-desrem_en.pdf?sfvrsn=b3b18839_17,kept,,177285,6530be1d453d1b6b5c9bd56c706628c672f0fc10ddcc144e1a866d9e6bb68e6c,PNG,264,546,264,split_e_harvested/HV_000096_x28.png,1,kaggle_fake_real/dataset/Fake/Screenshot 2025-09-17 182951.png,18,unknown_permission_required,metadata_only_permission_required
HV_000096_x29,WHO,09-03-2022-medical-product-alert-n-2-2022-falsified-desrem-(remdesivir),https://www.who.int/news/item/09-03-2022-medical-product-alert-n-2-2022-falsified-desrem-(remdesivir),https://cdn.who.int/media/docs/default-source/substandard-and-falsified/n2_2022_falsified-desrem_en.pdf?sfvrsn=b3b18839_17,dropped,F4_POOL_DUP,305263,18ba95f49f0730a8785fc97d8295f9fc4092154d394f757ebdc24971234ecd6c,PNG,351,608,351,,1,roboflow/train/images235_jpg.rf.79def83ebbf1fdd2d1e5280bc44d2f56.jpg,8,unknown_permission_required,metadata_only_permission_required
HV_000290_x30,WHO,23-04-2025-medical-product-alert-n-2-2025--falsified-healmoxy-(amoxicillin)-capsules-500mg,https://www.who.int/news/item/23-04-2025-medical-product-alert-n-2-2025--falsified-healmoxy-(amoxicillin)-capsules-500mg,https://cdn.who.int/media/docs/default-source/substandard-and-falsified/n2_2025_healmoxy_en.pdf?sfvrsn=d17da686_6,kept,,213017,72afa2bd6e3ac64468497c755607c7d164d6a78b7340ba0ee253281fcd42c3eb,PNG,358,444,358,split_e_harvested/HV_000290_x30.png,1,mendeley_iphone11pro/iphone_11_pro_(11).JPG,16,unknown_permission_required,metadata_only_permission_required
HV_000290_x31,WHO,23-04-2025-medical-product-alert-n-2-2025--falsified-healmoxy-(amoxicillin)-capsules-500mg,https://www.who.int/news/item/23-04-2025-medical-product-alert-n-2-2025--falsified-healmoxy-(amoxicillin)-capsules-500mg,https://cdn.who.int/media/docs/default-source/substandard-and-falsified/n2_2025_healmoxy_en.pdf?sfvrsn=d17da686_6,kept,,279613,24d06c75b271fcb0d9f3238bf99d484c5e8dd1d8a2c278315aab55dfe6259476,PNG,369,468,369,split_e_harvested/HV_000290_x31.png,1,mendeley_iphone11pro/iphone_11_pro_(161).JPG,14,unknown_permission_required,metadata_only_permission_required
HV_000290_x32,WHO,23-04-2025-medical-product-alert-n-2-2025--falsified-healmoxy-(amoxicillin)-capsules-500mg,https://www.who.int/news/item/23-04-2025-medical-product-alert-n-2-2025--falsified-healmoxy-(amoxicillin)-capsules-500mg,https://cdn.who.int/media/docs/default-source/substandard-and-falsified/n2_2025_healmoxy_en.pdf?sfvrsn=d17da686_6,kept,,350525,dd6c9e50c743967963e181092b6a8119a45084a0b8c4438e23ed98d6088fd84c,PNG,471,590,471,split_e_harvested/HV_000290_x32.png,1,kaggle_fake_real/dataset/Fake/Screenshot 2025-09-17 184449.png,16,unknown_permission_required,metadata_only_permission_required
HV_000290_x33,WHO,23-04-2025-medical-product-alert-n-2-2025--falsified-healmoxy-(amoxicillin)-capsules-500mg,https://www.who.int/news/item/23-04-2025-medical-product-alert-n-2-2025--falsified-healmoxy-(amoxicillin)-capsules-500mg,https://cdn.who.int/media/docs/default-source/substandard-and-falsified/n2_2025_healmoxy_en.pdf?sfvrsn=d17da686_6,kept,,505014,270c336912cec8ded87ba773e5f6c3df669a429665ab37fd4fe526d8d20aa3a6,PNG,557,797,557,split_e_harvested/HV_000290_x33.png,1,roboflow/train/images206_jpg.rf.405c90443ebf824419d756492793921d.jpg,18,unknown_permission_required,metadata_only_permission_required
HV_000290_x34,WHO,23-04-2025-medical-product-alert-n-2-2025--falsified-healmoxy-(amoxicillin)-capsules-500mg,https://www.who.int/news/item/23-04-2025-medical-product-alert-n-2-2025--falsified-healmoxy-(amoxicillin)-capsules-500mg,https://cdn.who.int/media/docs/default-source/substandard-and-falsified/n2_2025_healmoxy_en.pdf?sfvrsn=d17da686_6,kept,,205821,fa8c779fdb8f6305cfad3b327085769403a56a0e4c827905dd8d5baf34fe3529,PNG,348,445,348,split_e_harvested/HV_000290_x34.png,1,kaggle_fake_real/dataset/Real/images10.jpg,18,unknown_permission_required,metadata_only_permission_required
HV_000290_x39,WHO,23-04-2025-medical-product-alert-n-2-2025--falsified-healmoxy-(amoxicillin)-capsules-500mg,https://www.who.int/news/item/23-04-2025-medical-product-alert-n-2-2025--falsified-healmoxy-(amoxicillin)-capsules-500mg,https://cdn.who.int/media/docs/default-source/substandard-and-falsified/n2_2025_healmoxy_en.pdf?sfvrsn=d17da686_6,kept,,366536,7a9b9408986b69c78acd49a026c55470bff62d6962fc18358e1acbc2f27f2f75,PNG,619,450,450,split_e_harvested/HV_000290_x39.png,1,kaggle_fake_real/dataset/Fake/Screenshot 2025-09-17 174103.png,16,unknown_permission_required,metadata_only_permission_required
HV_000290_x40,WHO,23-04-2025-medical-product-alert-n-2-2025--falsified-healmoxy-(amoxicillin)-capsules-500mg,https://www.who.int/news/item/23-04-2025-medical-product-alert-n-2-2025--falsified-healmoxy-(amoxicillin)-capsules-500mg,https://cdn.who.int/media/docs/default-source/substandard-and-falsified/n2_2025_healmoxy_en.pdf?sfvrsn=d17da686_6,kept,,450410,d774971424128f18ad34ca42471f20be297168f8322215d88ddca93e488c5df3,PNG,598,507,507,split_e_harvested/HV_000290_x40.png,1,mendeley_split_c/huawei_cn_(124).jpg,16,unknown_permission_required,metadata_only_permission_required
HV_000036_x24,WHO,03-07-2026-medical-product-alert-n-3-2026--falsified-darzalex-(daratumumab),https://www.who.int/news/item/03-07-2026-medical-product-alert-n-3-2026--falsified-darzalex-(daratumumab),https://cdn.who.int/media/docs/default-source/substandard-and-falsified/n2_2026_jakavi_en.pdf?sfvrsn=7371a115_6,kept,,537429,e6085e56c9adc02dced4f9acc1776bc97e2982094fd18d5cec2a94d54037e42a,PNG,940,698,698,split_e_harvested/HV_000036_x24.png,2,roboflow/train/FDA-warns-public-against-fake-Alaxan-FR-Medicol-Advance-Buscopan-Kremil-S-and-Loperamide-1600x900_jpg.rf.cc7b4918d6109b7d015bb75aefafb641.jpg,16,unknown_permission_required,metadata_only_permission_required
HV_000036_x29,WHO,03-07-2026-medical-product-alert-n-3-2026--falsified-darzalex-(daratumumab),https://www.who.int/news/item/03-07-2026-medical-product-alert-n-3-2026--falsified-darzalex-(daratumumab),https://cdn.who.int/media/docs/default-source/substandard-and-falsified/n2_2026_jakavi_en.pdf?sfvrsn=7371a115_6,kept,,519186,e5d02237195d43c9abd6029d06f2e2b4d2cd930597632bb9b91f8a5c842c0bf5,PNG,1008,525,525,split_e_harvested/HV_000036_x29.png,2,kaggle_fake_real/dataset/Real/images4032.jpg,14,unknown_permission_required,metadata_only_permission_required
HV_000339,WHO,26-07-2013-medical-product-alert-n-3-2013--falsified-batches-of-postinor-2,https://www.who.int/news/item/26-07-2013-medical-product-alert-n-3-2013--falsified-batches-of-postinor-2,https://cdn.who.int/media/docs/default-source/substandard-and-falsified/n3_2013-postinor_en.pdf?sfvrsn=e4eb5505_1,dropped,F0_PDF_NO_RASTER,0,,,,,,,1,,,unknown_permission_required,metadata_only_permission_required
HV_000347_x42,WHO,27-05-2015-medical-product-alert-n-3-2015--falsified-meningitis-vaccines-update,https://www.who.int/news/item/27-05-2015-medical-product-alert-n-3-2015--falsified-meningitis-vaccines-update,https://cdn.who.int/media/docs/default-source/substandard-and-falsified/n3_2015-menomune_en.pdf?sfvrsn=ad9e6a17_1,kept,,421798,9f644af3f53173880d34d0420cb8ba0f03746f9b87a3130e311d7721d3fde8a5,PNG,515,834,515,split_e_harvested/HV_000347_x42.png,1,kaggle_fake_real/dataset/Fake/Screenshot 2025-09-17 190900.png,16,unknown_permission_required,metadata_only_permission_required
HV_000347_x43,WHO,27-05-2015-medical-product-alert-n-3-2015--falsified-meningitis-vaccines-update,https://www.who.int/news/item/27-05-2015-medical-product-alert-n-3-2015--falsified-meningitis-vaccines-update,https://cdn.who.int/media/docs/default-source/substandard-and-falsified/n3_2015-menomune_en.pdf?sfvrsn=ad9e6a17_1,kept,,633991,95da72b79bd00bcbf9104416641f3154cfc427924a8508ffa8102b015c2e9c69,PNG,543,614,543,split_e_harvested/HV_000347_x43.png,1,mendeley_iphone11pro/iphone_11_pro_(153).JPG,18,unknown_permission_required,metadata_only_permission_required
HV_000347_x47,WHO,27-05-2015-medical-product-alert-n-3-2015--falsified-meningitis-vaccines-update,https://www.who.int/news/item/27-05-2015-medical-product-alert-n-3-2015--falsified-meningitis-vaccines-update,https://cdn.who.int/media/docs/default-source/substandard-and-falsified/n3_2015-menomune_en.pdf?sfvrsn=ad9e6a17_1,kept,,636148,ebb8898ee706b74c2eb12dcdb0b1a39ed77900961c0b8bfb74080baa55c5b19b,PNG,523,954,523,split_e_harvested/HV_000347_x47.png,1,kaggle_fake_real/dataset/Fake/Screenshot 2025-09-17 191818.png,16,unknown_permission_required,metadata_only_permission_required
HV_000347_x48,WHO,27-05-2015-medical-product-alert-n-3-2015--falsified-meningitis-vaccines-update,https://www.who.int/news/item/27-05-2015-medical-product-alert-n-3-2015--falsified-meningitis-vaccines-update,https://cdn.who.int/media/docs/default-source/substandard-and-falsified/n3_2015-menomune_en.pdf?sfvrsn=ad9e6a17_1,kept,,610423,46a7b1053b92f09a228e86ed362d10a46f0044b6953330fdc0631a47811e8e5b,PNG,513,956,513,split_e_harvested/HV_000347_x48.png,1,roboflow/train/images21_jpg.rf.8c9d1329b8bd9fe8891c44dac1292e9a.jpg,16,unknown_permission_required,metadata_only_permission_required
HV_000347_x49,WHO,27-05-2015-medical-product-alert-n-3-2015--falsified-meningitis-vaccines-update,https://www.who.int/news/item/27-05-2015-medical-product-alert-n-3-2015--falsified-meningitis-vaccines-update,https://cdn.who.int/media/docs/default-source/substandard-and-falsified/n3_2015-menomune_en.pdf?sfvrsn=ad9e6a17_1,kept,,861126,4735aca6646c7fe6c93576b05e4e67a4b399c830b10e9f2999e789aa2d214bfb,PNG,491,874,491,split_e_harvested/HV_000347_x49.png,1,mendeley_iphone11pro/iphone_11_pro_(109).JPG,16,unknown_permission_required,metadata_only_permission_required
HV_000306_x49,WHO,25-02-2016-medical-product-alert-n-3-2016--falsified-hepatitis-c-medicines,https://www.who.int/news/item/25-02-2016-medical-product-alert-n-3-2016--falsified-hepatitis-c-medicines,https://cdn.who.int/media/docs/default-source/substandard-and-falsified/n3_2016-falsified-hepatitis-c-products_en.pdf?sfvrsn=94e99dac_1,kept,,124974,6e5538cda627aeffb11348de7fa6034c7084d9713b10b516549e6ec927cc6b79,PNG,196,368,196,split_e_harvested/HV_000306_x49.png,1,kaggle_fake_real/dataset/Real/images5103.jpg,16,unknown_permission_required,metadata_only_permission_required
HV_000306_x50,WHO,25-02-2016-medical-product-alert-n-3-2016--falsified-hepatitis-c-medicines,https://www.who.int/news/item/25-02-2016-medical-product-alert-n-3-2016--falsified-hepatitis-c-medicines,https://cdn.who.int/media/docs/default-source/substandard-and-falsified/n3_2016-falsified-hepatitis-c-products_en.pdf?sfvrsn=94e99dac_1,kept,,564911,eca8ff56b434123a4f11a0cc10dee272e2be11eb1d9216347d5496c0ce1b2c34,PNG,497,897,497,split_e_harvested/HV_000306_x50.png,1,mendeley_iphone11pro/iphone_11_pro_(1).JPG,18,unknown_permission_required,metadata_only_permission_required
HV_000306_x51,WHO,25-02-2016-medical-product-alert-n-3-2016--falsified-hepatitis-c-medicines,https://www.who.int/news/item/25-02-2016-medical-product-alert-n-3-2016--falsified-hepatitis-c-medicines,https://cdn.who.int/media/docs/default-source/substandard-and-falsified/n3_2016-falsified-hepatitis-c-products_en.pdf?sfvrsn=94e99dac_1,kept,,580466,522a75e015789b7c559b85faaeb5aeb64af21042930ab57344a4fdfd548954a8,PNG,439,698,439,split_e_harvested/HV_000306_x51.png,1,mendeley_iphone11pro/iphone_11_pro_(117).JPG,20,unknown_permission_required,metadata_only_permission_required
HV_000306_x52,WHO,25-02-2016-medical-product-alert-n-3-2016--falsified-hepatitis-c-medicines,https://www.who.int/news/item/25-02-2016-medical-product-alert-n-3-2016--falsified-hepatitis-c-medicines,https://cdn.who.int/media/docs/default-source/substandard-and-falsified/n3_2016-falsified-hepatitis-c-products_en.pdf?sfvrsn=94e99dac_1,kept,,455645,15a738c13abf0f6036ab986e54d6feca5b7991757b9e167a5385949aaff08389,PNG,420,723,420,split_e_harvested/HV_000306_x52.png,1,roboflow/train/images5114_jpg.rf.0c860f72cb1ac32b4a1ce8f7a14a98c4.jpg,18,unknown_permission_required,metadata_only_permission_required
HV_000306_x53,WHO,25-02-2016-medical-product-alert-n-3-2016--falsified-hepatitis-c-medicines,https://www.who.int/news/item/25-02-2016-medical-product-alert-n-3-2016--falsified-hepatitis-c-medicines,https://cdn.who.int/media/docs/default-source/substandard-and-falsified/n3_2016-falsified-hepatitis-c-products_en.pdf?sfvrsn=94e99dac_1,kept,,496121,02c06f0ebc4c2ba1d5c1ed75a1a1936ca43f610155a8b89e05a8d54d04ab62da,PNG,444,823,444,split_e_harvested/HV_000306_x53.png,1,kaggle_fake_real/dataset/Fake/Screenshot 2025-09-17 192445.png,18,unknown_permission_required,metadata_only_permission_required
HV_000217_x17,WHO,18-08-2017-medical-product-alert-n-3-2017--falsified-avastin-and-sutent,https://www.who.int/news/item/18-08-2017-medical-product-alert-n-3-2017--falsified-avastin-and-sutent,https://cdn.who.int/media/docs/default-source/substandard-and-falsified/n3_2017-falsified-avastin-and-sutent_en.pdf?sfvrsn=7986c755_1,dropped,F3_BYTE_DUP_OF:HV_000002_x17,35542,2bdd37e84de765deedb4d22b4c03c4b2e1ed69453541580ff4f903a8e5268458,PNG,398,123,123,,1,,,unknown_permission_required,metadata_only_permission_required
HV_000217_x27,WHO,18-08-2017-medical-product-alert-n-3-2017--falsified-avastin-and-sutent,https://www.who.int/news/item/18-08-2017-medical-product-alert-n-3-2017--falsified-avastin-and-sutent,https://cdn.who.int/media/docs/default-source/substandard-and-falsified/n3_2017-falsified-avastin-and-sutent_en.pdf?sfvrsn=7986c755_1,kept,,422166,b1d657dc6b1c4033d46e4d3d90a0d974a46602ed17fa1225a45898dda1b30482,PNG,665,499,499,split_e_harvested/HV_000217_x27.png,1,roboflow/train/images02_jpg.rf.fc13e22dfa6c950c84cf760f0d390b57.jpg,18,unknown_permission_required,metadata_only_permission_required
HV_000217_x28,WHO,18-08-2017-medical-product-alert-n-3-2017--falsified-avastin-and-sutent,https://www.who.int/news/item/18-08-2017-medical-product-alert-n-3-2017--falsified-avastin-and-sutent,https://cdn.who.int/media/docs/default-source/substandard-and-falsified/n3_2017-falsified-avastin-and-sutent_en.pdf?sfvrsn=7986c755_1,kept,,221882,1719abff74fc1537418670cee10e5a830f67ed8d7f063e9091eeedf561afedab,PNG,452,339,339,split_e_harvested/HV_000217_x28.png,1,kaggle_fake_real/dataset/Real/images4119.jpg,18,unknown_permission_required,metadata_only_permission_required
HV_000217_x33,WHO,18-08-2017-medical-product-alert-n-3-2017--falsified-avastin-and-sutent,https://www.who.int/news/item/18-08-2017-medical-product-alert-n-3-2017--falsified-avastin-and-sutent,https://cdn.who.int/media/docs/default-source/substandard-and-falsified/n3_2017-falsified-avastin-and-sutent_en.pdf?sfvrsn=7986c755_1,kept,,221406,85a1abbba86d30029a0d4a8ad0f992bfb8eae3a3f6693751f49909de2ebf2f86,PNG,449,337,337,split_e_harvested/HV_000217_x33.png,1,kaggle_fake_real/dataset/Fake/Screenshot 2025-09-17 193416.png,20,unknown_permission_required,metadata_only_permission_required
HV_000217_x34,WHO,18-08-2017-medical-product-alert-n-3-2017--falsified-avastin-and-sutent,https://www.who.int/news/item/18-08-2017-medical-product-alert-n-3-2017--falsified-avastin-and-sutent,https://cdn.who.int/media/docs/default-source/substandard-and-falsified/n3_2017-falsified-avastin-and-sutent_en.pdf?sfvrsn=7986c755_1,kept,,219868,2afb3446608b6b78915a073d05cf8a38c7d983674a6914741d300ab40662b773,PNG,469,352,352,split_e_harvested/HV_000217_x34.png,1,kaggle_fake_real/dataset/Fake/Screenshot 2025-09-17 180106.png,20,unknown_permission_required,metadata_only_permission_required
HV_000282_x17,WHO,23-03-2018-medical-product-alert-n-3-2018--falsified-hepatitis-b-vaccines,https://www.who.int/news/item/23-03-2018-medical-product-alert-n-3-2018--falsified-hepatitis-b-vaccines,https://cdn.who.int/media/docs/default-source/substandard-and-falsified/n3_2018-falsified-hep-b-vaccine_en.pdf?sfvrsn=3df5a932_1,dropped,F3_BYTE_DUP_OF:HV_000002_x17,35542,2bdd37e84de765deedb4d22b4c03c4b2e1ed69453541580ff4f903a8e5268458,PNG,398,123,123,,1,,,unknown_permission_required,metadata_only_permission_required
HV_000282_x45,WHO,23-03-2018-medical-product-alert-n-3-2018--falsified-hepatitis-b-vaccines,https://www.who.int/news/item/23-03-2018-medical-product-alert-n-3-2018--falsified-hepatitis-b-vaccines,https://cdn.who.int/media/docs/default-source/substandard-and-falsified/n3_2018-falsified-hep-b-vaccine_en.pdf?sfvrsn=3df5a932_1,kept,,597581,165818e42418dd8d6d02e509a5d5459cdca190637172dc974ef42a8493eca074,PNG,748,514,514,split_e_harvested/HV_000282_x45.png,1,kaggle_fake_real/dataset/Fake/Screenshot 2025-09-17 180440.png,18,unknown_permission_required,metadata_only_permission_required
HV_000282_x47,WHO,23-03-2018-medical-product-alert-n-3-2018--falsified-hepatitis-b-vaccines,https://www.who.int/news/item/23-03-2018-medical-product-alert-n-3-2018--falsified-hepatitis-b-vaccines,https://cdn.who.int/media/docs/default-source/substandard-and-falsified/n3_2018-falsified-hep-b-vaccine_en.pdf?sfvrsn=3df5a932_1,kept,,486324,f7c96fd4ed7b304ebe78eefb2f6baef2686071ae1608adc0127beca5df854092,PNG,646,485,485,split_e_harvested/HV_000282_x47.png,1,mendeley_split_c/huawei_cn_(118).jpg,18,unknown_permission_required,metadata_only_permission_required
HV_000282_x49,WHO,23-03-2018-medical-product-alert-n-3-2018--falsified-hepatitis-b-vaccines,https://www.who.int/news/item/23-03-2018-medical-product-alert-n-3-2018--falsified-hepatitis-b-vaccines,https://cdn.who.int/media/docs/default-source/substandard-and-falsified/n3_2018-falsified-hep-b-vaccine_en.pdf?sfvrsn=3df5a932_1,kept,,432862,151fbcd7cf5dc47c416f455cd8bf25598ff49688a183c2f1303907085ab6c925,PNG,572,461,461,split_e_harvested/HV_000282_x49.png,1,kaggle_fake_real/dataset/Real/images4097.jpg,18,unknown_permission_required,metadata_only_permission_required
HV_000282_x51,WHO,23-03-2018-medical-product-alert-n-3-2018--falsified-hepatitis-b-vaccines,https://www.who.int/news/item/23-03-2018-medical-product-alert-n-3-2018--falsified-hepatitis-b-vaccines,https://cdn.who.int/media/docs/default-source/substandard-and-falsified/n3_2018-falsified-hep-b-vaccine_en.pdf?sfvrsn=3df5a932_1,kept,,401408,f37336d98c38ad23ccf08b7fe96eba09096f81ded4bcf638f73d4106e1416fd1,PNG,466,620,466,split_e_harvested/HV_000282_x51.png,1,mendeley_iphone11pro/iphone_11_pro_(144).JPG,20,unknown_permission_required,metadata_only_permission_required
HV_000282_x53,WHO,23-03-2018-medical-product-alert-n-3-2018--falsified-hepatitis-b-vaccines,https://www.who.int/news/item/23-03-2018-medical-product-alert-n-3-2018--falsified-hepatitis-b-vaccines,https://cdn.who.int/media/docs/default-source/substandard-and-falsified/n3_2018-falsified-hep-b-vaccine_en.pdf?sfvrsn=3df5a932_1,kept,,579422,70499bd2ce3c81cf140074324a2680979c0a5898850b478ab3f53d0c6faafb91,PNG,518,576,518,split_e_harvested/HV_000282_x53.png,1,mendeley_iphone11pro/iphone_11_pro_(166).JPG,20,unknown_permission_required,metadata_only_permission_required
HV_000355_x34,WHO,27-05-2022-medical-product-alert-n-3-2022-falsified-intratect-human-normal-immunoglobulin,https://www.who.int/news/item/27-05-2022-medical-product-alert-n-3-2022-falsified-intratect-human-normal-immunoglobulin,https://cdn.who.int/media/docs/default-source/substandard-and-falsified/n3_2022_falsified-immunoglobin_en.pdf?sfvrsn=994a1299_3,kept,,122851,68f0b3f126af52325e44d325a79745a22ca2db34951378296d9a2fa03fc3e48d,PNG,277,445,277,split_e_harvested/HV_000355_x34.png,1,kaggle_fake_real/dataset/Real/images5054.jpg,16,unknown_permission_required,metadata_only_permission_required
HV_000355_x35,WHO,27-05-2022-medical-product-alert-n-3-2022-falsified-intratect-human-normal-immunoglobulin,https://www.who.int/news/item/27-05-2022-medical-product-alert-n-3-2022-falsified-intratect-human-normal-immunoglobulin,https://cdn.who.int/media/docs/default-source/substandard-and-falsified/n3_2022_falsified-immunoglobin_en.pdf?sfvrsn=994a1299_3,kept,,274448,8b5371bb9ea56f8413483155491b19f9cc1734f0bb0daac72010897c9ffb1d53,PNG,337,698,337,split_e_harvested/HV_000355_x35.png,1,mendeley_split_c/huawei_cn_(143).jpg,16,unknown_permission_required,metadata_only_permission_required
HV_000355_x36,WHO,27-05-2022-medical-product-alert-n-3-2022-falsified-intratect-human-normal-immunoglobulin,https://www.who.int/news/item/27-05-2022-medical-product-alert-n-3-2022-falsified-intratect-human-normal-immunoglobulin,https://cdn.who.int/media/docs/default-source/substandard-and-falsified/n3_2022_falsified-immunoglobin_en.pdf?sfvrsn=994a1299_3,kept,,115977,21857b209146b28bfc229d01cc52b9b6e5716638efcbd237cce2364c8b1ef4fa,PNG,202,363,202,split_e_harvested/HV_000355_x36.png,1,kaggle_fake_real/dataset/Fake/Screenshot 2025-09-17 193507.png,16,unknown_permission_required,metadata_only_permission_required
HV_000355_x37,WHO,27-05-2022-medical-product-alert-n-3-2022-falsified-intratect-human-normal-immunoglobulin,https://www.who.int/news/item/27-05-2022-medical-product-alert-n-3-2022-falsified-intratect-human-normal-immunoglobulin,https://cdn.who.int/media/docs/default-source/substandard-and-falsified/n3_2022_falsified-immunoglobin_en.pdf?sfvrsn=994a1299_3,kept,,49085,9daa16230c443e356b270885f40aee05cf42d09c9ae14bab858e19a0045de9f2,PNG,127,219,127,split_e_harvested/HV_000355_x37.png,1,roboflow/train/images244_jpg.rf.772b6525777c7af720ccb94be1f2dec5.jpg,18,unknown_permission_required,metadata_only_permission_required
HV_000153_x35,WHO,11-04-2023-medical-product-alert-n-3-2023--falsified-defitelio-(defibrotide-sodium),https://www.who.int/news/item/11-04-2023-medical-product-alert-n-3-2023--falsified-defitelio-(defibrotide-sodium),https://cdn.who.int/media/docs/default-source/substandard-and-falsified/n3_2023_defitelio_en.pdf?sfvrsn=d1e9e3f1_7,kept,,464383,9d684232a3f2b74c79bb28ce419bfe02a13c06a2b641c24aed9ca10fb5668aaa,PNG,571,455,455,split_e_harvested/HV_000153_x35.png,1,kaggle_fake_real/dataset/Fake/Screenshot 2025-09-17 175749.png,20,unknown_permission_required,metadata_only_permission_required
HV_000153_x36,WHO,11-04-2023-medical-product-alert-n-3-2023--falsified-defitelio-(defibrotide-sodium),https://www.who.int/news/item/11-04-2023-medical-product-alert-n-3-2023--falsified-defitelio-(defibrotide-sodium),https://cdn.who.int/media/docs/default-source/substandard-and-falsified/n3_2023_defitelio_en.pdf?sfvrsn=d1e9e3f1_7,kept,,190251,a48d0a05c9873a2fe0ae7b7e351c65510e055be08b8bdb5afa61888361d20e23,PNG,622,174,174,split_e_harvested/HV_000153_x36.png,1,roboflow/train/images225_jpg.rf.25b1ec67c00910b4770071a834feea42.jpg,16,unknown_permission_required,metadata_only_permission_required
HV_000078_x36,WHO,05-08-2024-medical-product-alert-n-3-2024--falsified-(contaminated)-oxymorphone-hydrochloride-40mg,https://www.who.int/news/item/05-08-2024-medical-product-alert-n-3-2024--falsified-(contaminated)-oxymorphone-hydrochloride-40mg,https://cdn.who.int/media/docs/default-source/substandard-and-falsified/n3_2024-oxymorphone_en.pdf?sfvrsn=d0009ecb_6,kept,,610057,a5f141acafe642edde2cd7fd1b6b7255962a2deaf33359d968f2eb51cbec09e6,PNG,551,750,551,split_e_harvested/HV_000078_x36.png,1,kaggle_fake_real/dataset/Fake/Screenshot 2025-09-17 192938.png,18,unknown_permission_required,metadata_only_permission_required
HV_000180_x36,WHO,14-05-2025-medical-product-alert-n-3-2025--falsified-imfinzi-(durvalumab)-injection-500mg-10ml,https://www.who.int/news/item/14-05-2025-medical-product-alert-n-3-2025--falsified-imfinzi-(durvalumab)-injection-500mg-10ml,https://cdn.who.int/media/docs/default-source/substandard-and-falsified/n3_2025_imfinzi_en.pdf?sfvrsn=3706111a_6,kept,,250101,84d5cf473100cc44dac489be5fecdd0dd571548c6ecd63766cc50d98c4a4e66d,PNG,466,377,377,split_e_harvested/HV_000180_x36.png,1,kaggle_fake_real/dataset/Fake/Screenshot 2025-09-17 180820.png,18,unknown_permission_required,metadata_only_permission_required
HV_000180_x38,WHO,14-05-2025-medical-product-alert-n-3-2025--falsified-imfinzi-(durvalumab)-injection-500mg-10ml,https://www.who.int/news/item/14-05-2025-medical-product-alert-n-3-2025--falsified-imfinzi-(durvalumab)-injection-500mg-10ml,https://cdn.who.int/media/docs/default-source/substandard-and-falsified/n3_2025_imfinzi_en.pdf?sfvrsn=3706111a_6,kept,,165107,f9d52f1c71bf141403e872b4bb9b0aaf375af9ba0472f1d386a8f7a499fe4b05,PNG,446,230,230,split_e_harvested/HV_000180_x38.png,1,kaggle_fake_real/dataset/Real/images216.jpg,16,unknown_permission_required,metadata_only_permission_required
HV_000035_x24,WHO,03-07-2026-medical-product-alert-n-3-2026--falsified-darzalex-(daratumumab),https://www.who.int/news/item/03-07-2026-medical-product-alert-n-3-2026--falsified-darzalex-(daratumumab),https://cdn.who.int/media/docs/default-source/substandard-and-falsified/n3_2026_darzalex_en.pdf?sfvrsn=e7e1aaf7_6,kept,,1473047,14175b0162e9b6c573d0eb44ba8a373ff32413505d63c088b0e4038185a5a5d3,PNG,1364,906,906,split_e_harvested/HV_000035_x24.png,2,mendeley_iphone11pro/iphone_11_pro_(195).JPG,18,unknown_permission_required,metadata_only_permission_required
HV_000170_x50,WHO,13-08-2021-medical-product-alert-n-4-2021-falsified-remdesivir,https://www.who.int/news/item/13-08-2021-medical-product-alert-n-4-2021-falsified-remdesivir,https://cdn.who.int/media/docs/default-source/substandard-and-falsified/n4-2021-falsified-remdesivir-en.pdf?sfvrsn=14d2a2e7_15,kept,,157633,edfe4fdac78f1591bc8ad6d6ca21e9937869db61803146cd3285c9497fbc80c7,PNG,253,472,253,split_e_harvested/HV_000170_x50.png,1,kaggle_fake_real/dataset/Fake/Screenshot 2025-09-17 182752.png,18,unknown_permission_required,metadata_only_permission_required
HV_000170_x51,WHO,13-08-2021-medical-product-alert-n-4-2021-falsified-remdesivir,https://www.who.int/news/item/13-08-2021-medical-product-alert-n-4-2021-falsified-remdesivir,https://cdn.who.int/media/docs/default-source/substandard-and-falsified/n4-2021-falsified-remdesivir-en.pdf?sfvrsn=14d2a2e7_15,kept,,241069,9df5106949f1df53621a2be49b92978adbd733d897cbce9bd0438f8d755bf490,PNG,345,566,345,split_e_harvested/HV_000170_x51.png,1,kaggle_fake_real/dataset/Real/images238.jpg,16,unknown_permission_required,metadata_only_permission_required
HV_000019_x25,WHO,02-07-2015-medical-product-alert-n-4-2015--adverse-reactions-caused-by-falsified-diazepam,https://www.who.int/news/item/02-07-2015-medical-product-alert-n-4-2015--adverse-reactions-caused-by-falsified-diazepam,https://cdn.who.int/media/docs/default-source/substandard-and-falsified/n4_2015-diazepam_en.pdf?sfvrsn=aa700dc9_1,kept,,171399,eb19288d1f752d948b0ef411cc8813ddbfacf1568fb4019bb07e2e9171b05645,PNG,372,360,360,split_e_harvested/HV_000019_x25.png,1,kaggle_fake_real/dataset/Real/images306.jpg,18,unknown_permission_required,metadata_only_permission_required
HV_000019_x40,WHO,02-07-2015-medical-product-alert-n-4-2015--adverse-reactions-caused-by-falsified-diazepam,https://www.who.int/news/item/02-07-2015-medical-product-alert-n-4-2015--adverse-reactions-caused-by-falsified-diazepam,https://cdn.who.int/media/docs/default-source/substandard-and-falsified/n4_2015-diazepam_en.pdf?sfvrsn=aa700dc9_1,kept,,507933,d92a7d48a719f74e742fcbe821e7513abdfded45dac89a1714cf7794c6eb4ffb,PNG,617,837,617,split_e_harvested/HV_000019_x40.png,1,kaggle_fake_real/dataset/Real/images269.jpg,18,unknown_permission_required,metadata_only_permission_required
HV_000019_x49,WHO,02-07-2015-medical-product-alert-n-4-2015--adverse-reactions-caused-by-falsified-diazepam,https://www.who.int/news/item/02-07-2015-medical-product-alert-n-4-2015--adverse-reactions-caused-by-falsified-diazepam,https://cdn.who.int/media/docs/default-source/substandard-and-falsified/n4_2015-diazepam_en.pdf?sfvrsn=aa700dc9_1,kept,,268859,1bc51a59abff2f9604797bdf652b97873e66b8619cb8a0eeb2e91b28ff1a75a9,PNG,652,475,475,split_e_harvested/HV_000019_x49.png,1,kaggle_fake_real/dataset/Fake/Screenshot 2025-09-17 174048.png,16,unknown_permission_required,metadata_only_permission_required
HV_000019_x50,WHO,02-07-2015-medical-product-alert-n-4-2015--adverse-reactions-caused-by-falsified-diazepam,https://www.who.int/news/item/02-07-2015-medical-product-alert-n-4-2015--adverse-reactions-caused-by-falsified-diazepam,https://cdn.who.int/media/docs/default-source/substandard-and-falsified/n4_2015-diazepam_en.pdf?sfvrsn=aa700dc9_1,dropped,F2_TOO_SMALL,259,73ba6463409ff0cb3bc5e35c13690e4f50ba404635eb8b3bb0c575e6b4df7a5e,PNG,1272,21,21,,1,,,unknown_permission_required,metadata_only_permission_required
HV_000241_x29,WHO,19-08-2016-medical-product-alert-n-4-2016--falsified-quinine-sulphate,https://www.who.int/news/item/19-08-2016-medical-product-alert-n-4-2016--falsified-quinine-sulphate,https://cdn.who.int/media/docs/default-source/substandard-and-falsified/n4_2016-falsified-quinine-sulphate_en.pdf?sfvrsn=7cf5346f_1,kept,,274311,7e4acfcda91f8fe22c104f5ee0634ce1c5286a8900d014b4bb2572286905ea43,PNG,642,856,642,split_e_harvested/HV_000241_x29.png,1,kaggle_fake_real/dataset/Fake/Screenshot 2025-09-17 184728.png,16,unknown_permission_required,metadata_only_permission_required
HV_000241_x30,WHO,19-08-2016-medical-product-alert-n-4-2016--falsified-quinine-sulphate,https://www.who.int/news/item/19-08-2016-medical-product-alert-n-4-2016--falsified-quinine-sulphate,https://cdn.who.int/media/docs/default-source/substandard-and-falsified/n4_2016-falsified-quinine-sulphate_en.pdf?sfvrsn=7cf5346f_1,kept,,383747,11470b198e13c4c7d961f3abca2966b9cde0bc91c30e208c829da2c4c8130236,PNG,642,856,642,split_e_harvested/HV_000241_x30.png,1,mendeley_iphone11pro/iphone_11_pro_(159).JPG,18,unknown_permission_required,metadata_only_permission_required
HV_000241_x42,WHO,19-08-2016-medical-product-alert-n-4-2016--falsified-quinine-sulphate,https://www.who.int/news/item/19-08-2016-medical-product-alert-n-4-2016--falsified-quinine-sulphate,https://cdn.who.int/media/docs/default-source/substandard-and-falsified/n4_2016-falsified-quinine-sulphate_en.pdf?sfvrsn=7cf5346f_1,kept,,190488,55ba47c6ea9f09bae398ecbe0beec5e948dfa6831104863c3c4196a268fde469,PNG,369,398,369,split_e_harvested/HV_000241_x42.png,1,kaggle_fake_real/dataset/Fake/Screenshot 2025-09-17 181712.png,20,unknown_permission_required,metadata_only_permission_required
HV_000241_x43,WHO,19-08-2016-medical-product-alert-n-4-2016--falsified-quinine-sulphate,https://www.who.int/news/item/19-08-2016-medical-product-alert-n-4-2016--falsified-quinine-sulphate,https://cdn.who.int/media/docs/default-source/substandard-and-falsified/n4_2016-falsified-quinine-sulphate_en.pdf?sfvrsn=7cf5346f_1,kept,,212231,5dc6e4cc17b98010880eb5c3063ae38bbb88f563f4d794b8d7ba237dda52f127,PNG,406,430,406,split_e_harvested/HV_000241_x43.png,1,split_e_regulatory/PC_000056.png,16,unknown_permission_required,metadata_only_permission_required
HV_000371_x17,WHO,27-11-2017-medical-product-alert-n-4-2017--falsified-penicillin-v,https://www.who.int/news/item/27-11-2017-medical-product-alert-n-4-2017--falsified-penicillin-v,https://cdn.who.int/media/docs/default-source/substandard-and-falsified/n4_2017-falsified-phenoxym-pencillin_en.pdf?sfvrsn=64335204_1,dropped,F3_BYTE_DUP_OF:HV_000002_x17,35542,2bdd37e84de765deedb4d22b4c03c4b2e1ed69453541580ff4f903a8e5268458,PNG,398,123,123,,1,,,unknown_permission_required,metadata_only_permission_required
HV_000371_x36,WHO,27-11-2017-medical-product-alert-n-4-2017--falsified-penicillin-v,https://www.who.int/news/item/27-11-2017-medical-product-alert-n-4-2017--falsified-penicillin-v,https://cdn.who.int/media/docs/default-source/substandard-and-falsified/n4_2017-falsified-phenoxym-pencillin_en.pdf?sfvrsn=64335204_1,kept,,470773,7c294ffbd77ee4973499e94ac378bea9ca5a0ab26cf5a76e9301bdc449375ae2,PNG,457,752,457,split_e_harvested/HV_000371_x36.png,1,roboflow/train/images4048_jpg.rf.716b450c9227926aa231178538abf764.jpg,14,unknown_permission_required,metadata_only_permission_required
HV_000371_x37,WHO,27-11-2017-medical-product-alert-n-4-2017--falsified-penicillin-v,https://www.who.int/news/item/27-11-2017-medical-product-alert-n-4-2017--falsified-penicillin-v,https://cdn.who.int/media/docs/default-source/substandard-and-falsified/n4_2017-falsified-phenoxym-pencillin_en.pdf?sfvrsn=64335204_1,kept,,206153,dc42b355dbb101cf998cc175cdf01324ec66917ff03fc7a0fa84d1f7b67386db,PNG,289,304,289,split_e_harvested/HV_000371_x37.png,1,kaggle_fake_real/dataset/Fake/Screenshot 2025-09-17 191148.png,16,unknown_permission_required,metadata_only_permission_required
HV_000371_x38,WHO,27-11-2017-medical-product-alert-n-4-2017--falsified-penicillin-v,https://www.who.int/news/item/27-11-2017-medical-product-alert-n-4-2017--falsified-penicillin-v,https://cdn.who.int/media/docs/default-source/substandard-and-falsified/n4_2017-falsified-phenoxym-pencillin_en.pdf?sfvrsn=64335204_1,kept,,373838,cf1c2107167f0c3b501ba206e30c7c9ac53ae1788dc8edaa3ce4891502b1c04b,PNG,350,437,350,split_e_harvested/HV_000371_x38.png,1,kaggle_fake_real/dataset/Fake/Screenshot 2025-09-17 183015.png,12,unknown_permission_required,metadata_only_permission_required
HV_000371_x39,WHO,27-11-2017-medical-product-alert-n-4-2017--falsified-penicillin-v,https://www.who.int/news/item/27-11-2017-medical-product-alert-n-4-2017--falsified-penicillin-v,https://cdn.who.int/media/docs/default-source/substandard-and-falsified/n4_2017-falsified-phenoxym-pencillin_en.pdf?sfvrsn=64335204_1,kept,,228667,e916d296943a9212ac2337ef99956ea801b007194783f0c03367477540f850ab,PNG,556,223,223,split_e_harvested/HV_000371_x39.png,1,mendeley_split_c/huawei_cn_(32).jpg,16,unknown_permission_required,metadata_only_permission_required
HV_000133_x54,WHO,10-10-2024-medical-product-alert-n-4-2024--falsified-usp-ep-propylene-glycol,https://www.who.int/news/item/10-10-2024-medical-product-alert-n-4-2024--falsified-usp-ep-propylene-glycol,https://cdn.who.int/media/docs/default-source/substandard-and-falsified/n4_2024_usp_ep-propylene-glycol_en.pdf?sfvrsn=a540e9a6_16,kept,,670405,e8de5aa3e2de07bffb97c100ba9b3fa4af73337a4fd0d81c7d50b3b6050a50b8,PNG,1143,860,860,split_e_harvested/HV_000133_x54.png,1,kaggle_fake_real/dataset/Fake/Screenshot 2025-09-17 193608.png,18,unknown_permission_required,metadata_only_permission_required
HV_000133_x59,WHO,10-10-2024-medical-product-alert-n-4-2024--falsified-usp-ep-propylene-glycol,https://www.who.int/news/item/10-10-2024-medical-product-alert-n-4-2024--falsified-usp-ep-propylene-glycol,https://cdn.who.int/media/docs/default-source/substandard-and-falsified/n4_2024_usp_ep-propylene-glycol_en.pdf?sfvrsn=a540e9a6_16,kept,,285686,2df36f03da310fbd3de1c6418315c81865d83c64bcbca207858e513493df0f3e,PNG,506,743,506,split_e_harvested/HV_000133_x59.png,1,roboflow/train/images5114_jpg.rf.3eab66a2182cd5bb9f63f8eb29b3f3a8.jpg,18,unknown_permission_required,metadata_only_permission_required
HV_000133_x66,WHO,10-10-2024-medical-product-alert-n-4-2024--falsified-usp-ep-propylene-glycol,https://www.who.int/news/item/10-10-2024-medical-product-alert-n-4-2024--falsified-usp-ep-propylene-glycol,https://cdn.who.int/media/docs/default-source/substandard-and-falsified/n4_2024_usp_ep-propylene-glycol_en.pdf?sfvrsn=a540e9a6_16,kept,,852468,b7ef7455fb6f0ce1a6b48e2b993b7ed756b4c419f1753d8c7dce7bba3125f898,PNG,996,717,717,split_e_harvested/HV_000133_x66.png,1,kaggle_fake_real/dataset/Real/images13.jpg,18,unknown_permission_required,metadata_only_permission_required
HV_000106,WHO,09-12-2025-medical-product-alert-n-6-2025--falsified-simulect-(basiliximab)-for-injection,https://www.who.int/news/item/09-12-2025-medical-product-alert-n-6-2025--falsified-simulect-(basiliximab)-for-injection,https://cdn.who.int/media/docs/default-source/substandard-and-falsified/n4_2025_fentanilo-hlb_en.pdf?sfvrsn=d1f750c8_6,dropped,F0_PDF_NO_RASTER,0,,,,,,,1,,,unknown_permission_required,metadata_only_permission_required
HV_000087,WHO,08-11-2013-medical-product-alert-n-5-2013--falsified-batches-of-coartem-update,https://www.who.int/news/item/08-11-2013-medical-product-alert-n-5-2013--falsified-batches-of-coartem-update,https://cdn.who.int/media/docs/default-source/substandard-and-falsified/n5_2013-coartem_en.pdf?sfvrsn=9cf0be5b_1,dropped,F0_PDF_NO_RASTER,0,,,,,,,1,,,unknown_permission_required,metadata_only_permission_required
HV_000225_x44,WHO,18-11-2015-medical-product-alert-n-5-2015--falsified-emergency-contraceptive,https://www.who.int/news/item/18-11-2015-medical-product-alert-n-5-2015--falsified-emergency-contraceptive,https://cdn.who.int/media/docs/default-source/substandard-and-falsified/n5_2015-falsified-postinor_en.pdf?sfvrsn=8a4dc5a2_1,kept,,1326257,41b26efa66b74be4bfbe0eab98cf0916c0952d05d490d6013eb9540e6a00690a,PNG,964,1036,964,split_e_harvested/HV_000225_x44.png,1,kaggle_fake_real/dataset/Fake/Screenshot 2025-09-17 184936.png,14,unknown_permission_required,metadata_only_permission_required
HV_000322_x34,WHO,25-08-2022-medical-product-alert-n-5-2022-falsified-diprivan,https://www.who.int/news/item/25-08-2022-medical-product-alert-n-5-2022-falsified-diprivan,https://cdn.who.int/media/docs/default-source/substandard-and-falsified/n5_2022-falsified-diprivan_en.pdf?sfvrsn=d608c77c_1,kept,,303090,539bb1c2a3bf262e17f37bb24430f7c92a81140fb416cfae529b038900f3b442,PNG,320,800,320,split_e_harvested/HV_000322_x34.png,1,kaggle_fake_real/dataset/Real/images5001.jpg,14,unknown_permission_required,metadata_only_permission_required
HV_000322_x35,WHO,25-08-2022-medical-product-alert-n-5-2022-falsified-diprivan,https://www.who.int/news/item/25-08-2022-medical-product-alert-n-5-2022-falsified-diprivan,https://cdn.who.int/media/docs/default-source/substandard-and-falsified/n5_2022-falsified-diprivan_en.pdf?sfvrsn=d608c77c_1,kept,,271415,15eafec2939b25a1174c2036f79a03f0c61c8eca418f26bf56e2e5d2be75cd73,PNG,668,266,266,split_e_harvested/HV_000322_x35.png,1,mendeley_iphone11pro/iphone_11_pro_(123).JPG,16,unknown_permission_required,metadata_only_permission_required
HV_000322_x36,WHO,25-08-2022-medical-product-alert-n-5-2022-falsified-diprivan,https://www.who.int/news/item/25-08-2022-medical-product-alert-n-5-2022-falsified-diprivan,https://cdn.who.int/media/docs/default-source/substandard-and-falsified/n5_2022-falsified-diprivan_en.pdf?sfvrsn=d608c77c_1,kept,,255755,cbd39ca0505357d45057a244903488fa77b2e961dc67303711e769d53da4cbda,PNG,793,321,321,split_e_harvested/HV_000322_x36.png,1,mendeley_split_c/huawei_cn_(88).jpg,18,unknown_permission_required,metadata_only_permission_required
HV_000322_x37,WHO,25-08-2022-medical-product-alert-n-5-2022-falsified-diprivan,https://www.who.int/news/item/25-08-2022-medical-product-alert-n-5-2022-falsified-diprivan,https://cdn.who.int/media/docs/default-source/substandard-and-falsified/n5_2022-falsified-diprivan_en.pdf?sfvrsn=d608c77c_1,kept,,287476,72caedc9aacede685cab4df180b16c8b61a8221cf20eac0e9f643d48f82b34bc,PNG,847,327,327,split_e_harvested/HV_000322_x37.png,1,mendeley_iphone11pro/iphone_11_pro_(137).JPG,16,unknown_permission_required,metadata_only_permission_required
HV_000105,WHO,09-12-2025-medical-product-alert-n-6-2025--falsified-simulect-(basiliximab)-for-injection,https://www.who.int/news/item/09-12-2025-medical-product-alert-n-6-2025--falsified-simulect-(basiliximab)-for-injection,https://cdn.who.int/media/docs/default-source/substandard-and-falsified/n5_2025_syrup-medicines_en.pdf?sfvrsn=652770c2_7,dropped,F0_PDF_NO_RASTER,0,,,,,,,1,,,unknown_permission_required,metadata_only_permission_required
HV_000053_x48,WHO,04-11-2021-medical-product-alert-n-6-2021-falsified-pfizer-biontech-covid-19-vaccine,https://www.who.int/news/item/04-11-2021-medical-product-alert-n-6-2021-falsified-pfizer-biontech-covid-19-vaccine,https://cdn.who.int/media/docs/default-source/substandard-and-falsified/n6_2021-falsified-biotech_en.pdf?sfvrsn=28aa62f1_38,dropped,F4_POOL_DUP,571905,1b1ba8f3ed253177ba331e29d4ad1f06770874ab178e54259e62bbcca81f8215,PNG,1105,336,336,,1,split_e_regulatory/PC_000056.png,0,unknown_permission_required,metadata_only_permission_required
HV_000104_x39,WHO,09-12-2025-medical-product-alert-n-6-2025--falsified-simulect-(basiliximab)-for-injection,https://www.who.int/news/item/09-12-2025-medical-product-alert-n-6-2025--falsified-simulect-(basiliximab)-for-injection,https://cdn.who.int/media/docs/default-source/substandard-and-falsified/n6_2025_simulect_en.pdf?sfvrsn=2a0a49d3_6,kept,,507064,b950bab2aec679665184e42e91568238789e465384a45f7ddc9f21f7b1555b58,PNG,801,466,466,split_e_harvested/HV_000104_x39.png,1,kaggle_fake_real/dataset/Real/images313.jpg,18,unknown_permission_required,metadata_only_permission_required
HV_000104_x40,WHO,09-12-2025-medical-product-alert-n-6-2025--falsified-simulect-(basiliximab)-for-injection,https://www.who.int/news/item/09-12-2025-medical-product-alert-n-6-2025--falsified-simulect-(basiliximab)-for-injection,https://cdn.who.int/media/docs/default-source/substandard-and-falsified/n6_2025_simulect_en.pdf?sfvrsn=2a0a49d3_6,kept,,387116,601c44c24e16a5670183b59be3019d15078efd2c888ba9fbafd12720e88e46e2,PNG,774,450,450,split_e_harvested/HV_000104_x40.png,1,kaggle_fake_real/dataset/Fake/Screenshot 2025-09-17 173925.png,12,unknown_permission_required,metadata_only_permission_required
HV_000104_x41,WHO,09-12-2025-medical-product-alert-n-6-2025--falsified-simulect-(basiliximab)-for-injection,https://www.who.int/news/item/09-12-2025-medical-product-alert-n-6-2025--falsified-simulect-(basiliximab)-for-injection,https://cdn.who.int/media/docs/default-source/substandard-and-falsified/n6_2025_simulect_en.pdf?sfvrsn=2a0a49d3_6,kept,,561628,7563dcd5a29de9f60fb50c3d78e088bff55f8170ab1150aedfc19b955f6a0f68,PNG,791,460,460,split_e_harvested/HV_000104_x41.png,1,kaggle_fake_real/dataset/Fake/Screenshot 2025-09-17 174826.png,20,unknown_permission_required,metadata_only_permission_required
HV_000062_x28,WHO,04-11-2021-medical-product-alert-n-7-2021-falsified-covid-19-vaccine-astrazeneca,https://www.who.int/news/item/04-11-2021-medical-product-alert-n-7-2021-falsified-covid-19-vaccine-astrazeneca,https://cdn.who.int/media/docs/default-source/substandard-and-falsified/n7_2021_falsified_astrazen_en.pdf?sfvrsn=682f4cb1_22,kept,,388961,fb7347e5ba245088c1afb37b1a952d0755ec5161e763a3a736edc4a1d35b5924,PNG,505,453,453,split_e_harvested/HV_000062_x28.png,1,kaggle_fake_real/dataset/Fake/Screenshot 2025-09-17 193416.png,18,unknown_permission_required,metadata_only_permission_required
HV_000045_x38,WHO,04-09-2023-medical-product-alert-n-7-2023--falsified-defitelio-(defibrotide),https://www.who.int/news/item/04-09-2023-medical-product-alert-n-7-2023--falsified-defitelio-(defibrotide),https://cdn.who.int/media/docs/default-source/substandard-and-falsified/n7_2023_defitelio_en.pdf?sfvrsn=47958b0e_6,kept,,721374,b076c7fbab7b14aa23a5c5a8d7280857240ed7bf92602af9e3b3fd54281df693,PNG,838,799,799,split_e_harvested/HV_000045_x38.png,1,mendeley_iphone11pro/iphone_11_pro_(152).JPG,20,unknown_permission_required,metadata_only_permission_required
HV_000201_x41,WHO,15-12-2025-medical-product-alert-n-7-2025--falsified-ibrance-(palbociclib),https://www.who.int/news/item/15-12-2025-medical-product-alert-n-7-2025--falsified-ibrance-(palbociclib),https://cdn.who.int/media/docs/default-source/substandard-and-falsified/n7_2025_ibrance_en.pdf?sfvrsn=1981980a_6,kept,,540816,5eec0472ab92f34aff1c0f6dfdeedf4c14a2de06b8ab7ea1418a3fd16e6957bf,PNG,1128,396,396,split_e_harvested/HV_000201_x41.png,1,roboflow/train/images02_jpg.rf.48f6ef1f902f87a1c1bfc5861693a768.jpg,16,unknown_permission_required,metadata_only_permission_required
HV_000257_x48,WHO,21-12-2021-medical-product-alert-n-8-2021-falsified-combiart,https://www.who.int/news/item/21-12-2021-medical-product-alert-n-8-2021-falsified-combiart,https://cdn.who.int/media/docs/default-source/substandard-and-falsified/n8_2021-falsified-combiart_en.pdf?sfvrsn=88e7263b_23,kept,,574857,1a93ca034561aedfb553820bd9d0dade8d0e87447d6f244044ea806582b836d7,PNG,468,823,468,split_e_harvested/HV_000257_x48.png,1,kaggle_fake_real/dataset/Real/images5005.jpg,18,unknown_permission_required,metadata_only_permission_required
HV_000257_x49,WHO,21-12-2021-medical-product-alert-n-8-2021-falsified-combiart,https://www.who.int/news/item/21-12-2021-medical-product-alert-n-8-2021-falsified-combiart,https://cdn.who.int/media/docs/default-source/substandard-and-falsified/n8_2021-falsified-combiart_en.pdf?sfvrsn=88e7263b_23,kept,,443014,2f5f836eb091fe1ff5537cd2f293c98d3a8e40787f567f6074359ef896a49262,PNG,385,694,385,split_e_harvested/HV_000257_x49.png,1,mendeley_iphone11pro/iphone_11_pro_(147).JPG,14,unknown_permission_required,metadata_only_permission_required
HV_000257_x50,WHO,21-12-2021-medical-product-alert-n-8-2021-falsified-combiart,https://www.who.int/news/item/21-12-2021-medical-product-alert-n-8-2021-falsified-combiart,https://cdn.who.int/media/docs/default-source/substandard-and-falsified/n8_2021-falsified-combiart_en.pdf?sfvrsn=88e7263b_23,kept,,721777,357f9972870f7681a84ec8be53b33a0de416ab637792aefd5086e524193c1423,PNG,501,723,501,split_e_harvested/HV_000257_x50.png,1,kaggle_fake_real/dataset/Real/images4008.jpg,16,unknown_permission_required,metadata_only_permission_required
HV_000274,WHO,22-12-2021-medical-product-alert-n-9-2021-falsified-soliris,https://www.who.int/news/item/22-12-2021-medical-product-alert-n-9-2021-falsified-soliris,https://cdn.who.int/media/docs/default-source/substandard-and-falsified/n9_2021-falsified-soliris_en.pdf?sfvrsn=22b1820d_25,dropped,F0_PDF_NO_RASTER,0,,,,,,,1,,,unknown_permission_required,metadata_only_permission_required
HV_000381_x47,WHO,31-08-2021-medical-product-alert-n-5-2021-falsified-covishield-vaccine,https://www.who.int/news/item/31-08-2021-medical-product-alert-n-5-2021-falsified-covishield-vaccine,https://cdn.who.int/media/docs/default-source/substandard-and-falsified/update-n5-2021-falsified-covishield-en.pdf?sfvrsn=41389f2d_30,kept,,1069389,d74ab94a567bd04fed76425e91fb651f473f88bd831314b31e8ebbc0a560cf56,PNG,824,595,595,split_e_harvested/HV_000381_x47.png,1,roboflow/train/Authentic-vs-fake-Medicol-Advance-2048x1150_jpg.rf.8b481afcbadfcfff10a84f061f7db88b.jpg,18,unknown_permission_required,metadata_only_permission_required
HV_000381_x51,WHO,31-08-2021-medical-product-alert-n-5-2021-falsified-covishield-vaccine,https://www.who.int/news/item/31-08-2021-medical-product-alert-n-5-2021-falsified-covishield-vaccine,https://cdn.who.int/media/docs/default-source/substandard-and-falsified/update-n5-2021-falsified-covishield-en.pdf?sfvrsn=41389f2d_30,kept,,1240814,3edc9bdcc5f7df7eaec7cb4181bc678df18ce545ef1adf1a5b9c0c4b4b8181a2,PNG,833,829,829,split_e_harvested/HV_000381_x51.png,1,roboflow/train/FDA-Advisory-No-2021-0139_png.rf.b5ea4ce129fe2f366c342becb1ffedab.jpg,16,unknown_permission_required,metadata_only_permission_required
HV_000381_x57,WHO,31-08-2021-medical-product-alert-n-5-2021-falsified-covishield-vaccine,https://www.who.int/news/item/31-08-2021-medical-product-alert-n-5-2021-falsified-covishield-vaccine,https://cdn.who.int/media/docs/default-source/substandard-and-falsified/update-n5-2021-falsified-covishield-en.pdf?sfvrsn=41389f2d_30,kept,,1024171,1eca03a4d03d59c369296bec8b0c4fbd9fb64445e3fc16263fbef43d5cab955a,PNG,654,915,654,split_e_harvested/HV_000381_x57.png,1,kaggle_fake_real/dataset/Fake/Screenshot 2025-09-17 181821.png,20,unknown_permission_required,metadata_only_permission_required
HV_000179_x34,WHO,14-05-2025-medical-product-alert-n-3-2025--falsified-imfinzi-(durvalumab)-injection-500mg-10ml,https://www.who.int/news/item/14-05-2025-medical-product-alert-n-3-2025--falsified-imfinzi-(durvalumab)-injection-500mg-10ml,https://cdn.who.int/media/docs/default-source/substandard-and-falsified/update_n5_2024_imfinzi_en.pdf?sfvrsn=dda22896_12,kept,,871904,b584451004f5935044468170decc1204e12a0703895247ad79e44c71296b665e,PNG,700,642,642,split_e_harvested/HV_000179_x34.png,1,kaggle_fake_real/dataset/Real/images4078.jpg,18,unknown_permission_required,metadata_only_permission_required
HV_000061,WHO,04-11-2021-medical-product-alert-n-6-2021-falsified-pfizer-biontech-covid-19-vaccine,https://www.who.int/news/item/04-11-2021-medical-product-alert-n-6-2021-falsified-pfizer-biontech-covid-19-vaccine,https://cdn.who.int/media/images/default-source/substandard-and-falsified-medical-products/n6_2021_biotech.png?sfvrsn=3e8bcbd1_15&Status=Master,dropped,F3_BYTE_DUP_OF:PC_000056,219245,467f196be7a211190bb404535f8ba2012e9b632990146fffd918507775d7596d,PNG,514,157,157,,1,,,unknown_permission_required,metadata_only_permission_required
HV_000264,WHO,21-12-2021-medical-product-alert-n-8-2021-falsified-combiart,https://www.who.int/news/item/21-12-2021-medical-product-alert-n-8-2021-falsified-combiart,https://cdn.who.int/media/images/default-source/substandard-and-falsified-medical-products/n8_2021_table1_combiart_en.png?sfvrsn=11512326_16&Status=Master,dropped,F3_BYTE_DUP_OF:PC_000050,43865,4a66552e4028c3ed8a6d9055b5d4425c6fe9451d05bd710a5eb69899f2074401,PNG,1140,314,314,,1,,,unknown_permission_required,metadata_only_permission_required
HV_000265,WHO,21-12-2021-medical-product-alert-n-8-2021-falsified-combiart,https://www.who.int/news/item/21-12-2021-medical-product-alert-n-8-2021-falsified-combiart,https://cdn.who.int/media/images/default-source/substandard-and-falsified-medical-products/n8_2021_table1_combiart_en.tmb-0.png?sfvrsn=11512326_7,dropped,F3_BYTE_DUP_OF:PC_000048,28531,f845c4d7b8be94826eb756d8d5195d9ea0e744ef35f046182d73dc718d752091,PNG,580,160,160,,1,,,unknown_permission_required,metadata_only_permission_required
HV_000123,WHO,10-03-2021-medical-product-alert-n-1-2021-falsified-vitamin-a,https://www.who.int/news/item/10-03-2021-medical-product-alert-n-1-2021-falsified-vitamin-a,https://cdn.who.int/media/images/default-source/substandard-and-falsified-medical-products/table-1-alert-n1-2021.png?sfvrsn=14485837_7&Status=Master,kept,,61189,c2f333cc9c6631d0abb9e620190e6e634b715407e7f07c1cbb80ff40829da1cf,PNG,1372,468,468,split_e_harvested/HV_000123.png,1,kaggle_fake_real/dataset/Fake/Screenshot 2025-09-17 184649.png,20,unknown_permission_required,metadata_only_permission_required
HV_000124,WHO,10-03-2021-medical-product-alert-n-1-2021-falsified-vitamin-a,https://www.who.int/news/item/10-03-2021-medical-product-alert-n-1-2021-falsified-vitamin-a,https://cdn.who.int/media/images/default-source/substandard-and-falsified-medical-products/table-2-alert-n1_2021.png?sfvrsn=645f151b_5&Status=Master,kept,,299703,d27b87587153a4a3d51a77593ced6f1f48c545825a2c7e896046c179cd9f5f4f,PNG,572,676,572,split_e_harvested/HV_000124.png,1,kaggle_fake_real/dataset/Fake/Screenshot 2025-09-17 183039.png,16,unknown_permission_required,metadata_only_permission_required
HV_000337,WHO,26-03-2021-medical-product-alert-n-2-2021-falsified-covid-19-vaccine-bnt162b2,https://www.who.int/news/item/26-03-2021-medical-product-alert-n-2-2021-falsified-covid-19-vaccine-bnt162b2,https://cdn.who.int/media/images/default-source/substandard-and-falsified-medical-products/table1_n2_2021.png?sfvrsn=fc1ac1e9_5&Status=Master,kept,,15395,b272ec93aa5ce7c2b44aa60df2887eff8fdbd531f76fa2b2d2f569e1138009a0,PNG,876,206,206,split_e_harvested/HV_000337.png,1,mendeley_iphone11pro/iphone_11_pro_(176).JPG,20,unknown_permission_required,metadata_only_permission_required
HV_000177,WHO,13-08-2021-medical-product-alert-n-4-2021-falsified-remdesivir,https://www.who.int/news/item/13-08-2021-medical-product-alert-n-4-2021-falsified-remdesivir,https://cdn.who.int/media/images/default-source/substandard-and-falsified-medical-products/table1_n4.2021_en.png?sfvrsn=e05ace1c_5&Status=Master,kept,,30352,d6dc5e1dbb08bb64c2935c42abdbb5a413dcd7054edd38977ac6deef61713c6d,PNG,883,243,243,split_e_harvested/HV_000177.png,1,mendeley_iphone11pro/iphone_11_pro_(9).JPG,14,unknown_permission_required,metadata_only_permission_required
HV_000060,WHO,04-11-2021-medical-product-alert-n-6-2021-falsified-pfizer-biontech-covid-19-vaccine,https://www.who.int/news/item/04-11-2021-medical-product-alert-n-6-2021-falsified-pfizer-biontech-covid-19-vaccine,https://cdn.who.int/media/images/default-source/substandard-and-falsified-medical-products/table1_n6_2021.png?sfvrsn=ae42a5c7_20,kept,,43597,f2fa479012b5fad119bb823bd0acf013d587ecf8ed57286d3bf0ca43285605e6,PNG,1337,317,317,split_e_harvested/HV_000060.png,1,mendeley_iphone11pro/iphone_11_pro_(219).JPG,18,unknown_permission_required,metadata_only_permission_required
HV_000069,WHO,04-11-2021-medical-product-alert-n-7-2021-falsified-covid-19-vaccine-astrazeneca,https://www.who.int/news/item/04-11-2021-medical-product-alert-n-7-2021-falsified-covid-19-vaccine-astrazeneca,https://cdn.who.int/media/images/default-source/substandard-and-falsified-medical-products/table1_n7_2021.png?sfvrsn=e012e902_25&Status=Master,kept,,401723,fad5de86073bbf1fb1ffd20b46abea74a5a4a9d0b1978a592de1266c8c6977a3,PNG,671,477,477,split_e_harvested/HV_000069.png,1,kaggle_fake_real/dataset/Fake/Screenshot 2025-09-17 185753.png,16,unknown_permission_required,metadata_only_permission_required
HV_000281,WHO,22-12-2021-medical-product-alert-n-9-2021-falsified-soliris,https://www.who.int/news/item/22-12-2021-medical-product-alert-n-9-2021-falsified-soliris,https://cdn.who.int/media/images/default-source/substandard-and-falsified-medical-products/table1_n9_2021_en.png?sfvrsn=21da5955_14,kept,,66466,55bb6ba88dff8fb72ec2dd5978ac504bdfcf09ead6b7225af42cb3429494c474,PNG,1347,436,436,split_e_harvested/HV_000281.png,1,kaggle_fake_real/dataset/Real/images5091.jpg,20,unknown_permission_required,metadata_only_permission_required
HV_000338,WHO,26-03-2021-medical-product-alert-n-2-2021-falsified-covid-19-vaccine-bnt162b2,https://www.who.int/news/item/26-03-2021-medical-product-alert-n-2-2021-falsified-covid-19-vaccine-bnt162b2,https://cdn.who.int/media/images/default-source/substandard-and-falsified-medical-products/table2_n2_2021.png?sfvrsn=ef25c7e2_5&Status=Master,kept,,366625,c456005c0a3dde87cdc6a08ea7fe7aa7b71a99125bdd90542b5ec962256e9dda,PNG,836,425,425,split_e_harvested/HV_000338.png,1,roboflow/train/FDA-Advisory-No-2022-0611-9_png.rf.1c89352dcae9134b423d213e23194b84.jpg,14,unknown_permission_required,metadata_only_permission_required
HV_000178,WHO,13-08-2021-medical-product-alert-n-4-2021-falsified-remdesivir,https://www.who.int/news/item/13-08-2021-medical-product-alert-n-4-2021-falsified-remdesivir,https://cdn.who.int/media/images/default-source/substandard-and-falsified-medical-products/table2_n4.2021_en.png?sfvrsn=caf011b9_5&Status=Master,kept,,237315,1f3c6ce336409697bff0bff60bdad804f0acdd204a2ebaf7366286f0124d3974,PNG,568,395,395,split_e_harvested/HV_000178.png,1,roboflow/train/images4029_jpg.rf.19087512eb638567a65d7fbe02e8c23e.jpg,16,unknown_permission_required,metadata_only_permission_required
HV_000391,WHO,31-08-2021-medical-product-alert-n-5-2021-falsified-covishield-vaccine,https://www.who.int/news/item/31-08-2021-medical-product-alert-n-5-2021-falsified-covishield-vaccine,https://cdn.who.int/media/images/default-source/substandard-and-falsified-medical-products/table4_n5.2021_en.png?sfvrsn=578e44f6_5&Status=Master,kept,,632120,b4696f6e2fe342a229b5e38bb4043bfd1b039d861427f4a01fb6795534eaf173,PNG,560,674,560,split_e_harvested/HV_000391.png,1,roboflow/train/images07_jpg.rf.23de5e8b6bcac6f4eb2a92d0ef1ad48b.jpg,14,unknown_permission_required,metadata_only_permission_required
HV_000399,FDA,counterfeit version botox found multiple states,https://www.fda.gov/drugs/drug-alerts-and-statements/counterfeit-version-botox-found-multiple-states,https://www.fda.gov/files/100-abbvie.png,dropped,F3_BYTE_DUP_OF:PC_000008,42050,821958a03bd809f73fcdc34be0a42f2a1ae074d13c78f99a6500cc3f74a6543a,PNG,328,545,328,,1,,,public_domain,permitted_pending_per_image_exception_check
HV_000405,FDA,counterfeit version botox found multiple states,https://www.fda.gov/drugs/drug-alerts-and-statements/counterfeit-version-botox-found-multiple-states,https://www.fda.gov/files/100-allergan-aesthetics.png,dropped,F3_BYTE_DUP_OF:PC_000014,43261,e054c0666ca71ac93907429d50f3827a2ac3a0198549dd9427afd21d6e8a1715,PNG,326,543,326,,1,,,public_domain,permitted_pending_per_image_exception_check
HV_000398,FDA,counterfeit version botox found multiple states,https://www.fda.gov/drugs/drug-alerts-and-statements/counterfeit-version-botox-found-multiple-states,https://www.fda.gov/files/100-allergan-toxina_0.png,dropped,F3_BYTE_DUP_OF:PC_000007,43833,3307965a573a15bd66fa027aab2c196bb555a716862cd64d785a7adb3dcec8e5,PNG,328,545,328,,1,,,public_domain,permitted_pending_per_image_exception_check
HV_000404,FDA,counterfeit version botox found multiple states,https://www.fda.gov/drugs/drug-alerts-and-statements/counterfeit-version-botox-found-multiple-states,https://www.fda.gov/files/100-allergan.png,dropped,F3_BYTE_DUP_OF:PC_000013,41502,775a4fb0799bcd8a46753b0958123c8d12a33cc10dba615de5b14b376981d631,PNG,328,546,328,,1,,,public_domain,permitted_pending_per_image_exception_check
HV_000396,FDA,counterfeit version botox found multiple states,https://www.fda.gov/drugs/drug-alerts-and-statements/counterfeit-version-botox-found-multiple-states,https://www.fda.gov/files/150Units.png,dropped,F3_BYTE_DUP_OF:PC_000005,233935,41fc2db417983c44c489b1c381e291f899d020f93f3dcc7719935cfbacb616a5,PNG,248,507,248,,1,,,public_domain,permitted_pending_per_image_exception_check
HV_000401,FDA,counterfeit version botox found multiple states,https://www.fda.gov/drugs/drug-alerts-and-statements/counterfeit-version-botox-found-multiple-states,https://www.fda.gov/files/200-abbvie.png,dropped,F3_BYTE_DUP_OF:PC_000010,40949,352e2ad8a3281b2296566aa2cba41982deaabc55703f6861b17bd824a56ad002,PNG,328,543,328,,1,,,public_domain,permitted_pending_per_image_exception_check
HV_000400,FDA,counterfeit version botox found multiple states,https://www.fda.gov/drugs/drug-alerts-and-statements/counterfeit-version-botox-found-multiple-states,https://www.fda.gov/files/200-allergan.png,dropped,F3_BYTE_DUP_OF:PC_000009,43975,4e845592040c3bfe0605a69dfdfa7b916fcfe967c97156940c74f09fbca0bfaa,PNG,330,546,330,,1,,,public_domain,permitted_pending_per_image_exception_check
HV_000403,FDA,counterfeit version botox found multiple states,https://www.fda.gov/drugs/drug-alerts-and-statements/counterfeit-version-botox-found-multiple-states,https://www.fda.gov/files/50-allergan-aesthetics.png,dropped,F3_BYTE_DUP_OF:PC_000012,44115,8df276d36f4ca636897eb00574fe4a1ac007385c19733c779f739f0275db1c8b,PNG,329,544,329,,1,,,public_domain,permitted_pending_per_image_exception_check
HV_000402,FDA,counterfeit version botox found multiple states,https://www.fda.gov/drugs/drug-alerts-and-statements/counterfeit-version-botox-found-multiple-states,https://www.fda.gov/files/50-allergan.png,dropped,F3_BYTE_DUP_OF:PC_000011,42040,e13db6b51b8317bd38a88f807ad88fed1b8e954db85842977814ab03844f92f0,PNG,331,550,331,,1,,,public_domain,permitted_pending_per_image_exception_check
HV_000395,FDA,counterfeit version botox found multiple states,https://www.fda.gov/drugs/drug-alerts-and-statements/counterfeit-version-botox-found-multiple-states,https://www.fda.gov/files/Allergan.png,dropped,F3_BYTE_DUP_OF:PC_000004,205726,bec7c49551b9241f2126e611365379e62773f00fccf6255252594612684bf497,PNG,232,495,232,,1,,,public_domain,permitted_pending_per_image_exception_check
HV_000393,FDA,counterfeit version botox found multiple states,https://www.fda.gov/drugs/drug-alerts-and-statements/counterfeit-version-botox-found-multiple-states,https://www.fda.gov/files/B2.png,dropped,F3_BYTE_DUP_OF:PC_000002,125215,e097b36a41dea72acf37a95e35a765658ca767e1971219655c8e4f1a95d457cf,PNG,335,131,131,,1,,,public_domain,permitted_pending_per_image_exception_check
HV_000394,FDA,counterfeit version botox found multiple states,https://www.fda.gov/drugs/drug-alerts-and-statements/counterfeit-version-botox-found-multiple-states,https://www.fda.gov/files/B4.png,dropped,F3_BYTE_DUP_OF:PC_000003,212046,62440972c6846ef8d80b118cb4108648c931fa9761971ed50cdccccbe3e0f6dd,PNG,365,206,206,,1,,,public_domain,permitted_pending_per_image_exception_check
HV_000397,FDA,counterfeit version botox found multiple states,https://www.fda.gov/drugs/drug-alerts-and-statements/counterfeit-version-botox-found-multiple-states,https://www.fda.gov/files/Botox2.png,dropped,F3_BYTE_DUP_OF:PC_000006,135566,8ce56367c415c8855eafe7c871ba55a8f28990585fd7fe8ddd97995554c1c9ce,PNG,173,345,173,,1,,,public_domain,permitted_pending_per_image_exception_check
HV_000392,FDA,counterfeit version botox found multiple states,https://www.fda.gov/drugs/drug-alerts-and-statements/counterfeit-version-botox-found-multiple-states,https://www.fda.gov/files/Botulinum.png,dropped,F3_BYTE_DUP_OF:PC_000001,313792,75ae7fa9d5989acb29a619a8dbbdece83af1f19f6f14b210768402b5adbff753,PNG,333,523,333,,1,,,public_domain,permitted_pending_per_image_exception_check
HV_000407,FDA,fda warns consumers not use counterfeit ozempic semaglutide found us drug supply chain,https://www.fda.gov/drugs/drug-alerts-and-statements/fda-warns-consumers-not-use-counterfeit-ozempic-semaglutide-found-us-drug-supply-chain,https://www.fda.gov/files/Counterfeit%20Ozempic%20Label.png,dropped,F3_BYTE_DUP_OF:PC_000034,4418316,176976092fc7accc002147bd4652912410686959624657746035d516e3962811,PNG,2157,1194,1194,,1,,,public_domain,permitted_pending_per_image_exception_check
HV_000406,FDA,fda warns consumers not use counterfeit ozempic semaglutide found us drug supply chain,https://www.fda.gov/drugs/drug-alerts-and-statements/fda-warns-consumers-not-use-counterfeit-ozempic-semaglutide-found-us-drug-supply-chain,https://www.fda.gov/files/Ozempic%20Real%20vs%20Counterfeit.png,dropped,F3_BYTE_DUP_OF:PC_000033,2189868,2190c17699b8cf5a185a441482ae13b2e157ca89790b1e900a9e811c2d4d5182,PNG,1396,742,742,,1,,,public_domain,permitted_pending_per_image_exception_check
HV_000409,FDA,fda warns consumers not use counterfeit ozempic semaglutide found us drug supply chain,https://www.fda.gov/drugs/drug-alerts-and-statements/fda-warns-consumers-not-use-counterfeit-ozempic-semaglutide-found-us-drug-supply-chain,https://www.fda.gov/files/Ozempic_needle_0.jpg,dropped,F3_BYTE_DUP_OF:PC_000036,40838,177fe49f96fe84ec53aa97e87ddea3b341bda99401a5deb405db3517ee1eb174,JPEG,565,325,325,,1,,,public_domain,permitted_pending_per_image_exception_check
HV_000410,FDA,fda warns consumers not use counterfeit ozempic semaglutide found us drug supply chain,https://www.fda.gov/drugs/drug-alerts-and-statements/fda-warns-consumers-not-use-counterfeit-ozempic-semaglutide-found-us-drug-supply-chain,https://www.fda.gov/files/Ozempic_needle_2_0.jpg,dropped,F3_BYTE_DUP_OF:PC_000037,83658,163dcb4bee5cae27bf1f39bd0aa61b47777658015f512b5ebe3f946691bf49e1,JPEG,562,580,562,,1,,,public_domain,permitted_pending_per_image_exception_check
HV_000408,FDA,fda warns consumers not use counterfeit ozempic semaglutide found us drug supply chain,https://www.fda.gov/drugs/drug-alerts-and-statements/fda-warns-consumers-not-use-counterfeit-ozempic-semaglutide-found-us-drug-supply-chain,https://www.fda.gov/files/counterfeit_Ozempic_label_0.png,dropped,F3_BYTE_DUP_OF:PC_000035,180970,cb4946fad11fc0ac357f8ff80268b83824bf8f4c07d7954c0b28f36ace292c51,PNG,452,255,255,,1,,,public_domain,permitted_pending_per_image_exception_check
HV_000005,WHO,02-03-2018-medical-product-alert-n-2-2018--falsified--augmentin,https://www.who.int/news/item/02-03-2018-medical-product-alert-n-2-2018--falsified--augmentin,https://www.who.int/images/default-source/fallback/maps/africa8bd96ad167204ac7ac4811b8ae1dfe2c.png?sfvrsn=3204f957_20,dropped,F1_CHROME,0,,,,,,,45,,,unknown_permission_required,metadata_only_permission_required
HV_000006,WHO,02-03-2018-medical-product-alert-n-2-2018--falsified--augmentin,https://www.who.int/news/item/02-03-2018-medical-product-alert-n-2-2018--falsified--augmentin,https://www.who.int/images/default-source/fallback/maps/americas.png?sfvrsn=9efd6df3_19,dropped,F1_CHROME,0,,,,,,,45,,,unknown_permission_required,metadata_only_permission_required
HV_000009,WHO,02-03-2018-medical-product-alert-n-2-2018--falsified--augmentin,https://www.who.int/news/item/02-03-2018-medical-product-alert-n-2-2018--falsified--augmentin,https://www.who.int/images/default-source/fallback/maps/eastern-mediterraneanadf4e81056b84e75b83a1faed30a1e0a.png?sfvrsn=71211e18_17,dropped,F1_CHROME,0,,,,,,,45,,,unknown_permission_required,metadata_only_permission_required
HV_000008,WHO,02-03-2018-medical-product-alert-n-2-2018--falsified--augmentin,https://www.who.int/news/item/02-03-2018-medical-product-alert-n-2-2018--falsified--augmentin,https://www.who.int/images/default-source/fallback/maps/europeae57428b4f114210ae7067e1f5119e1a.png?sfvrsn=c7d5c5a5_19,dropped,F1_CHROME,0,,,,,,,45,,,unknown_permission_required,metadata_only_permission_required
HV_000007,WHO,02-03-2018-medical-product-alert-n-2-2018--falsified--augmentin,https://www.who.int/news/item/02-03-2018-medical-product-alert-n-2-2018--falsified--augmentin,https://www.who.int/images/default-source/fallback/maps/south-east-asia1c6bd1d9eb5b4cf0b5ad5da36ff3912d.png?sfvrsn=68e76dc2_17,dropped,F1_CHROME,0,,,,,,,45,,,unknown_permission_required,metadata_only_permission_required
HV_000010,WHO,02-03-2018-medical-product-alert-n-2-2018--falsified--augmentin,https://www.who.int/news/item/02-03-2018-medical-product-alert-n-2-2018--falsified--augmentin,https://www.who.int/images/default-source/fallback/maps/western-pacifice1e576200c9b4fe59078eb28958428a9.png?sfvrsn=88cbdcd5_19,dropped,F1_CHROME,0,,,,,,,45,,,unknown_permission_required,metadata_only_permission_required
HV_000388,WHO,31-08-2021-medical-product-alert-n-5-2021-falsified-covishield-vaccine,https://www.who.int/news/item/31-08-2021-medical-product-alert-n-5-2021-falsified-covishield-vaccine,https://www.who.int/images/default-source/substandard-and-falsified-medical-products/table1-update_n5.2021_en.png?Status=Master&sfvrsn=4ace56f8_5,kept,,33527,53305885bc140baaee881930b67e803b32e8a555b8584f997d2fb5d89852dac6,PNG,752,321,321,split_e_harvested/HV_000388.png,1,mendeley_iphone11pro/iphone_11_pro_(72).JPG,18,unknown_permission_required,metadata_only_permission_required
HV_000103,WHO,09-03-2022-medical-product-alert-n-2-2022-falsified-desrem-(remdesivir),https://www.who.int/news/item/09-03-2022-medical-product-alert-n-2-2022-falsified-desrem-(remdesivir),https://www.who.int/images/default-source/substandard-and-falsified-medical-products/table1_n2_2022_en.png?Status=Master&sfvrsn=abf98c48_16,kept,,78774,638599b864b9b60a461bb0c62689d857c17e10c161138ef4b5ea971bd03268f4,PNG,400,272,272,split_e_harvested/HV_000103.png,1,kaggle_fake_real/dataset/Real/images4106.jpg,16,unknown_permission_required,metadata_only_permission_required
HV_000389,WHO,31-08-2021-medical-product-alert-n-5-2021-falsified-covishield-vaccine,https://www.who.int/news/item/31-08-2021-medical-product-alert-n-5-2021-falsified-covishield-vaccine,https://www.who.int/images/default-source/substandard-and-falsified-medical-products/table2_n5.2021_en.png?Status=Master&sfvrsn=80344617_5,dropped,F4_POOL_DUP,475820,1a49c23d8d596ac067bd62671f4a9fb7a0c5638d765a4698a9288cdc388cc1bb,PNG,544,414,414,,1,split_e_regulatory/PC_000057.png,0,unknown_permission_required,metadata_only_permission_required
HV_000390,WHO,31-08-2021-medical-product-alert-n-5-2021-falsified-covishield-vaccine,https://www.who.int/news/item/31-08-2021-medical-product-alert-n-5-2021-falsified-covishield-vaccine,https://www.who.int/images/default-source/substandard-and-falsified-medical-products/table3_n5.2021_en.png?Status=Master&sfvrsn=5c9dc037_5,kept,,293223,d1cd2b5adcb41f247c5c814242a157ce952ce4ee10e939a73122e83d2ee81132,PNG,368,419,368,split_e_harvested/HV_000390.png,1,kaggle_fake_real/dataset/Fake/Screenshot 2025-09-17 181208.png,14,unknown_permission_required,metadata_only_permission_required
