candidate_id,source_organization,alert_title,alert_url,resource_type,image_url,image_license,redistribution_status,harvest_date
HV_000001,WHO,02-03-2018-medical-product-alert-n-2-2018--falsified--augmentin,https://www.who.int/news/item/02-03-2018-medical-product-alert-n-2-2018--falsified--augmentin,pdf,https://cdn.who.int/media/docs/default-source/substandard-and-falsified/n2_2018-falsified-augmentin_en.pdf?sfvrsn=3e33dc60_1,unknown_permission_required,metadata_only_permission_required,2026-09-07
HV_000002,WHO,02-03-2018-medical-product-alert-n-2-2018--falsified--augmentin,https://www.who.int/news/item/02-03-2018-medical-product-alert-n-2-2018--falsified--augmentin,pdf,https://cdn.who.int/media/docs/default-source/substandard-and-falsified/n1_2018-falsified-cefixime_en.pdf?sfvrsn=8b3c9267_1,unknown_permission_required,metadata_only_permission_required,2026-09-07
HV_000003,WHO,02-03-2018-medical-product-alert-n-2-2018--falsified--augmentin,https://www.who.int/news/item/02-03-2018-medical-product-alert-n-2-2018--falsified--augmentin,pdf,https://cdn.who.int/media/docs/default-source/substandard-and-falsified/n2_2018-falsified-augmentin_en.pdf?sfvrsn=3e33dc60_1,unknown_permission_required,metadata_only_permission_required,2026-09-07
HV_000004,WHO,02-03-2018-medical-product-alert-n-2-2018--falsified--augmentin,https://www.who.int/news/item/02-03-2018-medical-product-alert-n-2-2018--falsified--augmentin,pdf,https://cdn.who.int/media/docs/default-source/substandard-and-falsified/n1_2018-falsified-cefixime_en.pdf?sfvrsn=8b3c9267_1,unknown_permission_required,metadata_only_permission_required,2026-09-07
HV_000005,WHO,02-03-2018-medical-product-alert-n-2-2018--falsified--augmentin,https://www.who.int/news/item/02-03-2018-medical-product-alert-n-2-2018--falsified--augmentin,image,https://www.who.int/images/default-source/fallback/maps/africa8bd96ad167204ac7ac4811b8ae1dfe2c.png?sfvrsn=3204f957_20,unknown_permission_required,metadata_only_permission_required,2026-09-07
HV_000006,WHO,02-03-2018-medical-product-alert-n-2-2018--falsified--augmentin,https://www.who.int/news/item/02-03-2018-medical-product-alert-n-2-2018--falsified--augmentin,image,https://www.who.int/images/default-source/fallback/maps/americas.png?sfvrsn=9efd6df3_19,unknown_permission_required,metadata_only_permission_required,2026-09-07
HV_000007,WHO,02-03-2018-medical-product-alert-n-2-2018--falsified--augmentin,https://www.who.int/news/item/02-03-2018-medical-product-alert-n-2-2018--falsified--augmentin,image,https://www.who.int/images/default-source/fallback/maps/south-east-asia1c6bd1d9eb5b4cf0b5ad5da36ff3912d.png?sfvrsn=68e76dc2_17,unknown_permission_required,metadata_only_permission_required,2026-09-07
HV_000008,WHO,02-03-2018-medical-product-alert-n-2-2018--falsified--augmentin,https://www.who.int/news/item/02-03-2018-medical-product-alert-n-2-2018--falsified--augmentin,image,https://www.who.int/images/default-source/fallback/maps/europeae57428b4f114210ae7067e1f5119e1a.png?sfvrsn=c7d5c5a5_19,unknown_permission_required,metadata_only_permission_required,2026-09-07
HV_000009,WHO,02-03-2018-medical-product-alert-n-2-2018--falsified--augmentin,https://www.who.int/news/item/02-03-2018-medical-product-alert-n-2-2018--falsified--augmentin,image,https://www.who.int/images/default-source/fallback/maps/eastern-mediterraneanadf4e81056b84e75b83a1faed30a1e0a.png?sfvrsn=71211e18_17,unknown_permission_required,metadata_only_permission_required,2026-09-07
HV_000010,WHO,02-03-2018-medical-product-alert-n-2-2018--falsified--augmentin,https://www.who.int/news/item/02-03-2018-medical-product-alert-n-2-2018--falsified--augmentin,image,https://www.who.int/images/default-source/fallback/maps/western-pacifice1e576200c9b4fe59078eb28958428a9.png?sfvrsn=88cbdcd5_19,unknown_permission_required,metadata_only_permission_required,2026-09-07
HV_000011,WHO,02-06-2017-medical-product-alert-n-1-2017--falsified-meningococcal-acwy-vaccine,https://www.who.int/news/item/02-06-2017-medical-product-alert-n-1-2017--falsified-meningococcal-acwy-vaccine,pdf,https://cdn.who.int/media/docs/default-source/substandard-and-falsified/n1_2017_falsified-meningitis-vaccine_en.pdf?sfvrsn=3dd2d1bc_1,unknown_permission_required,metadata_only_permission_required,2026-09-07
HV_000012,WHO,02-06-2017-medical-product-alert-n-1-2017--falsified-meningococcal-acwy-vaccine,https://www.who.int/news/item/02-06-2017-medical-product-alert-n-1-2017--falsified-meningococcal-acwy-vaccine,pdf,https://cdn.who.int/media/docs/default-source/substandard-and-falsified/n1_2017_falsified-meningitis-vaccine_en.pdf?sfvrsn=3dd2d1bc_1,unknown_permission_required,metadata_only_permission_required,2026-09-07
HV_000013,WHO,02-06-2017-medical-product-alert-n-1-2017--falsified-meningococcal-acwy-vaccine,https://www.who.int/news/item/02-06-2017-medical-product-alert-n-1-2017--falsified-meningococcal-acwy-vaccine,image,https://www.who.int/images/default-source/fallback/maps/africa8bd96ad167204ac7ac4811b8ae1dfe2c.png?sfvrsn=3204f957_20,unknown_permission_required,metadata_only_permission_required,2026-09-07
HV_000014,WHO,02-06-2017-medical-product-alert-n-1-2017--falsified-meningococcal-acwy-vaccine,https://www.who.int/news/item/02-06-2017-medical-product-alert-n-1-2017--falsified-meningococcal-acwy-vaccine,image,https://www.who.int/images/default-source/fallback/maps/americas.png?sfvrsn=9efd6df3_19,unknown_permission_required,metadata_only_permission_required,2026-09-07
HV_000015,WHO,02-06-2017-medical-product-alert-n-1-2017--falsified-meningococcal-acwy-vaccine,https://www.who.int/news/item/02-06-2017-medical-product-alert-n-1-2017--falsified-meningococcal-acwy-vaccine,image,https://www.who.int/images/default-source/fallback/maps/south-east-asia1c6bd1d9eb5b4cf0b5ad5da36ff3912d.png?sfvrsn=68e76dc2_17,unknown_permission_required,metadata_only_permission_required,2026-09-07
HV_000016,WHO,02-06-2017-medical-product-alert-n-1-2017--falsified-meningococcal-acwy-vaccine,https://www.who.int/news/item/02-06-2017-medical-product-alert-n-1-2017--falsified-meningococcal-acwy-vaccine,image,https://www.who.int/images/default-source/fallback/maps/europeae57428b4f114210ae7067e1f5119e1a.png?sfvrsn=c7d5c5a5_19,unknown_permission_required,metadata_only_permission_required,2026-09-07
HV_000017,WHO,02-06-2017-medical-product-alert-n-1-2017--falsified-meningococcal-acwy-vaccine,https://www.who.int/news/item/02-06-2017-medical-product-alert-n-1-2017--falsified-meningococcal-acwy-vaccine,image,https://www.who.int/images/default-source/fallback/maps/eastern-mediterraneanadf4e81056b84e75b83a1faed30a1e0a.png?sfvrsn=71211e18_17,unknown_permission_required,metadata_only_permission_required,2026-09-07
HV_000018,WHO,02-06-2017-medical-product-alert-n-1-2017--falsified-meningococcal-acwy-vaccine,https://www.who.int/news/item/02-06-2017-medical-product-alert-n-1-2017--falsified-meningococcal-acwy-vaccine,image,https://www.who.int/images/default-source/fallback/maps/western-pacifice1e576200c9b4fe59078eb28958428a9.png?sfvrsn=88cbdcd5_19,unknown_permission_required,metadata_only_permission_required,2026-09-07
HV_000019,WHO,02-07-2015-medical-product-alert-n-4-2015--adverse-reactions-caused-by-falsified-diazepam,https://www.who.int/news/item/02-07-2015-medical-product-alert-n-4-2015--adverse-reactions-caused-by-falsified-diazepam,pdf,https://cdn.who.int/media/docs/default-source/substandard-and-falsified/n4_2015-diazepam_en.pdf?sfvrsn=aa700dc9_1,unknown_permission_required,metadata_only_permission_required,2026-09-07
HV_000020,WHO,02-07-2015-medical-product-alert-n-4-2015--adverse-reactions-caused-by-falsified-diazepam,https://www.who.int/news/item/02-07-2015-medical-product-alert-n-4-2015--adverse-reactions-caused-by-falsified-diazepam,pdf,https://cdn.who.int/media/docs/default-source/substandard-and-falsified/n4_2015-diazepam_en.pdf?sfvrsn=aa700dc9_1,unknown_permission_required,metadata_only_permission_required,2026-09-07
HV_000021,WHO,02-07-2015-medical-product-alert-n-4-2015--adverse-reactions-caused-by-falsified-diazepam,https://www.who.int/news/item/02-07-2015-medical-product-alert-n-4-2015--adverse-reactions-caused-by-falsified-diazepam,image,https://www.who.int/images/default-source/fallback/maps/africa8bd96ad167204ac7ac4811b8ae1dfe2c.png?sfvrsn=3204f957_20,unknown_permission_required,metadata_only_permission_required,2026-09-07
HV_000022,WHO,02-07-2015-medical-product-alert-n-4-2015--adverse-reactions-caused-by-falsified-diazepam,https://www.who.int/news/item/02-07-2015-medical-product-alert-n-4-2015--adverse-reactions-caused-by-falsified-diazepam,image,https://www.who.int/images/default-source/fallback/maps/americas.png?sfvrsn=9efd6df3_19,unknown_permission_required,metadata_only_permission_required,2026-09-07
HV_000023,WHO,02-07-2015-medical-product-alert-n-4-2015--adverse-reactions-caused-by-falsified-diazepam,https://www.who.int/news/item/02-07-2015-medical-product-alert-n-4-2015--adverse-reactions-caused-by-falsified-diazepam,image,https://www.who.int/images/default-source/fallback/maps/south-east-asia1c6bd1d9eb5b4cf0b5ad5da36ff3912d.png?sfvrsn=68e76dc2_17,unknown_permission_required,metadata_only_permission_required,2026-09-07
HV_000024,WHO,02-07-2015-medical-product-alert-n-4-2015--adverse-reactions-caused-by-falsified-diazepam,https://www.who.int/news/item/02-07-2015-medical-product-alert-n-4-2015--adverse-reactions-caused-by-falsified-diazepam,image,https://www.who.int/images/default-source/fallback/maps/europeae57428b4f114210ae7067e1f5119e1a.png?sfvrsn=c7d5c5a5_19,unknown_permission_required,metadata_only_permission_required,2026-09-07
HV_000025,WHO,02-07-2015-medical-product-alert-n-4-2015--adverse-reactions-caused-by-falsified-diazepam,https://www.who.int/news/item/02-07-2015-medical-product-alert-n-4-2015--adverse-reactions-caused-by-falsified-diazepam,image,https://www.who.int/images/default-source/fallback/maps/eastern-mediterraneanadf4e81056b84e75b83a1faed30a1e0a.png?sfvrsn=71211e18_17,unknown_permission_required,metadata_only_permission_required,2026-09-07
HV_000026,WHO,02-07-2015-medical-product-alert-n-4-2015--adverse-reactions-caused-by-falsified-diazepam,https://www.who.int/news/item/02-07-2015-medical-product-alert-n-4-2015--adverse-reactions-caused-by-falsified-diazepam,image,https://www.who.int/images/default-source/fallback/maps/western-pacifice1e576200c9b4fe59078eb28958428a9.png?sfvrsn=88cbdcd5_19,unknown_permission_required,metadata_only_permission_required,2026-09-07
HV_000027,WHO,03-05-2013-medical-product-alert-n-2-2013--falsified-batches-of-coartem,https://www.who.int/news/item/03-05-2013-medical-product-alert-n-2-2013--falsified-batches-of-coartem,pdf,https://cdn.who.int/media/docs/default-source/substandard-and-falsified/n2_2013-coartem_en.pdf?sfvrsn=a8b87563_1,unknown_permission_required,metadata_only_permission_required,2026-09-07
HV_000028,WHO,03-05-2013-medical-product-alert-n-2-2013--falsified-batches-of-coartem,https://www.who.int/news/item/03-05-2013-medical-product-alert-n-2-2013--falsified-batches-of-coartem,pdf,https://cdn.who.int/media/docs/default-source/substandard-and-falsified/n2_2013-coartem_en.pdf?sfvrsn=a8b87563_1,unknown_permission_required,metadata_only_permission_required,2026-09-07
HV_000029,WHO,03-05-2013-medical-product-alert-n-2-2013--falsified-batches-of-coartem,https://www.who.int/news/item/03-05-2013-medical-product-alert-n-2-2013--falsified-batches-of-coartem,image,https://www.who.int/images/default-source/fallback/maps/africa8bd96ad167204ac7ac4811b8ae1dfe2c.png?sfvrsn=3204f957_20,unknown_permission_required,metadata_only_permission_required,2026-09-07
HV_000030,WHO,03-05-2013-medical-product-alert-n-2-2013--falsified-batches-of-coartem,https://www.who.int/news/item/03-05-2013-medical-product-alert-n-2-2013--falsified-batches-of-coartem,image,https://www.who.int/images/default-source/fallback/maps/americas.png?sfvrsn=9efd6df3_19,unknown_permission_required,metadata_only_permission_required,2026-09-07
HV_000031,WHO,03-05-2013-medical-product-alert-n-2-2013--falsified-batches-of-coartem,https://www.who.int/news/item/03-05-2013-medical-product-alert-n-2-2013--falsified-batches-of-coartem,image,https://www.who.int/images/default-source/fallback/maps/south-east-asia1c6bd1d9eb5b4cf0b5ad5da36ff3912d.png?sfvrsn=68e76dc2_17,unknown_permission_required,metadata_only_permission_required,2026-09-07
HV_000032,WHO,03-05-2013-medical-product-alert-n-2-2013--falsified-batches-of-coartem,https://www.who.int/news/item/03-05-2013-medical-product-alert-n-2-2013--falsified-batches-of-coartem,image,https://www.who.int/images/default-source/fallback/maps/europeae57428b4f114210ae7067e1f5119e1a.png?sfvrsn=c7d5c5a5_19,unknown_permission_required,metadata_only_permission_required,2026-09-07
HV_000033,WHO,03-05-2013-medical-product-alert-n-2-2013--falsified-batches-of-coartem,https://www.who.int/news/item/03-05-2013-medical-product-alert-n-2-2013--falsified-batches-of-coartem,image,https://www.who.int/images/default-source/fallback/maps/eastern-mediterraneanadf4e81056b84e75b83a1faed30a1e0a.png?sfvrsn=71211e18_17,unknown_permission_required,metadata_only_permission_required,2026-09-07
HV_000034,WHO,03-05-2013-medical-product-alert-n-2-2013--falsified-batches-of-coartem,https://www.who.int/news/item/03-05-2013-medical-product-alert-n-2-2013--falsified-batches-of-coartem,image,https://www.who.int/images/default-source/fallback/maps/western-pacifice1e576200c9b4fe59078eb28958428a9.png?sfvrsn=88cbdcd5_19,unknown_permission_required,metadata_only_permission_required,2026-09-07
HV_000035,WHO,03-07-2026-medical-product-alert-n-3-2026--falsified-darzalex-(daratumumab),https://www.who.int/news/item/03-07-2026-medical-product-alert-n-3-2026--falsified-darzalex-(daratumumab),pdf,https://cdn.who.int/media/docs/default-source/substandard-and-falsified/n3_2026_darzalex_en.pdf?sfvrsn=e7e1aaf7_6,unknown_permission_required,metadata_only_permission_required,2026-09-07
HV_000036,WHO,03-07-2026-medical-product-alert-n-3-2026--falsified-darzalex-(daratumumab),https://www.who.int/news/item/03-07-2026-medical-product-alert-n-3-2026--falsified-darzalex-(daratumumab),pdf,https://cdn.who.int/media/docs/default-source/substandard-and-falsified/n2_2026_jakavi_en.pdf?sfvrsn=7371a115_6,unknown_permission_required,metadata_only_permission_required,2026-09-07
HV_000037,WHO,03-07-2026-medical-product-alert-n-3-2026--falsified-darzalex-(daratumumab),https://www.who.int/news/item/03-07-2026-medical-product-alert-n-3-2026--falsified-darzalex-(daratumumab),pdf,https://cdn.who.int/media/docs/default-source/substandard-and-falsified/n3_2026_darzalex_en.pdf?sfvrsn=e7e1aaf7_6,unknown_permission_required,metadata_only_permission_required,2026-09-07
HV_000038,WHO,03-07-2026-medical-product-alert-n-3-2026--falsified-darzalex-(daratumumab),https://www.who.int/news/item/03-07-2026-medical-product-alert-n-3-2026--falsified-darzalex-(daratumumab),pdf,https://cdn.who.int/media/docs/default-source/substandard-and-falsified/n2_2026_jakavi_en.pdf?sfvrsn=7371a115_6,unknown_permission_required,metadata_only_permission_required,2026-09-07
HV_000039,WHO,03-07-2026-medical-product-alert-n-3-2026--falsified-darzalex-(daratumumab),https://www.who.int/news/item/03-07-2026-medical-product-alert-n-3-2026--falsified-darzalex-(daratumumab),image,https://www.who.int/images/default-source/fallback/maps/africa8bd96ad167204ac7ac4811b8ae1dfe2c.png?sfvrsn=3204f957_20,unknown_permission_required,metadata_only_permission_required,2026-09-07
HV_000040,WHO,03-07-2026-medical-product-alert-n-3-2026--falsified-darzalex-(daratumumab),https://www.who.int/news/item/03-07-2026-medical-product-alert-n-3-2026--falsified-darzalex-(daratumumab),image,https://www.who.int/images/default-source/fallback/maps/americas.png?sfvrsn=9efd6df3_19,unknown_permission_required,metadata_only_permission_required,2026-09-07
HV_000041,WHO,03-07-2026-medical-product-alert-n-3-2026--falsified-darzalex-(daratumumab),https://www.who.int/news/item/03-07-2026-medical-product-alert-n-3-2026--falsified-darzalex-(daratumumab),image,https://www.who.int/images/default-source/fallback/maps/south-east-asia1c6bd1d9eb5b4cf0b5ad5da36ff3912d.png?sfvrsn=68e76dc2_17,unknown_permission_required,metadata_only_permission_required,2026-09-07
HV_000042,WHO,03-07-2026-medical-product-alert-n-3-2026--falsified-darzalex-(daratumumab),https://www.who.int/news/item/03-07-2026-medical-product-alert-n-3-2026--falsified-darzalex-(daratumumab),image,https://www.who.int/images/default-source/fallback/maps/europeae57428b4f114210ae7067e1f5119e1a.png?sfvrsn=c7d5c5a5_19,unknown_permission_required,metadata_only_permission_required,2026-09-07
HV_000043,WHO,03-07-2026-medical-product-alert-n-3-2026--falsified-darzalex-(daratumumab),https://www.who.int/news/item/03-07-2026-medical-product-alert-n-3-2026--falsified-darzalex-(daratumumab),image,https://www.who.int/images/default-source/fallback/maps/eastern-mediterraneanadf4e81056b84e75b83a1faed30a1e0a.png?sfvrsn=71211e18_17,unknown_permission_required,metadata_only_permission_required,2026-09-07
HV_000044,WHO,03-07-2026-medical-product-alert-n-3-2026--falsified-darzalex-(daratumumab),https://www.who.int/news/item/03-07-2026-medical-product-alert-n-3-2026--falsified-darzalex-(daratumumab),image,https://www.who.int/images/default-source/fallback/maps/western-pacifice1e576200c9b4fe59078eb28958428a9.png?sfvrsn=88cbdcd5_19,unknown_permission_required,metadata_only_permission_required,2026-09-07
HV_000045,WHO,04-09-2023-medical-product-alert-n-7-2023--falsified-defitelio-(defibrotide),https://www.who.int/news/item/04-09-2023-medical-product-alert-n-7-2023--falsified-defitelio-(defibrotide),pdf,https://cdn.who.int/media/docs/default-source/substandard-and-falsified/n7_2023_defitelio_en.pdf?sfvrsn=47958b0e_6,unknown_permission_required,metadata_only_permission_required,2026-09-07
HV_000046,WHO,04-09-2023-medical-product-alert-n-7-2023--falsified-defitelio-(defibrotide),https://www.who.int/news/item/04-09-2023-medical-product-alert-n-7-2023--falsified-defitelio-(defibrotide),pdf,https://cdn.who.int/media/docs/default-source/substandard-and-falsified/n7_2023_defitelio_en.pdf?sfvrsn=47958b0e_6,unknown_permission_required,metadata_only_permission_required,2026-09-07
HV_000047,WHO,04-09-2023-medical-product-alert-n-7-2023--falsified-defitelio-(defibrotide),https://www.who.int/news/item/04-09-2023-medical-product-alert-n-7-2023--falsified-defitelio-(defibrotide),image,https://www.who.int/images/default-source/fallback/maps/africa8bd96ad167204ac7ac4811b8ae1dfe2c.png?sfvrsn=3204f957_20,unknown_permission_required,metadata_only_permission_required,2026-09-07
HV_000048,WHO,04-09-2023-medical-product-alert-n-7-2023--falsified-defitelio-(defibrotide),https://www.who.int/news/item/04-09-2023-medical-product-alert-n-7-2023--falsified-defitelio-(defibrotide),image,https://www.who.int/images/default-source/fallback/maps/americas.png?sfvrsn=9efd6df3_19,unknown_permission_required,metadata_only_permission_required,2026-09-07
HV_000049,WHO,04-09-2023-medical-product-alert-n-7-2023--falsified-defitelio-(defibrotide),https://www.who.int/news/item/04-09-2023-medical-product-alert-n-7-2023--falsified-defitelio-(defibrotide),image,https://www.who.int/images/default-source/fallback/maps/south-east-asia1c6bd1d9eb5b4cf0b5ad5da36ff3912d.png?sfvrsn=68e76dc2_17,unknown_permission_required,metadata_only_permission_required,2026-09-07
HV_000050,WHO,04-09-2023-medical-product-alert-n-7-2023--falsified-defitelio-(defibrotide),https://www.who.int/news/item/04-09-2023-medical-product-alert-n-7-2023--falsified-defitelio-(defibrotide),image,https://www.who.int/images/default-source/fallback/maps/europeae57428b4f114210ae7067e1f5119e1a.png?sfvrsn=c7d5c5a5_19,unknown_permission_required,metadata_only_permission_required,2026-09-07
HV_000051,WHO,04-09-2023-medical-product-alert-n-7-2023--falsified-defitelio-(defibrotide),https://www.who.int/news/item/04-09-2023-medical-product-alert-n-7-2023--falsified-defitelio-(defibrotide),image,https://www.who.int/images/default-source/fallback/maps/eastern-mediterraneanadf4e81056b84e75b83a1faed30a1e0a.png?sfvrsn=71211e18_17,unknown_permission_required,metadata_only_permission_required,2026-09-07
HV_000052,WHO,04-09-2023-medical-product-alert-n-7-2023--falsified-defitelio-(defibrotide),https://www.who.int/news/item/04-09-2023-medical-product-alert-n-7-2023--falsified-defitelio-(defibrotide),image,https://www.who.int/images/default-source/fallback/maps/western-pacifice1e576200c9b4fe59078eb28958428a9.png?sfvrsn=88cbdcd5_19,unknown_permission_required,metadata_only_permission_required,2026-09-07
HV_000053,WHO,04-11-2021-medical-product-alert-n-6-2021-falsified-pfizer-biontech-covid-19-vaccine,https://www.who.int/news/item/04-11-2021-medical-product-alert-n-6-2021-falsified-pfizer-biontech-covid-19-vaccine,pdf,https://cdn.who.int/media/docs/default-source/substandard-and-falsified/n6_2021-falsified-biotech_en.pdf?sfvrsn=28aa62f1_38,unknown_permission_required,metadata_only_permission_required,2026-09-07
HV_000054,WHO,04-11-2021-medical-product-alert-n-6-2021-falsified-pfizer-biontech-covid-19-vaccine,https://www.who.int/news/item/04-11-2021-medical-product-alert-n-6-2021-falsified-pfizer-biontech-covid-19-vaccine,image,https://www.who.int/images/default-source/fallback/maps/africa8bd96ad167204ac7ac4811b8ae1dfe2c.png?sfvrsn=3204f957_20,unknown_permission_required,metadata_only_permission_required,2026-09-07
HV_000055,WHO,04-11-2021-medical-product-alert-n-6-2021-falsified-pfizer-biontech-covid-19-vaccine,https://www.who.int/news/item/04-11-2021-medical-product-alert-n-6-2021-falsified-pfizer-biontech-covid-19-vaccine,image,https://www.who.int/images/default-source/fallback/maps/americas.png?sfvrsn=9efd6df3_19,unknown_permission_required,metadata_only_permission_required,2026-09-07
HV_000056,WHO,04-11-2021-medical-product-alert-n-6-2021-falsified-pfizer-biontech-covid-19-vaccine,https://www.who.int/news/item/04-11-2021-medical-product-alert-n-6-2021-falsified-pfizer-biontech-covid-19-vaccine,image,https://www.who.int/images/default-source/fallback/maps/south-east-asia1c6bd1d9eb5b4cf0b5ad5da36ff3912d.png?sfvrsn=68e76dc2_17,unknown_permission_required,metadata_only_permission_required,2026-09-07
HV_000057,WHO,04-11-2021-medical-product-alert-n-6-2021-falsified-pfizer-biontech-covid-19-vaccine,https://www.who.int/news/item/04-11-2021-medical-product-alert-n-6-2021-falsified-pfizer-biontech-covid-19-vaccine,image,https://www.who.int/images/default-source/fallback/maps/europeae57428b4f114210ae7067e1f5119e1a.png?sfvrsn=c7d5c5a5_19,unknown_permission_required,metadata_only_permission_required,2026-09-07
HV_000058,WHO,04-11-2021-medical-product-alert-n-6-2021-falsified-pfizer-biontech-covid-19-vaccine,https://www.who.int/news/item/04-11-2021-medical-product-alert-n-6-2021-falsified-pfizer-biontech-covid-19-vaccine,image,https://www.who.int/images/default-source/fallback/maps/eastern-mediterraneanadf4e81056b84e75b83a1faed30a1e0a.png?sfvrsn=71211e18_17,unknown_permission_required,metadata_only_permission_required,2026-09-07
HV_000059,WHO,04-11-2021-medical-product-alert-n-6-2021-falsified-pfizer-biontech-covid-19-vaccine,https://www.who.int/news/item/04-11-2021-medical-product-alert-n-6-2021-falsified-pfizer-biontech-covid-19-vaccine,image,https://www.who.int/images/default-source/fallback/maps/western-pacifice1e576200c9b4fe59078eb28958428a9.png?sfvrsn=88cbdcd5_19,unknown_permission_required,metadata_only_permission_required,2026-09-07
HV_000060,WHO,04-11-2021-medical-product-alert-n-6-2021-falsified-pfizer-biontech-covid-19-vaccine,https://www.who.int/news/item/04-11-2021-medical-product-alert-n-6-2021-falsified-pfizer-biontech-covid-19-vaccine,image,https://cdn.who.int/media/images/default-source/substandard-and-falsified-medical-products/table1_n6_2021.png?sfvrsn=ae42a5c7_20,unknown_permission_required,metadata_only_permission_required,2026-09-07
HV_000061,WHO,04-11-2021-medical-product-alert-n-6-2021-falsified-pfizer-biontech-covid-19-vaccine,https://www.who.int/news/item/04-11-2021-medical-product-alert-n-6-2021-falsified-pfizer-biontech-covid-19-vaccine,image,https://cdn.who.int/media/images/default-source/substandard-and-falsified-medical-products/n6_2021_biotech.png?sfvrsn=3e8bcbd1_15&Status=Master,unknown_permission_required,metadata_only_permission_required,2026-09-07
HV_000062,WHO,04-11-2021-medical-product-alert-n-7-2021-falsified-covid-19-vaccine-astrazeneca,https://www.who.int/news/item/04-11-2021-medical-product-alert-n-7-2021-falsified-covid-19-vaccine-astrazeneca,pdf,https://cdn.who.int/media/docs/default-source/substandard-and-falsified/n7_2021_falsified_astrazen_en.pdf?sfvrsn=682f4cb1_22,unknown_permission_required,metadata_only_permission_required,2026-09-07
HV_000063,WHO,04-11-2021-medical-product-alert-n-7-2021-falsified-covid-19-vaccine-astrazeneca,https://www.who.int/news/item/04-11-2021-medical-product-alert-n-7-2021-falsified-covid-19-vaccine-astrazeneca,image,https://www.who.int/images/default-source/fallback/maps/africa8bd96ad167204ac7ac4811b8ae1dfe2c.png?sfvrsn=3204f957_20,unknown_permission_required,metadata_only_permission_required,2026-09-07
HV_000064,WHO,04-11-2021-medical-product-alert-n-7-2021-falsified-covid-19-vaccine-astrazeneca,https://www.who.int/news/item/04-11-2021-medical-product-alert-n-7-2021-falsified-covid-19-vaccine-astrazeneca,image,https://www.who.int/images/default-source/fallback/maps/americas.png?sfvrsn=9efd6df3_19,unknown_permission_required,metadata_only_permission_required,2026-09-07
HV_000065,WHO,04-11-2021-medical-product-alert-n-7-2021-falsified-covid-19-vaccine-astrazeneca,https://www.who.int/news/item/04-11-2021-medical-product-alert-n-7-2021-falsified-covid-19-vaccine-astrazeneca,image,https://www.who.int/images/default-source/fallback/maps/south-east-asia1c6bd1d9eb5b4cf0b5ad5da36ff3912d.png?sfvrsn=68e76dc2_17,unknown_permission_required,metadata_only_permission_required,2026-09-07
HV_000066,WHO,04-11-2021-medical-product-alert-n-7-2021-falsified-covid-19-vaccine-astrazeneca,https://www.who.int/news/item/04-11-2021-medical-product-alert-n-7-2021-falsified-covid-19-vaccine-astrazeneca,image,https://www.who.int/images/default-source/fallback/maps/europeae57428b4f114210ae7067e1f5119e1a.png?sfvrsn=c7d5c5a5_19,unknown_permission_required,metadata_only_permission_required,2026-09-07
HV_000067,WHO,04-11-2021-medical-product-alert-n-7-2021-falsified-covid-19-vaccine-astrazeneca,https://www.who.int/news/item/04-11-2021-medical-product-alert-n-7-2021-falsified-covid-19-vaccine-astrazeneca,image,https://www.who.int/images/default-source/fallback/maps/eastern-mediterraneanadf4e81056b84e75b83a1faed30a1e0a.png?sfvrsn=71211e18_17,unknown_permission_required,metadata_only_permission_required,2026-09-07
HV_000068,WHO,04-11-2021-medical-product-alert-n-7-2021-falsified-covid-19-vaccine-astrazeneca,https://www.who.int/news/item/04-11-2021-medical-product-alert-n-7-2021-falsified-covid-19-vaccine-astrazeneca,image,https://www.who.int/images/default-source/fallback/maps/western-pacifice1e576200c9b4fe59078eb28958428a9.png?sfvrsn=88cbdcd5_19,unknown_permission_required,metadata_only_permission_required,2026-09-07
HV_000069,WHO,04-11-2021-medical-product-alert-n-7-2021-falsified-covid-19-vaccine-astrazeneca,https://www.who.int/news/item/04-11-2021-medical-product-alert-n-7-2021-falsified-covid-19-vaccine-astrazeneca,image,https://cdn.who.int/media/images/default-source/substandard-and-falsified-medical-products/table1_n7_2021.png?sfvrsn=e012e902_25&Status=Master,unknown_permission_required,metadata_only_permission_required,2026-09-07
HV_000070,WHO,05-02-2016-medical-product-alert-n-4-2017--falsified-phenobarbitone-tablets,https://www.who.int/news/item/05-02-2016-medical-product-alert-n-4-2017--falsified-phenobarbitone-tablets,pdf,https://cdn.who.int/media/docs/default-source/substandard-and-falsified/n1_2016-falsified-phenobarbital_en.pdf?sfvrsn=bf8832a3_1,unknown_permission_required,metadata_only_permission_required,2026-09-07
HV_000071,WHO,05-02-2016-medical-product-alert-n-4-2017--falsified-phenobarbitone-tablets,https://www.who.int/news/item/05-02-2016-medical-product-alert-n-4-2017--falsified-phenobarbitone-tablets,pdf,https://cdn.who.int/media/docs/default-source/substandard-and-falsified/n1_2016-falsified-phenobarbital_en.pdf?sfvrsn=bf8832a3_1,unknown_permission_required,metadata_only_permission_required,2026-09-07
HV_000072,WHO,05-02-2016-medical-product-alert-n-4-2017--falsified-phenobarbitone-tablets,https://www.who.int/news/item/05-02-2016-medical-product-alert-n-4-2017--falsified-phenobarbitone-tablets,image,https://www.who.int/images/default-source/fallback/maps/africa8bd96ad167204ac7ac4811b8ae1dfe2c.png?sfvrsn=3204f957_20,unknown_permission_required,metadata_only_permission_required,2026-09-07
HV_000073,WHO,05-02-2016-medical-product-alert-n-4-2017--falsified-phenobarbitone-tablets,https://www.who.int/news/item/05-02-2016-medical-product-alert-n-4-2017--falsified-phenobarbitone-tablets,image,https://www.who.int/images/default-source/fallback/maps/americas.png?sfvrsn=9efd6df3_19,unknown_permission_required,metadata_only_permission_required,2026-09-07
HV_000074,WHO,05-02-2016-medical-product-alert-n-4-2017--falsified-phenobarbitone-tablets,https://www.who.int/news/item/05-02-2016-medical-product-alert-n-4-2017--falsified-phenobarbitone-tablets,image,https://www.who.int/images/default-source/fallback/maps/south-east-asia1c6bd1d9eb5b4cf0b5ad5da36ff3912d.png?sfvrsn=68e76dc2_17,unknown_permission_required,metadata_only_permission_required,2026-09-07
HV_000075,WHO,05-02-2016-medical-product-alert-n-4-2017--falsified-phenobarbitone-tablets,https://www.who.int/news/item/05-02-2016-medical-product-alert-n-4-2017--falsified-phenobarbitone-tablets,image,https://www.who.int/images/default-source/fallback/maps/europeae57428b4f114210ae7067e1f5119e1a.png?sfvrsn=c7d5c5a5_19,unknown_permission_required,metadata_only_permission_required,2026-09-07
HV_000076,WHO,05-02-2016-medical-product-alert-n-4-2017--falsified-phenobarbitone-tablets,https://www.who.int/news/item/05-02-2016-medical-product-alert-n-4-2017--falsified-phenobarbitone-tablets,image,https://www.who.int/images/default-source/fallback/maps/eastern-mediterraneanadf4e81056b84e75b83a1faed30a1e0a.png?sfvrsn=71211e18_17,unknown_permission_required,metadata_only_permission_required,2026-09-07
HV_000077,WHO,05-02-2016-medical-product-alert-n-4-2017--falsified-phenobarbitone-tablets,https://www.who.int/news/item/05-02-2016-medical-product-alert-n-4-2017--falsified-phenobarbitone-tablets,image,https://www.who.int/images/default-source/fallback/maps/western-pacifice1e576200c9b4fe59078eb28958428a9.png?sfvrsn=88cbdcd5_19,unknown_permission_required,metadata_only_permission_required,2026-09-07
HV_000078,WHO,05-08-2024-medical-product-alert-n-3-2024--falsified-(contaminated)-oxymorphone-hydrochloride-40mg,https://www.who.int/news/item/05-08-2024-medical-product-alert-n-3-2024--falsified-(contaminated)-oxymorphone-hydrochloride-40mg,pdf,https://cdn.who.int/media/docs/default-source/substandard-and-falsified/n3_2024-oxymorphone_en.pdf?sfvrsn=d0009ecb_6,unknown_permission_required,metadata_only_permission_required,2026-09-07
HV_000079,WHO,05-08-2024-medical-product-alert-n-3-2024--falsified-(contaminated)-oxymorphone-hydrochloride-40mg,https://www.who.int/news/item/05-08-2024-medical-product-alert-n-3-2024--falsified-(contaminated)-oxymorphone-hydrochloride-40mg,pdf,https://cdn.who.int/media/docs/default-source/substandard-and-falsified/n3_2024-oxymorphone_en.pdf?sfvrsn=d0009ecb_6,unknown_permission_required,metadata_only_permission_required,2026-09-07
HV_000080,WHO,05-08-2024-medical-product-alert-n-3-2024--falsified-(contaminated)-oxymorphone-hydrochloride-40mg,https://www.who.int/news/item/05-08-2024-medical-product-alert-n-3-2024--falsified-(contaminated)-oxymorphone-hydrochloride-40mg,image,https://www.who.int/images/default-source/fallback/maps/africa8bd96ad167204ac7ac4811b8ae1dfe2c.png?sfvrsn=3204f957_20,unknown_permission_required,metadata_only_permission_required,2026-09-07
HV_000081,WHO,05-08-2024-medical-product-alert-n-3-2024--falsified-(contaminated)-oxymorphone-hydrochloride-40mg,https://www.who.int/news/item/05-08-2024-medical-product-alert-n-3-2024--falsified-(contaminated)-oxymorphone-hydrochloride-40mg,image,https://www.who.int/images/default-source/fallback/maps/americas.png?sfvrsn=9efd6df3_19,unknown_permission_required,metadata_only_permission_required,2026-09-07
HV_000082,WHO,05-08-2024-medical-product-alert-n-3-2024--falsified-(contaminated)-oxymorphone-hydrochloride-40mg,https://www.who.int/news/item/05-08-2024-medical-product-alert-n-3-2024--falsified-(contaminated)-oxymorphone-hydrochloride-40mg,image,https://www.who.int/images/default-source/fallback/maps/south-east-asia1c6bd1d9eb5b4cf0b5ad5da36ff3912d.png?sfvrsn=68e76dc2_17,unknown_permission_required,metadata_only_permission_required,2026-09-07
HV_000083,WHO,05-08-2024-medical-product-alert-n-3-2024--falsified-(contaminated)-oxymorphone-hydrochloride-40mg,https://www.who.int/news/item/05-08-2024-medical-product-alert-n-3-2024--falsified-(contaminated)-oxymorphone-hydrochloride-40mg,image,https://www.who.int/images/default-source/fallback/maps/europeae57428b4f114210ae7067e1f5119e1a.png?sfvrsn=c7d5c5a5_19,unknown_permission_required,metadata_only_permission_required,2026-09-07
HV_000084,WHO,05-08-2024-medical-product-alert-n-3-2024--falsified-(contaminated)-oxymorphone-hydrochloride-40mg,https://www.who.int/news/item/05-08-2024-medical-product-alert-n-3-2024--falsified-(contaminated)-oxymorphone-hydrochloride-40mg,image,https://www.who.int/images/default-source/fallback/maps/eastern-mediterraneanadf4e81056b84e75b83a1faed30a1e0a.png?sfvrsn=71211e18_17,unknown_permission_required,metadata_only_permission_required,2026-09-07
HV_000085,WHO,05-08-2024-medical-product-alert-n-3-2024--falsified-(contaminated)-oxymorphone-hydrochloride-40mg,https://www.who.int/news/item/05-08-2024-medical-product-alert-n-3-2024--falsified-(contaminated)-oxymorphone-hydrochloride-40mg,image,https://www.who.int/images/default-source/fallback/maps/western-pacifice1e576200c9b4fe59078eb28958428a9.png?sfvrsn=88cbdcd5_19,unknown_permission_required,metadata_only_permission_required,2026-09-07
HV_000086,WHO,08-11-2013-medical-product-alert-n-5-2013--falsified-batches-of-coartem-update,https://www.who.int/news/item/08-11-2013-medical-product-alert-n-5-2013--falsified-batches-of-coartem-update,pdf,https://cdn.who.int/media/docs/default-source/substandard-and-falsified/n2_2013-coartem_en.pdf?sfvrsn=a8b87563_1,unknown_permission_required,metadata_only_permission_required,2026-09-07
HV_000087,WHO,08-11-2013-medical-product-alert-n-5-2013--falsified-batches-of-coartem-update,https://www.who.int/news/item/08-11-2013-medical-product-alert-n-5-2013--falsified-batches-of-coartem-update,pdf,https://cdn.who.int/media/docs/default-source/substandard-and-falsified/n5_2013-coartem_en.pdf?sfvrsn=9cf0be5b_1,unknown_permission_required,metadata_only_permission_required,2026-09-07
HV_000088,WHO,08-11-2013-medical-product-alert-n-5-2013--falsified-batches-of-coartem-update,https://www.who.int/news/item/08-11-2013-medical-product-alert-n-5-2013--falsified-batches-of-coartem-update,pdf,https://cdn.who.int/media/docs/default-source/substandard-and-falsified/n2_2013-coartem_en.pdf?sfvrsn=a8b87563_1,unknown_permission_required,metadata_only_permission_required,2026-09-07
HV_000089,WHO,08-11-2013-medical-product-alert-n-5-2013--falsified-batches-of-coartem-update,https://www.who.int/news/item/08-11-2013-medical-product-alert-n-5-2013--falsified-batches-of-coartem-update,pdf,https://cdn.who.int/media/docs/default-source/substandard-and-falsified/n5_2013-coartem_en.pdf?sfvrsn=9cf0be5b_1,unknown_permission_required,metadata_only_permission_required,2026-09-07
HV_000090,WHO,08-11-2013-medical-product-alert-n-5-2013--falsified-batches-of-coartem-update,https://www.who.int/news/item/08-11-2013-medical-product-alert-n-5-2013--falsified-batches-of-coartem-update,image,https://www.who.int/images/default-source/fallback/maps/africa8bd96ad167204ac7ac4811b8ae1dfe2c.png?sfvrsn=3204f957_20,unknown_permission_required,metadata_only_permission_required,2026-09-07
HV_000091,WHO,08-11-2013-medical-product-alert-n-5-2013--falsified-batches-of-coartem-update,https://www.who.int/news/item/08-11-2013-medical-product-alert-n-5-2013--falsified-batches-of-coartem-update,image,https://www.who.int/images/default-source/fallback/maps/americas.png?sfvrsn=9efd6df3_19,unknown_permission_required,metadata_only_permission_required,2026-09-07
HV_000092,WHO,08-11-2013-medical-product-alert-n-5-2013--falsified-batches-of-coartem-update,https://www.who.int/news/item/08-11-2013-medical-product-alert-n-5-2013--falsified-batches-of-coartem-update,image,https://www.who.int/images/default-source/fallback/maps/south-east-asia1c6bd1d9eb5b4cf0b5ad5da36ff3912d.png?sfvrsn=68e76dc2_17,unknown_permission_required,metadata_only_permission_required,2026-09-07
HV_000093,WHO,08-11-2013-medical-product-alert-n-5-2013--falsified-batches-of-coartem-update,https://www.who.int/news/item/08-11-2013-medical-product-alert-n-5-2013--falsified-batches-of-coartem-update,image,https://www.who.int/images/default-source/fallback/maps/europeae57428b4f114210ae7067e1f5119e1a.png?sfvrsn=c7d5c5a5_19,unknown_permission_required,metadata_only_permission_required,2026-09-07
HV_000094,WHO,08-11-2013-medical-product-alert-n-5-2013--falsified-batches-of-coartem-update,https://www.who.int/news/item/08-11-2013-medical-product-alert-n-5-2013--falsified-batches-of-coartem-update,image,https://www.who.int/images/default-source/fallback/maps/eastern-mediterraneanadf4e81056b84e75b83a1faed30a1e0a.png?sfvrsn=71211e18_17,unknown_permission_required,metadata_only_permission_required,2026-09-07
HV_000095,WHO,08-11-2013-medical-product-alert-n-5-2013--falsified-batches-of-coartem-update,https://www.who.int/news/item/08-11-2013-medical-product-alert-n-5-2013--falsified-batches-of-coartem-update,image,https://www.who.int/images/default-source/fallback/maps/western-pacifice1e576200c9b4fe59078eb28958428a9.png?sfvrsn=88cbdcd5_19,unknown_permission_required,metadata_only_permission_required,2026-09-07
HV_000096,WHO,09-03-2022-medical-product-alert-n-2-2022-falsified-desrem-(remdesivir),https://www.who.int/news/item/09-03-2022-medical-product-alert-n-2-2022-falsified-desrem-(remdesivir),pdf,https://cdn.who.int/media/docs/default-source/substandard-and-falsified/n2_2022_falsified-desrem_en.pdf?sfvrsn=b3b18839_17,unknown_permission_required,metadata_only_permission_required,2026-09-07
HV_000097,WHO,09-03-2022-medical-product-alert-n-2-2022-falsified-desrem-(remdesivir),https://www.who.int/news/item/09-03-2022-medical-product-alert-n-2-2022-falsified-desrem-(remdesivir),image,https://www.who.int/images/default-source/fallback/maps/africa8bd96ad167204ac7ac4811b8ae1dfe2c.png?sfvrsn=3204f957_20,unknown_permission_required,metadata_only_permission_required,2026-09-07
HV_000098,WHO,09-03-2022-medical-product-alert-n-2-2022-falsified-desrem-(remdesivir),https://www.who.int/news/item/09-03-2022-medical-product-alert-n-2-2022-falsified-desrem-(remdesivir),image,https://www.who.int/images/default-source/fallback/maps/americas.png?sfvrsn=9efd6df3_19,unknown_permission_required,metadata_only_permission_required,2026-09-07
HV_000099,WHO,09-03-2022-medical-product-alert-n-2-2022-falsified-desrem-(remdesivir),https://www.who.int/news/item/09-03-2022-medical-product-alert-n-2-2022-falsified-desrem-(remdesivir),image,https://www.who.int/images/default-source/fallback/maps/south-east-asia1c6bd1d9eb5b4cf0b5ad5da36ff3912d.png?sfvrsn=68e76dc2_17,unknown_permission_required,metadata_only_permission_required,2026-09-07
HV_000100,WHO,09-03-2022-medical-product-alert-n-2-2022-falsified-desrem-(remdesivir),https://www.who.int/news/item/09-03-2022-medical-product-alert-n-2-2022-falsified-desrem-(remdesivir),image,https://www.who.int/images/default-source/fallback/maps/europeae57428b4f114210ae7067e1f5119e1a.png?sfvrsn=c7d5c5a5_19,unknown_permission_required,metadata_only_permission_required,2026-09-07
HV_000101,WHO,09-03-2022-medical-product-alert-n-2-2022-falsified-desrem-(remdesivir),https://www.who.int/news/item/09-03-2022-medical-product-alert-n-2-2022-falsified-desrem-(remdesivir),image,https://www.who.int/images/default-source/fallback/maps/eastern-mediterraneanadf4e81056b84e75b83a1faed30a1e0a.png?sfvrsn=71211e18_17,unknown_permission_required,metadata_only_permission_required,2026-09-07
HV_000102,WHO,09-03-2022-medical-product-alert-n-2-2022-falsified-desrem-(remdesivir),https://www.who.int/news/item/09-03-2022-medical-product-alert-n-2-2022-falsified-desrem-(remdesivir),image,https://www.who.int/images/default-source/fallback/maps/western-pacifice1e576200c9b4fe59078eb28958428a9.png?sfvrsn=88cbdcd5_19,unknown_permission_required,metadata_only_permission_required,2026-09-07
HV_000103,WHO,09-03-2022-medical-product-alert-n-2-2022-falsified-desrem-(remdesivir),https://www.who.int/news/item/09-03-2022-medical-product-alert-n-2-2022-falsified-desrem-(remdesivir),image,https://www.who.int/images/default-source/substandard-and-falsified-medical-products/table1_n2_2022_en.png?Status=Master&sfvrsn=abf98c48_16,unknown_permission_required,metadata_only_permission_required,2026-09-07
HV_000104,WHO,09-12-2025-medical-product-alert-n-6-2025--falsified-simulect-(basiliximab)-for-injection,https://www.who.int/news/item/09-12-2025-medical-product-alert-n-6-2025--falsified-simulect-(basiliximab)-for-injection,pdf,https://cdn.who.int/media/docs/default-source/substandard-and-falsified/n6_2025_simulect_en.pdf?sfvrsn=2a0a49d3_6,unknown_permission_required,metadata_only_permission_required,2026-09-07
HV_000105,WHO,09-12-2025-medical-product-alert-n-6-2025--falsified-simulect-(basiliximab)-for-injection,https://www.who.int/news/item/09-12-2025-medical-product-alert-n-6-2025--falsified-simulect-(basiliximab)-for-injection,pdf,https://cdn.who.int/media/docs/default-source/substandard-and-falsified/n5_2025_syrup-medicines_en.pdf?sfvrsn=652770c2_7,unknown_permission_required,metadata_only_permission_required,2026-09-07
HV_000106,WHO,09-12-2025-medical-product-alert-n-6-2025--falsified-simulect-(basiliximab)-for-injection,https://www.who.int/news/item/09-12-2025-medical-product-alert-n-6-2025--falsified-simulect-(basiliximab)-for-injection,pdf,https://cdn.who.int/media/docs/default-source/substandard-and-falsified/n4_2025_fentanilo-hlb_en.pdf?sfvrsn=d1f750c8_6,unknown_permission_required,metadata_only_permission_required,2026-09-07
HV_000107,WHO,09-12-2025-medical-product-alert-n-6-2025--falsified-simulect-(basiliximab)-for-injection,https://www.who.int/news/item/09-12-2025-medical-product-alert-n-6-2025--falsified-simulect-(basiliximab)-for-injection,pdf,https://cdn.who.int/media/docs/default-source/substandard-and-falsified/n6_2025_simulect_en.pdf?sfvrsn=2a0a49d3_6,unknown_permission_required,metadata_only_permission_required,2026-09-07
HV_000108,WHO,09-12-2025-medical-product-alert-n-6-2025--falsified-simulect-(basiliximab)-for-injection,https://www.who.int/news/item/09-12-2025-medical-product-alert-n-6-2025--falsified-simulect-(basiliximab)-for-injection,pdf,https://cdn.who.int/media/docs/default-source/substandard-and-falsified/n5_2025_syrup-medicines_en.pdf?sfvrsn=652770c2_7,unknown_permission_required,metadata_only_permission_required,2026-09-07
HV_000109,WHO,09-12-2025-medical-product-alert-n-6-2025--falsified-simulect-(basiliximab)-for-injection,https://www.who.int/news/item/09-12-2025-medical-product-alert-n-6-2025--falsified-simulect-(basiliximab)-for-injection,pdf,https://cdn.who.int/media/docs/default-source/substandard-and-falsified/n4_2025_fentanilo-hlb_en.pdf?sfvrsn=d1f750c8_6,unknown_permission_required,metadata_only_permission_required,2026-09-07
HV_000110,WHO,09-12-2025-medical-product-alert-n-6-2025--falsified-simulect-(basiliximab)-for-injection,https://www.who.int/news/item/09-12-2025-medical-product-alert-n-6-2025--falsified-simulect-(basiliximab)-for-injection,image,https://www.who.int/images/default-source/fallback/maps/africa8bd96ad167204ac7ac4811b8ae1dfe2c.png?sfvrsn=3204f957_20,unknown_permission_required,metadata_only_permission_required,2026-09-07
HV_000111,WHO,09-12-2025-medical-product-alert-n-6-2025--falsified-simulect-(basiliximab)-for-injection,https://www.who.int/news/item/09-12-2025-medical-product-alert-n-6-2025--falsified-simulect-(basiliximab)-for-injection,image,https://www.who.int/images/default-source/fallback/maps/americas.png?sfvrsn=9efd6df3_19,unknown_permission_required,metadata_only_permission_required,2026-09-07
HV_000112,WHO,09-12-2025-medical-product-alert-n-6-2025--falsified-simulect-(basiliximab)-for-injection,https://www.who.int/news/item/09-12-2025-medical-product-alert-n-6-2025--falsified-simulect-(basiliximab)-for-injection,image,https://www.who.int/images/default-source/fallback/maps/south-east-asia1c6bd1d9eb5b4cf0b5ad5da36ff3912d.png?sfvrsn=68e76dc2_17,unknown_permission_required,metadata_only_permission_required,2026-09-07
HV_000113,WHO,09-12-2025-medical-product-alert-n-6-2025--falsified-simulect-(basiliximab)-for-injection,https://www.who.int/news/item/09-12-2025-medical-product-alert-n-6-2025--falsified-simulect-(basiliximab)-for-injection,image,https://www.who.int/images/default-source/fallback/maps/europeae57428b4f114210ae7067e1f5119e1a.png?sfvrsn=c7d5c5a5_19,unknown_permission_required,metadata_only_permission_required,2026-09-07
HV_000114,WHO,09-12-2025-medical-product-alert-n-6-2025--falsified-simulect-(basiliximab)-for-injection,https://www.who.int/news/item/09-12-2025-medical-product-alert-n-6-2025--falsified-simulect-(basiliximab)-for-injection,image,https://www.who.int/images/default-source/fallback/maps/eastern-mediterraneanadf4e81056b84e75b83a1faed30a1e0a.png?sfvrsn=71211e18_17,unknown_permission_required,metadata_only_permission_required,2026-09-07
HV_000115,WHO,09-12-2025-medical-product-alert-n-6-2025--falsified-simulect-(basiliximab)-for-injection,https://www.who.int/news/item/09-12-2025-medical-product-alert-n-6-2025--falsified-simulect-(basiliximab)-for-injection,image,https://www.who.int/images/default-source/fallback/maps/western-pacifice1e576200c9b4fe59078eb28958428a9.png?sfvrsn=88cbdcd5_19,unknown_permission_required,metadata_only_permission_required,2026-09-07
HV_000116,WHO,10-03-2021-medical-product-alert-n-1-2021-falsified-vitamin-a,https://www.who.int/news/item/10-03-2021-medical-product-alert-n-1-2021-falsified-vitamin-a,pdf,https://cdn.who.int/media/docs/default-source/substandard-and-falsified/n1-2021-falsified-vitaminea-en.pdf?sfvrsn=52676961_18,unknown_permission_required,metadata_only_permission_required,2026-09-07
HV_000117,WHO,10-03-2021-medical-product-alert-n-1-2021-falsified-vitamin-a,https://www.who.int/news/item/10-03-2021-medical-product-alert-n-1-2021-falsified-vitamin-a,image,https://www.who.int/images/default-source/fallback/maps/africa8bd96ad167204ac7ac4811b8ae1dfe2c.png?sfvrsn=3204f957_20,unknown_permission_required,metadata_only_permission_required,2026-09-07
HV_000118,WHO,10-03-2021-medical-product-alert-n-1-2021-falsified-vitamin-a,https://www.who.int/news/item/10-03-2021-medical-product-alert-n-1-2021-falsified-vitamin-a,image,https://www.who.int/images/default-source/fallback/maps/americas.png?sfvrsn=9efd6df3_19,unknown_permission_required,metadata_only_permission_required,2026-09-07
HV_000119,WHO,10-03-2021-medical-product-alert-n-1-2021-falsified-vitamin-a,https://www.who.int/news/item/10-03-2021-medical-product-alert-n-1-2021-falsified-vitamin-a,image,https://www.who.int/images/default-source/fallback/maps/south-east-asia1c6bd1d9eb5b4cf0b5ad5da36ff3912d.png?sfvrsn=68e76dc2_17,unknown_permission_required,metadata_only_permission_required,2026-09-07
HV_000120,WHO,10-03-2021-medical-product-alert-n-1-2021-falsified-vitamin-a,https://www.who.int/news/item/10-03-2021-medical-product-alert-n-1-2021-falsified-vitamin-a,image,https://www.who.int/images/default-source/fallback/maps/europeae57428b4f114210ae7067e1f5119e1a.png?sfvrsn=c7d5c5a5_19,unknown_permission_required,metadata_only_permission_required,2026-09-07
HV_000121,WHO,10-03-2021-medical-product-alert-n-1-2021-falsified-vitamin-a,https://www.who.int/news/item/10-03-2021-medical-product-alert-n-1-2021-falsified-vitamin-a,image,https://www.who.int/images/default-source/fallback/maps/eastern-mediterraneanadf4e81056b84e75b83a1faed30a1e0a.png?sfvrsn=71211e18_17,unknown_permission_required,metadata_only_permission_required,2026-09-07
HV_000122,WHO,10-03-2021-medical-product-alert-n-1-2021-falsified-vitamin-a,https://www.who.int/news/item/10-03-2021-medical-product-alert-n-1-2021-falsified-vitamin-a,image,https://www.who.int/images/default-source/fallback/maps/western-pacifice1e576200c9b4fe59078eb28958428a9.png?sfvrsn=88cbdcd5_19,unknown_permission_required,metadata_only_permission_required,2026-09-07
HV_000123,WHO,10-03-2021-medical-product-alert-n-1-2021-falsified-vitamin-a,https://www.who.int/news/item/10-03-2021-medical-product-alert-n-1-2021-falsified-vitamin-a,image,https://cdn.who.int/media/images/default-source/substandard-and-falsified-medical-products/table-1-alert-n1-2021.png?sfvrsn=14485837_7&Status=Master,unknown_permission_required,metadata_only_permission_required,2026-09-07
HV_000124,WHO,10-03-2021-medical-product-alert-n-1-2021-falsified-vitamin-a,https://www.who.int/news/item/10-03-2021-medical-product-alert-n-1-2021-falsified-vitamin-a,image,https://cdn.who.int/media/images/default-source/substandard-and-falsified-medical-products/table-2-alert-n1_2021.png?sfvrsn=645f151b_5&Status=Master,unknown_permission_required,metadata_only_permission_required,2026-09-07
HV_000125,WHO,10-10-2014-medical-product-alert-n-2-2014--falsified-medicines-update,https://www.who.int/news/item/10-10-2014-medical-product-alert-n-2-2014--falsified-medicines-update,pdf,https://cdn.who.int/media/docs/default-source/substandard-and-falsified/n2_2014-various-products_edp_en.pdf?sfvrsn=4a9bd93b_1,unknown_permission_required,metadata_only_permission_required,2026-09-07
HV_000126,WHO,10-10-2014-medical-product-alert-n-2-2014--falsified-medicines-update,https://www.who.int/news/item/10-10-2014-medical-product-alert-n-2-2014--falsified-medicines-update,pdf,https://cdn.who.int/media/docs/default-source/substandard-and-falsified/n2_2014-various-products_edp_en.pdf?sfvrsn=4a9bd93b_1,unknown_permission_required,metadata_only_permission_required,2026-09-07
HV_000127,WHO,10-10-2014-medical-product-alert-n-2-2014--falsified-medicines-update,https://www.who.int/news/item/10-10-2014-medical-product-alert-n-2-2014--falsified-medicines-update,image,https://www.who.int/images/default-source/fallback/maps/africa8bd96ad167204ac7ac4811b8ae1dfe2c.png?sfvrsn=3204f957_20,unknown_permission_required,metadata_only_permission_required,2026-09-07
HV_000128,WHO,10-10-2014-medical-product-alert-n-2-2014--falsified-medicines-update,https://www.who.int/news/item/10-10-2014-medical-product-alert-n-2-2014--falsified-medicines-update,image,https://www.who.int/images/default-source/fallback/maps/americas.png?sfvrsn=9efd6df3_19,unknown_permission_required,metadata_only_permission_required,2026-09-07
HV_000129,WHO,10-10-2014-medical-product-alert-n-2-2014--falsified-medicines-update,https://www.who.int/news/item/10-10-2014-medical-product-alert-n-2-2014--falsified-medicines-update,image,https://www.who.int/images/default-source/fallback/maps/south-east-asia1c6bd1d9eb5b4cf0b5ad5da36ff3912d.png?sfvrsn=68e76dc2_17,unknown_permission_required,metadata_only_permission_required,2026-09-07
HV_000130,WHO,10-10-2014-medical-product-alert-n-2-2014--falsified-medicines-update,https://www.who.int/news/item/10-10-2014-medical-product-alert-n-2-2014--falsified-medicines-update,image,https://www.who.int/images/default-source/fallback/maps/europeae57428b4f114210ae7067e1f5119e1a.png?sfvrsn=c7d5c5a5_19,unknown_permission_required,metadata_only_permission_required,2026-09-07
HV_000131,WHO,10-10-2014-medical-product-alert-n-2-2014--falsified-medicines-update,https://www.who.int/news/item/10-10-2014-medical-product-alert-n-2-2014--falsified-medicines-update,image,https://www.who.int/images/default-source/fallback/maps/eastern-mediterraneanadf4e81056b84e75b83a1faed30a1e0a.png?sfvrsn=71211e18_17,unknown_permission_required,metadata_only_permission_required,2026-09-07
HV_000132,WHO,10-10-2014-medical-product-alert-n-2-2014--falsified-medicines-update,https://www.who.int/news/item/10-10-2014-medical-product-alert-n-2-2014--falsified-medicines-update,image,https://www.who.int/images/default-source/fallback/maps/western-pacifice1e576200c9b4fe59078eb28958428a9.png?sfvrsn=88cbdcd5_19,unknown_permission_required,metadata_only_permission_required,2026-09-07
HV_000133,WHO,10-10-2024-medical-product-alert-n-4-2024--falsified-usp-ep-propylene-glycol,https://www.who.int/news/item/10-10-2024-medical-product-alert-n-4-2024--falsified-usp-ep-propylene-glycol,pdf,https://cdn.who.int/media/docs/default-source/substandard-and-falsified/n4_2024_usp_ep-propylene-glycol_en.pdf?sfvrsn=a540e9a6_16,unknown_permission_required,metadata_only_permission_required,2026-09-07
HV_000134,WHO,10-10-2024-medical-product-alert-n-4-2024--falsified-usp-ep-propylene-glycol,https://www.who.int/news/item/10-10-2024-medical-product-alert-n-4-2024--falsified-usp-ep-propylene-glycol,pdf,https://cdn.who.int/media/docs/default-source/health-products-policy-and-standards/qas23_921_gmp_for_excipients_pharmaceutical_products_public-consultation.pdf?sfvrsn=c9ef88da_3,unknown_permission_required,metadata_only_permission_required,2026-09-07
HV_000135,WHO,10-10-2024-medical-product-alert-n-4-2024--falsified-usp-ep-propylene-glycol,https://www.who.int/news/item/10-10-2024-medical-product-alert-n-4-2024--falsified-usp-ep-propylene-glycol,pdf,https://cdn.who.int/media/docs/default-source/medicines/pharmacopoeia/2023-11-16-deg-eg-inliquidoraldosageforms-qas22-922rev3.pdf?sfvrsn=284f645d_1,unknown_permission_required,metadata_only_permission_required,2026-09-07
HV_000136,WHO,10-10-2024-medical-product-alert-n-4-2024--falsified-usp-ep-propylene-glycol,https://www.who.int/news/item/10-10-2024-medical-product-alert-n-4-2024--falsified-usp-ep-propylene-glycol,pdf,https://cdn.who.int/media/docs/default-source/substandard-and-falsified/n4_2024_usp_ep-propylene-glycol_en.pdf?sfvrsn=a540e9a6_16,unknown_permission_required,metadata_only_permission_required,2026-09-07
HV_000137,WHO,10-10-2024-medical-product-alert-n-4-2024--falsified-usp-ep-propylene-glycol,https://www.who.int/news/item/10-10-2024-medical-product-alert-n-4-2024--falsified-usp-ep-propylene-glycol,pdf,https://cdn.who.int/media/docs/default-source/health-products-policy-and-standards/qas23_921_gmp_for_excipients_pharmaceutical_products_public-consultation.pdf?sfvrsn=c9ef88da_3,unknown_permission_required,metadata_only_permission_required,2026-09-07
HV_000138,WHO,10-10-2024-medical-product-alert-n-4-2024--falsified-usp-ep-propylene-glycol,https://www.who.int/news/item/10-10-2024-medical-product-alert-n-4-2024--falsified-usp-ep-propylene-glycol,pdf,https://cdn.who.int/media/docs/default-source/medicines/pharmacopoeia/2023-11-16-deg-eg-inliquidoraldosageforms-qas22-922rev3.pdf?sfvrsn=284f645d_1,unknown_permission_required,metadata_only_permission_required,2026-09-07
HV_000139,WHO,10-10-2024-medical-product-alert-n-4-2024--falsified-usp-ep-propylene-glycol,https://www.who.int/news/item/10-10-2024-medical-product-alert-n-4-2024--falsified-usp-ep-propylene-glycol,image,https://www.who.int/images/default-source/fallback/maps/africa8bd96ad167204ac7ac4811b8ae1dfe2c.png?sfvrsn=3204f957_20,unknown_permission_required,metadata_only_permission_required,2026-09-07
HV_000140,WHO,10-10-2024-medical-product-alert-n-4-2024--falsified-usp-ep-propylene-glycol,https://www.who.int/news/item/10-10-2024-medical-product-alert-n-4-2024--falsified-usp-ep-propylene-glycol,image,https://www.who.int/images/default-source/fallback/maps/americas.png?sfvrsn=9efd6df3_19,unknown_permission_required,metadata_only_permission_required,2026-09-07
HV_000141,WHO,10-10-2024-medical-product-alert-n-4-2024--falsified-usp-ep-propylene-glycol,https://www.who.int/news/item/10-10-2024-medical-product-alert-n-4-2024--falsified-usp-ep-propylene-glycol,image,https://www.who.int/images/default-source/fallback/maps/south-east-asia1c6bd1d9eb5b4cf0b5ad5da36ff3912d.png?sfvrsn=68e76dc2_17,unknown_permission_required,metadata_only_permission_required,2026-09-07
HV_000142,WHO,10-10-2024-medical-product-alert-n-4-2024--falsified-usp-ep-propylene-glycol,https://www.who.int/news/item/10-10-2024-medical-product-alert-n-4-2024--falsified-usp-ep-propylene-glycol,image,https://www.who.int/images/default-source/fallback/maps/europeae57428b4f114210ae7067e1f5119e1a.png?sfvrsn=c7d5c5a5_19,unknown_permission_required,metadata_only_permission_required,2026-09-07
HV_000143,WHO,10-10-2024-medical-product-alert-n-4-2024--falsified-usp-ep-propylene-glycol,https://www.who.int/news/item/10-10-2024-medical-product-alert-n-4-2024--falsified-usp-ep-propylene-glycol,image,https://www.who.int/images/default-source/fallback/maps/eastern-mediterraneanadf4e81056b84e75b83a1faed30a1e0a.png?sfvrsn=71211e18_17,unknown_permission_required,metadata_only_permission_required,2026-09-07
HV_000144,WHO,10-10-2024-medical-product-alert-n-4-2024--falsified-usp-ep-propylene-glycol,https://www.who.int/news/item/10-10-2024-medical-product-alert-n-4-2024--falsified-usp-ep-propylene-glycol,image,https://www.who.int/images/default-source/fallback/maps/western-pacifice1e576200c9b4fe59078eb28958428a9.png?sfvrsn=88cbdcd5_19,unknown_permission_required,metadata_only_permission_required,2026-09-07
HV_000145,WHO,11-02-2016-medical-product-alert-n-2-2016--falsified-amaril-yellow-fever-vaccines,https://www.who.int/news/item/11-02-2016-medical-product-alert-n-2-2016--falsified-amaril-yellow-fever-vaccines,pdf,https://cdn.who.int/media/docs/default-source/substandard-and-falsified/n2_2016-falsified-amaril-yellow-fever-vaccine_en.pdf?sfvrsn=1f92ec7e_1,unknown_permission_required,metadata_only_permission_required,2026-09-07
HV_000146,WHO,11-02-2016-medical-product-alert-n-2-2016--falsified-amaril-yellow-fever-vaccines,https://www.who.int/news/item/11-02-2016-medical-product-alert-n-2-2016--falsified-amaril-yellow-fever-vaccines,pdf,https://cdn.who.int/media/docs/default-source/substandard-and-falsified/n2_2016-falsified-amaril-yellow-fever-vaccine_en.pdf?sfvrsn=1f92ec7e_1,unknown_permission_required,metadata_only_permission_required,2026-09-07
HV_000147,WHO,11-02-2016-medical-product-alert-n-2-2016--falsified-amaril-yellow-fever-vaccines,https://www.who.int/news/item/11-02-2016-medical-product-alert-n-2-2016--falsified-amaril-yellow-fever-vaccines,image,https://www.who.int/images/default-source/fallback/maps/africa8bd96ad167204ac7ac4811b8ae1dfe2c.png?sfvrsn=3204f957_20,unknown_permission_required,metadata_only_permission_required,2026-09-07
HV_000148,WHO,11-02-2016-medical-product-alert-n-2-2016--falsified-amaril-yellow-fever-vaccines,https://www.who.int/news/item/11-02-2016-medical-product-alert-n-2-2016--falsified-amaril-yellow-fever-vaccines,image,https://www.who.int/images/default-source/fallback/maps/americas.png?sfvrsn=9efd6df3_19,unknown_permission_required,metadata_only_permission_required,2026-09-07
HV_000149,WHO,11-02-2016-medical-product-alert-n-2-2016--falsified-amaril-yellow-fever-vaccines,https://www.who.int/news/item/11-02-2016-medical-product-alert-n-2-2016--falsified-amaril-yellow-fever-vaccines,image,https://www.who.int/images/default-source/fallback/maps/south-east-asia1c6bd1d9eb5b4cf0b5ad5da36ff3912d.png?sfvrsn=68e76dc2_17,unknown_permission_required,metadata_only_permission_required,2026-09-07
HV_000150,WHO,11-02-2016-medical-product-alert-n-2-2016--falsified-amaril-yellow-fever-vaccines,https://www.who.int/news/item/11-02-2016-medical-product-alert-n-2-2016--falsified-amaril-yellow-fever-vaccines,image,https://www.who.int/images/default-source/fallback/maps/europeae57428b4f114210ae7067e1f5119e1a.png?sfvrsn=c7d5c5a5_19,unknown_permission_required,metadata_only_permission_required,2026-09-07
HV_000151,WHO,11-02-2016-medical-product-alert-n-2-2016--falsified-amaril-yellow-fever-vaccines,https://www.who.int/news/item/11-02-2016-medical-product-alert-n-2-2016--falsified-amaril-yellow-fever-vaccines,image,https://www.who.int/images/default-source/fallback/maps/eastern-mediterraneanadf4e81056b84e75b83a1faed30a1e0a.png?sfvrsn=71211e18_17,unknown_permission_required,metadata_only_permission_required,2026-09-07
HV_000152,WHO,11-02-2016-medical-product-alert-n-2-2016--falsified-amaril-yellow-fever-vaccines,https://www.who.int/news/item/11-02-2016-medical-product-alert-n-2-2016--falsified-amaril-yellow-fever-vaccines,image,https://www.who.int/images/default-source/fallback/maps/western-pacifice1e576200c9b4fe59078eb28958428a9.png?sfvrsn=88cbdcd5_19,unknown_permission_required,metadata_only_permission_required,2026-09-07
HV_000153,WHO,11-04-2023-medical-product-alert-n-3-2023--falsified-defitelio-(defibrotide-sodium),https://www.who.int/news/item/11-04-2023-medical-product-alert-n-3-2023--falsified-defitelio-(defibrotide-sodium),pdf,https://cdn.who.int/media/docs/default-source/substandard-and-falsified/n3_2023_defitelio_en.pdf?sfvrsn=d1e9e3f1_7,unknown_permission_required,metadata_only_permission_required,2026-09-07
HV_000154,WHO,11-04-2023-medical-product-alert-n-3-2023--falsified-defitelio-(defibrotide-sodium),https://www.who.int/news/item/11-04-2023-medical-product-alert-n-3-2023--falsified-defitelio-(defibrotide-sodium),pdf,https://cdn.who.int/media/docs/default-source/substandard-and-falsified/n3_2023_defitelio_en.pdf?sfvrsn=d1e9e3f1_7,unknown_permission_required,metadata_only_permission_required,2026-09-07
HV_000155,WHO,11-04-2023-medical-product-alert-n-3-2023--falsified-defitelio-(defibrotide-sodium),https://www.who.int/news/item/11-04-2023-medical-product-alert-n-3-2023--falsified-defitelio-(defibrotide-sodium),pdf,https://cdn.who.int/media/docs/default-source/substandard-and-falsified/n3_2026_darzalex_en.pdf?sfvrsn=e7e1aaf7_6,unknown_permission_required,metadata_only_permission_required,2026-09-07
HV_000156,WHO,11-04-2023-medical-product-alert-n-3-2023--falsified-defitelio-(defibrotide-sodium),https://www.who.int/news/item/11-04-2023-medical-product-alert-n-3-2023--falsified-defitelio-(defibrotide-sodium),image,https://www.who.int/images/default-source/fallback/maps/africa8bd96ad167204ac7ac4811b8ae1dfe2c.png?sfvrsn=3204f957_20,unknown_permission_required,metadata_only_permission_required,2026-09-07
HV_000157,WHO,11-04-2023-medical-product-alert-n-3-2023--falsified-defitelio-(defibrotide-sodium),https://www.who.int/news/item/11-04-2023-medical-product-alert-n-3-2023--falsified-defitelio-(defibrotide-sodium),image,https://www.who.int/images/default-source/fallback/maps/americas.png?sfvrsn=9efd6df3_19,unknown_permission_required,metadata_only_permission_required,2026-09-07
HV_000158,WHO,11-04-2023-medical-product-alert-n-3-2023--falsified-defitelio-(defibrotide-sodium),https://www.who.int/news/item/11-04-2023-medical-product-alert-n-3-2023--falsified-defitelio-(defibrotide-sodium),image,https://www.who.int/images/default-source/fallback/maps/south-east-asia1c6bd1d9eb5b4cf0b5ad5da36ff3912d.png?sfvrsn=68e76dc2_17,unknown_permission_required,metadata_only_permission_required,2026-09-07
HV_000159,WHO,11-04-2023-medical-product-alert-n-3-2023--falsified-defitelio-(defibrotide-sodium),https://www.who.int/news/item/11-04-2023-medical-product-alert-n-3-2023--falsified-defitelio-(defibrotide-sodium),image,https://www.who.int/images/default-source/fallback/maps/europeae57428b4f114210ae7067e1f5119e1a.png?sfvrsn=c7d5c5a5_19,unknown_permission_required,metadata_only_permission_required,2026-09-07
HV_000160,WHO,11-04-2023-medical-product-alert-n-3-2023--falsified-defitelio-(defibrotide-sodium),https://www.who.int/news/item/11-04-2023-medical-product-alert-n-3-2023--falsified-defitelio-(defibrotide-sodium),image,https://www.who.int/images/default-source/fallback/maps/eastern-mediterraneanadf4e81056b84e75b83a1faed30a1e0a.png?sfvrsn=71211e18_17,unknown_permission_required,metadata_only_permission_required,2026-09-07
HV_000161,WHO,11-04-2023-medical-product-alert-n-3-2023--falsified-defitelio-(defibrotide-sodium),https://www.who.int/news/item/11-04-2023-medical-product-alert-n-3-2023--falsified-defitelio-(defibrotide-sodium),image,https://www.who.int/images/default-source/fallback/maps/western-pacifice1e576200c9b4fe59078eb28958428a9.png?sfvrsn=88cbdcd5_19,unknown_permission_required,metadata_only_permission_required,2026-09-07
HV_000162,WHO,12-03-2025-medical-product-alert-n-1-2024--falsified-(contaminated)-oxycontin-80mg,https://www.who.int/news/item/12-03-2025-medical-product-alert-n-1-2024--falsified-(contaminated)-oxycontin-80mg,pdf,https://cdn.who.int/media/docs/default-source/substandard-and-falsified/n1_2025_oxycontin_en.pdf?sfvrsn=42d676f5_6,unknown_permission_required,metadata_only_permission_required,2026-09-07
HV_000163,WHO,12-03-2025-medical-product-alert-n-1-2024--falsified-(contaminated)-oxycontin-80mg,https://www.who.int/news/item/12-03-2025-medical-product-alert-n-1-2024--falsified-(contaminated)-oxycontin-80mg,pdf,https://cdn.who.int/media/docs/default-source/substandard-and-falsified/n1_2025_oxycontin_en.pdf?sfvrsn=42d676f5_6,unknown_permission_required,metadata_only_permission_required,2026-09-07
HV_000164,WHO,12-03-2025-medical-product-alert-n-1-2024--falsified-(contaminated)-oxycontin-80mg,https://www.who.int/news/item/12-03-2025-medical-product-alert-n-1-2024--falsified-(contaminated)-oxycontin-80mg,image,https://www.who.int/images/default-source/fallback/maps/africa8bd96ad167204ac7ac4811b8ae1dfe2c.png?sfvrsn=3204f957_20,unknown_permission_required,metadata_only_permission_required,2026-09-07
HV_000165,WHO,12-03-2025-medical-product-alert-n-1-2024--falsified-(contaminated)-oxycontin-80mg,https://www.who.int/news/item/12-03-2025-medical-product-alert-n-1-2024--falsified-(contaminated)-oxycontin-80mg,image,https://www.who.int/images/default-source/fallback/maps/americas.png?sfvrsn=9efd6df3_19,unknown_permission_required,metadata_only_permission_required,2026-09-07
HV_000166,WHO,12-03-2025-medical-product-alert-n-1-2024--falsified-(contaminated)-oxycontin-80mg,https://www.who.int/news/item/12-03-2025-medical-product-alert-n-1-2024--falsified-(contaminated)-oxycontin-80mg,image,https://www.who.int/images/default-source/fallback/maps/south-east-asia1c6bd1d9eb5b4cf0b5ad5da36ff3912d.png?sfvrsn=68e76dc2_17,unknown_permission_required,metadata_only_permission_required,2026-09-07
HV_000167,WHO,12-03-2025-medical-product-alert-n-1-2024--falsified-(contaminated)-oxycontin-80mg,https://www.who.int/news/item/12-03-2025-medical-product-alert-n-1-2024--falsified-(contaminated)-oxycontin-80mg,image,https://www.who.int/images/default-source/fallback/maps/europeae57428b4f114210ae7067e1f5119e1a.png?sfvrsn=c7d5c5a5_19,unknown_permission_required,metadata_only_permission_required,2026-09-07
HV_000168,WHO,12-03-2025-medical-product-alert-n-1-2024--falsified-(contaminated)-oxycontin-80mg,https://www.who.int/news/item/12-03-2025-medical-product-alert-n-1-2024--falsified-(contaminated)-oxycontin-80mg,image,https://www.who.int/images/default-source/fallback/maps/eastern-mediterraneanadf4e81056b84e75b83a1faed30a1e0a.png?sfvrsn=71211e18_17,unknown_permission_required,metadata_only_permission_required,2026-09-07
HV_000169,WHO,12-03-2025-medical-product-alert-n-1-2024--falsified-(contaminated)-oxycontin-80mg,https://www.who.int/news/item/12-03-2025-medical-product-alert-n-1-2024--falsified-(contaminated)-oxycontin-80mg,image,https://www.who.int/images/default-source/fallback/maps/western-pacifice1e576200c9b4fe59078eb28958428a9.png?sfvrsn=88cbdcd5_19,unknown_permission_required,metadata_only_permission_required,2026-09-07
HV_000170,WHO,13-08-2021-medical-product-alert-n-4-2021-falsified-remdesivir,https://www.who.int/news/item/13-08-2021-medical-product-alert-n-4-2021-falsified-remdesivir,pdf,https://cdn.who.int/media/docs/default-source/substandard-and-falsified/n4-2021-falsified-remdesivir-en.pdf?sfvrsn=14d2a2e7_15,unknown_permission_required,metadata_only_permission_required,2026-09-07
HV_000171,WHO,13-08-2021-medical-product-alert-n-4-2021-falsified-remdesivir,https://www.who.int/news/item/13-08-2021-medical-product-alert-n-4-2021-falsified-remdesivir,image,https://www.who.int/images/default-source/fallback/maps/africa8bd96ad167204ac7ac4811b8ae1dfe2c.png?sfvrsn=3204f957_20,unknown_permission_required,metadata_only_permission_required,2026-09-07
HV_000172,WHO,13-08-2021-medical-product-alert-n-4-2021-falsified-remdesivir,https://www.who.int/news/item/13-08-2021-medical-product-alert-n-4-2021-falsified-remdesivir,image,https://www.who.int/images/default-source/fallback/maps/americas.png?sfvrsn=9efd6df3_19,unknown_permission_required,metadata_only_permission_required,2026-09-07
HV_000173,WHO,13-08-2021-medical-product-alert-n-4-2021-falsified-remdesivir,https://www.who.int/news/item/13-08-2021-medical-product-alert-n-4-2021-falsified-remdesivir,image,https://www.who.int/images/default-source/fallback/maps/south-east-asia1c6bd1d9eb5b4cf0b5ad5da36ff3912d.png?sfvrsn=68e76dc2_17,unknown_permission_required,metadata_only_permission_required,2026-09-07
HV_000174,WHO,13-08-2021-medical-product-alert-n-4-2021-falsified-remdesivir,https://www.who.int/news/item/13-08-2021-medical-product-alert-n-4-2021-falsified-remdesivir,image,https://www.who.int/images/default-source/fallback/maps/europeae57428b4f114210ae7067e1f5119e1a.png?sfvrsn=c7d5c5a5_19,unknown_permission_required,metadata_only_permission_required,2026-09-07
HV_000175,WHO,13-08-2021-medical-product-alert-n-4-2021-falsified-remdesivir,https://www.who.int/news/item/13-08-2021-medical-product-alert-n-4-2021-falsified-remdesivir,image,https://www.who.int/images/default-source/fallback/maps/eastern-mediterraneanadf4e81056b84e75b83a1faed30a1e0a.png?sfvrsn=71211e18_17,unknown_permission_required,metadata_only_permission_required,2026-09-07
HV_000176,WHO,13-08-2021-medical-product-alert-n-4-2021-falsified-remdesivir,https://www.who.int/news/item/13-08-2021-medical-product-alert-n-4-2021-falsified-remdesivir,image,https://www.who.int/images/default-source/fallback/maps/western-pacifice1e576200c9b4fe59078eb28958428a9.png?sfvrsn=88cbdcd5_19,unknown_permission_required,metadata_only_permission_required,2026-09-07
HV_000177,WHO,13-08-2021-medical-product-alert-n-4-2021-falsified-remdesivir,https://www.who.int/news/item/13-08-2021-medical-product-alert-n-4-2021-falsified-remdesivir,image,https://cdn.who.int/media/images/default-source/substandard-and-falsified-medical-products/table1_n4.2021_en.png?sfvrsn=e05ace1c_5&Status=Master,unknown_permission_required,metadata_only_permission_required,2026-09-07
HV_000178,WHO,13-08-2021-medical-product-alert-n-4-2021-falsified-remdesivir,https://www.who.int/news/item/13-08-2021-medical-product-alert-n-4-2021-falsified-remdesivir,image,https://cdn.who.int/media/images/default-source/substandard-and-falsified-medical-products/table2_n4.2021_en.png?sfvrsn=caf011b9_5&Status=Master,unknown_permission_required,metadata_only_permission_required,2026-09-07
HV_000179,WHO,14-05-2025-medical-product-alert-n-3-2025--falsified-imfinzi-(durvalumab)-injection-500mg-10ml,https://www.who.int/news/item/14-05-2025-medical-product-alert-n-3-2025--falsified-imfinzi-(durvalumab)-injection-500mg-10ml,pdf,https://cdn.who.int/media/docs/default-source/substandard-and-falsified/update_n5_2024_imfinzi_en.pdf?sfvrsn=dda22896_12,unknown_permission_required,metadata_only_permission_required,2026-09-07
HV_000180,WHO,14-05-2025-medical-product-alert-n-3-2025--falsified-imfinzi-(durvalumab)-injection-500mg-10ml,https://www.who.int/news/item/14-05-2025-medical-product-alert-n-3-2025--falsified-imfinzi-(durvalumab)-injection-500mg-10ml,pdf,https://cdn.who.int/media/docs/default-source/substandard-and-falsified/n3_2025_imfinzi_en.pdf?sfvrsn=3706111a_6,unknown_permission_required,metadata_only_permission_required,2026-09-07
HV_000181,WHO,14-05-2025-medical-product-alert-n-3-2025--falsified-imfinzi-(durvalumab)-injection-500mg-10ml,https://www.who.int/news/item/14-05-2025-medical-product-alert-n-3-2025--falsified-imfinzi-(durvalumab)-injection-500mg-10ml,pdf,https://cdn.who.int/media/docs/default-source/substandard-and-falsified/update_n5_2024_imfinzi_en.pdf?sfvrsn=dda22896_12,unknown_permission_required,metadata_only_permission_required,2026-09-07
HV_000182,WHO,14-05-2025-medical-product-alert-n-3-2025--falsified-imfinzi-(durvalumab)-injection-500mg-10ml,https://www.who.int/news/item/14-05-2025-medical-product-alert-n-3-2025--falsified-imfinzi-(durvalumab)-injection-500mg-10ml,pdf,https://cdn.who.int/media/docs/default-source/substandard-and-falsified/n3_2025_imfinzi_en.pdf?sfvrsn=3706111a_6,unknown_permission_required,metadata_only_permission_required,2026-09-07
HV_000183,WHO,14-05-2025-medical-product-alert-n-3-2025--falsified-imfinzi-(durvalumab)-injection-500mg-10ml,https://www.who.int/news/item/14-05-2025-medical-product-alert-n-3-2025--falsified-imfinzi-(durvalumab)-injection-500mg-10ml,image,https://www.who.int/images/default-source/fallback/maps/africa8bd96ad167204ac7ac4811b8ae1dfe2c.png?sfvrsn=3204f957_20,unknown_permission_required,metadata_only_permission_required,2026-09-07
HV_000184,WHO,14-05-2025-medical-product-alert-n-3-2025--falsified-imfinzi-(durvalumab)-injection-500mg-10ml,https://www.who.int/news/item/14-05-2025-medical-product-alert-n-3-2025--falsified-imfinzi-(durvalumab)-injection-500mg-10ml,image,https://www.who.int/images/default-source/fallback/maps/americas.png?sfvrsn=9efd6df3_19,unknown_permission_required,metadata_only_permission_required,2026-09-07
HV_000185,WHO,14-05-2025-medical-product-alert-n-3-2025--falsified-imfinzi-(durvalumab)-injection-500mg-10ml,https://www.who.int/news/item/14-05-2025-medical-product-alert-n-3-2025--falsified-imfinzi-(durvalumab)-injection-500mg-10ml,image,https://www.who.int/images/default-source/fallback/maps/south-east-asia1c6bd1d9eb5b4cf0b5ad5da36ff3912d.png?sfvrsn=68e76dc2_17,unknown_permission_required,metadata_only_permission_required,2026-09-07
HV_000186,WHO,14-05-2025-medical-product-alert-n-3-2025--falsified-imfinzi-(durvalumab)-injection-500mg-10ml,https://www.who.int/news/item/14-05-2025-medical-product-alert-n-3-2025--falsified-imfinzi-(durvalumab)-injection-500mg-10ml,image,https://www.who.int/images/default-source/fallback/maps/europeae57428b4f114210ae7067e1f5119e1a.png?sfvrsn=c7d5c5a5_19,unknown_permission_required,metadata_only_permission_required,2026-09-07
HV_000187,WHO,14-05-2025-medical-product-alert-n-3-2025--falsified-imfinzi-(durvalumab)-injection-500mg-10ml,https://www.who.int/news/item/14-05-2025-medical-product-alert-n-3-2025--falsified-imfinzi-(durvalumab)-injection-500mg-10ml,image,https://www.who.int/images/default-source/fallback/maps/eastern-mediterraneanadf4e81056b84e75b83a1faed30a1e0a.png?sfvrsn=71211e18_17,unknown_permission_required,metadata_only_permission_required,2026-09-07
HV_000188,WHO,14-05-2025-medical-product-alert-n-3-2025--falsified-imfinzi-(durvalumab)-injection-500mg-10ml,https://www.who.int/news/item/14-05-2025-medical-product-alert-n-3-2025--falsified-imfinzi-(durvalumab)-injection-500mg-10ml,image,https://www.who.int/images/default-source/fallback/maps/western-pacifice1e576200c9b4fe59078eb28958428a9.png?sfvrsn=88cbdcd5_19,unknown_permission_required,metadata_only_permission_required,2026-09-07
HV_000189,WHO,15-04-2024-medical-product-alert-n-1-2024--falsified-(contaminated)-usp-ep-propylene-glycol,https://www.who.int/news/item/15-04-2024-medical-product-alert-n-1-2024--falsified-(contaminated)-usp-ep-propylene-glycol,pdf,https://cdn.who.int/media/docs/default-source/substandard-and-falsified/n1_2024_propylene.pdf?sfvrsn=8e55115f_8,unknown_permission_required,metadata_only_permission_required,2026-09-07
HV_000190,WHO,15-04-2024-medical-product-alert-n-1-2024--falsified-(contaminated)-usp-ep-propylene-glycol,https://www.who.int/news/item/15-04-2024-medical-product-alert-n-1-2024--falsified-(contaminated)-usp-ep-propylene-glycol,pdf,https://cdn.who.int/media/docs/default-source/health-products-policy-and-standards/qas23_921_gmp_for_excipients_pharmaceutical_products_public-consultation.pdf?sfvrsn=c9ef88da_3,unknown_permission_required,metadata_only_permission_required,2026-09-07
HV_000191,WHO,15-04-2024-medical-product-alert-n-1-2024--falsified-(contaminated)-usp-ep-propylene-glycol,https://www.who.int/news/item/15-04-2024-medical-product-alert-n-1-2024--falsified-(contaminated)-usp-ep-propylene-glycol,pdf,https://cdn.who.int/media/docs/default-source/medicines/pharmacopoeia/2023-11-16-deg-eg-inliquidoraldosageforms-qas22-922rev3.pdf?sfvrsn=284f645d_1,unknown_permission_required,metadata_only_permission_required,2026-09-07
HV_000192,WHO,15-04-2024-medical-product-alert-n-1-2024--falsified-(contaminated)-usp-ep-propylene-glycol,https://www.who.int/news/item/15-04-2024-medical-product-alert-n-1-2024--falsified-(contaminated)-usp-ep-propylene-glycol,pdf,https://cdn.who.int/media/docs/default-source/substandard-and-falsified/n1_2024_propylene.pdf?sfvrsn=8e55115f_8,unknown_permission_required,metadata_only_permission_required,2026-09-07
HV_000193,WHO,15-04-2024-medical-product-alert-n-1-2024--falsified-(contaminated)-usp-ep-propylene-glycol,https://www.who.int/news/item/15-04-2024-medical-product-alert-n-1-2024--falsified-(contaminated)-usp-ep-propylene-glycol,pdf,https://cdn.who.int/media/docs/default-source/health-products-policy-and-standards/qas23_921_gmp_for_excipients_pharmaceutical_products_public-consultation.pdf?sfvrsn=c9ef88da_3,unknown_permission_required,metadata_only_permission_required,2026-09-07
HV_000194,WHO,15-04-2024-medical-product-alert-n-1-2024--falsified-(contaminated)-usp-ep-propylene-glycol,https://www.who.int/news/item/15-04-2024-medical-product-alert-n-1-2024--falsified-(contaminated)-usp-ep-propylene-glycol,pdf,https://cdn.who.int/media/docs/default-source/medicines/pharmacopoeia/2023-11-16-deg-eg-inliquidoraldosageforms-qas22-922rev3.pdf?sfvrsn=284f645d_1,unknown_permission_required,metadata_only_permission_required,2026-09-07
HV_000195,WHO,15-04-2024-medical-product-alert-n-1-2024--falsified-(contaminated)-usp-ep-propylene-glycol,https://www.who.int/news/item/15-04-2024-medical-product-alert-n-1-2024--falsified-(contaminated)-usp-ep-propylene-glycol,image,https://www.who.int/images/default-source/fallback/maps/africa8bd96ad167204ac7ac4811b8ae1dfe2c.png?sfvrsn=3204f957_20,unknown_permission_required,metadata_only_permission_required,2026-09-07
HV_000196,WHO,15-04-2024-medical-product-alert-n-1-2024--falsified-(contaminated)-usp-ep-propylene-glycol,https://www.who.int/news/item/15-04-2024-medical-product-alert-n-1-2024--falsified-(contaminated)-usp-ep-propylene-glycol,image,https://www.who.int/images/default-source/fallback/maps/americas.png?sfvrsn=9efd6df3_19,unknown_permission_required,metadata_only_permission_required,2026-09-07
HV_000197,WHO,15-04-2024-medical-product-alert-n-1-2024--falsified-(contaminated)-usp-ep-propylene-glycol,https://www.who.int/news/item/15-04-2024-medical-product-alert-n-1-2024--falsified-(contaminated)-usp-ep-propylene-glycol,image,https://www.who.int/images/default-source/fallback/maps/south-east-asia1c6bd1d9eb5b4cf0b5ad5da36ff3912d.png?sfvrsn=68e76dc2_17,unknown_permission_required,metadata_only_permission_required,2026-09-07
HV_000198,WHO,15-04-2024-medical-product-alert-n-1-2024--falsified-(contaminated)-usp-ep-propylene-glycol,https://www.who.int/news/item/15-04-2024-medical-product-alert-n-1-2024--falsified-(contaminated)-usp-ep-propylene-glycol,image,https://www.who.int/images/default-source/fallback/maps/europeae57428b4f114210ae7067e1f5119e1a.png?sfvrsn=c7d5c5a5_19,unknown_permission_required,metadata_only_permission_required,2026-09-07
HV_000199,WHO,15-04-2024-medical-product-alert-n-1-2024--falsified-(contaminated)-usp-ep-propylene-glycol,https://www.who.int/news/item/15-04-2024-medical-product-alert-n-1-2024--falsified-(contaminated)-usp-ep-propylene-glycol,image,https://www.who.int/images/default-source/fallback/maps/eastern-mediterraneanadf4e81056b84e75b83a1faed30a1e0a.png?sfvrsn=71211e18_17,unknown_permission_required,metadata_only_permission_required,2026-09-07
HV_000200,WHO,15-04-2024-medical-product-alert-n-1-2024--falsified-(contaminated)-usp-ep-propylene-glycol,https://www.who.int/news/item/15-04-2024-medical-product-alert-n-1-2024--falsified-(contaminated)-usp-ep-propylene-glycol,image,https://www.who.int/images/default-source/fallback/maps/western-pacifice1e576200c9b4fe59078eb28958428a9.png?sfvrsn=88cbdcd5_19,unknown_permission_required,metadata_only_permission_required,2026-09-07
HV_000201,WHO,15-12-2025-medical-product-alert-n-7-2025--falsified-ibrance-(palbociclib),https://www.who.int/news/item/15-12-2025-medical-product-alert-n-7-2025--falsified-ibrance-(palbociclib),pdf,https://cdn.who.int/media/docs/default-source/substandard-and-falsified/n7_2025_ibrance_en.pdf?sfvrsn=1981980a_6,unknown_permission_required,metadata_only_permission_required,2026-09-07
HV_000202,WHO,15-12-2025-medical-product-alert-n-7-2025--falsified-ibrance-(palbociclib),https://www.who.int/news/item/15-12-2025-medical-product-alert-n-7-2025--falsified-ibrance-(palbociclib),pdf,https://cdn.who.int/media/docs/default-source/substandard-and-falsified/n7_2025_ibrance_en.pdf?sfvrsn=1981980a_6,unknown_permission_required,metadata_only_permission_required,2026-09-07
HV_000203,WHO,15-12-2025-medical-product-alert-n-7-2025--falsified-ibrance-(palbociclib),https://www.who.int/news/item/15-12-2025-medical-product-alert-n-7-2025--falsified-ibrance-(palbociclib),image,https://www.who.int/images/default-source/fallback/maps/africa8bd96ad167204ac7ac4811b8ae1dfe2c.png?sfvrsn=3204f957_20,unknown_permission_required,metadata_only_permission_required,2026-09-07
HV_000204,WHO,15-12-2025-medical-product-alert-n-7-2025--falsified-ibrance-(palbociclib),https://www.who.int/news/item/15-12-2025-medical-product-alert-n-7-2025--falsified-ibrance-(palbociclib),image,https://www.who.int/images/default-source/fallback/maps/americas.png?sfvrsn=9efd6df3_19,unknown_permission_required,metadata_only_permission_required,2026-09-07
HV_000205,WHO,15-12-2025-medical-product-alert-n-7-2025--falsified-ibrance-(palbociclib),https://www.who.int/news/item/15-12-2025-medical-product-alert-n-7-2025--falsified-ibrance-(palbociclib),image,https://www.who.int/images/default-source/fallback/maps/south-east-asia1c6bd1d9eb5b4cf0b5ad5da36ff3912d.png?sfvrsn=68e76dc2_17,unknown_permission_required,metadata_only_permission_required,2026-09-07
HV_000206,WHO,15-12-2025-medical-product-alert-n-7-2025--falsified-ibrance-(palbociclib),https://www.who.int/news/item/15-12-2025-medical-product-alert-n-7-2025--falsified-ibrance-(palbociclib),image,https://www.who.int/images/default-source/fallback/maps/europeae57428b4f114210ae7067e1f5119e1a.png?sfvrsn=c7d5c5a5_19,unknown_permission_required,metadata_only_permission_required,2026-09-07
HV_000207,WHO,15-12-2025-medical-product-alert-n-7-2025--falsified-ibrance-(palbociclib),https://www.who.int/news/item/15-12-2025-medical-product-alert-n-7-2025--falsified-ibrance-(palbociclib),image,https://www.who.int/images/default-source/fallback/maps/eastern-mediterraneanadf4e81056b84e75b83a1faed30a1e0a.png?sfvrsn=71211e18_17,unknown_permission_required,metadata_only_permission_required,2026-09-07
HV_000208,WHO,15-12-2025-medical-product-alert-n-7-2025--falsified-ibrance-(palbociclib),https://www.who.int/news/item/15-12-2025-medical-product-alert-n-7-2025--falsified-ibrance-(palbociclib),image,https://www.who.int/images/default-source/fallback/maps/western-pacifice1e576200c9b4fe59078eb28958428a9.png?sfvrsn=88cbdcd5_19,unknown_permission_required,metadata_only_permission_required,2026-09-07
HV_000209,WHO,16-06-2026-medical-product-alert-n-2-2026--falsified-jakavi-(ruxolitinib),https://www.who.int/news/item/16-06-2026-medical-product-alert-n-2-2026--falsified-jakavi-(ruxolitinib),pdf,https://cdn.who.int/media/docs/default-source/substandard-and-falsified/n2_2026_jakavi_en.pdf?sfvrsn=7371a115_6,unknown_permission_required,metadata_only_permission_required,2026-09-07
HV_000210,WHO,16-06-2026-medical-product-alert-n-2-2026--falsified-jakavi-(ruxolitinib),https://www.who.int/news/item/16-06-2026-medical-product-alert-n-2-2026--falsified-jakavi-(ruxolitinib),pdf,https://cdn.who.int/media/docs/default-source/substandard-and-falsified/n2_2026_jakavi_en.pdf?sfvrsn=7371a115_6,unknown_permission_required,metadata_only_permission_required,2026-09-07
HV_000211,WHO,16-06-2026-medical-product-alert-n-2-2026--falsified-jakavi-(ruxolitinib),https://www.who.int/news/item/16-06-2026-medical-product-alert-n-2-2026--falsified-jakavi-(ruxolitinib),image,https://www.who.int/images/default-source/fallback/maps/africa8bd96ad167204ac7ac4811b8ae1dfe2c.png?sfvrsn=3204f957_20,unknown_permission_required,metadata_only_permission_required,2026-09-07
HV_000212,WHO,16-06-2026-medical-product-alert-n-2-2026--falsified-jakavi-(ruxolitinib),https://www.who.int/news/item/16-06-2026-medical-product-alert-n-2-2026--falsified-jakavi-(ruxolitinib),image,https://www.who.int/images/default-source/fallback/maps/americas.png?sfvrsn=9efd6df3_19,unknown_permission_required,metadata_only_permission_required,2026-09-07
HV_000213,WHO,16-06-2026-medical-product-alert-n-2-2026--falsified-jakavi-(ruxolitinib),https://www.who.int/news/item/16-06-2026-medical-product-alert-n-2-2026--falsified-jakavi-(ruxolitinib),image,https://www.who.int/images/default-source/fallback/maps/south-east-asia1c6bd1d9eb5b4cf0b5ad5da36ff3912d.png?sfvrsn=68e76dc2_17,unknown_permission_required,metadata_only_permission_required,2026-09-07
HV_000214,WHO,16-06-2026-medical-product-alert-n-2-2026--falsified-jakavi-(ruxolitinib),https://www.who.int/news/item/16-06-2026-medical-product-alert-n-2-2026--falsified-jakavi-(ruxolitinib),image,https://www.who.int/images/default-source/fallback/maps/europeae57428b4f114210ae7067e1f5119e1a.png?sfvrsn=c7d5c5a5_19,unknown_permission_required,metadata_only_permission_required,2026-09-07
HV_000215,WHO,16-06-2026-medical-product-alert-n-2-2026--falsified-jakavi-(ruxolitinib),https://www.who.int/news/item/16-06-2026-medical-product-alert-n-2-2026--falsified-jakavi-(ruxolitinib),image,https://www.who.int/images/default-source/fallback/maps/eastern-mediterraneanadf4e81056b84e75b83a1faed30a1e0a.png?sfvrsn=71211e18_17,unknown_permission_required,metadata_only_permission_required,2026-09-07
HV_000216,WHO,16-06-2026-medical-product-alert-n-2-2026--falsified-jakavi-(ruxolitinib),https://www.who.int/news/item/16-06-2026-medical-product-alert-n-2-2026--falsified-jakavi-(ruxolitinib),image,https://www.who.int/images/default-source/fallback/maps/western-pacifice1e576200c9b4fe59078eb28958428a9.png?sfvrsn=88cbdcd5_19,unknown_permission_required,metadata_only_permission_required,2026-09-07
HV_000217,WHO,18-08-2017-medical-product-alert-n-3-2017--falsified-avastin-and-sutent,https://www.who.int/news/item/18-08-2017-medical-product-alert-n-3-2017--falsified-avastin-and-sutent,pdf,https://cdn.who.int/media/docs/default-source/substandard-and-falsified/n3_2017-falsified-avastin-and-sutent_en.pdf?sfvrsn=7986c755_1,unknown_permission_required,metadata_only_permission_required,2026-09-07
HV_000218,WHO,18-08-2017-medical-product-alert-n-3-2017--falsified-avastin-and-sutent,https://www.who.int/news/item/18-08-2017-medical-product-alert-n-3-2017--falsified-avastin-and-sutent,pdf,https://cdn.who.int/media/docs/default-source/substandard-and-falsified/n3_2017-falsified-avastin-and-sutent_en.pdf?sfvrsn=7986c755_1,unknown_permission_required,metadata_only_permission_required,2026-09-07
HV_000219,WHO,18-08-2017-medical-product-alert-n-3-2017--falsified-avastin-and-sutent,https://www.who.int/news/item/18-08-2017-medical-product-alert-n-3-2017--falsified-avastin-and-sutent,image,https://www.who.int/images/default-source/fallback/maps/africa8bd96ad167204ac7ac4811b8ae1dfe2c.png?sfvrsn=3204f957_20,unknown_permission_required,metadata_only_permission_required,2026-09-07
HV_000220,WHO,18-08-2017-medical-product-alert-n-3-2017--falsified-avastin-and-sutent,https://www.who.int/news/item/18-08-2017-medical-product-alert-n-3-2017--falsified-avastin-and-sutent,image,https://www.who.int/images/default-source/fallback/maps/americas.png?sfvrsn=9efd6df3_19,unknown_permission_required,metadata_only_permission_required,2026-09-07
HV_000221,WHO,18-08-2017-medical-product-alert-n-3-2017--falsified-avastin-and-sutent,https://www.who.int/news/item/18-08-2017-medical-product-alert-n-3-2017--falsified-avastin-and-sutent,image,https://www.who.int/images/default-source/fallback/maps/south-east-asia1c6bd1d9eb5b4cf0b5ad5da36ff3912d.png?sfvrsn=68e76dc2_17,unknown_permission_required,metadata_only_permission_required,2026-09-07
HV_000222,WHO,18-08-2017-medical-product-alert-n-3-2017--falsified-avastin-and-sutent,https://www.who.int/news/item/18-08-2017-medical-product-alert-n-3-2017--falsified-avastin-and-sutent,image,https://www.who.int/images/default-source/fallback/maps/europeae57428b4f114210ae7067e1f5119e1a.png?sfvrsn=c7d5c5a5_19,unknown_permission_required,metadata_only_permission_required,2026-09-07
HV_000223,WHO,18-08-2017-medical-product-alert-n-3-2017--falsified-avastin-and-sutent,https://www.who.int/news/item/18-08-2017-medical-product-alert-n-3-2017--falsified-avastin-and-sutent,image,https://www.who.int/images/default-source/fallback/maps/eastern-mediterraneanadf4e81056b84e75b83a1faed30a1e0a.png?sfvrsn=71211e18_17,unknown_permission_required,metadata_only_permission_required,2026-09-07
HV_000224,WHO,18-08-2017-medical-product-alert-n-3-2017--falsified-avastin-and-sutent,https://www.who.int/news/item/18-08-2017-medical-product-alert-n-3-2017--falsified-avastin-and-sutent,image,https://www.who.int/images/default-source/fallback/maps/western-pacifice1e576200c9b4fe59078eb28958428a9.png?sfvrsn=88cbdcd5_19,unknown_permission_required,metadata_only_permission_required,2026-09-07
HV_000225,WHO,18-11-2015-medical-product-alert-n-5-2015--falsified-emergency-contraceptive,https://www.who.int/news/item/18-11-2015-medical-product-alert-n-5-2015--falsified-emergency-contraceptive,pdf,https://cdn.who.int/media/docs/default-source/substandard-and-falsified/n5_2015-falsified-postinor_en.pdf?sfvrsn=8a4dc5a2_1,unknown_permission_required,metadata_only_permission_required,2026-09-07
HV_000226,WHO,18-11-2015-medical-product-alert-n-5-2015--falsified-emergency-contraceptive,https://www.who.int/news/item/18-11-2015-medical-product-alert-n-5-2015--falsified-emergency-contraceptive,pdf,https://cdn.who.int/media/docs/default-source/substandard-and-falsified/n5_2015-falsified-postinor_en.pdf?sfvrsn=8a4dc5a2_1,unknown_permission_required,metadata_only_permission_required,2026-09-07
HV_000227,WHO,18-11-2015-medical-product-alert-n-5-2015--falsified-emergency-contraceptive,https://www.who.int/news/item/18-11-2015-medical-product-alert-n-5-2015--falsified-emergency-contraceptive,image,https://www.who.int/images/default-source/fallback/maps/africa8bd96ad167204ac7ac4811b8ae1dfe2c.png?sfvrsn=3204f957_20,unknown_permission_required,metadata_only_permission_required,2026-09-07
HV_000228,WHO,18-11-2015-medical-product-alert-n-5-2015--falsified-emergency-contraceptive,https://www.who.int/news/item/18-11-2015-medical-product-alert-n-5-2015--falsified-emergency-contraceptive,image,https://www.who.int/images/default-source/fallback/maps/americas.png?sfvrsn=9efd6df3_19,unknown_permission_required,metadata_only_permission_required,2026-09-07
HV_000229,WHO,18-11-2015-medical-product-alert-n-5-2015--falsified-emergency-contraceptive,https://www.who.int/news/item/18-11-2015-medical-product-alert-n-5-2015--falsified-emergency-contraceptive,image,https://www.who.int/images/default-source/fallback/maps/south-east-asia1c6bd1d9eb5b4cf0b5ad5da36ff3912d.png?sfvrsn=68e76dc2_17,unknown_permission_required,metadata_only_permission_required,2026-09-07
HV_000230,WHO,18-11-2015-medical-product-alert-n-5-2015--falsified-emergency-contraceptive,https://www.who.int/news/item/18-11-2015-medical-product-alert-n-5-2015--falsified-emergency-contraceptive,image,https://www.who.int/images/default-source/fallback/maps/europeae57428b4f114210ae7067e1f5119e1a.png?sfvrsn=c7d5c5a5_19,unknown_permission_required,metadata_only_permission_required,2026-09-07
HV_000231,WHO,18-11-2015-medical-product-alert-n-5-2015--falsified-emergency-contraceptive,https://www.who.int/news/item/18-11-2015-medical-product-alert-n-5-2015--falsified-emergency-contraceptive,image,https://www.who.int/images/default-source/fallback/maps/eastern-mediterraneanadf4e81056b84e75b83a1faed30a1e0a.png?sfvrsn=71211e18_17,unknown_permission_required,metadata_only_permission_required,2026-09-07
HV_000232,WHO,18-11-2015-medical-product-alert-n-5-2015--falsified-emergency-contraceptive,https://www.who.int/news/item/18-11-2015-medical-product-alert-n-5-2015--falsified-emergency-contraceptive,image,https://www.who.int/images/default-source/fallback/maps/western-pacifice1e576200c9b4fe59078eb28958428a9.png?sfvrsn=88cbdcd5_19,unknown_permission_required,metadata_only_permission_required,2026-09-07
HV_000233,WHO,19-06-2024-medical-product-alert-n-2-2024--falsified-ozempic-(semaglutide),https://www.who.int/news/item/19-06-2024-medical-product-alert-n-2-2024--falsified-ozempic-(semaglutide),pdf,https://cdn.who.int/media/docs/default-source/substandard-and-falsified/correction-n2_2024_ozempic_en.pdf?sfvrsn=17d87e2d_12,unknown_permission_required,metadata_only_permission_required,2026-09-07
HV_000234,WHO,19-06-2024-medical-product-alert-n-2-2024--falsified-ozempic-(semaglutide),https://www.who.int/news/item/19-06-2024-medical-product-alert-n-2-2024--falsified-ozempic-(semaglutide),pdf,https://cdn.who.int/media/docs/default-source/substandard-and-falsified/correction-n2_2024_ozempic_en.pdf?sfvrsn=17d87e2d_12,unknown_permission_required,metadata_only_permission_required,2026-09-07
HV_000235,WHO,19-06-2024-medical-product-alert-n-2-2024--falsified-ozempic-(semaglutide),https://www.who.int/news/item/19-06-2024-medical-product-alert-n-2-2024--falsified-ozempic-(semaglutide),image,https://www.who.int/images/default-source/fallback/maps/africa8bd96ad167204ac7ac4811b8ae1dfe2c.png?sfvrsn=3204f957_20,unknown_permission_required,metadata_only_permission_required,2026-09-07
HV_000236,WHO,19-06-2024-medical-product-alert-n-2-2024--falsified-ozempic-(semaglutide),https://www.who.int/news/item/19-06-2024-medical-product-alert-n-2-2024--falsified-ozempic-(semaglutide),image,https://www.who.int/images/default-source/fallback/maps/americas.png?sfvrsn=9efd6df3_19,unknown_permission_required,metadata_only_permission_required,2026-09-07
HV_000237,WHO,19-06-2024-medical-product-alert-n-2-2024--falsified-ozempic-(semaglutide),https://www.who.int/news/item/19-06-2024-medical-product-alert-n-2-2024--falsified-ozempic-(semaglutide),image,https://www.who.int/images/default-source/fallback/maps/south-east-asia1c6bd1d9eb5b4cf0b5ad5da36ff3912d.png?sfvrsn=68e76dc2_17,unknown_permission_required,metadata_only_permission_required,2026-09-07
HV_000238,WHO,19-06-2024-medical-product-alert-n-2-2024--falsified-ozempic-(semaglutide),https://www.who.int/news/item/19-06-2024-medical-product-alert-n-2-2024--falsified-ozempic-(semaglutide),image,https://www.who.int/images/default-source/fallback/maps/europeae57428b4f114210ae7067e1f5119e1a.png?sfvrsn=c7d5c5a5_19,unknown_permission_required,metadata_only_permission_required,2026-09-07
HV_000239,WHO,19-06-2024-medical-product-alert-n-2-2024--falsified-ozempic-(semaglutide),https://www.who.int/news/item/19-06-2024-medical-product-alert-n-2-2024--falsified-ozempic-(semaglutide),image,https://www.who.int/images/default-source/fallback/maps/eastern-mediterraneanadf4e81056b84e75b83a1faed30a1e0a.png?sfvrsn=71211e18_17,unknown_permission_required,metadata_only_permission_required,2026-09-07
HV_000240,WHO,19-06-2024-medical-product-alert-n-2-2024--falsified-ozempic-(semaglutide),https://www.who.int/news/item/19-06-2024-medical-product-alert-n-2-2024--falsified-ozempic-(semaglutide),image,https://www.who.int/images/default-source/fallback/maps/western-pacifice1e576200c9b4fe59078eb28958428a9.png?sfvrsn=88cbdcd5_19,unknown_permission_required,metadata_only_permission_required,2026-09-07
HV_000241,WHO,19-08-2016-medical-product-alert-n-4-2016--falsified-quinine-sulphate,https://www.who.int/news/item/19-08-2016-medical-product-alert-n-4-2016--falsified-quinine-sulphate,pdf,https://cdn.who.int/media/docs/default-source/substandard-and-falsified/n4_2016-falsified-quinine-sulphate_en.pdf?sfvrsn=7cf5346f_1,unknown_permission_required,metadata_only_permission_required,2026-09-07
HV_000242,WHO,19-08-2016-medical-product-alert-n-4-2016--falsified-quinine-sulphate,https://www.who.int/news/item/19-08-2016-medical-product-alert-n-4-2016--falsified-quinine-sulphate,pdf,https://cdn.who.int/media/docs/default-source/substandard-and-falsified/n4_2016-falsified-quinine-sulphate_en.pdf?sfvrsn=7cf5346f_1,unknown_permission_required,metadata_only_permission_required,2026-09-07
HV_000243,WHO,19-08-2016-medical-product-alert-n-4-2016--falsified-quinine-sulphate,https://www.who.int/news/item/19-08-2016-medical-product-alert-n-4-2016--falsified-quinine-sulphate,image,https://www.who.int/images/default-source/fallback/maps/africa8bd96ad167204ac7ac4811b8ae1dfe2c.png?sfvrsn=3204f957_20,unknown_permission_required,metadata_only_permission_required,2026-09-07
HV_000244,WHO,19-08-2016-medical-product-alert-n-4-2016--falsified-quinine-sulphate,https://www.who.int/news/item/19-08-2016-medical-product-alert-n-4-2016--falsified-quinine-sulphate,image,https://www.who.int/images/default-source/fallback/maps/americas.png?sfvrsn=9efd6df3_19,unknown_permission_required,metadata_only_permission_required,2026-09-07
HV_000245,WHO,19-08-2016-medical-product-alert-n-4-2016--falsified-quinine-sulphate,https://www.who.int/news/item/19-08-2016-medical-product-alert-n-4-2016--falsified-quinine-sulphate,image,https://www.who.int/images/default-source/fallback/maps/south-east-asia1c6bd1d9eb5b4cf0b5ad5da36ff3912d.png?sfvrsn=68e76dc2_17,unknown_permission_required,metadata_only_permission_required,2026-09-07
HV_000246,WHO,19-08-2016-medical-product-alert-n-4-2016--falsified-quinine-sulphate,https://www.who.int/news/item/19-08-2016-medical-product-alert-n-4-2016--falsified-quinine-sulphate,image,https://www.who.int/images/default-source/fallback/maps/europeae57428b4f114210ae7067e1f5119e1a.png?sfvrsn=c7d5c5a5_19,unknown_permission_required,metadata_only_permission_required,2026-09-07
HV_000247,WHO,19-08-2016-medical-product-alert-n-4-2016--falsified-quinine-sulphate,https://www.who.int/news/item/19-08-2016-medical-product-alert-n-4-2016--falsified-quinine-sulphate,image,https://www.who.int/images/default-source/fallback/maps/eastern-mediterraneanadf4e81056b84e75b83a1faed30a1e0a.png?sfvrsn=71211e18_17,unknown_permission_required,metadata_only_permission_required,2026-09-07
HV_000248,WHO,19-08-2016-medical-product-alert-n-4-2016--falsified-quinine-sulphate,https://www.who.int/news/item/19-08-2016-medical-product-alert-n-4-2016--falsified-quinine-sulphate,image,https://www.who.int/images/default-source/fallback/maps/western-pacifice1e576200c9b4fe59078eb28958428a9.png?sfvrsn=88cbdcd5_19,unknown_permission_required,metadata_only_permission_required,2026-09-07
HV_000249,WHO,19-08-2022-medical-product-alert-n-4-2022-falsified-dysport,https://www.who.int/news/item/19-08-2022-medical-product-alert-n-4-2022-falsified-dysport,pdf,https://cdn.who.int/media/docs/default-source/substandard-and-falsified/alert-n4_2022_falsified-dysport_en.pdf?sfvrsn=fefcc51f_4,unknown_permission_required,metadata_only_permission_required,2026-09-07
HV_000250,WHO,19-08-2022-medical-product-alert-n-4-2022-falsified-dysport,https://www.who.int/news/item/19-08-2022-medical-product-alert-n-4-2022-falsified-dysport,pdf,https://cdn.who.int/media/docs/default-source/substandard-and-falsified/alert-n4_2022_falsified-dysport_en.pdf?sfvrsn=fefcc51f_4,unknown_permission_required,metadata_only_permission_required,2026-09-07
HV_000251,WHO,19-08-2022-medical-product-alert-n-4-2022-falsified-dysport,https://www.who.int/news/item/19-08-2022-medical-product-alert-n-4-2022-falsified-dysport,image,https://www.who.int/images/default-source/fallback/maps/africa8bd96ad167204ac7ac4811b8ae1dfe2c.png?sfvrsn=3204f957_20,unknown_permission_required,metadata_only_permission_required,2026-09-07
HV_000252,WHO,19-08-2022-medical-product-alert-n-4-2022-falsified-dysport,https://www.who.int/news/item/19-08-2022-medical-product-alert-n-4-2022-falsified-dysport,image,https://www.who.int/images/default-source/fallback/maps/americas.png?sfvrsn=9efd6df3_19,unknown_permission_required,metadata_only_permission_required,2026-09-07
HV_000253,WHO,19-08-2022-medical-product-alert-n-4-2022-falsified-dysport,https://www.who.int/news/item/19-08-2022-medical-product-alert-n-4-2022-falsified-dysport,image,https://www.who.int/images/default-source/fallback/maps/south-east-asia1c6bd1d9eb5b4cf0b5ad5da36ff3912d.png?sfvrsn=68e76dc2_17,unknown_permission_required,metadata_only_permission_required,2026-09-07
HV_000254,WHO,19-08-2022-medical-product-alert-n-4-2022-falsified-dysport,https://www.who.int/news/item/19-08-2022-medical-product-alert-n-4-2022-falsified-dysport,image,https://www.who.int/images/default-source/fallback/maps/europeae57428b4f114210ae7067e1f5119e1a.png?sfvrsn=c7d5c5a5_19,unknown_permission_required,metadata_only_permission_required,2026-09-07
HV_000255,WHO,19-08-2022-medical-product-alert-n-4-2022-falsified-dysport,https://www.who.int/news/item/19-08-2022-medical-product-alert-n-4-2022-falsified-dysport,image,https://www.who.int/images/default-source/fallback/maps/eastern-mediterraneanadf4e81056b84e75b83a1faed30a1e0a.png?sfvrsn=71211e18_17,unknown_permission_required,metadata_only_permission_required,2026-09-07
HV_000256,WHO,19-08-2022-medical-product-alert-n-4-2022-falsified-dysport,https://www.who.int/news/item/19-08-2022-medical-product-alert-n-4-2022-falsified-dysport,image,https://www.who.int/images/default-source/fallback/maps/western-pacifice1e576200c9b4fe59078eb28958428a9.png?sfvrsn=88cbdcd5_19,unknown_permission_required,metadata_only_permission_required,2026-09-07
HV_000257,WHO,21-12-2021-medical-product-alert-n-8-2021-falsified-combiart,https://www.who.int/news/item/21-12-2021-medical-product-alert-n-8-2021-falsified-combiart,pdf,https://cdn.who.int/media/docs/default-source/substandard-and-falsified/n8_2021-falsified-combiart_en.pdf?sfvrsn=88e7263b_23,unknown_permission_required,metadata_only_permission_required,2026-09-07
HV_000258,WHO,21-12-2021-medical-product-alert-n-8-2021-falsified-combiart,https://www.who.int/news/item/21-12-2021-medical-product-alert-n-8-2021-falsified-combiart,image,https://www.who.int/images/default-source/fallback/maps/africa8bd96ad167204ac7ac4811b8ae1dfe2c.png?sfvrsn=3204f957_20,unknown_permission_required,metadata_only_permission_required,2026-09-07
HV_000259,WHO,21-12-2021-medical-product-alert-n-8-2021-falsified-combiart,https://www.who.int/news/item/21-12-2021-medical-product-alert-n-8-2021-falsified-combiart,image,https://www.who.int/images/default-source/fallback/maps/americas.png?sfvrsn=9efd6df3_19,unknown_permission_required,metadata_only_permission_required,2026-09-07
HV_000260,WHO,21-12-2021-medical-product-alert-n-8-2021-falsified-combiart,https://www.who.int/news/item/21-12-2021-medical-product-alert-n-8-2021-falsified-combiart,image,https://www.who.int/images/default-source/fallback/maps/south-east-asia1c6bd1d9eb5b4cf0b5ad5da36ff3912d.png?sfvrsn=68e76dc2_17,unknown_permission_required,metadata_only_permission_required,2026-09-07
HV_000261,WHO,21-12-2021-medical-product-alert-n-8-2021-falsified-combiart,https://www.who.int/news/item/21-12-2021-medical-product-alert-n-8-2021-falsified-combiart,image,https://www.who.int/images/default-source/fallback/maps/europeae57428b4f114210ae7067e1f5119e1a.png?sfvrsn=c7d5c5a5_19,unknown_permission_required,metadata_only_permission_required,2026-09-07
HV_000262,WHO,21-12-2021-medical-product-alert-n-8-2021-falsified-combiart,https://www.who.int/news/item/21-12-2021-medical-product-alert-n-8-2021-falsified-combiart,image,https://www.who.int/images/default-source/fallback/maps/eastern-mediterraneanadf4e81056b84e75b83a1faed30a1e0a.png?sfvrsn=71211e18_17,unknown_permission_required,metadata_only_permission_required,2026-09-07
HV_000263,WHO,21-12-2021-medical-product-alert-n-8-2021-falsified-combiart,https://www.who.int/news/item/21-12-2021-medical-product-alert-n-8-2021-falsified-combiart,image,https://www.who.int/images/default-source/fallback/maps/western-pacifice1e576200c9b4fe59078eb28958428a9.png?sfvrsn=88cbdcd5_19,unknown_permission_required,metadata_only_permission_required,2026-09-07
HV_000264,WHO,21-12-2021-medical-product-alert-n-8-2021-falsified-combiart,https://www.who.int/news/item/21-12-2021-medical-product-alert-n-8-2021-falsified-combiart,image,https://cdn.who.int/media/images/default-source/substandard-and-falsified-medical-products/n8_2021_table1_combiart_en.png?sfvrsn=11512326_16&Status=Master,unknown_permission_required,metadata_only_permission_required,2026-09-07
HV_000265,WHO,21-12-2021-medical-product-alert-n-8-2021-falsified-combiart,https://www.who.int/news/item/21-12-2021-medical-product-alert-n-8-2021-falsified-combiart,image,https://cdn.who.int/media/images/default-source/substandard-and-falsified-medical-products/n8_2021_table1_combiart_en.tmb-0.png?sfvrsn=11512326_7,unknown_permission_required,metadata_only_permission_required,2026-09-07
HV_000266,WHO,22-05-2015-medical-product-alert-n-2-2015--falsified-meningitis-vaccines,https://www.who.int/news/item/22-05-2015-medical-product-alert-n-2-2015--falsified-meningitis-vaccines,pdf,https://cdn.who.int/media/docs/default-source/substandard-and-falsified/n2_2015-mencevax_en.pdf?sfvrsn=c74aad77_1,unknown_permission_required,metadata_only_permission_required,2026-09-07
HV_000267,WHO,22-05-2015-medical-product-alert-n-2-2015--falsified-meningitis-vaccines,https://www.who.int/news/item/22-05-2015-medical-product-alert-n-2-2015--falsified-meningitis-vaccines,pdf,https://cdn.who.int/media/docs/default-source/substandard-and-falsified/n2_2015-mencevax_en.pdf?sfvrsn=c74aad77_1,unknown_permission_required,metadata_only_permission_required,2026-09-07
HV_000268,WHO,22-05-2015-medical-product-alert-n-2-2015--falsified-meningitis-vaccines,https://www.who.int/news/item/22-05-2015-medical-product-alert-n-2-2015--falsified-meningitis-vaccines,image,https://www.who.int/images/default-source/fallback/maps/africa8bd96ad167204ac7ac4811b8ae1dfe2c.png?sfvrsn=3204f957_20,unknown_permission_required,metadata_only_permission_required,2026-09-07
HV_000269,WHO,22-05-2015-medical-product-alert-n-2-2015--falsified-meningitis-vaccines,https://www.who.int/news/item/22-05-2015-medical-product-alert-n-2-2015--falsified-meningitis-vaccines,image,https://www.who.int/images/default-source/fallback/maps/americas.png?sfvrsn=9efd6df3_19,unknown_permission_required,metadata_only_permission_required,2026-09-07
HV_000270,WHO,22-05-2015-medical-product-alert-n-2-2015--falsified-meningitis-vaccines,https://www.who.int/news/item/22-05-2015-medical-product-alert-n-2-2015--falsified-meningitis-vaccines,image,https://www.who.int/images/default-source/fallback/maps/south-east-asia1c6bd1d9eb5b4cf0b5ad5da36ff3912d.png?sfvrsn=68e76dc2_17,unknown_permission_required,metadata_only_permission_required,2026-09-07
HV_000271,WHO,22-05-2015-medical-product-alert-n-2-2015--falsified-meningitis-vaccines,https://www.who.int/news/item/22-05-2015-medical-product-alert-n-2-2015--falsified-meningitis-vaccines,image,https://www.who.int/images/default-source/fallback/maps/europeae57428b4f114210ae7067e1f5119e1a.png?sfvrsn=c7d5c5a5_19,unknown_permission_required,metadata_only_permission_required,2026-09-07
HV_000272,WHO,22-05-2015-medical-product-alert-n-2-2015--falsified-meningitis-vaccines,https://www.who.int/news/item/22-05-2015-medical-product-alert-n-2-2015--falsified-meningitis-vaccines,image,https://www.who.int/images/default-source/fallback/maps/eastern-mediterraneanadf4e81056b84e75b83a1faed30a1e0a.png?sfvrsn=71211e18_17,unknown_permission_required,metadata_only_permission_required,2026-09-07
HV_000273,WHO,22-05-2015-medical-product-alert-n-2-2015--falsified-meningitis-vaccines,https://www.who.int/news/item/22-05-2015-medical-product-alert-n-2-2015--falsified-meningitis-vaccines,image,https://www.who.int/images/default-source/fallback/maps/western-pacifice1e576200c9b4fe59078eb28958428a9.png?sfvrsn=88cbdcd5_19,unknown_permission_required,metadata_only_permission_required,2026-09-07
HV_000274,WHO,22-12-2021-medical-product-alert-n-9-2021-falsified-soliris,https://www.who.int/news/item/22-12-2021-medical-product-alert-n-9-2021-falsified-soliris,pdf,https://cdn.who.int/media/docs/default-source/substandard-and-falsified/n9_2021-falsified-soliris_en.pdf?sfvrsn=22b1820d_25,unknown_permission_required,metadata_only_permission_required,2026-09-07
HV_000275,WHO,22-12-2021-medical-product-alert-n-9-2021-falsified-soliris,https://www.who.int/news/item/22-12-2021-medical-product-alert-n-9-2021-falsified-soliris,image,https://www.who.int/images/default-source/fallback/maps/africa8bd96ad167204ac7ac4811b8ae1dfe2c.png?sfvrsn=3204f957_20,unknown_permission_required,metadata_only_permission_required,2026-09-07
HV_000276,WHO,22-12-2021-medical-product-alert-n-9-2021-falsified-soliris,https://www.who.int/news/item/22-12-2021-medical-product-alert-n-9-2021-falsified-soliris,image,https://www.who.int/images/default-source/fallback/maps/americas.png?sfvrsn=9efd6df3_19,unknown_permission_required,metadata_only_permission_required,2026-09-07
HV_000277,WHO,22-12-2021-medical-product-alert-n-9-2021-falsified-soliris,https://www.who.int/news/item/22-12-2021-medical-product-alert-n-9-2021-falsified-soliris,image,https://www.who.int/images/default-source/fallback/maps/south-east-asia1c6bd1d9eb5b4cf0b5ad5da36ff3912d.png?sfvrsn=68e76dc2_17,unknown_permission_required,metadata_only_permission_required,2026-09-07
HV_000278,WHO,22-12-2021-medical-product-alert-n-9-2021-falsified-soliris,https://www.who.int/news/item/22-12-2021-medical-product-alert-n-9-2021-falsified-soliris,image,https://www.who.int/images/default-source/fallback/maps/europeae57428b4f114210ae7067e1f5119e1a.png?sfvrsn=c7d5c5a5_19,unknown_permission_required,metadata_only_permission_required,2026-09-07
HV_000279,WHO,22-12-2021-medical-product-alert-n-9-2021-falsified-soliris,https://www.who.int/news/item/22-12-2021-medical-product-alert-n-9-2021-falsified-soliris,image,https://www.who.int/images/default-source/fallback/maps/eastern-mediterraneanadf4e81056b84e75b83a1faed30a1e0a.png?sfvrsn=71211e18_17,unknown_permission_required,metadata_only_permission_required,2026-09-07
HV_000280,WHO,22-12-2021-medical-product-alert-n-9-2021-falsified-soliris,https://www.who.int/news/item/22-12-2021-medical-product-alert-n-9-2021-falsified-soliris,image,https://www.who.int/images/default-source/fallback/maps/western-pacifice1e576200c9b4fe59078eb28958428a9.png?sfvrsn=88cbdcd5_19,unknown_permission_required,metadata_only_permission_required,2026-09-07
HV_000281,WHO,22-12-2021-medical-product-alert-n-9-2021-falsified-soliris,https://www.who.int/news/item/22-12-2021-medical-product-alert-n-9-2021-falsified-soliris,image,https://cdn.who.int/media/images/default-source/substandard-and-falsified-medical-products/table1_n9_2021_en.png?sfvrsn=21da5955_14,unknown_permission_required,metadata_only_permission_required,2026-09-07
HV_000282,WHO,23-03-2018-medical-product-alert-n-3-2018--falsified-hepatitis-b-vaccines,https://www.who.int/news/item/23-03-2018-medical-product-alert-n-3-2018--falsified-hepatitis-b-vaccines,pdf,https://cdn.who.int/media/docs/default-source/substandard-and-falsified/n3_2018-falsified-hep-b-vaccine_en.pdf?sfvrsn=3df5a932_1,unknown_permission_required,metadata_only_permission_required,2026-09-07
HV_000283,WHO,23-03-2018-medical-product-alert-n-3-2018--falsified-hepatitis-b-vaccines,https://www.who.int/news/item/23-03-2018-medical-product-alert-n-3-2018--falsified-hepatitis-b-vaccines,pdf,https://cdn.who.int/media/docs/default-source/substandard-and-falsified/n3_2018-falsified-hep-b-vaccine_en.pdf?sfvrsn=3df5a932_1,unknown_permission_required,metadata_only_permission_required,2026-09-07
HV_000284,WHO,23-03-2018-medical-product-alert-n-3-2018--falsified-hepatitis-b-vaccines,https://www.who.int/news/item/23-03-2018-medical-product-alert-n-3-2018--falsified-hepatitis-b-vaccines,image,https://www.who.int/images/default-source/fallback/maps/africa8bd96ad167204ac7ac4811b8ae1dfe2c.png?sfvrsn=3204f957_20,unknown_permission_required,metadata_only_permission_required,2026-09-07
HV_000285,WHO,23-03-2018-medical-product-alert-n-3-2018--falsified-hepatitis-b-vaccines,https://www.who.int/news/item/23-03-2018-medical-product-alert-n-3-2018--falsified-hepatitis-b-vaccines,image,https://www.who.int/images/default-source/fallback/maps/americas.png?sfvrsn=9efd6df3_19,unknown_permission_required,metadata_only_permission_required,2026-09-07
HV_000286,WHO,23-03-2018-medical-product-alert-n-3-2018--falsified-hepatitis-b-vaccines,https://www.who.int/news/item/23-03-2018-medical-product-alert-n-3-2018--falsified-hepatitis-b-vaccines,image,https://www.who.int/images/default-source/fallback/maps/south-east-asia1c6bd1d9eb5b4cf0b5ad5da36ff3912d.png?sfvrsn=68e76dc2_17,unknown_permission_required,metadata_only_permission_required,2026-09-07
HV_000287,WHO,23-03-2018-medical-product-alert-n-3-2018--falsified-hepatitis-b-vaccines,https://www.who.int/news/item/23-03-2018-medical-product-alert-n-3-2018--falsified-hepatitis-b-vaccines,image,https://www.who.int/images/default-source/fallback/maps/europeae57428b4f114210ae7067e1f5119e1a.png?sfvrsn=c7d5c5a5_19,unknown_permission_required,metadata_only_permission_required,2026-09-07
HV_000288,WHO,23-03-2018-medical-product-alert-n-3-2018--falsified-hepatitis-b-vaccines,https://www.who.int/news/item/23-03-2018-medical-product-alert-n-3-2018--falsified-hepatitis-b-vaccines,image,https://www.who.int/images/default-source/fallback/maps/eastern-mediterraneanadf4e81056b84e75b83a1faed30a1e0a.png?sfvrsn=71211e18_17,unknown_permission_required,metadata_only_permission_required,2026-09-07
HV_000289,WHO,23-03-2018-medical-product-alert-n-3-2018--falsified-hepatitis-b-vaccines,https://www.who.int/news/item/23-03-2018-medical-product-alert-n-3-2018--falsified-hepatitis-b-vaccines,image,https://www.who.int/images/default-source/fallback/maps/western-pacifice1e576200c9b4fe59078eb28958428a9.png?sfvrsn=88cbdcd5_19,unknown_permission_required,metadata_only_permission_required,2026-09-07
HV_000290,WHO,23-04-2025-medical-product-alert-n-2-2025--falsified-healmoxy-(amoxicillin)-capsules-500mg,https://www.who.int/news/item/23-04-2025-medical-product-alert-n-2-2025--falsified-healmoxy-(amoxicillin)-capsules-500mg,pdf,https://cdn.who.int/media/docs/default-source/substandard-and-falsified/n2_2025_healmoxy_en.pdf?sfvrsn=d17da686_6,unknown_permission_required,metadata_only_permission_required,2026-09-07
HV_000291,WHO,23-04-2025-medical-product-alert-n-2-2025--falsified-healmoxy-(amoxicillin)-capsules-500mg,https://www.who.int/news/item/23-04-2025-medical-product-alert-n-2-2025--falsified-healmoxy-(amoxicillin)-capsules-500mg,pdf,https://cdn.who.int/media/docs/default-source/substandard-and-falsified/n2_2025_healmoxy_en.pdf?sfvrsn=d17da686_6,unknown_permission_required,metadata_only_permission_required,2026-09-07
HV_000292,WHO,23-04-2025-medical-product-alert-n-2-2025--falsified-healmoxy-(amoxicillin)-capsules-500mg,https://www.who.int/news/item/23-04-2025-medical-product-alert-n-2-2025--falsified-healmoxy-(amoxicillin)-capsules-500mg,image,https://www.who.int/images/default-source/fallback/maps/africa8bd96ad167204ac7ac4811b8ae1dfe2c.png?sfvrsn=3204f957_20,unknown_permission_required,metadata_only_permission_required,2026-09-07
HV_000293,WHO,23-04-2025-medical-product-alert-n-2-2025--falsified-healmoxy-(amoxicillin)-capsules-500mg,https://www.who.int/news/item/23-04-2025-medical-product-alert-n-2-2025--falsified-healmoxy-(amoxicillin)-capsules-500mg,image,https://www.who.int/images/default-source/fallback/maps/americas.png?sfvrsn=9efd6df3_19,unknown_permission_required,metadata_only_permission_required,2026-09-07
HV_000294,WHO,23-04-2025-medical-product-alert-n-2-2025--falsified-healmoxy-(amoxicillin)-capsules-500mg,https://www.who.int/news/item/23-04-2025-medical-product-alert-n-2-2025--falsified-healmoxy-(amoxicillin)-capsules-500mg,image,https://www.who.int/images/default-source/fallback/maps/south-east-asia1c6bd1d9eb5b4cf0b5ad5da36ff3912d.png?sfvrsn=68e76dc2_17,unknown_permission_required,metadata_only_permission_required,2026-09-07
HV_000295,WHO,23-04-2025-medical-product-alert-n-2-2025--falsified-healmoxy-(amoxicillin)-capsules-500mg,https://www.who.int/news/item/23-04-2025-medical-product-alert-n-2-2025--falsified-healmoxy-(amoxicillin)-capsules-500mg,image,https://www.who.int/images/default-source/fallback/maps/europeae57428b4f114210ae7067e1f5119e1a.png?sfvrsn=c7d5c5a5_19,unknown_permission_required,metadata_only_permission_required,2026-09-07
HV_000296,WHO,23-04-2025-medical-product-alert-n-2-2025--falsified-healmoxy-(amoxicillin)-capsules-500mg,https://www.who.int/news/item/23-04-2025-medical-product-alert-n-2-2025--falsified-healmoxy-(amoxicillin)-capsules-500mg,image,https://www.who.int/images/default-source/fallback/maps/eastern-mediterraneanadf4e81056b84e75b83a1faed30a1e0a.png?sfvrsn=71211e18_17,unknown_permission_required,metadata_only_permission_required,2026-09-07
HV_000297,WHO,23-04-2025-medical-product-alert-n-2-2025--falsified-healmoxy-(amoxicillin)-capsules-500mg,https://www.who.int/news/item/23-04-2025-medical-product-alert-n-2-2025--falsified-healmoxy-(amoxicillin)-capsules-500mg,image,https://www.who.int/images/default-source/fallback/maps/western-pacifice1e576200c9b4fe59078eb28958428a9.png?sfvrsn=88cbdcd5_19,unknown_permission_required,metadata_only_permission_required,2026-09-07
HV_000298,WHO,25-02-2015-medical-product-alert-n-1-2015--falsified-anti-malarial-medicine,https://www.who.int/news/item/25-02-2015-medical-product-alert-n-1-2015--falsified-anti-malarial-medicine,pdf,https://cdn.who.int/media/docs/default-source/substandard-and-falsified/n1_2015-artemether-lumefantrine_en.pdf?sfvrsn=e32570a0_1,unknown_permission_required,metadata_only_permission_required,2026-09-07
HV_000299,WHO,25-02-2015-medical-product-alert-n-1-2015--falsified-anti-malarial-medicine,https://www.who.int/news/item/25-02-2015-medical-product-alert-n-1-2015--falsified-anti-malarial-medicine,pdf,https://cdn.who.int/media/docs/default-source/substandard-and-falsified/n1_2015-artemether-lumefantrine_en.pdf?sfvrsn=e32570a0_1,unknown_permission_required,metadata_only_permission_required,2026-09-07
HV_000300,WHO,25-02-2015-medical-product-alert-n-1-2015--falsified-anti-malarial-medicine,https://www.who.int/news/item/25-02-2015-medical-product-alert-n-1-2015--falsified-anti-malarial-medicine,image,https://www.who.int/images/default-source/fallback/maps/africa8bd96ad167204ac7ac4811b8ae1dfe2c.png?sfvrsn=3204f957_20,unknown_permission_required,metadata_only_permission_required,2026-09-07
HV_000301,WHO,25-02-2015-medical-product-alert-n-1-2015--falsified-anti-malarial-medicine,https://www.who.int/news/item/25-02-2015-medical-product-alert-n-1-2015--falsified-anti-malarial-medicine,image,https://www.who.int/images/default-source/fallback/maps/americas.png?sfvrsn=9efd6df3_19,unknown_permission_required,metadata_only_permission_required,2026-09-07
HV_000302,WHO,25-02-2015-medical-product-alert-n-1-2015--falsified-anti-malarial-medicine,https://www.who.int/news/item/25-02-2015-medical-product-alert-n-1-2015--falsified-anti-malarial-medicine,image,https://www.who.int/images/default-source/fallback/maps/south-east-asia1c6bd1d9eb5b4cf0b5ad5da36ff3912d.png?sfvrsn=68e76dc2_17,unknown_permission_required,metadata_only_permission_required,2026-09-07
HV_000303,WHO,25-02-2015-medical-product-alert-n-1-2015--falsified-anti-malarial-medicine,https://www.who.int/news/item/25-02-2015-medical-product-alert-n-1-2015--falsified-anti-malarial-medicine,image,https://www.who.int/images/default-source/fallback/maps/europeae57428b4f114210ae7067e1f5119e1a.png?sfvrsn=c7d5c5a5_19,unknown_permission_required,metadata_only_permission_required,2026-09-07
HV_000304,WHO,25-02-2015-medical-product-alert-n-1-2015--falsified-anti-malarial-medicine,https://www.who.int/news/item/25-02-2015-medical-product-alert-n-1-2015--falsified-anti-malarial-medicine,image,https://www.who.int/images/default-source/fallback/maps/eastern-mediterraneanadf4e81056b84e75b83a1faed30a1e0a.png?sfvrsn=71211e18_17,unknown_permission_required,metadata_only_permission_required,2026-09-07
HV_000305,WHO,25-02-2015-medical-product-alert-n-1-2015--falsified-anti-malarial-medicine,https://www.who.int/news/item/25-02-2015-medical-product-alert-n-1-2015--falsified-anti-malarial-medicine,image,https://www.who.int/images/default-source/fallback/maps/western-pacifice1e576200c9b4fe59078eb28958428a9.png?sfvrsn=88cbdcd5_19,unknown_permission_required,metadata_only_permission_required,2026-09-07
HV_000306,WHO,25-02-2016-medical-product-alert-n-3-2016--falsified-hepatitis-c-medicines,https://www.who.int/news/item/25-02-2016-medical-product-alert-n-3-2016--falsified-hepatitis-c-medicines,pdf,https://cdn.who.int/media/docs/default-source/substandard-and-falsified/n3_2016-falsified-hepatitis-c-products_en.pdf?sfvrsn=94e99dac_1,unknown_permission_required,metadata_only_permission_required,2026-09-07
HV_000307,WHO,25-02-2016-medical-product-alert-n-3-2016--falsified-hepatitis-c-medicines,https://www.who.int/news/item/25-02-2016-medical-product-alert-n-3-2016--falsified-hepatitis-c-medicines,pdf,https://cdn.who.int/media/docs/default-source/substandard-and-falsified/n3_2016-falsified-hepatitis-c-products_en.pdf?sfvrsn=94e99dac_1,unknown_permission_required,metadata_only_permission_required,2026-09-07
HV_000308,WHO,25-02-2016-medical-product-alert-n-3-2016--falsified-hepatitis-c-medicines,https://www.who.int/news/item/25-02-2016-medical-product-alert-n-3-2016--falsified-hepatitis-c-medicines,image,https://www.who.int/images/default-source/fallback/maps/africa8bd96ad167204ac7ac4811b8ae1dfe2c.png?sfvrsn=3204f957_20,unknown_permission_required,metadata_only_permission_required,2026-09-07
HV_000309,WHO,25-02-2016-medical-product-alert-n-3-2016--falsified-hepatitis-c-medicines,https://www.who.int/news/item/25-02-2016-medical-product-alert-n-3-2016--falsified-hepatitis-c-medicines,image,https://www.who.int/images/default-source/fallback/maps/americas.png?sfvrsn=9efd6df3_19,unknown_permission_required,metadata_only_permission_required,2026-09-07
HV_000310,WHO,25-02-2016-medical-product-alert-n-3-2016--falsified-hepatitis-c-medicines,https://www.who.int/news/item/25-02-2016-medical-product-alert-n-3-2016--falsified-hepatitis-c-medicines,image,https://www.who.int/images/default-source/fallback/maps/south-east-asia1c6bd1d9eb5b4cf0b5ad5da36ff3912d.png?sfvrsn=68e76dc2_17,unknown_permission_required,metadata_only_permission_required,2026-09-07
HV_000311,WHO,25-02-2016-medical-product-alert-n-3-2016--falsified-hepatitis-c-medicines,https://www.who.int/news/item/25-02-2016-medical-product-alert-n-3-2016--falsified-hepatitis-c-medicines,image,https://www.who.int/images/default-source/fallback/maps/europeae57428b4f114210ae7067e1f5119e1a.png?sfvrsn=c7d5c5a5_19,unknown_permission_required,metadata_only_permission_required,2026-09-07
HV_000312,WHO,25-02-2016-medical-product-alert-n-3-2016--falsified-hepatitis-c-medicines,https://www.who.int/news/item/25-02-2016-medical-product-alert-n-3-2016--falsified-hepatitis-c-medicines,image,https://www.who.int/images/default-source/fallback/maps/eastern-mediterraneanadf4e81056b84e75b83a1faed30a1e0a.png?sfvrsn=71211e18_17,unknown_permission_required,metadata_only_permission_required,2026-09-07
HV_000313,WHO,25-02-2016-medical-product-alert-n-3-2016--falsified-hepatitis-c-medicines,https://www.who.int/news/item/25-02-2016-medical-product-alert-n-3-2016--falsified-hepatitis-c-medicines,image,https://www.who.int/images/default-source/fallback/maps/western-pacifice1e576200c9b4fe59078eb28958428a9.png?sfvrsn=88cbdcd5_19,unknown_permission_required,metadata_only_permission_required,2026-09-07
HV_000314,WHO,25-03-2014-medical-product-alert-n-1-2014--falsified-antimalarial-medicines,https://www.who.int/news/item/25-03-2014-medical-product-alert-n-1-2014--falsified-antimalarial-medicines,pdf,https://cdn.who.int/media/docs/default-source/substandard-and-falsified/n1_2014-antimalarials_edp_en.pdf?sfvrsn=447737bf_1,unknown_permission_required,metadata_only_permission_required,2026-09-07
HV_000315,WHO,25-03-2014-medical-product-alert-n-1-2014--falsified-antimalarial-medicines,https://www.who.int/news/item/25-03-2014-medical-product-alert-n-1-2014--falsified-antimalarial-medicines,pdf,https://cdn.who.int/media/docs/default-source/substandard-and-falsified/n1_2014-antimalarials_edp_en.pdf?sfvrsn=447737bf_1,unknown_permission_required,metadata_only_permission_required,2026-09-07
HV_000316,WHO,25-03-2014-medical-product-alert-n-1-2014--falsified-antimalarial-medicines,https://www.who.int/news/item/25-03-2014-medical-product-alert-n-1-2014--falsified-antimalarial-medicines,image,https://www.who.int/images/default-source/fallback/maps/africa8bd96ad167204ac7ac4811b8ae1dfe2c.png?sfvrsn=3204f957_20,unknown_permission_required,metadata_only_permission_required,2026-09-07
HV_000317,WHO,25-03-2014-medical-product-alert-n-1-2014--falsified-antimalarial-medicines,https://www.who.int/news/item/25-03-2014-medical-product-alert-n-1-2014--falsified-antimalarial-medicines,image,https://www.who.int/images/default-source/fallback/maps/americas.png?sfvrsn=9efd6df3_19,unknown_permission_required,metadata_only_permission_required,2026-09-07
HV_000318,WHO,25-03-2014-medical-product-alert-n-1-2014--falsified-antimalarial-medicines,https://www.who.int/news/item/25-03-2014-medical-product-alert-n-1-2014--falsified-antimalarial-medicines,image,https://www.who.int/images/default-source/fallback/maps/south-east-asia1c6bd1d9eb5b4cf0b5ad5da36ff3912d.png?sfvrsn=68e76dc2_17,unknown_permission_required,metadata_only_permission_required,2026-09-07
HV_000319,WHO,25-03-2014-medical-product-alert-n-1-2014--falsified-antimalarial-medicines,https://www.who.int/news/item/25-03-2014-medical-product-alert-n-1-2014--falsified-antimalarial-medicines,image,https://www.who.int/images/default-source/fallback/maps/europeae57428b4f114210ae7067e1f5119e1a.png?sfvrsn=c7d5c5a5_19,unknown_permission_required,metadata_only_permission_required,2026-09-07
HV_000320,WHO,25-03-2014-medical-product-alert-n-1-2014--falsified-antimalarial-medicines,https://www.who.int/news/item/25-03-2014-medical-product-alert-n-1-2014--falsified-antimalarial-medicines,image,https://www.who.int/images/default-source/fallback/maps/eastern-mediterraneanadf4e81056b84e75b83a1faed30a1e0a.png?sfvrsn=71211e18_17,unknown_permission_required,metadata_only_permission_required,2026-09-07
HV_000321,WHO,25-03-2014-medical-product-alert-n-1-2014--falsified-antimalarial-medicines,https://www.who.int/news/item/25-03-2014-medical-product-alert-n-1-2014--falsified-antimalarial-medicines,image,https://www.who.int/images/default-source/fallback/maps/western-pacifice1e576200c9b4fe59078eb28958428a9.png?sfvrsn=88cbdcd5_19,unknown_permission_required,metadata_only_permission_required,2026-09-07
HV_000322,WHO,25-08-2022-medical-product-alert-n-5-2022-falsified-diprivan,https://www.who.int/news/item/25-08-2022-medical-product-alert-n-5-2022-falsified-diprivan,pdf,https://cdn.who.int/media/docs/default-source/substandard-and-falsified/n5_2022-falsified-diprivan_en.pdf?sfvrsn=d608c77c_1,unknown_permission_required,metadata_only_permission_required,2026-09-07
HV_000323,WHO,25-08-2022-medical-product-alert-n-5-2022-falsified-diprivan,https://www.who.int/news/item/25-08-2022-medical-product-alert-n-5-2022-falsified-diprivan,pdf,https://cdn.who.int/media/docs/default-source/substandard-and-falsified/n5_2022-falsified-diprivan_en.pdf?sfvrsn=d608c77c_1,unknown_permission_required,metadata_only_permission_required,2026-09-07
HV_000324,WHO,25-08-2022-medical-product-alert-n-5-2022-falsified-diprivan,https://www.who.int/news/item/25-08-2022-medical-product-alert-n-5-2022-falsified-diprivan,image,https://www.who.int/images/default-source/fallback/maps/africa8bd96ad167204ac7ac4811b8ae1dfe2c.png?sfvrsn=3204f957_20,unknown_permission_required,metadata_only_permission_required,2026-09-07
HV_000325,WHO,25-08-2022-medical-product-alert-n-5-2022-falsified-diprivan,https://www.who.int/news/item/25-08-2022-medical-product-alert-n-5-2022-falsified-diprivan,image,https://www.who.int/images/default-source/fallback/maps/americas.png?sfvrsn=9efd6df3_19,unknown_permission_required,metadata_only_permission_required,2026-09-07
HV_000326,WHO,25-08-2022-medical-product-alert-n-5-2022-falsified-diprivan,https://www.who.int/news/item/25-08-2022-medical-product-alert-n-5-2022-falsified-diprivan,image,https://www.who.int/images/default-source/fallback/maps/south-east-asia1c6bd1d9eb5b4cf0b5ad5da36ff3912d.png?sfvrsn=68e76dc2_17,unknown_permission_required,metadata_only_permission_required,2026-09-07
HV_000327,WHO,25-08-2022-medical-product-alert-n-5-2022-falsified-diprivan,https://www.who.int/news/item/25-08-2022-medical-product-alert-n-5-2022-falsified-diprivan,image,https://www.who.int/images/default-source/fallback/maps/europeae57428b4f114210ae7067e1f5119e1a.png?sfvrsn=c7d5c5a5_19,unknown_permission_required,metadata_only_permission_required,2026-09-07
HV_000328,WHO,25-08-2022-medical-product-alert-n-5-2022-falsified-diprivan,https://www.who.int/news/item/25-08-2022-medical-product-alert-n-5-2022-falsified-diprivan,image,https://www.who.int/images/default-source/fallback/maps/eastern-mediterraneanadf4e81056b84e75b83a1faed30a1e0a.png?sfvrsn=71211e18_17,unknown_permission_required,metadata_only_permission_required,2026-09-07
HV_000329,WHO,25-08-2022-medical-product-alert-n-5-2022-falsified-diprivan,https://www.who.int/news/item/25-08-2022-medical-product-alert-n-5-2022-falsified-diprivan,image,https://www.who.int/images/default-source/fallback/maps/western-pacifice1e576200c9b4fe59078eb28958428a9.png?sfvrsn=88cbdcd5_19,unknown_permission_required,metadata_only_permission_required,2026-09-07
HV_000330,WHO,26-03-2021-medical-product-alert-n-2-2021-falsified-covid-19-vaccine-bnt162b2,https://www.who.int/news/item/26-03-2021-medical-product-alert-n-2-2021-falsified-covid-19-vaccine-bnt162b2,pdf,https://cdn.who.int/media/docs/default-source/substandard-and-falsified/n2_2021_falsified-bnt162b21_en.pdf?sfvrsn=5c1f54ec_14,unknown_permission_required,metadata_only_permission_required,2026-09-07
HV_000331,WHO,26-03-2021-medical-product-alert-n-2-2021-falsified-covid-19-vaccine-bnt162b2,https://www.who.int/news/item/26-03-2021-medical-product-alert-n-2-2021-falsified-covid-19-vaccine-bnt162b2,image,https://www.who.int/images/default-source/fallback/maps/africa8bd96ad167204ac7ac4811b8ae1dfe2c.png?sfvrsn=3204f957_20,unknown_permission_required,metadata_only_permission_required,2026-09-07
HV_000332,WHO,26-03-2021-medical-product-alert-n-2-2021-falsified-covid-19-vaccine-bnt162b2,https://www.who.int/news/item/26-03-2021-medical-product-alert-n-2-2021-falsified-covid-19-vaccine-bnt162b2,image,https://www.who.int/images/default-source/fallback/maps/americas.png?sfvrsn=9efd6df3_19,unknown_permission_required,metadata_only_permission_required,2026-09-07
HV_000333,WHO,26-03-2021-medical-product-alert-n-2-2021-falsified-covid-19-vaccine-bnt162b2,https://www.who.int/news/item/26-03-2021-medical-product-alert-n-2-2021-falsified-covid-19-vaccine-bnt162b2,image,https://www.who.int/images/default-source/fallback/maps/south-east-asia1c6bd1d9eb5b4cf0b5ad5da36ff3912d.png?sfvrsn=68e76dc2_17,unknown_permission_required,metadata_only_permission_required,2026-09-07
HV_000334,WHO,26-03-2021-medical-product-alert-n-2-2021-falsified-covid-19-vaccine-bnt162b2,https://www.who.int/news/item/26-03-2021-medical-product-alert-n-2-2021-falsified-covid-19-vaccine-bnt162b2,image,https://www.who.int/images/default-source/fallback/maps/europeae57428b4f114210ae7067e1f5119e1a.png?sfvrsn=c7d5c5a5_19,unknown_permission_required,metadata_only_permission_required,2026-09-07
HV_000335,WHO,26-03-2021-medical-product-alert-n-2-2021-falsified-covid-19-vaccine-bnt162b2,https://www.who.int/news/item/26-03-2021-medical-product-alert-n-2-2021-falsified-covid-19-vaccine-bnt162b2,image,https://www.who.int/images/default-source/fallback/maps/eastern-mediterraneanadf4e81056b84e75b83a1faed30a1e0a.png?sfvrsn=71211e18_17,unknown_permission_required,metadata_only_permission_required,2026-09-07
HV_000336,WHO,26-03-2021-medical-product-alert-n-2-2021-falsified-covid-19-vaccine-bnt162b2,https://www.who.int/news/item/26-03-2021-medical-product-alert-n-2-2021-falsified-covid-19-vaccine-bnt162b2,image,https://www.who.int/images/default-source/fallback/maps/western-pacifice1e576200c9b4fe59078eb28958428a9.png?sfvrsn=88cbdcd5_19,unknown_permission_required,metadata_only_permission_required,2026-09-07
HV_000337,WHO,26-03-2021-medical-product-alert-n-2-2021-falsified-covid-19-vaccine-bnt162b2,https://www.who.int/news/item/26-03-2021-medical-product-alert-n-2-2021-falsified-covid-19-vaccine-bnt162b2,image,https://cdn.who.int/media/images/default-source/substandard-and-falsified-medical-products/table1_n2_2021.png?sfvrsn=fc1ac1e9_5&Status=Master,unknown_permission_required,metadata_only_permission_required,2026-09-07
HV_000338,WHO,26-03-2021-medical-product-alert-n-2-2021-falsified-covid-19-vaccine-bnt162b2,https://www.who.int/news/item/26-03-2021-medical-product-alert-n-2-2021-falsified-covid-19-vaccine-bnt162b2,image,https://cdn.who.int/media/images/default-source/substandard-and-falsified-medical-products/table2_n2_2021.png?sfvrsn=ef25c7e2_5&Status=Master,unknown_permission_required,metadata_only_permission_required,2026-09-07
HV_000339,WHO,26-07-2013-medical-product-alert-n-3-2013--falsified-batches-of-postinor-2,https://www.who.int/news/item/26-07-2013-medical-product-alert-n-3-2013--falsified-batches-of-postinor-2,pdf,https://cdn.who.int/media/docs/default-source/substandard-and-falsified/n3_2013-postinor_en.pdf?sfvrsn=e4eb5505_1,unknown_permission_required,metadata_only_permission_required,2026-09-07
HV_000340,WHO,26-07-2013-medical-product-alert-n-3-2013--falsified-batches-of-postinor-2,https://www.who.int/news/item/26-07-2013-medical-product-alert-n-3-2013--falsified-batches-of-postinor-2,pdf,https://cdn.who.int/media/docs/default-source/substandard-and-falsified/n3_2013-postinor_en.pdf?sfvrsn=e4eb5505_1,unknown_permission_required,metadata_only_permission_required,2026-09-07
HV_000341,WHO,26-07-2013-medical-product-alert-n-3-2013--falsified-batches-of-postinor-2,https://www.who.int/news/item/26-07-2013-medical-product-alert-n-3-2013--falsified-batches-of-postinor-2,image,https://www.who.int/images/default-source/fallback/maps/africa8bd96ad167204ac7ac4811b8ae1dfe2c.png?sfvrsn=3204f957_20,unknown_permission_required,metadata_only_permission_required,2026-09-07
HV_000342,WHO,26-07-2013-medical-product-alert-n-3-2013--falsified-batches-of-postinor-2,https://www.who.int/news/item/26-07-2013-medical-product-alert-n-3-2013--falsified-batches-of-postinor-2,image,https://www.who.int/images/default-source/fallback/maps/americas.png?sfvrsn=9efd6df3_19,unknown_permission_required,metadata_only_permission_required,2026-09-07
HV_000343,WHO,26-07-2013-medical-product-alert-n-3-2013--falsified-batches-of-postinor-2,https://www.who.int/news/item/26-07-2013-medical-product-alert-n-3-2013--falsified-batches-of-postinor-2,image,https://www.who.int/images/default-source/fallback/maps/south-east-asia1c6bd1d9eb5b4cf0b5ad5da36ff3912d.png?sfvrsn=68e76dc2_17,unknown_permission_required,metadata_only_permission_required,2026-09-07
HV_000344,WHO,26-07-2013-medical-product-alert-n-3-2013--falsified-batches-of-postinor-2,https://www.who.int/news/item/26-07-2013-medical-product-alert-n-3-2013--falsified-batches-of-postinor-2,image,https://www.who.int/images/default-source/fallback/maps/europeae57428b4f114210ae7067e1f5119e1a.png?sfvrsn=c7d5c5a5_19,unknown_permission_required,metadata_only_permission_required,2026-09-07
HV_000345,WHO,26-07-2013-medical-product-alert-n-3-2013--falsified-batches-of-postinor-2,https://www.who.int/news/item/26-07-2013-medical-product-alert-n-3-2013--falsified-batches-of-postinor-2,image,https://www.who.int/images/default-source/fallback/maps/eastern-mediterraneanadf4e81056b84e75b83a1faed30a1e0a.png?sfvrsn=71211e18_17,unknown_permission_required,metadata_only_permission_required,2026-09-07
HV_000346,WHO,26-07-2013-medical-product-alert-n-3-2013--falsified-batches-of-postinor-2,https://www.who.int/news/item/26-07-2013-medical-product-alert-n-3-2013--falsified-batches-of-postinor-2,image,https://www.who.int/images/default-source/fallback/maps/western-pacifice1e576200c9b4fe59078eb28958428a9.png?sfvrsn=88cbdcd5_19,unknown_permission_required,metadata_only_permission_required,2026-09-07
HV_000347,WHO,27-05-2015-medical-product-alert-n-3-2015--falsified-meningitis-vaccines-update,https://www.who.int/news/item/27-05-2015-medical-product-alert-n-3-2015--falsified-meningitis-vaccines-update,pdf,https://cdn.who.int/media/docs/default-source/substandard-and-falsified/n3_2015-menomune_en.pdf?sfvrsn=ad9e6a17_1,unknown_permission_required,metadata_only_permission_required,2026-09-07
HV_000348,WHO,27-05-2015-medical-product-alert-n-3-2015--falsified-meningitis-vaccines-update,https://www.who.int/news/item/27-05-2015-medical-product-alert-n-3-2015--falsified-meningitis-vaccines-update,pdf,https://cdn.who.int/media/docs/default-source/substandard-and-falsified/n3_2015-menomune_en.pdf?sfvrsn=ad9e6a17_1,unknown_permission_required,metadata_only_permission_required,2026-09-07
HV_000349,WHO,27-05-2015-medical-product-alert-n-3-2015--falsified-meningitis-vaccines-update,https://www.who.int/news/item/27-05-2015-medical-product-alert-n-3-2015--falsified-meningitis-vaccines-update,image,https://www.who.int/images/default-source/fallback/maps/africa8bd96ad167204ac7ac4811b8ae1dfe2c.png?sfvrsn=3204f957_20,unknown_permission_required,metadata_only_permission_required,2026-09-07
HV_000350,WHO,27-05-2015-medical-product-alert-n-3-2015--falsified-meningitis-vaccines-update,https://www.who.int/news/item/27-05-2015-medical-product-alert-n-3-2015--falsified-meningitis-vaccines-update,image,https://www.who.int/images/default-source/fallback/maps/americas.png?sfvrsn=9efd6df3_19,unknown_permission_required,metadata_only_permission_required,2026-09-07
HV_000351,WHO,27-05-2015-medical-product-alert-n-3-2015--falsified-meningitis-vaccines-update,https://www.who.int/news/item/27-05-2015-medical-product-alert-n-3-2015--falsified-meningitis-vaccines-update,image,https://www.who.int/images/default-source/fallback/maps/south-east-asia1c6bd1d9eb5b4cf0b5ad5da36ff3912d.png?sfvrsn=68e76dc2_17,unknown_permission_required,metadata_only_permission_required,2026-09-07
HV_000352,WHO,27-05-2015-medical-product-alert-n-3-2015--falsified-meningitis-vaccines-update,https://www.who.int/news/item/27-05-2015-medical-product-alert-n-3-2015--falsified-meningitis-vaccines-update,image,https://www.who.int/images/default-source/fallback/maps/europeae57428b4f114210ae7067e1f5119e1a.png?sfvrsn=c7d5c5a5_19,unknown_permission_required,metadata_only_permission_required,2026-09-07
HV_000353,WHO,27-05-2015-medical-product-alert-n-3-2015--falsified-meningitis-vaccines-update,https://www.who.int/news/item/27-05-2015-medical-product-alert-n-3-2015--falsified-meningitis-vaccines-update,image,https://www.who.int/images/default-source/fallback/maps/eastern-mediterraneanadf4e81056b84e75b83a1faed30a1e0a.png?sfvrsn=71211e18_17,unknown_permission_required,metadata_only_permission_required,2026-09-07
HV_000354,WHO,27-05-2015-medical-product-alert-n-3-2015--falsified-meningitis-vaccines-update,https://www.who.int/news/item/27-05-2015-medical-product-alert-n-3-2015--falsified-meningitis-vaccines-update,image,https://www.who.int/images/default-source/fallback/maps/western-pacifice1e576200c9b4fe59078eb28958428a9.png?sfvrsn=88cbdcd5_19,unknown_permission_required,metadata_only_permission_required,2026-09-07
HV_000355,WHO,27-05-2022-medical-product-alert-n-3-2022-falsified-intratect-human-normal-immunoglobulin,https://www.who.int/news/item/27-05-2022-medical-product-alert-n-3-2022-falsified-intratect-human-normal-immunoglobulin,pdf,https://cdn.who.int/media/docs/default-source/substandard-and-falsified/n3_2022_falsified-immunoglobin_en.pdf?sfvrsn=994a1299_3,unknown_permission_required,metadata_only_permission_required,2026-09-07
HV_000356,WHO,27-05-2022-medical-product-alert-n-3-2022-falsified-intratect-human-normal-immunoglobulin,https://www.who.int/news/item/27-05-2022-medical-product-alert-n-3-2022-falsified-intratect-human-normal-immunoglobulin,pdf,https://cdn.who.int/media/docs/default-source/substandard-and-falsified/n3_2022_falsified-immunoglobin_en.pdf?sfvrsn=994a1299_3,unknown_permission_required,metadata_only_permission_required,2026-09-07
HV_000357,WHO,27-05-2022-medical-product-alert-n-3-2022-falsified-intratect-human-normal-immunoglobulin,https://www.who.int/news/item/27-05-2022-medical-product-alert-n-3-2022-falsified-intratect-human-normal-immunoglobulin,image,https://www.who.int/images/default-source/fallback/maps/africa8bd96ad167204ac7ac4811b8ae1dfe2c.png?sfvrsn=3204f957_20,unknown_permission_required,metadata_only_permission_required,2026-09-07
HV_000358,WHO,27-05-2022-medical-product-alert-n-3-2022-falsified-intratect-human-normal-immunoglobulin,https://www.who.int/news/item/27-05-2022-medical-product-alert-n-3-2022-falsified-intratect-human-normal-immunoglobulin,image,https://www.who.int/images/default-source/fallback/maps/americas.png?sfvrsn=9efd6df3_19,unknown_permission_required,metadata_only_permission_required,2026-09-07
HV_000359,WHO,27-05-2022-medical-product-alert-n-3-2022-falsified-intratect-human-normal-immunoglobulin,https://www.who.int/news/item/27-05-2022-medical-product-alert-n-3-2022-falsified-intratect-human-normal-immunoglobulin,image,https://www.who.int/images/default-source/fallback/maps/south-east-asia1c6bd1d9eb5b4cf0b5ad5da36ff3912d.png?sfvrsn=68e76dc2_17,unknown_permission_required,metadata_only_permission_required,2026-09-07
HV_000360,WHO,27-05-2022-medical-product-alert-n-3-2022-falsified-intratect-human-normal-immunoglobulin,https://www.who.int/news/item/27-05-2022-medical-product-alert-n-3-2022-falsified-intratect-human-normal-immunoglobulin,image,https://www.who.int/images/default-source/fallback/maps/europeae57428b4f114210ae7067e1f5119e1a.png?sfvrsn=c7d5c5a5_19,unknown_permission_required,metadata_only_permission_required,2026-09-07
HV_000361,WHO,27-05-2022-medical-product-alert-n-3-2022-falsified-intratect-human-normal-immunoglobulin,https://www.who.int/news/item/27-05-2022-medical-product-alert-n-3-2022-falsified-intratect-human-normal-immunoglobulin,image,https://www.who.int/images/default-source/fallback/maps/eastern-mediterraneanadf4e81056b84e75b83a1faed30a1e0a.png?sfvrsn=71211e18_17,unknown_permission_required,metadata_only_permission_required,2026-09-07
HV_000362,WHO,27-05-2022-medical-product-alert-n-3-2022-falsified-intratect-human-normal-immunoglobulin,https://www.who.int/news/item/27-05-2022-medical-product-alert-n-3-2022-falsified-intratect-human-normal-immunoglobulin,image,https://www.who.int/images/default-source/fallback/maps/western-pacifice1e576200c9b4fe59078eb28958428a9.png?sfvrsn=88cbdcd5_19,unknown_permission_required,metadata_only_permission_required,2026-09-07
HV_000363,WHO,27-07-2017-medical-product-alert-n-2-2017--falsified-quinine-sulphate,https://www.who.int/news/item/27-07-2017-medical-product-alert-n-2-2017--falsified-quinine-sulphate,pdf,https://cdn.who.int/media/docs/default-source/substandard-and-falsified/n2_2017-quinine-sulphate_en.pdf?sfvrsn=d3b96935_1,unknown_permission_required,metadata_only_permission_required,2026-09-07
HV_000364,WHO,27-07-2017-medical-product-alert-n-2-2017--falsified-quinine-sulphate,https://www.who.int/news/item/27-07-2017-medical-product-alert-n-2-2017--falsified-quinine-sulphate,pdf,https://cdn.who.int/media/docs/default-source/substandard-and-falsified/n2_2017-quinine-sulphate_en.pdf?sfvrsn=d3b96935_1,unknown_permission_required,metadata_only_permission_required,2026-09-07
HV_000365,WHO,27-07-2017-medical-product-alert-n-2-2017--falsified-quinine-sulphate,https://www.who.int/news/item/27-07-2017-medical-product-alert-n-2-2017--falsified-quinine-sulphate,image,https://www.who.int/images/default-source/fallback/maps/africa8bd96ad167204ac7ac4811b8ae1dfe2c.png?sfvrsn=3204f957_20,unknown_permission_required,metadata_only_permission_required,2026-09-07
HV_000366,WHO,27-07-2017-medical-product-alert-n-2-2017--falsified-quinine-sulphate,https://www.who.int/news/item/27-07-2017-medical-product-alert-n-2-2017--falsified-quinine-sulphate,image,https://www.who.int/images/default-source/fallback/maps/americas.png?sfvrsn=9efd6df3_19,unknown_permission_required,metadata_only_permission_required,2026-09-07
HV_000367,WHO,27-07-2017-medical-product-alert-n-2-2017--falsified-quinine-sulphate,https://www.who.int/news/item/27-07-2017-medical-product-alert-n-2-2017--falsified-quinine-sulphate,image,https://www.who.int/images/default-source/fallback/maps/south-east-asia1c6bd1d9eb5b4cf0b5ad5da36ff3912d.png?sfvrsn=68e76dc2_17,unknown_permission_required,metadata_only_permission_required,2026-09-07
HV_000368,WHO,27-07-2017-medical-product-alert-n-2-2017--falsified-quinine-sulphate,https://www.who.int/news/item/27-07-2017-medical-product-alert-n-2-2017--falsified-quinine-sulphate,image,https://www.who.int/images/default-source/fallback/maps/europeae57428b4f114210ae7067e1f5119e1a.png?sfvrsn=c7d5c5a5_19,unknown_permission_required,metadata_only_permission_required,2026-09-07
HV_000369,WHO,27-07-2017-medical-product-alert-n-2-2017--falsified-quinine-sulphate,https://www.who.int/news/item/27-07-2017-medical-product-alert-n-2-2017--falsified-quinine-sulphate,image,https://www.who.int/images/default-source/fallback/maps/eastern-mediterraneanadf4e81056b84e75b83a1faed30a1e0a.png?sfvrsn=71211e18_17,unknown_permission_required,metadata_only_permission_required,2026-09-07
HV_000370,WHO,27-07-2017-medical-product-alert-n-2-2017--falsified-quinine-sulphate,https://www.who.int/news/item/27-07-2017-medical-product-alert-n-2-2017--falsified-quinine-sulphate,image,https://www.who.int/images/default-source/fallback/maps/western-pacifice1e576200c9b4fe59078eb28958428a9.png?sfvrsn=88cbdcd5_19,unknown_permission_required,metadata_only_permission_required,2026-09-07
HV_000371,WHO,27-11-2017-medical-product-alert-n-4-2017--falsified-penicillin-v,https://www.who.int/news/item/27-11-2017-medical-product-alert-n-4-2017--falsified-penicillin-v,pdf,https://cdn.who.int/media/docs/default-source/substandard-and-falsified/n4_2017-falsified-phenoxym-pencillin_en.pdf?sfvrsn=64335204_1,unknown_permission_required,metadata_only_permission_required,2026-09-07
HV_000372,WHO,27-11-2017-medical-product-alert-n-4-2017--falsified-penicillin-v,https://www.who.int/news/item/27-11-2017-medical-product-alert-n-4-2017--falsified-penicillin-v,pdf,https://cdn.who.int/media/docs/default-source/substandard-and-falsified/n4_2017-falsified-phenoxym-pencillin_en.pdf?sfvrsn=64335204_1,unknown_permission_required,metadata_only_permission_required,2026-09-07
HV_000373,WHO,27-11-2017-medical-product-alert-n-4-2017--falsified-penicillin-v,https://www.who.int/news/item/27-11-2017-medical-product-alert-n-4-2017--falsified-penicillin-v,image,https://www.who.int/images/default-source/fallback/maps/africa8bd96ad167204ac7ac4811b8ae1dfe2c.png?sfvrsn=3204f957_20,unknown_permission_required,metadata_only_permission_required,2026-09-07
HV_000374,WHO,27-11-2017-medical-product-alert-n-4-2017--falsified-penicillin-v,https://www.who.int/news/item/27-11-2017-medical-product-alert-n-4-2017--falsified-penicillin-v,image,https://www.who.int/images/default-source/fallback/maps/americas.png?sfvrsn=9efd6df3_19,unknown_permission_required,metadata_only_permission_required,2026-09-07
HV_000375,WHO,27-11-2017-medical-product-alert-n-4-2017--falsified-penicillin-v,https://www.who.int/news/item/27-11-2017-medical-product-alert-n-4-2017--falsified-penicillin-v,image,https://www.who.int/images/default-source/fallback/maps/south-east-asia1c6bd1d9eb5b4cf0b5ad5da36ff3912d.png?sfvrsn=68e76dc2_17,unknown_permission_required,metadata_only_permission_required,2026-09-07
HV_000376,WHO,27-11-2017-medical-product-alert-n-4-2017--falsified-penicillin-v,https://www.who.int/news/item/27-11-2017-medical-product-alert-n-4-2017--falsified-penicillin-v,image,https://www.who.int/images/default-source/fallback/maps/europeae57428b4f114210ae7067e1f5119e1a.png?sfvrsn=c7d5c5a5_19,unknown_permission_required,metadata_only_permission_required,2026-09-07
HV_000377,WHO,27-11-2017-medical-product-alert-n-4-2017--falsified-penicillin-v,https://www.who.int/news/item/27-11-2017-medical-product-alert-n-4-2017--falsified-penicillin-v,image,https://www.who.int/images/default-source/fallback/maps/eastern-mediterraneanadf4e81056b84e75b83a1faed30a1e0a.png?sfvrsn=71211e18_17,unknown_permission_required,metadata_only_permission_required,2026-09-07
HV_000378,WHO,27-11-2017-medical-product-alert-n-4-2017--falsified-penicillin-v,https://www.who.int/news/item/27-11-2017-medical-product-alert-n-4-2017--falsified-penicillin-v,image,https://www.who.int/images/default-source/fallback/maps/western-pacifice1e576200c9b4fe59078eb28958428a9.png?sfvrsn=88cbdcd5_19,unknown_permission_required,metadata_only_permission_required,2026-09-07
HV_000379,WHO,31-01-2018-medical-product-alert-n-1-2018--falsified-cefixime-products,https://www.who.int/news/item/31-01-2018-medical-product-alert-n-1-2018--falsified-cefixime-products,pdf,https://cdn.who.int/media/docs/default-source/substandard-and-falsified/n1_2018-falsified-cefixime_en.pdf?sfvrsn=8b3c9267_1,unknown_permission_required,metadata_only_permission_required,2026-09-07
HV_000380,WHO,31-01-2018-medical-product-alert-n-1-2018--falsified-cefixime-products,https://www.who.int/news/item/31-01-2018-medical-product-alert-n-1-2018--falsified-cefixime-products,pdf,https://cdn.who.int/media/docs/default-source/substandard-and-falsified/n1_2018-falsified-cefixime_en.pdf?sfvrsn=8b3c9267_1,unknown_permission_required,metadata_only_permission_required,2026-09-07
HV_000381,WHO,31-08-2021-medical-product-alert-n-5-2021-falsified-covishield-vaccine,https://www.who.int/news/item/31-08-2021-medical-product-alert-n-5-2021-falsified-covishield-vaccine,pdf,https://cdn.who.int/media/docs/default-source/substandard-and-falsified/update-n5-2021-falsified-covishield-en.pdf?sfvrsn=41389f2d_30,unknown_permission_required,metadata_only_permission_required,2026-09-07
HV_000382,WHO,31-08-2021-medical-product-alert-n-5-2021-falsified-covishield-vaccine,https://www.who.int/news/item/31-08-2021-medical-product-alert-n-5-2021-falsified-covishield-vaccine,image,https://www.who.int/images/default-source/fallback/maps/africa8bd96ad167204ac7ac4811b8ae1dfe2c.png?sfvrsn=3204f957_20,unknown_permission_required,metadata_only_permission_required,2026-09-07
HV_000383,WHO,31-08-2021-medical-product-alert-n-5-2021-falsified-covishield-vaccine,https://www.who.int/news/item/31-08-2021-medical-product-alert-n-5-2021-falsified-covishield-vaccine,image,https://www.who.int/images/default-source/fallback/maps/americas.png?sfvrsn=9efd6df3_19,unknown_permission_required,metadata_only_permission_required,2026-09-07
HV_000384,WHO,31-08-2021-medical-product-alert-n-5-2021-falsified-covishield-vaccine,https://www.who.int/news/item/31-08-2021-medical-product-alert-n-5-2021-falsified-covishield-vaccine,image,https://www.who.int/images/default-source/fallback/maps/south-east-asia1c6bd1d9eb5b4cf0b5ad5da36ff3912d.png?sfvrsn=68e76dc2_17,unknown_permission_required,metadata_only_permission_required,2026-09-07
HV_000385,WHO,31-08-2021-medical-product-alert-n-5-2021-falsified-covishield-vaccine,https://www.who.int/news/item/31-08-2021-medical-product-alert-n-5-2021-falsified-covishield-vaccine,image,https://www.who.int/images/default-source/fallback/maps/europeae57428b4f114210ae7067e1f5119e1a.png?sfvrsn=c7d5c5a5_19,unknown_permission_required,metadata_only_permission_required,2026-09-07
HV_000386,WHO,31-08-2021-medical-product-alert-n-5-2021-falsified-covishield-vaccine,https://www.who.int/news/item/31-08-2021-medical-product-alert-n-5-2021-falsified-covishield-vaccine,image,https://www.who.int/images/default-source/fallback/maps/eastern-mediterraneanadf4e81056b84e75b83a1faed30a1e0a.png?sfvrsn=71211e18_17,unknown_permission_required,metadata_only_permission_required,2026-09-07
HV_000387,WHO,31-08-2021-medical-product-alert-n-5-2021-falsified-covishield-vaccine,https://www.who.int/news/item/31-08-2021-medical-product-alert-n-5-2021-falsified-covishield-vaccine,image,https://www.who.int/images/default-source/fallback/maps/western-pacifice1e576200c9b4fe59078eb28958428a9.png?sfvrsn=88cbdcd5_19,unknown_permission_required,metadata_only_permission_required,2026-09-07
HV_000388,WHO,31-08-2021-medical-product-alert-n-5-2021-falsified-covishield-vaccine,https://www.who.int/news/item/31-08-2021-medical-product-alert-n-5-2021-falsified-covishield-vaccine,image,https://www.who.int/images/default-source/substandard-and-falsified-medical-products/table1-update_n5.2021_en.png?Status=Master&sfvrsn=4ace56f8_5,unknown_permission_required,metadata_only_permission_required,2026-09-07
HV_000389,WHO,31-08-2021-medical-product-alert-n-5-2021-falsified-covishield-vaccine,https://www.who.int/news/item/31-08-2021-medical-product-alert-n-5-2021-falsified-covishield-vaccine,image,https://www.who.int/images/default-source/substandard-and-falsified-medical-products/table2_n5.2021_en.png?Status=Master&sfvrsn=80344617_5,unknown_permission_required,metadata_only_permission_required,2026-09-07
HV_000390,WHO,31-08-2021-medical-product-alert-n-5-2021-falsified-covishield-vaccine,https://www.who.int/news/item/31-08-2021-medical-product-alert-n-5-2021-falsified-covishield-vaccine,image,https://www.who.int/images/default-source/substandard-and-falsified-medical-products/table3_n5.2021_en.png?Status=Master&sfvrsn=5c9dc037_5,unknown_permission_required,metadata_only_permission_required,2026-09-07
HV_000391,WHO,31-08-2021-medical-product-alert-n-5-2021-falsified-covishield-vaccine,https://www.who.int/news/item/31-08-2021-medical-product-alert-n-5-2021-falsified-covishield-vaccine,image,https://cdn.who.int/media/images/default-source/substandard-and-falsified-medical-products/table4_n5.2021_en.png?sfvrsn=578e44f6_5&Status=Master,unknown_permission_required,metadata_only_permission_required,2026-09-07
HV_000392,FDA,counterfeit version botox found multiple states,https://www.fda.gov/drugs/drug-alerts-and-statements/counterfeit-version-botox-found-multiple-states,image,https://www.fda.gov/files/Botulinum.png,public_domain,permitted_pending_per_image_exception_check,2026-09-07
HV_000393,FDA,counterfeit version botox found multiple states,https://www.fda.gov/drugs/drug-alerts-and-statements/counterfeit-version-botox-found-multiple-states,image,https://www.fda.gov/files/B2.png,public_domain,permitted_pending_per_image_exception_check,2026-09-07
HV_000394,FDA,counterfeit version botox found multiple states,https://www.fda.gov/drugs/drug-alerts-and-statements/counterfeit-version-botox-found-multiple-states,image,https://www.fda.gov/files/B4.png,public_domain,permitted_pending_per_image_exception_check,2026-09-07
HV_000395,FDA,counterfeit version botox found multiple states,https://www.fda.gov/drugs/drug-alerts-and-statements/counterfeit-version-botox-found-multiple-states,image,https://www.fda.gov/files/Allergan.png,public_domain,permitted_pending_per_image_exception_check,2026-09-07
HV_000396,FDA,counterfeit version botox found multiple states,https://www.fda.gov/drugs/drug-alerts-and-statements/counterfeit-version-botox-found-multiple-states,image,https://www.fda.gov/files/150Units.png,public_domain,permitted_pending_per_image_exception_check,2026-09-07
HV_000397,FDA,counterfeit version botox found multiple states,https://www.fda.gov/drugs/drug-alerts-and-statements/counterfeit-version-botox-found-multiple-states,image,https://www.fda.gov/files/Botox2.png,public_domain,permitted_pending_per_image_exception_check,2026-09-07
HV_000398,FDA,counterfeit version botox found multiple states,https://www.fda.gov/drugs/drug-alerts-and-statements/counterfeit-version-botox-found-multiple-states,image,https://www.fda.gov/files/100-allergan-toxina_0.png,public_domain,permitted_pending_per_image_exception_check,2026-09-07
HV_000399,FDA,counterfeit version botox found multiple states,https://www.fda.gov/drugs/drug-alerts-and-statements/counterfeit-version-botox-found-multiple-states,image,https://www.fda.gov/files/100-abbvie.png,public_domain,permitted_pending_per_image_exception_check,2026-09-07
HV_000400,FDA,counterfeit version botox found multiple states,https://www.fda.gov/drugs/drug-alerts-and-statements/counterfeit-version-botox-found-multiple-states,image,https://www.fda.gov/files/200-allergan.png,public_domain,permitted_pending_per_image_exception_check,2026-09-07
HV_000401,FDA,counterfeit version botox found multiple states,https://www.fda.gov/drugs/drug-alerts-and-statements/counterfeit-version-botox-found-multiple-states,image,https://www.fda.gov/files/200-abbvie.png,public_domain,permitted_pending_per_image_exception_check,2026-09-07
HV_000402,FDA,counterfeit version botox found multiple states,https://www.fda.gov/drugs/drug-alerts-and-statements/counterfeit-version-botox-found-multiple-states,image,https://www.fda.gov/files/50-allergan.png,public_domain,permitted_pending_per_image_exception_check,2026-09-07
HV_000403,FDA,counterfeit version botox found multiple states,https://www.fda.gov/drugs/drug-alerts-and-statements/counterfeit-version-botox-found-multiple-states,image,https://www.fda.gov/files/50-allergan-aesthetics.png,public_domain,permitted_pending_per_image_exception_check,2026-09-07
HV_000404,FDA,counterfeit version botox found multiple states,https://www.fda.gov/drugs/drug-alerts-and-statements/counterfeit-version-botox-found-multiple-states,image,https://www.fda.gov/files/100-allergan.png,public_domain,permitted_pending_per_image_exception_check,2026-09-07
HV_000405,FDA,counterfeit version botox found multiple states,https://www.fda.gov/drugs/drug-alerts-and-statements/counterfeit-version-botox-found-multiple-states,image,https://www.fda.gov/files/100-allergan-aesthetics.png,public_domain,permitted_pending_per_image_exception_check,2026-09-07
HV_000406,FDA,fda warns consumers not use counterfeit ozempic semaglutide found us drug supply chain,https://www.fda.gov/drugs/drug-alerts-and-statements/fda-warns-consumers-not-use-counterfeit-ozempic-semaglutide-found-us-drug-supply-chain,image,https://www.fda.gov/files/Ozempic%20Real%20vs%20Counterfeit.png,public_domain,permitted_pending_per_image_exception_check,2026-09-07
HV_000407,FDA,fda warns consumers not use counterfeit ozempic semaglutide found us drug supply chain,https://www.fda.gov/drugs/drug-alerts-and-statements/fda-warns-consumers-not-use-counterfeit-ozempic-semaglutide-found-us-drug-supply-chain,image,https://www.fda.gov/files/Counterfeit%20Ozempic%20Label.png,public_domain,permitted_pending_per_image_exception_check,2026-09-07
HV_000408,FDA,fda warns consumers not use counterfeit ozempic semaglutide found us drug supply chain,https://www.fda.gov/drugs/drug-alerts-and-statements/fda-warns-consumers-not-use-counterfeit-ozempic-semaglutide-found-us-drug-supply-chain,image,https://www.fda.gov/files/counterfeit_Ozempic_label_0.png,public_domain,permitted_pending_per_image_exception_check,2026-09-07
HV_000409,FDA,fda warns consumers not use counterfeit ozempic semaglutide found us drug supply chain,https://www.fda.gov/drugs/drug-alerts-and-statements/fda-warns-consumers-not-use-counterfeit-ozempic-semaglutide-found-us-drug-supply-chain,image,https://www.fda.gov/files/Ozempic_needle_0.jpg,public_domain,permitted_pending_per_image_exception_check,2026-09-07
HV_000410,FDA,fda warns consumers not use counterfeit ozempic semaglutide found us drug supply chain,https://www.fda.gov/drugs/drug-alerts-and-statements/fda-warns-consumers-not-use-counterfeit-ozempic-semaglutide-found-us-drug-supply-chain,image,https://www.fda.gov/files/Ozempic_needle_2_0.jpg,public_domain,permitted_pending_per_image_exception_check,2026-09-07
