seed,model,arm,image_id,exposed,y_true,y_prob
42,model3_mobilenetv3small_frozen,clean,kaggle_fake_real_medicine_012dbfbc36,1,1,0.996351
42,model3_mobilenetv3small_frozen,clean,kaggle_fake_real_medicine_04c5e557b8,0,1,0.856547
42,model3_mobilenetv3small_frozen,clean,kaggle_fake_real_medicine_077563b376,0,0,0.175418
42,model3_mobilenetv3small_frozen,clean,kaggle_fake_real_medicine_097d8595eb,1,0,0.000165
42,model3_mobilenetv3small_frozen,clean,kaggle_fake_real_medicine_0a680b1608,1,1,0.985413
42,model3_mobilenetv3small_frozen,clean,kaggle_fake_real_medicine_0bd80c0685,0,1,0.999824
42,model3_mobilenetv3small_frozen,clean,kaggle_fake_real_medicine_0d6c0cec82,1,0,0.002395
42,model3_mobilenetv3small_frozen,clean,kaggle_fake_real_medicine_0ef14de6d2,0,0,0.001464
42,model3_mobilenetv3small_frozen,clean,kaggle_fake_real_medicine_10225ffb67,1,0,0.022947
42,model3_mobilenetv3small_frozen,clean,kaggle_fake_real_medicine_12c43a7eaa,0,1,0.999644
42,model3_mobilenetv3small_frozen,clean,kaggle_fake_real_medicine_145d2c296f,1,0,0.009169
42,model3_mobilenetv3small_frozen,clean,kaggle_fake_real_medicine_14a03230bc,1,0,0.000789
42,model3_mobilenetv3small_frozen,clean,kaggle_fake_real_medicine_1761000c09,1,0,0.023957
42,model3_mobilenetv3small_frozen,clean,kaggle_fake_real_medicine_188e0dcabe,1,0,0.004442
42,model3_mobilenetv3small_frozen,clean,kaggle_fake_real_medicine_1fb3ce9b13,1,0,0.000112
42,model3_mobilenetv3small_frozen,clean,kaggle_fake_real_medicine_206e0e85c6,0,0,0.197775
42,model3_mobilenetv3small_frozen,clean,kaggle_fake_real_medicine_20c4a33635,0,1,0.999068
42,model3_mobilenetv3small_frozen,clean,kaggle_fake_real_medicine_21720344fd,1,0,0.000367
42,model3_mobilenetv3small_frozen,clean,kaggle_fake_real_medicine_28623dc5d3,0,0,0.001114
42,model3_mobilenetv3small_frozen,clean,kaggle_fake_real_medicine_2bf66badab,1,1,0.996388
42,model3_mobilenetv3small_frozen,clean,kaggle_fake_real_medicine_2fb956eb5f,0,1,0.999799
42,model3_mobilenetv3small_frozen,clean,kaggle_fake_real_medicine_44fd0f757a,0,0,0.009816
42,model3_mobilenetv3small_frozen,clean,kaggle_fake_real_medicine_4581f49ec4,0,1,0.999249
42,model3_mobilenetv3small_frozen,clean,kaggle_fake_real_medicine_47ef3972b2,1,0,0.000495
42,model3_mobilenetv3small_frozen,clean,kaggle_fake_real_medicine_4fcc86b614,1,0,0.418766
42,model3_mobilenetv3small_frozen,clean,kaggle_fake_real_medicine_52a8894c41,0,0,0.000105
42,model3_mobilenetv3small_frozen,clean,kaggle_fake_real_medicine_578b78be70,1,0,0.037728
42,model3_mobilenetv3small_frozen,clean,kaggle_fake_real_medicine_5d72b67a63,0,1,0.988569
42,model3_mobilenetv3small_frozen,clean,kaggle_fake_real_medicine_6134763660,1,0,0.002476
42,model3_mobilenetv3small_frozen,clean,kaggle_fake_real_medicine_627585c336,1,0,0.001745
42,model3_mobilenetv3small_frozen,clean,kaggle_fake_real_medicine_62fb730310,1,1,0.999241
42,model3_mobilenetv3small_frozen,clean,kaggle_fake_real_medicine_634456e7d6,1,0,0.030436
42,model3_mobilenetv3small_frozen,clean,kaggle_fake_real_medicine_64dd03edff,0,1,0.999898
42,model3_mobilenetv3small_frozen,clean,kaggle_fake_real_medicine_651e0f0a85,0,0,0.004417
42,model3_mobilenetv3small_frozen,clean,kaggle_fake_real_medicine_680234b7cf,0,1,0.999691
42,model3_mobilenetv3small_frozen,clean,kaggle_fake_real_medicine_6bda05ca54,1,0,0.00152
42,model3_mobilenetv3small_frozen,clean,kaggle_fake_real_medicine_702b301e99,0,1,0.999892
42,model3_mobilenetv3small_frozen,clean,kaggle_fake_real_medicine_73a6ece8e9,1,1,0.997776
42,model3_mobilenetv3small_frozen,clean,kaggle_fake_real_medicine_779c1196eb,0,0,0.010066
42,model3_mobilenetv3small_frozen,clean,kaggle_fake_real_medicine_7b8afa42b4,1,1,0.99998
42,model3_mobilenetv3small_frozen,clean,kaggle_fake_real_medicine_845ee248b9,1,1,0.9964
42,model3_mobilenetv3small_frozen,clean,kaggle_fake_real_medicine_88e760ec67,1,0,0.000135
42,model3_mobilenetv3small_frozen,clean,kaggle_fake_real_medicine_97b7ba7093,0,0,0.004176
42,model3_mobilenetv3small_frozen,clean,kaggle_fake_real_medicine_9a1295c310,0,1,0.990609
42,model3_mobilenetv3small_frozen,clean,kaggle_fake_real_medicine_9abd16be2c,0,1,0.836203
42,model3_mobilenetv3small_frozen,clean,kaggle_fake_real_medicine_9c1aa55ecd,0,0,0.003065
42,model3_mobilenetv3small_frozen,clean,kaggle_fake_real_medicine_a52f4729ef,0,1,0.99962
42,model3_mobilenetv3small_frozen,clean,kaggle_fake_real_medicine_a5c91851cb,0,1,0.998602
42,model3_mobilenetv3small_frozen,clean,kaggle_fake_real_medicine_a8e282a356,0,1,0.985672
42,model3_mobilenetv3small_frozen,clean,kaggle_fake_real_medicine_ae2efd1c6c,0,1,0.977012
42,model3_mobilenetv3small_frozen,clean,kaggle_fake_real_medicine_aee89a8f04,1,0,0.002008
42,model3_mobilenetv3small_frozen,clean,kaggle_fake_real_medicine_b309605a66,0,1,0.999732
42,model3_mobilenetv3small_frozen,clean,kaggle_fake_real_medicine_b70df6e629,0,1,0.998859
42,model3_mobilenetv3small_frozen,clean,kaggle_fake_real_medicine_bdd667d804,0,1,0.917564
42,model3_mobilenetv3small_frozen,clean,kaggle_fake_real_medicine_c7404298d4,0,0,0.000187
42,model3_mobilenetv3small_frozen,clean,kaggle_fake_real_medicine_c81ed5b421,0,1,0.998759
42,model3_mobilenetv3small_frozen,clean,kaggle_fake_real_medicine_c934d254bd,0,1,0.999722
42,model3_mobilenetv3small_frozen,clean,kaggle_fake_real_medicine_c9ccae27b6,0,0,0.000596
42,model3_mobilenetv3small_frozen,clean,kaggle_fake_real_medicine_cbe26aa03b,0,1,0.975938
42,model3_mobilenetv3small_frozen,clean,kaggle_fake_real_medicine_cd59615cfe,1,0,0.002886
42,model3_mobilenetv3small_frozen,clean,kaggle_fake_real_medicine_cd5e5e7124,0,0,0.013074
42,model3_mobilenetv3small_frozen,clean,kaggle_fake_real_medicine_d34b172d99,0,1,0.943079
42,model3_mobilenetv3small_frozen,clean,kaggle_fake_real_medicine_d3c6fa2ded,0,0,0.002184
42,model3_mobilenetv3small_frozen,clean,kaggle_fake_real_medicine_d6620e5f3d,0,0,0.000359
42,model3_mobilenetv3small_frozen,clean,kaggle_fake_real_medicine_e0787b76d6,1,1,0.999142
42,model3_mobilenetv3small_frozen,clean,kaggle_fake_real_medicine_e33cdd1fc3,0,0,0.00787
42,model3_mobilenetv3small_frozen,clean,kaggle_fake_real_medicine_e390352f04,0,0,0.010033
42,model3_mobilenetv3small_frozen,clean,kaggle_fake_real_medicine_e54f1413e6,0,1,0.99394
42,model3_mobilenetv3small_frozen,clean,kaggle_fake_real_medicine_edbb207b2e,0,1,0.902871
42,model3_mobilenetv3small_frozen,clean,kaggle_fake_real_medicine_eded2385a3,0,0,0.000147
42,model3_mobilenetv3small_frozen,clean,kaggle_fake_real_medicine_ef4bd64707,1,0,0.000424
42,model3_mobilenetv3small_frozen,clean,kaggle_fake_real_medicine_ef75337a14,0,0,0.000994
42,model3_mobilenetv3small_frozen,clean,kaggle_fake_real_medicine_f61949b1d3,0,1,0.997751
42,model3_mobilenetv3small_frozen,clean,kaggle_fake_real_medicine_f8bd42c191,0,1,0.99681
42,model3_mobilenetv3small_frozen,leaky,kaggle_fake_real_medicine_012dbfbc36,1,1,0.998182
42,model3_mobilenetv3small_frozen,leaky,kaggle_fake_real_medicine_04c5e557b8,0,1,0.868562
42,model3_mobilenetv3small_frozen,leaky,kaggle_fake_real_medicine_077563b376,0,0,0.181054
42,model3_mobilenetv3small_frozen,leaky,kaggle_fake_real_medicine_097d8595eb,1,0,0.000215
42,model3_mobilenetv3small_frozen,leaky,kaggle_fake_real_medicine_0a680b1608,1,1,0.992168
42,model3_mobilenetv3small_frozen,leaky,kaggle_fake_real_medicine_0bd80c0685,0,1,0.999857
42,model3_mobilenetv3small_frozen,leaky,kaggle_fake_real_medicine_0d6c0cec82,1,0,0.002876
42,model3_mobilenetv3small_frozen,leaky,kaggle_fake_real_medicine_0ef14de6d2,0,0,0.001264
42,model3_mobilenetv3small_frozen,leaky,kaggle_fake_real_medicine_10225ffb67,1,0,0.020802
42,model3_mobilenetv3small_frozen,leaky,kaggle_fake_real_medicine_12c43a7eaa,0,1,0.999711
42,model3_mobilenetv3small_frozen,leaky,kaggle_fake_real_medicine_145d2c296f,1,0,0.01084
42,model3_mobilenetv3small_frozen,leaky,kaggle_fake_real_medicine_14a03230bc,1,0,0.001143
42,model3_mobilenetv3small_frozen,leaky,kaggle_fake_real_medicine_1761000c09,1,0,0.018982
42,model3_mobilenetv3small_frozen,leaky,kaggle_fake_real_medicine_188e0dcabe,1,0,0.004922
42,model3_mobilenetv3small_frozen,leaky,kaggle_fake_real_medicine_1fb3ce9b13,1,0,8e-05
42,model3_mobilenetv3small_frozen,leaky,kaggle_fake_real_medicine_206e0e85c6,0,0,0.220204
42,model3_mobilenetv3small_frozen,leaky,kaggle_fake_real_medicine_20c4a33635,0,1,0.999175
42,model3_mobilenetv3small_frozen,leaky,kaggle_fake_real_medicine_21720344fd,1,0,0.00026
42,model3_mobilenetv3small_frozen,leaky,kaggle_fake_real_medicine_28623dc5d3,0,0,0.00118
42,model3_mobilenetv3small_frozen,leaky,kaggle_fake_real_medicine_2bf66badab,1,1,0.996944
42,model3_mobilenetv3small_frozen,leaky,kaggle_fake_real_medicine_2fb956eb5f,0,1,0.999866
42,model3_mobilenetv3small_frozen,leaky,kaggle_fake_real_medicine_44fd0f757a,0,0,0.010816
42,model3_mobilenetv3small_frozen,leaky,kaggle_fake_real_medicine_4581f49ec4,0,1,0.999464
42,model3_mobilenetv3small_frozen,leaky,kaggle_fake_real_medicine_47ef3972b2,1,0,0.000386
42,model3_mobilenetv3small_frozen,leaky,kaggle_fake_real_medicine_4fcc86b614,1,0,0.170772
42,model3_mobilenetv3small_frozen,leaky,kaggle_fake_real_medicine_52a8894c41,0,0,8.7e-05
42,model3_mobilenetv3small_frozen,leaky,kaggle_fake_real_medicine_578b78be70,1,0,0.0233
42,model3_mobilenetv3small_frozen,leaky,kaggle_fake_real_medicine_5d72b67a63,0,1,0.994107
42,model3_mobilenetv3small_frozen,leaky,kaggle_fake_real_medicine_6134763660,1,0,0.001997
42,model3_mobilenetv3small_frozen,leaky,kaggle_fake_real_medicine_627585c336,1,0,0.001352
42,model3_mobilenetv3small_frozen,leaky,kaggle_fake_real_medicine_62fb730310,1,1,0.999369
42,model3_mobilenetv3small_frozen,leaky,kaggle_fake_real_medicine_634456e7d6,1,0,0.014351
42,model3_mobilenetv3small_frozen,leaky,kaggle_fake_real_medicine_64dd03edff,0,1,0.999925
42,model3_mobilenetv3small_frozen,leaky,kaggle_fake_real_medicine_651e0f0a85,0,0,0.006859
42,model3_mobilenetv3small_frozen,leaky,kaggle_fake_real_medicine_680234b7cf,0,1,0.999743
42,model3_mobilenetv3small_frozen,leaky,kaggle_fake_real_medicine_6bda05ca54,1,0,0.001735
42,model3_mobilenetv3small_frozen,leaky,kaggle_fake_real_medicine_702b301e99,0,1,0.999918
42,model3_mobilenetv3small_frozen,leaky,kaggle_fake_real_medicine_73a6ece8e9,1,1,0.998664
42,model3_mobilenetv3small_frozen,leaky,kaggle_fake_real_medicine_779c1196eb,0,0,0.007628
42,model3_mobilenetv3small_frozen,leaky,kaggle_fake_real_medicine_7b8afa42b4,1,1,0.999988
42,model3_mobilenetv3small_frozen,leaky,kaggle_fake_real_medicine_845ee248b9,1,1,0.997763
42,model3_mobilenetv3small_frozen,leaky,kaggle_fake_real_medicine_88e760ec67,1,0,0.000139
42,model3_mobilenetv3small_frozen,leaky,kaggle_fake_real_medicine_97b7ba7093,0,0,0.005139
42,model3_mobilenetv3small_frozen,leaky,kaggle_fake_real_medicine_9a1295c310,0,1,0.988227
42,model3_mobilenetv3small_frozen,leaky,kaggle_fake_real_medicine_9abd16be2c,0,1,0.825627
42,model3_mobilenetv3small_frozen,leaky,kaggle_fake_real_medicine_9c1aa55ecd,0,0,0.003206
42,model3_mobilenetv3small_frozen,leaky,kaggle_fake_real_medicine_a52f4729ef,0,1,0.999725
42,model3_mobilenetv3small_frozen,leaky,kaggle_fake_real_medicine_a5c91851cb,0,1,0.999192
42,model3_mobilenetv3small_frozen,leaky,kaggle_fake_real_medicine_a8e282a356,0,1,0.993471
42,model3_mobilenetv3small_frozen,leaky,kaggle_fake_real_medicine_ae2efd1c6c,0,1,0.983669
42,model3_mobilenetv3small_frozen,leaky,kaggle_fake_real_medicine_aee89a8f04,1,0,0.001912
42,model3_mobilenetv3small_frozen,leaky,kaggle_fake_real_medicine_b309605a66,0,1,0.999735
42,model3_mobilenetv3small_frozen,leaky,kaggle_fake_real_medicine_b70df6e629,0,1,0.999057
42,model3_mobilenetv3small_frozen,leaky,kaggle_fake_real_medicine_bdd667d804,0,1,0.928699
42,model3_mobilenetv3small_frozen,leaky,kaggle_fake_real_medicine_c7404298d4,0,0,0.000204
42,model3_mobilenetv3small_frozen,leaky,kaggle_fake_real_medicine_c81ed5b421,0,1,0.999118
42,model3_mobilenetv3small_frozen,leaky,kaggle_fake_real_medicine_c934d254bd,0,1,0.999786
42,model3_mobilenetv3small_frozen,leaky,kaggle_fake_real_medicine_c9ccae27b6,0,0,0.000411
42,model3_mobilenetv3small_frozen,leaky,kaggle_fake_real_medicine_cbe26aa03b,0,1,0.977874
42,model3_mobilenetv3small_frozen,leaky,kaggle_fake_real_medicine_cd59615cfe,1,0,0.002726
42,model3_mobilenetv3small_frozen,leaky,kaggle_fake_real_medicine_cd5e5e7124,0,0,0.014172
42,model3_mobilenetv3small_frozen,leaky,kaggle_fake_real_medicine_d34b172d99,0,1,0.959034
42,model3_mobilenetv3small_frozen,leaky,kaggle_fake_real_medicine_d3c6fa2ded,0,0,0.003683
42,model3_mobilenetv3small_frozen,leaky,kaggle_fake_real_medicine_d6620e5f3d,0,0,0.000422
42,model3_mobilenetv3small_frozen,leaky,kaggle_fake_real_medicine_e0787b76d6,1,1,0.999403
42,model3_mobilenetv3small_frozen,leaky,kaggle_fake_real_medicine_e33cdd1fc3,0,0,0.009388
42,model3_mobilenetv3small_frozen,leaky,kaggle_fake_real_medicine_e390352f04,0,0,0.007679
42,model3_mobilenetv3small_frozen,leaky,kaggle_fake_real_medicine_e54f1413e6,0,1,0.995454
42,model3_mobilenetv3small_frozen,leaky,kaggle_fake_real_medicine_edbb207b2e,0,1,0.862657
42,model3_mobilenetv3small_frozen,leaky,kaggle_fake_real_medicine_eded2385a3,0,0,0.000127
42,model3_mobilenetv3small_frozen,leaky,kaggle_fake_real_medicine_ef4bd64707,1,0,0.000407
42,model3_mobilenetv3small_frozen,leaky,kaggle_fake_real_medicine_ef75337a14,0,0,0.000665
42,model3_mobilenetv3small_frozen,leaky,kaggle_fake_real_medicine_f61949b1d3,0,1,0.998101
42,model3_mobilenetv3small_frozen,leaky,kaggle_fake_real_medicine_f8bd42c191,0,1,0.997742
42,model2_smallcnn_gap,clean,kaggle_fake_real_medicine_012dbfbc36,1,1,0.890994
42,model2_smallcnn_gap,clean,kaggle_fake_real_medicine_04c5e557b8,0,1,0.971832
42,model2_smallcnn_gap,clean,kaggle_fake_real_medicine_077563b376,0,0,0.200452
42,model2_smallcnn_gap,clean,kaggle_fake_real_medicine_097d8595eb,1,0,0.048484
42,model2_smallcnn_gap,clean,kaggle_fake_real_medicine_0a680b1608,1,1,0.955651
42,model2_smallcnn_gap,clean,kaggle_fake_real_medicine_0bd80c0685,0,1,0.99782
42,model2_smallcnn_gap,clean,kaggle_fake_real_medicine_0d6c0cec82,1,0,0.092666
42,model2_smallcnn_gap,clean,kaggle_fake_real_medicine_0ef14de6d2,0,0,0.228022
42,model2_smallcnn_gap,clean,kaggle_fake_real_medicine_10225ffb67,1,0,0.088982
42,model2_smallcnn_gap,clean,kaggle_fake_real_medicine_12c43a7eaa,0,1,0.883182
42,model2_smallcnn_gap,clean,kaggle_fake_real_medicine_145d2c296f,1,0,0.054264
42,model2_smallcnn_gap,clean,kaggle_fake_real_medicine_14a03230bc,1,0,0.060941
42,model2_smallcnn_gap,clean,kaggle_fake_real_medicine_1761000c09,1,0,0.159849
42,model2_smallcnn_gap,clean,kaggle_fake_real_medicine_188e0dcabe,1,0,0.159436
42,model2_smallcnn_gap,clean,kaggle_fake_real_medicine_1fb3ce9b13,1,0,0.251053
42,model2_smallcnn_gap,clean,kaggle_fake_real_medicine_206e0e85c6,0,0,0.191943
42,model2_smallcnn_gap,clean,kaggle_fake_real_medicine_20c4a33635,0,1,0.641432
42,model2_smallcnn_gap,clean,kaggle_fake_real_medicine_21720344fd,1,0,0.100137
42,model2_smallcnn_gap,clean,kaggle_fake_real_medicine_28623dc5d3,0,0,0.563677
42,model2_smallcnn_gap,clean,kaggle_fake_real_medicine_2bf66badab,1,1,0.855311
42,model2_smallcnn_gap,clean,kaggle_fake_real_medicine_2fb956eb5f,0,1,0.932468
42,model2_smallcnn_gap,clean,kaggle_fake_real_medicine_44fd0f757a,0,0,0.514881
42,model2_smallcnn_gap,clean,kaggle_fake_real_medicine_4581f49ec4,0,1,0.84422
42,model2_smallcnn_gap,clean,kaggle_fake_real_medicine_47ef3972b2,1,0,0.208639
42,model2_smallcnn_gap,clean,kaggle_fake_real_medicine_4fcc86b614,1,0,0.425202
42,model2_smallcnn_gap,clean,kaggle_fake_real_medicine_52a8894c41,0,0,0.829471
42,model2_smallcnn_gap,clean,kaggle_fake_real_medicine_578b78be70,1,0,0.516137
42,model2_smallcnn_gap,clean,kaggle_fake_real_medicine_5d72b67a63,0,1,0.582464
42,model2_smallcnn_gap,clean,kaggle_fake_real_medicine_6134763660,1,0,0.721862
42,model2_smallcnn_gap,clean,kaggle_fake_real_medicine_627585c336,1,0,0.239356
42,model2_smallcnn_gap,clean,kaggle_fake_real_medicine_62fb730310,1,1,0.800745
42,model2_smallcnn_gap,clean,kaggle_fake_real_medicine_634456e7d6,1,0,0.558581
42,model2_smallcnn_gap,clean,kaggle_fake_real_medicine_64dd03edff,0,1,0.933209
42,model2_smallcnn_gap,clean,kaggle_fake_real_medicine_651e0f0a85,0,0,0.745123
42,model2_smallcnn_gap,clean,kaggle_fake_real_medicine_680234b7cf,0,1,0.826368
42,model2_smallcnn_gap,clean,kaggle_fake_real_medicine_6bda05ca54,1,0,0.071123
42,model2_smallcnn_gap,clean,kaggle_fake_real_medicine_702b301e99,0,1,0.975136
42,model2_smallcnn_gap,clean,kaggle_fake_real_medicine_73a6ece8e9,1,1,0.958209
42,model2_smallcnn_gap,clean,kaggle_fake_real_medicine_779c1196eb,0,0,0.501432
42,model2_smallcnn_gap,clean,kaggle_fake_real_medicine_7b8afa42b4,1,1,0.974034
42,model2_smallcnn_gap,clean,kaggle_fake_real_medicine_845ee248b9,1,1,0.994844
42,model2_smallcnn_gap,clean,kaggle_fake_real_medicine_88e760ec67,1,0,0.046778
42,model2_smallcnn_gap,clean,kaggle_fake_real_medicine_97b7ba7093,0,0,0.049902
42,model2_smallcnn_gap,clean,kaggle_fake_real_medicine_9a1295c310,0,1,0.964275
42,model2_smallcnn_gap,clean,kaggle_fake_real_medicine_9abd16be2c,0,1,0.890564
42,model2_smallcnn_gap,clean,kaggle_fake_real_medicine_9c1aa55ecd,0,0,0.735801
42,model2_smallcnn_gap,clean,kaggle_fake_real_medicine_a52f4729ef,0,1,0.922704
42,model2_smallcnn_gap,clean,kaggle_fake_real_medicine_a5c91851cb,0,1,0.999943
42,model2_smallcnn_gap,clean,kaggle_fake_real_medicine_a8e282a356,0,1,0.938161
42,model2_smallcnn_gap,clean,kaggle_fake_real_medicine_ae2efd1c6c,0,1,0.959617
42,model2_smallcnn_gap,clean,kaggle_fake_real_medicine_aee89a8f04,1,0,0.085032
42,model2_smallcnn_gap,clean,kaggle_fake_real_medicine_b309605a66,0,1,0.877289
42,model2_smallcnn_gap,clean,kaggle_fake_real_medicine_b70df6e629,0,1,0.891297
42,model2_smallcnn_gap,clean,kaggle_fake_real_medicine_bdd667d804,0,1,0.995432
42,model2_smallcnn_gap,clean,kaggle_fake_real_medicine_c7404298d4,0,0,0.253736
42,model2_smallcnn_gap,clean,kaggle_fake_real_medicine_c81ed5b421,0,1,0.973968
42,model2_smallcnn_gap,clean,kaggle_fake_real_medicine_c934d254bd,0,1,0.96396
42,model2_smallcnn_gap,clean,kaggle_fake_real_medicine_c9ccae27b6,0,0,0.710409
42,model2_smallcnn_gap,clean,kaggle_fake_real_medicine_cbe26aa03b,0,1,0.926384
42,model2_smallcnn_gap,clean,kaggle_fake_real_medicine_cd59615cfe,1,0,0.084949
42,model2_smallcnn_gap,clean,kaggle_fake_real_medicine_cd5e5e7124,0,0,0.113406
42,model2_smallcnn_gap,clean,kaggle_fake_real_medicine_d34b172d99,0,1,0.896666
42,model2_smallcnn_gap,clean,kaggle_fake_real_medicine_d3c6fa2ded,0,0,0.742328
42,model2_smallcnn_gap,clean,kaggle_fake_real_medicine_d6620e5f3d,0,0,0.42394
42,model2_smallcnn_gap,clean,kaggle_fake_real_medicine_e0787b76d6,1,1,0.980308
42,model2_smallcnn_gap,clean,kaggle_fake_real_medicine_e33cdd1fc3,0,0,0.847522
42,model2_smallcnn_gap,clean,kaggle_fake_real_medicine_e390352f04,0,0,0.194071
42,model2_smallcnn_gap,clean,kaggle_fake_real_medicine_e54f1413e6,0,1,0.995922
42,model2_smallcnn_gap,clean,kaggle_fake_real_medicine_edbb207b2e,0,1,0.643046
42,model2_smallcnn_gap,clean,kaggle_fake_real_medicine_eded2385a3,0,0,0.650246
42,model2_smallcnn_gap,clean,kaggle_fake_real_medicine_ef4bd64707,1,0,0.163831
42,model2_smallcnn_gap,clean,kaggle_fake_real_medicine_ef75337a14,0,0,0.060873
42,model2_smallcnn_gap,clean,kaggle_fake_real_medicine_f61949b1d3,0,1,0.86458
42,model2_smallcnn_gap,clean,kaggle_fake_real_medicine_f8bd42c191,0,1,0.849252
42,model2_smallcnn_gap,leaky,kaggle_fake_real_medicine_012dbfbc36,1,1,0.841166
42,model2_smallcnn_gap,leaky,kaggle_fake_real_medicine_04c5e557b8,0,1,0.957614
42,model2_smallcnn_gap,leaky,kaggle_fake_real_medicine_077563b376,0,0,0.305982
42,model2_smallcnn_gap,leaky,kaggle_fake_real_medicine_097d8595eb,1,0,0.092095
42,model2_smallcnn_gap,leaky,kaggle_fake_real_medicine_0a680b1608,1,1,0.805367
42,model2_smallcnn_gap,leaky,kaggle_fake_real_medicine_0bd80c0685,0,1,0.972625
42,model2_smallcnn_gap,leaky,kaggle_fake_real_medicine_0d6c0cec82,1,0,0.133518
42,model2_smallcnn_gap,leaky,kaggle_fake_real_medicine_0ef14de6d2,0,0,0.139253
42,model2_smallcnn_gap,leaky,kaggle_fake_real_medicine_10225ffb67,1,0,0.126886
42,model2_smallcnn_gap,leaky,kaggle_fake_real_medicine_12c43a7eaa,0,1,0.757606
42,model2_smallcnn_gap,leaky,kaggle_fake_real_medicine_145d2c296f,1,0,0.105838
42,model2_smallcnn_gap,leaky,kaggle_fake_real_medicine_14a03230bc,1,0,0.124766
42,model2_smallcnn_gap,leaky,kaggle_fake_real_medicine_1761000c09,1,0,0.170767
42,model2_smallcnn_gap,leaky,kaggle_fake_real_medicine_188e0dcabe,1,0,0.198762
42,model2_smallcnn_gap,leaky,kaggle_fake_real_medicine_1fb3ce9b13,1,0,0.259489
42,model2_smallcnn_gap,leaky,kaggle_fake_real_medicine_206e0e85c6,0,0,0.191346
42,model2_smallcnn_gap,leaky,kaggle_fake_real_medicine_20c4a33635,0,1,0.605001
42,model2_smallcnn_gap,leaky,kaggle_fake_real_medicine_21720344fd,1,0,0.13144
42,model2_smallcnn_gap,leaky,kaggle_fake_real_medicine_28623dc5d3,0,0,0.52725
42,model2_smallcnn_gap,leaky,kaggle_fake_real_medicine_2bf66badab,1,1,0.791487
42,model2_smallcnn_gap,leaky,kaggle_fake_real_medicine_2fb956eb5f,0,1,0.857361
42,model2_smallcnn_gap,leaky,kaggle_fake_real_medicine_44fd0f757a,0,0,0.442487
42,model2_smallcnn_gap,leaky,kaggle_fake_real_medicine_4581f49ec4,0,1,0.758468
42,model2_smallcnn_gap,leaky,kaggle_fake_real_medicine_47ef3972b2,1,0,0.223801
42,model2_smallcnn_gap,leaky,kaggle_fake_real_medicine_4fcc86b614,1,0,0.38237
42,model2_smallcnn_gap,leaky,kaggle_fake_real_medicine_52a8894c41,0,0,0.746491
42,model2_smallcnn_gap,leaky,kaggle_fake_real_medicine_578b78be70,1,0,0.437359
42,model2_smallcnn_gap,leaky,kaggle_fake_real_medicine_5d72b67a63,0,1,0.546778
42,model2_smallcnn_gap,leaky,kaggle_fake_real_medicine_6134763660,1,0,0.659652
42,model2_smallcnn_gap,leaky,kaggle_fake_real_medicine_627585c336,1,0,0.322736
42,model2_smallcnn_gap,leaky,kaggle_fake_real_medicine_62fb730310,1,1,0.707685
42,model2_smallcnn_gap,leaky,kaggle_fake_real_medicine_634456e7d6,1,0,0.549492
42,model2_smallcnn_gap,leaky,kaggle_fake_real_medicine_64dd03edff,0,1,0.88106
42,model2_smallcnn_gap,leaky,kaggle_fake_real_medicine_651e0f0a85,0,0,0.640782
42,model2_smallcnn_gap,leaky,kaggle_fake_real_medicine_680234b7cf,0,1,0.816191
42,model2_smallcnn_gap,leaky,kaggle_fake_real_medicine_6bda05ca54,1,0,0.140466
42,model2_smallcnn_gap,leaky,kaggle_fake_real_medicine_702b301e99,0,1,0.96257
42,model2_smallcnn_gap,leaky,kaggle_fake_real_medicine_73a6ece8e9,1,1,0.831575
42,model2_smallcnn_gap,leaky,kaggle_fake_real_medicine_779c1196eb,0,0,0.442346
42,model2_smallcnn_gap,leaky,kaggle_fake_real_medicine_7b8afa42b4,1,1,0.958863
42,model2_smallcnn_gap,leaky,kaggle_fake_real_medicine_845ee248b9,1,1,0.974135
42,model2_smallcnn_gap,leaky,kaggle_fake_real_medicine_88e760ec67,1,0,0.114866
42,model2_smallcnn_gap,leaky,kaggle_fake_real_medicine_97b7ba7093,0,0,0.106104
42,model2_smallcnn_gap,leaky,kaggle_fake_real_medicine_9a1295c310,0,1,0.853909
42,model2_smallcnn_gap,leaky,kaggle_fake_real_medicine_9abd16be2c,0,1,0.888268
42,model2_smallcnn_gap,leaky,kaggle_fake_real_medicine_9c1aa55ecd,0,0,0.681337
42,model2_smallcnn_gap,leaky,kaggle_fake_real_medicine_a52f4729ef,0,1,0.626023
42,model2_smallcnn_gap,leaky,kaggle_fake_real_medicine_a5c91851cb,0,1,0.999874
42,model2_smallcnn_gap,leaky,kaggle_fake_real_medicine_a8e282a356,0,1,0.91272
42,model2_smallcnn_gap,leaky,kaggle_fake_real_medicine_ae2efd1c6c,0,1,0.907901
42,model2_smallcnn_gap,leaky,kaggle_fake_real_medicine_aee89a8f04,1,0,0.131547
42,model2_smallcnn_gap,leaky,kaggle_fake_real_medicine_b309605a66,0,1,0.761977
42,model2_smallcnn_gap,leaky,kaggle_fake_real_medicine_b70df6e629,0,1,0.823337
42,model2_smallcnn_gap,leaky,kaggle_fake_real_medicine_bdd667d804,0,1,0.981477
42,model2_smallcnn_gap,leaky,kaggle_fake_real_medicine_c7404298d4,0,0,0.322239
42,model2_smallcnn_gap,leaky,kaggle_fake_real_medicine_c81ed5b421,0,1,0.952344
42,model2_smallcnn_gap,leaky,kaggle_fake_real_medicine_c934d254bd,0,1,0.924293
42,model2_smallcnn_gap,leaky,kaggle_fake_real_medicine_c9ccae27b6,0,0,0.642034
42,model2_smallcnn_gap,leaky,kaggle_fake_real_medicine_cbe26aa03b,0,1,0.860826
42,model2_smallcnn_gap,leaky,kaggle_fake_real_medicine_cd59615cfe,1,0,0.135978
42,model2_smallcnn_gap,leaky,kaggle_fake_real_medicine_cd5e5e7124,0,0,0.205098
42,model2_smallcnn_gap,leaky,kaggle_fake_real_medicine_d34b172d99,0,1,0.829108
42,model2_smallcnn_gap,leaky,kaggle_fake_real_medicine_d3c6fa2ded,0,0,0.720107
42,model2_smallcnn_gap,leaky,kaggle_fake_real_medicine_d6620e5f3d,0,0,0.382748
42,model2_smallcnn_gap,leaky,kaggle_fake_real_medicine_e0787b76d6,1,1,0.970475
42,model2_smallcnn_gap,leaky,kaggle_fake_real_medicine_e33cdd1fc3,0,0,0.642608
42,model2_smallcnn_gap,leaky,kaggle_fake_real_medicine_e390352f04,0,0,0.250425
42,model2_smallcnn_gap,leaky,kaggle_fake_real_medicine_e54f1413e6,0,1,0.987423
42,model2_smallcnn_gap,leaky,kaggle_fake_real_medicine_edbb207b2e,0,1,0.555295
42,model2_smallcnn_gap,leaky,kaggle_fake_real_medicine_eded2385a3,0,0,0.532293
42,model2_smallcnn_gap,leaky,kaggle_fake_real_medicine_ef4bd64707,1,0,0.217077
42,model2_smallcnn_gap,leaky,kaggle_fake_real_medicine_ef75337a14,0,0,0.105432
42,model2_smallcnn_gap,leaky,kaggle_fake_real_medicine_f61949b1d3,0,1,0.792569
42,model2_smallcnn_gap,leaky,kaggle_fake_real_medicine_f8bd42c191,0,1,0.759855
42,model4_efficientnetb0_frozen,clean,kaggle_fake_real_medicine_012dbfbc36,1,1,0.999205
42,model4_efficientnetb0_frozen,clean,kaggle_fake_real_medicine_04c5e557b8,0,1,0.978765
42,model4_efficientnetb0_frozen,clean,kaggle_fake_real_medicine_077563b376,0,0,0.716872
42,model4_efficientnetb0_frozen,clean,kaggle_fake_real_medicine_097d8595eb,1,0,1e-06
42,model4_efficientnetb0_frozen,clean,kaggle_fake_real_medicine_0a680b1608,1,1,0.997309
42,model4_efficientnetb0_frozen,clean,kaggle_fake_real_medicine_0bd80c0685,0,1,0.999901
42,model4_efficientnetb0_frozen,clean,kaggle_fake_real_medicine_0d6c0cec82,1,0,1.9e-05
42,model4_efficientnetb0_frozen,clean,kaggle_fake_real_medicine_0ef14de6d2,0,0,3e-06
42,model4_efficientnetb0_frozen,clean,kaggle_fake_real_medicine_10225ffb67,1,0,3e-06
42,model4_efficientnetb0_frozen,clean,kaggle_fake_real_medicine_12c43a7eaa,0,1,0.999944
42,model4_efficientnetb0_frozen,clean,kaggle_fake_real_medicine_145d2c296f,1,0,0.005317
42,model4_efficientnetb0_frozen,clean,kaggle_fake_real_medicine_14a03230bc,1,0,6e-06
42,model4_efficientnetb0_frozen,clean,kaggle_fake_real_medicine_1761000c09,1,0,0.000987
42,model4_efficientnetb0_frozen,clean,kaggle_fake_real_medicine_188e0dcabe,1,0,0.000626
42,model4_efficientnetb0_frozen,clean,kaggle_fake_real_medicine_1fb3ce9b13,1,0,2.9e-05
42,model4_efficientnetb0_frozen,clean,kaggle_fake_real_medicine_206e0e85c6,0,0,0.02735
42,model4_efficientnetb0_frozen,clean,kaggle_fake_real_medicine_20c4a33635,0,1,0.995589
42,model4_efficientnetb0_frozen,clean,kaggle_fake_real_medicine_21720344fd,1,0,1e-06
42,model4_efficientnetb0_frozen,clean,kaggle_fake_real_medicine_28623dc5d3,0,0,0.002943
42,model4_efficientnetb0_frozen,clean,kaggle_fake_real_medicine_2bf66badab,1,1,0.977221
42,model4_efficientnetb0_frozen,clean,kaggle_fake_real_medicine_2fb956eb5f,0,1,0.999848
42,model4_efficientnetb0_frozen,clean,kaggle_fake_real_medicine_44fd0f757a,0,0,0.022245
42,model4_efficientnetb0_frozen,clean,kaggle_fake_real_medicine_4581f49ec4,0,1,0.999682
42,model4_efficientnetb0_frozen,clean,kaggle_fake_real_medicine_47ef3972b2,1,0,2e-06
42,model4_efficientnetb0_frozen,clean,kaggle_fake_real_medicine_4fcc86b614,1,0,0.00959
42,model4_efficientnetb0_frozen,clean,kaggle_fake_real_medicine_52a8894c41,0,0,1e-06
42,model4_efficientnetb0_frozen,clean,kaggle_fake_real_medicine_578b78be70,1,0,0.022791
42,model4_efficientnetb0_frozen,clean,kaggle_fake_real_medicine_5d72b67a63,0,1,0.977762
42,model4_efficientnetb0_frozen,clean,kaggle_fake_real_medicine_6134763660,1,0,4.5e-05
42,model4_efficientnetb0_frozen,clean,kaggle_fake_real_medicine_627585c336,1,0,0.000343
42,model4_efficientnetb0_frozen,clean,kaggle_fake_real_medicine_62fb730310,1,1,0.995527
42,model4_efficientnetb0_frozen,clean,kaggle_fake_real_medicine_634456e7d6,1,0,0.000595
42,model4_efficientnetb0_frozen,clean,kaggle_fake_real_medicine_64dd03edff,0,1,0.999751
42,model4_efficientnetb0_frozen,clean,kaggle_fake_real_medicine_651e0f0a85,0,0,0.000553
42,model4_efficientnetb0_frozen,clean,kaggle_fake_real_medicine_680234b7cf,0,1,0.999981
42,model4_efficientnetb0_frozen,clean,kaggle_fake_real_medicine_6bda05ca54,1,0,0.000157
42,model4_efficientnetb0_frozen,clean,kaggle_fake_real_medicine_702b301e99,0,1,0.999998
42,model4_efficientnetb0_frozen,clean,kaggle_fake_real_medicine_73a6ece8e9,1,1,0.995826
42,model4_efficientnetb0_frozen,clean,kaggle_fake_real_medicine_779c1196eb,0,0,0.000229
42,model4_efficientnetb0_frozen,clean,kaggle_fake_real_medicine_7b8afa42b4,1,1,0.999295
42,model4_efficientnetb0_frozen,clean,kaggle_fake_real_medicine_845ee248b9,1,1,0.999983
42,model4_efficientnetb0_frozen,clean,kaggle_fake_real_medicine_88e760ec67,1,0,6e-06
42,model4_efficientnetb0_frozen,clean,kaggle_fake_real_medicine_97b7ba7093,0,0,0.004113
42,model4_efficientnetb0_frozen,clean,kaggle_fake_real_medicine_9a1295c310,0,1,0.987086
42,model4_efficientnetb0_frozen,clean,kaggle_fake_real_medicine_9abd16be2c,0,1,0.881719
42,model4_efficientnetb0_frozen,clean,kaggle_fake_real_medicine_9c1aa55ecd,0,0,7.7e-05
42,model4_efficientnetb0_frozen,clean,kaggle_fake_real_medicine_a52f4729ef,0,1,0.999946
42,model4_efficientnetb0_frozen,clean,kaggle_fake_real_medicine_a5c91851cb,0,1,0.999546
42,model4_efficientnetb0_frozen,clean,kaggle_fake_real_medicine_a8e282a356,0,1,0.999996
42,model4_efficientnetb0_frozen,clean,kaggle_fake_real_medicine_ae2efd1c6c,0,1,0.98535
42,model4_efficientnetb0_frozen,clean,kaggle_fake_real_medicine_aee89a8f04,1,0,1e-06
42,model4_efficientnetb0_frozen,clean,kaggle_fake_real_medicine_b309605a66,0,1,0.999855
42,model4_efficientnetb0_frozen,clean,kaggle_fake_real_medicine_b70df6e629,0,1,0.999909
42,model4_efficientnetb0_frozen,clean,kaggle_fake_real_medicine_bdd667d804,0,1,0.993631
42,model4_efficientnetb0_frozen,clean,kaggle_fake_real_medicine_c7404298d4,0,0,2e-06
42,model4_efficientnetb0_frozen,clean,kaggle_fake_real_medicine_c81ed5b421,0,1,0.999993
42,model4_efficientnetb0_frozen,clean,kaggle_fake_real_medicine_c934d254bd,0,1,0.999999
42,model4_efficientnetb0_frozen,clean,kaggle_fake_real_medicine_c9ccae27b6,0,0,0.051379
42,model4_efficientnetb0_frozen,clean,kaggle_fake_real_medicine_cbe26aa03b,0,1,0.99505
42,model4_efficientnetb0_frozen,clean,kaggle_fake_real_medicine_cd59615cfe,1,0,0.000538
42,model4_efficientnetb0_frozen,clean,kaggle_fake_real_medicine_cd5e5e7124,0,0,0.02479
42,model4_efficientnetb0_frozen,clean,kaggle_fake_real_medicine_d34b172d99,0,1,0.99804
42,model4_efficientnetb0_frozen,clean,kaggle_fake_real_medicine_d3c6fa2ded,0,0,1e-06
42,model4_efficientnetb0_frozen,clean,kaggle_fake_real_medicine_d6620e5f3d,0,0,0.000507
42,model4_efficientnetb0_frozen,clean,kaggle_fake_real_medicine_e0787b76d6,1,1,0.999624
42,model4_efficientnetb0_frozen,clean,kaggle_fake_real_medicine_e33cdd1fc3,0,0,0.000912
42,model4_efficientnetb0_frozen,clean,kaggle_fake_real_medicine_e390352f04,0,0,0.000559
42,model4_efficientnetb0_frozen,clean,kaggle_fake_real_medicine_e54f1413e6,0,1,0.997844
42,model4_efficientnetb0_frozen,clean,kaggle_fake_real_medicine_edbb207b2e,0,1,0.982481
42,model4_efficientnetb0_frozen,clean,kaggle_fake_real_medicine_eded2385a3,0,0,0.0
42,model4_efficientnetb0_frozen,clean,kaggle_fake_real_medicine_ef4bd64707,1,0,2.8e-05
42,model4_efficientnetb0_frozen,clean,kaggle_fake_real_medicine_ef75337a14,0,0,0.000304
42,model4_efficientnetb0_frozen,clean,kaggle_fake_real_medicine_f61949b1d3,0,1,0.999802
42,model4_efficientnetb0_frozen,clean,kaggle_fake_real_medicine_f8bd42c191,0,1,0.999387
42,model4_efficientnetb0_frozen,leaky,kaggle_fake_real_medicine_012dbfbc36,1,1,0.998638
42,model4_efficientnetb0_frozen,leaky,kaggle_fake_real_medicine_04c5e557b8,0,1,0.972739
42,model4_efficientnetb0_frozen,leaky,kaggle_fake_real_medicine_077563b376,0,0,0.740511
42,model4_efficientnetb0_frozen,leaky,kaggle_fake_real_medicine_097d8595eb,1,0,9e-06
42,model4_efficientnetb0_frozen,leaky,kaggle_fake_real_medicine_0a680b1608,1,1,0.995699
42,model4_efficientnetb0_frozen,leaky,kaggle_fake_real_medicine_0bd80c0685,0,1,0.999226
42,model4_efficientnetb0_frozen,leaky,kaggle_fake_real_medicine_0d6c0cec82,1,0,5.1e-05
42,model4_efficientnetb0_frozen,leaky,kaggle_fake_real_medicine_0ef14de6d2,0,0,2.3e-05
42,model4_efficientnetb0_frozen,leaky,kaggle_fake_real_medicine_10225ffb67,1,0,2.6e-05
42,model4_efficientnetb0_frozen,leaky,kaggle_fake_real_medicine_12c43a7eaa,0,1,0.999746
42,model4_efficientnetb0_frozen,leaky,kaggle_fake_real_medicine_145d2c296f,1,0,0.034599
42,model4_efficientnetb0_frozen,leaky,kaggle_fake_real_medicine_14a03230bc,1,0,5.4e-05
42,model4_efficientnetb0_frozen,leaky,kaggle_fake_real_medicine_1761000c09,1,0,0.001421
42,model4_efficientnetb0_frozen,leaky,kaggle_fake_real_medicine_188e0dcabe,1,0,0.001447
42,model4_efficientnetb0_frozen,leaky,kaggle_fake_real_medicine_1fb3ce9b13,1,0,0.000146
42,model4_efficientnetb0_frozen,leaky,kaggle_fake_real_medicine_206e0e85c6,0,0,0.029899
42,model4_efficientnetb0_frozen,leaky,kaggle_fake_real_medicine_20c4a33635,0,1,0.988069
42,model4_efficientnetb0_frozen,leaky,kaggle_fake_real_medicine_21720344fd,1,0,1.1e-05
42,model4_efficientnetb0_frozen,leaky,kaggle_fake_real_medicine_28623dc5d3,0,0,0.006792
42,model4_efficientnetb0_frozen,leaky,kaggle_fake_real_medicine_2bf66badab,1,1,0.970561
42,model4_efficientnetb0_frozen,leaky,kaggle_fake_real_medicine_2fb956eb5f,0,1,0.999469
42,model4_efficientnetb0_frozen,leaky,kaggle_fake_real_medicine_44fd0f757a,0,0,0.021887
42,model4_efficientnetb0_frozen,leaky,kaggle_fake_real_medicine_4581f49ec4,0,1,0.999312
42,model4_efficientnetb0_frozen,leaky,kaggle_fake_real_medicine_47ef3972b2,1,0,8e-06
42,model4_efficientnetb0_frozen,leaky,kaggle_fake_real_medicine_4fcc86b614,1,0,0.00601
42,model4_efficientnetb0_frozen,leaky,kaggle_fake_real_medicine_52a8894c41,0,0,9e-06
42,model4_efficientnetb0_frozen,leaky,kaggle_fake_real_medicine_578b78be70,1,0,0.017221
42,model4_efficientnetb0_frozen,leaky,kaggle_fake_real_medicine_5d72b67a63,0,1,0.929575
42,model4_efficientnetb0_frozen,leaky,kaggle_fake_real_medicine_6134763660,1,0,0.0002
42,model4_efficientnetb0_frozen,leaky,kaggle_fake_real_medicine_627585c336,1,0,0.000442
42,model4_efficientnetb0_frozen,leaky,kaggle_fake_real_medicine_62fb730310,1,1,0.990508
42,model4_efficientnetb0_frozen,leaky,kaggle_fake_real_medicine_634456e7d6,1,0,0.001319
42,model4_efficientnetb0_frozen,leaky,kaggle_fake_real_medicine_64dd03edff,0,1,0.998549
42,model4_efficientnetb0_frozen,leaky,kaggle_fake_real_medicine_651e0f0a85,0,0,0.009665
42,model4_efficientnetb0_frozen,leaky,kaggle_fake_real_medicine_680234b7cf,0,1,0.999834
42,model4_efficientnetb0_frozen,leaky,kaggle_fake_real_medicine_6bda05ca54,1,0,0.000549
42,model4_efficientnetb0_frozen,leaky,kaggle_fake_real_medicine_702b301e99,0,1,0.999987
42,model4_efficientnetb0_frozen,leaky,kaggle_fake_real_medicine_73a6ece8e9,1,1,0.998433
42,model4_efficientnetb0_frozen,leaky,kaggle_fake_real_medicine_779c1196eb,0,0,0.000416
42,model4_efficientnetb0_frozen,leaky,kaggle_fake_real_medicine_7b8afa42b4,1,1,0.999458
42,model4_efficientnetb0_frozen,leaky,kaggle_fake_real_medicine_845ee248b9,1,1,0.999915
42,model4_efficientnetb0_frozen,leaky,kaggle_fake_real_medicine_88e760ec67,1,0,2.4e-05
42,model4_efficientnetb0_frozen,leaky,kaggle_fake_real_medicine_97b7ba7093,0,0,0.026255
42,model4_efficientnetb0_frozen,leaky,kaggle_fake_real_medicine_9a1295c310,0,1,0.969466
42,model4_efficientnetb0_frozen,leaky,kaggle_fake_real_medicine_9abd16be2c,0,1,0.893659
42,model4_efficientnetb0_frozen,leaky,kaggle_fake_real_medicine_9c1aa55ecd,0,0,0.000482
42,model4_efficientnetb0_frozen,leaky,kaggle_fake_real_medicine_a52f4729ef,0,1,0.999521
42,model4_efficientnetb0_frozen,leaky,kaggle_fake_real_medicine_a5c91851cb,0,1,0.999047
42,model4_efficientnetb0_frozen,leaky,kaggle_fake_real_medicine_a8e282a356,0,1,0.999993
42,model4_efficientnetb0_frozen,leaky,kaggle_fake_real_medicine_ae2efd1c6c,0,1,0.981799
42,model4_efficientnetb0_frozen,leaky,kaggle_fake_real_medicine_aee89a8f04,1,0,8e-06
42,model4_efficientnetb0_frozen,leaky,kaggle_fake_real_medicine_b309605a66,0,1,0.99954
42,model4_efficientnetb0_frozen,leaky,kaggle_fake_real_medicine_b70df6e629,0,1,0.999666
42,model4_efficientnetb0_frozen,leaky,kaggle_fake_real_medicine_bdd667d804,0,1,0.978305
42,model4_efficientnetb0_frozen,leaky,kaggle_fake_real_medicine_c7404298d4,0,0,2.8e-05
42,model4_efficientnetb0_frozen,leaky,kaggle_fake_real_medicine_c81ed5b421,0,1,0.999949
42,model4_efficientnetb0_frozen,leaky,kaggle_fake_real_medicine_c934d254bd,0,1,0.999995
42,model4_efficientnetb0_frozen,leaky,kaggle_fake_real_medicine_c9ccae27b6,0,0,0.126887
42,model4_efficientnetb0_frozen,leaky,kaggle_fake_real_medicine_cbe26aa03b,0,1,0.989235
42,model4_efficientnetb0_frozen,leaky,kaggle_fake_real_medicine_cd59615cfe,1,0,0.000918
42,model4_efficientnetb0_frozen,leaky,kaggle_fake_real_medicine_cd5e5e7124,0,0,0.030802
42,model4_efficientnetb0_frozen,leaky,kaggle_fake_real_medicine_d34b172d99,0,1,0.998191
42,model4_efficientnetb0_frozen,leaky,kaggle_fake_real_medicine_d3c6fa2ded,0,0,9e-06
42,model4_efficientnetb0_frozen,leaky,kaggle_fake_real_medicine_d6620e5f3d,0,0,0.001406
42,model4_efficientnetb0_frozen,leaky,kaggle_fake_real_medicine_e0787b76d6,1,1,0.999535
42,model4_efficientnetb0_frozen,leaky,kaggle_fake_real_medicine_e33cdd1fc3,0,0,0.00404
42,model4_efficientnetb0_frozen,leaky,kaggle_fake_real_medicine_e390352f04,0,0,0.001463
42,model4_efficientnetb0_frozen,leaky,kaggle_fake_real_medicine_e54f1413e6,0,1,0.99728
42,model4_efficientnetb0_frozen,leaky,kaggle_fake_real_medicine_edbb207b2e,0,1,0.968681
42,model4_efficientnetb0_frozen,leaky,kaggle_fake_real_medicine_eded2385a3,0,0,1e-06
42,model4_efficientnetb0_frozen,leaky,kaggle_fake_real_medicine_ef4bd64707,1,0,5.9e-05
42,model4_efficientnetb0_frozen,leaky,kaggle_fake_real_medicine_ef75337a14,0,0,0.000801
42,model4_efficientnetb0_frozen,leaky,kaggle_fake_real_medicine_f61949b1d3,0,1,0.998438
42,model4_efficientnetb0_frozen,leaky,kaggle_fake_real_medicine_f8bd42c191,0,1,0.997471
43,model3_mobilenetv3small_frozen,clean,kaggle_fake_real_medicine_012dbfbc36,1,1,0.996965
43,model3_mobilenetv3small_frozen,clean,kaggle_fake_real_medicine_04c5e557b8,0,1,0.891029
43,model3_mobilenetv3small_frozen,clean,kaggle_fake_real_medicine_077563b376,0,0,0.146375
43,model3_mobilenetv3small_frozen,clean,kaggle_fake_real_medicine_097d8595eb,1,0,8.1e-05
43,model3_mobilenetv3small_frozen,clean,kaggle_fake_real_medicine_0a680b1608,1,1,0.988745
43,model3_mobilenetv3small_frozen,clean,kaggle_fake_real_medicine_0bd80c0685,0,1,0.999871
43,model3_mobilenetv3small_frozen,clean,kaggle_fake_real_medicine_0d6c0cec82,1,0,0.002066
43,model3_mobilenetv3small_frozen,clean,kaggle_fake_real_medicine_0ef14de6d2,0,0,0.000677
43,model3_mobilenetv3small_frozen,clean,kaggle_fake_real_medicine_10225ffb67,1,0,0.017876
43,model3_mobilenetv3small_frozen,clean,kaggle_fake_real_medicine_12c43a7eaa,0,1,0.999844
43,model3_mobilenetv3small_frozen,clean,kaggle_fake_real_medicine_145d2c296f,1,0,0.00566
43,model3_mobilenetv3small_frozen,clean,kaggle_fake_real_medicine_14a03230bc,1,0,0.000369
43,model3_mobilenetv3small_frozen,clean,kaggle_fake_real_medicine_1761000c09,1,0,0.011876
43,model3_mobilenetv3small_frozen,clean,kaggle_fake_real_medicine_188e0dcabe,1,0,0.004773
43,model3_mobilenetv3small_frozen,clean,kaggle_fake_real_medicine_1fb3ce9b13,1,0,4e-05
43,model3_mobilenetv3small_frozen,clean,kaggle_fake_real_medicine_206e0e85c6,0,0,0.176532
43,model3_mobilenetv3small_frozen,clean,kaggle_fake_real_medicine_20c4a33635,0,1,0.999254
43,model3_mobilenetv3small_frozen,clean,kaggle_fake_real_medicine_21720344fd,1,0,0.000177
43,model3_mobilenetv3small_frozen,clean,kaggle_fake_real_medicine_28623dc5d3,0,0,0.000547
43,model3_mobilenetv3small_frozen,clean,kaggle_fake_real_medicine_2bf66badab,1,1,0.997281
43,model3_mobilenetv3small_frozen,clean,kaggle_fake_real_medicine_2fb956eb5f,0,1,0.999912
43,model3_mobilenetv3small_frozen,clean,kaggle_fake_real_medicine_44fd0f757a,0,0,0.011419
43,model3_mobilenetv3small_frozen,clean,kaggle_fake_real_medicine_4581f49ec4,0,1,0.999528
43,model3_mobilenetv3small_frozen,clean,kaggle_fake_real_medicine_47ef3972b2,1,0,0.000244
43,model3_mobilenetv3small_frozen,clean,kaggle_fake_real_medicine_4fcc86b614,1,0,0.403257
43,model3_mobilenetv3small_frozen,clean,kaggle_fake_real_medicine_52a8894c41,0,0,8.7e-05
43,model3_mobilenetv3small_frozen,clean,kaggle_fake_real_medicine_578b78be70,1,0,0.013368
43,model3_mobilenetv3small_frozen,clean,kaggle_fake_real_medicine_5d72b67a63,0,1,0.993391
43,model3_mobilenetv3small_frozen,clean,kaggle_fake_real_medicine_6134763660,1,0,0.001454
43,model3_mobilenetv3small_frozen,clean,kaggle_fake_real_medicine_627585c336,1,0,0.001446
43,model3_mobilenetv3small_frozen,clean,kaggle_fake_real_medicine_62fb730310,1,1,0.999512
43,model3_mobilenetv3small_frozen,clean,kaggle_fake_real_medicine_634456e7d6,1,0,0.029319
43,model3_mobilenetv3small_frozen,clean,kaggle_fake_real_medicine_64dd03edff,0,1,0.999945
43,model3_mobilenetv3small_frozen,clean,kaggle_fake_real_medicine_651e0f0a85,0,0,0.003543
43,model3_mobilenetv3small_frozen,clean,kaggle_fake_real_medicine_680234b7cf,0,1,0.999827
43,model3_mobilenetv3small_frozen,clean,kaggle_fake_real_medicine_6bda05ca54,1,0,0.001123
43,model3_mobilenetv3small_frozen,clean,kaggle_fake_real_medicine_702b301e99,0,1,0.999956
43,model3_mobilenetv3small_frozen,clean,kaggle_fake_real_medicine_73a6ece8e9,1,1,0.998862
43,model3_mobilenetv3small_frozen,clean,kaggle_fake_real_medicine_779c1196eb,0,0,0.004592
43,model3_mobilenetv3small_frozen,clean,kaggle_fake_real_medicine_7b8afa42b4,1,1,0.999993
43,model3_mobilenetv3small_frozen,clean,kaggle_fake_real_medicine_845ee248b9,1,1,0.998611
43,model3_mobilenetv3small_frozen,clean,kaggle_fake_real_medicine_88e760ec67,1,0,6.2e-05
43,model3_mobilenetv3small_frozen,clean,kaggle_fake_real_medicine_97b7ba7093,0,0,0.002549
43,model3_mobilenetv3small_frozen,clean,kaggle_fake_real_medicine_9a1295c310,0,1,0.996305
43,model3_mobilenetv3small_frozen,clean,kaggle_fake_real_medicine_9abd16be2c,0,1,0.893374
43,model3_mobilenetv3small_frozen,clean,kaggle_fake_real_medicine_9c1aa55ecd,0,0,0.002151
43,model3_mobilenetv3small_frozen,clean,kaggle_fake_real_medicine_a52f4729ef,0,1,0.999774
43,model3_mobilenetv3small_frozen,clean,kaggle_fake_real_medicine_a5c91851cb,0,1,0.999131
43,model3_mobilenetv3small_frozen,clean,kaggle_fake_real_medicine_a8e282a356,0,1,0.994917
43,model3_mobilenetv3small_frozen,clean,kaggle_fake_real_medicine_ae2efd1c6c,0,1,0.986263
43,model3_mobilenetv3small_frozen,clean,kaggle_fake_real_medicine_aee89a8f04,1,0,0.00156
43,model3_mobilenetv3small_frozen,clean,kaggle_fake_real_medicine_b309605a66,0,1,0.99983
43,model3_mobilenetv3small_frozen,clean,kaggle_fake_real_medicine_b70df6e629,0,1,0.999514
43,model3_mobilenetv3small_frozen,clean,kaggle_fake_real_medicine_bdd667d804,0,1,0.948562
43,model3_mobilenetv3small_frozen,clean,kaggle_fake_real_medicine_c7404298d4,0,0,5.3e-05
43,model3_mobilenetv3small_frozen,clean,kaggle_fake_real_medicine_c81ed5b421,0,1,0.999163
43,model3_mobilenetv3small_frozen,clean,kaggle_fake_real_medicine_c934d254bd,0,1,0.999845
43,model3_mobilenetv3small_frozen,clean,kaggle_fake_real_medicine_c9ccae27b6,0,0,0.000237
43,model3_mobilenetv3small_frozen,clean,kaggle_fake_real_medicine_cbe26aa03b,0,1,0.982807
43,model3_mobilenetv3small_frozen,clean,kaggle_fake_real_medicine_cd59615cfe,1,0,0.002811
43,model3_mobilenetv3small_frozen,clean,kaggle_fake_real_medicine_cd5e5e7124,0,0,0.005886
43,model3_mobilenetv3small_frozen,clean,kaggle_fake_real_medicine_d34b172d99,0,1,0.972581
43,model3_mobilenetv3small_frozen,clean,kaggle_fake_real_medicine_d3c6fa2ded,0,0,0.002079
43,model3_mobilenetv3small_frozen,clean,kaggle_fake_real_medicine_d6620e5f3d,0,0,0.000167
43,model3_mobilenetv3small_frozen,clean,kaggle_fake_real_medicine_e0787b76d6,1,1,0.999607
43,model3_mobilenetv3small_frozen,clean,kaggle_fake_real_medicine_e33cdd1fc3,0,0,0.014469
43,model3_mobilenetv3small_frozen,clean,kaggle_fake_real_medicine_e390352f04,0,0,0.005269
43,model3_mobilenetv3small_frozen,clean,kaggle_fake_real_medicine_e54f1413e6,0,1,0.996635
43,model3_mobilenetv3small_frozen,clean,kaggle_fake_real_medicine_edbb207b2e,0,1,0.92827
43,model3_mobilenetv3small_frozen,clean,kaggle_fake_real_medicine_eded2385a3,0,0,7.6e-05
43,model3_mobilenetv3small_frozen,clean,kaggle_fake_real_medicine_ef4bd64707,1,0,0.000203
43,model3_mobilenetv3small_frozen,clean,kaggle_fake_real_medicine_ef75337a14,0,0,0.000499
43,model3_mobilenetv3small_frozen,clean,kaggle_fake_real_medicine_f61949b1d3,0,1,0.998998
43,model3_mobilenetv3small_frozen,clean,kaggle_fake_real_medicine_f8bd42c191,0,1,0.998255
43,model3_mobilenetv3small_frozen,leaky,kaggle_fake_real_medicine_012dbfbc36,1,1,0.995407
43,model3_mobilenetv3small_frozen,leaky,kaggle_fake_real_medicine_04c5e557b8,0,1,0.854208
43,model3_mobilenetv3small_frozen,leaky,kaggle_fake_real_medicine_077563b376,0,0,0.274324
43,model3_mobilenetv3small_frozen,leaky,kaggle_fake_real_medicine_097d8595eb,1,0,0.000366
43,model3_mobilenetv3small_frozen,leaky,kaggle_fake_real_medicine_0a680b1608,1,1,0.983819
43,model3_mobilenetv3small_frozen,leaky,kaggle_fake_real_medicine_0bd80c0685,0,1,0.999569
43,model3_mobilenetv3small_frozen,leaky,kaggle_fake_real_medicine_0d6c0cec82,1,0,0.005503
43,model3_mobilenetv3small_frozen,leaky,kaggle_fake_real_medicine_0ef14de6d2,0,0,0.001966
43,model3_mobilenetv3small_frozen,leaky,kaggle_fake_real_medicine_10225ffb67,1,0,0.021688
43,model3_mobilenetv3small_frozen,leaky,kaggle_fake_real_medicine_12c43a7eaa,0,1,0.999675
43,model3_mobilenetv3small_frozen,leaky,kaggle_fake_real_medicine_145d2c296f,1,0,0.010775
43,model3_mobilenetv3small_frozen,leaky,kaggle_fake_real_medicine_14a03230bc,1,0,0.001207
43,model3_mobilenetv3small_frozen,leaky,kaggle_fake_real_medicine_1761000c09,1,0,0.012498
43,model3_mobilenetv3small_frozen,leaky,kaggle_fake_real_medicine_188e0dcabe,1,0,0.013267
43,model3_mobilenetv3small_frozen,leaky,kaggle_fake_real_medicine_1fb3ce9b13,1,0,0.000129
43,model3_mobilenetv3small_frozen,leaky,kaggle_fake_real_medicine_206e0e85c6,0,0,0.206206
43,model3_mobilenetv3small_frozen,leaky,kaggle_fake_real_medicine_20c4a33635,0,1,0.998226
43,model3_mobilenetv3small_frozen,leaky,kaggle_fake_real_medicine_21720344fd,1,0,0.000468
43,model3_mobilenetv3small_frozen,leaky,kaggle_fake_real_medicine_28623dc5d3,0,0,0.001791
43,model3_mobilenetv3small_frozen,leaky,kaggle_fake_real_medicine_2bf66badab,1,1,0.995157
43,model3_mobilenetv3small_frozen,leaky,kaggle_fake_real_medicine_2fb956eb5f,0,1,0.999763
43,model3_mobilenetv3small_frozen,leaky,kaggle_fake_real_medicine_44fd0f757a,0,0,0.013009
43,model3_mobilenetv3small_frozen,leaky,kaggle_fake_real_medicine_4581f49ec4,0,1,0.999092
43,model3_mobilenetv3small_frozen,leaky,kaggle_fake_real_medicine_47ef3972b2,1,0,0.000585
43,model3_mobilenetv3small_frozen,leaky,kaggle_fake_real_medicine_4fcc86b614,1,0,0.274918
43,model3_mobilenetv3small_frozen,leaky,kaggle_fake_real_medicine_52a8894c41,0,0,0.000258
43,model3_mobilenetv3small_frozen,leaky,kaggle_fake_real_medicine_578b78be70,1,0,0.012594
43,model3_mobilenetv3small_frozen,leaky,kaggle_fake_real_medicine_5d72b67a63,0,1,0.992491
43,model3_mobilenetv3small_frozen,leaky,kaggle_fake_real_medicine_6134763660,1,0,0.001943
43,model3_mobilenetv3small_frozen,leaky,kaggle_fake_real_medicine_627585c336,1,0,0.002913
43,model3_mobilenetv3small_frozen,leaky,kaggle_fake_real_medicine_62fb730310,1,1,0.999229
43,model3_mobilenetv3small_frozen,leaky,kaggle_fake_real_medicine_634456e7d6,1,0,0.016152
43,model3_mobilenetv3small_frozen,leaky,kaggle_fake_real_medicine_64dd03edff,0,1,0.999869
43,model3_mobilenetv3small_frozen,leaky,kaggle_fake_real_medicine_651e0f0a85,0,0,0.00606
43,model3_mobilenetv3small_frozen,leaky,kaggle_fake_real_medicine_680234b7cf,0,1,0.999638
43,model3_mobilenetv3small_frozen,leaky,kaggle_fake_real_medicine_6bda05ca54,1,0,0.003194
43,model3_mobilenetv3small_frozen,leaky,kaggle_fake_real_medicine_702b301e99,0,1,0.999795
43,model3_mobilenetv3small_frozen,leaky,kaggle_fake_real_medicine_73a6ece8e9,1,1,0.997554
43,model3_mobilenetv3small_frozen,leaky,kaggle_fake_real_medicine_779c1196eb,0,0,0.006932
43,model3_mobilenetv3small_frozen,leaky,kaggle_fake_real_medicine_7b8afa42b4,1,1,0.999965
43,model3_mobilenetv3small_frozen,leaky,kaggle_fake_real_medicine_845ee248b9,1,1,0.997733
43,model3_mobilenetv3small_frozen,leaky,kaggle_fake_real_medicine_88e760ec67,1,0,0.000221
43,model3_mobilenetv3small_frozen,leaky,kaggle_fake_real_medicine_97b7ba7093,0,0,0.005684
43,model3_mobilenetv3small_frozen,leaky,kaggle_fake_real_medicine_9a1295c310,0,1,0.98946
43,model3_mobilenetv3small_frozen,leaky,kaggle_fake_real_medicine_9abd16be2c,0,1,0.773973
43,model3_mobilenetv3small_frozen,leaky,kaggle_fake_real_medicine_9c1aa55ecd,0,0,0.004242
43,model3_mobilenetv3small_frozen,leaky,kaggle_fake_real_medicine_a52f4729ef,0,1,0.999485
43,model3_mobilenetv3small_frozen,leaky,kaggle_fake_real_medicine_a5c91851cb,0,1,0.998786
43,model3_mobilenetv3small_frozen,leaky,kaggle_fake_real_medicine_a8e282a356,0,1,0.994397
43,model3_mobilenetv3small_frozen,leaky,kaggle_fake_real_medicine_ae2efd1c6c,0,1,0.979977
43,model3_mobilenetv3small_frozen,leaky,kaggle_fake_real_medicine_aee89a8f04,1,0,0.003185
43,model3_mobilenetv3small_frozen,leaky,kaggle_fake_real_medicine_b309605a66,0,1,0.999619
43,model3_mobilenetv3small_frozen,leaky,kaggle_fake_real_medicine_b70df6e629,0,1,0.998913
43,model3_mobilenetv3small_frozen,leaky,kaggle_fake_real_medicine_bdd667d804,0,1,0.905285
43,model3_mobilenetv3small_frozen,leaky,kaggle_fake_real_medicine_c7404298d4,0,0,0.000192
43,model3_mobilenetv3small_frozen,leaky,kaggle_fake_real_medicine_c81ed5b421,0,1,0.99773
43,model3_mobilenetv3small_frozen,leaky,kaggle_fake_real_medicine_c934d254bd,0,1,0.999451
43,model3_mobilenetv3small_frozen,leaky,kaggle_fake_real_medicine_c9ccae27b6,0,0,0.000519
43,model3_mobilenetv3small_frozen,leaky,kaggle_fake_real_medicine_cbe26aa03b,0,1,0.972767
43,model3_mobilenetv3small_frozen,leaky,kaggle_fake_real_medicine_cd59615cfe,1,0,0.00733
43,model3_mobilenetv3small_frozen,leaky,kaggle_fake_real_medicine_cd5e5e7124,0,0,0.009824
43,model3_mobilenetv3small_frozen,leaky,kaggle_fake_real_medicine_d34b172d99,0,1,0.963378
43,model3_mobilenetv3small_frozen,leaky,kaggle_fake_real_medicine_d3c6fa2ded,0,0,0.004339
43,model3_mobilenetv3small_frozen,leaky,kaggle_fake_real_medicine_d6620e5f3d,0,0,0.000451
43,model3_mobilenetv3small_frozen,leaky,kaggle_fake_real_medicine_e0787b76d6,1,1,0.998061
43,model3_mobilenetv3small_frozen,leaky,kaggle_fake_real_medicine_e33cdd1fc3,0,0,0.021292
43,model3_mobilenetv3small_frozen,leaky,kaggle_fake_real_medicine_e390352f04,0,0,0.010046
43,model3_mobilenetv3small_frozen,leaky,kaggle_fake_real_medicine_e54f1413e6,0,1,0.99391
43,model3_mobilenetv3small_frozen,leaky,kaggle_fake_real_medicine_edbb207b2e,0,1,0.867369
43,model3_mobilenetv3small_frozen,leaky,kaggle_fake_real_medicine_eded2385a3,0,0,0.000161
43,model3_mobilenetv3small_frozen,leaky,kaggle_fake_real_medicine_ef4bd64707,1,0,0.000694
43,model3_mobilenetv3small_frozen,leaky,kaggle_fake_real_medicine_ef75337a14,0,0,0.000913
43,model3_mobilenetv3small_frozen,leaky,kaggle_fake_real_medicine_f61949b1d3,0,1,0.998222
43,model3_mobilenetv3small_frozen,leaky,kaggle_fake_real_medicine_f8bd42c191,0,1,0.997264
43,model2_smallcnn_gap,clean,kaggle_fake_real_medicine_012dbfbc36,1,1,0.756636
43,model2_smallcnn_gap,clean,kaggle_fake_real_medicine_04c5e557b8,0,1,0.856759
43,model2_smallcnn_gap,clean,kaggle_fake_real_medicine_077563b376,0,0,0.141138
43,model2_smallcnn_gap,clean,kaggle_fake_real_medicine_097d8595eb,1,0,0.045976
43,model2_smallcnn_gap,clean,kaggle_fake_real_medicine_0a680b1608,1,1,0.743392
43,model2_smallcnn_gap,clean,kaggle_fake_real_medicine_0bd80c0685,0,1,0.923729
43,model2_smallcnn_gap,clean,kaggle_fake_real_medicine_0d6c0cec82,1,0,0.064522
43,model2_smallcnn_gap,clean,kaggle_fake_real_medicine_0ef14de6d2,0,0,0.064826
43,model2_smallcnn_gap,clean,kaggle_fake_real_medicine_10225ffb67,1,0,0.064791
43,model2_smallcnn_gap,clean,kaggle_fake_real_medicine_12c43a7eaa,0,1,0.588926
43,model2_smallcnn_gap,clean,kaggle_fake_real_medicine_145d2c296f,1,0,0.081619
43,model2_smallcnn_gap,clean,kaggle_fake_real_medicine_14a03230bc,1,0,0.055489
43,model2_smallcnn_gap,clean,kaggle_fake_real_medicine_1761000c09,1,0,0.096169
43,model2_smallcnn_gap,clean,kaggle_fake_real_medicine_188e0dcabe,1,0,0.106622
43,model2_smallcnn_gap,clean,kaggle_fake_real_medicine_1fb3ce9b13,1,0,0.139929
43,model2_smallcnn_gap,clean,kaggle_fake_real_medicine_206e0e85c6,0,0,0.107527
43,model2_smallcnn_gap,clean,kaggle_fake_real_medicine_20c4a33635,0,1,0.356566
43,model2_smallcnn_gap,clean,kaggle_fake_real_medicine_21720344fd,1,0,0.063461
43,model2_smallcnn_gap,clean,kaggle_fake_real_medicine_28623dc5d3,0,0,0.350342
43,model2_smallcnn_gap,clean,kaggle_fake_real_medicine_2bf66badab,1,1,0.750434
43,model2_smallcnn_gap,clean,kaggle_fake_real_medicine_2fb956eb5f,0,1,0.825942
43,model2_smallcnn_gap,clean,kaggle_fake_real_medicine_44fd0f757a,0,0,0.319714
43,model2_smallcnn_gap,clean,kaggle_fake_real_medicine_4581f49ec4,0,1,0.602901
43,model2_smallcnn_gap,clean,kaggle_fake_real_medicine_47ef3972b2,1,0,0.125679
43,model2_smallcnn_gap,clean,kaggle_fake_real_medicine_4fcc86b614,1,0,0.321314
43,model2_smallcnn_gap,clean,kaggle_fake_real_medicine_52a8894c41,0,0,0.690659
43,model2_smallcnn_gap,clean,kaggle_fake_real_medicine_578b78be70,1,0,0.215471
43,model2_smallcnn_gap,clean,kaggle_fake_real_medicine_5d72b67a63,0,1,0.393319
43,model2_smallcnn_gap,clean,kaggle_fake_real_medicine_6134763660,1,0,0.50833
43,model2_smallcnn_gap,clean,kaggle_fake_real_medicine_627585c336,1,0,0.178885
43,model2_smallcnn_gap,clean,kaggle_fake_real_medicine_62fb730310,1,1,0.537743
43,model2_smallcnn_gap,clean,kaggle_fake_real_medicine_634456e7d6,1,0,0.533168
43,model2_smallcnn_gap,clean,kaggle_fake_real_medicine_64dd03edff,0,1,0.770513
43,model2_smallcnn_gap,clean,kaggle_fake_real_medicine_651e0f0a85,0,0,0.527784
43,model2_smallcnn_gap,clean,kaggle_fake_real_medicine_680234b7cf,0,1,0.600249
43,model2_smallcnn_gap,clean,kaggle_fake_real_medicine_6bda05ca54,1,0,0.058551
43,model2_smallcnn_gap,clean,kaggle_fake_real_medicine_702b301e99,0,1,0.937099
43,model2_smallcnn_gap,clean,kaggle_fake_real_medicine_73a6ece8e9,1,1,0.846251
43,model2_smallcnn_gap,clean,kaggle_fake_real_medicine_779c1196eb,0,0,0.288861
43,model2_smallcnn_gap,clean,kaggle_fake_real_medicine_7b8afa42b4,1,1,0.91706
43,model2_smallcnn_gap,clean,kaggle_fake_real_medicine_845ee248b9,1,1,0.96674
43,model2_smallcnn_gap,clean,kaggle_fake_real_medicine_88e760ec67,1,0,0.068873
43,model2_smallcnn_gap,clean,kaggle_fake_real_medicine_97b7ba7093,0,0,0.078151
43,model2_smallcnn_gap,clean,kaggle_fake_real_medicine_9a1295c310,0,1,0.81865
43,model2_smallcnn_gap,clean,kaggle_fake_real_medicine_9abd16be2c,0,1,0.704474
43,model2_smallcnn_gap,clean,kaggle_fake_real_medicine_9c1aa55ecd,0,0,0.559156
43,model2_smallcnn_gap,clean,kaggle_fake_real_medicine_a52f4729ef,0,1,0.593713
43,model2_smallcnn_gap,clean,kaggle_fake_real_medicine_a5c91851cb,0,1,0.999938
43,model2_smallcnn_gap,clean,kaggle_fake_real_medicine_a8e282a356,0,1,0.820123
43,model2_smallcnn_gap,clean,kaggle_fake_real_medicine_ae2efd1c6c,0,1,0.864232
43,model2_smallcnn_gap,clean,kaggle_fake_real_medicine_aee89a8f04,1,0,0.059602
43,model2_smallcnn_gap,clean,kaggle_fake_real_medicine_b309605a66,0,1,0.743807
43,model2_smallcnn_gap,clean,kaggle_fake_real_medicine_b70df6e629,0,1,0.761282
43,model2_smallcnn_gap,clean,kaggle_fake_real_medicine_bdd667d804,0,1,0.991413
43,model2_smallcnn_gap,clean,kaggle_fake_real_medicine_c7404298d4,0,0,0.16187
43,model2_smallcnn_gap,clean,kaggle_fake_real_medicine_c81ed5b421,0,1,0.916342
43,model2_smallcnn_gap,clean,kaggle_fake_real_medicine_c934d254bd,0,1,0.850908
43,model2_smallcnn_gap,clean,kaggle_fake_real_medicine_c9ccae27b6,0,0,0.506698
43,model2_smallcnn_gap,clean,kaggle_fake_real_medicine_cbe26aa03b,0,1,0.798892
43,model2_smallcnn_gap,clean,kaggle_fake_real_medicine_cd59615cfe,1,0,0.060663
43,model2_smallcnn_gap,clean,kaggle_fake_real_medicine_cd5e5e7124,0,0,0.08808
43,model2_smallcnn_gap,clean,kaggle_fake_real_medicine_d34b172d99,0,1,0.767469
43,model2_smallcnn_gap,clean,kaggle_fake_real_medicine_d3c6fa2ded,0,0,0.542529
43,model2_smallcnn_gap,clean,kaggle_fake_real_medicine_d6620e5f3d,0,0,0.238449
43,model2_smallcnn_gap,clean,kaggle_fake_real_medicine_e0787b76d6,1,1,0.8636
43,model2_smallcnn_gap,clean,kaggle_fake_real_medicine_e33cdd1fc3,0,0,0.512963
43,model2_smallcnn_gap,clean,kaggle_fake_real_medicine_e390352f04,0,0,0.128553
43,model2_smallcnn_gap,clean,kaggle_fake_real_medicine_e54f1413e6,0,1,0.976396
43,model2_smallcnn_gap,clean,kaggle_fake_real_medicine_edbb207b2e,0,1,0.502908
43,model2_smallcnn_gap,clean,kaggle_fake_real_medicine_eded2385a3,0,0,0.349491
43,model2_smallcnn_gap,clean,kaggle_fake_real_medicine_ef4bd64707,1,0,0.10811
43,model2_smallcnn_gap,clean,kaggle_fake_real_medicine_ef75337a14,0,0,0.052929
43,model2_smallcnn_gap,clean,kaggle_fake_real_medicine_f61949b1d3,0,1,0.772594
43,model2_smallcnn_gap,clean,kaggle_fake_real_medicine_f8bd42c191,0,1,0.628075
43,model2_smallcnn_gap,leaky,kaggle_fake_real_medicine_012dbfbc36,1,1,0.850137
43,model2_smallcnn_gap,leaky,kaggle_fake_real_medicine_04c5e557b8,0,1,0.941636
43,model2_smallcnn_gap,leaky,kaggle_fake_real_medicine_077563b376,0,0,0.166412
43,model2_smallcnn_gap,leaky,kaggle_fake_real_medicine_097d8595eb,1,0,0.057968
43,model2_smallcnn_gap,leaky,kaggle_fake_real_medicine_0a680b1608,1,1,0.776168
43,model2_smallcnn_gap,leaky,kaggle_fake_real_medicine_0bd80c0685,0,1,0.968848
43,model2_smallcnn_gap,leaky,kaggle_fake_real_medicine_0d6c0cec82,1,0,0.073482
43,model2_smallcnn_gap,leaky,kaggle_fake_real_medicine_0ef14de6d2,0,0,0.065528
43,model2_smallcnn_gap,leaky,kaggle_fake_real_medicine_10225ffb67,1,0,0.07505
43,model2_smallcnn_gap,leaky,kaggle_fake_real_medicine_12c43a7eaa,0,1,0.702823
43,model2_smallcnn_gap,leaky,kaggle_fake_real_medicine_145d2c296f,1,0,0.068316
43,model2_smallcnn_gap,leaky,kaggle_fake_real_medicine_14a03230bc,1,0,0.060373
43,model2_smallcnn_gap,leaky,kaggle_fake_real_medicine_1761000c09,1,0,0.077353
43,model2_smallcnn_gap,leaky,kaggle_fake_real_medicine_188e0dcabe,1,0,0.124389
43,model2_smallcnn_gap,leaky,kaggle_fake_real_medicine_1fb3ce9b13,1,0,0.140707
43,model2_smallcnn_gap,leaky,kaggle_fake_real_medicine_206e0e85c6,0,0,0.134661
43,model2_smallcnn_gap,leaky,kaggle_fake_real_medicine_20c4a33635,0,1,0.46881
43,model2_smallcnn_gap,leaky,kaggle_fake_real_medicine_21720344fd,1,0,0.071849
43,model2_smallcnn_gap,leaky,kaggle_fake_real_medicine_28623dc5d3,0,0,0.44487
43,model2_smallcnn_gap,leaky,kaggle_fake_real_medicine_2bf66badab,1,1,0.842161
43,model2_smallcnn_gap,leaky,kaggle_fake_real_medicine_2fb956eb5f,0,1,0.893535
43,model2_smallcnn_gap,leaky,kaggle_fake_real_medicine_44fd0f757a,0,0,0.301333
43,model2_smallcnn_gap,leaky,kaggle_fake_real_medicine_4581f49ec4,0,1,0.740979
43,model2_smallcnn_gap,leaky,kaggle_fake_real_medicine_47ef3972b2,1,0,0.139098
43,model2_smallcnn_gap,leaky,kaggle_fake_real_medicine_4fcc86b614,1,0,0.418497
43,model2_smallcnn_gap,leaky,kaggle_fake_real_medicine_52a8894c41,0,0,0.780713
43,model2_smallcnn_gap,leaky,kaggle_fake_real_medicine_578b78be70,1,0,0.185049
43,model2_smallcnn_gap,leaky,kaggle_fake_real_medicine_5d72b67a63,0,1,0.480496
43,model2_smallcnn_gap,leaky,kaggle_fake_real_medicine_6134763660,1,0,0.653536
43,model2_smallcnn_gap,leaky,kaggle_fake_real_medicine_627585c336,1,0,0.21317
43,model2_smallcnn_gap,leaky,kaggle_fake_real_medicine_62fb730310,1,1,0.677798
43,model2_smallcnn_gap,leaky,kaggle_fake_real_medicine_634456e7d6,1,0,0.629641
43,model2_smallcnn_gap,leaky,kaggle_fake_real_medicine_64dd03edff,0,1,0.860518
43,model2_smallcnn_gap,leaky,kaggle_fake_real_medicine_651e0f0a85,0,0,0.700374
43,model2_smallcnn_gap,leaky,kaggle_fake_real_medicine_680234b7cf,0,1,0.700775
43,model2_smallcnn_gap,leaky,kaggle_fake_real_medicine_6bda05ca54,1,0,0.064908
43,model2_smallcnn_gap,leaky,kaggle_fake_real_medicine_702b301e99,0,1,0.976721
43,model2_smallcnn_gap,leaky,kaggle_fake_real_medicine_73a6ece8e9,1,1,0.868337
43,model2_smallcnn_gap,leaky,kaggle_fake_real_medicine_779c1196eb,0,0,0.321007
43,model2_smallcnn_gap,leaky,kaggle_fake_real_medicine_7b8afa42b4,1,1,0.957694
43,model2_smallcnn_gap,leaky,kaggle_fake_real_medicine_845ee248b9,1,1,0.984647
43,model2_smallcnn_gap,leaky,kaggle_fake_real_medicine_88e760ec67,1,0,0.065685
43,model2_smallcnn_gap,leaky,kaggle_fake_real_medicine_97b7ba7093,0,0,0.079666
43,model2_smallcnn_gap,leaky,kaggle_fake_real_medicine_9a1295c310,0,1,0.874412
43,model2_smallcnn_gap,leaky,kaggle_fake_real_medicine_9abd16be2c,0,1,0.8372
43,model2_smallcnn_gap,leaky,kaggle_fake_real_medicine_9c1aa55ecd,0,0,0.674165
43,model2_smallcnn_gap,leaky,kaggle_fake_real_medicine_a52f4729ef,0,1,0.494269
43,model2_smallcnn_gap,leaky,kaggle_fake_real_medicine_a5c91851cb,0,1,0.999991
43,model2_smallcnn_gap,leaky,kaggle_fake_real_medicine_a8e282a356,0,1,0.91672
43,model2_smallcnn_gap,leaky,kaggle_fake_real_medicine_ae2efd1c6c,0,1,0.928699
43,model2_smallcnn_gap,leaky,kaggle_fake_real_medicine_aee89a8f04,1,0,0.06682
43,model2_smallcnn_gap,leaky,kaggle_fake_real_medicine_b309605a66,0,1,0.869983
43,model2_smallcnn_gap,leaky,kaggle_fake_real_medicine_b70df6e629,0,1,0.867521
43,model2_smallcnn_gap,leaky,kaggle_fake_real_medicine_bdd667d804,0,1,0.996707
43,model2_smallcnn_gap,leaky,kaggle_fake_real_medicine_c7404298d4,0,0,0.19226
43,model2_smallcnn_gap,leaky,kaggle_fake_real_medicine_c81ed5b421,0,1,0.970671
43,model2_smallcnn_gap,leaky,kaggle_fake_real_medicine_c934d254bd,0,1,0.921744
43,model2_smallcnn_gap,leaky,kaggle_fake_real_medicine_c9ccae27b6,0,0,0.60769
43,model2_smallcnn_gap,leaky,kaggle_fake_real_medicine_cbe26aa03b,0,1,0.874383
43,model2_smallcnn_gap,leaky,kaggle_fake_real_medicine_cd59615cfe,1,0,0.06868
43,model2_smallcnn_gap,leaky,kaggle_fake_real_medicine_cd5e5e7124,0,0,0.101031
43,model2_smallcnn_gap,leaky,kaggle_fake_real_medicine_d34b172d99,0,1,0.860147
43,model2_smallcnn_gap,leaky,kaggle_fake_real_medicine_d3c6fa2ded,0,0,0.680167
43,model2_smallcnn_gap,leaky,kaggle_fake_real_medicine_d6620e5f3d,0,0,0.305778
43,model2_smallcnn_gap,leaky,kaggle_fake_real_medicine_e0787b76d6,1,1,0.966125
43,model2_smallcnn_gap,leaky,kaggle_fake_real_medicine_e33cdd1fc3,0,0,0.72877
43,model2_smallcnn_gap,leaky,kaggle_fake_real_medicine_e390352f04,0,0,0.158199
43,model2_smallcnn_gap,leaky,kaggle_fake_real_medicine_e54f1413e6,0,1,0.996252
43,model2_smallcnn_gap,leaky,kaggle_fake_real_medicine_edbb207b2e,0,1,0.670081
43,model2_smallcnn_gap,leaky,kaggle_fake_real_medicine_eded2385a3,0,0,0.410553
43,model2_smallcnn_gap,leaky,kaggle_fake_real_medicine_ef4bd64707,1,0,0.131503
43,model2_smallcnn_gap,leaky,kaggle_fake_real_medicine_ef75337a14,0,0,0.059222
43,model2_smallcnn_gap,leaky,kaggle_fake_real_medicine_f61949b1d3,0,1,0.860486
43,model2_smallcnn_gap,leaky,kaggle_fake_real_medicine_f8bd42c191,0,1,0.776447
43,model4_efficientnetb0_frozen,clean,kaggle_fake_real_medicine_012dbfbc36,1,1,0.993416
43,model4_efficientnetb0_frozen,clean,kaggle_fake_real_medicine_04c5e557b8,0,1,0.935614
43,model4_efficientnetb0_frozen,clean,kaggle_fake_real_medicine_077563b376,0,0,0.672522
43,model4_efficientnetb0_frozen,clean,kaggle_fake_real_medicine_097d8595eb,1,0,2.6e-05
43,model4_efficientnetb0_frozen,clean,kaggle_fake_real_medicine_0a680b1608,1,1,0.992407
43,model4_efficientnetb0_frozen,clean,kaggle_fake_real_medicine_0bd80c0685,0,1,0.999362
43,model4_efficientnetb0_frozen,clean,kaggle_fake_real_medicine_0d6c0cec82,1,0,0.000208
43,model4_efficientnetb0_frozen,clean,kaggle_fake_real_medicine_0ef14de6d2,0,0,7.3e-05
43,model4_efficientnetb0_frozen,clean,kaggle_fake_real_medicine_10225ffb67,1,0,9.2e-05
43,model4_efficientnetb0_frozen,clean,kaggle_fake_real_medicine_12c43a7eaa,0,1,0.999323
43,model4_efficientnetb0_frozen,clean,kaggle_fake_real_medicine_145d2c296f,1,0,0.027677
43,model4_efficientnetb0_frozen,clean,kaggle_fake_real_medicine_14a03230bc,1,0,7.5e-05
43,model4_efficientnetb0_frozen,clean,kaggle_fake_real_medicine_1761000c09,1,0,0.003235
43,model4_efficientnetb0_frozen,clean,kaggle_fake_real_medicine_188e0dcabe,1,0,0.003044
43,model4_efficientnetb0_frozen,clean,kaggle_fake_real_medicine_1fb3ce9b13,1,0,0.000331
43,model4_efficientnetb0_frozen,clean,kaggle_fake_real_medicine_206e0e85c6,0,0,0.155572
43,model4_efficientnetb0_frozen,clean,kaggle_fake_real_medicine_20c4a33635,0,1,0.971466
43,model4_efficientnetb0_frozen,clean,kaggle_fake_real_medicine_21720344fd,1,0,1.3e-05
43,model4_efficientnetb0_frozen,clean,kaggle_fake_real_medicine_28623dc5d3,0,0,0.019937
43,model4_efficientnetb0_frozen,clean,kaggle_fake_real_medicine_2bf66badab,1,1,0.946085
43,model4_efficientnetb0_frozen,clean,kaggle_fake_real_medicine_2fb956eb5f,0,1,0.998272
43,model4_efficientnetb0_frozen,clean,kaggle_fake_real_medicine_44fd0f757a,0,0,0.040184
43,model4_efficientnetb0_frozen,clean,kaggle_fake_real_medicine_4581f49ec4,0,1,0.998935
43,model4_efficientnetb0_frozen,clean,kaggle_fake_real_medicine_47ef3972b2,1,0,1.7e-05
43,model4_efficientnetb0_frozen,clean,kaggle_fake_real_medicine_4fcc86b614,1,0,0.042792
43,model4_efficientnetb0_frozen,clean,kaggle_fake_real_medicine_52a8894c41,0,0,5.9e-05
43,model4_efficientnetb0_frozen,clean,kaggle_fake_real_medicine_578b78be70,1,0,0.013619
43,model4_efficientnetb0_frozen,clean,kaggle_fake_real_medicine_5d72b67a63,0,1,0.934244
43,model4_efficientnetb0_frozen,clean,kaggle_fake_real_medicine_6134763660,1,0,0.000306
43,model4_efficientnetb0_frozen,clean,kaggle_fake_real_medicine_627585c336,1,0,0.002099
43,model4_efficientnetb0_frozen,clean,kaggle_fake_real_medicine_62fb730310,1,1,0.986127
43,model4_efficientnetb0_frozen,clean,kaggle_fake_real_medicine_634456e7d6,1,0,0.002866
43,model4_efficientnetb0_frozen,clean,kaggle_fake_real_medicine_64dd03edff,0,1,0.998382
43,model4_efficientnetb0_frozen,clean,kaggle_fake_real_medicine_651e0f0a85,0,0,0.003528
43,model4_efficientnetb0_frozen,clean,kaggle_fake_real_medicine_680234b7cf,0,1,0.999717
43,model4_efficientnetb0_frozen,clean,kaggle_fake_real_medicine_6bda05ca54,1,0,0.001214
43,model4_efficientnetb0_frozen,clean,kaggle_fake_real_medicine_702b301e99,0,1,0.999984
43,model4_efficientnetb0_frozen,clean,kaggle_fake_real_medicine_73a6ece8e9,1,1,0.966384
43,model4_efficientnetb0_frozen,clean,kaggle_fake_real_medicine_779c1196eb,0,0,0.000373
43,model4_efficientnetb0_frozen,clean,kaggle_fake_real_medicine_7b8afa42b4,1,1,0.99815
43,model4_efficientnetb0_frozen,clean,kaggle_fake_real_medicine_845ee248b9,1,1,0.999821
43,model4_efficientnetb0_frozen,clean,kaggle_fake_real_medicine_88e760ec67,1,0,0.000112
43,model4_efficientnetb0_frozen,clean,kaggle_fake_real_medicine_97b7ba7093,0,0,0.018312
43,model4_efficientnetb0_frozen,clean,kaggle_fake_real_medicine_9a1295c310,0,1,0.961772
43,model4_efficientnetb0_frozen,clean,kaggle_fake_real_medicine_9abd16be2c,0,1,0.698044
43,model4_efficientnetb0_frozen,clean,kaggle_fake_real_medicine_9c1aa55ecd,0,0,0.000561
43,model4_efficientnetb0_frozen,clean,kaggle_fake_real_medicine_a52f4729ef,0,1,0.998744
43,model4_efficientnetb0_frozen,clean,kaggle_fake_real_medicine_a5c91851cb,0,1,0.998833
43,model4_efficientnetb0_frozen,clean,kaggle_fake_real_medicine_a8e282a356,0,1,0.999966
43,model4_efficientnetb0_frozen,clean,kaggle_fake_real_medicine_ae2efd1c6c,0,1,0.988426
43,model4_efficientnetb0_frozen,clean,kaggle_fake_real_medicine_aee89a8f04,1,0,1.8e-05
43,model4_efficientnetb0_frozen,clean,kaggle_fake_real_medicine_b309605a66,0,1,0.999106
43,model4_efficientnetb0_frozen,clean,kaggle_fake_real_medicine_b70df6e629,0,1,0.998482
43,model4_efficientnetb0_frozen,clean,kaggle_fake_real_medicine_bdd667d804,0,1,0.961918
43,model4_efficientnetb0_frozen,clean,kaggle_fake_real_medicine_c7404298d4,0,0,5e-05
43,model4_efficientnetb0_frozen,clean,kaggle_fake_real_medicine_c81ed5b421,0,1,0.999939
43,model4_efficientnetb0_frozen,clean,kaggle_fake_real_medicine_c934d254bd,0,1,0.999989
43,model4_efficientnetb0_frozen,clean,kaggle_fake_real_medicine_c9ccae27b6,0,0,0.182093
43,model4_efficientnetb0_frozen,clean,kaggle_fake_real_medicine_cbe26aa03b,0,1,0.978999
43,model4_efficientnetb0_frozen,clean,kaggle_fake_real_medicine_cd59615cfe,1,0,0.002251
43,model4_efficientnetb0_frozen,clean,kaggle_fake_real_medicine_cd5e5e7124,0,0,0.059918
43,model4_efficientnetb0_frozen,clean,kaggle_fake_real_medicine_d34b172d99,0,1,0.998685
43,model4_efficientnetb0_frozen,clean,kaggle_fake_real_medicine_d3c6fa2ded,0,0,3.5e-05
43,model4_efficientnetb0_frozen,clean,kaggle_fake_real_medicine_d6620e5f3d,0,0,0.002133
43,model4_efficientnetb0_frozen,clean,kaggle_fake_real_medicine_e0787b76d6,1,1,0.998363
43,model4_efficientnetb0_frozen,clean,kaggle_fake_real_medicine_e33cdd1fc3,0,0,0.002264
43,model4_efficientnetb0_frozen,clean,kaggle_fake_real_medicine_e390352f04,0,0,0.004422
43,model4_efficientnetb0_frozen,clean,kaggle_fake_real_medicine_e54f1413e6,0,1,0.986782
43,model4_efficientnetb0_frozen,clean,kaggle_fake_real_medicine_edbb207b2e,0,1,0.942458
43,model4_efficientnetb0_frozen,clean,kaggle_fake_real_medicine_eded2385a3,0,0,1.4e-05
43,model4_efficientnetb0_frozen,clean,kaggle_fake_real_medicine_ef4bd64707,1,0,0.000199
43,model4_efficientnetb0_frozen,clean,kaggle_fake_real_medicine_ef75337a14,0,0,0.001259
43,model4_efficientnetb0_frozen,clean,kaggle_fake_real_medicine_f61949b1d3,0,1,0.996765
43,model4_efficientnetb0_frozen,clean,kaggle_fake_real_medicine_f8bd42c191,0,1,0.988766
43,model4_efficientnetb0_frozen,leaky,kaggle_fake_real_medicine_012dbfbc36,1,1,0.996925
43,model4_efficientnetb0_frozen,leaky,kaggle_fake_real_medicine_04c5e557b8,0,1,0.950813
43,model4_efficientnetb0_frozen,leaky,kaggle_fake_real_medicine_077563b376,0,0,0.658139
43,model4_efficientnetb0_frozen,leaky,kaggle_fake_real_medicine_097d8595eb,1,0,2.9e-05
43,model4_efficientnetb0_frozen,leaky,kaggle_fake_real_medicine_0a680b1608,1,1,0.995711
43,model4_efficientnetb0_frozen,leaky,kaggle_fake_real_medicine_0bd80c0685,0,1,0.99932
43,model4_efficientnetb0_frozen,leaky,kaggle_fake_real_medicine_0d6c0cec82,1,0,0.000142
43,model4_efficientnetb0_frozen,leaky,kaggle_fake_real_medicine_0ef14de6d2,0,0,5.8e-05
43,model4_efficientnetb0_frozen,leaky,kaggle_fake_real_medicine_10225ffb67,1,0,7.9e-05
43,model4_efficientnetb0_frozen,leaky,kaggle_fake_real_medicine_12c43a7eaa,0,1,0.999452
43,model4_efficientnetb0_frozen,leaky,kaggle_fake_real_medicine_145d2c296f,1,0,0.049765
43,model4_efficientnetb0_frozen,leaky,kaggle_fake_real_medicine_14a03230bc,1,0,7e-05
43,model4_efficientnetb0_frozen,leaky,kaggle_fake_real_medicine_1761000c09,1,0,0.002109
43,model4_efficientnetb0_frozen,leaky,kaggle_fake_real_medicine_188e0dcabe,1,0,0.002584
43,model4_efficientnetb0_frozen,leaky,kaggle_fake_real_medicine_1fb3ce9b13,1,0,0.00025
43,model4_efficientnetb0_frozen,leaky,kaggle_fake_real_medicine_206e0e85c6,0,0,0.114897
43,model4_efficientnetb0_frozen,leaky,kaggle_fake_real_medicine_20c4a33635,0,1,0.974769
43,model4_efficientnetb0_frozen,leaky,kaggle_fake_real_medicine_21720344fd,1,0,9e-06
43,model4_efficientnetb0_frozen,leaky,kaggle_fake_real_medicine_28623dc5d3,0,0,0.019131
43,model4_efficientnetb0_frozen,leaky,kaggle_fake_real_medicine_2bf66badab,1,1,0.9637
43,model4_efficientnetb0_frozen,leaky,kaggle_fake_real_medicine_2fb956eb5f,0,1,0.998264
43,model4_efficientnetb0_frozen,leaky,kaggle_fake_real_medicine_44fd0f757a,0,0,0.022219
43,model4_efficientnetb0_frozen,leaky,kaggle_fake_real_medicine_4581f49ec4,0,1,0.999158
43,model4_efficientnetb0_frozen,leaky,kaggle_fake_real_medicine_47ef3972b2,1,0,1e-05
43,model4_efficientnetb0_frozen,leaky,kaggle_fake_real_medicine_4fcc86b614,1,0,0.015152
43,model4_efficientnetb0_frozen,leaky,kaggle_fake_real_medicine_52a8894c41,0,0,4.5e-05
43,model4_efficientnetb0_frozen,leaky,kaggle_fake_real_medicine_578b78be70,1,0,0.008936
43,model4_efficientnetb0_frozen,leaky,kaggle_fake_real_medicine_5d72b67a63,0,1,0.931539
43,model4_efficientnetb0_frozen,leaky,kaggle_fake_real_medicine_6134763660,1,0,0.000302
43,model4_efficientnetb0_frozen,leaky,kaggle_fake_real_medicine_627585c336,1,0,0.000757
43,model4_efficientnetb0_frozen,leaky,kaggle_fake_real_medicine_62fb730310,1,1,0.985541
43,model4_efficientnetb0_frozen,leaky,kaggle_fake_real_medicine_634456e7d6,1,0,0.00165
43,model4_efficientnetb0_frozen,leaky,kaggle_fake_real_medicine_64dd03edff,0,1,0.997115
43,model4_efficientnetb0_frozen,leaky,kaggle_fake_real_medicine_651e0f0a85,0,0,0.0098
43,model4_efficientnetb0_frozen,leaky,kaggle_fake_real_medicine_680234b7cf,0,1,0.999713
43,model4_efficientnetb0_frozen,leaky,kaggle_fake_real_medicine_6bda05ca54,1,0,0.001127
43,model4_efficientnetb0_frozen,leaky,kaggle_fake_real_medicine_702b301e99,0,1,0.999979
43,model4_efficientnetb0_frozen,leaky,kaggle_fake_real_medicine_73a6ece8e9,1,1,0.995979
43,model4_efficientnetb0_frozen,leaky,kaggle_fake_real_medicine_779c1196eb,0,0,0.000208
43,model4_efficientnetb0_frozen,leaky,kaggle_fake_real_medicine_7b8afa42b4,1,1,0.999027
43,model4_efficientnetb0_frozen,leaky,kaggle_fake_real_medicine_845ee248b9,1,1,0.99981
43,model4_efficientnetb0_frozen,leaky,kaggle_fake_real_medicine_88e760ec67,1,0,4.6e-05
43,model4_efficientnetb0_frozen,leaky,kaggle_fake_real_medicine_97b7ba7093,0,0,0.038404
43,model4_efficientnetb0_frozen,leaky,kaggle_fake_real_medicine_9a1295c310,0,1,0.948049
43,model4_efficientnetb0_frozen,leaky,kaggle_fake_real_medicine_9abd16be2c,0,1,0.702249
43,model4_efficientnetb0_frozen,leaky,kaggle_fake_real_medicine_9c1aa55ecd,0,0,0.000857
43,model4_efficientnetb0_frozen,leaky,kaggle_fake_real_medicine_a52f4729ef,0,1,0.998661
43,model4_efficientnetb0_frozen,leaky,kaggle_fake_real_medicine_a5c91851cb,0,1,0.998796
43,model4_efficientnetb0_frozen,leaky,kaggle_fake_real_medicine_a8e282a356,0,1,0.999977
43,model4_efficientnetb0_frozen,leaky,kaggle_fake_real_medicine_ae2efd1c6c,0,1,0.987986
43,model4_efficientnetb0_frozen,leaky,kaggle_fake_real_medicine_aee89a8f04,1,0,1.5e-05
43,model4_efficientnetb0_frozen,leaky,kaggle_fake_real_medicine_b309605a66,0,1,0.99929
43,model4_efficientnetb0_frozen,leaky,kaggle_fake_real_medicine_b70df6e629,0,1,0.998744
43,model4_efficientnetb0_frozen,leaky,kaggle_fake_real_medicine_bdd667d804,0,1,0.959858
43,model4_efficientnetb0_frozen,leaky,kaggle_fake_real_medicine_c7404298d4,0,0,4.3e-05
43,model4_efficientnetb0_frozen,leaky,kaggle_fake_real_medicine_c81ed5b421,0,1,0.999925
43,model4_efficientnetb0_frozen,leaky,kaggle_fake_real_medicine_c934d254bd,0,1,0.999988
43,model4_efficientnetb0_frozen,leaky,kaggle_fake_real_medicine_c9ccae27b6,0,0,0.189788
43,model4_efficientnetb0_frozen,leaky,kaggle_fake_real_medicine_cbe26aa03b,0,1,0.985802
43,model4_efficientnetb0_frozen,leaky,kaggle_fake_real_medicine_cd59615cfe,1,0,0.002035
43,model4_efficientnetb0_frozen,leaky,kaggle_fake_real_medicine_cd5e5e7124,0,0,0.050316
43,model4_efficientnetb0_frozen,leaky,kaggle_fake_real_medicine_d34b172d99,0,1,0.998952
43,model4_efficientnetb0_frozen,leaky,kaggle_fake_real_medicine_d3c6fa2ded,0,0,2.5e-05
43,model4_efficientnetb0_frozen,leaky,kaggle_fake_real_medicine_d6620e5f3d,0,0,0.002377
43,model4_efficientnetb0_frozen,leaky,kaggle_fake_real_medicine_e0787b76d6,1,1,0.998904
43,model4_efficientnetb0_frozen,leaky,kaggle_fake_real_medicine_e33cdd1fc3,0,0,0.003983
43,model4_efficientnetb0_frozen,leaky,kaggle_fake_real_medicine_e390352f04,0,0,0.00329
43,model4_efficientnetb0_frozen,leaky,kaggle_fake_real_medicine_e54f1413e6,0,1,0.995042
43,model4_efficientnetb0_frozen,leaky,kaggle_fake_real_medicine_edbb207b2e,0,1,0.931555
43,model4_efficientnetb0_frozen,leaky,kaggle_fake_real_medicine_eded2385a3,0,0,7e-06
43,model4_efficientnetb0_frozen,leaky,kaggle_fake_real_medicine_ef4bd64707,1,0,8e-05
43,model4_efficientnetb0_frozen,leaky,kaggle_fake_real_medicine_ef75337a14,0,0,0.001207
43,model4_efficientnetb0_frozen,leaky,kaggle_fake_real_medicine_f61949b1d3,0,1,0.997268
43,model4_efficientnetb0_frozen,leaky,kaggle_fake_real_medicine_f8bd42c191,0,1,0.991547
44,model3_mobilenetv3small_frozen,clean,kaggle_fake_real_medicine_012dbfbc36,1,1,0.992055
44,model3_mobilenetv3small_frozen,clean,kaggle_fake_real_medicine_04c5e557b8,0,1,0.869882
44,model3_mobilenetv3small_frozen,clean,kaggle_fake_real_medicine_077563b376,0,0,0.241419
44,model3_mobilenetv3small_frozen,clean,kaggle_fake_real_medicine_097d8595eb,1,0,0.000755
44,model3_mobilenetv3small_frozen,clean,kaggle_fake_real_medicine_0a680b1608,1,1,0.980384
44,model3_mobilenetv3small_frozen,clean,kaggle_fake_real_medicine_0bd80c0685,0,1,0.999273
44,model3_mobilenetv3small_frozen,clean,kaggle_fake_real_medicine_0d6c0cec82,1,0,0.007457
44,model3_mobilenetv3small_frozen,clean,kaggle_fake_real_medicine_0ef14de6d2,0,0,0.002111
44,model3_mobilenetv3small_frozen,clean,kaggle_fake_real_medicine_10225ffb67,1,0,0.040643
44,model3_mobilenetv3small_frozen,clean,kaggle_fake_real_medicine_12c43a7eaa,0,1,0.999555
44,model3_mobilenetv3small_frozen,clean,kaggle_fake_real_medicine_145d2c296f,1,0,0.014888
44,model3_mobilenetv3small_frozen,clean,kaggle_fake_real_medicine_14a03230bc,1,0,0.002715
44,model3_mobilenetv3small_frozen,clean,kaggle_fake_real_medicine_1761000c09,1,0,0.016066
44,model3_mobilenetv3small_frozen,clean,kaggle_fake_real_medicine_188e0dcabe,1,0,0.015786
44,model3_mobilenetv3small_frozen,clean,kaggle_fake_real_medicine_1fb3ce9b13,1,0,0.00019
44,model3_mobilenetv3small_frozen,clean,kaggle_fake_real_medicine_206e0e85c6,0,0,0.169827
44,model3_mobilenetv3small_frozen,clean,kaggle_fake_real_medicine_20c4a33635,0,1,0.998415
44,model3_mobilenetv3small_frozen,clean,kaggle_fake_real_medicine_21720344fd,1,0,0.000888
44,model3_mobilenetv3small_frozen,clean,kaggle_fake_real_medicine_28623dc5d3,0,0,0.002289
44,model3_mobilenetv3small_frozen,clean,kaggle_fake_real_medicine_2bf66badab,1,1,0.994572
44,model3_mobilenetv3small_frozen,clean,kaggle_fake_real_medicine_2fb956eb5f,0,1,0.999712
44,model3_mobilenetv3small_frozen,clean,kaggle_fake_real_medicine_44fd0f757a,0,0,0.015572
44,model3_mobilenetv3small_frozen,clean,kaggle_fake_real_medicine_4581f49ec4,0,1,0.999146
44,model3_mobilenetv3small_frozen,clean,kaggle_fake_real_medicine_47ef3972b2,1,0,0.001403
44,model3_mobilenetv3small_frozen,clean,kaggle_fake_real_medicine_4fcc86b614,1,0,0.47841
44,model3_mobilenetv3small_frozen,clean,kaggle_fake_real_medicine_52a8894c41,0,0,0.00049
44,model3_mobilenetv3small_frozen,clean,kaggle_fake_real_medicine_578b78be70,1,0,0.027123
44,model3_mobilenetv3small_frozen,clean,kaggle_fake_real_medicine_5d72b67a63,0,1,0.985761
44,model3_mobilenetv3small_frozen,clean,kaggle_fake_real_medicine_6134763660,1,0,0.00414
44,model3_mobilenetv3small_frozen,clean,kaggle_fake_real_medicine_627585c336,1,0,0.00412
44,model3_mobilenetv3small_frozen,clean,kaggle_fake_real_medicine_62fb730310,1,1,0.999078
44,model3_mobilenetv3small_frozen,clean,kaggle_fake_real_medicine_634456e7d6,1,0,0.034969
44,model3_mobilenetv3small_frozen,clean,kaggle_fake_real_medicine_64dd03edff,0,1,0.999784
44,model3_mobilenetv3small_frozen,clean,kaggle_fake_real_medicine_651e0f0a85,0,0,0.014444
44,model3_mobilenetv3small_frozen,clean,kaggle_fake_real_medicine_680234b7cf,0,1,0.999607
44,model3_mobilenetv3small_frozen,clean,kaggle_fake_real_medicine_6bda05ca54,1,0,0.005151
44,model3_mobilenetv3small_frozen,clean,kaggle_fake_real_medicine_702b301e99,0,1,0.999809
44,model3_mobilenetv3small_frozen,clean,kaggle_fake_real_medicine_73a6ece8e9,1,1,0.997496
44,model3_mobilenetv3small_frozen,clean,kaggle_fake_real_medicine_779c1196eb,0,0,0.012437
44,model3_mobilenetv3small_frozen,clean,kaggle_fake_real_medicine_7b8afa42b4,1,1,0.999928
44,model3_mobilenetv3small_frozen,clean,kaggle_fake_real_medicine_845ee248b9,1,1,0.995638
44,model3_mobilenetv3small_frozen,clean,kaggle_fake_real_medicine_88e760ec67,1,0,0.000336
44,model3_mobilenetv3small_frozen,clean,kaggle_fake_real_medicine_97b7ba7093,0,0,0.009726
44,model3_mobilenetv3small_frozen,clean,kaggle_fake_real_medicine_9a1295c310,0,1,0.988937
44,model3_mobilenetv3small_frozen,clean,kaggle_fake_real_medicine_9abd16be2c,0,1,0.73815
44,model3_mobilenetv3small_frozen,clean,kaggle_fake_real_medicine_9c1aa55ecd,0,0,0.009195
44,model3_mobilenetv3small_frozen,clean,kaggle_fake_real_medicine_a52f4729ef,0,1,0.99944
44,model3_mobilenetv3small_frozen,clean,kaggle_fake_real_medicine_a5c91851cb,0,1,0.998324
44,model3_mobilenetv3small_frozen,clean,kaggle_fake_real_medicine_a8e282a356,0,1,0.991585
44,model3_mobilenetv3small_frozen,clean,kaggle_fake_real_medicine_ae2efd1c6c,0,1,0.985087
44,model3_mobilenetv3small_frozen,clean,kaggle_fake_real_medicine_aee89a8f04,1,0,0.005528
44,model3_mobilenetv3small_frozen,clean,kaggle_fake_real_medicine_b309605a66,0,1,0.99956
44,model3_mobilenetv3small_frozen,clean,kaggle_fake_real_medicine_b70df6e629,0,1,0.998362
44,model3_mobilenetv3small_frozen,clean,kaggle_fake_real_medicine_bdd667d804,0,1,0.903104
44,model3_mobilenetv3small_frozen,clean,kaggle_fake_real_medicine_c7404298d4,0,0,0.000293
44,model3_mobilenetv3small_frozen,clean,kaggle_fake_real_medicine_c81ed5b421,0,1,0.998323
44,model3_mobilenetv3small_frozen,clean,kaggle_fake_real_medicine_c934d254bd,0,1,0.999709
44,model3_mobilenetv3small_frozen,clean,kaggle_fake_real_medicine_c9ccae27b6,0,0,0.001282
44,model3_mobilenetv3small_frozen,clean,kaggle_fake_real_medicine_cbe26aa03b,0,1,0.974755
44,model3_mobilenetv3small_frozen,clean,kaggle_fake_real_medicine_cd59615cfe,1,0,0.009948
44,model3_mobilenetv3small_frozen,clean,kaggle_fake_real_medicine_cd5e5e7124,0,0,0.009673
44,model3_mobilenetv3small_frozen,clean,kaggle_fake_real_medicine_d34b172d99,0,1,0.962237
44,model3_mobilenetv3small_frozen,clean,kaggle_fake_real_medicine_d3c6fa2ded,0,0,0.004383
44,model3_mobilenetv3small_frozen,clean,kaggle_fake_real_medicine_d6620e5f3d,0,0,0.000663
44,model3_mobilenetv3small_frozen,clean,kaggle_fake_real_medicine_e0787b76d6,1,1,0.997727
44,model3_mobilenetv3small_frozen,clean,kaggle_fake_real_medicine_e33cdd1fc3,0,0,0.025593
44,model3_mobilenetv3small_frozen,clean,kaggle_fake_real_medicine_e390352f04,0,0,0.016005
44,model3_mobilenetv3small_frozen,clean,kaggle_fake_real_medicine_e54f1413e6,0,1,0.992859
44,model3_mobilenetv3small_frozen,clean,kaggle_fake_real_medicine_edbb207b2e,0,1,0.929393
44,model3_mobilenetv3small_frozen,clean,kaggle_fake_real_medicine_eded2385a3,0,0,0.000227
44,model3_mobilenetv3small_frozen,clean,kaggle_fake_real_medicine_ef4bd64707,1,0,0.000887
44,model3_mobilenetv3small_frozen,clean,kaggle_fake_real_medicine_ef75337a14,0,0,0.00258
44,model3_mobilenetv3small_frozen,clean,kaggle_fake_real_medicine_f61949b1d3,0,1,0.99793
44,model3_mobilenetv3small_frozen,clean,kaggle_fake_real_medicine_f8bd42c191,0,1,0.995736
44,model3_mobilenetv3small_frozen,leaky,kaggle_fake_real_medicine_012dbfbc36,1,1,0.993911
44,model3_mobilenetv3small_frozen,leaky,kaggle_fake_real_medicine_04c5e557b8,0,1,0.866996
44,model3_mobilenetv3small_frozen,leaky,kaggle_fake_real_medicine_077563b376,0,0,0.258604
44,model3_mobilenetv3small_frozen,leaky,kaggle_fake_real_medicine_097d8595eb,1,0,0.000801
44,model3_mobilenetv3small_frozen,leaky,kaggle_fake_real_medicine_0a680b1608,1,1,0.983307
44,model3_mobilenetv3small_frozen,leaky,kaggle_fake_real_medicine_0bd80c0685,0,1,0.99925
44,model3_mobilenetv3small_frozen,leaky,kaggle_fake_real_medicine_0d6c0cec82,1,0,0.00687
44,model3_mobilenetv3small_frozen,leaky,kaggle_fake_real_medicine_0ef14de6d2,0,0,0.002033
44,model3_mobilenetv3small_frozen,leaky,kaggle_fake_real_medicine_10225ffb67,1,0,0.038666
44,model3_mobilenetv3small_frozen,leaky,kaggle_fake_real_medicine_12c43a7eaa,0,1,0.999557
44,model3_mobilenetv3small_frozen,leaky,kaggle_fake_real_medicine_145d2c296f,1,0,0.014748
44,model3_mobilenetv3small_frozen,leaky,kaggle_fake_real_medicine_14a03230bc,1,0,0.003376
44,model3_mobilenetv3small_frozen,leaky,kaggle_fake_real_medicine_1761000c09,1,0,0.012575
44,model3_mobilenetv3small_frozen,leaky,kaggle_fake_real_medicine_188e0dcabe,1,0,0.015398
44,model3_mobilenetv3small_frozen,leaky,kaggle_fake_real_medicine_1fb3ce9b13,1,0,0.000198
44,model3_mobilenetv3small_frozen,leaky,kaggle_fake_real_medicine_206e0e85c6,0,0,0.190024
44,model3_mobilenetv3small_frozen,leaky,kaggle_fake_real_medicine_20c4a33635,0,1,0.998119
44,model3_mobilenetv3small_frozen,leaky,kaggle_fake_real_medicine_21720344fd,1,0,0.00073
44,model3_mobilenetv3small_frozen,leaky,kaggle_fake_real_medicine_28623dc5d3,0,0,0.002472
44,model3_mobilenetv3small_frozen,leaky,kaggle_fake_real_medicine_2bf66badab,1,1,0.994128
44,model3_mobilenetv3small_frozen,leaky,kaggle_fake_real_medicine_2fb956eb5f,0,1,0.999731
44,model3_mobilenetv3small_frozen,leaky,kaggle_fake_real_medicine_44fd0f757a,0,0,0.013308
44,model3_mobilenetv3small_frozen,leaky,kaggle_fake_real_medicine_4581f49ec4,0,1,0.999182
44,model3_mobilenetv3small_frozen,leaky,kaggle_fake_real_medicine_47ef3972b2,1,0,0.001279
44,model3_mobilenetv3small_frozen,leaky,kaggle_fake_real_medicine_4fcc86b614,1,0,0.315046
44,model3_mobilenetv3small_frozen,leaky,kaggle_fake_real_medicine_52a8894c41,0,0,0.000405
44,model3_mobilenetv3small_frozen,leaky,kaggle_fake_real_medicine_578b78be70,1,0,0.021549
44,model3_mobilenetv3small_frozen,leaky,kaggle_fake_real_medicine_5d72b67a63,0,1,0.98892
44,model3_mobilenetv3small_frozen,leaky,kaggle_fake_real_medicine_6134763660,1,0,0.003865
44,model3_mobilenetv3small_frozen,leaky,kaggle_fake_real_medicine_627585c336,1,0,0.003503
44,model3_mobilenetv3small_frozen,leaky,kaggle_fake_real_medicine_62fb730310,1,1,0.999153
44,model3_mobilenetv3small_frozen,leaky,kaggle_fake_real_medicine_634456e7d6,1,0,0.016502
44,model3_mobilenetv3small_frozen,leaky,kaggle_fake_real_medicine_64dd03edff,0,1,0.999794
44,model3_mobilenetv3small_frozen,leaky,kaggle_fake_real_medicine_651e0f0a85,0,0,0.014839
44,model3_mobilenetv3small_frozen,leaky,kaggle_fake_real_medicine_680234b7cf,0,1,0.999636
44,model3_mobilenetv3small_frozen,leaky,kaggle_fake_real_medicine_6bda05ca54,1,0,0.005275
44,model3_mobilenetv3small_frozen,leaky,kaggle_fake_real_medicine_702b301e99,0,1,0.999784
44,model3_mobilenetv3small_frozen,leaky,kaggle_fake_real_medicine_73a6ece8e9,1,1,0.997656
44,model3_mobilenetv3small_frozen,leaky,kaggle_fake_real_medicine_779c1196eb,0,0,0.010164
44,model3_mobilenetv3small_frozen,leaky,kaggle_fake_real_medicine_7b8afa42b4,1,1,0.999924
44,model3_mobilenetv3small_frozen,leaky,kaggle_fake_real_medicine_845ee248b9,1,1,0.995995
44,model3_mobilenetv3small_frozen,leaky,kaggle_fake_real_medicine_88e760ec67,1,0,0.00041
44,model3_mobilenetv3small_frozen,leaky,kaggle_fake_real_medicine_97b7ba7093,0,0,0.010459
44,model3_mobilenetv3small_frozen,leaky,kaggle_fake_real_medicine_9a1295c310,0,1,0.984864
44,model3_mobilenetv3small_frozen,leaky,kaggle_fake_real_medicine_9abd16be2c,0,1,0.660376
44,model3_mobilenetv3small_frozen,leaky,kaggle_fake_real_medicine_9c1aa55ecd,0,0,0.008183
44,model3_mobilenetv3small_frozen,leaky,kaggle_fake_real_medicine_a52f4729ef,0,1,0.999448
44,model3_mobilenetv3small_frozen,leaky,kaggle_fake_real_medicine_a5c91851cb,0,1,0.998787
44,model3_mobilenetv3small_frozen,leaky,kaggle_fake_real_medicine_a8e282a356,0,1,0.994109
44,model3_mobilenetv3small_frozen,leaky,kaggle_fake_real_medicine_ae2efd1c6c,0,1,0.987171
44,model3_mobilenetv3small_frozen,leaky,kaggle_fake_real_medicine_aee89a8f04,1,0,0.005262
44,model3_mobilenetv3small_frozen,leaky,kaggle_fake_real_medicine_b309605a66,0,1,0.999493
44,model3_mobilenetv3small_frozen,leaky,kaggle_fake_real_medicine_b70df6e629,0,1,0.998265
44,model3_mobilenetv3small_frozen,leaky,kaggle_fake_real_medicine_bdd667d804,0,1,0.887294
44,model3_mobilenetv3small_frozen,leaky,kaggle_fake_real_medicine_c7404298d4,0,0,0.000312
44,model3_mobilenetv3small_frozen,leaky,kaggle_fake_real_medicine_c81ed5b421,0,1,0.998179
44,model3_mobilenetv3small_frozen,leaky,kaggle_fake_real_medicine_c934d254bd,0,1,0.999658
44,model3_mobilenetv3small_frozen,leaky,kaggle_fake_real_medicine_c9ccae27b6,0,0,0.001258
44,model3_mobilenetv3small_frozen,leaky,kaggle_fake_real_medicine_cbe26aa03b,0,1,0.973276
44,model3_mobilenetv3small_frozen,leaky,kaggle_fake_real_medicine_cd59615cfe,1,0,0.008983
44,model3_mobilenetv3small_frozen,leaky,kaggle_fake_real_medicine_cd5e5e7124,0,0,0.009642
44,model3_mobilenetv3small_frozen,leaky,kaggle_fake_real_medicine_d34b172d99,0,1,0.966463
44,model3_mobilenetv3small_frozen,leaky,kaggle_fake_real_medicine_d3c6fa2ded,0,0,0.0051
44,model3_mobilenetv3small_frozen,leaky,kaggle_fake_real_medicine_d6620e5f3d,0,0,0.000752
44,model3_mobilenetv3small_frozen,leaky,kaggle_fake_real_medicine_e0787b76d6,1,1,0.997445
44,model3_mobilenetv3small_frozen,leaky,kaggle_fake_real_medicine_e33cdd1fc3,0,0,0.02815
44,model3_mobilenetv3small_frozen,leaky,kaggle_fake_real_medicine_e390352f04,0,0,0.014131
44,model3_mobilenetv3small_frozen,leaky,kaggle_fake_real_medicine_e54f1413e6,0,1,0.992379
44,model3_mobilenetv3small_frozen,leaky,kaggle_fake_real_medicine_edbb207b2e,0,1,0.900138
44,model3_mobilenetv3small_frozen,leaky,kaggle_fake_real_medicine_eded2385a3,0,0,0.000238
44,model3_mobilenetv3small_frozen,leaky,kaggle_fake_real_medicine_ef4bd64707,1,0,0.000988
44,model3_mobilenetv3small_frozen,leaky,kaggle_fake_real_medicine_ef75337a14,0,0,0.001999
44,model3_mobilenetv3small_frozen,leaky,kaggle_fake_real_medicine_f61949b1d3,0,1,0.998092
44,model3_mobilenetv3small_frozen,leaky,kaggle_fake_real_medicine_f8bd42c191,0,1,0.995663
44,model2_smallcnn_gap,clean,kaggle_fake_real_medicine_012dbfbc36,1,1,0.848711
44,model2_smallcnn_gap,clean,kaggle_fake_real_medicine_04c5e557b8,0,1,0.954426
44,model2_smallcnn_gap,clean,kaggle_fake_real_medicine_077563b376,0,0,0.271672
44,model2_smallcnn_gap,clean,kaggle_fake_real_medicine_097d8595eb,1,0,0.076637
44,model2_smallcnn_gap,clean,kaggle_fake_real_medicine_0a680b1608,1,1,0.786101
44,model2_smallcnn_gap,clean,kaggle_fake_real_medicine_0bd80c0685,0,1,0.989373
44,model2_smallcnn_gap,clean,kaggle_fake_real_medicine_0d6c0cec82,1,0,0.120366
44,model2_smallcnn_gap,clean,kaggle_fake_real_medicine_0ef14de6d2,0,0,0.205951
44,model2_smallcnn_gap,clean,kaggle_fake_real_medicine_10225ffb67,1,0,0.127884
44,model2_smallcnn_gap,clean,kaggle_fake_real_medicine_12c43a7eaa,0,1,0.589685
44,model2_smallcnn_gap,clean,kaggle_fake_real_medicine_145d2c296f,1,0,0.122151
44,model2_smallcnn_gap,clean,kaggle_fake_real_medicine_14a03230bc,1,0,0.124508
44,model2_smallcnn_gap,clean,kaggle_fake_real_medicine_1761000c09,1,0,0.157006
44,model2_smallcnn_gap,clean,kaggle_fake_real_medicine_188e0dcabe,1,0,0.185807
44,model2_smallcnn_gap,clean,kaggle_fake_real_medicine_1fb3ce9b13,1,0,0.147562
44,model2_smallcnn_gap,clean,kaggle_fake_real_medicine_206e0e85c6,0,0,0.176949
44,model2_smallcnn_gap,clean,kaggle_fake_real_medicine_20c4a33635,0,1,0.494948
44,model2_smallcnn_gap,clean,kaggle_fake_real_medicine_21720344fd,1,0,0.140721
44,model2_smallcnn_gap,clean,kaggle_fake_real_medicine_28623dc5d3,0,0,0.61784
44,model2_smallcnn_gap,clean,kaggle_fake_real_medicine_2bf66badab,1,1,0.717726
44,model2_smallcnn_gap,clean,kaggle_fake_real_medicine_2fb956eb5f,0,1,0.861041
44,model2_smallcnn_gap,clean,kaggle_fake_real_medicine_44fd0f757a,0,0,0.247055
44,model2_smallcnn_gap,clean,kaggle_fake_real_medicine_4581f49ec4,0,1,0.708221
44,model2_smallcnn_gap,clean,kaggle_fake_real_medicine_47ef3972b2,1,0,0.140956
44,model2_smallcnn_gap,clean,kaggle_fake_real_medicine_4fcc86b614,1,0,0.408808
44,model2_smallcnn_gap,clean,kaggle_fake_real_medicine_52a8894c41,0,0,0.68908
44,model2_smallcnn_gap,clean,kaggle_fake_real_medicine_578b78be70,1,0,0.147409
44,model2_smallcnn_gap,clean,kaggle_fake_real_medicine_5d72b67a63,0,1,0.431468
44,model2_smallcnn_gap,clean,kaggle_fake_real_medicine_6134763660,1,0,0.571722
44,model2_smallcnn_gap,clean,kaggle_fake_real_medicine_627585c336,1,0,0.257506
44,model2_smallcnn_gap,clean,kaggle_fake_real_medicine_62fb730310,1,1,0.585899
44,model2_smallcnn_gap,clean,kaggle_fake_real_medicine_634456e7d6,1,0,0.621564
44,model2_smallcnn_gap,clean,kaggle_fake_real_medicine_64dd03edff,0,1,0.876039
44,model2_smallcnn_gap,clean,kaggle_fake_real_medicine_651e0f0a85,0,0,0.611798
44,model2_smallcnn_gap,clean,kaggle_fake_real_medicine_680234b7cf,0,1,0.734242
44,model2_smallcnn_gap,clean,kaggle_fake_real_medicine_6bda05ca54,1,0,0.117401
44,model2_smallcnn_gap,clean,kaggle_fake_real_medicine_702b301e99,0,1,0.977305
44,model2_smallcnn_gap,clean,kaggle_fake_real_medicine_73a6ece8e9,1,1,0.832435
44,model2_smallcnn_gap,clean,kaggle_fake_real_medicine_779c1196eb,0,0,0.265059
44,model2_smallcnn_gap,clean,kaggle_fake_real_medicine_7b8afa42b4,1,1,0.958712
44,model2_smallcnn_gap,clean,kaggle_fake_real_medicine_845ee248b9,1,1,0.98256
44,model2_smallcnn_gap,clean,kaggle_fake_real_medicine_88e760ec67,1,0,0.089255
44,model2_smallcnn_gap,clean,kaggle_fake_real_medicine_97b7ba7093,0,0,0.140869
44,model2_smallcnn_gap,clean,kaggle_fake_real_medicine_9a1295c310,0,1,0.826265
44,model2_smallcnn_gap,clean,kaggle_fake_real_medicine_9abd16be2c,0,1,0.855583
44,model2_smallcnn_gap,clean,kaggle_fake_real_medicine_9c1aa55ecd,0,0,0.645639
44,model2_smallcnn_gap,clean,kaggle_fake_real_medicine_a52f4729ef,0,1,0.613938
44,model2_smallcnn_gap,clean,kaggle_fake_real_medicine_a5c91851cb,0,1,0.999631
44,model2_smallcnn_gap,clean,kaggle_fake_real_medicine_a8e282a356,0,1,0.874247
44,model2_smallcnn_gap,clean,kaggle_fake_real_medicine_ae2efd1c6c,0,1,0.927179
44,model2_smallcnn_gap,clean,kaggle_fake_real_medicine_aee89a8f04,1,0,0.122468
44,model2_smallcnn_gap,clean,kaggle_fake_real_medicine_b309605a66,0,1,0.8206
44,model2_smallcnn_gap,clean,kaggle_fake_real_medicine_b70df6e629,0,1,0.838538
44,model2_smallcnn_gap,clean,kaggle_fake_real_medicine_bdd667d804,0,1,0.978762
44,model2_smallcnn_gap,clean,kaggle_fake_real_medicine_c7404298d4,0,0,0.320514
44,model2_smallcnn_gap,clean,kaggle_fake_real_medicine_c81ed5b421,0,1,0.970451
44,model2_smallcnn_gap,clean,kaggle_fake_real_medicine_c934d254bd,0,1,0.927371
44,model2_smallcnn_gap,clean,kaggle_fake_real_medicine_c9ccae27b6,0,0,0.630606
44,model2_smallcnn_gap,clean,kaggle_fake_real_medicine_cbe26aa03b,0,1,0.846361
44,model2_smallcnn_gap,clean,kaggle_fake_real_medicine_cd59615cfe,1,0,0.117696
44,model2_smallcnn_gap,clean,kaggle_fake_real_medicine_cd5e5e7124,0,0,0.165567
44,model2_smallcnn_gap,clean,kaggle_fake_real_medicine_d34b172d99,0,1,0.823932
44,model2_smallcnn_gap,clean,kaggle_fake_real_medicine_d3c6fa2ded,0,0,0.678836
44,model2_smallcnn_gap,clean,kaggle_fake_real_medicine_d6620e5f3d,0,0,0.332255
44,model2_smallcnn_gap,clean,kaggle_fake_real_medicine_e0787b76d6,1,1,0.965092
44,model2_smallcnn_gap,clean,kaggle_fake_real_medicine_e33cdd1fc3,0,0,0.674691
44,model2_smallcnn_gap,clean,kaggle_fake_real_medicine_e390352f04,0,0,0.258211
44,model2_smallcnn_gap,clean,kaggle_fake_real_medicine_e54f1413e6,0,1,0.984918
44,model2_smallcnn_gap,clean,kaggle_fake_real_medicine_edbb207b2e,0,1,0.512997
44,model2_smallcnn_gap,clean,kaggle_fake_real_medicine_eded2385a3,0,0,0.463968
44,model2_smallcnn_gap,clean,kaggle_fake_real_medicine_ef4bd64707,1,0,0.218139
44,model2_smallcnn_gap,clean,kaggle_fake_real_medicine_ef75337a14,0,0,0.092091
44,model2_smallcnn_gap,clean,kaggle_fake_real_medicine_f61949b1d3,0,1,0.768086
44,model2_smallcnn_gap,clean,kaggle_fake_real_medicine_f8bd42c191,0,1,0.685391
44,model2_smallcnn_gap,leaky,kaggle_fake_real_medicine_012dbfbc36,1,1,0.764293
44,model2_smallcnn_gap,leaky,kaggle_fake_real_medicine_04c5e557b8,0,1,0.930917
44,model2_smallcnn_gap,leaky,kaggle_fake_real_medicine_077563b376,0,0,0.184913
44,model2_smallcnn_gap,leaky,kaggle_fake_real_medicine_097d8595eb,1,0,0.04718
44,model2_smallcnn_gap,leaky,kaggle_fake_real_medicine_0a680b1608,1,1,0.735649
44,model2_smallcnn_gap,leaky,kaggle_fake_real_medicine_0bd80c0685,0,1,0.993115
44,model2_smallcnn_gap,leaky,kaggle_fake_real_medicine_0d6c0cec82,1,0,0.081519
44,model2_smallcnn_gap,leaky,kaggle_fake_real_medicine_0ef14de6d2,0,0,0.154612
44,model2_smallcnn_gap,leaky,kaggle_fake_real_medicine_10225ffb67,1,0,0.084649
44,model2_smallcnn_gap,leaky,kaggle_fake_real_medicine_12c43a7eaa,0,1,0.628175
44,model2_smallcnn_gap,leaky,kaggle_fake_real_medicine_145d2c296f,1,0,0.090656
44,model2_smallcnn_gap,leaky,kaggle_fake_real_medicine_14a03230bc,1,0,0.07307
44,model2_smallcnn_gap,leaky,kaggle_fake_real_medicine_1761000c09,1,0,0.153618
44,model2_smallcnn_gap,leaky,kaggle_fake_real_medicine_188e0dcabe,1,0,0.119765
44,model2_smallcnn_gap,leaky,kaggle_fake_real_medicine_1fb3ce9b13,1,0,0.112093
44,model2_smallcnn_gap,leaky,kaggle_fake_real_medicine_206e0e85c6,0,0,0.148055
44,model2_smallcnn_gap,leaky,kaggle_fake_real_medicine_20c4a33635,0,1,0.400113
44,model2_smallcnn_gap,leaky,kaggle_fake_real_medicine_21720344fd,1,0,0.091579
44,model2_smallcnn_gap,leaky,kaggle_fake_real_medicine_28623dc5d3,0,0,0.518408
44,model2_smallcnn_gap,leaky,kaggle_fake_real_medicine_2bf66badab,1,1,0.643957
44,model2_smallcnn_gap,leaky,kaggle_fake_real_medicine_2fb956eb5f,0,1,0.775379
44,model2_smallcnn_gap,leaky,kaggle_fake_real_medicine_44fd0f757a,0,0,0.19234
44,model2_smallcnn_gap,leaky,kaggle_fake_real_medicine_4581f49ec4,0,1,0.695379
44,model2_smallcnn_gap,leaky,kaggle_fake_real_medicine_47ef3972b2,1,0,0.112986
44,model2_smallcnn_gap,leaky,kaggle_fake_real_medicine_4fcc86b614,1,0,0.291479
44,model2_smallcnn_gap,leaky,kaggle_fake_real_medicine_52a8894c41,0,0,0.659248
44,model2_smallcnn_gap,leaky,kaggle_fake_real_medicine_578b78be70,1,0,0.143284
44,model2_smallcnn_gap,leaky,kaggle_fake_real_medicine_5d72b67a63,0,1,0.350162
44,model2_smallcnn_gap,leaky,kaggle_fake_real_medicine_6134763660,1,0,0.469603
44,model2_smallcnn_gap,leaky,kaggle_fake_real_medicine_627585c336,1,0,0.152349
44,model2_smallcnn_gap,leaky,kaggle_fake_real_medicine_62fb730310,1,1,0.490015
44,model2_smallcnn_gap,leaky,kaggle_fake_real_medicine_634456e7d6,1,0,0.551337
44,model2_smallcnn_gap,leaky,kaggle_fake_real_medicine_64dd03edff,0,1,0.820575
44,model2_smallcnn_gap,leaky,kaggle_fake_real_medicine_651e0f0a85,0,0,0.522107
44,model2_smallcnn_gap,leaky,kaggle_fake_real_medicine_680234b7cf,0,1,0.618645
44,model2_smallcnn_gap,leaky,kaggle_fake_real_medicine_6bda05ca54,1,0,0.070826
44,model2_smallcnn_gap,leaky,kaggle_fake_real_medicine_702b301e99,0,1,0.976656
44,model2_smallcnn_gap,leaky,kaggle_fake_real_medicine_73a6ece8e9,1,1,0.807642
44,model2_smallcnn_gap,leaky,kaggle_fake_real_medicine_779c1196eb,0,0,0.209417
44,model2_smallcnn_gap,leaky,kaggle_fake_real_medicine_7b8afa42b4,1,1,0.959443
44,model2_smallcnn_gap,leaky,kaggle_fake_real_medicine_845ee248b9,1,1,0.985121
44,model2_smallcnn_gap,leaky,kaggle_fake_real_medicine_88e760ec67,1,0,0.070796
44,model2_smallcnn_gap,leaky,kaggle_fake_real_medicine_97b7ba7093,0,0,0.098917
44,model2_smallcnn_gap,leaky,kaggle_fake_real_medicine_9a1295c310,0,1,0.836474
44,model2_smallcnn_gap,leaky,kaggle_fake_real_medicine_9abd16be2c,0,1,0.829063
44,model2_smallcnn_gap,leaky,kaggle_fake_real_medicine_9c1aa55ecd,0,0,0.587119
44,model2_smallcnn_gap,leaky,kaggle_fake_real_medicine_a52f4729ef,0,1,0.549718
44,model2_smallcnn_gap,leaky,kaggle_fake_real_medicine_a5c91851cb,0,1,0.999886
44,model2_smallcnn_gap,leaky,kaggle_fake_real_medicine_a8e282a356,0,1,0.85974
44,model2_smallcnn_gap,leaky,kaggle_fake_real_medicine_ae2efd1c6c,0,1,0.921508
44,model2_smallcnn_gap,leaky,kaggle_fake_real_medicine_aee89a8f04,1,0,0.075092
44,model2_smallcnn_gap,leaky,kaggle_fake_real_medicine_b309605a66,0,1,0.756812
44,model2_smallcnn_gap,leaky,kaggle_fake_real_medicine_b70df6e629,0,1,0.773802
44,model2_smallcnn_gap,leaky,kaggle_fake_real_medicine_bdd667d804,0,1,0.984492
44,model2_smallcnn_gap,leaky,kaggle_fake_real_medicine_c7404298d4,0,0,0.199047
44,model2_smallcnn_gap,leaky,kaggle_fake_real_medicine_c81ed5b421,0,1,0.968289
44,model2_smallcnn_gap,leaky,kaggle_fake_real_medicine_c934d254bd,0,1,0.884703
44,model2_smallcnn_gap,leaky,kaggle_fake_real_medicine_c9ccae27b6,0,0,0.599702
44,model2_smallcnn_gap,leaky,kaggle_fake_real_medicine_cbe26aa03b,0,1,0.783885
44,model2_smallcnn_gap,leaky,kaggle_fake_real_medicine_cd59615cfe,1,0,0.078822
44,model2_smallcnn_gap,leaky,kaggle_fake_real_medicine_cd5e5e7124,0,0,0.111948
44,model2_smallcnn_gap,leaky,kaggle_fake_real_medicine_d34b172d99,0,1,0.799317
44,model2_smallcnn_gap,leaky,kaggle_fake_real_medicine_d3c6fa2ded,0,0,0.566821
44,model2_smallcnn_gap,leaky,kaggle_fake_real_medicine_d6620e5f3d,0,0,0.29567
44,model2_smallcnn_gap,leaky,kaggle_fake_real_medicine_e0787b76d6,1,1,0.945534
44,model2_smallcnn_gap,leaky,kaggle_fake_real_medicine_e33cdd1fc3,0,0,0.494336
44,model2_smallcnn_gap,leaky,kaggle_fake_real_medicine_e390352f04,0,0,0.156957
44,model2_smallcnn_gap,leaky,kaggle_fake_real_medicine_e54f1413e6,0,1,0.992746
44,model2_smallcnn_gap,leaky,kaggle_fake_real_medicine_edbb207b2e,0,1,0.404561
44,model2_smallcnn_gap,leaky,kaggle_fake_real_medicine_eded2385a3,0,0,0.464924
44,model2_smallcnn_gap,leaky,kaggle_fake_real_medicine_ef4bd64707,1,0,0.127336
44,model2_smallcnn_gap,leaky,kaggle_fake_real_medicine_ef75337a14,0,0,0.058051
44,model2_smallcnn_gap,leaky,kaggle_fake_real_medicine_f61949b1d3,0,1,0.677783
44,model2_smallcnn_gap,leaky,kaggle_fake_real_medicine_f8bd42c191,0,1,0.671834
44,model4_efficientnetb0_frozen,clean,kaggle_fake_real_medicine_012dbfbc36,1,1,0.997544
44,model4_efficientnetb0_frozen,clean,kaggle_fake_real_medicine_04c5e557b8,0,1,0.948778
44,model4_efficientnetb0_frozen,clean,kaggle_fake_real_medicine_077563b376,0,0,0.621286
44,model4_efficientnetb0_frozen,clean,kaggle_fake_real_medicine_097d8595eb,1,0,2e-06
44,model4_efficientnetb0_frozen,clean,kaggle_fake_real_medicine_0a680b1608,1,1,0.994832
44,model4_efficientnetb0_frozen,clean,kaggle_fake_real_medicine_0bd80c0685,0,1,0.999889
44,model4_efficientnetb0_frozen,clean,kaggle_fake_real_medicine_0d6c0cec82,1,0,4.6e-05
44,model4_efficientnetb0_frozen,clean,kaggle_fake_real_medicine_0ef14de6d2,0,0,7e-06
44,model4_efficientnetb0_frozen,clean,kaggle_fake_real_medicine_10225ffb67,1,0,1.3e-05
44,model4_efficientnetb0_frozen,clean,kaggle_fake_real_medicine_12c43a7eaa,0,1,0.999873
44,model4_efficientnetb0_frozen,clean,kaggle_fake_real_medicine_145d2c296f,1,0,0.008187
44,model4_efficientnetb0_frozen,clean,kaggle_fake_real_medicine_14a03230bc,1,0,1.5e-05
44,model4_efficientnetb0_frozen,clean,kaggle_fake_real_medicine_1761000c09,1,0,0.000705
44,model4_efficientnetb0_frozen,clean,kaggle_fake_real_medicine_188e0dcabe,1,0,0.0013
44,model4_efficientnetb0_frozen,clean,kaggle_fake_real_medicine_1fb3ce9b13,1,0,3.9e-05
44,model4_efficientnetb0_frozen,clean,kaggle_fake_real_medicine_206e0e85c6,0,0,0.016898
44,model4_efficientnetb0_frozen,clean,kaggle_fake_real_medicine_20c4a33635,0,1,0.984378
44,model4_efficientnetb0_frozen,clean,kaggle_fake_real_medicine_21720344fd,1,0,2e-06
44,model4_efficientnetb0_frozen,clean,kaggle_fake_real_medicine_28623dc5d3,0,0,0.009434
44,model4_efficientnetb0_frozen,clean,kaggle_fake_real_medicine_2bf66badab,1,1,0.978181
44,model4_efficientnetb0_frozen,clean,kaggle_fake_real_medicine_2fb956eb5f,0,1,0.998697
44,model4_efficientnetb0_frozen,clean,kaggle_fake_real_medicine_44fd0f757a,0,0,0.022978
44,model4_efficientnetb0_frozen,clean,kaggle_fake_real_medicine_4581f49ec4,0,1,0.999366
44,model4_efficientnetb0_frozen,clean,kaggle_fake_real_medicine_47ef3972b2,1,0,2e-06
44,model4_efficientnetb0_frozen,clean,kaggle_fake_real_medicine_4fcc86b614,1,0,0.020469
44,model4_efficientnetb0_frozen,clean,kaggle_fake_real_medicine_52a8894c41,0,0,3e-06
44,model4_efficientnetb0_frozen,clean,kaggle_fake_real_medicine_578b78be70,1,0,0.00369
44,model4_efficientnetb0_frozen,clean,kaggle_fake_real_medicine_5d72b67a63,0,1,0.968958
44,model4_efficientnetb0_frozen,clean,kaggle_fake_real_medicine_6134763660,1,0,5.4e-05
44,model4_efficientnetb0_frozen,clean,kaggle_fake_real_medicine_627585c336,1,0,0.000639
44,model4_efficientnetb0_frozen,clean,kaggle_fake_real_medicine_62fb730310,1,1,0.99417
44,model4_efficientnetb0_frozen,clean,kaggle_fake_real_medicine_634456e7d6,1,0,0.000611
44,model4_efficientnetb0_frozen,clean,kaggle_fake_real_medicine_64dd03edff,0,1,0.999204
44,model4_efficientnetb0_frozen,clean,kaggle_fake_real_medicine_651e0f0a85,0,0,0.001496
44,model4_efficientnetb0_frozen,clean,kaggle_fake_real_medicine_680234b7cf,0,1,0.999867
44,model4_efficientnetb0_frozen,clean,kaggle_fake_real_medicine_6bda05ca54,1,0,0.000533
44,model4_efficientnetb0_frozen,clean,kaggle_fake_real_medicine_702b301e99,0,1,0.999995
44,model4_efficientnetb0_frozen,clean,kaggle_fake_real_medicine_73a6ece8e9,1,1,0.986728
44,model4_efficientnetb0_frozen,clean,kaggle_fake_real_medicine_779c1196eb,0,0,4.1e-05
44,model4_efficientnetb0_frozen,clean,kaggle_fake_real_medicine_7b8afa42b4,1,1,0.998455
44,model4_efficientnetb0_frozen,clean,kaggle_fake_real_medicine_845ee248b9,1,1,0.999856
44,model4_efficientnetb0_frozen,clean,kaggle_fake_real_medicine_88e760ec67,1,0,1.4e-05
44,model4_efficientnetb0_frozen,clean,kaggle_fake_real_medicine_97b7ba7093,0,0,0.005497
44,model4_efficientnetb0_frozen,clean,kaggle_fake_real_medicine_9a1295c310,0,1,0.983481
44,model4_efficientnetb0_frozen,clean,kaggle_fake_real_medicine_9abd16be2c,0,1,0.729611
44,model4_efficientnetb0_frozen,clean,kaggle_fake_real_medicine_9c1aa55ecd,0,0,0.000284
44,model4_efficientnetb0_frozen,clean,kaggle_fake_real_medicine_a52f4729ef,0,1,0.999654
44,model4_efficientnetb0_frozen,clean,kaggle_fake_real_medicine_a5c91851cb,0,1,0.999537
44,model4_efficientnetb0_frozen,clean,kaggle_fake_real_medicine_a8e282a356,0,1,0.999958
44,model4_efficientnetb0_frozen,clean,kaggle_fake_real_medicine_ae2efd1c6c,0,1,0.964978
44,model4_efficientnetb0_frozen,clean,kaggle_fake_real_medicine_aee89a8f04,1,0,2e-06
44,model4_efficientnetb0_frozen,clean,kaggle_fake_real_medicine_b309605a66,0,1,0.99963
44,model4_efficientnetb0_frozen,clean,kaggle_fake_real_medicine_b70df6e629,0,1,0.999589
44,model4_efficientnetb0_frozen,clean,kaggle_fake_real_medicine_bdd667d804,0,1,0.975206
44,model4_efficientnetb0_frozen,clean,kaggle_fake_real_medicine_c7404298d4,0,0,5e-06
44,model4_efficientnetb0_frozen,clean,kaggle_fake_real_medicine_c81ed5b421,0,1,0.999985
44,model4_efficientnetb0_frozen,clean,kaggle_fake_real_medicine_c934d254bd,0,1,0.999998
44,model4_efficientnetb0_frozen,clean,kaggle_fake_real_medicine_c9ccae27b6,0,0,0.062665
44,model4_efficientnetb0_frozen,clean,kaggle_fake_real_medicine_cbe26aa03b,0,1,0.993724
44,model4_efficientnetb0_frozen,clean,kaggle_fake_real_medicine_cd59615cfe,1,0,0.001355
44,model4_efficientnetb0_frozen,clean,kaggle_fake_real_medicine_cd5e5e7124,0,0,0.020499
44,model4_efficientnetb0_frozen,clean,kaggle_fake_real_medicine_d34b172d99,0,1,0.997938
44,model4_efficientnetb0_frozen,clean,kaggle_fake_real_medicine_d3c6fa2ded,0,0,4e-06
44,model4_efficientnetb0_frozen,clean,kaggle_fake_real_medicine_d6620e5f3d,0,0,0.000305
44,model4_efficientnetb0_frozen,clean,kaggle_fake_real_medicine_e0787b76d6,1,1,0.999107
44,model4_efficientnetb0_frozen,clean,kaggle_fake_real_medicine_e33cdd1fc3,0,0,0.001545
44,model4_efficientnetb0_frozen,clean,kaggle_fake_real_medicine_e390352f04,0,0,0.001212
44,model4_efficientnetb0_frozen,clean,kaggle_fake_real_medicine_e54f1413e6,0,1,0.995819
44,model4_efficientnetb0_frozen,clean,kaggle_fake_real_medicine_edbb207b2e,0,1,0.974882
44,model4_efficientnetb0_frozen,clean,kaggle_fake_real_medicine_eded2385a3,0,0,1e-06
44,model4_efficientnetb0_frozen,clean,kaggle_fake_real_medicine_ef4bd64707,1,0,3.7e-05
44,model4_efficientnetb0_frozen,clean,kaggle_fake_real_medicine_ef75337a14,0,0,0.000351
44,model4_efficientnetb0_frozen,clean,kaggle_fake_real_medicine_f61949b1d3,0,1,0.999399
44,model4_efficientnetb0_frozen,clean,kaggle_fake_real_medicine_f8bd42c191,0,1,0.998181
44,model4_efficientnetb0_frozen,leaky,kaggle_fake_real_medicine_012dbfbc36,1,1,0.998872
44,model4_efficientnetb0_frozen,leaky,kaggle_fake_real_medicine_04c5e557b8,0,1,0.972513
44,model4_efficientnetb0_frozen,leaky,kaggle_fake_real_medicine_077563b376,0,0,0.635511
44,model4_efficientnetb0_frozen,leaky,kaggle_fake_real_medicine_097d8595eb,1,0,5e-06
44,model4_efficientnetb0_frozen,leaky,kaggle_fake_real_medicine_0a680b1608,1,1,0.997058
44,model4_efficientnetb0_frozen,leaky,kaggle_fake_real_medicine_0bd80c0685,0,1,0.999835
44,model4_efficientnetb0_frozen,leaky,kaggle_fake_real_medicine_0d6c0cec82,1,0,5.5e-05
44,model4_efficientnetb0_frozen,leaky,kaggle_fake_real_medicine_0ef14de6d2,0,0,1.3e-05
44,model4_efficientnetb0_frozen,leaky,kaggle_fake_real_medicine_10225ffb67,1,0,2.2e-05
44,model4_efficientnetb0_frozen,leaky,kaggle_fake_real_medicine_12c43a7eaa,0,1,0.999864
44,model4_efficientnetb0_frozen,leaky,kaggle_fake_real_medicine_145d2c296f,1,0,0.011961
44,model4_efficientnetb0_frozen,leaky,kaggle_fake_real_medicine_14a03230bc,1,0,1.8e-05
44,model4_efficientnetb0_frozen,leaky,kaggle_fake_real_medicine_1761000c09,1,0,0.000801
44,model4_efficientnetb0_frozen,leaky,kaggle_fake_real_medicine_188e0dcabe,1,0,0.001761
44,model4_efficientnetb0_frozen,leaky,kaggle_fake_real_medicine_1fb3ce9b13,1,0,5.1e-05
44,model4_efficientnetb0_frozen,leaky,kaggle_fake_real_medicine_206e0e85c6,0,0,0.01702
44,model4_efficientnetb0_frozen,leaky,kaggle_fake_real_medicine_20c4a33635,0,1,0.987614
44,model4_efficientnetb0_frozen,leaky,kaggle_fake_real_medicine_21720344fd,1,0,2e-06
44,model4_efficientnetb0_frozen,leaky,kaggle_fake_real_medicine_28623dc5d3,0,0,0.011172
44,model4_efficientnetb0_frozen,leaky,kaggle_fake_real_medicine_2bf66badab,1,1,0.980968
44,model4_efficientnetb0_frozen,leaky,kaggle_fake_real_medicine_2fb956eb5f,0,1,0.998922
44,model4_efficientnetb0_frozen,leaky,kaggle_fake_real_medicine_44fd0f757a,0,0,0.018719
44,model4_efficientnetb0_frozen,leaky,kaggle_fake_real_medicine_4581f49ec4,0,1,0.999528
44,model4_efficientnetb0_frozen,leaky,kaggle_fake_real_medicine_47ef3972b2,1,0,2e-06
44,model4_efficientnetb0_frozen,leaky,kaggle_fake_real_medicine_4fcc86b614,1,0,0.008984
44,model4_efficientnetb0_frozen,leaky,kaggle_fake_real_medicine_52a8894c41,0,0,8e-06
44,model4_efficientnetb0_frozen,leaky,kaggle_fake_real_medicine_578b78be70,1,0,0.004006
44,model4_efficientnetb0_frozen,leaky,kaggle_fake_real_medicine_5d72b67a63,0,1,0.97721
44,model4_efficientnetb0_frozen,leaky,kaggle_fake_real_medicine_6134763660,1,0,0.000123
44,model4_efficientnetb0_frozen,leaky,kaggle_fake_real_medicine_627585c336,1,0,0.000437
44,model4_efficientnetb0_frozen,leaky,kaggle_fake_real_medicine_62fb730310,1,1,0.995209
44,model4_efficientnetb0_frozen,leaky,kaggle_fake_real_medicine_634456e7d6,1,0,0.000458
44,model4_efficientnetb0_frozen,leaky,kaggle_fake_real_medicine_64dd03edff,0,1,0.998615
44,model4_efficientnetb0_frozen,leaky,kaggle_fake_real_medicine_651e0f0a85,0,0,0.004901
44,model4_efficientnetb0_frozen,leaky,kaggle_fake_real_medicine_680234b7cf,0,1,0.999793
44,model4_efficientnetb0_frozen,leaky,kaggle_fake_real_medicine_6bda05ca54,1,0,0.000728
44,model4_efficientnetb0_frozen,leaky,kaggle_fake_real_medicine_702b301e99,0,1,0.999995
44,model4_efficientnetb0_frozen,leaky,kaggle_fake_real_medicine_73a6ece8e9,1,1,0.997988
44,model4_efficientnetb0_frozen,leaky,kaggle_fake_real_medicine_779c1196eb,0,0,4.4e-05
44,model4_efficientnetb0_frozen,leaky,kaggle_fake_real_medicine_7b8afa42b4,1,1,0.999275
44,model4_efficientnetb0_frozen,leaky,kaggle_fake_real_medicine_845ee248b9,1,1,0.999879
44,model4_efficientnetb0_frozen,leaky,kaggle_fake_real_medicine_88e760ec67,1,0,1.5e-05
44,model4_efficientnetb0_frozen,leaky,kaggle_fake_real_medicine_97b7ba7093,0,0,0.009457
44,model4_efficientnetb0_frozen,leaky,kaggle_fake_real_medicine_9a1295c310,0,1,0.983388
44,model4_efficientnetb0_frozen,leaky,kaggle_fake_real_medicine_9abd16be2c,0,1,0.769504
44,model4_efficientnetb0_frozen,leaky,kaggle_fake_real_medicine_9c1aa55ecd,0,0,0.00065
44,model4_efficientnetb0_frozen,leaky,kaggle_fake_real_medicine_a52f4729ef,0,1,0.999625
44,model4_efficientnetb0_frozen,leaky,kaggle_fake_real_medicine_a5c91851cb,0,1,0.999629
44,model4_efficientnetb0_frozen,leaky,kaggle_fake_real_medicine_a8e282a356,0,1,0.999974
44,model4_efficientnetb0_frozen,leaky,kaggle_fake_real_medicine_ae2efd1c6c,0,1,0.981685
44,model4_efficientnetb0_frozen,leaky,kaggle_fake_real_medicine_aee89a8f04,1,0,3e-06
44,model4_efficientnetb0_frozen,leaky,kaggle_fake_real_medicine_b309605a66,0,1,0.999684
44,model4_efficientnetb0_frozen,leaky,kaggle_fake_real_medicine_b70df6e629,0,1,0.999519
44,model4_efficientnetb0_frozen,leaky,kaggle_fake_real_medicine_bdd667d804,0,1,0.984044
44,model4_efficientnetb0_frozen,leaky,kaggle_fake_real_medicine_c7404298d4,0,0,9e-06
44,model4_efficientnetb0_frozen,leaky,kaggle_fake_real_medicine_c81ed5b421,0,1,0.999982
44,model4_efficientnetb0_frozen,leaky,kaggle_fake_real_medicine_c934d254bd,0,1,0.999998
44,model4_efficientnetb0_frozen,leaky,kaggle_fake_real_medicine_c9ccae27b6,0,0,0.114462
44,model4_efficientnetb0_frozen,leaky,kaggle_fake_real_medicine_cbe26aa03b,0,1,0.993303
44,model4_efficientnetb0_frozen,leaky,kaggle_fake_real_medicine_cd59615cfe,1,0,0.001855
44,model4_efficientnetb0_frozen,leaky,kaggle_fake_real_medicine_cd5e5e7124,0,0,0.024558
44,model4_efficientnetb0_frozen,leaky,kaggle_fake_real_medicine_d34b172d99,0,1,0.998895
44,model4_efficientnetb0_frozen,leaky,kaggle_fake_real_medicine_d3c6fa2ded,0,0,5e-06
44,model4_efficientnetb0_frozen,leaky,kaggle_fake_real_medicine_d6620e5f3d,0,0,0.000501
44,model4_efficientnetb0_frozen,leaky,kaggle_fake_real_medicine_e0787b76d6,1,1,0.999438
44,model4_efficientnetb0_frozen,leaky,kaggle_fake_real_medicine_e33cdd1fc3,0,0,0.003352
44,model4_efficientnetb0_frozen,leaky,kaggle_fake_real_medicine_e390352f04,0,0,0.001327
44,model4_efficientnetb0_frozen,leaky,kaggle_fake_real_medicine_e54f1413e6,0,1,0.998762
44,model4_efficientnetb0_frozen,leaky,kaggle_fake_real_medicine_edbb207b2e,0,1,0.965794
44,model4_efficientnetb0_frozen,leaky,kaggle_fake_real_medicine_eded2385a3,0,0,1e-06
44,model4_efficientnetb0_frozen,leaky,kaggle_fake_real_medicine_ef4bd64707,1,0,3.2e-05
44,model4_efficientnetb0_frozen,leaky,kaggle_fake_real_medicine_ef75337a14,0,0,0.00038
44,model4_efficientnetb0_frozen,leaky,kaggle_fake_real_medicine_f61949b1d3,0,1,0.999388
44,model4_efficientnetb0_frozen,leaky,kaggle_fake_real_medicine_f8bd42c191,0,1,0.998119
45,model3_mobilenetv3small_frozen,clean,kaggle_fake_real_medicine_012dbfbc36,1,1,0.996935
45,model3_mobilenetv3small_frozen,clean,kaggle_fake_real_medicine_04c5e557b8,0,1,0.890033
45,model3_mobilenetv3small_frozen,clean,kaggle_fake_real_medicine_077563b376,0,0,0.401442
45,model3_mobilenetv3small_frozen,clean,kaggle_fake_real_medicine_097d8595eb,1,0,9.4e-05
45,model3_mobilenetv3small_frozen,clean,kaggle_fake_real_medicine_0a680b1608,1,1,0.988452
45,model3_mobilenetv3small_frozen,clean,kaggle_fake_real_medicine_0bd80c0685,0,1,0.999866
45,model3_mobilenetv3small_frozen,clean,kaggle_fake_real_medicine_0d6c0cec82,1,0,0.001237
45,model3_mobilenetv3small_frozen,clean,kaggle_fake_real_medicine_0ef14de6d2,0,0,0.00082
45,model3_mobilenetv3small_frozen,clean,kaggle_fake_real_medicine_10225ffb67,1,0,0.015903
45,model3_mobilenetv3small_frozen,clean,kaggle_fake_real_medicine_12c43a7eaa,0,1,0.999932
45,model3_mobilenetv3small_frozen,clean,kaggle_fake_real_medicine_145d2c296f,1,0,0.004007
45,model3_mobilenetv3small_frozen,clean,kaggle_fake_real_medicine_14a03230bc,1,0,0.000513
45,model3_mobilenetv3small_frozen,clean,kaggle_fake_real_medicine_1761000c09,1,0,0.00625
45,model3_mobilenetv3small_frozen,clean,kaggle_fake_real_medicine_188e0dcabe,1,0,0.00391
45,model3_mobilenetv3small_frozen,clean,kaggle_fake_real_medicine_1fb3ce9b13,1,0,3.6e-05
45,model3_mobilenetv3small_frozen,clean,kaggle_fake_real_medicine_206e0e85c6,0,0,0.175192
45,model3_mobilenetv3small_frozen,clean,kaggle_fake_real_medicine_20c4a33635,0,1,0.999661
45,model3_mobilenetv3small_frozen,clean,kaggle_fake_real_medicine_21720344fd,1,0,9.4e-05
45,model3_mobilenetv3small_frozen,clean,kaggle_fake_real_medicine_28623dc5d3,0,0,0.000532
45,model3_mobilenetv3small_frozen,clean,kaggle_fake_real_medicine_2bf66badab,1,1,0.997081
45,model3_mobilenetv3small_frozen,clean,kaggle_fake_real_medicine_2fb956eb5f,0,1,0.99994
45,model3_mobilenetv3small_frozen,clean,kaggle_fake_real_medicine_44fd0f757a,0,0,0.007825
45,model3_mobilenetv3small_frozen,clean,kaggle_fake_real_medicine_4581f49ec4,0,1,0.999821
45,model3_mobilenetv3small_frozen,clean,kaggle_fake_real_medicine_47ef3972b2,1,0,0.000149
45,model3_mobilenetv3small_frozen,clean,kaggle_fake_real_medicine_4fcc86b614,1,0,0.323349
45,model3_mobilenetv3small_frozen,clean,kaggle_fake_real_medicine_52a8894c41,0,0,0.000126
45,model3_mobilenetv3small_frozen,clean,kaggle_fake_real_medicine_578b78be70,1,0,0.011067
45,model3_mobilenetv3small_frozen,clean,kaggle_fake_real_medicine_5d72b67a63,0,1,0.992944
45,model3_mobilenetv3small_frozen,clean,kaggle_fake_real_medicine_6134763660,1,0,0.001816
45,model3_mobilenetv3small_frozen,clean,kaggle_fake_real_medicine_627585c336,1,0,0.001366
45,model3_mobilenetv3small_frozen,clean,kaggle_fake_real_medicine_62fb730310,1,1,0.999796
45,model3_mobilenetv3small_frozen,clean,kaggle_fake_real_medicine_634456e7d6,1,0,0.025398
45,model3_mobilenetv3small_frozen,clean,kaggle_fake_real_medicine_64dd03edff,0,1,0.999983
45,model3_mobilenetv3small_frozen,clean,kaggle_fake_real_medicine_651e0f0a85,0,0,0.002585
45,model3_mobilenetv3small_frozen,clean,kaggle_fake_real_medicine_680234b7cf,0,1,0.999914
45,model3_mobilenetv3small_frozen,clean,kaggle_fake_real_medicine_6bda05ca54,1,0,0.000813
45,model3_mobilenetv3small_frozen,clean,kaggle_fake_real_medicine_702b301e99,0,1,0.999978
45,model3_mobilenetv3small_frozen,clean,kaggle_fake_real_medicine_73a6ece8e9,1,1,0.998598
45,model3_mobilenetv3small_frozen,clean,kaggle_fake_real_medicine_779c1196eb,0,0,0.004498
45,model3_mobilenetv3small_frozen,clean,kaggle_fake_real_medicine_7b8afa42b4,1,1,0.999988
45,model3_mobilenetv3small_frozen,clean,kaggle_fake_real_medicine_845ee248b9,1,1,0.998718
45,model3_mobilenetv3small_frozen,clean,kaggle_fake_real_medicine_88e760ec67,1,0,2.9e-05
45,model3_mobilenetv3small_frozen,clean,kaggle_fake_real_medicine_97b7ba7093,0,0,0.002063
45,model3_mobilenetv3small_frozen,clean,kaggle_fake_real_medicine_9a1295c310,0,1,0.994781
45,model3_mobilenetv3small_frozen,clean,kaggle_fake_real_medicine_9abd16be2c,0,1,0.756146
45,model3_mobilenetv3small_frozen,clean,kaggle_fake_real_medicine_9c1aa55ecd,0,0,0.001814
45,model3_mobilenetv3small_frozen,clean,kaggle_fake_real_medicine_a52f4729ef,0,1,0.999836
45,model3_mobilenetv3small_frozen,clean,kaggle_fake_real_medicine_a5c91851cb,0,1,0.999518
45,model3_mobilenetv3small_frozen,clean,kaggle_fake_real_medicine_a8e282a356,0,1,0.986704
45,model3_mobilenetv3small_frozen,clean,kaggle_fake_real_medicine_ae2efd1c6c,0,1,0.984663
45,model3_mobilenetv3small_frozen,clean,kaggle_fake_real_medicine_aee89a8f04,1,0,0.000796
45,model3_mobilenetv3small_frozen,clean,kaggle_fake_real_medicine_b309605a66,0,1,0.999904
45,model3_mobilenetv3small_frozen,clean,kaggle_fake_real_medicine_b70df6e629,0,1,0.999574
45,model3_mobilenetv3small_frozen,clean,kaggle_fake_real_medicine_bdd667d804,0,1,0.94665
45,model3_mobilenetv3small_frozen,clean,kaggle_fake_real_medicine_c7404298d4,0,0,4.5e-05
45,model3_mobilenetv3small_frozen,clean,kaggle_fake_real_medicine_c81ed5b421,0,1,0.99955
45,model3_mobilenetv3small_frozen,clean,kaggle_fake_real_medicine_c934d254bd,0,1,0.999886
45,model3_mobilenetv3small_frozen,clean,kaggle_fake_real_medicine_c9ccae27b6,0,0,8.4e-05
45,model3_mobilenetv3small_frozen,clean,kaggle_fake_real_medicine_cbe26aa03b,0,1,0.984326
45,model3_mobilenetv3small_frozen,clean,kaggle_fake_real_medicine_cd59615cfe,1,0,0.002139
45,model3_mobilenetv3small_frozen,clean,kaggle_fake_real_medicine_cd5e5e7124,0,0,0.002524
45,model3_mobilenetv3small_frozen,clean,kaggle_fake_real_medicine_d34b172d99,0,1,0.934757
45,model3_mobilenetv3small_frozen,clean,kaggle_fake_real_medicine_d3c6fa2ded,0,0,0.0013
45,model3_mobilenetv3small_frozen,clean,kaggle_fake_real_medicine_d6620e5f3d,0,0,0.000307
45,model3_mobilenetv3small_frozen,clean,kaggle_fake_real_medicine_e0787b76d6,1,1,0.999471
45,model3_mobilenetv3small_frozen,clean,kaggle_fake_real_medicine_e33cdd1fc3,0,0,0.020036
45,model3_mobilenetv3small_frozen,clean,kaggle_fake_real_medicine_e390352f04,0,0,0.003526
45,model3_mobilenetv3small_frozen,clean,kaggle_fake_real_medicine_e54f1413e6,0,1,0.995613
45,model3_mobilenetv3small_frozen,clean,kaggle_fake_real_medicine_edbb207b2e,0,1,0.929551
45,model3_mobilenetv3small_frozen,clean,kaggle_fake_real_medicine_eded2385a3,0,0,4.3e-05
45,model3_mobilenetv3small_frozen,clean,kaggle_fake_real_medicine_ef4bd64707,1,0,0.000115
45,model3_mobilenetv3small_frozen,clean,kaggle_fake_real_medicine_ef75337a14,0,0,0.000622
45,model3_mobilenetv3small_frozen,clean,kaggle_fake_real_medicine_f61949b1d3,0,1,0.999045
45,model3_mobilenetv3small_frozen,clean,kaggle_fake_real_medicine_f8bd42c191,0,1,0.997888
45,model3_mobilenetv3small_frozen,leaky,kaggle_fake_real_medicine_012dbfbc36,1,1,0.997506
45,model3_mobilenetv3small_frozen,leaky,kaggle_fake_real_medicine_04c5e557b8,0,1,0.881049
45,model3_mobilenetv3small_frozen,leaky,kaggle_fake_real_medicine_077563b376,0,0,0.460576
45,model3_mobilenetv3small_frozen,leaky,kaggle_fake_real_medicine_097d8595eb,1,0,0.000123
45,model3_mobilenetv3small_frozen,leaky,kaggle_fake_real_medicine_0a680b1608,1,1,0.991417
45,model3_mobilenetv3small_frozen,leaky,kaggle_fake_real_medicine_0bd80c0685,0,1,0.999865
45,model3_mobilenetv3small_frozen,leaky,kaggle_fake_real_medicine_0d6c0cec82,1,0,0.001314
45,model3_mobilenetv3small_frozen,leaky,kaggle_fake_real_medicine_0ef14de6d2,0,0,0.000801
45,model3_mobilenetv3small_frozen,leaky,kaggle_fake_real_medicine_10225ffb67,1,0,0.014153
45,model3_mobilenetv3small_frozen,leaky,kaggle_fake_real_medicine_12c43a7eaa,0,1,0.999933
45,model3_mobilenetv3small_frozen,leaky,kaggle_fake_real_medicine_145d2c296f,1,0,0.004358
45,model3_mobilenetv3small_frozen,leaky,kaggle_fake_real_medicine_14a03230bc,1,0,0.000862
45,model3_mobilenetv3small_frozen,leaky,kaggle_fake_real_medicine_1761000c09,1,0,0.005096
45,model3_mobilenetv3small_frozen,leaky,kaggle_fake_real_medicine_188e0dcabe,1,0,0.004301
45,model3_mobilenetv3small_frozen,leaky,kaggle_fake_real_medicine_1fb3ce9b13,1,0,4.6e-05
45,model3_mobilenetv3small_frozen,leaky,kaggle_fake_real_medicine_206e0e85c6,0,0,0.22044
45,model3_mobilenetv3small_frozen,leaky,kaggle_fake_real_medicine_20c4a33635,0,1,0.999638
45,model3_mobilenetv3small_frozen,leaky,kaggle_fake_real_medicine_21720344fd,1,0,7.5e-05
45,model3_mobilenetv3small_frozen,leaky,kaggle_fake_real_medicine_28623dc5d3,0,0,0.000657
45,model3_mobilenetv3small_frozen,leaky,kaggle_fake_real_medicine_2bf66badab,1,1,0.996778
45,model3_mobilenetv3small_frozen,leaky,kaggle_fake_real_medicine_2fb956eb5f,0,1,0.999942
45,model3_mobilenetv3small_frozen,leaky,kaggle_fake_real_medicine_44fd0f757a,0,0,0.006846
45,model3_mobilenetv3small_frozen,leaky,kaggle_fake_real_medicine_4581f49ec4,0,1,0.999833
45,model3_mobilenetv3small_frozen,leaky,kaggle_fake_real_medicine_47ef3972b2,1,0,0.000155
45,model3_mobilenetv3small_frozen,leaky,kaggle_fake_real_medicine_4fcc86b614,1,0,0.168188
45,model3_mobilenetv3small_frozen,leaky,kaggle_fake_real_medicine_52a8894c41,0,0,9.6e-05
45,model3_mobilenetv3small_frozen,leaky,kaggle_fake_real_medicine_578b78be70,1,0,0.009853
45,model3_mobilenetv3small_frozen,leaky,kaggle_fake_real_medicine_5d72b67a63,0,1,0.995979
45,model3_mobilenetv3small_frozen,leaky,kaggle_fake_real_medicine_6134763660,1,0,0.00166
45,model3_mobilenetv3small_frozen,leaky,kaggle_fake_real_medicine_627585c336,1,0,0.001073
45,model3_mobilenetv3small_frozen,leaky,kaggle_fake_real_medicine_62fb730310,1,1,0.999782
45,model3_mobilenetv3small_frozen,leaky,kaggle_fake_real_medicine_634456e7d6,1,0,0.007438
45,model3_mobilenetv3small_frozen,leaky,kaggle_fake_real_medicine_64dd03edff,0,1,0.999985
45,model3_mobilenetv3small_frozen,leaky,kaggle_fake_real_medicine_651e0f0a85,0,0,0.002911
45,model3_mobilenetv3small_frozen,leaky,kaggle_fake_real_medicine_680234b7cf,0,1,0.999914
45,model3_mobilenetv3small_frozen,leaky,kaggle_fake_real_medicine_6bda05ca54,1,0,0.000953
45,model3_mobilenetv3small_frozen,leaky,kaggle_fake_real_medicine_702b301e99,0,1,0.999975
45,model3_mobilenetv3small_frozen,leaky,kaggle_fake_real_medicine_73a6ece8e9,1,1,0.99877
45,model3_mobilenetv3small_frozen,leaky,kaggle_fake_real_medicine_779c1196eb,0,0,0.003973
45,model3_mobilenetv3small_frozen,leaky,kaggle_fake_real_medicine_7b8afa42b4,1,1,0.99999
45,model3_mobilenetv3small_frozen,leaky,kaggle_fake_real_medicine_845ee248b9,1,1,0.998781
45,model3_mobilenetv3small_frozen,leaky,kaggle_fake_real_medicine_88e760ec67,1,0,3.1e-05
45,model3_mobilenetv3small_frozen,leaky,kaggle_fake_real_medicine_97b7ba7093,0,0,0.002719
45,model3_mobilenetv3small_frozen,leaky,kaggle_fake_real_medicine_9a1295c310,0,1,0.992652
45,model3_mobilenetv3small_frozen,leaky,kaggle_fake_real_medicine_9abd16be2c,0,1,0.657744
45,model3_mobilenetv3small_frozen,leaky,kaggle_fake_real_medicine_9c1aa55ecd,0,0,0.00167
45,model3_mobilenetv3small_frozen,leaky,kaggle_fake_real_medicine_a52f4729ef,0,1,0.999799
45,model3_mobilenetv3small_frozen,leaky,kaggle_fake_real_medicine_a5c91851cb,0,1,0.99961
45,model3_mobilenetv3small_frozen,leaky,kaggle_fake_real_medicine_a8e282a356,0,1,0.992284
45,model3_mobilenetv3small_frozen,leaky,kaggle_fake_real_medicine_ae2efd1c6c,0,1,0.987772
45,model3_mobilenetv3small_frozen,leaky,kaggle_fake_real_medicine_aee89a8f04,1,0,0.000666
45,model3_mobilenetv3small_frozen,leaky,kaggle_fake_real_medicine_b309605a66,0,1,0.9999
45,model3_mobilenetv3small_frozen,leaky,kaggle_fake_real_medicine_b70df6e629,0,1,0.999581
45,model3_mobilenetv3small_frozen,leaky,kaggle_fake_real_medicine_bdd667d804,0,1,0.940801
45,model3_mobilenetv3small_frozen,leaky,kaggle_fake_real_medicine_c7404298d4,0,0,5.7e-05
45,model3_mobilenetv3small_frozen,leaky,kaggle_fake_real_medicine_c81ed5b421,0,1,0.999463
45,model3_mobilenetv3small_frozen,leaky,kaggle_fake_real_medicine_c934d254bd,0,1,0.999855
45,model3_mobilenetv3small_frozen,leaky,kaggle_fake_real_medicine_c9ccae27b6,0,0,8.2e-05
45,model3_mobilenetv3small_frozen,leaky,kaggle_fake_real_medicine_cbe26aa03b,0,1,0.984316
45,model3_mobilenetv3small_frozen,leaky,kaggle_fake_real_medicine_cd59615cfe,1,0,0.002123
45,model3_mobilenetv3small_frozen,leaky,kaggle_fake_real_medicine_cd5e5e7124,0,0,0.003241
45,model3_mobilenetv3small_frozen,leaky,kaggle_fake_real_medicine_d34b172d99,0,1,0.952196
45,model3_mobilenetv3small_frozen,leaky,kaggle_fake_real_medicine_d3c6fa2ded,0,0,0.001655
45,model3_mobilenetv3small_frozen,leaky,kaggle_fake_real_medicine_d6620e5f3d,0,0,0.000418
45,model3_mobilenetv3small_frozen,leaky,kaggle_fake_real_medicine_e0787b76d6,1,1,0.999393
45,model3_mobilenetv3small_frozen,leaky,kaggle_fake_real_medicine_e33cdd1fc3,0,0,0.024437
45,model3_mobilenetv3small_frozen,leaky,kaggle_fake_real_medicine_e390352f04,0,0,0.003506
45,model3_mobilenetv3small_frozen,leaky,kaggle_fake_real_medicine_e54f1413e6,0,1,0.99588
45,model3_mobilenetv3small_frozen,leaky,kaggle_fake_real_medicine_edbb207b2e,0,1,0.900383
45,model3_mobilenetv3small_frozen,leaky,kaggle_fake_real_medicine_eded2385a3,0,0,4.8e-05
45,model3_mobilenetv3small_frozen,leaky,kaggle_fake_real_medicine_ef4bd64707,1,0,0.000166
45,model3_mobilenetv3small_frozen,leaky,kaggle_fake_real_medicine_ef75337a14,0,0,0.000508
45,model3_mobilenetv3small_frozen,leaky,kaggle_fake_real_medicine_f61949b1d3,0,1,0.999129
45,model3_mobilenetv3small_frozen,leaky,kaggle_fake_real_medicine_f8bd42c191,0,1,0.997722
45,model2_smallcnn_gap,clean,kaggle_fake_real_medicine_012dbfbc36,1,1,0.770635
45,model2_smallcnn_gap,clean,kaggle_fake_real_medicine_04c5e557b8,0,1,0.988186
45,model2_smallcnn_gap,clean,kaggle_fake_real_medicine_077563b376,0,0,0.174107
45,model2_smallcnn_gap,clean,kaggle_fake_real_medicine_097d8595eb,1,0,0.031663
45,model2_smallcnn_gap,clean,kaggle_fake_real_medicine_0a680b1608,1,1,0.746322
45,model2_smallcnn_gap,clean,kaggle_fake_real_medicine_0bd80c0685,0,1,0.999164
45,model2_smallcnn_gap,clean,kaggle_fake_real_medicine_0d6c0cec82,1,0,0.063558
45,model2_smallcnn_gap,clean,kaggle_fake_real_medicine_0ef14de6d2,0,0,0.149959
45,model2_smallcnn_gap,clean,kaggle_fake_real_medicine_10225ffb67,1,0,0.063351
45,model2_smallcnn_gap,clean,kaggle_fake_real_medicine_12c43a7eaa,0,1,0.750729
45,model2_smallcnn_gap,clean,kaggle_fake_real_medicine_145d2c296f,1,0,0.056239
45,model2_smallcnn_gap,clean,kaggle_fake_real_medicine_14a03230bc,1,0,0.050567
45,model2_smallcnn_gap,clean,kaggle_fake_real_medicine_1761000c09,1,0,0.112956
45,model2_smallcnn_gap,clean,kaggle_fake_real_medicine_188e0dcabe,1,0,0.093043
45,model2_smallcnn_gap,clean,kaggle_fake_real_medicine_1fb3ce9b13,1,0,0.075255
45,model2_smallcnn_gap,clean,kaggle_fake_real_medicine_206e0e85c6,0,0,0.11061
45,model2_smallcnn_gap,clean,kaggle_fake_real_medicine_20c4a33635,0,1,0.289892
45,model2_smallcnn_gap,clean,kaggle_fake_real_medicine_21720344fd,1,0,0.070731
45,model2_smallcnn_gap,clean,kaggle_fake_real_medicine_28623dc5d3,0,0,0.38426
45,model2_smallcnn_gap,clean,kaggle_fake_real_medicine_2bf66badab,1,1,0.668218
45,model2_smallcnn_gap,clean,kaggle_fake_real_medicine_2fb956eb5f,0,1,0.597935
45,model2_smallcnn_gap,clean,kaggle_fake_real_medicine_44fd0f757a,0,0,0.153314
45,model2_smallcnn_gap,clean,kaggle_fake_real_medicine_4581f49ec4,0,1,0.668739
45,model2_smallcnn_gap,clean,kaggle_fake_real_medicine_47ef3972b2,1,0,0.084764
45,model2_smallcnn_gap,clean,kaggle_fake_real_medicine_4fcc86b614,1,0,0.21135
45,model2_smallcnn_gap,clean,kaggle_fake_real_medicine_52a8894c41,0,0,0.611579
45,model2_smallcnn_gap,clean,kaggle_fake_real_medicine_578b78be70,1,0,0.147399
45,model2_smallcnn_gap,clean,kaggle_fake_real_medicine_5d72b67a63,0,1,0.343424
45,model2_smallcnn_gap,clean,kaggle_fake_real_medicine_6134763660,1,0,0.499638
45,model2_smallcnn_gap,clean,kaggle_fake_real_medicine_627585c336,1,0,0.144035
45,model2_smallcnn_gap,clean,kaggle_fake_real_medicine_62fb730310,1,1,0.593987
45,model2_smallcnn_gap,clean,kaggle_fake_real_medicine_634456e7d6,1,0,0.3744
45,model2_smallcnn_gap,clean,kaggle_fake_real_medicine_64dd03edff,0,1,0.796774
45,model2_smallcnn_gap,clean,kaggle_fake_real_medicine_651e0f0a85,0,0,0.50807
45,model2_smallcnn_gap,clean,kaggle_fake_real_medicine_680234b7cf,0,1,0.673669
45,model2_smallcnn_gap,clean,kaggle_fake_real_medicine_6bda05ca54,1,0,0.06386
45,model2_smallcnn_gap,clean,kaggle_fake_real_medicine_702b301e99,0,1,0.987417
45,model2_smallcnn_gap,clean,kaggle_fake_real_medicine_73a6ece8e9,1,1,0.866457
45,model2_smallcnn_gap,clean,kaggle_fake_real_medicine_779c1196eb,0,0,0.190989
45,model2_smallcnn_gap,clean,kaggle_fake_real_medicine_7b8afa42b4,1,1,0.954493
45,model2_smallcnn_gap,clean,kaggle_fake_real_medicine_845ee248b9,1,1,0.993895
45,model2_smallcnn_gap,clean,kaggle_fake_real_medicine_88e760ec67,1,0,0.03387
45,model2_smallcnn_gap,clean,kaggle_fake_real_medicine_97b7ba7093,0,0,0.056539
45,model2_smallcnn_gap,clean,kaggle_fake_real_medicine_9a1295c310,0,1,0.854585
45,model2_smallcnn_gap,clean,kaggle_fake_real_medicine_9abd16be2c,0,1,0.868328
45,model2_smallcnn_gap,clean,kaggle_fake_real_medicine_9c1aa55ecd,0,0,0.567094
45,model2_smallcnn_gap,clean,kaggle_fake_real_medicine_a52f4729ef,0,1,0.663422
45,model2_smallcnn_gap,clean,kaggle_fake_real_medicine_a5c91851cb,0,1,0.999995
45,model2_smallcnn_gap,clean,kaggle_fake_real_medicine_a8e282a356,0,1,0.883349
45,model2_smallcnn_gap,clean,kaggle_fake_real_medicine_ae2efd1c6c,0,1,0.828128
45,model2_smallcnn_gap,clean,kaggle_fake_real_medicine_aee89a8f04,1,0,0.063872
45,model2_smallcnn_gap,clean,kaggle_fake_real_medicine_b309605a66,0,1,0.731424
45,model2_smallcnn_gap,clean,kaggle_fake_real_medicine_b70df6e629,0,1,0.802265
45,model2_smallcnn_gap,clean,kaggle_fake_real_medicine_bdd667d804,0,1,0.98661
45,model2_smallcnn_gap,clean,kaggle_fake_real_medicine_c7404298d4,0,0,0.150722
45,model2_smallcnn_gap,clean,kaggle_fake_real_medicine_c81ed5b421,0,1,0.982428
45,model2_smallcnn_gap,clean,kaggle_fake_real_medicine_c934d254bd,0,1,0.86249
45,model2_smallcnn_gap,clean,kaggle_fake_real_medicine_c9ccae27b6,0,0,0.451014
45,model2_smallcnn_gap,clean,kaggle_fake_real_medicine_cbe26aa03b,0,1,0.785047
45,model2_smallcnn_gap,clean,kaggle_fake_real_medicine_cd59615cfe,1,0,0.062987
45,model2_smallcnn_gap,clean,kaggle_fake_real_medicine_cd5e5e7124,0,0,0.10783
45,model2_smallcnn_gap,clean,kaggle_fake_real_medicine_d34b172d99,0,1,0.651771
45,model2_smallcnn_gap,clean,kaggle_fake_real_medicine_d3c6fa2ded,0,0,0.572785
45,model2_smallcnn_gap,clean,kaggle_fake_real_medicine_d6620e5f3d,0,0,0.22075
45,model2_smallcnn_gap,clean,kaggle_fake_real_medicine_e0787b76d6,1,1,0.992463
45,model2_smallcnn_gap,clean,kaggle_fake_real_medicine_e33cdd1fc3,0,0,0.624017
45,model2_smallcnn_gap,clean,kaggle_fake_real_medicine_e390352f04,0,0,0.146163
45,model2_smallcnn_gap,clean,kaggle_fake_real_medicine_e54f1413e6,0,1,0.999247
45,model2_smallcnn_gap,clean,kaggle_fake_real_medicine_edbb207b2e,0,1,0.381234
45,model2_smallcnn_gap,clean,kaggle_fake_real_medicine_eded2385a3,0,0,0.298716
45,model2_smallcnn_gap,clean,kaggle_fake_real_medicine_ef4bd64707,1,0,0.112026
45,model2_smallcnn_gap,clean,kaggle_fake_real_medicine_ef75337a14,0,0,0.040161
45,model2_smallcnn_gap,clean,kaggle_fake_real_medicine_f61949b1d3,0,1,0.697914
45,model2_smallcnn_gap,clean,kaggle_fake_real_medicine_f8bd42c191,0,1,0.576057
45,model2_smallcnn_gap,leaky,kaggle_fake_real_medicine_012dbfbc36,1,1,0.880327
45,model2_smallcnn_gap,leaky,kaggle_fake_real_medicine_04c5e557b8,0,1,0.990231
45,model2_smallcnn_gap,leaky,kaggle_fake_real_medicine_077563b376,0,0,0.263704
45,model2_smallcnn_gap,leaky,kaggle_fake_real_medicine_097d8595eb,1,0,0.071118
45,model2_smallcnn_gap,leaky,kaggle_fake_real_medicine_0a680b1608,1,1,0.785416
45,model2_smallcnn_gap,leaky,kaggle_fake_real_medicine_0bd80c0685,0,1,0.999042
45,model2_smallcnn_gap,leaky,kaggle_fake_real_medicine_0d6c0cec82,1,0,0.103874
45,model2_smallcnn_gap,leaky,kaggle_fake_real_medicine_0ef14de6d2,0,0,0.221508
45,model2_smallcnn_gap,leaky,kaggle_fake_real_medicine_10225ffb67,1,0,0.0983
45,model2_smallcnn_gap,leaky,kaggle_fake_real_medicine_12c43a7eaa,0,1,0.82191
45,model2_smallcnn_gap,leaky,kaggle_fake_real_medicine_145d2c296f,1,0,0.095868
45,model2_smallcnn_gap,leaky,kaggle_fake_real_medicine_14a03230bc,1,0,0.084142
45,model2_smallcnn_gap,leaky,kaggle_fake_real_medicine_1761000c09,1,0,0.159682
45,model2_smallcnn_gap,leaky,kaggle_fake_real_medicine_188e0dcabe,1,0,0.153927
45,model2_smallcnn_gap,leaky,kaggle_fake_real_medicine_1fb3ce9b13,1,0,0.154789
45,model2_smallcnn_gap,leaky,kaggle_fake_real_medicine_206e0e85c6,0,0,0.186012
45,model2_smallcnn_gap,leaky,kaggle_fake_real_medicine_20c4a33635,0,1,0.427424
45,model2_smallcnn_gap,leaky,kaggle_fake_real_medicine_21720344fd,1,0,0.115264
45,model2_smallcnn_gap,leaky,kaggle_fake_real_medicine_28623dc5d3,0,0,0.542603
45,model2_smallcnn_gap,leaky,kaggle_fake_real_medicine_2bf66badab,1,1,0.819022
45,model2_smallcnn_gap,leaky,kaggle_fake_real_medicine_2fb956eb5f,0,1,0.772123
45,model2_smallcnn_gap,leaky,kaggle_fake_real_medicine_44fd0f757a,0,0,0.301813
45,model2_smallcnn_gap,leaky,kaggle_fake_real_medicine_4581f49ec4,0,1,0.838655
45,model2_smallcnn_gap,leaky,kaggle_fake_real_medicine_47ef3972b2,1,0,0.155289
45,model2_smallcnn_gap,leaky,kaggle_fake_real_medicine_4fcc86b614,1,0,0.352006
45,model2_smallcnn_gap,leaky,kaggle_fake_real_medicine_52a8894c41,0,0,0.704775
45,model2_smallcnn_gap,leaky,kaggle_fake_real_medicine_578b78be70,1,0,0.268579
45,model2_smallcnn_gap,leaky,kaggle_fake_real_medicine_5d72b67a63,0,1,0.526567
45,model2_smallcnn_gap,leaky,kaggle_fake_real_medicine_6134763660,1,0,0.694928
45,model2_smallcnn_gap,leaky,kaggle_fake_real_medicine_627585c336,1,0,0.207735
45,model2_smallcnn_gap,leaky,kaggle_fake_real_medicine_62fb730310,1,1,0.761365
45,model2_smallcnn_gap,leaky,kaggle_fake_real_medicine_634456e7d6,1,0,0.498042
45,model2_smallcnn_gap,leaky,kaggle_fake_real_medicine_64dd03edff,0,1,0.899558
45,model2_smallcnn_gap,leaky,kaggle_fake_real_medicine_651e0f0a85,0,0,0.751147
45,model2_smallcnn_gap,leaky,kaggle_fake_real_medicine_680234b7cf,0,1,0.799947
45,model2_smallcnn_gap,leaky,kaggle_fake_real_medicine_6bda05ca54,1,0,0.096839
45,model2_smallcnn_gap,leaky,kaggle_fake_real_medicine_702b301e99,0,1,0.991276
45,model2_smallcnn_gap,leaky,kaggle_fake_real_medicine_73a6ece8e9,1,1,0.864614
45,model2_smallcnn_gap,leaky,kaggle_fake_real_medicine_779c1196eb,0,0,0.31614
45,model2_smallcnn_gap,leaky,kaggle_fake_real_medicine_7b8afa42b4,1,1,0.967728
45,model2_smallcnn_gap,leaky,kaggle_fake_real_medicine_845ee248b9,1,1,0.993581
45,model2_smallcnn_gap,leaky,kaggle_fake_real_medicine_88e760ec67,1,0,0.057159
45,model2_smallcnn_gap,leaky,kaggle_fake_real_medicine_97b7ba7093,0,0,0.096346
45,model2_smallcnn_gap,leaky,kaggle_fake_real_medicine_9a1295c310,0,1,0.893003
45,model2_smallcnn_gap,leaky,kaggle_fake_real_medicine_9abd16be2c,0,1,0.886786
45,model2_smallcnn_gap,leaky,kaggle_fake_real_medicine_9c1aa55ecd,0,0,0.715749
45,model2_smallcnn_gap,leaky,kaggle_fake_real_medicine_a52f4729ef,0,1,0.73251
45,model2_smallcnn_gap,leaky,kaggle_fake_real_medicine_a5c91851cb,0,1,0.999987
45,model2_smallcnn_gap,leaky,kaggle_fake_real_medicine_a8e282a356,0,1,0.926642
45,model2_smallcnn_gap,leaky,kaggle_fake_real_medicine_ae2efd1c6c,0,1,0.888925
45,model2_smallcnn_gap,leaky,kaggle_fake_real_medicine_aee89a8f04,1,0,0.100202
45,model2_smallcnn_gap,leaky,kaggle_fake_real_medicine_b309605a66,0,1,0.868423
45,model2_smallcnn_gap,leaky,kaggle_fake_real_medicine_b70df6e629,0,1,0.890972
45,model2_smallcnn_gap,leaky,kaggle_fake_real_medicine_bdd667d804,0,1,0.99059
45,model2_smallcnn_gap,leaky,kaggle_fake_real_medicine_c7404298d4,0,0,0.22976
45,model2_smallcnn_gap,leaky,kaggle_fake_real_medicine_c81ed5b421,0,1,0.987448
45,model2_smallcnn_gap,leaky,kaggle_fake_real_medicine_c934d254bd,0,1,0.932914
45,model2_smallcnn_gap,leaky,kaggle_fake_real_medicine_c9ccae27b6,0,0,0.625596
45,model2_smallcnn_gap,leaky,kaggle_fake_real_medicine_cbe26aa03b,0,1,0.889341
45,model2_smallcnn_gap,leaky,kaggle_fake_real_medicine_cd59615cfe,1,0,0.099508
45,model2_smallcnn_gap,leaky,kaggle_fake_real_medicine_cd5e5e7124,0,0,0.145904
45,model2_smallcnn_gap,leaky,kaggle_fake_real_medicine_d34b172d99,0,1,0.781443
45,model2_smallcnn_gap,leaky,kaggle_fake_real_medicine_d3c6fa2ded,0,0,0.722007
45,model2_smallcnn_gap,leaky,kaggle_fake_real_medicine_d6620e5f3d,0,0,0.373464
45,model2_smallcnn_gap,leaky,kaggle_fake_real_medicine_e0787b76d6,1,1,0.991338
45,model2_smallcnn_gap,leaky,kaggle_fake_real_medicine_e33cdd1fc3,0,0,0.722099
45,model2_smallcnn_gap,leaky,kaggle_fake_real_medicine_e390352f04,0,0,0.239125
45,model2_smallcnn_gap,leaky,kaggle_fake_real_medicine_e54f1413e6,0,1,0.998499
45,model2_smallcnn_gap,leaky,kaggle_fake_real_medicine_edbb207b2e,0,1,0.603015
45,model2_smallcnn_gap,leaky,kaggle_fake_real_medicine_eded2385a3,0,0,0.493882
45,model2_smallcnn_gap,leaky,kaggle_fake_real_medicine_ef4bd64707,1,0,0.170455
45,model2_smallcnn_gap,leaky,kaggle_fake_real_medicine_ef75337a14,0,0,0.067772
45,model2_smallcnn_gap,leaky,kaggle_fake_real_medicine_f61949b1d3,0,1,0.833818
45,model2_smallcnn_gap,leaky,kaggle_fake_real_medicine_f8bd42c191,0,1,0.772985
45,model4_efficientnetb0_frozen,clean,kaggle_fake_real_medicine_012dbfbc36,1,1,0.994481
45,model4_efficientnetb0_frozen,clean,kaggle_fake_real_medicine_04c5e557b8,0,1,0.957097
45,model4_efficientnetb0_frozen,clean,kaggle_fake_real_medicine_077563b376,0,0,0.719484
45,model4_efficientnetb0_frozen,clean,kaggle_fake_real_medicine_097d8595eb,1,0,1e-05
45,model4_efficientnetb0_frozen,clean,kaggle_fake_real_medicine_0a680b1608,1,1,0.991975
45,model4_efficientnetb0_frozen,clean,kaggle_fake_real_medicine_0bd80c0685,0,1,0.999578
45,model4_efficientnetb0_frozen,clean,kaggle_fake_real_medicine_0d6c0cec82,1,0,0.000138
45,model4_efficientnetb0_frozen,clean,kaggle_fake_real_medicine_0ef14de6d2,0,0,5.9e-05
45,model4_efficientnetb0_frozen,clean,kaggle_fake_real_medicine_10225ffb67,1,0,3.8e-05
45,model4_efficientnetb0_frozen,clean,kaggle_fake_real_medicine_12c43a7eaa,0,1,0.999449
45,model4_efficientnetb0_frozen,clean,kaggle_fake_real_medicine_145d2c296f,1,0,0.015893
45,model4_efficientnetb0_frozen,clean,kaggle_fake_real_medicine_14a03230bc,1,0,2.6e-05
45,model4_efficientnetb0_frozen,clean,kaggle_fake_real_medicine_1761000c09,1,0,0.002189
45,model4_efficientnetb0_frozen,clean,kaggle_fake_real_medicine_188e0dcabe,1,0,0.003168
45,model4_efficientnetb0_frozen,clean,kaggle_fake_real_medicine_1fb3ce9b13,1,0,0.000298
45,model4_efficientnetb0_frozen,clean,kaggle_fake_real_medicine_206e0e85c6,0,0,0.051933
45,model4_efficientnetb0_frozen,clean,kaggle_fake_real_medicine_20c4a33635,0,1,0.972773
45,model4_efficientnetb0_frozen,clean,kaggle_fake_real_medicine_21720344fd,1,0,1.9e-05
45,model4_efficientnetb0_frozen,clean,kaggle_fake_real_medicine_28623dc5d3,0,0,0.01473
45,model4_efficientnetb0_frozen,clean,kaggle_fake_real_medicine_2bf66badab,1,1,0.969095
45,model4_efficientnetb0_frozen,clean,kaggle_fake_real_medicine_2fb956eb5f,0,1,0.99814
45,model4_efficientnetb0_frozen,clean,kaggle_fake_real_medicine_44fd0f757a,0,0,0.052289
45,model4_efficientnetb0_frozen,clean,kaggle_fake_real_medicine_4581f49ec4,0,1,0.999353
45,model4_efficientnetb0_frozen,clean,kaggle_fake_real_medicine_47ef3972b2,1,0,2.4e-05
45,model4_efficientnetb0_frozen,clean,kaggle_fake_real_medicine_4fcc86b614,1,0,0.038078
45,model4_efficientnetb0_frozen,clean,kaggle_fake_real_medicine_52a8894c41,0,0,3.7e-05
45,model4_efficientnetb0_frozen,clean,kaggle_fake_real_medicine_578b78be70,1,0,0.015013
45,model4_efficientnetb0_frozen,clean,kaggle_fake_real_medicine_5d72b67a63,0,1,0.931909
45,model4_efficientnetb0_frozen,clean,kaggle_fake_real_medicine_6134763660,1,0,0.000352
45,model4_efficientnetb0_frozen,clean,kaggle_fake_real_medicine_627585c336,1,0,0.001569
45,model4_efficientnetb0_frozen,clean,kaggle_fake_real_medicine_62fb730310,1,1,0.991026
45,model4_efficientnetb0_frozen,clean,kaggle_fake_real_medicine_634456e7d6,1,0,0.001531
45,model4_efficientnetb0_frozen,clean,kaggle_fake_real_medicine_64dd03edff,0,1,0.998987
45,model4_efficientnetb0_frozen,clean,kaggle_fake_real_medicine_651e0f0a85,0,0,0.00228
45,model4_efficientnetb0_frozen,clean,kaggle_fake_real_medicine_680234b7cf,0,1,0.999781
45,model4_efficientnetb0_frozen,clean,kaggle_fake_real_medicine_6bda05ca54,1,0,0.001079
45,model4_efficientnetb0_frozen,clean,kaggle_fake_real_medicine_702b301e99,0,1,0.999985
45,model4_efficientnetb0_frozen,clean,kaggle_fake_real_medicine_73a6ece8e9,1,1,0.953924
45,model4_efficientnetb0_frozen,clean,kaggle_fake_real_medicine_779c1196eb,0,0,0.000325
45,model4_efficientnetb0_frozen,clean,kaggle_fake_real_medicine_7b8afa42b4,1,1,0.997704
45,model4_efficientnetb0_frozen,clean,kaggle_fake_real_medicine_845ee248b9,1,1,0.999776
45,model4_efficientnetb0_frozen,clean,kaggle_fake_real_medicine_88e760ec67,1,0,0.000115
45,model4_efficientnetb0_frozen,clean,kaggle_fake_real_medicine_97b7ba7093,0,0,0.006434
45,model4_efficientnetb0_frozen,clean,kaggle_fake_real_medicine_9a1295c310,0,1,0.980627
45,model4_efficientnetb0_frozen,clean,kaggle_fake_real_medicine_9abd16be2c,0,1,0.840154
45,model4_efficientnetb0_frozen,clean,kaggle_fake_real_medicine_9c1aa55ecd,0,0,0.000761
45,model4_efficientnetb0_frozen,clean,kaggle_fake_real_medicine_a52f4729ef,0,1,0.99967
45,model4_efficientnetb0_frozen,clean,kaggle_fake_real_medicine_a5c91851cb,0,1,0.998605
45,model4_efficientnetb0_frozen,clean,kaggle_fake_real_medicine_a8e282a356,0,1,0.99993
45,model4_efficientnetb0_frozen,clean,kaggle_fake_real_medicine_ae2efd1c6c,0,1,0.974549
45,model4_efficientnetb0_frozen,clean,kaggle_fake_real_medicine_aee89a8f04,1,0,1.5e-05
45,model4_efficientnetb0_frozen,clean,kaggle_fake_real_medicine_b309605a66,0,1,0.99897
45,model4_efficientnetb0_frozen,clean,kaggle_fake_real_medicine_b70df6e629,0,1,0.99775
45,model4_efficientnetb0_frozen,clean,kaggle_fake_real_medicine_bdd667d804,0,1,0.947481
45,model4_efficientnetb0_frozen,clean,kaggle_fake_real_medicine_c7404298d4,0,0,2.8e-05
45,model4_efficientnetb0_frozen,clean,kaggle_fake_real_medicine_c81ed5b421,0,1,0.999956
45,model4_efficientnetb0_frozen,clean,kaggle_fake_real_medicine_c934d254bd,0,1,0.99999
45,model4_efficientnetb0_frozen,clean,kaggle_fake_real_medicine_c9ccae27b6,0,0,0.128169
45,model4_efficientnetb0_frozen,clean,kaggle_fake_real_medicine_cbe26aa03b,0,1,0.98197
45,model4_efficientnetb0_frozen,clean,kaggle_fake_real_medicine_cd59615cfe,1,0,0.001841
45,model4_efficientnetb0_frozen,clean,kaggle_fake_real_medicine_cd5e5e7124,0,0,0.03789
45,model4_efficientnetb0_frozen,clean,kaggle_fake_real_medicine_d34b172d99,0,1,0.998236
45,model4_efficientnetb0_frozen,clean,kaggle_fake_real_medicine_d3c6fa2ded,0,0,1.2e-05
45,model4_efficientnetb0_frozen,clean,kaggle_fake_real_medicine_d6620e5f3d,0,0,0.000938
45,model4_efficientnetb0_frozen,clean,kaggle_fake_real_medicine_e0787b76d6,1,1,0.999128
45,model4_efficientnetb0_frozen,clean,kaggle_fake_real_medicine_e33cdd1fc3,0,0,0.003439
45,model4_efficientnetb0_frozen,clean,kaggle_fake_real_medicine_e390352f04,0,0,0.002692
45,model4_efficientnetb0_frozen,clean,kaggle_fake_real_medicine_e54f1413e6,0,1,0.990672
45,model4_efficientnetb0_frozen,clean,kaggle_fake_real_medicine_edbb207b2e,0,1,0.959479
45,model4_efficientnetb0_frozen,clean,kaggle_fake_real_medicine_eded2385a3,0,0,6e-06
45,model4_efficientnetb0_frozen,clean,kaggle_fake_real_medicine_ef4bd64707,1,0,0.000133
45,model4_efficientnetb0_frozen,clean,kaggle_fake_real_medicine_ef75337a14,0,0,0.000587
45,model4_efficientnetb0_frozen,clean,kaggle_fake_real_medicine_f61949b1d3,0,1,0.994577
45,model4_efficientnetb0_frozen,clean,kaggle_fake_real_medicine_f8bd42c191,0,1,0.995408
45,model4_efficientnetb0_frozen,leaky,kaggle_fake_real_medicine_012dbfbc36,1,1,0.998167
45,model4_efficientnetb0_frozen,leaky,kaggle_fake_real_medicine_04c5e557b8,0,1,0.977283
45,model4_efficientnetb0_frozen,leaky,kaggle_fake_real_medicine_077563b376,0,0,0.787438
45,model4_efficientnetb0_frozen,leaky,kaggle_fake_real_medicine_097d8595eb,1,0,5e-06
45,model4_efficientnetb0_frozen,leaky,kaggle_fake_real_medicine_0a680b1608,1,1,0.998043
45,model4_efficientnetb0_frozen,leaky,kaggle_fake_real_medicine_0bd80c0685,0,1,0.999889
45,model4_efficientnetb0_frozen,leaky,kaggle_fake_real_medicine_0d6c0cec82,1,0,6.1e-05
45,model4_efficientnetb0_frozen,leaky,kaggle_fake_real_medicine_0ef14de6d2,0,0,1.6e-05
45,model4_efficientnetb0_frozen,leaky,kaggle_fake_real_medicine_10225ffb67,1,0,1.1e-05
45,model4_efficientnetb0_frozen,leaky,kaggle_fake_real_medicine_12c43a7eaa,0,1,0.999819
45,model4_efficientnetb0_frozen,leaky,kaggle_fake_real_medicine_145d2c296f,1,0,0.007736
45,model4_efficientnetb0_frozen,leaky,kaggle_fake_real_medicine_14a03230bc,1,0,9e-06
45,model4_efficientnetb0_frozen,leaky,kaggle_fake_real_medicine_1761000c09,1,0,0.001191
45,model4_efficientnetb0_frozen,leaky,kaggle_fake_real_medicine_188e0dcabe,1,0,0.002997
45,model4_efficientnetb0_frozen,leaky,kaggle_fake_real_medicine_1fb3ce9b13,1,0,9.4e-05
45,model4_efficientnetb0_frozen,leaky,kaggle_fake_real_medicine_206e0e85c6,0,0,0.047609
45,model4_efficientnetb0_frozen,leaky,kaggle_fake_real_medicine_20c4a33635,0,1,0.985589
45,model4_efficientnetb0_frozen,leaky,kaggle_fake_real_medicine_21720344fd,1,0,3e-06
45,model4_efficientnetb0_frozen,leaky,kaggle_fake_real_medicine_28623dc5d3,0,0,0.011139
45,model4_efficientnetb0_frozen,leaky,kaggle_fake_real_medicine_2bf66badab,1,1,0.987338
45,model4_efficientnetb0_frozen,leaky,kaggle_fake_real_medicine_2fb956eb5f,0,1,0.999285
45,model4_efficientnetb0_frozen,leaky,kaggle_fake_real_medicine_44fd0f757a,0,0,0.018318
45,model4_efficientnetb0_frozen,leaky,kaggle_fake_real_medicine_4581f49ec4,0,1,0.999621
45,model4_efficientnetb0_frozen,leaky,kaggle_fake_real_medicine_47ef3972b2,1,0,5e-06
45,model4_efficientnetb0_frozen,leaky,kaggle_fake_real_medicine_4fcc86b614,1,0,0.009574
45,model4_efficientnetb0_frozen,leaky,kaggle_fake_real_medicine_52a8894c41,0,0,1.7e-05
45,model4_efficientnetb0_frozen,leaky,kaggle_fake_real_medicine_578b78be70,1,0,0.003064
45,model4_efficientnetb0_frozen,leaky,kaggle_fake_real_medicine_5d72b67a63,0,1,0.97054
45,model4_efficientnetb0_frozen,leaky,kaggle_fake_real_medicine_6134763660,1,0,0.000275
45,model4_efficientnetb0_frozen,leaky,kaggle_fake_real_medicine_627585c336,1,0,0.000648
45,model4_efficientnetb0_frozen,leaky,kaggle_fake_real_medicine_62fb730310,1,1,0.995628
45,model4_efficientnetb0_frozen,leaky,kaggle_fake_real_medicine_634456e7d6,1,0,0.000696
45,model4_efficientnetb0_frozen,leaky,kaggle_fake_real_medicine_64dd03edff,0,1,0.999416
45,model4_efficientnetb0_frozen,leaky,kaggle_fake_real_medicine_651e0f0a85,0,0,0.003251
45,model4_efficientnetb0_frozen,leaky,kaggle_fake_real_medicine_680234b7cf,0,1,0.999911
45,model4_efficientnetb0_frozen,leaky,kaggle_fake_real_medicine_6bda05ca54,1,0,0.000693
45,model4_efficientnetb0_frozen,leaky,kaggle_fake_real_medicine_702b301e99,0,1,0.999994
45,model4_efficientnetb0_frozen,leaky,kaggle_fake_real_medicine_73a6ece8e9,1,1,0.996325
45,model4_efficientnetb0_frozen,leaky,kaggle_fake_real_medicine_779c1196eb,0,0,0.000121
45,model4_efficientnetb0_frozen,leaky,kaggle_fake_real_medicine_7b8afa42b4,1,1,0.999306
45,model4_efficientnetb0_frozen,leaky,kaggle_fake_real_medicine_845ee248b9,1,1,0.999937
45,model4_efficientnetb0_frozen,leaky,kaggle_fake_real_medicine_88e760ec67,1,0,3.5e-05
45,model4_efficientnetb0_frozen,leaky,kaggle_fake_real_medicine_97b7ba7093,0,0,0.005808
45,model4_efficientnetb0_frozen,leaky,kaggle_fake_real_medicine_9a1295c310,0,1,0.985984
45,model4_efficientnetb0_frozen,leaky,kaggle_fake_real_medicine_9abd16be2c,0,1,0.817446
45,model4_efficientnetb0_frozen,leaky,kaggle_fake_real_medicine_9c1aa55ecd,0,0,0.000891
45,model4_efficientnetb0_frozen,leaky,kaggle_fake_real_medicine_a52f4729ef,0,1,0.999821
45,model4_efficientnetb0_frozen,leaky,kaggle_fake_real_medicine_a5c91851cb,0,1,0.999455
45,model4_efficientnetb0_frozen,leaky,kaggle_fake_real_medicine_a8e282a356,0,1,0.999976
45,model4_efficientnetb0_frozen,leaky,kaggle_fake_real_medicine_ae2efd1c6c,0,1,0.986906
45,model4_efficientnetb0_frozen,leaky,kaggle_fake_real_medicine_aee89a8f04,1,0,4e-06
45,model4_efficientnetb0_frozen,leaky,kaggle_fake_real_medicine_b309605a66,0,1,0.999576
45,model4_efficientnetb0_frozen,leaky,kaggle_fake_real_medicine_b70df6e629,0,1,0.999241
45,model4_efficientnetb0_frozen,leaky,kaggle_fake_real_medicine_bdd667d804,0,1,0.981662
45,model4_efficientnetb0_frozen,leaky,kaggle_fake_real_medicine_c7404298d4,0,0,1.2e-05
45,model4_efficientnetb0_frozen,leaky,kaggle_fake_real_medicine_c81ed5b421,0,1,0.999982
45,model4_efficientnetb0_frozen,leaky,kaggle_fake_real_medicine_c934d254bd,0,1,0.999997
45,model4_efficientnetb0_frozen,leaky,kaggle_fake_real_medicine_c9ccae27b6,0,0,0.102898
45,model4_efficientnetb0_frozen,leaky,kaggle_fake_real_medicine_cbe26aa03b,0,1,0.994051
45,model4_efficientnetb0_frozen,leaky,kaggle_fake_real_medicine_cd59615cfe,1,0,0.00193
45,model4_efficientnetb0_frozen,leaky,kaggle_fake_real_medicine_cd5e5e7124,0,0,0.027444
45,model4_efficientnetb0_frozen,leaky,kaggle_fake_real_medicine_d34b172d99,0,1,0.999151
45,model4_efficientnetb0_frozen,leaky,kaggle_fake_real_medicine_d3c6fa2ded,0,0,4e-06
45,model4_efficientnetb0_frozen,leaky,kaggle_fake_real_medicine_d6620e5f3d,0,0,0.000767
45,model4_efficientnetb0_frozen,leaky,kaggle_fake_real_medicine_e0787b76d6,1,1,0.999704
45,model4_efficientnetb0_frozen,leaky,kaggle_fake_real_medicine_e33cdd1fc3,0,0,0.003131
45,model4_efficientnetb0_frozen,leaky,kaggle_fake_real_medicine_e390352f04,0,0,0.001134
45,model4_efficientnetb0_frozen,leaky,kaggle_fake_real_medicine_e54f1413e6,0,1,0.998531
45,model4_efficientnetb0_frozen,leaky,kaggle_fake_real_medicine_edbb207b2e,0,1,0.955776
45,model4_efficientnetb0_frozen,leaky,kaggle_fake_real_medicine_eded2385a3,0,0,1e-06
45,model4_efficientnetb0_frozen,leaky,kaggle_fake_real_medicine_ef4bd64707,1,0,3.3e-05
45,model4_efficientnetb0_frozen,leaky,kaggle_fake_real_medicine_ef75337a14,0,0,0.000304
45,model4_efficientnetb0_frozen,leaky,kaggle_fake_real_medicine_f61949b1d3,0,1,0.998256
45,model4_efficientnetb0_frozen,leaky,kaggle_fake_real_medicine_f8bd42c191,0,1,0.998877
46,model3_mobilenetv3small_frozen,clean,kaggle_fake_real_medicine_012dbfbc36,1,1,0.998052
46,model3_mobilenetv3small_frozen,clean,kaggle_fake_real_medicine_04c5e557b8,0,1,0.909019
46,model3_mobilenetv3small_frozen,clean,kaggle_fake_real_medicine_077563b376,0,0,0.240275
46,model3_mobilenetv3small_frozen,clean,kaggle_fake_real_medicine_097d8595eb,1,0,5e-05
46,model3_mobilenetv3small_frozen,clean,kaggle_fake_real_medicine_0a680b1608,1,1,0.987597
46,model3_mobilenetv3small_frozen,clean,kaggle_fake_real_medicine_0bd80c0685,0,1,0.999943
46,model3_mobilenetv3small_frozen,clean,kaggle_fake_real_medicine_0d6c0cec82,1,0,0.000786
46,model3_mobilenetv3small_frozen,clean,kaggle_fake_real_medicine_0ef14de6d2,0,0,0.000475
46,model3_mobilenetv3small_frozen,clean,kaggle_fake_real_medicine_10225ffb67,1,0,0.008457
46,model3_mobilenetv3small_frozen,clean,kaggle_fake_real_medicine_12c43a7eaa,0,1,0.999971
46,model3_mobilenetv3small_frozen,clean,kaggle_fake_real_medicine_145d2c296f,1,0,0.003492
46,model3_mobilenetv3small_frozen,clean,kaggle_fake_real_medicine_14a03230bc,1,0,0.000445
46,model3_mobilenetv3small_frozen,clean,kaggle_fake_real_medicine_1761000c09,1,0,0.007971
46,model3_mobilenetv3small_frozen,clean,kaggle_fake_real_medicine_188e0dcabe,1,0,0.002491
46,model3_mobilenetv3small_frozen,clean,kaggle_fake_real_medicine_1fb3ce9b13,1,0,1.5e-05
46,model3_mobilenetv3small_frozen,clean,kaggle_fake_real_medicine_206e0e85c6,0,0,0.168282
46,model3_mobilenetv3small_frozen,clean,kaggle_fake_real_medicine_20c4a33635,0,1,0.999699
46,model3_mobilenetv3small_frozen,clean,kaggle_fake_real_medicine_21720344fd,1,0,7.7e-05
46,model3_mobilenetv3small_frozen,clean,kaggle_fake_real_medicine_28623dc5d3,0,0,0.000242
46,model3_mobilenetv3small_frozen,clean,kaggle_fake_real_medicine_2bf66badab,1,1,0.998386
46,model3_mobilenetv3small_frozen,clean,kaggle_fake_real_medicine_2fb956eb5f,0,1,0.999962
46,model3_mobilenetv3small_frozen,clean,kaggle_fake_real_medicine_44fd0f757a,0,0,0.003507
46,model3_mobilenetv3small_frozen,clean,kaggle_fake_real_medicine_4581f49ec4,0,1,0.999816
46,model3_mobilenetv3small_frozen,clean,kaggle_fake_real_medicine_47ef3972b2,1,0,0.000109
46,model3_mobilenetv3small_frozen,clean,kaggle_fake_real_medicine_4fcc86b614,1,0,0.207665
46,model3_mobilenetv3small_frozen,clean,kaggle_fake_real_medicine_52a8894c41,0,0,4.6e-05
46,model3_mobilenetv3small_frozen,clean,kaggle_fake_real_medicine_578b78be70,1,0,0.006456
46,model3_mobilenetv3small_frozen,clean,kaggle_fake_real_medicine_5d72b67a63,0,1,0.995829
46,model3_mobilenetv3small_frozen,clean,kaggle_fake_real_medicine_6134763660,1,0,0.002409
46,model3_mobilenetv3small_frozen,clean,kaggle_fake_real_medicine_627585c336,1,0,0.000643
46,model3_mobilenetv3small_frozen,clean,kaggle_fake_real_medicine_62fb730310,1,1,0.999795
46,model3_mobilenetv3small_frozen,clean,kaggle_fake_real_medicine_634456e7d6,1,0,0.007775
46,model3_mobilenetv3small_frozen,clean,kaggle_fake_real_medicine_64dd03edff,0,1,0.99999
46,model3_mobilenetv3small_frozen,clean,kaggle_fake_real_medicine_651e0f0a85,0,0,0.002228
46,model3_mobilenetv3small_frozen,clean,kaggle_fake_real_medicine_680234b7cf,0,1,0.999967
46,model3_mobilenetv3small_frozen,clean,kaggle_fake_real_medicine_6bda05ca54,1,0,0.000504
46,model3_mobilenetv3small_frozen,clean,kaggle_fake_real_medicine_702b301e99,0,1,0.999983
46,model3_mobilenetv3small_frozen,clean,kaggle_fake_real_medicine_73a6ece8e9,1,1,0.998456
46,model3_mobilenetv3small_frozen,clean,kaggle_fake_real_medicine_779c1196eb,0,0,0.004182
46,model3_mobilenetv3small_frozen,clean,kaggle_fake_real_medicine_7b8afa42b4,1,1,0.999987
46,model3_mobilenetv3small_frozen,clean,kaggle_fake_real_medicine_845ee248b9,1,1,0.998766
46,model3_mobilenetv3small_frozen,clean,kaggle_fake_real_medicine_88e760ec67,1,0,2.3e-05
46,model3_mobilenetv3small_frozen,clean,kaggle_fake_real_medicine_97b7ba7093,0,0,0.001914
46,model3_mobilenetv3small_frozen,clean,kaggle_fake_real_medicine_9a1295c310,0,1,0.992653
46,model3_mobilenetv3small_frozen,clean,kaggle_fake_real_medicine_9abd16be2c,0,1,0.654632
46,model3_mobilenetv3small_frozen,clean,kaggle_fake_real_medicine_9c1aa55ecd,0,0,0.00115
46,model3_mobilenetv3small_frozen,clean,kaggle_fake_real_medicine_a52f4729ef,0,1,0.999842
46,model3_mobilenetv3small_frozen,clean,kaggle_fake_real_medicine_a5c91851cb,0,1,0.999611
46,model3_mobilenetv3small_frozen,clean,kaggle_fake_real_medicine_a8e282a356,0,1,0.987551
46,model3_mobilenetv3small_frozen,clean,kaggle_fake_real_medicine_ae2efd1c6c,0,1,0.987989
46,model3_mobilenetv3small_frozen,clean,kaggle_fake_real_medicine_aee89a8f04,1,0,0.000545
46,model3_mobilenetv3small_frozen,clean,kaggle_fake_real_medicine_b309605a66,0,1,0.99993
46,model3_mobilenetv3small_frozen,clean,kaggle_fake_real_medicine_b70df6e629,0,1,0.999747
46,model3_mobilenetv3small_frozen,clean,kaggle_fake_real_medicine_bdd667d804,0,1,0.926425
46,model3_mobilenetv3small_frozen,clean,kaggle_fake_real_medicine_c7404298d4,0,0,4.7e-05
46,model3_mobilenetv3small_frozen,clean,kaggle_fake_real_medicine_c81ed5b421,0,1,0.999572
46,model3_mobilenetv3small_frozen,clean,kaggle_fake_real_medicine_c934d254bd,0,1,0.999872
46,model3_mobilenetv3small_frozen,clean,kaggle_fake_real_medicine_c9ccae27b6,0,0,4.7e-05
46,model3_mobilenetv3small_frozen,clean,kaggle_fake_real_medicine_cbe26aa03b,0,1,0.989629
46,model3_mobilenetv3small_frozen,clean,kaggle_fake_real_medicine_cd59615cfe,1,0,0.001151
46,model3_mobilenetv3small_frozen,clean,kaggle_fake_real_medicine_cd5e5e7124,0,0,0.002036
46,model3_mobilenetv3small_frozen,clean,kaggle_fake_real_medicine_d34b172d99,0,1,0.924594
46,model3_mobilenetv3small_frozen,clean,kaggle_fake_real_medicine_d3c6fa2ded,0,0,0.001045
46,model3_mobilenetv3small_frozen,clean,kaggle_fake_real_medicine_d6620e5f3d,0,0,0.000281
46,model3_mobilenetv3small_frozen,clean,kaggle_fake_real_medicine_e0787b76d6,1,1,0.999597
46,model3_mobilenetv3small_frozen,clean,kaggle_fake_real_medicine_e33cdd1fc3,0,0,0.00709
46,model3_mobilenetv3small_frozen,clean,kaggle_fake_real_medicine_e390352f04,0,0,0.002466
46,model3_mobilenetv3small_frozen,clean,kaggle_fake_real_medicine_e54f1413e6,0,1,0.997207
46,model3_mobilenetv3small_frozen,clean,kaggle_fake_real_medicine_edbb207b2e,0,1,0.916437
46,model3_mobilenetv3small_frozen,clean,kaggle_fake_real_medicine_eded2385a3,0,0,3.1e-05
46,model3_mobilenetv3small_frozen,clean,kaggle_fake_real_medicine_ef4bd64707,1,0,7.1e-05
46,model3_mobilenetv3small_frozen,clean,kaggle_fake_real_medicine_ef75337a14,0,0,0.000409
46,model3_mobilenetv3small_frozen,clean,kaggle_fake_real_medicine_f61949b1d3,0,1,0.999195
46,model3_mobilenetv3small_frozen,clean,kaggle_fake_real_medicine_f8bd42c191,0,1,0.998504
46,model3_mobilenetv3small_frozen,leaky,kaggle_fake_real_medicine_012dbfbc36,1,1,0.99785
46,model3_mobilenetv3small_frozen,leaky,kaggle_fake_real_medicine_04c5e557b8,0,1,0.899826
46,model3_mobilenetv3small_frozen,leaky,kaggle_fake_real_medicine_077563b376,0,0,0.236694
46,model3_mobilenetv3small_frozen,leaky,kaggle_fake_real_medicine_097d8595eb,1,0,0.000102
46,model3_mobilenetv3small_frozen,leaky,kaggle_fake_real_medicine_0a680b1608,1,1,0.986727
46,model3_mobilenetv3small_frozen,leaky,kaggle_fake_real_medicine_0bd80c0685,0,1,0.999852
46,model3_mobilenetv3small_frozen,leaky,kaggle_fake_real_medicine_0d6c0cec82,1,0,0.001118
46,model3_mobilenetv3small_frozen,leaky,kaggle_fake_real_medicine_0ef14de6d2,0,0,0.000829
46,model3_mobilenetv3small_frozen,leaky,kaggle_fake_real_medicine_10225ffb67,1,0,0.011653
46,model3_mobilenetv3small_frozen,leaky,kaggle_fake_real_medicine_12c43a7eaa,0,1,0.999928
46,model3_mobilenetv3small_frozen,leaky,kaggle_fake_real_medicine_145d2c296f,1,0,0.004121
46,model3_mobilenetv3small_frozen,leaky,kaggle_fake_real_medicine_14a03230bc,1,0,0.000974
46,model3_mobilenetv3small_frozen,leaky,kaggle_fake_real_medicine_1761000c09,1,0,0.006855
46,model3_mobilenetv3small_frozen,leaky,kaggle_fake_real_medicine_188e0dcabe,1,0,0.003068
46,model3_mobilenetv3small_frozen,leaky,kaggle_fake_real_medicine_1fb3ce9b13,1,0,3.4e-05
46,model3_mobilenetv3small_frozen,leaky,kaggle_fake_real_medicine_206e0e85c6,0,0,0.20033
46,model3_mobilenetv3small_frozen,leaky,kaggle_fake_real_medicine_20c4a33635,0,1,0.999611
46,model3_mobilenetv3small_frozen,leaky,kaggle_fake_real_medicine_21720344fd,1,0,0.000115
46,model3_mobilenetv3small_frozen,leaky,kaggle_fake_real_medicine_28623dc5d3,0,0,0.0005
46,model3_mobilenetv3small_frozen,leaky,kaggle_fake_real_medicine_2bf66badab,1,1,0.99732
46,model3_mobilenetv3small_frozen,leaky,kaggle_fake_real_medicine_2fb956eb5f,0,1,0.999963
46,model3_mobilenetv3small_frozen,leaky,kaggle_fake_real_medicine_44fd0f757a,0,0,0.004976
46,model3_mobilenetv3small_frozen,leaky,kaggle_fake_real_medicine_4581f49ec4,0,1,0.999797
46,model3_mobilenetv3small_frozen,leaky,kaggle_fake_real_medicine_47ef3972b2,1,0,0.000219
46,model3_mobilenetv3small_frozen,leaky,kaggle_fake_real_medicine_4fcc86b614,1,0,0.116216
46,model3_mobilenetv3small_frozen,leaky,kaggle_fake_real_medicine_52a8894c41,0,0,6.6e-05
46,model3_mobilenetv3small_frozen,leaky,kaggle_fake_real_medicine_578b78be70,1,0,0.011531
46,model3_mobilenetv3small_frozen,leaky,kaggle_fake_real_medicine_5d72b67a63,0,1,0.995551
46,model3_mobilenetv3small_frozen,leaky,kaggle_fake_real_medicine_6134763660,1,0,0.00209
46,model3_mobilenetv3small_frozen,leaky,kaggle_fake_real_medicine_627585c336,1,0,0.000842
46,model3_mobilenetv3small_frozen,leaky,kaggle_fake_real_medicine_62fb730310,1,1,0.999722
46,model3_mobilenetv3small_frozen,leaky,kaggle_fake_real_medicine_634456e7d6,1,0,0.00443
46,model3_mobilenetv3small_frozen,leaky,kaggle_fake_real_medicine_64dd03edff,0,1,0.999984
46,model3_mobilenetv3small_frozen,leaky,kaggle_fake_real_medicine_651e0f0a85,0,0,0.002657
46,model3_mobilenetv3small_frozen,leaky,kaggle_fake_real_medicine_680234b7cf,0,1,0.99994
46,model3_mobilenetv3small_frozen,leaky,kaggle_fake_real_medicine_6bda05ca54,1,0,0.000797
46,model3_mobilenetv3small_frozen,leaky,kaggle_fake_real_medicine_702b301e99,0,1,0.999979
46,model3_mobilenetv3small_frozen,leaky,kaggle_fake_real_medicine_73a6ece8e9,1,1,0.998144
46,model3_mobilenetv3small_frozen,leaky,kaggle_fake_real_medicine_779c1196eb,0,0,0.005792
46,model3_mobilenetv3small_frozen,leaky,kaggle_fake_real_medicine_7b8afa42b4,1,1,0.999985
46,model3_mobilenetv3small_frozen,leaky,kaggle_fake_real_medicine_845ee248b9,1,1,0.99863
46,model3_mobilenetv3small_frozen,leaky,kaggle_fake_real_medicine_88e760ec67,1,0,4e-05
46,model3_mobilenetv3small_frozen,leaky,kaggle_fake_real_medicine_97b7ba7093,0,0,0.003021
46,model3_mobilenetv3small_frozen,leaky,kaggle_fake_real_medicine_9a1295c310,0,1,0.992164
46,model3_mobilenetv3small_frozen,leaky,kaggle_fake_real_medicine_9abd16be2c,0,1,0.712025
46,model3_mobilenetv3small_frozen,leaky,kaggle_fake_real_medicine_9c1aa55ecd,0,0,0.001514
46,model3_mobilenetv3small_frozen,leaky,kaggle_fake_real_medicine_a52f4729ef,0,1,0.999831
46,model3_mobilenetv3small_frozen,leaky,kaggle_fake_real_medicine_a5c91851cb,0,1,0.999379
46,model3_mobilenetv3small_frozen,leaky,kaggle_fake_real_medicine_a8e282a356,0,1,0.993788
46,model3_mobilenetv3small_frozen,leaky,kaggle_fake_real_medicine_ae2efd1c6c,0,1,0.99173
46,model3_mobilenetv3small_frozen,leaky,kaggle_fake_real_medicine_aee89a8f04,1,0,0.000719
46,model3_mobilenetv3small_frozen,leaky,kaggle_fake_real_medicine_b309605a66,0,1,0.999884
46,model3_mobilenetv3small_frozen,leaky,kaggle_fake_real_medicine_b70df6e629,0,1,0.999483
46,model3_mobilenetv3small_frozen,leaky,kaggle_fake_real_medicine_bdd667d804,0,1,0.920796
46,model3_mobilenetv3small_frozen,leaky,kaggle_fake_real_medicine_c7404298d4,0,0,9.3e-05
46,model3_mobilenetv3small_frozen,leaky,kaggle_fake_real_medicine_c81ed5b421,0,1,0.999459
46,model3_mobilenetv3small_frozen,leaky,kaggle_fake_real_medicine_c934d254bd,0,1,0.999795
46,model3_mobilenetv3small_frozen,leaky,kaggle_fake_real_medicine_c9ccae27b6,0,0,8.6e-05
46,model3_mobilenetv3small_frozen,leaky,kaggle_fake_real_medicine_cbe26aa03b,0,1,0.981325
46,model3_mobilenetv3small_frozen,leaky,kaggle_fake_real_medicine_cd59615cfe,1,0,0.001308
46,model3_mobilenetv3small_frozen,leaky,kaggle_fake_real_medicine_cd5e5e7124,0,0,0.003451
46,model3_mobilenetv3small_frozen,leaky,kaggle_fake_real_medicine_d34b172d99,0,1,0.960215
46,model3_mobilenetv3small_frozen,leaky,kaggle_fake_real_medicine_d3c6fa2ded,0,0,0.001731
46,model3_mobilenetv3small_frozen,leaky,kaggle_fake_real_medicine_d6620e5f3d,0,0,0.000482
46,model3_mobilenetv3small_frozen,leaky,kaggle_fake_real_medicine_e0787b76d6,1,1,0.999577
46,model3_mobilenetv3small_frozen,leaky,kaggle_fake_real_medicine_e33cdd1fc3,0,0,0.013153
46,model3_mobilenetv3small_frozen,leaky,kaggle_fake_real_medicine_e390352f04,0,0,0.003419
46,model3_mobilenetv3small_frozen,leaky,kaggle_fake_real_medicine_e54f1413e6,0,1,0.996082
46,model3_mobilenetv3small_frozen,leaky,kaggle_fake_real_medicine_edbb207b2e,0,1,0.878254
46,model3_mobilenetv3small_frozen,leaky,kaggle_fake_real_medicine_eded2385a3,0,0,5.1e-05
46,model3_mobilenetv3small_frozen,leaky,kaggle_fake_real_medicine_ef4bd64707,1,0,0.000164
46,model3_mobilenetv3small_frozen,leaky,kaggle_fake_real_medicine_ef75337a14,0,0,0.000388
46,model3_mobilenetv3small_frozen,leaky,kaggle_fake_real_medicine_f61949b1d3,0,1,0.998922
46,model3_mobilenetv3small_frozen,leaky,kaggle_fake_real_medicine_f8bd42c191,0,1,0.998179
46,model2_smallcnn_gap,clean,kaggle_fake_real_medicine_012dbfbc36,1,1,0.856029
46,model2_smallcnn_gap,clean,kaggle_fake_real_medicine_04c5e557b8,0,1,0.967881
46,model2_smallcnn_gap,clean,kaggle_fake_real_medicine_077563b376,0,0,0.186594
46,model2_smallcnn_gap,clean,kaggle_fake_real_medicine_097d8595eb,1,0,0.074761
46,model2_smallcnn_gap,clean,kaggle_fake_real_medicine_0a680b1608,1,1,0.843856
46,model2_smallcnn_gap,clean,kaggle_fake_real_medicine_0bd80c0685,0,1,0.973928
46,model2_smallcnn_gap,clean,kaggle_fake_real_medicine_0d6c0cec82,1,0,0.072901
46,model2_smallcnn_gap,clean,kaggle_fake_real_medicine_0ef14de6d2,0,0,0.136476
46,model2_smallcnn_gap,clean,kaggle_fake_real_medicine_10225ffb67,1,0,0.085562
46,model2_smallcnn_gap,clean,kaggle_fake_real_medicine_12c43a7eaa,0,1,0.598087
46,model2_smallcnn_gap,clean,kaggle_fake_real_medicine_145d2c296f,1,0,0.077564
46,model2_smallcnn_gap,clean,kaggle_fake_real_medicine_14a03230bc,1,0,0.076914
46,model2_smallcnn_gap,clean,kaggle_fake_real_medicine_1761000c09,1,0,0.091083
46,model2_smallcnn_gap,clean,kaggle_fake_real_medicine_188e0dcabe,1,0,0.133349
46,model2_smallcnn_gap,clean,kaggle_fake_real_medicine_1fb3ce9b13,1,0,0.17697
46,model2_smallcnn_gap,clean,kaggle_fake_real_medicine_206e0e85c6,0,0,0.111341
46,model2_smallcnn_gap,clean,kaggle_fake_real_medicine_20c4a33635,0,1,0.565678
46,model2_smallcnn_gap,clean,kaggle_fake_real_medicine_21720344fd,1,0,0.098499
46,model2_smallcnn_gap,clean,kaggle_fake_real_medicine_28623dc5d3,0,0,0.407947
46,model2_smallcnn_gap,clean,kaggle_fake_real_medicine_2bf66badab,1,1,0.795412
46,model2_smallcnn_gap,clean,kaggle_fake_real_medicine_2fb956eb5f,0,1,0.897635
46,model2_smallcnn_gap,clean,kaggle_fake_real_medicine_44fd0f757a,0,0,0.336803
46,model2_smallcnn_gap,clean,kaggle_fake_real_medicine_4581f49ec4,0,1,0.740196
46,model2_smallcnn_gap,clean,kaggle_fake_real_medicine_47ef3972b2,1,0,0.138677
46,model2_smallcnn_gap,clean,kaggle_fake_real_medicine_4fcc86b614,1,0,0.302892
46,model2_smallcnn_gap,clean,kaggle_fake_real_medicine_52a8894c41,0,0,0.642872
46,model2_smallcnn_gap,clean,kaggle_fake_real_medicine_578b78be70,1,0,0.169829
46,model2_smallcnn_gap,clean,kaggle_fake_real_medicine_5d72b67a63,0,1,0.507877
46,model2_smallcnn_gap,clean,kaggle_fake_real_medicine_6134763660,1,0,0.628989
46,model2_smallcnn_gap,clean,kaggle_fake_real_medicine_627585c336,1,0,0.26956
46,model2_smallcnn_gap,clean,kaggle_fake_real_medicine_62fb730310,1,1,0.649299
46,model2_smallcnn_gap,clean,kaggle_fake_real_medicine_634456e7d6,1,0,0.572786
46,model2_smallcnn_gap,clean,kaggle_fake_real_medicine_64dd03edff,0,1,0.905068
46,model2_smallcnn_gap,clean,kaggle_fake_real_medicine_651e0f0a85,0,0,0.599001
46,model2_smallcnn_gap,clean,kaggle_fake_real_medicine_680234b7cf,0,1,0.771743
46,model2_smallcnn_gap,clean,kaggle_fake_real_medicine_6bda05ca54,1,0,0.071375
46,model2_smallcnn_gap,clean,kaggle_fake_real_medicine_702b301e99,0,1,0.979614
46,model2_smallcnn_gap,clean,kaggle_fake_real_medicine_73a6ece8e9,1,1,0.868192
46,model2_smallcnn_gap,clean,kaggle_fake_real_medicine_779c1196eb,0,0,0.292244
46,model2_smallcnn_gap,clean,kaggle_fake_real_medicine_7b8afa42b4,1,1,0.967904
46,model2_smallcnn_gap,clean,kaggle_fake_real_medicine_845ee248b9,1,1,0.984093
46,model2_smallcnn_gap,clean,kaggle_fake_real_medicine_88e760ec67,1,0,0.063159
46,model2_smallcnn_gap,clean,kaggle_fake_real_medicine_97b7ba7093,0,0,0.082697
46,model2_smallcnn_gap,clean,kaggle_fake_real_medicine_9a1295c310,0,1,0.835175
46,model2_smallcnn_gap,clean,kaggle_fake_real_medicine_9abd16be2c,0,1,0.884384
46,model2_smallcnn_gap,clean,kaggle_fake_real_medicine_9c1aa55ecd,0,0,0.646001
46,model2_smallcnn_gap,clean,kaggle_fake_real_medicine_a52f4729ef,0,1,0.732023
46,model2_smallcnn_gap,clean,kaggle_fake_real_medicine_a5c91851cb,0,1,0.999993
46,model2_smallcnn_gap,clean,kaggle_fake_real_medicine_a8e282a356,0,1,0.937311
46,model2_smallcnn_gap,clean,kaggle_fake_real_medicine_ae2efd1c6c,0,1,0.946182
46,model2_smallcnn_gap,clean,kaggle_fake_real_medicine_aee89a8f04,1,0,0.078666
46,model2_smallcnn_gap,clean,kaggle_fake_real_medicine_b309605a66,0,1,0.808054
46,model2_smallcnn_gap,clean,kaggle_fake_real_medicine_b70df6e629,0,1,0.812158
46,model2_smallcnn_gap,clean,kaggle_fake_real_medicine_bdd667d804,0,1,0.990775
46,model2_smallcnn_gap,clean,kaggle_fake_real_medicine_c7404298d4,0,0,0.258015
46,model2_smallcnn_gap,clean,kaggle_fake_real_medicine_c81ed5b421,0,1,0.9706
46,model2_smallcnn_gap,clean,kaggle_fake_real_medicine_c934d254bd,0,1,0.934487
46,model2_smallcnn_gap,clean,kaggle_fake_real_medicine_c9ccae27b6,0,0,0.631504
46,model2_smallcnn_gap,clean,kaggle_fake_real_medicine_cbe26aa03b,0,1,0.840578
46,model2_smallcnn_gap,clean,kaggle_fake_real_medicine_cd59615cfe,1,0,0.071427
46,model2_smallcnn_gap,clean,kaggle_fake_real_medicine_cd5e5e7124,0,0,0.110868
46,model2_smallcnn_gap,clean,kaggle_fake_real_medicine_d34b172d99,0,1,0.869478
46,model2_smallcnn_gap,clean,kaggle_fake_real_medicine_d3c6fa2ded,0,0,0.634772
46,model2_smallcnn_gap,clean,kaggle_fake_real_medicine_d6620e5f3d,0,0,0.291065
46,model2_smallcnn_gap,clean,kaggle_fake_real_medicine_e0787b76d6,1,1,0.983633
46,model2_smallcnn_gap,clean,kaggle_fake_real_medicine_e33cdd1fc3,0,0,0.704829
46,model2_smallcnn_gap,clean,kaggle_fake_real_medicine_e390352f04,0,0,0.182031
46,model2_smallcnn_gap,clean,kaggle_fake_real_medicine_e54f1413e6,0,1,0.979529
46,model2_smallcnn_gap,clean,kaggle_fake_real_medicine_edbb207b2e,0,1,0.527178
46,model2_smallcnn_gap,clean,kaggle_fake_real_medicine_eded2385a3,0,0,0.400994
46,model2_smallcnn_gap,clean,kaggle_fake_real_medicine_ef4bd64707,1,0,0.189892
46,model2_smallcnn_gap,clean,kaggle_fake_real_medicine_ef75337a14,0,0,0.068507
46,model2_smallcnn_gap,clean,kaggle_fake_real_medicine_f61949b1d3,0,1,0.773294
46,model2_smallcnn_gap,clean,kaggle_fake_real_medicine_f8bd42c191,0,1,0.707122
46,model2_smallcnn_gap,leaky,kaggle_fake_real_medicine_012dbfbc36,1,1,0.876264
46,model2_smallcnn_gap,leaky,kaggle_fake_real_medicine_04c5e557b8,0,1,0.914445
46,model2_smallcnn_gap,leaky,kaggle_fake_real_medicine_077563b376,0,0,0.155091
46,model2_smallcnn_gap,leaky,kaggle_fake_real_medicine_097d8595eb,1,0,0.031664
46,model2_smallcnn_gap,leaky,kaggle_fake_real_medicine_0a680b1608,1,1,0.85447
46,model2_smallcnn_gap,leaky,kaggle_fake_real_medicine_0bd80c0685,0,1,0.964277
46,model2_smallcnn_gap,leaky,kaggle_fake_real_medicine_0d6c0cec82,1,0,0.051632
46,model2_smallcnn_gap,leaky,kaggle_fake_real_medicine_0ef14de6d2,0,0,0.095981
46,model2_smallcnn_gap,leaky,kaggle_fake_real_medicine_10225ffb67,1,0,0.058581
46,model2_smallcnn_gap,leaky,kaggle_fake_real_medicine_12c43a7eaa,0,1,0.549131
46,model2_smallcnn_gap,leaky,kaggle_fake_real_medicine_145d2c296f,1,0,0.038216
46,model2_smallcnn_gap,leaky,kaggle_fake_real_medicine_14a03230bc,1,0,0.042689
46,model2_smallcnn_gap,leaky,kaggle_fake_real_medicine_1761000c09,1,0,0.046169
46,model2_smallcnn_gap,leaky,kaggle_fake_real_medicine_188e0dcabe,1,0,0.103749
46,model2_smallcnn_gap,leaky,kaggle_fake_real_medicine_1fb3ce9b13,1,0,0.123779
46,model2_smallcnn_gap,leaky,kaggle_fake_real_medicine_206e0e85c6,0,0,0.097634
46,model2_smallcnn_gap,leaky,kaggle_fake_real_medicine_20c4a33635,0,1,0.539237
46,model2_smallcnn_gap,leaky,kaggle_fake_real_medicine_21720344fd,1,0,0.063587
46,model2_smallcnn_gap,leaky,kaggle_fake_real_medicine_28623dc5d3,0,0,0.355659
46,model2_smallcnn_gap,leaky,kaggle_fake_real_medicine_2bf66badab,1,1,0.806288
46,model2_smallcnn_gap,leaky,kaggle_fake_real_medicine_2fb956eb5f,0,1,0.924002
46,model2_smallcnn_gap,leaky,kaggle_fake_real_medicine_44fd0f757a,0,0,0.226766
46,model2_smallcnn_gap,leaky,kaggle_fake_real_medicine_4581f49ec4,0,1,0.830379
46,model2_smallcnn_gap,leaky,kaggle_fake_real_medicine_47ef3972b2,1,0,0.094782
46,model2_smallcnn_gap,leaky,kaggle_fake_real_medicine_4fcc86b614,1,0,0.18028
46,model2_smallcnn_gap,leaky,kaggle_fake_real_medicine_52a8894c41,0,0,0.682704
46,model2_smallcnn_gap,leaky,kaggle_fake_real_medicine_578b78be70,1,0,0.118736
46,model2_smallcnn_gap,leaky,kaggle_fake_real_medicine_5d72b67a63,0,1,0.407528
46,model2_smallcnn_gap,leaky,kaggle_fake_real_medicine_6134763660,1,0,0.684027
46,model2_smallcnn_gap,leaky,kaggle_fake_real_medicine_627585c336,1,0,0.215217
46,model2_smallcnn_gap,leaky,kaggle_fake_real_medicine_62fb730310,1,1,0.572486
46,model2_smallcnn_gap,leaky,kaggle_fake_real_medicine_634456e7d6,1,0,0.528158
46,model2_smallcnn_gap,leaky,kaggle_fake_real_medicine_64dd03edff,0,1,0.910202
46,model2_smallcnn_gap,leaky,kaggle_fake_real_medicine_651e0f0a85,0,0,0.664309
46,model2_smallcnn_gap,leaky,kaggle_fake_real_medicine_680234b7cf,0,1,0.804135
46,model2_smallcnn_gap,leaky,kaggle_fake_real_medicine_6bda05ca54,1,0,0.04848
46,model2_smallcnn_gap,leaky,kaggle_fake_real_medicine_702b301e99,0,1,0.939599
46,model2_smallcnn_gap,leaky,kaggle_fake_real_medicine_73a6ece8e9,1,1,0.879966
46,model2_smallcnn_gap,leaky,kaggle_fake_real_medicine_779c1196eb,0,0,0.24257
46,model2_smallcnn_gap,leaky,kaggle_fake_real_medicine_7b8afa42b4,1,1,0.96072
46,model2_smallcnn_gap,leaky,kaggle_fake_real_medicine_845ee248b9,1,1,0.982969
46,model2_smallcnn_gap,leaky,kaggle_fake_real_medicine_88e760ec67,1,0,0.03157
46,model2_smallcnn_gap,leaky,kaggle_fake_real_medicine_97b7ba7093,0,0,0.049967
46,model2_smallcnn_gap,leaky,kaggle_fake_real_medicine_9a1295c310,0,1,0.835424
46,model2_smallcnn_gap,leaky,kaggle_fake_real_medicine_9abd16be2c,0,1,0.813326
46,model2_smallcnn_gap,leaky,kaggle_fake_real_medicine_9c1aa55ecd,0,0,0.638587
46,model2_smallcnn_gap,leaky,kaggle_fake_real_medicine_a52f4729ef,0,1,0.723937
46,model2_smallcnn_gap,leaky,kaggle_fake_real_medicine_a5c91851cb,0,1,0.999986
46,model2_smallcnn_gap,leaky,kaggle_fake_real_medicine_a8e282a356,0,1,0.91112
46,model2_smallcnn_gap,leaky,kaggle_fake_real_medicine_ae2efd1c6c,0,1,0.951377
46,model2_smallcnn_gap,leaky,kaggle_fake_real_medicine_aee89a8f04,1,0,0.052209
46,model2_smallcnn_gap,leaky,kaggle_fake_real_medicine_b309605a66,0,1,0.818233
46,model2_smallcnn_gap,leaky,kaggle_fake_real_medicine_b70df6e629,0,1,0.805648
46,model2_smallcnn_gap,leaky,kaggle_fake_real_medicine_bdd667d804,0,1,0.99428
46,model2_smallcnn_gap,leaky,kaggle_fake_real_medicine_c7404298d4,0,0,0.195643
46,model2_smallcnn_gap,leaky,kaggle_fake_real_medicine_c81ed5b421,0,1,0.897448
46,model2_smallcnn_gap,leaky,kaggle_fake_real_medicine_c934d254bd,0,1,0.944714
46,model2_smallcnn_gap,leaky,kaggle_fake_real_medicine_c9ccae27b6,0,0,0.67735
46,model2_smallcnn_gap,leaky,kaggle_fake_real_medicine_cbe26aa03b,0,1,0.885132
46,model2_smallcnn_gap,leaky,kaggle_fake_real_medicine_cd59615cfe,1,0,0.05032
46,model2_smallcnn_gap,leaky,kaggle_fake_real_medicine_cd5e5e7124,0,0,0.08674
46,model2_smallcnn_gap,leaky,kaggle_fake_real_medicine_d34b172d99,0,1,0.875575
46,model2_smallcnn_gap,leaky,kaggle_fake_real_medicine_d3c6fa2ded,0,0,0.655585
46,model2_smallcnn_gap,leaky,kaggle_fake_real_medicine_d6620e5f3d,0,0,0.318161
46,model2_smallcnn_gap,leaky,kaggle_fake_real_medicine_e0787b76d6,1,1,0.879773
46,model2_smallcnn_gap,leaky,kaggle_fake_real_medicine_e33cdd1fc3,0,0,0.472041
46,model2_smallcnn_gap,leaky,kaggle_fake_real_medicine_e390352f04,0,0,0.130776
46,model2_smallcnn_gap,leaky,kaggle_fake_real_medicine_e54f1413e6,0,1,0.928009
46,model2_smallcnn_gap,leaky,kaggle_fake_real_medicine_edbb207b2e,0,1,0.555969
46,model2_smallcnn_gap,leaky,kaggle_fake_real_medicine_eded2385a3,0,0,0.430142
46,model2_smallcnn_gap,leaky,kaggle_fake_real_medicine_ef4bd64707,1,0,0.112341
46,model2_smallcnn_gap,leaky,kaggle_fake_real_medicine_ef75337a14,0,0,0.036967
46,model2_smallcnn_gap,leaky,kaggle_fake_real_medicine_f61949b1d3,0,1,0.757246
46,model2_smallcnn_gap,leaky,kaggle_fake_real_medicine_f8bd42c191,0,1,0.807964
46,model4_efficientnetb0_frozen,clean,kaggle_fake_real_medicine_012dbfbc36,1,1,0.991443
46,model4_efficientnetb0_frozen,clean,kaggle_fake_real_medicine_04c5e557b8,0,1,0.954626
46,model4_efficientnetb0_frozen,clean,kaggle_fake_real_medicine_077563b376,0,0,0.696611
46,model4_efficientnetb0_frozen,clean,kaggle_fake_real_medicine_097d8595eb,1,0,3.7e-05
46,model4_efficientnetb0_frozen,clean,kaggle_fake_real_medicine_0a680b1608,1,1,0.992729
46,model4_efficientnetb0_frozen,clean,kaggle_fake_real_medicine_0bd80c0685,0,1,0.9988
46,model4_efficientnetb0_frozen,clean,kaggle_fake_real_medicine_0d6c0cec82,1,0,0.000324
46,model4_efficientnetb0_frozen,clean,kaggle_fake_real_medicine_0ef14de6d2,0,0,0.000113
46,model4_efficientnetb0_frozen,clean,kaggle_fake_real_medicine_10225ffb67,1,0,5.6e-05
46,model4_efficientnetb0_frozen,clean,kaggle_fake_real_medicine_12c43a7eaa,0,1,0.998701
46,model4_efficientnetb0_frozen,clean,kaggle_fake_real_medicine_145d2c296f,1,0,0.032946
46,model4_efficientnetb0_frozen,clean,kaggle_fake_real_medicine_14a03230bc,1,0,7.5e-05
46,model4_efficientnetb0_frozen,clean,kaggle_fake_real_medicine_1761000c09,1,0,0.002833
46,model4_efficientnetb0_frozen,clean,kaggle_fake_real_medicine_188e0dcabe,1,0,0.006158
46,model4_efficientnetb0_frozen,clean,kaggle_fake_real_medicine_1fb3ce9b13,1,0,0.000659
46,model4_efficientnetb0_frozen,clean,kaggle_fake_real_medicine_206e0e85c6,0,0,0.12417
46,model4_efficientnetb0_frozen,clean,kaggle_fake_real_medicine_20c4a33635,0,1,0.976441
46,model4_efficientnetb0_frozen,clean,kaggle_fake_real_medicine_21720344fd,1,0,6.2e-05
46,model4_efficientnetb0_frozen,clean,kaggle_fake_real_medicine_28623dc5d3,0,0,0.029495
46,model4_efficientnetb0_frozen,clean,kaggle_fake_real_medicine_2bf66badab,1,1,0.966425
46,model4_efficientnetb0_frozen,clean,kaggle_fake_real_medicine_2fb956eb5f,0,1,0.998306
46,model4_efficientnetb0_frozen,clean,kaggle_fake_real_medicine_44fd0f757a,0,0,0.061393
46,model4_efficientnetb0_frozen,clean,kaggle_fake_real_medicine_4581f49ec4,0,1,0.998375
46,model4_efficientnetb0_frozen,clean,kaggle_fake_real_medicine_47ef3972b2,1,0,6.1e-05
46,model4_efficientnetb0_frozen,clean,kaggle_fake_real_medicine_4fcc86b614,1,0,0.048693
46,model4_efficientnetb0_frozen,clean,kaggle_fake_real_medicine_52a8894c41,0,0,8.3e-05
46,model4_efficientnetb0_frozen,clean,kaggle_fake_real_medicine_578b78be70,1,0,0.021898
46,model4_efficientnetb0_frozen,clean,kaggle_fake_real_medicine_5d72b67a63,0,1,0.90749
46,model4_efficientnetb0_frozen,clean,kaggle_fake_real_medicine_6134763660,1,0,0.000534
46,model4_efficientnetb0_frozen,clean,kaggle_fake_real_medicine_627585c336,1,0,0.002305
46,model4_efficientnetb0_frozen,clean,kaggle_fake_real_medicine_62fb730310,1,1,0.989389
46,model4_efficientnetb0_frozen,clean,kaggle_fake_real_medicine_634456e7d6,1,0,0.003608
46,model4_efficientnetb0_frozen,clean,kaggle_fake_real_medicine_64dd03edff,0,1,0.996316
46,model4_efficientnetb0_frozen,clean,kaggle_fake_real_medicine_651e0f0a85,0,0,0.013874
46,model4_efficientnetb0_frozen,clean,kaggle_fake_real_medicine_680234b7cf,0,1,0.999387
46,model4_efficientnetb0_frozen,clean,kaggle_fake_real_medicine_6bda05ca54,1,0,0.001968
46,model4_efficientnetb0_frozen,clean,kaggle_fake_real_medicine_702b301e99,0,1,0.999945
46,model4_efficientnetb0_frozen,clean,kaggle_fake_real_medicine_73a6ece8e9,1,1,0.950765
46,model4_efficientnetb0_frozen,clean,kaggle_fake_real_medicine_779c1196eb,0,0,0.000875
46,model4_efficientnetb0_frozen,clean,kaggle_fake_real_medicine_7b8afa42b4,1,1,0.998764
46,model4_efficientnetb0_frozen,clean,kaggle_fake_real_medicine_845ee248b9,1,1,0.999717
46,model4_efficientnetb0_frozen,clean,kaggle_fake_real_medicine_88e760ec67,1,0,0.000286
46,model4_efficientnetb0_frozen,clean,kaggle_fake_real_medicine_97b7ba7093,0,0,0.020028
46,model4_efficientnetb0_frozen,clean,kaggle_fake_real_medicine_9a1295c310,0,1,0.977743
46,model4_efficientnetb0_frozen,clean,kaggle_fake_real_medicine_9abd16be2c,0,1,0.828978
46,model4_efficientnetb0_frozen,clean,kaggle_fake_real_medicine_9c1aa55ecd,0,0,0.001416
46,model4_efficientnetb0_frozen,clean,kaggle_fake_real_medicine_a52f4729ef,0,1,0.999331
46,model4_efficientnetb0_frozen,clean,kaggle_fake_real_medicine_a5c91851cb,0,1,0.99775
46,model4_efficientnetb0_frozen,clean,kaggle_fake_real_medicine_a8e282a356,0,1,0.999938
46,model4_efficientnetb0_frozen,clean,kaggle_fake_real_medicine_ae2efd1c6c,0,1,0.983018
46,model4_efficientnetb0_frozen,clean,kaggle_fake_real_medicine_aee89a8f04,1,0,2.1e-05
46,model4_efficientnetb0_frozen,clean,kaggle_fake_real_medicine_b309605a66,0,1,0.997624
46,model4_efficientnetb0_frozen,clean,kaggle_fake_real_medicine_b70df6e629,0,1,0.997229
46,model4_efficientnetb0_frozen,clean,kaggle_fake_real_medicine_bdd667d804,0,1,0.94615
46,model4_efficientnetb0_frozen,clean,kaggle_fake_real_medicine_c7404298d4,0,0,7.1e-05
46,model4_efficientnetb0_frozen,clean,kaggle_fake_real_medicine_c81ed5b421,0,1,0.999887
46,model4_efficientnetb0_frozen,clean,kaggle_fake_real_medicine_c934d254bd,0,1,0.999985
46,model4_efficientnetb0_frozen,clean,kaggle_fake_real_medicine_c9ccae27b6,0,0,0.174479
46,model4_efficientnetb0_frozen,clean,kaggle_fake_real_medicine_cbe26aa03b,0,1,0.985401
46,model4_efficientnetb0_frozen,clean,kaggle_fake_real_medicine_cd59615cfe,1,0,0.003446
46,model4_efficientnetb0_frozen,clean,kaggle_fake_real_medicine_cd5e5e7124,0,0,0.033568
46,model4_efficientnetb0_frozen,clean,kaggle_fake_real_medicine_d34b172d99,0,1,0.998082
46,model4_efficientnetb0_frozen,clean,kaggle_fake_real_medicine_d3c6fa2ded,0,0,2.3e-05
46,model4_efficientnetb0_frozen,clean,kaggle_fake_real_medicine_d6620e5f3d,0,0,0.001974
46,model4_efficientnetb0_frozen,clean,kaggle_fake_real_medicine_e0787b76d6,1,1,0.998992
46,model4_efficientnetb0_frozen,clean,kaggle_fake_real_medicine_e33cdd1fc3,0,0,0.004766
46,model4_efficientnetb0_frozen,clean,kaggle_fake_real_medicine_e390352f04,0,0,0.006796
46,model4_efficientnetb0_frozen,clean,kaggle_fake_real_medicine_e54f1413e6,0,1,0.984554
46,model4_efficientnetb0_frozen,clean,kaggle_fake_real_medicine_edbb207b2e,0,1,0.954706
46,model4_efficientnetb0_frozen,clean,kaggle_fake_real_medicine_eded2385a3,0,0,1e-05
46,model4_efficientnetb0_frozen,clean,kaggle_fake_real_medicine_ef4bd64707,1,0,0.000254
46,model4_efficientnetb0_frozen,clean,kaggle_fake_real_medicine_ef75337a14,0,0,0.000835
46,model4_efficientnetb0_frozen,clean,kaggle_fake_real_medicine_f61949b1d3,0,1,0.992305
46,model4_efficientnetb0_frozen,clean,kaggle_fake_real_medicine_f8bd42c191,0,1,0.99428
46,model4_efficientnetb0_frozen,leaky,kaggle_fake_real_medicine_012dbfbc36,1,1,0.997262
46,model4_efficientnetb0_frozen,leaky,kaggle_fake_real_medicine_04c5e557b8,0,1,0.961371
46,model4_efficientnetb0_frozen,leaky,kaggle_fake_real_medicine_077563b376,0,0,0.736706
46,model4_efficientnetb0_frozen,leaky,kaggle_fake_real_medicine_097d8595eb,1,0,1.1e-05
46,model4_efficientnetb0_frozen,leaky,kaggle_fake_real_medicine_0a680b1608,1,1,0.997346
46,model4_efficientnetb0_frozen,leaky,kaggle_fake_real_medicine_0bd80c0685,0,1,0.999551
46,model4_efficientnetb0_frozen,leaky,kaggle_fake_real_medicine_0d6c0cec82,1,0,7.6e-05
46,model4_efficientnetb0_frozen,leaky,kaggle_fake_real_medicine_0ef14de6d2,0,0,2.5e-05
46,model4_efficientnetb0_frozen,leaky,kaggle_fake_real_medicine_10225ffb67,1,0,1.6e-05
46,model4_efficientnetb0_frozen,leaky,kaggle_fake_real_medicine_12c43a7eaa,0,1,0.999555
46,model4_efficientnetb0_frozen,leaky,kaggle_fake_real_medicine_145d2c296f,1,0,0.018091
46,model4_efficientnetb0_frozen,leaky,kaggle_fake_real_medicine_14a03230bc,1,0,1.8e-05
46,model4_efficientnetb0_frozen,leaky,kaggle_fake_real_medicine_1761000c09,1,0,0.000848
46,model4_efficientnetb0_frozen,leaky,kaggle_fake_real_medicine_188e0dcabe,1,0,0.002499
46,model4_efficientnetb0_frozen,leaky,kaggle_fake_real_medicine_1fb3ce9b13,1,0,0.000115
46,model4_efficientnetb0_frozen,leaky,kaggle_fake_real_medicine_206e0e85c6,0,0,0.09635
46,model4_efficientnetb0_frozen,leaky,kaggle_fake_real_medicine_20c4a33635,0,1,0.985454
46,model4_efficientnetb0_frozen,leaky,kaggle_fake_real_medicine_21720344fd,1,0,6e-06
46,model4_efficientnetb0_frozen,leaky,kaggle_fake_real_medicine_28623dc5d3,0,0,0.015722
46,model4_efficientnetb0_frozen,leaky,kaggle_fake_real_medicine_2bf66badab,1,1,0.984257
46,model4_efficientnetb0_frozen,leaky,kaggle_fake_real_medicine_2fb956eb5f,0,1,0.998698
46,model4_efficientnetb0_frozen,leaky,kaggle_fake_real_medicine_44fd0f757a,0,0,0.017872
46,model4_efficientnetb0_frozen,leaky,kaggle_fake_real_medicine_4581f49ec4,0,1,0.998354
46,model4_efficientnetb0_frozen,leaky,kaggle_fake_real_medicine_47ef3972b2,1,0,7e-06
46,model4_efficientnetb0_frozen,leaky,kaggle_fake_real_medicine_4fcc86b614,1,0,0.011421
46,model4_efficientnetb0_frozen,leaky,kaggle_fake_real_medicine_52a8894c41,0,0,1.8e-05
46,model4_efficientnetb0_frozen,leaky,kaggle_fake_real_medicine_578b78be70,1,0,0.003797
46,model4_efficientnetb0_frozen,leaky,kaggle_fake_real_medicine_5d72b67a63,0,1,0.93343
46,model4_efficientnetb0_frozen,leaky,kaggle_fake_real_medicine_6134763660,1,0,0.000258
46,model4_efficientnetb0_frozen,leaky,kaggle_fake_real_medicine_627585c336,1,0,0.000767
46,model4_efficientnetb0_frozen,leaky,kaggle_fake_real_medicine_62fb730310,1,1,0.989387
46,model4_efficientnetb0_frozen,leaky,kaggle_fake_real_medicine_634456e7d6,1,0,0.00082
46,model4_efficientnetb0_frozen,leaky,kaggle_fake_real_medicine_64dd03edff,0,1,0.99718
46,model4_efficientnetb0_frozen,leaky,kaggle_fake_real_medicine_651e0f0a85,0,0,0.013292
46,model4_efficientnetb0_frozen,leaky,kaggle_fake_real_medicine_680234b7cf,0,1,0.999709
46,model4_efficientnetb0_frozen,leaky,kaggle_fake_real_medicine_6bda05ca54,1,0,0.000759
46,model4_efficientnetb0_frozen,leaky,kaggle_fake_real_medicine_702b301e99,0,1,0.999971
46,model4_efficientnetb0_frozen,leaky,kaggle_fake_real_medicine_73a6ece8e9,1,1,0.992695
46,model4_efficientnetb0_frozen,leaky,kaggle_fake_real_medicine_779c1196eb,0,0,9.4e-05
46,model4_efficientnetb0_frozen,leaky,kaggle_fake_real_medicine_7b8afa42b4,1,1,0.99907
46,model4_efficientnetb0_frozen,leaky,kaggle_fake_real_medicine_845ee248b9,1,1,0.999909
46,model4_efficientnetb0_frozen,leaky,kaggle_fake_real_medicine_88e760ec67,1,0,5.2e-05
46,model4_efficientnetb0_frozen,leaky,kaggle_fake_real_medicine_97b7ba7093,0,0,0.013411
46,model4_efficientnetb0_frozen,leaky,kaggle_fake_real_medicine_9a1295c310,0,1,0.985046
46,model4_efficientnetb0_frozen,leaky,kaggle_fake_real_medicine_9abd16be2c,0,1,0.808072
46,model4_efficientnetb0_frozen,leaky,kaggle_fake_real_medicine_9c1aa55ecd,0,0,0.000609
46,model4_efficientnetb0_frozen,leaky,kaggle_fake_real_medicine_a52f4729ef,0,1,0.999501
46,model4_efficientnetb0_frozen,leaky,kaggle_fake_real_medicine_a5c91851cb,0,1,0.998857
46,model4_efficientnetb0_frozen,leaky,kaggle_fake_real_medicine_a8e282a356,0,1,0.999971
46,model4_efficientnetb0_frozen,leaky,kaggle_fake_real_medicine_ae2efd1c6c,0,1,0.981959
46,model4_efficientnetb0_frozen,leaky,kaggle_fake_real_medicine_aee89a8f04,1,0,5e-06
46,model4_efficientnetb0_frozen,leaky,kaggle_fake_real_medicine_b309605a66,0,1,0.999098
46,model4_efficientnetb0_frozen,leaky,kaggle_fake_real_medicine_b70df6e629,0,1,0.99913
46,model4_efficientnetb0_frozen,leaky,kaggle_fake_real_medicine_bdd667d804,0,1,0.961741
46,model4_efficientnetb0_frozen,leaky,kaggle_fake_real_medicine_c7404298d4,0,0,1.3e-05
46,model4_efficientnetb0_frozen,leaky,kaggle_fake_real_medicine_c81ed5b421,0,1,0.999948
46,model4_efficientnetb0_frozen,leaky,kaggle_fake_real_medicine_c934d254bd,0,1,0.999991
46,model4_efficientnetb0_frozen,leaky,kaggle_fake_real_medicine_c9ccae27b6,0,0,0.073306
46,model4_efficientnetb0_frozen,leaky,kaggle_fake_real_medicine_cbe26aa03b,0,1,0.995492
46,model4_efficientnetb0_frozen,leaky,kaggle_fake_real_medicine_cd59615cfe,1,0,0.001431
46,model4_efficientnetb0_frozen,leaky,kaggle_fake_real_medicine_cd5e5e7124,0,0,0.023137
46,model4_efficientnetb0_frozen,leaky,kaggle_fake_real_medicine_d34b172d99,0,1,0.997819
46,model4_efficientnetb0_frozen,leaky,kaggle_fake_real_medicine_d3c6fa2ded,0,0,7e-06
46,model4_efficientnetb0_frozen,leaky,kaggle_fake_real_medicine_d6620e5f3d,0,0,0.001063
46,model4_efficientnetb0_frozen,leaky,kaggle_fake_real_medicine_e0787b76d6,1,1,0.999425
46,model4_efficientnetb0_frozen,leaky,kaggle_fake_real_medicine_e33cdd1fc3,0,0,0.002408
46,model4_efficientnetb0_frozen,leaky,kaggle_fake_real_medicine_e390352f04,0,0,0.003135
46,model4_efficientnetb0_frozen,leaky,kaggle_fake_real_medicine_e54f1413e6,0,1,0.995784
46,model4_efficientnetb0_frozen,leaky,kaggle_fake_real_medicine_edbb207b2e,0,1,0.965615
46,model4_efficientnetb0_frozen,leaky,kaggle_fake_real_medicine_eded2385a3,0,0,1e-06
46,model4_efficientnetb0_frozen,leaky,kaggle_fake_real_medicine_ef4bd64707,1,0,5.3e-05
46,model4_efficientnetb0_frozen,leaky,kaggle_fake_real_medicine_ef75337a14,0,0,0.000403
46,model4_efficientnetb0_frozen,leaky,kaggle_fake_real_medicine_f61949b1d3,0,1,0.996842
46,model4_efficientnetb0_frozen,leaky,kaggle_fake_real_medicine_f8bd42c191,0,1,0.996993
